programme_key,source_observation_id,ReefID,ReefName,event_year,region_block,joint_reef_fold,ann_maxdhw,prop_acropora_pre,observed_pre_cover,log_coastal_rain30,era5_wind_mean,era5_wind_calm_fraction,era5_coastal_distance_km,wqc_freqcc12,wqc_prior10_percentile,wqc_prior10_delta,cyc_maxHrs4mw,log1p_cyc_maxHrs4mw,cot_meanpertow,cot_idwmeanpertow,log1p_cot_idwmeanpertow,DISTURBANCE_TYPE,storm_name,description,tooltip,disturbance_text,observed_mortality,predicted_occurrence,predicted_positive_loss,predicted_mortality,learner,scheme,fold,residual,absolute_error
manta,1273202,13-118a,Creech Reef (North) (13-118a),2016,Northern GBR,2,9.82,0.0382842345426909,0.5454980628513275,5.760768972511061,4.80440092086792,0.12087912087912088,54.0042200125233,0.0454545468091965,0.25,-0.0044639337293301,0,0,NA,0,0,b,NA,Bleaching,coral bleaching,Bleaching  coral bleaching,0.38243677390482966,0.6844202855485342,0.24612527200264364,0.16845312894476,joint_compound_rrn_relative_brt,leave_one_event_out,2016,0.21398364496006966,0.21398364496006966
manta,1273145,13-121,U/N Reef (13-121),2016,Northern GBR,3,9.98,0.03831330634452044,0.22067662178568376,6.0375282804736266,4.953568458557129,0.13186813186813187,61.79502527764437,0,0,-0.1177166627589395,0,0,0,0,0,b,NA,Bleaching,coral bleaching,Bleaching  coral bleaching,0.39358480326995926,0.583868696960763,0.23806223428828183,0.138997086529467,joint_compound_rrn_relative_brt,leave_one_event_out,2016,0.2545877167404923,0.2545877167404923
manta,4285232,13-124,U/N Reef (13-124),2016,Northern GBR,4,7.04,0.03844998766280359,0.24797977140418176,5.760768972511061,4.80440092086792,0.12087912087912088,54.0042200125233,0.0478838722018932,0,-0.1206447912436713,0,0,NA,0.0311,0.03062619354176083,m,NA,COTS/bleaching,"coral bleaching, crown-of-thorns starfish","COTS/bleaching  coral bleaching, crown-of-thorns starfish",0.12249764773467146,0.7179708800711044,0.17754317300509728,0.12747082817308605,joint_compound_rrn_relative_brt,leave_one_event_out,2016,-0.00497318043841459,0.00497318043841459
manta,4285439,13-127,Rodda Reef (13-127),2016,Northern GBR,4,8.24,0.03839129477735246,0.35991753534805637,6.0375282804736266,4.918301582336426,0.16483516483516483,38.723631859261,0.0531173822866078,0.1,-0.16094394868903422,0,0,0,0,0,b,NA,Bleaching,coral bleaching,Bleaching  coral bleaching,0.26680976007009627,0.5529020032179844,0.1927433870207865,0.10656820479081212,joint_compound_rrn_relative_brt,leave_one_event_out,2016,0.16024155527928413,0.16024155527928413
ltmp,4171462,14-114,MacGillivray Reef (14-114),2016,Northern GBR,4,8.61,0.012206575097515862,0.1183821535444432,6.20293776135495,5.603195667266846,0.14285714285714285,38.660259476645,0,0.25,-0.02272727340459825,0,0,0,0.027,0.02664193094642118,m,NA,bleaching in sector. COTS and cyclone,NA,bleaching in sector. COTS and cyclone ,0,0.7714853498493363,0.18849000614556108,0.14541727833431173,joint_compound_rrn_relative_brt,leave_one_event_out,2016,-0.14541727833431173,0.14541727833431173
manta,4206382,14-114,MacGillivray Reef (14-114),2016,Northern GBR,4,8.61,0.012206575097515862,0.08482093786202573,6.20293776135495,5.603195667266846,0.14285714285714285,38.660259476645,0,0.25,-0.02272727340459825,0,0,0,0.027,0.02664193094642118,m,NA,bleaching in sector. COTS and cyclone,"coral bleaching, crown-of-thorns starfish, Cyclone Nathan","bleaching in sector. COTS and cyclone  coral bleaching, crown-of-thorns starfish, Cyclone Nathan",0.14105772044354065,0.7635087963885635,0.1809215946885295,0.13813522900133868,joint_compound_rrn_relative_brt,leave_one_event_out,2016,0.0029224914422019688,0.0029224914422019688
ltmp,4172980,14-123,Martin Reef (14-123),2016,Northern GBR,1,7.87,0.012430464816644506,0.09327377675792871,6.20293776135495,5.099643707275391,0.15384615384615383,27.798770058382857,0.134816429542636,0.3,-0.009969721539405,0,0,0.0689999982714653,0.1005,0.09576462198437932,m,Nathan,Nathan and bleaching 2016 COTS removal-317,"Cyclone Nathan, coral bleaching","Nathan and bleaching 2016 COTS removal-317 Nathan Cyclone Nathan, coral bleaching",0.48564340982446613,0.4681439920479423,0.21269328052499661,0.09957108142674478,joint_compound_rrn_relative_brt,leave_one_event_out,2016,0.3860723283977213,0.3860723283977213
ltmp,4175205,14-126,Linnet Reef (14-126),2016,Northern GBR,5,7.76,0,0.04596775366864915,6.20293776135495,5.099643707275391,0.15384615384615383,27.798770058382857,0.13553215481521,0.3,-0.00954728544354649,0,0,NA,0.1005,0.09576462198437932,m,Nathan,"0+ bleaching in sector.  Cyclone Ita April 2014, Cyclone Nathan March 2015, COTS removal in 2014 - 261","Cyclone Nathan, coral bleaching","0+ bleaching in sector.  Cyclone Ita April 2014, Cyclone Nathan March 2015, COTS removal in 2014 - 261 Nathan Cyclone Nathan, coral bleaching",0.25182298239511186,0.4465677274498117,0.19851541824094837,0.08865057918760921,joint_compound_rrn_relative_brt,leave_one_event_out,2016,0.16317240320750265,0.16317240320750265
ltmp,4173748,14-137,Carter Reef (14-137),2016,Northern GBR,3,11.32,0.25728508433988473,0.2529042297452632,6.20293776135495,5.419349670410156,0.13186813186813187,61.75564549314031,0,0.2,-0.04761904850602175,0,0,0,0,0,m,NA,"0+ survey severe bleaching in sector 2016 summer, also severe storm damage.  Cyclone Nathan March 2015, 2015/16 summer bleaching","coral bleaching, Cyclone Nathan","0+ survey severe bleaching in sector 2016 summer, also severe storm damage.  Cyclone Nathan March 2015, 2015/16 summer bleaching  coral bleaching, Cyclone Nathan",0.6596385918260654,0.7950706059223265,0.4047129902052037,0.32177540234708785,joint_compound_rrn_relative_brt,leave_one_event_out,2016,0.3378631894789776,0.3378631894789776
ltmp,4175974,14-138,Yonge Reef (14-138),2016,Northern GBR,1,11.49,0.23432375159355373,0.1814227608355879,6.20293776135495,5.419349670410156,0.13186813186813187,61.75564549314031,0,0.25,-0.02380952425301075,0,0,0,0,0,m,NA,"bleaching mortality, storm dmage.  intact dead colonies observed,Cyclone Nathan March 2015, 2015/16 summer bleaching","coral bleaching, Cyclone Nathan","bleaching mortality, storm dmage.  intact dead colonies observed,Cyclone Nathan March 2015, 2015/16 summer bleaching  coral bleaching, Cyclone Nathan",0.5962824992034219,0.86020068862026,0.4385674345020845,0.37725600916511387,joint_compound_rrn_relative_brt,leave_one_event_out,2016,0.21902649003830804,0.21902649003830804
ltmp,4176756,15-099c,Agincourt Reefs (No 1) (15-099c),2016,Central GBR,1,6.890000000000001,0.30463843268583835,0.2600309172827717,6.1099236703209865,4.878602981567383,0.24175824175824176,53.443772818368494,0,0.35,0,0,0,0,0,0,b,NA,"bleaching mortality-decline in HC and SC.  2015/16 bleaching event, COTS removal dives- 0 COTS",coral bleaching,"bleaching mortality-decline in HC and SC.  2015/16 bleaching event, COTS removal dives- 0 COTS  coral bleaching",0.5324526227764816,0.6492735255128902,0.3229942302380853,0.20971160258700383,joint_compound_rrn_relative_brt,leave_one_event_out,2016,0.3227410201894778,0.3227410201894778
manta,4206433,15-099c,Agincourt Reefs (No 1) (15-099c),2016,Central GBR,1,6.890000000000001,0.30463843268583835,0.1830756463147309,6.1099236703209865,4.878602981567383,0.24175824175824176,53.443772818368494,0,0.35,0,0,0,0,0,0,b,NA,bleaching mortality-decline in HC and SC,coral bleaching,bleaching mortality-decline in HC and SC  coral bleaching,0.2721051385461741,0.6862658731808821,0.3093335209908098,0.2122850388868748,joint_compound_rrn_relative_brt,leave_one_event_out,2016,0.05982009965929927,0.05982009965929927
ltmp,4174491,16-015,Mackay Reef (16-015),2016,Central GBR,4,2.75,0.007594889016837175,0.14672829678633104,6.1099236703209865,4.878602981567383,0.24175824175824176,53.443772818368494,0.0476190485060215,0.5,0,0,0,0,0.1387,0.12988726083442226,NA,NA,NA,NA, ,0,0.0805881784478651,0.015932522063205713,0.0012839729311541698,joint_compound_rrn_relative_brt,leave_one_event_out,2016,-0.0012839729311541698,0.0012839729311541698
manta,4206198,16-015,Mackay Reef (16-015),2016,Central GBR,4,2.75,0.007594889016837175,0.16947795941432048,6.1099236703209865,4.878602981567383,0.24175824175824176,53.443772818368494,0.0476190485060215,0.5,0,0,0,0,0.1387,0.12988726083442226,NA,NA,NA,NA, ,0,0.09413055303820442,0.04309229954922681,0.0040563019882566866,joint_compound_rrn_relative_brt,leave_one_event_out,2016,-0.0040563019882566866,0.0040563019882566866
ltmp,4177626,16-019,St Crispin Reef (16-019),2016,Central GBR,4,5.82,0.26925833368007346,0.2076522350927435,6.1099236703209865,4.878602981567383,0.24175824175824176,53.443772818368494,0,0.1,-0.04879494663342685,0,0,0,0.0129,0.01281750371061443,b,NA,"bleaching mortality- HC and particularly SC.  2015/16 summer bleaching, COTS removal-69",coral bleaching,"bleaching mortality- HC and particularly SC.  2015/16 summer bleaching, COTS removal-69  coral bleaching",0.3254497884276005,0.6873907581316322,0.14792570188182094,0.10168276036369871,joint_compound_rrn_relative_brt,leave_one_event_out,2016,0.22376702806390175,0.22376702806390175
manta,4206495,16-019,St Crispin Reef (16-019),2016,Central GBR,4,5.82,0.26925833368007346,0.19884073261590862,6.1099236703209865,4.878602981567383,0.24175824175824176,53.443772818368494,0,0.1,-0.04879494663342685,0,0,0,0.0129,0.01281750371061443,b,NA,bleaching mortality- HC and particularly SC,coral bleaching,bleaching mortality- HC and particularly SC  coral bleaching,0.47023809222379687,0.678552069591777,0.144711213599921,0.09819409348136411,joint_compound_rrn_relative_brt,leave_one_event_out,2016,0.37204399874243277,0.37204399874243277
ltmp,3752921,16-025,Opal Reef (16-025),2016,Central GBR,5,5.82,0.24670223660435814,0.20039619151906032,6.0603948110951675,5.264625549316406,0.16483516483516483,77.0247173690324,0,0.25,-0.02272727340459825,0,0,0,0,0,b,NA,"bleaching mortality- HC and particularly SC, COTS removal-2188.  2015/16 summer bleaching, COTS removal-2188",coral bleaching,"bleaching mortality- HC and particularly SC, COTS removal-2188.  2015/16 summer bleaching, COTS removal-2188  coral bleaching",0.5820464815884053,0.5693370136353888,0.23889297404710505,0.13601061242245524,joint_compound_rrn_relative_brt,leave_one_event_out,2016,0.44603586916595006,0.44603586916595006
manta,4068506,16-025,Opal Reef (16-025),2016,Central GBR,5,5.82,0.24670223660435814,0.20866431477244923,6.0603948110951675,5.264625549316406,0.16483516483516483,77.0247173690324,0,0.25,-0.02272727340459825,0,0,0,0,0,b,NA,"bleaching mortality- HC and particularly SC, COTS removal-2188",coral bleaching,"bleaching mortality- HC and particularly SC, COTS removal-2188  coral bleaching",0.23403189881694922,0.5878157937854571,0.23946567491138496,0.14076170578240596,joint_compound_rrn_relative_brt,leave_one_event_out,2016,0.09327019303454326,0.09327019303454326
ltmp,4170717,16-028,Low Islands Reef (16-028),2016,Central GBR,5,2.62,0,0.21446970125045456,6.289371580344124,2.3784172534942627,0.7472527472527473,26.65400763146825,0.26725938898273,0.8,0.0282247167032095,0,0,0,0.0032,0.00319489089651919,NA,NA,NA,NA, ,0,0.23115259582110229,0.09720891171965221,0.02247009228094198,joint_compound_rrn_relative_brt,leave_one_event_out,2016,-0.02247009228094198,0.02247009228094198
ltmp,3765535,16-049,Green Island Reef (16-049),2016,Central GBR,2,3.67,0.01851190292821619,0.055087663392395805,6.02899934386659,5.155791759490967,0.16483516483516483,38.476277836573935,0.0909856307411782,0,-0.0818736985424028,0,0,0.0384615398943424,0.1257,0.11840506437862126,NA,NA,NA,NA, ,0,0.09973410310480427,0.015443070600697908,0.0015402007955447768,joint_compound_rrn_relative_brt,leave_one_event_out,2016,-0.0015402007955447768,0.0015402007955447768
manta,4068398,16-049,Green Island Reef (16-049),2016,Central GBR,2,3.67,0.01851190292821619,0.08064207633580285,6.02899934386659,5.155791759490967,0.16483516483516483,38.476277836573935,0.0909856307411782,0,-0.0818736985424028,0,0,0.0384615398943424,0.1257,0.11840506437862126,NA,NA,NA,NA, ,0,0.09971681872975692,0.04111138927486521,0.004099496952050207,joint_compound_rrn_relative_brt,leave_one_event_out,2016,-0.004099496952050207,0.004099496952050207
ltmp,4230132,16-054a,Fitzroy Island Reef (No 1) (16-054a),2016,Central GBR,2,3.15,0.002966377970621445,0.16078631959119336,6.02899934386659,3.996285915374756,0.31868131868131866,26.584094214082956,0.318181812763196,0.1,-0.10353536903857996,0,0,NA,0.2136,0.19359114905218544,b,NA,NA,coral bleaching,  coral bleaching,0,0.16239234862260385,0.008963647890345407,0.0014556278331392387,joint_compound_rrn_relative_brt,leave_one_event_out,2016,-0.0014556278331392387,0.0014556278331392387
ltmp,4179549,16-057,Hastings Reef (16-057),2016,Central GBR,2,5.29,0.26029668302176,0.32196728137842545,6.0603948110951675,5.30230188369751,0.16483516483516483,60.09013295337378,0,0.2,-0.04640744594075145,0,0,0,0.0903,0.08645288773019902,b,NA,"bleaching mortality- HC.  2015/16 summer bleaching, COTS removal-646",coral bleaching,"bleaching mortality- HC.  2015/16 summer bleaching, COTS removal-646  coral bleaching",0.19841124810294208,0.5815482015116404,0.13349052414954868,0.07763117423801624,joint_compound_rrn_relative_brt,leave_one_event_out,2016,0.12078007386492584,0.12078007386492584
manta,4206254,16-057,Hastings Reef (16-057),2016,Central GBR,2,5.29,0.26029668302176,0.21721298885573315,6.0603948110951675,5.30230188369751,0.16483516483516483,60.09013295337378,0,0.2,-0.04640744594075145,0,0,0,0.0903,0.08645288773019902,b,NA,bleaching mortality- HC,coral bleaching,bleaching mortality- HC  coral bleaching,0.18667456706796567,0.5543340298116138,0.14585864665845755,0.08085441138505106,joint_compound_rrn_relative_brt,leave_one_event_out,2016,0.10582015568291461,0.10582015568291461
ltmp,3755348,16-060,Michaelmas Reef (16-060),2016,Central GBR,1,4.62,0.4029285931619887,0.16759601919543551,6.0603948110951675,5.30230188369751,0.16483516483516483,60.09013295337378,0.0454545468091965,0.2,-0.00233318256034499,0,0,0.854750001306335,0.4508,0.3721151284266102,NA,NA,NA,NA, ,0,0.5367615238439214,0.12460444643452327,0.06688287254592298,joint_compound_rrn_relative_brt,leave_one_event_out,2016,-0.06688287254592298,0.06688287254592298
manta,4206526,16-060,Michaelmas Reef (16-060),2016,Central GBR,1,4.62,0.4029285931619887,0.12697280778440492,6.0603948110951675,5.30230188369751,0.16483516483516483,60.09013295337378,0.0454545468091965,0.2,-0.00233318256034499,0,0,0.854750001306335,0.4508,0.3721151284266102,NA,NA,NA,NA, ,0,0.4549184895506341,0.12204697844497554,0.05552142708840707,joint_compound_rrn_relative_brt,leave_one_event_out,2016,-0.05552142708840707,0.05552142708840707
ltmp,3798884,16-064,Arlington Reef (16-064),2016,Central GBR,2,4.3500000000000005,0.31928139334368155,0.24185495998819326,6.02899934386659,5.155791759490967,0.16483516483516483,38.476277836573935,0.0910260983020631,0.2,-0.0111469233041047,0,0,0.0945000015199184,0.1299,0.1221291332330635,m,NA,Aerial bl 2 2016,"coral bleaching, coral disease","Aerial bl 2 2016  coral bleaching, coral disease",0.15434554384697532,0.45970623326824,0.10624633639090895,0.04884210310081509,joint_compound_rrn_relative_brt,leave_one_event_out,2016,0.10550344074616023,0.10550344074616023
manta,4067445,16-064,Arlington Reef (16-064),2016,Central GBR,2,4.3500000000000005,0.31928139334368155,0.15541956021217848,6.02899934386659,5.155791759490967,0.16483516483516483,38.476277836573935,0.0910260983020631,0.2,-0.0111469233041047,0,0,0.0945000015199184,0.1299,0.1221291332330635,m,NA,Aerial bl 2 2016,NA,Aerial bl 2 2016 ,0,0.4360639278473983,0.12118703592876166,0.052845294891279586,joint_compound_rrn_relative_brt,leave_one_event_out,2016,-0.052845294891279586,0.052845294891279586
manta,4068586,17-032,Wardle Reef (17-032),2016,Central GBR,2,4.25,0.37879380044863115,0.17153797099516707,6.312297951880096,5.081471920013428,0.08791208791208792,53.02430121520352,0,0.05,-0.046536797657609,0,0,0.068000003695488,0.2319,0.20855769298579135,b,NA,Bleaching,coral bleaching,Bleaching  coral bleaching,0.32461427064832626,0.695844763535007,0.1670510763435204,0.11624161671652536,joint_compound_rrn_relative_brt,leave_one_event_out,2016,0.2083726539318009,0.2083726539318009
manta,4068675,17-034,Feather Reef (17-034),2016,Central GBR,4,2.3000000000000003,0.285024077948406,0.2126643633997911,6.312297951880096,5.081471920013428,0.08791208791208792,53.02430121520352,0,0.15,-0.04885885016085335,0,0,0,1.2844,0.8261034078085708,NA,NA,NA,NA, ,0,0.4201463968227032,0.12870132989736044,0.054073400022666036,joint_compound_rrn_relative_brt,leave_one_event_out,2016,-0.054073400022666036,0.054073400022666036
ltmp,4239591,18-032,Rib Reef (18-032),2016,Central GBR,3,2.5,0.5609927243975694,0.37563843830178556,5.974353856470223,5.211080551147461,0.07692307692307693,59.56981330964312,0,0.2,-0.046536797657609,0,0,0.14300000667572,0.1361,0.12760134459372177,m,NA,"tons of cots on sites, COTS removal.  AO in 2017, 2- bleaching but little mortality as yet, COTS removal-2563","crown-of-thorns starfish, coral bleaching","tons of cots on sites, COTS removal.  AO in 2017, 2- bleaching but little mortality as yet, COTS removal-2563  crown-of-thorns starfish, coral bleaching",0.22877522516888116,0.25250032325150806,0.05941328351883742,0.015001873293939946,joint_compound_rrn_relative_brt,leave_one_event_out,2016,0.2137733518749412,0.2137733518749412
ltmp,4236916,18-051,Pandora Reef (18-051),2016,Central GBR,3,4.05,0.02493403970316661,0.36825483678239607,5.974353856470223,4.269242763519287,0.17582417582417584,26.32349077361211,0.5667642931807,0.2,-0.099144788516762,0,0,NA,0.0035,0.00349388925425578,b,NA,NA,coral bleaching at 2.0 m only,  coral bleaching at 2.0 m only,0,0.43827829689598463,0.06989780142433187,0.030634689365029902,joint_compound_rrn_relative_brt,leave_one_event_out,2016,-0.030634689365029902,0.030634689365029902
ltmp,4225913,18-065,Havannah Reef (18-065),2016,Central GBR,3,3.33,0.2625659600620433,0.03393456231043068,5.974353856470223,4.269242763519287,0.17582417582417584,26.32349077361211,0.284519937729674,0.1,-0.12686790322518848,0,0,0,0.0029,0.00289580311202556,b,NA,NA,coral bleaching,  coral bleaching,0,0.30625731073861534,0.05562317640777977,0.017035004421386227,joint_compound_rrn_relative_brt,leave_one_event_out,2016,-0.017035004421386227,0.017035004421386227
manta,4067801,20-287,Credlin Reefs (East) (20-287),2016,Southern GBR,2,2.04,0.24773964736805465,0.22940510456842383,5.91385626410439,6.455109596252441,0.06593406593406594,107.88088100039306,0,0.5,0,0,0,0,1e-4,9.999500033330834e-5,NA,NA,NA,NA, ,0,0.09776460714313359,0.11259796740187702,0.01100809604815987,joint_compound_rrn_relative_brt,leave_one_event_out,2016,-0.01100809604815987,0.01100809604815987
ltmp,4238628,21-305,East Cay Reef (21-305),2016,Southern GBR,2,0,0.19337438692150824,0.23294246989646447,5.979312548097701,6.954811096191406,0.05494505494505494,222.5876216694933,0,0.45,0,0,0,0,0.0052,0.00518652668730006,NA,NA,NA,NA, ,0.017880106893164695,0.2692355887925531,0.07139877472627973,0.019223091152496784,joint_compound_rrn_relative_brt,leave_one_event_out,2016,-0.001342984259332089,0.001342984259332089
manta,4284385,21-305,East Cay Reef (21-305),2016,Southern GBR,2,0,0.19337438692150824,0.3060918340269151,5.979312548097701,6.954811096191406,0.05494505494505494,222.5876216694933,0,0.45,0,0,0,0,0.0052,0.00518652668730006,NA,NA,NA,NA, ,0,0.31627729621471046,0.1129433356338164,0.03572141281973401,joint_compound_rrn_relative_brt,leave_one_event_out,2016,-0.03572141281973401,0.03572141281973401
ltmp,4182007,22-104a,Horseshoe Reef (No 1) (22-104a),2016,Southern GBR,2,0.37,0.5659424850063148,0.49334200841516773,5.95478736158071,7.073855400085449,0.03296703296703297,198.3246302201427,0,0.45,0,0,0,NA,0.0319,0.0314017631395316,NA,NA,NA,NA, ,0,0.4289654500858476,0.08475407570421936,0.03635657023107046,joint_compound_rrn_relative_brt,leave_one_event_out,2016,-0.03635657023107046,0.03635657023107046
manta,3989236,22-104a,Horseshoe Reef (No 1) (22-104a),2016,Southern GBR,2,0.37,0.5659424850063148,0.22088426215079246,5.95478736158071,7.073855400085449,0.03296703296703297,198.3246302201427,0,0.45,0,0,0,NA,0.0319,0.0314017631395316,NA,NA,NA,NA, ,0,0.2554336445800774,0.09597481962293207,0.02451519796420107,joint_compound_rrn_relative_brt,leave_one_event_out,2016,-0.02451519796420107,0.02451519796420107
ltmp,4188176,23-048,Broomfield Reef (23-048),2016,Southern GBR,4,0,0.8031738872000156,0.5356541944938201,5.142892288269889,7.436925411224365,0.01098901098901099,94.55219552218418,0,0.15,-0.0454545468091965,0,0,0,0,0,NA,NA,NA,NA, ,0,0.45342394154033805,0.1112200778911322,0.05042984609582057,joint_compound_rrn_relative_brt,leave_one_event_out,2016,-0.05042984609582057,0.05042984609582057
manta,4284733,23-048,Broomfield Reef (23-048),2016,Southern GBR,4,0,0.8031738872000156,0.5049160684023974,5.142892288269889,7.436925411224365,0.01098901098901099,94.55219552218418,0,0.15,-0.0454545468091965,0,0,0,0,0,NA,NA,NA,NA, ,0.11482469677295597,0.43357124518493917,0.12777396555587583,0.05539911734827861,joint_compound_rrn_relative_brt,leave_one_event_out,2016,0.059425579424677355,0.059425579424677355
ltmp,4187216,23-082a,Lady Musgrave Reef (23-082a),2016,Southern GBR,5,0.44,0.9152466290843615,0.46693396595062486,5.275116205154123,7.433222770690918,0,75.2376810282473,0,0.3,0,0,0,0.0233333334326744,0.0513,0.05002749359964816,NA,NA,NA,NA, ,0,0.6613928670270479,0.13119946544463962,0.0867743906028463,joint_compound_rrn_relative_brt,leave_one_event_out,2016,-0.0867743906028463,0.0867743906028463
manta,4284768,23-082a,Lady Musgrave Reef (23-082a),2016,Southern GBR,5,0.44,0.9152466290843615,0.31878467976892266,5.275116205154123,7.433222770690918,0,75.2376810282473,0,0.3,0,0,0,0.0233333334326744,0.0513,0.05002749359964816,NA,NA,NA,NA, ,0,0.6227172090886067,0.15841718101014649,0.09864910483032305,joint_compound_rrn_relative_brt,leave_one_event_out,2016,-0.09864910483032305,0.09864910483032305
ltmp,4176755,15-099c,Agincourt Reefs (No 1) (15-099c),2017,Central GBR,1,8.16,0.33964521989442337,0.12157677337258557,6.159073713840757,5.352034568786621,0.2777777777777778,53.443772818368494,0,0.35,0,0,0,0,0,0,NA,NA,NA,NA, ,0,0.1079988062094503,0.20392724243737453,0.0220238987368216,joint_compound_rrn_relative_brt,leave_one_event_out,2017,-0.0220238987368216,0.0220238987368216
manta,4206432,15-099c,Agincourt Reefs (No 1) (15-099c),2017,Central GBR,1,8.16,0.33964521989442337,0.13325982220983068,6.159073713840757,5.352034568786621,0.2777777777777778,53.443772818368494,0,0.35,0,0,0,0,0,0,NA,NA,NA,NA, ,0,0.10684962555889904,0.2380237451034849,0.02543274803843419,joint_compound_rrn_relative_brt,leave_one_event_out,2017,-0.02543274803843419,0.02543274803843419
mmp,4160187,16-006,Snapper Reef (16-006),2017,Central GBR,5,11.65,0.17495639896008247,0.047228930232887045,6.327049808858002,3.01989483833313,0.6,26.688203488870816,0.652899274817911,0.1,-0.13693971724132004,0,0,NA,0.0304,0.02994707636795211,b,NA,NA,coral bleaching,  coral bleaching,0.3952502752197531,0.7205228943771664,0.6050860729572487,0.43597836863447015,joint_compound_rrn_relative_brt,leave_one_event_out,2017,-0.04072809341471706,0.04072809341471706
mmp,4160208,16-006,Snapper Reef (16-006),2017,Central GBR,5,11.65,0.17495639896008247,0.40471774967923596,6.327049808858002,3.01989483833313,0.6,26.688203488870816,0.652899274817911,0.1,-0.13693971724132004,0,0,NA,0.0304,0.02994707636795211,b,NA,NA,coral bleaching,  coral bleaching,0,0.9247833282318083,0.6230007909737322,0.5761407449677372,joint_compound_rrn_relative_brt,leave_one_event_out,2017,-0.5761407449677372,0.5761407449677372
mmp,4160229,16-006,Snapper Reef (16-006),2017,Central GBR,5,11.65,0.04961985378338604,0.21863086996518635,6.327049808858002,3.01989483833313,0.6,26.688203488870816,0.652899274817911,0.1,-0.13693971724132004,0,0,NA,0.0304,0.02994707636795211,b,NA,NA,coral bleaching,  coral bleaching,0.33227003419729356,0.9127783400336406,0.47871415526803746,0.4369599119961657,joint_compound_rrn_relative_brt,leave_one_event_out,2017,-0.10468987779887212,0.10468987779887212
mmp,4160250,16-006,Snapper Reef (16-006),2017,Central GBR,5,11.65,0.04961985378338604,0.4145597650008706,6.327049808858002,3.01989483833313,0.6,26.688203488870816,0.652899274817911,0.1,-0.13693971724132004,0,0,NA,0.0304,0.02994707636795211,b,NA,NA,coral bleaching,  coral bleaching,0,0.9292735227885947,0.478597931813721,0.44474838609587214,joint_compound_rrn_relative_brt,leave_one_event_out,2017,-0.44474838609587214,0.44474838609587214
ltmp,4177625,16-019,St Crispin Reef (16-019),2017,Central GBR,4,8.58,0.31546161327500344,0.14007185911529177,6.159073713840757,5.352034568786621,0.2777777777777778,53.443772818368494,0,0.15,-0.0476190485060215,0,0,0,0.0105,0.01044525786153864,b,NA,"2016/17 summer bleaching DHW>8, COTS removal-166",coral bleaching,"2016/17 summer bleaching DHW>8, COTS removal-166  coral bleaching",0.07684952526787346,0.5545492701594663,0.2557638001330789,0.14183362869701052,joint_compound_rrn_relative_brt,leave_one_event_out,2017,-0.06498410342913706,0.06498410342913706
manta,4206494,16-019,St Crispin Reef (16-019),2017,Central GBR,4,8.58,0.31546161327500344,0.10533824585422165,6.159073713840757,5.352034568786621,0.2777777777777778,53.443772818368494,0,0.15,-0.0476190485060215,0,0,0,0.0105,0.01044525786153864,b,NA,NA,coral bleaching,  coral bleaching,0.08284410877342505,0.5103558588194566,0.28766004803987677,0.14680899086543744,joint_compound_rrn_relative_brt,leave_one_event_out,2017,-0.0639648820920124,0.0639648820920124
mmp,4162781,16-054a,Fitzroy Island Reef (No 1) (16-054a),2017,Central GBR,2,10.69,0.4098132345379781,0.27147524473670975,6.259010241497095,4.3865742683410645,0.3,26.584094214082956,0.190476194024088,0,-0.1944444477557835,0,0,0,0.0321,0.03159556158975056,b,NA,NA,coral bleaching,  coral bleaching,0.17401839167775307,0.9305870910343579,0.47536227993029945,0.44236600126779746,joint_compound_rrn_relative_brt,leave_one_event_out,2017,-0.2683476095900444,0.2683476095900444
mmp,4162802,16-054a,Fitzroy Island Reef (No 1) (16-054a),2017,Central GBR,2,10.69,0.11566196600972882,0.2119936492502237,6.259010241497095,4.3865742683410645,0.3,26.584094214082956,0.190476194024088,0,-0.1944444477557835,0,0,0,0.0321,0.03159556158975056,b,NA,NA,coral bleaching,  coral bleaching,0.20422237466329746,0.9112973840523213,0.3962531995695814,0.3611045041901219,joint_compound_rrn_relative_brt,leave_one_event_out,2017,-0.15688212952682445,0.15688212952682445
ltmp,4179548,16-057,Hastings Reef (16-057),2017,Central GBR,2,10.25,0.4708998808120515,0.2580853512318209,6.09639459836798,5.845160007476807,0.17777777777777778,60.09013295337378,0,0.25,-0.0236801725361532,0,0,0.0109999999403954,0.0134,0.01331101405967233,b,NA,"bleaching mortality- HC, COTS removal.  2016/17 summer bleaching, COTS removal 886",coral bleaching,"bleaching mortality- HC, COTS removal.  2016/17 summer bleaching, COTS removal 886  coral bleaching",0.6376638525378587,0.9099980534844484,0.32291181494615145,0.2938491230481282,joint_compound_rrn_relative_brt,leave_one_event_out,2017,0.3438147294897305,0.3438147294897305
manta,4206253,16-057,Hastings Reef (16-057),2017,Central GBR,2,10.25,0.4708998808120515,0.1766648481995503,6.09639459836798,5.845160007476807,0.17777777777777778,60.09013295337378,0,0.25,-0.0236801725361532,0,0,0.0109999999403954,0.0134,0.01331101405967233,b,NA,"bleaching mortality- HC, COTS removal",coral bleaching,"bleaching mortality- HC, COTS removal  coral bleaching",0.4399686233158055,0.8797784011081994,0.3314745936868561,0.29162418804181234,joint_compound_rrn_relative_brt,leave_one_event_out,2017,0.14834443527399316,0.14834443527399316
ltmp,3798883,16-064,Arlington Reef (16-064),2017,Central GBR,2,10.9,0.3275485175616524,0.2045257246567271,6.259010241497095,5.695902347564697,0.2111111111111111,38.476277836573935,0.0454545468091965,0,-0.0567184747969713,0,0,0.017000000923872,0.0282,0.02780970063926723,b,NA,"2016/17 summer bleaching.  Decline in HC and SC coral cover, COTS removal-1411",coral bleaching,"2016/17 summer bleaching.  Decline in HC and SC coral cover, COTS removal-1411  coral bleaching",0.4694850180503441,0.918996664518861,0.38109959310753705,0.35022925491532164,joint_compound_rrn_relative_brt,leave_one_event_out,2017,0.11925576313502245,0.11925576313502245
manta,4067444,16-064,Arlington Reef (16-064),2017,Central GBR,2,10.9,0.3275485175616524,0.1565020120603447,6.259010241497095,5.695902347564697,0.2111111111111111,38.476277836573935,0.0454545468091965,0,-0.0567184747969713,0,0,0.017000000923872,0.0282,0.02780970063926723,b,NA,2016/17 summer bleaching,coral bleaching,2016/17 summer bleaching  coral bleaching,0.3929226571165776,0.7614861441966752,0.371055613419646,0.2825537083454583,joint_compound_rrn_relative_brt,leave_one_event_out,2017,0.1103689487711193,0.1103689487711193
ltmp,4178616,16-068,Thetford Reef (16-068),2017,Central GBR,5,10.88,0.47765189621620685,0.2917339849428202,6.259010241497095,5.770273685455322,0.17777777777777778,60.028158717834764,0,0.15,-0.0476190485060215,0,0,0,0.008,0.00796816964917687,b,NA,"declines in HC and SC .  2016/17 bleaching, COTS removal- 36",coral bleaching,"declines in HC and SC .  2016/17 bleaching, COTS removal- 36  coral bleaching",0.5781184508275599,0.9243345204166789,0.3729768847327799,0.344755409875981,joint_compound_rrn_relative_brt,leave_one_event_out,2017,0.23336304095157884,0.23336304095157884
manta,4068557,16-068,Thetford Reef (16-068),2017,Central GBR,5,10.88,0.47765189621620685,0.19040058159135265,6.259010241497095,5.770273685455322,0.17777777777777778,60.028158717834764,0,0.15,-0.0476190485060215,0,0,0,0.008,0.00796816964917687,b,NA,declines in HC and SC,coral bleaching,declines in HC and SC  coral bleaching,0.29336986509802004,0.9173967089253653,0.3755618246702453,0.3445391819504881,joint_compound_rrn_relative_brt,leave_one_event_out,2017,-0.05116931685246806,0.05116931685246806
mmp,4164853,17-009a,Tobias Spit (17-009a),2017,Central GBR,3,11.03,0.38463526379483487,0.5399270081243648,6.238152624771101,2.6283581256866455,0.6111111111111112,26.548377985167942,0.512730344164854,0.2,-0.13782134585691508,0,0,NA,0.1661,0.1536648475441501,m | b,NA,NA,"coral bleaching at 2.0 m only, crown-of-thorns starfish at 5.0 m only | coral bleaching","  coral bleaching at 2.0 m only, crown-of-thorns starfish at 5.0 m only | coral bleaching",0.2342679928412739,0.9472313970858635,0.5028387889684222,0.4763046885835222,joint_compound_rrn_relative_brt,leave_one_event_out,2017,-0.24203669574224831,0.24203669574224831
mmp,4164870,17-009a,Tobias Spit (17-009a),2017,Central GBR,3,11.03,0.38463526379483487,0.5721893668549218,6.238152624771101,2.6283581256866455,0.6111111111111112,26.548377985167942,0.512730344164854,0.2,-0.13782134585691508,0,0,NA,0.1661,0.1536648475441501,m | b,NA,NA,"coral bleaching at 2.0 m only, crown-of-thorns starfish at 5.0 m only | coral bleaching","  coral bleaching at 2.0 m only, crown-of-thorns starfish at 5.0 m only | coral bleaching",0.14872477184050006,0.9472313970858635,0.5040984237829041,0.477497854228662,joint_compound_rrn_relative_brt,leave_one_event_out,2017,-0.32877308238816194,0.32877308238816194
mmp,4164890,17-009a,Tobias Spit (17-009a),2017,Central GBR,3,11.03,0.21358410651197757,0.44233513933210683,6.238152624771101,2.6283581256866455,0.6111111111111112,26.548377985167942,0.512730344164854,0.2,-0.13782134585691508,0,0,NA,0.1661,0.1536648475441501,m | b,NA,NA,"coral bleaching at 2.0 m only, crown-of-thorns starfish at 5.0 m only | coral bleaching","  coral bleaching at 2.0 m only, crown-of-thorns starfish at 5.0 m only | coral bleaching",0.056060783218231644,0.9370332337375812,0.4250174125521139,0.39825544047848693,joint_compound_rrn_relative_brt,leave_one_event_out,2017,-0.3421946572602553,0.3421946572602553
mmp,4164907,17-009a,Tobias Spit (17-009a),2017,Central GBR,3,11.03,0.21358410651197757,0.3006263322517232,6.238152624771101,2.6283581256866455,0.6111111111111112,26.548377985167942,0.512730344164854,0.2,-0.13782134585691508,0,0,NA,0.1661,0.1536648475441501,m | b,NA,NA,"coral bleaching at 2.0 m only, crown-of-thorns starfish at 5.0 m only | coral bleaching","  coral bleaching at 2.0 m only, crown-of-thorns starfish at 5.0 m only | coral bleaching",0.2341486231112693,0.9176723247815356,0.4067002566405599,0.3732175700005898,joint_compound_rrn_relative_brt,leave_one_event_out,2017,-0.1390689468893205,0.1390689468893205
mmp,4157871,17-012,Normanby-Mabel Reef (17-012),2017,Central GBR,2,10.66,0.2829521385180658,0.4412817572288615,6.238152624771101,2.6283581256866455,0.6111111111111112,26.548377985167942,0.301214030998224,0.3,-0.04255128123817098,0,0,0,0.0138,0.01370564705611193,m,NA,cots and bleaching,"coral bleaching, crown-of-thorns starfish at 5.0 m only | crown-of-thorns starfish at 2.0 m only, coral bleaching","cots and bleaching  coral bleaching, crown-of-thorns starfish at 5.0 m only | crown-of-thorns starfish at 2.0 m only, coral bleaching",0.2364956261642967,0.9378710831872885,0.4153488493672792,0.3895436752566841,joint_compound_rrn_relative_brt,leave_one_event_out,2017,-0.1530480490923874,0.1530480490923874
mmp,4157907,17-012,Normanby-Mabel Reef (17-012),2017,Central GBR,2,10.66,0.2829521385180658,0.33144199224306853,6.238152624771101,2.6283581256866455,0.6111111111111112,26.548377985167942,0.301214030998224,0.3,-0.04255128123817098,0,0,0,0.0138,0.01370564705611193,m,NA,cots and bleaching,"coral bleaching, crown-of-thorns starfish at 5.0 m only | crown-of-thorns starfish at 2.0 m only, coral bleaching","cots and bleaching  coral bleaching, crown-of-thorns starfish at 5.0 m only | crown-of-thorns starfish at 2.0 m only, coral bleaching",0.060872208072299996,0.9187454552079207,0.4705617196492409,0.43232644132256376,joint_compound_rrn_relative_brt,leave_one_event_out,2017,-0.3714542332502638,0.3714542332502638
mmp,4157887,17-013,Round-Russell Reef (17-013),2017,Central GBR,3,10.66,0.28173456508000466,0.6560203361195885,6.238152624771101,2.6283581256866455,0.6111111111111112,26.548377985167942,0.260188090261714,0.3,-0.02457591986345347,0,0,0,0.0138,0.01370564705611193,m,NA,cots and bleaching,"coral bleaching, crown-of-thorns starfish at 5.0 m only | crown-of-thorns starfish at 2.0 m only, coral bleaching","cots and bleaching  coral bleaching, crown-of-thorns starfish at 5.0 m only | crown-of-thorns starfish at 2.0 m only, coral bleaching",0.18580387067146528,0.9367464026203033,0.4293895295923889,0.4022290971684946,joint_compound_rrn_relative_brt,leave_one_event_out,2017,-0.2164252264970293,0.2164252264970293
mmp,4157923,17-013,Round-Russell Reef (17-013),2017,Central GBR,3,10.66,0.28173456508000466,0.44030650663978976,6.238152624771101,2.6283581256866455,0.6111111111111112,26.548377985167942,0.260188090261714,0.3,-0.02457591986345347,0,0,0,0.0138,0.01370564705611193,m,NA,cots and bleaching,"coral bleaching, crown-of-thorns starfish at 5.0 m only | crown-of-thorns starfish at 2.0 m only, coral bleaching","cots and bleaching  coral bleaching, crown-of-thorns starfish at 5.0 m only | crown-of-thorns starfish at 2.0 m only, coral bleaching",0.14352290229950315,0.9366106987767693,0.48529303488734105,0.45453064851733155,joint_compound_rrn_relative_brt,leave_one_event_out,2017,-0.3110077462178284,0.3110077462178284
manta,4068674,17-034,Feather Reef (17-034),2017,Central GBR,4,8.91,0.285024077948406,0.21829571306814705,6.255279936405847,5.47302770614624,0.14444444444444443,53.02430121520352,0.0454545468091965,0.45,-0.00232205250324435,0,0,0.0199999995529652,2.4159,1.2284410014931475,b,NA,2015/16 and 2016/17 summer Bleaching,coral bleaching,2015/16 and 2016/17 summer Bleaching  coral bleaching,0.5084959955779488,0.8925659669521131,0.39959532477451526,0.3566651874469089,joint_compound_rrn_relative_brt,leave_one_event_out,2017,0.15183080813103988,0.15183080813103988
mmp,4147249,17-043a,Jessie-Kent Reef (17-043a),2017,Central GBR,4,8.870000000000001,0.6123292334598036,0.24435411713750113,6.07205267374614,4.568530082702637,0.24444444444444444,26.47542988685171,0.819091872055903,0.6,0.02447074017358741,0,0,NA,0.5271,0.4233705119769988,b,NA,NA,coral bleaching at 2.0 m only,  coral bleaching at 2.0 m only,0,0.8964287482385186,0.47749835380081157,0.4280432515836148,joint_compound_rrn_relative_brt,leave_one_event_out,2017,-0.4280432515836148,0.4280432515836148
mmp,4147265,17-043a,Jessie-Kent Reef (17-043a),2017,Central GBR,4,8.870000000000001,0.30633908937272974,0.263924909161469,6.07205267374614,4.568530082702637,0.24444444444444444,26.47542988685171,0.819091872055903,0.6,0.02447074017358741,0,0,NA,0.5271,0.4233705119769988,b,NA,NA,coral bleaching at 2.0 m only,  coral bleaching at 2.0 m only,0,0.8790739246198728,0.40271497613545837,0.3540162345745958,joint_compound_rrn_relative_brt,leave_one_event_out,2017,-0.3540162345745958,0.3540162345745958
mmp,4167071,17-053,Stingaree Reefs (17-053),2017,Central GBR,1,7.390000000000001,0.3980572350256958,0.1615011383178154,5.868671500575848,4.2484354972839355,0.2777777777777778,26.438199406294544,0.954545438289629,0.3,-0.03041230400185246,0,0,NA,0.7285,0.5472539803795422,b,NA,NA,coral bleaching,  coral bleaching,0.30941820249721835,0.7067967283717081,0.4605780015478264,0.32553502465398326,joint_compound_rrn_relative_brt,leave_one_event_out,2017,-0.01611682215676491,0.01611682215676491
mmp,4167088,17-053,Stingaree Reefs (17-053),2017,Central GBR,1,7.390000000000001,0.10595285380210603,0.32170549848754404,5.868671500575848,4.2484354972839355,0.2777777777777778,26.438199406294544,0.954545438289629,0.3,-0.03041230400185246,0,0,NA,0.7285,0.5472539803795422,b,NA,NA,coral bleaching,  coral bleaching,0,0.8733452524928527,0.3605626158900759,0.3148956488140018,joint_compound_rrn_relative_brt,leave_one_event_out,2017,-0.3148956488140018,0.3148956488140018
mmp,4167104,17-053,Stingaree Reefs (17-053),2017,Central GBR,1,7.390000000000001,0.3980572350256958,0.1581818364982012,5.868671500575848,4.2484354972839355,0.2777777777777778,26.438199406294544,0.954545438289629,0.3,-0.03041230400185246,0,0,NA,0.7285,0.5472539803795422,b,NA,NA,coral bleaching,  coral bleaching,0,0.7067967283717081,0.4605780015478264,0.32553502465398326,joint_compound_rrn_relative_brt,leave_one_event_out,2017,-0.32553502465398326,0.32553502465398326
mmp,4167123,17-053,Stingaree Reefs (17-053),2017,Central GBR,1,7.390000000000001,0.10595285380210603,0.16410078242741521,5.868671500575848,4.2484354972839355,0.2777777777777778,26.438199406294544,0.954545438289629,0.3,-0.03041230400185246,0,0,NA,0.7285,0.5472539803795422,b,NA,NA,coral bleaching,  coral bleaching,0.05936106493632762,0.6829526284310292,0.35627871690710233,0.24332148616574012,joint_compound_rrn_relative_brt,leave_one_event_out,2017,-0.1839604212294125,0.1839604212294125
mmp,4142987,18-001,Richards (Bedarra) Reef (18-001),2017,Central GBR,5,7.35,0.14811911159487465,0.09857322982645339,5.868671500575848,4.2484354972839355,0.2777777777777778,26.438199406294544,0.902968042313206,0.4,-0.00633933216516746,0,0,NA,0.7285,0.5472539803795422,b,NA,NA,coral bleaching,  coral bleaching,0.2223209532216766,0.6478500815076687,0.44377783512234614,0.2875015066553087,joint_compound_rrn_relative_brt,leave_one_event_out,2017,-0.0651805534336321,0.0651805534336321
mmp,4142998,18-001,Richards (Bedarra) Reef (18-001),2017,Central GBR,5,7.35,0.012800228922673492,0.1621640060354707,5.868671500575848,4.2484354972839355,0.2777777777777778,26.438199406294544,0.902968042313206,0.4,-0.00633933216516746,0,0,NA,0.7285,0.5472539803795422,b,NA,NA,coral bleaching,  coral bleaching,0.026154636274166313,0.6632584596077706,0.29930188115912654,0.1985145046553103,joint_compound_rrn_relative_brt,leave_one_event_out,2017,-0.17235986838114398,0.17235986838114398
ltmp,4226575,18-030,Kelso Reef (18-030),2017,Central GBR,5,7.640000000000001,0.32645971409517166,0.15543433398559273,5.972340602952214,5.817775249481201,0.07777777777777778,83.77527323363911,0,0.25,-0.02272727340459825,0,0,0,0.4772,0.3901484039962711,b,NA,"DHW 2107, plus COTS removal -246",coral bleaching,"DHW 2107, plus COTS removal -246  coral bleaching",0.15355750766823173,0.5056735122562379,0.2544221010902809,0.12865451745393397,joint_compound_rrn_relative_brt,leave_one_event_out,2017,0.02490299021429776,0.02490299021429776
manta,4066156,18-030,Kelso Reef (18-030),2017,Central GBR,5,7.640000000000001,0.32645971409517166,0.21635310194371357,5.972340602952214,5.817775249481201,0.07777777777777778,83.77527323363911,0,0.25,-0.02272727340459825,0,0,0,0.4772,0.3901484039962711,b,NA,"DHW 2107, plus COTS removal -246",NA,"DHW 2107, plus COTS removal -246 ",0.121336557134839,0.7345966448544342,0.2780457544991772,0.20425147837111526,joint_compound_rrn_relative_brt,leave_one_event_out,2017,-0.08291492123627626,0.08291492123627626
ltmp,3811256,18-031,Little Kelso Reef (18-031),2017,Central GBR,1,7.19,0.6162764684729607,0.358051089677609,5.972340602952214,5.817775249481201,0.07777777777777778,83.77527323363911,0,0.3,0,0,0,0.111000001430511,0.4358,0.3617221851602456,m,NA,COTS and Bleaching,NA,COTS and Bleaching ,0,0.7273878038507952,0.25830653579824564,0.18788902379459269,joint_compound_rrn_relative_brt,leave_one_event_out,2017,-0.18788902379459269,0.18788902379459269
manta,4067875,18-031,Little Kelso Reef (18-031),2017,Central GBR,1,7.19,0.6162764684729607,0.3726895586718373,5.972340602952214,5.817775249481201,0.07777777777777778,83.77527323363911,0,0.3,0,0,0,0.111000001430511,0.4358,0.3617221851602456,m,NA,COTS and Bleaching,"coral bleaching, crown-of-thorns starfish","COTS and Bleaching  coral bleaching, crown-of-thorns starfish",0.346676653585304,0.7199156920156455,0.27121899028277335,0.1952548070772074,joint_compound_rrn_relative_brt,leave_one_event_out,2017,0.15142184650809656,0.15142184650809656
manta,4066272,18-039,Dip Reef (18-039),2017,Central GBR,1,6.66,0.19037582525495417,0.14114263420786854,5.677256275436271,6.065413951873779,0.13333333333333333,111.1950802335326,0,0.35,0,0,0,0,0,0,NA,NA,NA,NA, ,0,0.11430503535171847,0.14117170381994684,0.016136636595801352,joint_compound_rrn_relative_brt,leave_one_event_out,2017,-0.016136636595801352,0.016136636595801352
ltmp,3812066,18-042,Roxburgh Reef (18-042),2017,Central GBR,5,7.54,0.30938565183178807,0.18614242288823804,5.972340602952214,5.817775249481201,0.07777777777777778,83.77527323363911,0,0.3,0,0,0,NA,0.491,0.3994470357826014,b,NA,"mortality on sites, but not manta tow for 2016/17 bleaching event.  low disease and Drupella on transects, 8% decline HCC",coral bleaching,"mortality on sites, but not manta tow for 2016/17 bleaching event.  low disease and Drupella on transects, 8% decline HCC  coral bleaching",0.44260099402814246,0.7344035334875199,0.17033920849026365,0.12509771660671698,joint_compound_rrn_relative_brt,leave_one_event_out,2017,0.3175032774214255,0.3175032774214255
manta,4066197,18-042,Roxburgh Reef (18-042),2017,Central GBR,5,7.54,0.30938565183178807,0.17520269968094304,5.972340602952214,5.817775249481201,0.07777777777777778,83.77527323363911,0,0.3,0,0,0,NA,0.491,0.3994470357826014,b,NA,"mortality on sites, but not manta tow for 2016/17 bleaching event.  low disease and Drupella on transects, 8% decline HCC",NA,"mortality on sites, but not manta tow for 2016/17 bleaching event.  low disease and Drupella on transects, 8% decline HCC ",0,0.7048595294208564,0.20762850468103,0.14634893010382688,joint_compound_rrn_relative_brt,leave_one_event_out,2017,-0.14634893010382688,0.14634893010382688
ltmp,3813236,18-043,Fore And Aft Reef (18-043),2017,Central GBR,1,6.88,0.5635922377591336,0.20445900406927717,5.972340602952214,5.817775249481201,0.07777777777777778,83.77527323363911,0,0.2,-0.046536797657609,0,0,0,0.1789,0.16458180031594472,NA,NA,NA,NA, ,0,0.7016626836619447,0.26313386923141635,0.18463121684726683,joint_compound_rrn_relative_brt,leave_one_event_out,2017,-0.18463121684726683,0.18463121684726683
manta,4066100,18-043,Fore And Aft Reef (18-043),2017,Central GBR,1,6.88,0.5635922377591336,0.230351186630944,5.972340602952214,5.817775249481201,0.07777777777777778,83.77527323363911,0,0.2,-0.046536797657609,0,0,0,0.1789,0.16458180031594472,NA,NA,NA,NA, ,0.02873245018644187,0.7142914238131304,0.2728728365908584,0.1949107269684119,joint_compound_rrn_relative_brt,leave_one_event_out,2017,-0.16617827678197006,0.16617827678197006
mmp,4152963,18-048,Pelorus (North Palm or Yanooa) Reef (18-048),2017,Central GBR,2,9.28,0.2722359681498151,0.1253635241654848,5.972340602952214,4.693150997161865,0.24444444444444444,38.297776879451746,0.377574009518623,0.5,-0.02259490085225746,0,0,NA,2.1855,1.158609262574406,b,NA,NA,coral bleaching,  coral bleaching,0.08530908515297586,0.638871654207243,0.36451307536456673,0.2328770714383302,joint_compound_rrn_relative_brt,leave_one_event_out,2017,-0.14756798628535434,0.14756798628535434
mmp,4152984,18-048,Pelorus (North Palm or Yanooa) Reef (18-048),2017,Central GBR,2,9.28,0.3391623288471572,0.09690920495415663,5.972340602952214,4.693150997161865,0.24444444444444444,38.297776879451746,0.377574009518623,0.5,-0.02259490085225746,0,0,NA,2.1855,1.158609262574406,b,NA,NA,coral bleaching,  coral bleaching,0.2460548840663221,0.6496232572654245,0.42703038046277064,0.2774088667075185,joint_compound_rrn_relative_brt,leave_one_event_out,2017,-0.03135398264119643,0.03135398264119643
mmp,4141824,18-051,Pandora Reef (18-051),2017,Central GBR,3,8.52,0.20504747335954862,0.05211422467090453,5.972340602952214,4.628453731536865,0.24444444444444444,26.32349077361211,0.454661685700914,0.1,-0.211247395996548,0,0,NA,0.6292,0.4880890967921204,b,NA,NA,coral bleaching at 2.0 m only,  coral bleaching at 2.0 m only,0.0829244067853294,0.4932257445280978,0.4012743847733717,0.19791885718990065,joint_compound_rrn_relative_brt,leave_one_event_out,2017,-0.11499445040457125,0.11499445040457125
mmp,4141843,18-051,Pandora Reef (18-051),2017,Central GBR,3,8.52,0.21758353606981254,0.06144581122357401,5.972340602952214,4.628453731536865,0.24444444444444444,26.32349077361211,0.454661685700914,0.1,-0.211247395996548,0,0,NA,0.6292,0.4880890967921204,b,NA,NA,coral bleaching at 2.0 m only,  coral bleaching at 2.0 m only,0,0.49727417892260717,0.3155703139906448,0.1569249687820472,joint_compound_rrn_relative_brt,leave_one_event_out,2017,-0.1569249687820472,0.1569249687820472
mmp,4148243,18-065,Havannah Reef (18-065),2017,Central GBR,3,8.71,0.6548636804308268,0.5185990433552993,5.972340602952214,4.628453731536865,0.24444444444444444,26.32349077361211,0.238405357804639,0,-0.17298248315022346,0,0,0,0.4806,0.3924474110268609,b,NA,NA,coral bleaching,  coral bleaching,0.32043253344777983,0.9386500503920369,0.46084240713723357,0.43256974868215187,joint_compound_rrn_relative_brt,leave_one_event_out,2017,-0.11213721523437203,0.11213721523437203
mmp,4148260,18-065,Havannah Reef (18-065),2017,Central GBR,3,8.71,0.18123236954502706,0.2709958441276174,5.972340602952214,4.628453731536865,0.24444444444444444,26.32349077361211,0.238405357804639,0,-0.17298248315022346,0,0,0,0.4806,0.3924474110268609,b,NA,NA,coral bleaching,  coral bleaching,0.030102304650025995,0.9080737570215662,0.356084747484145,0.32335121446600323,joint_compound_rrn_relative_brt,leave_one_event_out,2017,-0.29324890981597723,0.29324890981597723
manta,4068102,18-075,John Brewer Reef (18-075),2017,Central GBR,2,5.7,0.6169401021213651,0.4249001973451589,5.220788843791733,5.7582221031188965,0.08888888888888889,61.49749903428462,0,0.3,0,0,0,0.00466666681071122,0.1601,0.14850620829922404,b,NA,"2- bl no mortality, 2016/17 summer bleaching",coral bleaching,"2- bl no mortality, 2016/17 summer bleaching  coral bleaching",0.11063279811203668,0.724457088753979,0.18934190369727924,0.13717008433166716,joint_compound_rrn_relative_brt,leave_one_event_out,2017,-0.026537286219630488,0.026537286219630488
ltmp,4222721,18-076,Helix Reef (18-076),2017,Central GBR,4,5.41,0.35606096891631683,0.2756831061497576,5.220788843791733,5.942901611328125,0.08888888888888889,98.60262415600752,0,0.35,0,0,0,NA,0.2248,0.20277756536133695,NA,NA,NA,NA, ,0,0.7170543124118978,0.14101907502916355,0.1011183358819987,joint_compound_rrn_relative_brt,leave_one_event_out,2017,-0.1011183358819987,0.1011183358819987
manta,4067890,18-076,Helix Reef (18-076),2017,Central GBR,4,5.41,0.35606096891631683,0.23344874747387875,5.220788843791733,5.942901611328125,0.08888888888888889,98.60262415600752,0,0.35,0,0,0,NA,0.2248,0.20277756536133695,NA,NA,NA,NA, ,0,0.7064885296529896,0.17615934832949534,0.124454558985934,joint_compound_rrn_relative_brt,leave_one_event_out,2017,-0.124454558985934,0.124454558985934
ltmp,3812988,18-077,Grub Reef (18-077),2017,Central GBR,3,5.55,0.10423713822508127,0.11562180656137903,5.677256275436271,6.137823581695557,0.1111111111111111,83.39631017514948,0,0.35,0,0,0,NA,0.2036,0.18531706577375312,b,NA,DHW 2017>4,coral bleaching,DHW 2017>4  coral bleaching,0.3475145422795302,0.3081937750066147,0.05830739246678825,0.01796997539513172,joint_compound_rrn_relative_brt,leave_one_event_out,2017,0.3295445668843985,0.3295445668843985
manta,4067827,18-077,Grub Reef (18-077),2017,Central GBR,3,5.55,0.10423713822508127,0.11433977334345008,5.677256275436271,6.137823581695557,0.1111111111111111,83.39631017514948,0,0.35,0,0,0,NA,0.2036,0.18531706577375312,b,NA,DHW 2017>4,NA,DHW 2017>4 ,0.14542755913695127,0.30651920872812827,0.09323662395476659,0.028578816199097103,joint_compound_rrn_relative_brt,leave_one_event_out,2017,0.11684874293785416,0.11684874293785416
ltmp,4226935,18-081,Knife Reef (18-081),2017,Central GBR,2,6.15,0.2181815427100384,0.2277634256800129,5.677256275436271,6.065413951873779,0.13333333333333333,111.1950802335326,0,0.35,0,0,0,0,0.0094,0.0093560949240249491,b,NA,no decline HCC. Decline in manta coral cover.,NA,no decline HCC. Decline in manta coral cover. ,0,0.257848805939802,0.1320742557045729,0.034055189128812204,joint_compound_rrn_relative_brt,leave_one_event_out,2017,-0.034055189128812204,0.034055189128812204
manta,4067998,18-081,Knife Reef (18-081),2017,Central GBR,2,6.15,0.2181815427100384,0.224028171622315,5.677256275436271,6.065413951873779,0.13333333333333333,111.1950802335326,0,0.35,0,0,0,0,0.0094,0.0093560949240249491,b,NA,no decline HCC. Decline in manta coral cover.,coral bleaching,no decline HCC. Decline in manta coral cover.  coral bleaching,0.2602657014601872,0.2547513069933322,0.16748967696631606,0.04266821411506003,joint_compound_rrn_relative_brt,leave_one_event_out,2017,0.21759748734512716,0.21759748734512716
ltmp,3810820,18-083,Fork Reef (18-083),2017,Central GBR,4,5.33,0.2722404866908392,0.1688140078402965,5.677256275436271,6.065413951873779,0.13333333333333333,111.1950802335326,0,0.35,0,0,0,0,0.0094,0.0093560949240249491,NA,NA,NA,NA, ,0,0.1816012934988451,0.11233246619195603,0.020399721162374502,joint_compound_rrn_relative_brt,leave_one_event_out,2017,-0.020399721162374502,0.020399721162374502
manta,4067855,18-083,Fork Reef (18-083),2017,Central GBR,4,5.33,0.2722404866908392,0.2070190525662133,5.677256275436271,6.065413951873779,0.13333333333333333,111.1950802335326,0,0.35,0,0,0,0,0.0094,0.0093560949240249491,NA,NA,NA,NA, ,0,0.24209709984262004,0.15144953142666964,0.03666549233092046,joint_compound_rrn_relative_brt,leave_one_event_out,2017,-0.03666549233092046,0.03666549233092046
ltmp,4237697,18-086,Chicken Reef (18-086),2017,Central GBR,4,5.89,0.3336892536023213,0.2499903806010868,5.677256275436271,6.20585823059082,0.12222222222222222,87.43427334613949,0,0.35,0,0,0,0,0.043,0.04210117601863539,NA,NA,NA,NA, ,0,0.33571663845857186,0.10891348985169527,0.03656407069580292,joint_compound_rrn_relative_brt,leave_one_event_out,2017,-0.03656407069580292,0.03656407069580292
ltmp,4237698,18-086,Chicken Reef (18-086),2017,Central GBR,4,5.89,0.31596412610620755,0.21394013394552375,5.677256275436271,6.20585823059082,0.12222222222222222,87.43427334613949,0,0.35,0,0,0,0,0.043,0.04210117601863539,NA,NA,NA,NA, ,0,0.26626799109741706,0.11100674050816457,0.02955754179338125,joint_compound_rrn_relative_brt,leave_one_event_out,2017,-0.02955754179338125,0.02955754179338125
manta,4066793,18-086,Chicken Reef (18-086),2017,Central GBR,4,5.89,0.3336892536023213,0.16880667711976172,5.677256275436271,6.20585823059082,0.12222222222222222,87.43427334613949,0,0.35,0,0,0,0,0.043,0.04210117601863539,NA,NA,NA,NA, ,0,0.2039005365480675,0.14162653949360476,0.028877727392192083,joint_compound_rrn_relative_brt,leave_one_event_out,2017,-0.028877727392192083,0.028877727392192083
manta,4066794,18-086,Chicken Reef (18-086),2017,Central GBR,4,5.89,0.31596412610620755,0.14989959559018423,5.677256275436271,6.20585823059082,0.12222222222222222,87.43427334613949,0,0.35,0,0,0,0,0.043,0.04210117601863539,NA,NA,NA,NA, ,0,0.13552777317012168,0.1320818355322295,0.017900757045905318,joint_compound_rrn_relative_brt,leave_one_event_out,2017,-0.017900757045905318,0.017900757045905318
manta,4068082,18-088,Centipede Reef (18-088),2017,Central GBR,3,4.68,0.3045985392435687,0.14681892757933923,5.677256275436271,6.137823581695557,0.1111111111111111,83.39631017514948,0,0.4,0,0,0,0,0.0389,0.03816246109434891,b,NA,NA,coral bleaching,  coral bleaching,0.1695806656485022,0.1390116799352968,0.11353907108187815,0.01578325700938496,joint_compound_rrn_relative_brt,leave_one_event_out,2017,0.15379740863911723,0.15379740863911723
mmp,4150480,19-009c,Magnetic Island Reef (No 2) (19-009c),2017,Central GBR,1,7.8,0.08711752721169709,0.1751490785134867,5.220788843791733,2.835153102874756,0.5666666666666667,0,1,0.6,0,0,0,NA,0.9216,0.653158172343582,b,NA,NA,coral bleaching at 2.0 m only,  coral bleaching at 2.0 m only,0.14609663248938115,0.6465359335639538,0.3411076159761918,0.22053833094094183,joint_compound_rrn_relative_brt,leave_one_event_out,2017,-0.07444169845156068,0.07444169845156068
mmp,4150500,19-009c,Magnetic Island Reef (No 2) (19-009c),2017,Central GBR,1,7.8,0.06612993006282528,0.24665436623366155,5.220788843791733,2.835153102874756,0.5666666666666667,0,1,0.6,0,0,0,NA,0.9216,0.653158172343582,b,NA,NA,coral bleaching at 2.0 m only,  coral bleaching at 2.0 m only,0,0.6963250237474442,0.18459852997605242,0.128540575769318,joint_compound_rrn_relative_brt,leave_one_event_out,2017,-0.128540575769318,0.128540575769318
ltmp,4223970,21-025,Penrith Reef (21-025),2017,Southern GBR,2,4.87,0.24561559429316782,0.3001225609922936,6.5849014619465205,7.143623352050781,0.05555555555555555,95.56334639855292,0,0.35,0,34.8499670985627,3.5793426492924243,NA,0,0,m,NA,Aerial bl 4 2017,"coral bleaching, unknown storm","Aerial bl 4 2017  coral bleaching, unknown storm",0.7334236587648599,0.8488879832375518,0.11288058636256239,0.09582297330398787,joint_compound_rrn_relative_brt,leave_one_event_out,2017,0.637600685460872,0.637600685460872
manta,4066640,21-187,U/N Reef (21-187),2017,Southern GBR,5,2.35,0.2782784578843715,0.25324235154721186,6.337667452653756,7.036470413208008,0.07777777777777778,153.59663174270304,0,0.5,0,0,0,NA,0,0,NA,NA,NA,NA, ,0,0.39612317564138594,0.1830175291662481,0.07249748485137418,joint_compound_rrn_relative_brt,leave_one_event_out,2017,-0.07249748485137418,0.07249748485137418
ltmp,4238627,21-305,East Cay Reef (21-305),2017,Southern GBR,2,1.79,0.190808215277117,0.2287774336347579,6.337667452653756,6.9699530601501465,0.08888888888888889,222.5876216694933,0,0.45,0,0,0,0,0.1442,0.13470570285229133,NA,NA,NA,NA, ,0.09382327022529612,0.39102635518673023,0.14775222739110003,0.05777501494746281,joint_compound_rrn_relative_brt,leave_one_event_out,2017,0.036048255277833306,0.036048255277833306
manta,4284384,21-305,East Cay Reef (21-305),2017,Southern GBR,2,1.79,0.190808215277117,0.3237029370129119,6.337667452653756,6.9699530601501465,0.08888888888888889,222.5876216694933,0,0.45,0,0,0,0,0.1442,0.13470570285229133,NA,NA,NA,NA, ,0.11224469760741697,0.4515074623354137,0.18543022814811763,0.0837231317514334,joint_compound_rrn_relative_brt,leave_one_event_out,2017,0.028521565855983574,0.028521565855983574
manta,4284569,21-550,U/N Reef (21-550),2017,Southern GBR,1,2.7,0.7086998755595163,0.3385367352993209,6.111979050425452,7.059453010559082,0.08888888888888889,175.33603223489754,0,0.45,0,0,0,NA,0.8779,0.6301541312320236,NA,NA,NA,NA, ,0,0.41495754294926146,0.18203047109546616,0.07553491702767119,joint_compound_rrn_relative_brt,leave_one_event_out,2017,-0.07553491702767119,0.07553491702767119
manta,4284480,22-084,U/N Reef (22-084),2017,Southern GBR,2,1.11,0.6560201134246852,0.35839515068132244,6.111979050425452,7.009650230407715,0.08888888888888889,198.3246302201427,0,0.45,0,0,0,NA,0.2325,0.20904462693470813,NA,NA,NA,NA, ,0,0.4130647598889633,0.1754124962417331,0.07245672064161517,joint_compound_rrn_relative_brt,leave_one_event_out,2017,-0.07245672064161517,0.07245672064161517
mmp,4155460,23-016,Humpy (Bur-ye-Bur-ye) Reef (23-016),2017,Southern GBR,3,4.4,0.8221509950951245,0.10839078971275963,6.170839466985516,6.983436584472656,0,25.541262425425487,0.839025618072616,0.5,-0.00209275107587358,0,0,NA,0,0,NA,NA,NA,NA, ,0,0.32367264532182055,0.1805722679615901,0.05844630364288849,joint_compound_rrn_relative_brt,leave_one_event_out,2017,-0.05844630364288849,0.05844630364288849
mmp,4155480,23-016,Humpy (Bur-ye-Bur-ye) Reef (23-016),2017,Southern GBR,3,4.4,0.9518310359141647,0.26253320523150997,6.170839466985516,6.983436584472656,0,25.541262425425487,0.839025618072616,0.5,-0.00209275107587358,0,0,NA,0,0,NA,NA,NA,NA, ,0.07656755222974268,0.5150019144480954,0.14959099059198142,0.07703964653905745,joint_compound_rrn_relative_brt,leave_one_event_out,2017,-4.720943093147745e-4,4.720943093147745e-4
ltmp,3807321,23-080,Hoskyn Islands Reef (23-080),2017,Southern GBR,4,3.62,0.5184034143753605,0.20191913614829993,5.734401157656944,6.859024524688721,0.04444444444444444,75.30452287765046,0,0.3,0,0,0,NA,0.0096,0.00955421280481165,NA,NA,NA,NA, ,0,0.5918684771069801,0.13802947595435733,0.08169529572898,joint_compound_rrn_relative_brt,leave_one_event_out,2017,-0.08169529572898,0.08169529572898
ltmp,4180878,23-081,Fairfax Islands Reef (23-081),2017,Southern GBR,3,3.48,0.8472675617256902,0.20753842666724026,5.734401157656944,6.859024524688721,0.04444444444444444,75.30452287765046,0,0.3,0,0,0,NA,0.014,0.01390290516899142,NA,NA,NA,NA, ,0.004255328708945667,0.5887382976355123,0.15572425579665933,0.09168083325828227,joint_compound_rrn_relative_brt,leave_one_event_out,2017,-0.0874255045493366,0.0874255045493366
ltmp,4241130,11-016,McSweeney Reef (11-016),2020,Northern GBR,2,9.91,0,0.08378462598709333,6.002231593026269,5.774930477142334,0.13186813186813187,61.227214056639745,0.0525382609496303,0.8,0.0525382609496303,0,0,0.137999996542931,0.1315,0.12354418609145502,NA,NA,NA,NA, ,0,0.4117528392638198,0.10293741239350998,0.04238477181949844,joint_compound_rrn_relative_brt,leave_one_event_out,2020,-0.04238477181949844,0.04238477181949844
ltmp,4240950,11-029,Monsoon Reef (11-029),2020,Northern GBR,3,9.9,0.018217386861170054,0.11130694351519539,6.002231593026269,5.81605863571167,0.10989010989010987,54.52924238766865,0.0476190485060215,0.7,0.0476190485060215,0,0,0.0419999994337559,0.0517,0.05040790254384569,NA,NA,NA,NA, ,0,0.4087422894158835,0.09063829958875934,0.03704770608267222,joint_compound_rrn_relative_brt,leave_one_event_out,2020,-0.03704770608267222,0.03704770608267222
ltmp,4241527,11-049,U/N Reef (11-049),2020,Northern GBR,5,10.27,0.050260754565876614,0.14599440678948103,6.002231593026269,5.81605863571167,0.10989010989010987,54.52924238766865,0.203230144417751,1,0.203230144417751,0,0,0,0.0029,0.00289580311202556,NA,NA,NA,NA, ,0,0.5467907467643687,0.15741619390838582,0.08607371821997095,joint_compound_rrn_relative_brt,leave_one_event_out,2020,-0.08607371821997095,0.08607371821997095
ltmp,4240770,11-162,U/N Reef (11-162),2020,Northern GBR,4,10.15,0.03729779519442613,0.14626404721710973,6.082761543160351,5.787719249725342,0.12087912087912088,54.4813962051613,0.185014326151332,0.8,0.08756921956714261,0,0,0,5e-4,4.99875041651048e-4,NA,NA,NA,NA, ,0,0.48188790426661166,0.15122616826630186,0.07287406129611818,joint_compound_rrn_relative_brt,leave_one_event_out,2020,-0.07287406129611818,0.07287406129611818
ltmp,4241317,12-056,Mantis Reef (12-056),2020,Northern GBR,3,6.93,0.3898113715032407,0.281636821607886,6.122627793421414,5.7065606117248535,0.17582417582417584,86.07130881755599,0.0892048905975771,0.8,0.03934502285959149,0,0,0,0,0,NA,NA,NA,NA, ,0,0.6326545622342032,0.17996382322129853,0.11385493379806416,joint_compound_rrn_relative_brt,leave_one_event_out,2020,-0.11385493379806416,0.11385493379806416
manta,4285302,12-056,Mantis Reef (12-056),2020,Northern GBR,3,6.93,0.3898113715032407,0.2325441468954316,6.122627793421414,5.7065606117248535,0.17582417582417584,86.07130881755599,0.0892048905975771,0.8,0.03934502285959149,0,0,0,0,0,NA,NA,NA,NA, ,0,0.5921465786336884,0.19426500329350066,0.11503335704850862,joint_compound_rrn_relative_brt,leave_one_event_out,2020,-0.11503335704850862,0.11503335704850862
ltmp,4241954,12-061,Lagoon Reef (12-061),2020,Northern GBR,1,4.75,0.3055923846646609,0.27277374710468016,6.122627793421414,5.6665849685668945,0.16483516483516483,54.279648353109025,0.0899146378992373,0.8,0.0411666534528761,0,0,0,0,0,NA,NA,NA,NA, ,0.015073379384026038,0.24249097129541988,0.13003682077326215,0.03153275497347677,joint_compound_rrn_relative_brt,leave_one_event_out,2020,-0.01645937558945073,0.01645937558945073
manta,4285502,12-061,Lagoon Reef (12-061),2020,Northern GBR,1,4.75,0.3055923846646609,0.38998293966808467,6.122627793421414,5.6665849685668945,0.16483516483516483,54.279648353109025,0.0899146378992373,0.8,0.0411666534528761,0,0,0,0,0,NA,NA,NA,NA, ,0.030011941726387614,0.2658012431302315,0.16458143158362956,0.043745949111081886,joint_compound_rrn_relative_brt,leave_one_event_out,2020,-0.013734007384694272,0.013734007384694272
manta,4285461,12-098,Second Small Reef (12-098),2020,Northern GBR,1,5.24,0.3381494885521303,0.20263508107180572,6.122627793421414,5.6665849685668945,0.16483516483516483,54.279648353109025,0.0909090936183779,0.6,0.06709956936536715,0,0,0,0,0,NA,NA,NA,NA, ,0,0.16441953175698146,0.1354914769580927,0.022277445198511443,joint_compound_rrn_relative_brt,leave_one_event_out,2020,-0.022277445198511443,0.022277445198511443
manta,4285371,13-040,U/N Reef (13-040),2020,Northern GBR,4,5.71,0.24399445805754702,0.16103326937437834,5.968018555181919,5.706526756286621,0.17582417582417584,54.11748335007643,0.134420545296818,0.8,0.08681223668471189,0,0,0,0,0,NA,NA,NA,NA, ,0,0.2683906727901291,0.13483696171054155,0.03618898287046913,joint_compound_rrn_relative_brt,leave_one_event_out,2020,-0.03618898287046913,0.03618898287046913
manta,1273024,13-056,Sand Bank No 8 Reef (13-056),2020,Northern GBR,5,6.05,0.28785802954717904,0.22178162534441867,5.968018555181919,5.706526756286621,0.17582417582417584,54.11748335007643,0.102302556138813,0.7,0.0546835076327915,0,0,NA,0,0,NA,NA,NA,NA, ,0,0.38140350507394616,0.14384192445133404,0.05486181416232056,joint_compound_rrn_relative_brt,leave_one_event_out,2020,-0.05486181416232056,0.05486181416232056
manta,1273199,13-118a,Creech Reef (North) (13-118a),2020,Northern GBR,2,7.74,0.20553968253505506,0.3967609839208352,5.8104660378115325,5.518789768218994,0.1868131868131868,54.0042200125233,0.0454545468091965,0.45,-0.00108225084841249,0,0,0,0,0,b,NA,DHW 7.5 in 2020,coral bleaching,DHW 7.5 in 2020  coral bleaching,0,0.5997585031327154,0.15668009883209819,0.09397022154622511,joint_compound_rrn_relative_brt,leave_one_event_out,2020,-0.09397022154622511,0.09397022154622511
manta,1273143,13-121,U/N Reef (13-121),2020,Northern GBR,3,7.390000000000001,0.2860968037779288,0.11029911651666302,6.232378023024877,5.634306907653809,0.17582417582417584,61.79502527764437,0.141043918503803,0.5,-0.003020966477698,0,0,0,0,0,NA,NA,NA,NA, ,0,0.31742301655954946,0.14202294648344696,0.04508135209345119,joint_compound_rrn_relative_brt,leave_one_event_out,2020,-0.04508135209345119,0.04508135209345119
ltmp,4242164,13-124,U/N Reef (13-124),2020,Northern GBR,4,6.23,0.1306214585754571,0.24624243065418433,5.8104660378115325,5.518789768218994,0.1868131868131868,54.0042200125233,0.268740687501728,0.6,0.04949371892195003,0,0,0.12899999320507,0.0668,0.06466351332572215,NA,NA,NA,NA, ,0,0.393791960825975,0.10930042922932628,0.04304163034533711,joint_compound_rrn_relative_brt,leave_one_event_out,2020,-0.04304163034533711,0.04304163034533711
manta,4285229,13-124,U/N Reef (13-124),2020,Northern GBR,4,6.23,0.1306214585754571,0.19758106176164164,5.8104660378115325,5.518789768218994,0.1868131868131868,54.0042200125233,0.268740687501728,0.6,0.04949371892195003,0,0,0.12899999320507,0.0668,0.06466351332572215,NA,NA,NA,NA, ,0,0.3590573525270359,0.13945189556923282,0.05007122842796542,joint_compound_rrn_relative_brt,leave_one_event_out,2020,-0.05007122842796542,0.05007122842796542
manta,4285437,13-127,Rodda Reef (13-127),2020,Northern GBR,4,6.78,0.4401544858242428,0.2615541165670949,6.232378023024877,5.475623607635498,0.1868131868131868,38.723631859261,0.138582872747245,0.5,-0.03707708314168803,0,0,0,0,0,NA,NA,NA,NA, ,0,0.660356900233375,0.16721325810106968,0.11042042879754566,joint_compound_rrn_relative_brt,leave_one_event_out,2020,-0.11042042879754566,0.11042042879754566
ltmp,4240554,13-130,Davie Reef (13-130),2020,Northern GBR,4,6.3,0.21771364805622542,0.2891469243045631,6.232378023024877,5.748272895812988,0.15384615384615383,27.79877005838321,0.141628880087021,0.4,-0.06235237039037453,0,0,0,0,0,NA,NA,NA,NA, ,0,0.5025304306404659,0.14019244564337743,0.07045097008170656,joint_compound_rrn_relative_brt,leave_one_event_out,2020,-0.07045097008170656,0.07045097008170656
manta,4285384,13-130,Davie Reef (13-130),2020,Northern GBR,4,6.3,0.21771364805622542,0.2633289351091102,6.232378023024877,5.748272895812988,0.15384615384615383,27.79877005838321,0.141628880087021,0.4,-0.06235237039037453,0,0,0,0,0,NA,NA,NA,NA, ,0,0.476431801618893,0.16568118991399478,0.07893578780508649,joint_compound_rrn_relative_brt,leave_one_event_out,2020,-0.07893578780508649,0.07893578780508649
ltmp,4242374,14-016,Corbett Reef (14-016),2020,Northern GBR,5,6.41,0.2911085559294725,0.21598384234286774,5.880359799599462,5.454284191131592,0.15384615384615383,53.946045548395595,0.284078085042999,0.6,0.00591799773686096,0,0,0,0.015,0.01488861249375065,NA,NA,NA,NA, ,0,0.4067154596844505,0.11201993391048655,0.0455602389142253,joint_compound_rrn_relative_brt,leave_one_event_out,2020,-0.0455602389142253,0.0455602389142253
manta,4285337,14-016,Corbett Reef (14-016),2020,Northern GBR,5,6.41,0.2911085559294725,0.11198422675485162,5.880359799599462,5.454284191131592,0.15384615384615383,53.946045548395595,0.284078085042999,0.6,0.00591799773686096,0,0,0,0.015,0.01488861249375065,NA,NA,NA,NA, ,0,0.258346515704886,0.13398242112759223,0.034613891664018154,joint_compound_rrn_relative_brt,leave_one_event_out,2020,-0.034613891664018154,0.034613891664018154
ltmp,4241737,14-045,Sand Bank No 1 Reef (14-045),2020,Northern GBR,4,5.3100000000000005,0.27336182170684664,0.30246855971387504,6.232378023024877,6.079171180725098,0.1978021978021978,53.88684402433357,0.234911726461158,0.7,0.0987843427408755,0,0,0,0,0,NA,NA,NA,NA, ,0,0.4795554002836098,0.14803834884858752,0.07099258963940906,joint_compound_rrn_relative_brt,leave_one_event_out,2020,-0.07099258963940906,0.07099258963940906
manta,4285215,14-045,Sand Bank No 1 Reef (14-045),2020,Northern GBR,4,5.3100000000000005,0.27336182170684664,0.2480818644806036,6.232378023024877,6.079171180725098,0.1978021978021978,53.88684402433357,0.234911726461158,0.7,0.0987843427408755,0,0,0,0,0,NA,NA,NA,NA, ,0,0.4556434358714692,0.14897379942798786,0.0678789338261955,joint_compound_rrn_relative_brt,leave_one_event_out,2020,-0.0678789338261955,0.0678789338261955
ltmp,4171460,14-114,MacGillivray Reef (14-114),2020,Northern GBR,4,5.98,0.04416802941607665,0.09852720760391533,5.7096656765768365,6.109978199005127,0.14285714285714285,38.660259476645,0,0.3,0,0,0,0,0.0044,0.00439034830129289,NA,NA,NA,NA, ,0,0.20380540302279773,0.09738092190766465,0.019846758036123187,joint_compound_rrn_relative_brt,leave_one_event_out,2020,-0.019846758036123187,0.019846758036123187
manta,4206379,14-114,MacGillivray Reef (14-114),2020,Northern GBR,4,5.98,0.04416802941607665,0.10245573850803347,5.7096656765768365,6.109978199005127,0.14285714285714285,38.660259476645,0,0.3,0,0,0,0,0.0044,0.00439034830129289,NA,NA,NA,NA, ,0,0.20529930076497332,0.11763834168410524,0.02415106929089782,joint_compound_rrn_relative_brt,leave_one_event_out,2020,-0.02415106929089782,0.02415106929089782
ltmp,4169251,14-116a,Lizard Island Reef (North West) (14-116a),2020,Northern GBR,2,5.3,0.06618477242864539,0.069738641348031,5.7096656765768365,6.109978199005127,0.14285714285714285,38.660259476645,0.0500000007450581,0.75,0.0034632030874491,0,0,0,0,0,NA,NA,NA,NA, ,0,0.2474785748243347,0.07223300332076374,0.017876120717104045,joint_compound_rrn_relative_brt,leave_one_event_out,2020,-0.017876120717104045,0.017876120717104045
manta,4285519,14-116a,Lizard Island Reef (North West) (14-116a),2020,Northern GBR,2,5.3,0.06618477242864539,0.06911578071158603,5.7096656765768365,6.109978199005127,0.14285714285714285,38.660259476645,0.0500000007450581,0.75,0.0034632030874491,0,0,0,0,0,NA,NA,NA,NA, ,0,0.2474785748243347,0.09844041784767207,0.024361894314053886,joint_compound_rrn_relative_brt,leave_one_event_out,2020,-0.024361894314053886,0.024361894314053886
ltmp,4172978,14-123,Martin Reef (14-123),2020,Northern GBR,1,4.94,0.2992595473639654,0.08469994311714026,5.7096656765768365,5.619095802307129,0.1978021978021978,27.798770058382857,0.098280878336019,0.1,-0.064283594326881,0,0,0,0.0027,0.0026963615477426,NA,NA,NA,NA, ,0,0.197490187409775,0.10440476347155322,0.020618916304470276,joint_compound_rrn_relative_brt,leave_one_event_out,2020,-0.020618916304470276,0.020618916304470276
manta,4285473,14-123,Martin Reef (14-123),2020,Northern GBR,1,4.94,0.2992595473639654,0.12452925426275394,5.7096656765768365,5.619095802307129,0.1978021978021978,27.798770058382857,0.098280878336019,0.1,-0.064283594326881,0,0,0,0.0027,0.0026963615477426,NA,NA,NA,NA, ,0,0.20438357530326745,0.13686857869385394,0.02797368946012648,joint_compound_rrn_relative_brt,leave_one_event_out,2020,-0.02797368946012648,0.02797368946012648
ltmp,4175203,14-126,Linnet Reef (14-126),2020,Northern GBR,5,5.2700000000000005,0.5318946790110578,0.09723637312333577,5.7096656765768365,5.619095802307129,0.1978021978021978,27.798770058382857,0.0902280660755074,0.1,-0.07074952892346209,0,0,0,0.0027,0.0026963615477426,NA,NA,NA,NA, ,0,0.29913921502186613,0.11103625697418222,0.033215298750223075,joint_compound_rrn_relative_brt,leave_one_event_out,2020,-0.033215298750223075,0.033215298750223075
manta,4285403,14-126,Linnet Reef (14-126),2020,Northern GBR,5,5.2700000000000005,0.5318946790110578,0.19898162736542865,5.7096656765768365,5.619095802307129,0.1978021978021978,27.798770058382857,0.0902280660755074,0.1,-0.07074952892346209,0,0,0,0.0027,0.0026963615477426,NA,NA,NA,NA, ,0.22967967092165917,0.4303634928500405,0.15148093419541528,0.06519186394052606,joint_compound_rrn_relative_brt,leave_one_event_out,2020,0.1644878069811331,0.1644878069811331
ltmp,4173746,14-137,Carter Reef (14-137),2020,Northern GBR,3,7.72,0.06116098425782691,0.11873722301667407,5.7096656765768365,5.886612892150879,0.17582417582417584,61.75564549314031,0,0.25,-0.02380952425301075,0,0,NA,0,0,NA,NA,NA,NA, ,0,0.2648259926760994,0.09353774923264808,0.024771227293224084,joint_compound_rrn_relative_brt,leave_one_event_out,2020,-0.024771227293224084,0.024771227293224084
manta,3988791,14-137,Carter Reef (14-137),2020,Northern GBR,3,7.72,0.06116098425782691,0.12198563296449294,5.7096656765768365,5.886612892150879,0.17582417582417584,61.75564549314031,0,0.25,-0.02380952425301075,0,0,NA,0,0,NA,NA,NA,NA, ,0,0.2707928245613956,0.11632578769723617,0.031500188619863825,joint_compound_rrn_relative_brt,leave_one_event_out,2020,-0.031500188619863825,0.031500188619863825
ltmp,4175972,14-138,Yonge Reef (14-138),2020,Northern GBR,1,8.11,0.089579671200695,0.12508156810080587,5.7096656765768365,5.886612892150879,0.17582417582417584,61.75564549314031,0,0.3,0,0,0,0,0,0,NA,NA,NA,NA, ,0,0.2519070564620683,0.1072913321914759,0.027027443676248642,joint_compound_rrn_relative_brt,leave_one_event_out,2020,-0.027027443676248642,0.027027443676248642
manta,4206463,14-138,Yonge Reef (14-138),2020,Northern GBR,1,8.11,0.089579671200695,0.14516059611583534,5.7096656765768365,5.886612892150879,0.17582417582417584,61.75564549314031,0,0.3,0,0,0,0,0,0,NA,NA,NA,NA, ,0,0.2774034288953653,0.13365090221692424,0.037075218549933966,joint_compound_rrn_relative_brt,leave_one_event_out,2020,-0.037075218549933966,0.037075218549933966
ltmp,4169995,14-139,No Name Reef (14-139),2020,Northern GBR,3,7.87,0.1266797360320862,0.12939483349726616,5.7096656765768365,5.865488529205322,0.16483516483516483,60.49914788861235,0,0.3,0,0,0,0,0,0,NA,NA,NA,NA, ,0,0.3100770510119081,0.10992265230690891,0.03408449186673363,joint_compound_rrn_relative_brt,leave_one_event_out,2020,-0.03408449186673363,0.03408449186673363
manta,3988853,14-139,No Name Reef (14-139),2020,Northern GBR,3,7.87,0.1266797360320862,0.14083316319410652,5.7096656765768365,5.865488529205322,0.16483516483516483,60.49914788861235,0,0.3,0,0,0,0,0,0,NA,NA,NA,NA, ,0,0.3320792619280177,0.14089848394181537,0.046789464554174695,joint_compound_rrn_relative_brt,leave_one_event_out,2020,-0.046789464554174695,0.046789464554174695
ltmp,4172234,14-143,North Direction Reef (14-143),2020,Northern GBR,5,6.57,0.1598059524239039,0.051758305044525096,5.7096656765768365,6.109978199005127,0.14285714285714285,38.660259476645,0,0.35,0,0,0,0.0560000017285347,0.0044,0.00439034830129289,NA,NA,NA,NA, ,0,0.21148325049083452,0.10332265611818851,0.02185101116522122,joint_compound_rrn_relative_brt,leave_one_event_out,2020,-0.02185101116522122,0.02185101116522122
manta,4068424,15-093,Pickersgill Reef (15-093),2020,Central GBR,3,2.44,0.22321031380258755,0.1701733599111767,6.045028195178155,5.747067451477051,0.17582417582417584,26.755070245868687,0.0454545468091965,0.2,-0.0493315748809013,0,0,0,0,0,NA,NA,NA,NA, ,0,0.10116228870734656,0.11442472231088166,0.01157546679367137,joint_compound_rrn_relative_brt,leave_one_event_out,2020,-0.01157546679367137,0.01157546679367137
manta,4067495,15-095,Evening Reef (15-095),2020,Central GBR,4,2.45,0.23227150268134197,0.11126330182411942,6.181991400883659,5.833205699920654,0.21978021978021975,53.443772818368494,0,0.15,-0.04753112794529425,0,0,0,0,0,NA,NA,NA,NA, ,0,0.0867243468827031,0.09754359701095885,0.008459404743364997,joint_compound_rrn_relative_brt,leave_one_event_out,2020,-0.008459404743364997,0.008459404743364997
ltmp,4176752,15-099c,Agincourt Reefs (No 1) (15-099c),2020,Central GBR,1,7.74,0.3159752846179306,0.23093330936960185,6.181991400883659,5.833205699920654,0.21978021978021975,53.443772818368494,0.0454545468091965,0.65,0.0454545468091965,0,0,0,0,0,NA,NA,NA,NA, ,0,0.28447144210468533,0.1484131107948285,0.04221929165504731,joint_compound_rrn_relative_brt,leave_one_event_out,2020,-0.04221929165504731,0.04221929165504731
manta,4206429,15-099c,Agincourt Reefs (No 1) (15-099c),2020,Central GBR,1,7.74,0.3159752846179306,0.2643970987103804,6.181991400883659,5.833205699920654,0.21978021978021975,53.443772818368494,0.0454545468091965,0.65,0.0454545468091965,0,0,0,0,0,NA,NA,NA,NA, ,0,0.29466933594946937,0.18441443908302974,0.054341280304090245,joint_compound_rrn_relative_brt,leave_one_event_out,2020,-0.054341280304090245,0.054341280304090245
manta,4206196,16-015,Mackay Reef (16-015),2020,Central GBR,4,2.98,0.03572139139460593,0.13745701097986193,6.181991400883659,5.833205699920654,0.21978021978021975,53.443772818368494,0,0.15,-0.0488095246255398,0,0,NA,2e-4,1.9998000266626675e-4,NA,NA,NA,NA, ,0,0.16492720029045366,0.10905693647912319,0.017986455205755633,joint_compound_rrn_relative_brt,leave_one_event_out,2020,-0.017986455205755633,0.017986455205755633
ltmp,4177622,16-019,St Crispin Reef (16-019),2020,Central GBR,4,6.34,0.4049152989257601,0.2039999469986351,6.181991400883659,5.833205699920654,0.21978021978021975,53.443772818368494,0.0454545468091965,0.35,-0.00216450169682499,0,0,0.00466666681071122,0.0015,0.00149887612373589,NA,NA,NA,NA, ,0,0.4496351870519448,0.13946984110263216,0.06271054809228703,joint_compound_rrn_relative_brt,leave_one_event_out,2020,-0.06271054809228703,0.06271054809228703
manta,4206491,16-019,St Crispin Reef (16-019),2020,Central GBR,4,6.34,0.4049152989257601,0.10510031402577229,6.181991400883659,5.833205699920654,0.21978021978021975,53.443772818368494,0.0454545468091965,0.35,-0.00216450169682499,0,0,0.00466666681071122,0.0015,0.00149887612373589,NA,NA,NA,NA, ,0,0.35423158337115496,0.15045884643946159,0.053297275406447936,joint_compound_rrn_relative_brt,leave_one_event_out,2020,-0.053297275406447936,0.053297275406447936
ltmp,3752919,16-025,Opal Reef (16-025),2020,Central GBR,5,7.4,0.03131226941791072,0.034707616245961484,5.985742071087043,6.225968360900879,0.16483516483516483,77.0247173690324,0.0454545468091965,0.55,0.02272727340459825,0,0,0,0,0,NA,NA,NA,NA, ,0,0.32151005781986497,0.13104944296725574,0.04213371398566349,joint_compound_rrn_relative_brt,leave_one_event_out,2020,-0.04213371398566349,0.04213371398566349
manta,4068504,16-025,Opal Reef (16-025),2020,Central GBR,5,7.4,0.03131226941791072,0.08916146256265847,5.985742071087043,6.225968360900879,0.16483516483516483,77.0247173690324,0.0454545468091965,0.55,0.02272727340459825,0,0,0,0,0,NA,NA,NA,NA, ,0,0.31754160193821507,0.16283295313548032,0.05170623678697072,joint_compound_rrn_relative_brt,leave_one_event_out,2020,-0.05170623678697072,0.05170623678697072
manta,4206353,16-028,Low Islands Reef (16-028),2020,Central GBR,5,5.54,0.012993436393178208,0.19090073961148074,6.156819010087552,2.957913637161255,0.5934065934065934,26.65400763146825,0.283558980368152,0.7,0.03480333942385705,0,0,0,0,0,NA,NA,NA,NA, ,0,0.2599133841304222,0.09897772630291074,0.02572563579692423,joint_compound_rrn_relative_brt,leave_one_event_out,2020,-0.02572563579692423,0.02572563579692423
manta,4068328,16-030,Norman Reef (16-030),2020,Central GBR,5,8.19,0.07948000599159179,0.17847494416577003,5.985742071087043,6.300243377685547,0.13186813186813187,60.09013295337378,0,0.3,0,0,0,0,0,0,NA,NA,NA,NA, ,0,0.44630645387485884,0.17635673352396056,0.07870914835603228,joint_compound_rrn_relative_brt,leave_one_event_out,2020,-0.07870914835603228,0.07870914835603228
ltmp,3765533,16-049,Green Island Reef (16-049),2020,Central GBR,2,5.42,0.1243769366710853,0.10414285891277554,5.904156183918324,6.1203413009643555,0.14285714285714285,38.476277836573935,0.178386772898601,0.6,0.02062946255088948,0,0,0,3e-4,2.9995500899797546e-4,NA,NA,NA,NA, ,0,0.22416516338058207,0.08788693382521315,0.01970118887994731,joint_compound_rrn_relative_brt,leave_one_event_out,2020,-0.01970118887994731,0.01970118887994731
manta,4068396,16-049,Green Island Reef (16-049),2020,Central GBR,2,5.42,0.1243769366710853,0.06339257690264248,5.904156183918324,6.1203413009643555,0.14285714285714285,38.476277836573935,0.178386772898601,0.6,0.02062946255088948,0,0,0,3e-4,2.9995500899797546e-4,NA,NA,NA,NA, ,0,0.22735541836477358,0.1194940423896354,0.027167617999593545,joint_compound_rrn_relative_brt,leave_one_event_out,2020,-0.027167617999593545,0.027167617999593545
ltmp,4179545,16-057,Hastings Reef (16-057),2020,Central GBR,2,7.59,0.08777853151013362,0.12145711434946894,5.985742071087043,6.300243377685547,0.13186813186813187,60.09013295337378,0.0472906820034626,0.6,0.0472906820034626,0,0,0.00249999994412065,0.0012,0.00119928057548209,NA,NA,NA,NA, ,0,0.33283221861139084,0.13110311555455967,0.04363534081688964,joint_compound_rrn_relative_brt,leave_one_event_out,2020,-0.04363534081688964,0.04363534081688964
manta,4206250,16-057,Hastings Reef (16-057),2020,Central GBR,2,7.59,0.08777853151013362,0.066158798391563,5.985742071087043,6.300243377685547,0.13186813186813187,60.09013295337378,0.0472906820034626,0.6,0.0472906820034626,0,0,0.00249999994412065,0.0012,0.00119928057548209,NA,NA,NA,NA, ,0,0.325783651696139,0.16323264087904835,0.05317852582158082,joint_compound_rrn_relative_brt,leave_one_event_out,2020,-0.05317852582158082,0.05317852582158082
ltmp,3755346,16-060,Michaelmas Reef (16-060),2020,Central GBR,1,7.51,0.09836110182053008,0.08391697573358502,5.985742071087043,6.300243377685547,0.13186813186813187,60.09013295337378,0.13498760609016,0.9,0.08191352733978075,0,0,0,7e-4,6.997551142733419e-4,NA,NA,NA,NA, ,0,0.31538752388681607,0.13593649434957944,0.04287267435876802,joint_compound_rrn_relative_brt,leave_one_event_out,2020,-0.04287267435876802,0.04287267435876802
manta,4206524,16-060,Michaelmas Reef (16-060),2020,Central GBR,1,7.51,0.09836110182053008,0.10120382631987114,5.985742071087043,6.300243377685547,0.13186813186813187,60.09013295337378,0.13498760609016,0.9,0.08191352733978075,0,0,0,7e-4,6.997551142733419e-4,NA,NA,NA,NA, ,0,0.3114599485180559,0.17179691833103533,0.05350785933894492,joint_compound_rrn_relative_brt,leave_one_event_out,2020,-0.05350785933894492,0.05350785933894492
ltmp,4178613,16-068,Thetford Reef (16-068),2020,Central GBR,5,6.23,0.0679327871628355,0.15793727343746522,5.904156183918324,6.19913911819458,0.12087912087912088,60.028158717834764,0.0465108104841061,0.5,-2.5987173502897695e-5,0,0,0,1e-4,9.999500033330834e-5,NA,NA,NA,NA, ,0,0.3233224174293533,0.0760244438238367,0.02458040696084495,joint_compound_rrn_relative_brt,leave_one_event_out,2020,-0.02458040696084495,0.02458040696084495
manta,4068554,16-068,Thetford Reef (16-068),2020,Central GBR,5,6.23,0.0679327871628355,0.1452405045111585,5.904156183918324,6.19913911819458,0.12087912087912088,60.028158717834764,0.0465108104841061,0.5,-2.5987173502897695e-5,0,0,0,1e-4,9.999500033330834e-5,NA,NA,NA,NA, ,0,0.3298848624540407,0.10426776057023834,0.03439635585410392,joint_compound_rrn_relative_brt,leave_one_event_out,2020,-0.03439635585410392,0.03439635585410392
manta,4068199,16-071,Moore Reef (16-071),2020,Central GBR,1,5.6000000000000005,0.15394716679562537,0.10524028202668174,5.904156183918324,6.19913911819458,0.12087912087912088,60.028158717834764,0.0461343850700136,0.5,-4.024125875954007e-4,0,0,0,7e-4,6.997551142733419e-4,NA,NA,NA,NA, ,0,0.29904751819854053,0.10274257307393239,0.03072491149109168,joint_compound_rrn_relative_brt,leave_one_event_out,2020,-0.03072491149109168,0.03072491149109168
manta,4068671,17-034,Feather Reef (17-034),2020,Central GBR,4,5.45,0.2533073042686672,0.10539142180833895,5.986470757508614,5.757254600524902,0.10989010989010987,53.02430121520352,0,0.1,-0.04777659931244085,0,0,0,6e-4,5.998200719676155e-4,NA,NA,NA,NA, ,0,0.1285718308690608,0.09846016921542185,0.012659204223704324,joint_compound_rrn_relative_brt,leave_one_event_out,2020,-0.012659204223704324,0.012659204223704324
manta,4066154,18-030,Kelso Reef (18-030),2020,Central GBR,5,5.4,0.3993468404130513,0.26561502022147016,6.032604992199209,5.73804235458374,0.07692307692307693,83.77527323363911,0,0.3,0,0,0,0.136000007390976,0.0722,0.0697126124113003,NA,NA,NA,NA, ,0.13828472788312293,0.3878714285135048,0.16292272368347074,0.06319306957241883,joint_compound_rrn_relative_brt,leave_one_event_out,2020,0.0750916583107041,0.0750916583107041
manta,4067873,18-031,Little Kelso Reef (18-031),2020,Central GBR,1,5.01,0.6403023434382549,0.1272730868038166,6.032604992199209,5.73804235458374,0.07692307692307693,83.77527323363911,0,0.35,0,0,0,0.0309999994933605,0.0432,0.04229291219025145,NA,NA,NA,NA, ,0,0.20952280388260938,0.1402183097672202,0.02937893341810825,joint_compound_rrn_relative_brt,leave_one_event_out,2020,-0.02937893341810825,0.02937893341810825
ltmp,4239587,18-032,Rib Reef (18-032),2020,Central GBR,3,5.11,0.07572010704512619,0.054556980921910476,6.032604992199209,5.560146331787109,0.08791208791208792,59.56981330964312,0,0.35,0,0,0,0.0489999987185001,0.0494,0.04821857227047433,NA,NA,NA,NA, ,0,0.14699302820142696,0.10739708280773198,0.015786622421907932,joint_compound_rrn_relative_brt,leave_one_event_out,2020,-0.015786622421907932,0.015786622421907932
manta,4068048,18-032,Rib Reef (18-032),2020,Central GBR,3,5.11,0.07572010704512619,0.11536865615161702,6.032604992199209,5.560146331787109,0.08791208791208792,59.56981330964312,0,0.35,0,0,0,0.0489999987185001,0.0494,0.04821857227047433,NA,NA,NA,NA, ,0,0.14833536676556805,0.12880626852372185,0.019106525083170522,joint_compound_rrn_relative_brt,leave_one_event_out,2020,-0.019106525083170522,0.019106525083170522
ltmp,4236109,18-034,Myrmidon Reef (18-034),2020,Central GBR,2,8.3,0.25502711519092813,0.34000027391479803,6.177046814539012,5.9899373054504395,0.0989010989010989,132.00208142190922,0,0.4,0,0,0,0,0,0,NA,NA,NA,NA, ,0,0.311791629833484,0.16747142710358495,0.05221618920716626,joint_compound_rrn_relative_brt,leave_one_event_out,2020,-0.05221618920716626,0.05221618920716626
manta,4066116,18-034,Myrmidon Reef (18-034),2020,Central GBR,2,8.3,0.25502711519092813,0.15597335620178882,6.177046814539012,5.9899373054504395,0.0989010989010989,132.00208142190922,0,0.4,0,0,0,0,0,0,NA,NA,NA,NA, ,0,0.20665978532683593,0.1603397017313804,0.033135768339175975,joint_compound_rrn_relative_brt,leave_one_event_out,2020,-0.033135768339175975,0.033135768339175975
ltmp,4230874,18-039,Dip Reef (18-039),2020,Central GBR,1,6.91,0.3358751128341077,0.16570209074124886,6.011280471995126,6.012062072753906,0.08791208791208792,111.1950802335326,0,0.35,0,0,0,NA,0,0,NA,NA,NA,NA, ,0,0.23153464897400292,0.1271317155411389,0.029435397131280384,joint_compound_rrn_relative_brt,leave_one_event_out,2020,-0.029435397131280384,0.029435397131280384
manta,4066270,18-039,Dip Reef (18-039),2020,Central GBR,1,6.91,0.3358751128341077,0.16078226510991372,6.011280471995126,6.012062072753906,0.08791208791208792,111.1950802335326,0,0.35,0,0,0,NA,0,0,NA,NA,NA,NA, ,0,0.2161950597469885,0.14705291766973447,0.031792114321577226,joint_compound_rrn_relative_brt,leave_one_event_out,2020,-0.031792114321577226,0.031792114321577226
ltmp,4236914,18-051,Pandora Reef (18-051),2020,Central GBR,3,8.97,0.03249614945099818,0.4022405202552219,6.032604992199209,4.50977087020874,0.25274725274725274,26.32349077361211,0.904761910438529,1,0.23302941284246204,0,0,NA,0.0481,0.0469790011939946,NA,NA,NA,NA, ,0,0.3912578385190005,0.1447555110846304,0.0566367283806857,joint_compound_rrn_relative_brt,leave_one_event_out,2020,-0.0566367283806857,0.0566367283806857
ltmp,4225911,18-065,Havannah Reef (18-065),2020,Central GBR,3,8.18,0.6882594454496512,0.18388524505970671,6.032604992199209,4.50977087020874,0.25274725274725274,26.32349077361211,0.535472299849474,0.6,0.08015784559205646,0,0,NA,0.0494,0.04821857227047433,b,NA,"bleaching at time of previous survey | DHW 8.81, MMP observations",coral bleaching at 2.0 m only | coral bleaching at 9.0 m only,"bleaching at time of previous survey | DHW 8.81, MMP observations  coral bleaching at 2.0 m only | coral bleaching at 9.0 m only",0.39380685419487826,0.28903400095064913,0.12498473679847086,0.03612483853462586,joint_compound_rrn_relative_brt,leave_one_event_out,2020,0.35768201566025243,0.35768201566025243
ltmp,4235333,18-075,John Brewer Reef (18-075),2020,Central GBR,2,4.21,0.5789656920003557,0.0903045785350731,5.770404985345434,5.603609085083008,0.07692307692307693,61.49749903428462,0,0.35,0,0,0,0.0842857137322426,0.0656,0.06353802080398764,NA,NA,NA,NA, ,0,0.23271609610539343,0.11480782832607987,0.026717629610383514,joint_compound_rrn_relative_brt,leave_one_event_out,2020,-0.026717629610383514,0.026717629610383514
manta,4068099,18-075,John Brewer Reef (18-075),2020,Central GBR,2,4.21,0.5789656920003557,0.11694797177863321,5.770404985345434,5.603609085083008,0.07692307692307693,61.49749903428462,0,0.35,0,0,0,0.0842857137322426,0.0656,0.06353802080398764,NA,NA,NA,NA, ,0,0.23292758041813744,0.13634694624150484,0.03175896428543558,joint_compound_rrn_relative_brt,leave_one_event_out,2020,-0.03175896428543558,0.03175896428543558
ltmp,4237695,18-086,Chicken Reef (18-086),2020,Central GBR,4,6.86,0.49055631428249896,0.3738055410716834,6.011280471995126,6.078682899475098,0.08791208791208792,87.43427334613949,0,0.35,0,0,0,0,0.0146,0.01449444615045256,NA,NA,NA,NA, ,0,0.4999198258676833,0.19911784362556045,0.09954295771243878,joint_compound_rrn_relative_brt,leave_one_event_out,2020,-0.09954295771243878,0.09954295771243878
manta,4066791,18-086,Chicken Reef (18-086),2020,Central GBR,4,6.86,0.49055631428249896,0.18834253761370987,6.011280471995126,6.078682899475098,0.08791208791208792,87.43427334613949,0,0.35,0,0,0,0,0.0146,0.01449444615045256,NA,NA,NA,NA, ,0,0.4156275923546765,0.19519561076108688,0.08112868173883113,joint_compound_rrn_relative_brt,leave_one_event_out,2020,-0.08112868173883113,0.08112868173883113
ltmp,4234583,18-096,Davies Reef (18-096),2020,Central GBR,5,5.17,0.3196697117045063,0.3825708405374669,6.011280471995126,6.078682899475098,0.08791208791208792,87.43427334613949,0,0.5,0,0,0,0.115000000223517,0.0702,0.0678455468950672,NA,NA,NA,NA, ,0,0.3315898042219197,0.1939065573016142,0.06429743737298871,joint_compound_rrn_relative_brt,leave_one_event_out,2020,-0.06429743737298871,0.06429743737298871
manta,4068159,18-096,Davies Reef (18-096),2020,Central GBR,5,5.17,0.3196697117045063,0.3212586118283456,6.011280471995126,6.078682899475098,0.08791208791208792,87.43427334613949,0,0.5,0,0,0,0.115000000223517,0.0702,0.0678455468950672,NA,NA,NA,NA, ,0,0.32048184571612315,0.2047791495462408,0.06562799981075726,joint_compound_rrn_relative_brt,leave_one_event_out,2020,-0.06562799981075726,0.06562799981075726
ltmp,4233082,19-131a,U/N Reef (19-131a),2020,Central GBR,5,3.0700000000000003,0.10315989611630695,0.4139151847972261,6.177678834735393,6.4734978675842285,0.04395604395604396,61.428452679898,0.0908366560935975,1,0.0908366560935975,0,0,0,0.0153,0.01518413532503996,NA,NA,NA,NA, ,0.00978824470658098,0.3215747531806934,0.16052400781895199,0.05162046819395518,joint_compound_rrn_relative_brt,leave_one_event_out,2020,-0.0418322234873742,0.0418322234873742
manta,4067678,19-131a,U/N Reef (19-131a),2020,Central GBR,5,3.0700000000000003,0.10315989611630695,0.1587169933071737,6.177678834735393,6.4734978675842285,0.04395604395604396,61.428452679898,0.0908366560935975,1,0.0908366560935975,0,0,0,0.0153,0.01518413532503996,NA,NA,NA,NA, ,0,0.12178918453676822,0.15676745641008494,0.0190925806780876,joint_compound_rrn_relative_brt,leave_one_event_out,2020,-0.0190925806780876,0.0190925806780876
ltmp,4231593,19-138,U/N Reef (19-138),2020,Central GBR,3,3.52,0.07745145210877742,0.3413425659846269,6.177678834735393,6.471310138702393,0.04395604395604396,76.29258334678795,0.0897349909332921,1,0.0897349909332921,0,0,0,0.0153,0.01518413532503996,NA,NA,NA,NA, ,0,0.25901194345705814,0.16677780870378217,0.043197444357876084,joint_compound_rrn_relative_brt,leave_one_event_out,2020,-0.043197444357876084,0.043197444357876084
manta,4067383,19-138,U/N Reef (19-138),2020,Central GBR,3,3.52,0.07745145210877742,0.1829281422628002,6.177678834735393,6.471310138702393,0.04395604395604396,76.29258334678795,0.0897349909332921,1,0.0897349909332921,0,0,0,0.0153,0.01518413532503996,NA,NA,NA,NA, ,0,0.20211027280834215,0.17058213356474092,0.03447640155099885,joint_compound_rrn_relative_brt,leave_one_event_out,2020,-0.03447640155099885,0.03447640155099885
ltmp,4227306,19-159,Slate Reef (19-159),2020,Central GBR,1,5.73,0.4267011199361873,0.31176205255252765,6.177678834735393,6.479991912841797,0.02197802197802198,118.35940764116184,0.090909093618393,1,0.090909093618393,0,0,NA,0.0485,0.04736057135983759,NA,NA,NA,NA, ,0,0.8055171764223708,0.23860933536469509,0.19220391809098772,joint_compound_rrn_relative_brt,leave_one_event_out,2020,-0.19220391809098772,0.19220391809098772
manta,4067120,19-159,Slate Reef (19-159),2020,Central GBR,1,5.73,0.4267011199361873,0.2853069490583801,6.177678834735393,6.479991912841797,0.02197802197802198,118.35940764116184,0.090909093618393,1,0.090909093618393,0,0,NA,0.0485,0.04736057135983759,NA,NA,NA,NA, ,0,0.8012348277138142,0.24855202406645552,0.19914853818080627,joint_compound_rrn_relative_brt,leave_one_event_out,2020,-0.19914853818080627,0.19914853818080627
ltmp,4228741,19-207,Hyde Reef (19-207),2020,Central GBR,4,5.84,0.5149469119724659,0.21268437953974742,6.177678834735393,6.479991912841797,0.02197802197802198,118.35940764116184,0,0.5,0,0,0,NA,0.0353,0.03469123978993036,NA,NA,NA,NA, ,0,0.78291382043073,0.2194394735055178,0.17180219655551288,joint_compound_rrn_relative_brt,leave_one_event_out,2020,-0.17180219655551288,0.17180219655551288
ltmp,4228048,19-209,Rebe Reef (19-209),2020,Central GBR,5,7.1000000000000005,0.5378055745744468,0.19738310010550875,6.177678834735393,6.433742046356201,0.04395604395604396,141.95146623793426,0,0.5,0,0,0,NA,0.0296,0.02917037729977985,NA,NA,NA,NA, ,0,0.5942771610501385,0.16782782323388296,0.09973624233665644,joint_compound_rrn_relative_brt,leave_one_event_out,2020,-0.09973624233665644,0.09973624233665644
manta,4067243,19-209,Rebe Reef (19-209),2020,Central GBR,5,7.1000000000000005,0.5378055745744468,0.35447061249917833,6.177678834735393,6.433742046356201,0.04395604395604396,141.95146623793426,0,0.5,0,0,0,NA,0.0296,0.02917037729977985,NA,NA,NA,NA, ,0,0.6556263267156095,0.20639205085307816,0.1353160621641049,joint_compound_rrn_relative_brt,leave_one_event_out,2020,-0.1353160621641049,0.1353160621641049
manta,4067508,20-113,Ben Reef (20-113),2020,Southern GBR,1,1.96,0.4095021337781647,0.3712366788851641,6.177678834735393,6.478888988494873,0.03296703296703297,133.43482982159227,0.0899723947143739,1,0.0899723947143739,0,0,0,8e-4,7.996801705643322e-4,NA,NA,NA,NA, ,0,0.2728541954088853,0.16388888522351192,0.04471776991412049,joint_compound_rrn_relative_brt,leave_one_event_out,2020,-0.04471776991412049,0.04471776991412049
manta,4067799,20-287,Credlin Reefs (East) (20-287),2020,Southern GBR,2,9.42,0.20111320881900838,0.13093079347843373,6.177678834735393,6.663402557373047,0.03296703296703297,107.88088100039306,0.0454545468091965,1,0.0454545468091965,0,0,NA,0.0895,0.08571887540253752,NA,NA,NA,NA, ,0,0.7691984371891201,0.33260934976992235,0.2558425920375137,joint_compound_rrn_relative_brt,leave_one_event_out,2020,-0.2558425920375137,0.2558425920375137
manta,4049481,20-297,Creal Reef (20-297),2020,Southern GBR,2,5.61,0.16137019063385213,0.2535244490127124,6.177678834735393,6.595123767852783,0.05494505494505494,158.8083169396554,0.0900262720081704,1,0.0900262720081704,0,0,NA,0.1394,0.13050180806415815,NA,NA,NA,NA, ,0,0.6743695471700152,0.21883991426394098,0.14757897388489882,joint_compound_rrn_relative_brt,leave_one_event_out,2020,-0.14757897388489882,0.14757897388489882
ltmp,4238625,21-305,East Cay Reef (21-305),2020,Southern GBR,2,4.61,0.2609107525018889,0.20427112916375162,5.523931492475746,6.538366317749023,0.0989010989010989,222.5876216694933,0,0.5,0,0,0,NA,0.4605,0.3787788428456586,NA,NA,NA,NA, ,0,0.7334786669433951,0.13733683334053737,0.10073363744084457,joint_compound_rrn_relative_brt,leave_one_event_out,2020,-0.10073363744084457,0.10073363744084457
ltmp,4183355,21-529,U/N Reef (21-529),2020,Southern GBR,3,3.98,0.5822428167247238,0.29469552267284255,5.523931492475746,6.541072845458984,0.08791208791208792,188.7922667774775,0,0.5,0,0,0,NA,0,0,NA,NA,NA,NA, ,0.03949257900673553,0.536672749118131,0.1273989540610004,0.06837154691069157,joint_compound_rrn_relative_brt,leave_one_event_out,2020,-0.02887896790395604,0.02887896790395604
manta,3989171,21-529,U/N Reef (21-529),2020,Southern GBR,3,3.98,0.5822428167247238,0.4025133136712928,5.523931492475746,6.541072845458984,0.08791208791208792,188.7922667774775,0,0.5,0,0,0,NA,0,0,NA,NA,NA,NA, ,0,0.6510219884850392,0.14327603857111798,0.0932758515328284,joint_compound_rrn_relative_brt,leave_one_event_out,2020,-0.0932758515328284,0.0932758515328284
ltmp,4184040,21-556,Gannett Cay Reef (21-556),2020,Southern GBR,1,6.8,0.34729302570042375,0.23330519507553893,5.572018815225582,6.538841724395752,0.08791208791208792,198.3246302201427,0,0.5,0,0,0,NA,0.8393,0.6093850644546149,m,NA,DHW2020 6.8.,"crown-of-thorns starfish, coral bleaching","DHW2020 6.8.  crown-of-thorns starfish, coral bleaching",0.5658792943952381,0.8619535756764258,0.2746669032757942,0.2367501193985418,joint_compound_rrn_relative_brt,leave_one_event_out,2020,0.3291291749966963,0.3291291749966963
ltmp,4232338,21-562,Turner Reef (21-562),2020,Southern GBR,1,6,0.17748734789558618,0.054479115033619116,5.572018815225582,6.531579494476318,0.08791208791208792,211.65905306044084,0,0.5,0,0,0,NA,0.6525,0.5022892927437043,NA,NA,NA,NA, ,0,0.7716046117248523,0.24181392871071175,0.18658474257248986,joint_compound_rrn_relative_brt,leave_one_event_out,2020,-0.18658474257248986,0.18658474257248986
manta,4284702,21-562,Turner Reef (21-562),2020,Southern GBR,1,6,0.17748734789558618,0.09364289505840233,5.572018815225582,6.531579494476318,0.08791208791208792,211.65905306044084,0,0.5,0,0,0,NA,0.6525,0.5022892927437043,NA,NA,NA,NA, ,0,0.7662204782530349,0.24522795265649516,0.18789867916547232,joint_compound_rrn_relative_brt,leave_one_event_out,2020,-0.18789867916547232,0.18789867916547232
manta,4284675,22-088a,U/N Reef (22-088a),2020,Southern GBR,3,4.86,0.5357885688203727,0.27732997449046903,5.572018815225582,6.562894344329834,0.08791208791208792,175.33603223489754,0,0.5,0,0,0,NA,0.4271,0.3556444131242084,c,NA,"Active outbreak COTS, DHW2020 4.9.  cots around, DHW2020 4.9",crown-of-thorns starfish,"Active outbreak COTS, DHW2020 4.9.  cots around, DHW2020 4.9  crown-of-thorns starfish",0,0.4590608267826463,0.16103933116659114,0.07392684850985971,joint_compound_rrn_relative_brt,leave_one_event_out,2020,-0.07392684850985971,0.07392684850985971
ltmp,4186343,22-102,Chinaman Reef (22-102),2020,Southern GBR,2,6.6000000000000005,0.09148329523475685,0.1544590375987282,5.572018815225582,6.516928672790527,0.0989010989010989,221.91002299353315,0,0.5,0,0,0,3.44700002670288,1.6281,0.9662611516487952,NA,NA,NA,NA, ,0,0.7782643912269761,0.24596990630204632,0.19142961938831843,joint_compound_rrn_relative_brt,leave_one_event_out,2020,-0.19142961938831843,0.19142961938831843
manta,4284639,22-102,Chinaman Reef (22-102),2020,Southern GBR,2,6.6000000000000005,0.09148329523475685,0.10468208108865018,5.572018815225582,6.516928672790527,0.0989010989010989,221.91002299353315,0,0.5,0,0,0,3.44700002670288,1.6281,0.9662611516487952,NA,NA,NA,NA, ,0,0.7408085561418329,0.2435832079425047,0.18044852457628277,joint_compound_rrn_relative_brt,leave_one_event_out,2020,-0.18044852457628277,0.18044852457628277
ltmp,4182005,22-104a,Horseshoe Reef (No 1) (22-104a),2020,Southern GBR,2,6.61,0.020447710875091594,0.05868770430175735,5.572018815225582,6.538841724395752,0.08791208791208792,198.3246302201427,0,0.5,0,0,0,0.949999988079071,0.7752,0.5739130926362471,NA,NA,NA,NA, ,0.04340310167121431,0.8468775492716647,0.21445355176990893,0.18161589835550454,joint_compound_rrn_relative_brt,leave_one_event_out,2020,-0.13821279668429023,0.13821279668429023
manta,3989234,22-104a,Horseshoe Reef (No 1) (22-104a),2020,Southern GBR,2,6.61,0.020447710875091594,0.08991300952928293,5.572018815225582,6.538841724395752,0.08791208791208792,198.3246302201427,0,0.5,0,0,0,0.949999988079071,0.7752,0.5739130926362471,NA,NA,NA,NA, ,0,0.8429066116594259,0.21189647920812033,0.1786089433118787,joint_compound_rrn_relative_brt,leave_one_event_out,2020,-0.1786089433118787,0.1786089433118787
manta,4284488,23-045a,North Reef (North) (23-045a),2020,Southern GBR,1,7.42,0.5185425521202008,0.4340714641531534,5.545054949432337,6.6627068519592285,0.03296703296703297,94.55219552218418,0.318181812763214,1,0.29545453935861576,0,0,0,7e-4,6.997551142733419e-4,NA,NA,NA,NA, ,0,0.8978255425555436,0.31082965538040613,0.27907080398426576,joint_compound_rrn_relative_brt,leave_one_event_out,2020,-0.27907080398426576,0.27907080398426576
ltmp,4188172,23-048,Broomfield Reef (23-048),2020,Southern GBR,4,6.9,0.8188876738951109,0.5949326890939102,5.545054949432337,6.6627068519592285,0.03296703296703297,94.55219552218418,0.278052419008012,1,0.23259787219881548,0,0,0,0,0,NA,NA,NA,NA, ,0,0.9189612078520502,0.2626737077993444,0.241386947790262,joint_compound_rrn_relative_brt,leave_one_event_out,2020,-0.241386947790262,0.241386947790262
manta,4284729,23-048,Broomfield Reef (23-048),2020,Southern GBR,4,6.9,0.8188876738951109,0.5079956101326129,5.545054949432337,6.6627068519592285,0.03296703296703297,94.55219552218418,0.278052419008012,1,0.23259787219881548,0,0,0,0,0,NA,NA,NA,NA, ,0,0.9196423317024136,0.2672338044912472,0.24575951907203747,joint_compound_rrn_relative_brt,leave_one_event_out,2020,-0.24575951907203747,0.24575951907203747
manta,4284530,23-051,Wreck Island Reef (23-051),2020,Southern GBR,3,6.48,0.9454765295081774,0.5291629552580835,5.545054949432337,6.6627068519592285,0.03296703296703297,94.55219552218418,0.404689475373292,1,0.38196220196869374,0,0,NA,0,0,NA,NA,NA,NA, ,0,0.8730464216625706,0.28569858640552603,0.24942812853539925,joint_compound_rrn_relative_brt,leave_one_event_out,2020,-0.24942812853539925,0.24942812853539925
ltmp,4185537,23-055a,One Tree Island Reef (23-055a),2020,Southern GBR,1,5.34,0.8889220066516131,0.5764833385699617,5.325724245376243,6.62986946105957,0.03296703296703297,75.37078298757997,0.496293254226562,1,0.4735659808219638,0,0,NA,0.0717,0.06924617273681433,NA,NA,NA,NA, ,0,0.8719821626236822,0.2033966362303591,0.17735823873053094,joint_compound_rrn_relative_brt,leave_one_event_out,2020,-0.17735823873053094,0.17735823873053094
manta,4284429,23-055a,One Tree Island Reef (23-055a),2020,Southern GBR,1,5.34,0.8889220066516131,0.4417325786544859,5.325724245376243,6.62986946105957,0.03296703296703297,75.37078298757997,0.496293254226562,1,0.4735659808219638,0,0,NA,0.0717,0.06924617273681433,NA,NA,NA,NA, ,0,0.8680129226768531,0.20459270937048366,0.17758911561904953,joint_compound_rrn_relative_brt,leave_one_event_out,2020,-0.17758911561904953,0.17758911561904953
manta,4284415,23-068,Erskine Reef (23-068),2020,Southern GBR,1,8.85,0.6463574733552038,0.41891770670918616,5.545054949432337,6.6470489501953125,0.04395604395604396,58.02948927544897,0.359053447852049,1,0.3135989010428525,0,0,0.0166666669150194,0,0,b,NA,DHW2020 8.7.  COTS culling in the region also,coral bleaching,DHW2020 8.7.  COTS culling in the region also  coral bleaching,0.1282197896106264,0.8807129358215041,0.32541015540805995,0.2865929333155644,joint_compound_rrn_relative_brt,leave_one_event_out,2020,-0.158373143704938,0.158373143704938
manta,4284517,23-069,Mast Head Reef (23-069),2020,Southern GBR,2,8.870000000000001,0.5168890543700682,0.3687693833880568,5.545054949432337,6.6470489501953125,0.04395604395604396,58.02948927544897,0.35868235606875,1,0.3132278092595535,0,0,0,0,0,b,NA,DHW2020 8.9,coral bleaching,DHW2020 8.9  coral bleaching,0.19578202558213337,0.8508762023497349,0.3357139468357562,0.28565100815944905,joint_compound_rrn_relative_brt,leave_one_event_out,2020,-0.08986898257731568,0.08986898257731568
manta,4284465,23-079,Boult Reef (23-079),2020,Southern GBR,2,3.69,0.8105745639212576,0.4830605824150165,5.4533243217087985,6.587196350097656,0.03296703296703297,75.30452287765046,0.181818187236785,1,0.181818187236785,0,0,0.202499996870756,0.1119,0.10607026372706647,NA,NA,NA,NA, ,0,0.5030982466957344,0.15975120225214143,0.08037054976058801,joint_compound_rrn_relative_brt,leave_one_event_out,2020,-0.08037054976058801,0.08037054976058801
manta,4284552,23-080,Hoskyn Islands Reef (23-080),2020,Southern GBR,4,3.6,0.673505856232747,0.46745503668090443,5.4533243217087985,6.587196350097656,0.03296703296703297,75.30452287765046,0.181048326443982,1,0.181048326443982,0,0,0.0962499966844916,0.1119,0.10607026372706647,NA,NA,NA,NA, ,0,0.45998271257147977,0.1651919934132507,0.07598546122531707,joint_compound_rrn_relative_brt,leave_one_event_out,2020,-0.07598546122531707,0.07598546122531707
manta,4284502,23-081,Fairfax Islands Reef (23-081),2020,Southern GBR,3,4.55,0.8387996880898884,0.4013951176481543,5.4533243217087985,6.587196350097656,0.03296703296703297,75.30452287765046,0.0906756513383764,1,0.0906756513383764,0,0,0.021000000089407,0.2415,0.21632032596608425,NA,NA,NA,NA, ,0,0.5222116065559296,0.17106813962043038,0.08933376802171902,joint_compound_rrn_relative_brt,leave_one_event_out,2020,-0.08933376802171902,0.08933376802171902
ltmp,4187212,23-082a,Lady Musgrave Reef (23-082a),2020,Southern GBR,5,4.91,0.9383600886206768,0.6261353612748524,5.450797930900773,6.549958229064941,0.03296703296703297,75.2376810282473,0.0903493206534778,1,0.0903493206534778,0,0,0.251749996561557,0.2415,0.21632032596608425,NA,NA,NA,NA, ,0,0.692023385541905,0.20431095036732053,0.14138795557647726,joint_compound_rrn_relative_brt,leave_one_event_out,2020,-0.14138795557647726,0.14138795557647726
manta,4284764,23-082a,Lady Musgrave Reef (23-082a),2020,Southern GBR,5,4.91,0.9383600886206768,0.4630601410169584,5.450797930900773,6.549958229064941,0.03296703296703297,75.2376810282473,0.0903493206534778,1,0.0903493206534778,0,0,0.251749996561557,0.2415,0.21632032596608425,NA,NA,NA,NA, ,0,0.6865824446572792,0.20907586597679442,0.1435478191811852,joint_compound_rrn_relative_brt,leave_one_event_out,2020,-0.1435478191811852,0.1435478191811852
ltmp,4241128,11-016,McSweeney Reef (11-016),2022,Northern GBR,2,6.72,0,0.10206708835116286,6.048990046254762,4.911509990692139,0.25555555555555554,61.227214056639745,0,0.3,0,0,0,0.194444447755814,0.197,0.1798184265758361,NA,NA,NA,NA, ,0,0.04784528265778721,0.058055640812204864,0.0027776885445389087,joint_compound_rrn_relative_brt,leave_one_event_out,2022,-0.0027776885445389087,0.0027776885445389087
ltmp,4240948,11-029,Monsoon Reef (11-029),2022,Northern GBR,3,6.55,0.020203981877468212,0.12125299881007712,6.048990046254762,4.895129680633545,0.25555555555555554,54.52924238766865,0,0.3,0,0,0,0.200000002980232,0.2036,0.18531706577375312,NA,NA,NA,NA, ,0,0.06273465713209535,0.08478881195652839,0.005319197046730515,joint_compound_rrn_relative_brt,leave_one_event_out,2022,-0.005319197046730515,0.005319197046730515
ltmp,4241525,11-049,U/N Reef (11-049),2022,Northern GBR,5,5.8100000000000005,0.048981308349736,0.19528219082275924,6.048990046254762,4.895129680633545,0.25555555555555554,54.52924238766865,0.0498473599041463,0.6,0.0498473599041463,0,0,0.780487775802612,0.691,0.5253200699164432,NA,NA,NA,NA, ,0,0.059395412503289474,0.1830140363267136,0.010870194181517159,joint_compound_rrn_relative_brt,leave_one_event_out,2022,-0.010870194181517159,0.010870194181517159
ltmp,4241315,12-056,Mantis Reef (12-056),2022,Northern GBR,3,10.45,0.21517474702332873,0.1723114487572831,6.150357064439301,5.042386054992676,0.2111111111111111,86.07130881755599,0.050152366259106,0.7,0.02529249889364944,0,0,0,0,0,NA,NA,NA,NA, ,0.014261294460282303,0.27227396989140645,0.16404481588283126,0.044665133260523314,joint_compound_rrn_relative_brt,leave_one_event_out,2022,-0.03040383880024101,0.03040383880024101
manta,4285300,12-056,Mantis Reef (12-056),2022,Northern GBR,3,10.45,0.21517474702332873,0.33703276595027076,6.150357064439301,5.042386054992676,0.2111111111111111,86.07130881755599,0.050152366259106,0.7,0.02529249889364944,0,0,0,0,0,NA,NA,NA,NA, ,0,0.4910271780371882,0.2141107993360476,0.10513422158526613,joint_compound_rrn_relative_brt,leave_one_event_out,2022,-0.10513422158526613,0.10513422158526613
ltmp,4241952,12-061,Lagoon Reef (12-061),2022,Northern GBR,1,7.71,0.277758232567382,0.3012948558892937,6.150357064439301,5.084073066711426,0.13333333333333333,54.279648353109025,0.0484386681065906,0.5,0.02350020791324015,0,0,0,0,0,NA,NA,NA,NA, ,0,0.5883939671932626,0.16392479033319324,0.09645235770547136,joint_compound_rrn_relative_brt,leave_one_event_out,2022,-0.09645235770547136,0.09645235770547136
manta,4285500,12-061,Lagoon Reef (12-061),2022,Northern GBR,1,7.71,0.277758232567382,0.34639715606109467,6.150357064439301,5.084073066711426,0.13333333333333333,54.279648353109025,0.0484386681065906,0.5,0.02350020791324015,0,0,0,0,0,NA,NA,NA,NA, ,0,0.5883939671932626,0.1904227543540796,0.11204359987826502,joint_compound_rrn_relative_brt,leave_one_event_out,2022,-0.11204359987826502,0.11204359987826502
manta,4285460,12-098,Second Small Reef (12-098),2022,Northern GBR,1,8.46,0.32711814112678345,0.3511430866922869,6.150357064439301,5.084073066711426,0.13333333333333333,54.279648353109025,0.0462025976892283,0.6,0.0462025976892283,0,0,NA,0,0,NA,NA,NA,NA, ,0,0.4977323786104503,0.20941975588109366,0.10423499322271658,joint_compound_rrn_relative_brt,leave_one_event_out,2022,-0.10423499322271658,0.10423499322271658
manta,1273023,13-056,Sand Bank No 8 Reef (13-056),2022,Northern GBR,5,7.49,0.1960642027905039,0.23172291934248443,5.754086810743927,5.232616901397705,0.1,54.11748335007643,0.0947500755292494,0.6,0.0471310270232279,0,0,NA,0,0,NA,NA,NA,NA, ,0,0.406615919219274,0.0660668912811744,0.02686384972825457,joint_compound_rrn_relative_brt,leave_one_event_out,2022,-0.02686384972825457,0.02686384972825457
manta,1273190,13-118a,Creech Reef (North) (13-118a),2022,Northern GBR,2,7.94,0.18263395256926518,0.3979732078801178,5.825020814971268,5.049399375915527,0.08888888888888889,54.0042200125233,0.0512481090234852,0.8,0.02852083561888695,0,0,NA,0,0,NA,NA,NA,NA, ,0,0.6442516009968458,0.07404290999723433,0.04770226330818357,joint_compound_rrn_relative_brt,leave_one_event_out,2022,-0.04770226330818357,0.04770226330818357
manta,1273142,13-121,U/N Reef (13-121),2022,Northern GBR,3,9.34,0.1996493645654637,0.21666904425339273,6.23031663982748,5.2201762199401855,0.07777777777777778,61.79502527764437,0.0471606980463497,0.4,-0.02268434340843204,0,0,NA,0,0,NA,NA,NA,NA, ,0,0.5651704409737434,0.14975257357306843,0.08463572804324403,joint_compound_rrn_relative_brt,leave_one_event_out,2022,-0.08463572804324403,0.08463572804324403
ltmp,4242162,13-124,U/N Reef (13-124),2022,Northern GBR,4,5.55,0.14891155162157527,0.29979917638459785,5.825020814971268,5.049399375915527,0.08888888888888889,54.0042200125233,0.19731509407121,0.6,0.01525386860281352,0,0,0,0,0,NA,NA,NA,NA, ,0.008363229155840207,0.4312761318682995,0.05077702675607059,0.02189891968713127,joint_compound_rrn_relative_brt,leave_one_event_out,2022,-0.013535690531291064,0.013535690531291064
manta,4285227,13-124,U/N Reef (13-124),2022,Northern GBR,4,5.55,0.14891155162157527,0.30157069902119826,5.825020814971268,5.049399375915527,0.08888888888888889,54.0042200125233,0.19731509407121,0.6,0.01525386860281352,0,0,0,0,0,NA,NA,NA,NA, ,0,0.4312761318682995,0.09115227275658717,0.039311799605465096,joint_compound_rrn_relative_brt,leave_one_event_out,2022,-0.039311799605465096,0.039311799605465096
ltmp,4184760,14-087,Snake Reef (14-087),2022,Northern GBR,1,3.63,0.47482565881965977,0.21698047006081578,6.269256244359847,5.450056076049805,0.13333333333333333,38.681727528550425,0.191775468301756,0.2,-0.1261442223542925,0,0,0,0.001,9.995003330835331e-4,NA,NA,NA,NA, ,0.015880626435146806,0.47042748821222213,0.257652759972688,0.12120694070489818,joint_compound_rrn_relative_brt,leave_one_event_out,2022,-0.10532631426975138,0.10532631426975138
ltmp,4171458,14-114,MacGillivray Reef (14-114),2022,Northern GBR,4,3.88,0.09358090098874752,0.18257971587487679,6.228459588502013,6.290968894958496,0.08888888888888889,38.660259476645,0,0.35,0,0,0,0,0.0058,0.00578324475572733,NA,NA,NA,NA, ,0.04302678635595218,0.151226621868385,0.18244386722005487,0.027590369720293082,joint_compound_rrn_relative_brt,leave_one_event_out,2022,0.0154364166356591,0.0154364166356591
manta,4206377,14-114,MacGillivray Reef (14-114),2022,Northern GBR,4,3.88,0.09358090098874752,0.3045120088924622,6.228459588502013,6.290968894958496,0.08888888888888889,38.660259476645,0,0.35,0,0,0,0,0.0058,0.00578324475572733,NA,NA,NA,NA, ,0,0.3038439146445525,0.2459540602863032,0.07473164450011263,joint_compound_rrn_relative_brt,leave_one_event_out,2022,-0.07473164450011263,0.07473164450011263
ltmp,4169249,14-116a,Lizard Island Reef (North West) (14-116a),2022,Northern GBR,2,4.05,0.12788508563532167,0.16282802410731043,6.228459588502013,6.290968894958496,0.08888888888888889,38.660259476645,0,0.15,-0.046536797657609,0,0,0,0,0,NA,NA,NA,NA, ,0,0.044597075833769054,0.21223184560203512,0.009464919712654726,joint_compound_rrn_relative_brt,leave_one_event_out,2022,-0.009464919712654726,0.009464919712654726
manta,4285517,14-116a,Lizard Island Reef (North West) (14-116a),2022,Northern GBR,2,4.05,0.12788508563532167,0.19225103812166214,6.228459588502013,6.290968894958496,0.08888888888888889,38.660259476645,0,0.15,-0.046536797657609,0,0,0,0,0,NA,NA,NA,NA, ,0.013223289431955713,0.09366329077192063,0.286826247779528,0.026865090246792882,joint_compound_rrn_relative_brt,leave_one_event_out,2022,-0.013641800814837169,0.013641800814837169
ltmp,4175201,14-126,Linnet Reef (14-126),2022,Northern GBR,5,5.14,0.7120799290486606,0.34855397477533034,6.228459588502013,5.682276725769043,0.1,27.798770058382857,0.131959415032725,0.2,-0.02501224849266598,0,0,0,0.0039,0.00389241471534383,NA,NA,NA,NA, ,0,0.6066673485072475,0.3584054015573352,0.21743285465346385,joint_compound_rrn_relative_brt,leave_one_event_out,2022,-0.21743285465346385,0.21743285465346385
manta,4285401,14-126,Linnet Reef (14-126),2022,Northern GBR,5,5.14,0.7120799290486606,0.26847883981301424,6.228459588502013,5.682276725769043,0.1,27.798770058382857,0.131959415032725,0.2,-0.02501224849266598,0,0,0,0.0039,0.00389241471534383,NA,NA,NA,NA, ,0,0.6066673485072475,0.38214497184511864,0.23183487681465487,joint_compound_rrn_relative_brt,leave_one_event_out,2022,-0.23183487681465487,0.23183487681465487
ltmp,4173744,14-137,Carter Reef (14-137),2022,Northern GBR,3,4.64,0.11162755510045248,0.28830740488365447,6.228459588502013,5.985509395599365,0.1111111111111111,61.75564549314031,0,0.35,0,0,0,0,0,0,NA,NA,NA,NA, ,0,0.0844265233486019,0.17272263675019228,0.014582371724422193,joint_compound_rrn_relative_brt,leave_one_event_out,2022,-0.014582371724422193,0.014582371724422193
manta,3988789,14-137,Carter Reef (14-137),2022,Northern GBR,3,4.64,0.11162755510045248,0.27333834081647773,6.228459588502013,5.985509395599365,0.1111111111111111,61.75564549314031,0,0.35,0,0,0,0,0,0,NA,NA,NA,NA, ,0,0.0844265233486019,0.21884968681227546,0.01847671819349079,joint_compound_rrn_relative_brt,leave_one_event_out,2022,-0.01847671819349079,0.01847671819349079
ltmp,4175970,14-138,Yonge Reef (14-138),2022,Northern GBR,1,4.65,0.1480934608370982,0.3026710530032551,6.228459588502013,5.985509395599365,0.1111111111111111,61.75564549314031,0,0.4,0,0,0,0,0,0,NA,NA,NA,NA, ,0,0.14943725926970497,0.17941870269958762,0.02681183919315239,joint_compound_rrn_relative_brt,leave_one_event_out,2022,-0.02681183919315239,0.02681183919315239
manta,4206461,14-138,Yonge Reef (14-138),2022,Northern GBR,1,4.65,0.1480934608370982,0.2530980472252443,6.228459588502013,5.985509395599365,0.1111111111111111,61.75564549314031,0,0.4,0,0,0,0,0,0,NA,NA,NA,NA, ,0,0.1014524784602979,0.20837504148533992,0.021140164407955127,joint_compound_rrn_relative_brt,leave_one_event_out,2022,-0.021140164407955127,0.021140164407955127
ltmp,4169993,14-139,No Name Reef (14-139),2022,Northern GBR,3,4.32,0.1782672759319418,0.29850797723535266,6.228459588502013,6.00985860824585,0.1111111111111111,60.49914788861235,0,0.4,0,0,0,0,0,0,NA,NA,NA,NA, ,0,0.05948772780896271,0.19714343329403927,0.011727614899120206,joint_compound_rrn_relative_brt,leave_one_event_out,2022,-0.011727614899120206,0.011727614899120206
manta,3988851,14-139,No Name Reef (14-139),2022,Northern GBR,3,4.32,0.1782672759319418,0.2310673985478165,6.228459588502013,6.00985860824585,0.1111111111111111,60.49914788861235,0,0.4,0,0,0,0,0,0,NA,NA,NA,NA, ,0.051974149260180035,0.03809556550189348,0.22444216713579834,0.00855025127950873,joint_compound_rrn_relative_brt,leave_one_event_out,2022,0.043423897980671304,0.043423897980671304
ltmp,4172232,14-143,North Direction Reef (14-143),2022,Northern GBR,5,4.36,0.40341642236557596,0.12012836820424704,6.228459588502013,6.290968894958496,0.08888888888888889,38.660259476645,0,0.35,0,0,0,0,0.0058,0.00578324475572733,NA,NA,NA,NA, ,0.025737524031269332,0.08198439599260209,0.04812073999848924,0.003945149803493188,joint_compound_rrn_relative_brt,leave_one_event_out,2022,0.021792374227776145,0.021792374227776145
manta,4206411,15-009,Forrester Reef (15-009),2022,Northern GBR,3,3.74,0.4434674341121681,0.2590405199034229,6.160607942896971,6.182407855987549,0.06666666666666667,26.81989949840036,0.0848162523506803,0.4,-0.0049077574864654,0,0,0,0.0017,0.00169855663558147,NA,NA,NA,NA, ,0,0.23293120515005963,0.1363867788137711,0.031768736755626324,joint_compound_rrn_relative_brt,leave_one_event_out,2022,-0.031768736755626324,0.031768736755626324
manta,4006063,15-012,Boulder Reef (15-012),2022,Northern GBR,4,2.64,0.4155479405924643,0.26032528409459676,6.13825371641662,6.421562194824219,0.05555555555555555,26.7877398724011,0.129174799261907,0.5,-0.01239515244757649,0,0,0,8e-4,7.996801705643322e-4,NA,NA,NA,NA, ,0,0.1815456085978279,0.09929019092489767,0.018025698139255076,joint_compound_rrn_relative_brt,leave_one_event_out,2022,-0.018025698139255076,0.018025698139255076
manta,4006090,15-013,Egret Reef (15-013),2022,Northern GBR,5,2.8000000000000003,0.36464503927829445,0.11954703074719278,6.13825371641662,6.421562194824219,0.05555555555555555,26.7877398724011,0.0835661326723756,0.2,-0.1286077163660999,0,0,NA,0.0014,0.00139902091370734,NA,NA,NA,NA, ,0,0.06362066512072119,0.06552422693448093,0.0041686948990927505,joint_compound_rrn_relative_brt,leave_one_event_out,2022,-0.0041686948990927505,0.0041686948990927505
manta,1273616,15-085,Lena Reef (15-085),2022,Northern GBR,2,3.3200000000000003,0.2681112390803129,0.36389346994541305,6.098781009362737,6.859919548034668,0.07777777777777778,53.51013110890626,0,0.4,0,0,0,0,0,0,NA,NA,NA,NA, ,0,0.3462497287542056,0.06333935950579339,0.021931236048346077,joint_compound_rrn_relative_brt,leave_one_event_out,2022,-0.021931236048346077,0.021931236048346077
ltmp,4176751,15-099c,Agincourt Reefs (No 1) (15-099c),2022,Central GBR,1,4.33,0.25797491087869023,0.23587484012350973,6.008514722857338,6.266332149505615,0.07777777777777778,53.443772818368494,0.0455829123835978,0.9,0.0455829123835978,0,0,0,0,0,NA,NA,NA,NA, ,0,0.08721030215789824,0.02803973457566875,0.0024453537247713384,joint_compound_rrn_relative_brt,leave_one_event_out,2022,-0.0024453537247713384,0.0024453537247713384
manta,4206428,15-099c,Agincourt Reefs (No 1) (15-099c),2022,Central GBR,1,4.33,0.25797491087869023,0.31842898872164854,6.008514722857338,6.266332149505615,0.07777777777777778,53.443772818368494,0.0455829123835978,0.9,0.0455829123835978,0,0,0,0,0,NA,NA,NA,NA, ,0,0.12519823587975226,0.0778144320315226,0.009742229616331517,joint_compound_rrn_relative_brt,leave_one_event_out,2022,-0.009742229616331517,0.009742229616331517
manta,4206194,16-015,Mackay Reef (16-015),2022,Central GBR,4,4.14,0.08315407203687368,0.4508135826329015,6.008514722857338,6.266332149505615,0.07777777777777778,53.443772818368494,0.0454545468091965,0.45,-0.00108225084841249,0,0,0,4e-4,3.999200213269354e-4,u,NA,Aerial bl 4 in 2022,unknown,Aerial bl 4 in 2022  unknown,0.33138512291027894,0.17276025607407824,0.269177956902837,0.04650325276403132,joint_compound_rrn_relative_brt,leave_one_event_out,2022,0.2848818701462476,0.2848818701462476
ltmp,4170713,16-028,Low Islands Reef (16-028),2022,Central GBR,5,4.33,0.07313090878400381,0.351152015296988,6.22644406812429,2.904274225234986,0.5666666666666667,26.65400763146825,0.126918001743471,0,-0.13167633207102647,0,0,0,3e-4,2.9995500899797546e-4,NA,NA,NA,NA, ,0.006709065866115191,0.216989737562247,0.24512320970061505,0.05318922094335209,joint_compound_rrn_relative_brt,leave_one_event_out,2022,-0.0464801550772369,0.0464801550772369
manta,4206351,16-028,Low Islands Reef (16-028),2022,Central GBR,5,4.33,0.07313090878400381,0.3877109804880718,6.22644406812429,2.904274225234986,0.5666666666666667,26.65400763146825,0.126918001743471,0,-0.13167633207102647,0,0,0,3e-4,2.9995500899797546e-4,NA,NA,NA,NA, ,0,0.2826937880560122,0.291828572140153,0.08249812452127708,joint_compound_rrn_relative_brt,leave_one_event_out,2022,-0.08249812452127708,0.08249812452127708
manta,4068394,16-049,Green Island Reef (16-049),2022,Central GBR,2,4.23,0.2622221473568544,0.16394949444706505,5.9714322021140145,6.466094493865967,0.04444444444444444,38.476277836573935,0.074243179949019,0,-0.091059177611562,0,0,0.0148809527357419,0.0161,0.01597176950969866,NA,NA,NA,NA, ,0,0.05087209336900965,0.22603582166147726,0.011498915424303485,joint_compound_rrn_relative_brt,leave_one_event_out,2022,-0.011498915424303485,0.011498915424303485
ltmp,4179543,16-057,Hastings Reef (16-057),2022,Central GBR,2,4.74,0.13685594143549068,0.13348873682117463,6.123609879110241,6.72470235824585,0.03333333333333333,60.09013295337378,0,0.25,-0.0236453410017313,0,0,0,0.003,0.00299550897979847,NA,NA,NA,NA, ,0,0.018897773563382684,0.1470228409780324,0.0027784043574480767,joint_compound_rrn_relative_brt,leave_one_event_out,2022,-0.0027784043574480767,0.0027784043574480767
manta,4206248,16-057,Hastings Reef (16-057),2022,Central GBR,2,4.74,0.13685594143549068,0.17340000487170631,6.123609879110241,6.72470235824585,0.03333333333333333,60.09013295337378,0,0.25,-0.0236453410017313,0,0,0,0.003,0.00299550897979847,NA,NA,NA,NA, ,0,0.048836022722475315,0.23485095276674806,0.011469186465711885,joint_compound_rrn_relative_brt,leave_one_event_out,2022,-0.011469186465711885,0.011469186465711885
ltmp,4178611,16-068,Thetford Reef (16-068),2022,Central GBR,5,4.6000000000000005,0.1391397442593864,0.2056648669248214,5.9714322021140145,6.727018356323242,0.04444444444444444,60.028158717834764,0.0456819441095574,0.4,-0.0013829853855064,0,0,0.00342465750873089,0.0036,0.00359353551013017,NA,NA,NA,NA, ,0,0.11068981697408964,0.14392520753671986,0.015931054880197387,joint_compound_rrn_relative_brt,leave_one_event_out,2022,-0.015931054880197387,0.015931054880197387
manta,4068552,16-068,Thetford Reef (16-068),2022,Central GBR,5,4.6000000000000005,0.1391397442593864,0.3082641255354968,5.9714322021140145,6.727018356323242,0.04444444444444444,60.028158717834764,0.0456819441095574,0.4,-0.0013829853855064,0,0,0.00342465750873089,0.0036,0.00359353551013017,NA,NA,NA,NA, ,0.1317402536462841,0.22594387626666215,0.19893582359774672,0.04494833111197581,joint_compound_rrn_relative_brt,leave_one_event_out,2022,0.0867919225343083,0.0867919225343083
ltmp,3753787,17-024,Peart Reef (17-024),2022,Central GBR,3,4.48,0.28757915269354717,0.24000687783132776,6.284666861554833,6.148778438568115,0.05555555555555555,53.02430121520352,0.0455277726505272,0.5,8.985617695703163e-6,0,0,0,2e-4,1.9998000266626675e-4,NA,NA,NA,NA, ,0,0.22558235991780237,0.2893683802623301,0.06527640210516844,joint_compound_rrn_relative_brt,leave_one_event_out,2022,-0.06527640210516844,0.06527640210516844
manta,4067479,17-024,Peart Reef (17-024),2022,Central GBR,3,4.48,0.28757915269354717,0.12719263909223225,6.284666861554833,6.148778438568115,0.05555555555555555,53.02430121520352,0.0455277726505272,0.5,8.985617695703163e-6,0,0,0,2e-4,1.9998000266626675e-4,NA,NA,NA,NA, ,0,0.05202420825215315,0.27749317753341524,0.0144363628565501,joint_compound_rrn_relative_brt,leave_one_event_out,2022,-0.0144363628565501,0.0144363628565501
ltmp,3754967,17-034,Feather Reef (17-034),2022,Central GBR,4,4.65,0.3042376115459002,0.292014693498269,6.284666861554833,6.148778438568115,0.05555555555555555,53.02430121520352,0.0456530240923085,0.6,1.984772831120016e-4,0,0,0,2e-4,1.9998000266626675e-4,NA,NA,NA,NA, ,0,0.33210490248064956,0.13217717010713412,0.043896686188598,joint_compound_rrn_relative_brt,leave_one_event_out,2022,-0.043896686188598,0.043896686188598
manta,4068669,17-034,Feather Reef (17-034),2022,Central GBR,4,4.65,0.3042376115459002,0.15191129623016722,6.284666861554833,6.148778438568115,0.05555555555555555,53.02430121520352,0.0456530240923085,0.6,1.984772831120016e-4,0,0,0,2e-4,1.9998000266626675e-4,NA,NA,NA,NA, ,0,0.09997503073994475,0.12467001292555464,0.012463888374581634,joint_compound_rrn_relative_brt,leave_one_event_out,2022,-0.012463888374581634,0.012463888374581634
ltmp,3802954,17-063a,Farquharson Reef (No 1) (17-063a),2022,Central GBR,1,5.1000000000000005,0.15948356377765885,0.07060503826758416,6.157238244302861,5.968624591827393,0.07777777777777778,52.950848061604326,0.045811266741732,0.6,0.02308399333713375,0,0,0,2e-4,1.9998000266626675e-4,b,NA,DHW 5,coral bleaching,DHW 5  coral bleaching,0,0.018956568694442285,0.12327918284471752,0.0023369502981905985,joint_compound_rrn_relative_brt,leave_one_event_out,2022,-0.0023369502981905985,0.0023369502981905985
ltmp,3752583,17-064,Taylor Reef (17-064),2022,Central GBR,4,5.1000000000000005,0.19780815383919248,0.08642161922812694,6.157238244302861,5.968624591827393,0.07777777777777778,52.950848061604326,0.0454545468091965,0.55,0.02272727340459825,0,0,0,1e-4,9.999500033330834e-5,b,NA,Aerial bl 5 2022,coral bleaching,Aerial bl 5 2022  coral bleaching,0.034606223172175335,0.022161342503203913,0.11864120803758987,0.002629248446314898,joint_compound_rrn_relative_brt,leave_one_event_out,2022,0.03197697472586044,0.03197697472586044
manta,4067740,17-064,Taylor Reef (17-064),2022,Central GBR,4,5.1000000000000005,0.19780815383919248,0.17976974148809752,6.157238244302861,5.968624591827393,0.07777777777777778,52.950848061604326,0.0454545468091965,0.55,0.02272727340459825,0,0,0,1e-4,9.999500033330834e-5,b,NA,DHW 5.2 in 2022,coral bleaching,DHW 5.2 in 2022  coral bleaching,0,0.06140282188220393,0.19075650412999864,0.011712987645966205,joint_compound_rrn_relative_brt,leave_one_event_out,2022,-0.011712987645966205,0.011712987645966205
ltmp,4226572,18-030,Kelso Reef (18-030),2022,Central GBR,5,5.24,0.38025490391862365,0.1952648378937214,5.855806844803085,6.213714122772217,0.05555555555555555,83.77527323363911,0,0.4,0,0,0,0.00925925932824612,0.0061,0.00608147031586796,b,NA,DHW 5,coral bleaching,DHW 5  coral bleaching,0.003661896794402073,0.24827547427731678,0.12090720051202317,0.03001829255066519,joint_compound_rrn_relative_brt,leave_one_event_out,2022,-0.026356395756263116,0.026356395756263116
manta,4066152,18-030,Kelso Reef (18-030),2022,Central GBR,5,5.24,0.38025490391862365,0.3974596401457077,5.855806844803085,6.213714122772217,0.05555555555555555,83.77527323363911,0,0.4,0,0,0,0.00925925932824612,0.0061,0.00608147031586796,b,NA,DHW  5.2 in 2022 max bl obs 35% avg 5%,coral bleaching,DHW  5.2 in 2022 max bl obs 35% avg 5%  coral bleaching,0.12764122335033576,0.5227923910426407,0.15371337041102462,0.08036018045240266,joint_compound_rrn_relative_brt,leave_one_event_out,2022,0.0472810428979331,0.0472810428979331
manta,4067872,18-031,Little Kelso Reef (18-031),2022,Central GBR,1,5.11,0.6403023434382549,0.21921067973529001,5.855806844803085,6.213714122772217,0.05555555555555555,83.77527323363911,0,0.4,0,0,0,NA,0.0051,0.0050870390485571,NA,NA,NA,NA, ,0,0.17844747912289996,0.16342645497745747,0.029163038912719392,joint_compound_rrn_relative_brt,leave_one_event_out,2022,-0.029163038912719392,0.029163038912719392
ltmp,4239585,18-032,Rib Reef (18-032),2022,Central GBR,3,5.2,0.14359001595396717,0.0997242371122222,5.855806844803085,5.935077667236328,0.06666666666666667,59.56981330964312,0,0.45,0,0,0,0,4e-4,3.999200213269354e-4,NA,NA,NA,NA, ,0,0.0386751595353767,0.0600307913982233,0.0023217004343612057,joint_compound_rrn_relative_brt,leave_one_event_out,2022,-0.0023217004343612057,0.0023217004343612057
manta,4068046,18-032,Rib Reef (18-032),2022,Central GBR,3,5.2,0.14359001595396717,0.24122436832919858,5.855806844803085,5.935077667236328,0.06666666666666667,59.56981330964312,0,0.45,0,0,0,0,4e-4,3.999200213269354e-4,NA,NA,NA,NA, ,0.0608903191997818,0.17112590529722552,0.127360000736812,0.021794595424742262,joint_compound_rrn_relative_brt,leave_one_event_out,2022,0.03909572377503954,0.03909572377503954
ltmp,4236107,18-034,Myrmidon Reef (18-034),2022,Central GBR,2,6.3,0.33819050843864445,0.3697596233721244,5.992377985825294,6.531012535095215,0.03333333333333333,132.00208142190922,0,0.45,0,0,0,0,0,0,NA,NA,NA,NA, ,0,0.1351618697614395,0.10318197879777904,0.013946269179993025,joint_compound_rrn_relative_brt,leave_one_event_out,2022,-0.013946269179993025,0.013946269179993025
manta,4066114,18-034,Myrmidon Reef (18-034),2022,Central GBR,2,6.3,0.33819050843864445,0.4558055097016767,5.992377985825294,6.531012535095215,0.03333333333333333,132.00208142190922,0,0.45,0,0,0,0,0,0,NA,NA,NA,NA, ,0,0.17908117275249946,0.13211911520357358,0.023660046093678538,joint_compound_rrn_relative_brt,leave_one_event_out,2022,-0.023660046093678538,0.023660046093678538
ltmp,4230872,18-039,Dip Reef (18-039),2022,Central GBR,1,5.36,0.5760877307329031,0.31689543213190297,5.695513886198068,6.561284065246582,0.02222222222222222,111.1950802335326,0,0.4,0,0,0,0,0,0,b,NA,"21% bleached on scuba in 2022, DHW 5",coral bleaching,"21% bleached on scuba in 2022, DHW 5  coral bleaching",0.2110656708765323,0.196049261829899,0.11206512598612264,0.021970285226453976,joint_compound_rrn_relative_brt,leave_one_event_out,2022,0.18909538565007833,0.18909538565007833
manta,4066268,18-039,Dip Reef (18-039),2022,Central GBR,1,5.36,0.5760877307329031,0.23603623786272127,5.695513886198068,6.561284065246582,0.02222222222222222,111.1950802335326,0,0.4,0,0,0,0,0,0,b,NA,"21% bleached on scuba in 2022, DHW 5",NA,"21% bleached on scuba in 2022, DHW 5 ",0,0.15693034973763606,0.10764724202062097,0.016893119338588,joint_compound_rrn_relative_brt,leave_one_event_out,2022,-0.016893119338588,0.016893119338588
mmp,4137925,18-049e,Orpheus (Goolboddi) Island Reef (No 5) (18-049e),2022,Central GBR,2,5.32,0.952450917852772,0.3851611837499122,5.855806844803085,4.865782260894775,0.17777777777777778,38.297776879451746,0.085844906492414,0,-0.3610111062851105,0,0,NA,0.0016,0.00159872136369702,NA,NA,NA,NA, ,0,0.8663759799807234,0.16320259972614545,0.141394812273141,joint_compound_rrn_relative_brt,leave_one_event_out,2022,-0.141394812273141,0.141394812273141
mmp,4137941,18-049e,Orpheus (Goolboddi) Island Reef (No 5) (18-049e),2022,Central GBR,2,5.32,0.8918840412843337,0.5003421914661126,5.855806844803085,4.865782260894775,0.17777777777777778,38.297776879451746,0.085844906492414,0,-0.3610111062851105,0,0,NA,0.0016,0.00159872136369702,NA,NA,NA,NA, ,0,0.8726584434615388,0.12008803502546903,0.10479583772368055,joint_compound_rrn_relative_brt,leave_one_event_out,2022,-0.10479583772368055,0.10479583772368055
mmp,4148237,18-065,Havannah Reef (18-065),2022,Central GBR,3,7.62,0.23774567695213517,0.27437408589903456,5.855806844803085,4.72960901260376,0.17777777777777778,26.32349077361211,0.2214084500122,0,-0.29025431619532394,0,0,NA,0.0038,0.00379279823869623,b,NA,NA,NA, ,0,0.575621060825195,0.20808349778615703,0.11977724373588483,joint_compound_rrn_relative_brt,leave_one_event_out,2022,-0.11977724373588483,0.11977724373588483
mmp,4148254,18-065,Havannah Reef (18-065),2022,Central GBR,3,7.62,0.2696576013949048,0.34581651181221046,5.855806844803085,4.72960901260376,0.17777777777777778,26.32349077361211,0.2214084500122,0,-0.29025431619532394,0,0,NA,0.0038,0.00379279823869623,b,NA,NA,NA, ,0,0.575621060825195,0.10412134001695293,0.05993443619509928,joint_compound_rrn_relative_brt,leave_one_event_out,2022,-0.05993443619509928,0.05993443619509928
ltmp,4235331,18-075,John Brewer Reef (18-075),2022,Central GBR,2,5.07,0.3274919913363907,0.09516622020338282,5.4877762332016085,6.064676761627197,0.06666666666666667,61.49749903428462,0,0.45,0,0,0,0.00287356320768595,0.0048,0.00478851673179717,NA,NA,NA,NA, ,0,0.06054692871168531,0.07695180825047895,0.004659195648377026,joint_compound_rrn_relative_brt,leave_one_event_out,2022,-0.004659195648377026,0.004659195648377026
manta,4068097,18-075,John Brewer Reef (18-075),2022,Central GBR,2,5.07,0.3274919913363907,0.21970358441731644,5.4877762332016085,6.064676761627197,0.06666666666666667,61.49749903428462,0,0.45,0,0,0,0.00287356320768595,0.0048,0.00478851673179717,NA,NA,NA,NA, ,0,0.2358483093607912,0.13227417200423486,0.03119663983929729,joint_compound_rrn_relative_brt,leave_one_event_out,2022,-0.03119663983929729,0.03119663983929729
manta,4068128,19-019,Bowden Reef (19-019),2022,Central GBR,4,5.46,0.4307029323829688,0.2715744325933211,5.695513886198068,6.938038349151611,0.02222222222222222,76.46017695595671,0.07834136437137,1,0.07834136437137,0,0,0.0447495554884275,0.0398,0.03902838696747834,NA,NA,NA,NA, ,0,0.17368860605121816,0.14096281616733428,0.02448363504515841,joint_compound_rrn_relative_brt,leave_one_event_out,2022,-0.02448363504515841,0.02448363504515841
ltmp,4233080,19-131a,U/N Reef (19-131a),2022,Central GBR,5,5.01,0.12377120797830181,0.4569332932822629,5.508089913956192,7.009622573852539,0.02222222222222222,61.428452679898,0,0.45,0,0,0,0,0.0167,0.01656208829897829,b,NA,Bleaching Feb Mar 2022,coral bleaching,Bleaching Feb Mar 2022  coral bleaching,0.05120229541017936,0.2631066510639948,0.13728114978342756,0.03611958357373228,joint_compound_rrn_relative_brt,leave_one_event_out,2022,0.015082711836447077,0.015082711836447077
manta,4067676,19-131a,U/N Reef (19-131a),2022,Central GBR,5,5.01,0.12377120797830181,0.3325481924748038,5.508089913956192,7.009622573852539,0.02222222222222222,61.428452679898,0,0.45,0,0,0,0,0.0167,0.01656208829897829,b,NA,DHW 5  bl avg 20% surveyed Feb 2022,coral bleaching,DHW 5  bl avg 20% surveyed Feb 2022  coral bleaching,0.22874494410334925,0.20853970534891023,0.12749471700241494,0.026587710717226307,joint_compound_rrn_relative_brt,leave_one_event_out,2022,0.20215723338612296,0.20215723338612296
manta,4067704,19-135,Hardy Reef (19-135),2022,Central GBR,5,5.75,0.10560591585883483,0.35239193833274607,5.508089913956192,7.009622573852539,0.02222222222222222,61.428452679898,0,0.4,0,0,0,0.0525462981313467,0.0341,0.03353148320879232,NA,NA,NA,NA, ,0.0032213750165761223,0.25856576267533077,0.14611105294413532,0.037779315839795984,joint_compound_rrn_relative_brt,leave_one_event_out,2022,-0.03455794082321986,0.03455794082321986
ltmp,4231592,19-138,U/N Reef (19-138),2022,Central GBR,3,5.4,0.13171524539313872,0.39030569859564873,5.508089913956192,6.965577602386475,0.03333333333333333,76.29258334678795,0,0.45,0,0,0,0.0344827584922314,0.0167,0.01656208829897829,b,NA,DHW 5.2 surveyed Jan 2022,NA,DHW 5.2 surveyed Jan 2022 ,0,0.1429130667079022,0.15934215238689872,0.02277207565344957,joint_compound_rrn_relative_brt,leave_one_event_out,2022,-0.02277207565344957,0.02277207565344957
manta,4067381,19-138,U/N Reef (19-138),2022,Central GBR,3,5.4,0.13171524539313872,0.23653896322951035,5.508089913956192,6.965577602386475,0.03333333333333333,76.29258334678795,0,0.45,0,0,0,0.0344827584922314,0.0167,0.01656208829897829,b,NA,DHW 5.2 surveyed Jan 2022,coral bleaching,DHW 5.2 surveyed Jan 2022  coral bleaching,0.1493955455903655,0.09945641206703722,0.1531985455465769,0.01523657767395112,joint_compound_rrn_relative_brt,leave_one_event_out,2022,0.13415896791641438,0.13415896791641438
ltmp,4227304,19-159,Slate Reef (19-159),2022,Central GBR,1,5.63,0.6665396773316883,0.500384492419732,5.508089913956192,6.930583953857422,0.04444444444444444,118.35940764116184,0,0.45,0,0,0,0,7e-4,6.997551142733419e-4,b,NA,Bleaching 4 from aerial survey in Mar 2022,coral bleaching,Bleaching 4 from aerial survey in Mar 2022  coral bleaching,0.07882366099461278,0.21248589121940184,0.17060692546368392,0.03625156460535294,joint_compound_rrn_relative_brt,leave_one_event_out,2022,0.04257209638925984,0.04257209638925984
manta,4067118,19-159,Slate Reef (19-159),2022,Central GBR,1,5.63,0.6665396773316883,0.5953545711068241,5.508089913956192,6.930583953857422,0.04444444444444444,118.35940764116184,0,0.45,0,0,0,0,7e-4,6.997551142733419e-4,b,NA,Bleaching 4 from aerial survey in Mar 2022,NA,Bleaching 4 from aerial survey in Mar 2022 ,0,0.2078216490942041,0.1741541006477301,0.036192992393129265,joint_compound_rrn_relative_brt,leave_one_event_out,2022,-0.036192992393129265,0.036192992393129265
ltmp,4228739,19-207,Hyde Reef (19-207),2022,Central GBR,4,5.25,0.753738774354097,0.3814819891518439,5.508089913956192,6.930583953857422,0.04444444444444444,118.35940764116184,0,0.5,0,0,0,0,2e-4,1.9998000266626675e-4,b,NA,Bleaching 4 from aerial survey in Mar 2022,coral bleaching,Bleaching 4 from aerial survey in Mar 2022  coral bleaching,0,0.09488356305503805,0.12055123163966003,0.01143833038864418,joint_compound_rrn_relative_brt,leave_one_event_out,2022,-0.01143833038864418,0.01143833038864418
manta,4066823,19-207,Hyde Reef (19-207),2022,Central GBR,4,5.25,0.753738774354097,0.5944273144565613,5.508089913956192,6.930583953857422,0.04444444444444444,118.35940764116184,0,0.5,0,0,0,0,2e-4,1.9998000266626675e-4,b,NA,Bleaching 4 from aerial survey in Mar 2022,coral bleaching,Bleaching 4 from aerial survey in Mar 2022  coral bleaching,0.07726692618489125,0.09725257800467972,0.1542641947834773,0.015002590636509234,joint_compound_rrn_relative_brt,leave_one_event_out,2022,0.062264335548382024,0.062264335548382024
ltmp,4228046,19-209,Rebe Reef (19-209),2022,Central GBR,5,6.8500000000000005,0.7434954451364487,0.368710670183207,5.508089913956192,6.890400409698486,0.06666666666666667,141.95146623793426,0,0.5,0,0,0,0,1e-4,9.999500033330834e-5,b,NA,Aerial bl 4,coral bleaching,Aerial bl 4  coral bleaching,0.06782948341534499,0.12434841077052029,0.17257046888979974,0.02145886355237011,joint_compound_rrn_relative_brt,leave_one_event_out,2022,0.04637061986297488,0.04637061986297488
manta,4067241,19-209,Rebe Reef (19-209),2022,Central GBR,5,6.8500000000000005,0.7434954451364487,0.5741580696324947,5.508089913956192,6.890400409698486,0.06666666666666667,141.95146623793426,0,0.5,0,0,0,0,1e-4,9.999500033330834e-5,b,NA,Aerial bl 4,NA,Aerial bl 4 ,0,0.15268575687012695,0.2004932426136204,0.030612462495806618,joint_compound_rrn_relative_brt,leave_one_event_out,2022,-0.030612462495806618,0.030612462495806618
ltmp,4229436,20-067a,Border Island Reef (No 1) (20-067a),2022,Central GBR,5,4.51,0.058608782757494114,0.16255069723460983,5.508089913956192,6.371947765350342,0.05555555555555555,0,0.0915118916772376,0.1,-0.15143144737256137,0,0,0,0,0,NA,NA,NA,NA, ,0,0.05248465683375253,0.03626926636433716,0.001903579998744199,joint_compound_rrn_relative_brt,leave_one_event_out,2022,-0.001903579998744199,0.001903579998744199
manta,4067541,20-067a,Border Island Reef (No 1) (20-067a),2022,Central GBR,5,4.51,0.058608782757494114,0.12331520904575231,5.508089913956192,6.371947765350342,0.05555555555555555,0,0.0915118916772376,0.1,-0.15143144737256137,0,0,0,0,0,NA,NA,NA,NA, ,0.07748414173352586,0.03403422758100395,0.03197539361371891,0.0010882578232414895,joint_compound_rrn_relative_brt,leave_one_event_out,2022,0.07639588391028437,0.07639588391028437
manta,4067755,20-104,U/N Reef (20-104),2022,Central GBR,4,4.07,0.20685377657459916,0.26785735123735,5.508089913956192,6.964337348937988,0.03333333333333333,83.09235604782566,0,0.35,0,0,0,0,8e-4,7.996801705643322e-4,b,NA,DHW 4 in 2022,coral bleaching,DHW 4 in 2022  coral bleaching,0.39437688158228135,0.07109848082208356,0.09376682569441847,0.006666678858382263,joint_compound_rrn_relative_brt,leave_one_event_out,2022,0.3877102027238991,0.3877102027238991
manta,4067798,20-287,Credlin Reefs (East) (20-287),2022,Southern GBR,2,6.51,0.20966956723622424,0.14328757398651668,5.508089913956192,7.123820781707764,0.04444444444444444,107.88088100039306,0,0.45,0,0,0,0,1e-4,9.999500033330834e-5,NA,NA,NA,NA, ,0.09457581203760122,0.015102534898979957,0.13103392279857684,0.001978944392015752,joint_compound_rrn_relative_brt,leave_one_event_out,2022,0.09259686764558547,0.09259686764558547
manta,4066467,20-348,U/N Reef (20-348),2022,Southern GBR,3,2.22,0.3708205178152828,0.2746771328069593,4.680770370834313,7.1280903816223145,0.07777777777777778,148.29161899510453,0.0917561236384401,1,0.0917561236384401,0,0,0,0.0064,0.00637960696403902,NA,NA,NA,NA, ,0.010417185101924542,0.15295413684138642,0.1331547567449284,0.020366570884245302,joint_compound_rrn_relative_brt,leave_one_event_out,2022,-0.00994938578232076,0.00994938578232076
manta,4066909,20-351a,Pompey Reef (No 1) (20-351a),2022,Southern GBR,5,4.28,0.058722623793624355,0.2759387739125331,4.680770370834313,7.221946716308594,0.04444444444444444,138.99385029191623,0.0766016448298905,0.9,0.0766016448298905,0,0,0,0,0,NA,NA,NA,NA, ,0,0.1243412144672887,0.05281910345181872,0.0065675914702725,joint_compound_rrn_relative_brt,leave_one_event_out,2022,-0.0065675914702725,0.0065675914702725
manta,4067071,20-351b,Pompey Reef (No 2) (20-351b),2022,Southern GBR,1,3.54,0.22891578835787424,0.16119543476160914,4.680770370834313,7.221946716308594,0.04444444444444444,138.99385029191623,0.0497073454411604,0.9,0.0497073454411604,0,0,0,0,0,NA,NA,NA,NA, ,0,0.09204666199817434,0.18308889091959746,0.0168527212580968,joint_compound_rrn_relative_brt,leave_one_event_out,2022,-0.0168527212580968,0.0168527212580968
manta,4067592,20-354,U/N Reef (20-354),2022,Southern GBR,4,2.26,0.4313846662551198,0.38973927386568513,4.680770370834313,7.1280903816223145,0.07777777777777778,148.29161899510453,0.095238097012043,1,0.095238097012043,0,0,0.0384615398943424,0.0321,0.03159556158975056,NA,NA,NA,NA, ,0,0.17636401427018475,0.13240893208819596,0.023352170788302515,joint_compound_rrn_relative_brt,leave_one_event_out,2022,-0.023352170788302515,0.023352170788302515
manta,4067143,21-060,U/N Reef (21-060),2022,Southern GBR,3,3.47,0.20192871987990474,0.23358807516797667,4.680770370834313,7.221946716308594,0.04444444444444444,138.99385029191623,0.0842042966665529,0.9,0.0842042966665529,0,0,0,0,0,NA,NA,NA,NA, ,0,0.24573447266689863,0.19293192147408975,0.04741002398404694,joint_compound_rrn_relative_brt,leave_one_event_out,2022,-0.04741002398404694,0.04741002398404694
manta,4067088,21-139,U/N Reef (21-139),2022,Southern GBR,4,1.7,0.15529961611979165,0.6170571930111527,4.680770370834313,7.186666011810303,0.06666666666666667,132.67491596944663,0,0.45,0,0,0,0,0.0121,0.01202738021271845,NA,NA,NA,NA, ,0,0.14289792050212885,0.09764292864305879,0.013952971454830855,joint_compound_rrn_relative_brt,leave_one_event_out,2022,-0.013952971454830855,0.013952971454830855
ltmp,4180544,21-588,Wade Reef (21-588),2022,Southern GBR,5,0.35000000000000003,0.1966783568466646,0.05637651204605025,4.904269856819504,7.161059379577637,0.06666666666666667,221.91002299353315,0,0.5,0,0,0,0,0.7973,0.5862855387758519,NA,NA,NA,NA, ,0,0.01633237157641158,0.12163323316693599,0.0019865591601227078,joint_compound_rrn_relative_brt,leave_one_event_out,2022,-0.0019865591601227078,0.0019865591601227078
manta,3989108,21-588,Wade Reef (21-588),2022,Southern GBR,5,0.35000000000000003,0.1966783568466646,0.11624284478773304,4.904269856819504,7.161059379577637,0.06666666666666667,221.91002299353315,0,0.5,0,0,0,0,0.7973,0.5862855387758519,NA,NA,NA,NA, ,0,0.015085635601285976,0.14484429698786366,0.002185068283283355,joint_compound_rrn_relative_brt,leave_one_event_out,2022,-0.002185068283283355,0.002185068283283355
manta,4067533,21-591,U/N Reef (21-591),2022,Southern GBR,2,4.39,0.20283455157690689,0.20412286640784397,4.834412533420393,7.288726806640625,0.03333333333333333,117.60569926842686,0.0476190485060215,1,0.0476190485060215,0,0,0,0,0,NA,NA,NA,NA, ,0,0.06559939922559009,0.07565383335165675,0.004962846016981593,joint_compound_rrn_relative_brt,leave_one_event_out,2022,-0.004962846016981593,0.004962846016981593
ltmp,4181247,23-068,Erskine Reef (23-068),2022,Southern GBR,1,0.3,0.7593164761552691,0.3722891432714571,4.998616526444868,7.21446418762207,0.03333333333333333,58.02948927544897,0.0917874996121685,0.8,0.046332952802972,0,0,0,0,0,NA,NA,NA,NA, ,0.0097366301817107,0.15534444208386017,0.2017655366928187,0.03134315472929654,joint_compound_rrn_relative_brt,leave_one_event_out,2022,-0.02160652454758584,0.02160652454758584
manta,4284413,23-068,Erskine Reef (23-068),2022,Southern GBR,1,0.3,0.7593164761552691,0.38618781451875744,4.998616526444868,7.21446418762207,0.03333333333333333,58.02948927544897,0.0917874996121685,0.8,0.046332952802972,0,0,0,0,0,NA,NA,NA,NA, ,0,0.16637890453126145,0.21590173619135514,0.03592149435391507,joint_compound_rrn_relative_brt,leave_one_event_out,2022,-0.03592149435391507,0.03592149435391507
ltmp,4181619,23-069,Mast Head Reef (23-069),2022,Southern GBR,2,0.3,0.6522506444934912,0.26627492154498017,4.998616526444868,7.21446418762207,0.03333333333333333,58.02948927544897,0.112514124622965,0.9,0.0670595778137685,0,0,0,0,0,NA,NA,NA,NA, ,0,0.315074805130666,0.18368666034390843,0.05787503871295978,joint_compound_rrn_relative_brt,leave_one_event_out,2022,-0.05787503871295978,0.05787503871295978
manta,4284515,23-069,Mast Head Reef (23-069),2022,Southern GBR,2,0.3,0.6522506444934912,0.3550158388635014,4.998616526444868,7.21446418762207,0.03333333333333333,58.02948927544897,0.112514124622965,0.9,0.0670595778137685,0,0,0,0,0,NA,NA,NA,NA, ,0.03703252762917277,0.29910685077416593,0.21381614060311652,0.06395387246048445,joint_compound_rrn_relative_brt,leave_one_event_out,2022,-0.02692134483131168,0.02692134483131168
manta,4284500,23-081,Fairfax Islands Reef (23-081),2022,Southern GBR,3,0.31,0.8164554968023345,0.5928227645153532,5.010595086378757,7.218351364135742,0.04444444444444444,75.30452287765046,0,0.35,0,0,0,0.0109609611332417,0.0433,0.04238876649178663,m,NA,NA,"coral disease, crown-of-thorns starfish","  coral disease, crown-of-thorns starfish",0.10754495163927952,0.3709911044834708,0.08288423170017481,0.030749312662711754,joint_compound_rrn_relative_brt,leave_one_event_out,2022,0.07679563897656777,0.07679563897656777
ltmp,4241126,11-016,McSweeney Reef (11-016),2024,Northern GBR,2,5.43,0,0.11197523789881832,6.492034321653199,5.674314975738525,0.14285714285714285,61.227214056639745,0.175338227942203,1,0.175338227942203,0,0,0,0.004,0.00399202126953745,NA,NA,NA,NA, ,0,0.2088117005028038,0.05042977441787455,0.010530326952169176,joint_compound_rrn_relative_brt,leave_one_event_out,2024,-0.010530326952169176,0.010530326952169176
ltmp,4240946,11-029,Monsoon Reef (11-029),2024,Northern GBR,3,5.4,0.04414182150574954,0.16594303089337115,6.492034321653199,5.711098670959473,0.14285714285714285,54.52924238766865,0.143377982925101,0.9,0.143377982925101,0,0,0.0740740746259689,0.0598,0.05808021107652465,NA,NA,NA,NA, ,0.04432306029797992,0.2433423059832469,0.0658124068117862,0.0160149428358876,joint_compound_rrn_relative_brt,leave_one_event_out,2024,0.028308117462092323,0.028308117462092323
ltmp,4241313,12-056,Mantis Reef (12-056),2024,Northern GBR,3,8.73,0.216141422466712,0.193189922320597,6.420027608820439,5.7271037101745605,0.15384615384615383,86.07130881755599,0.058949040699155,0.9,0.01226818083992944,0,0,0,0,0,b,NA,similar hc to prior but slightly lower,coral bleaching,similar hc to prior but slightly lower  coral bleaching,0.11879415194527741,0.22149578916774665,0.18743540316224078,0.041516152541395276,joint_compound_rrn_relative_brt,leave_one_event_out,2024,0.07727799940388214,0.07727799940388214
manta,4285298,12-056,Mantis Reef (12-056),2024,Northern GBR,3,8.73,0.216141422466712,0.42120549680955033,6.420027608820439,5.7271037101745605,0.15384615384615383,86.07130881755599,0.058949040699155,0.9,0.01226818083992944,0,0,0,0,0,b,NA,DHW 8.91,coral bleaching,DHW 8.91  coral bleaching,0.2638245588761013,0.2049093197099567,0.18462634869623631,0.037831659511879036,joint_compound_rrn_relative_brt,leave_one_event_out,2024,0.22599289936422226,0.22599289936422226
ltmp,4241950,12-061,Lagoon Reef (12-061),2024,Northern GBR,1,5.54,0.3241122180549288,0.32829276929333295,6.420027608820439,5.631319999694824,0.16483516483516483,54.279648353109025,0.033256764816276,0.6,0.01794252278248349,0,0,0,0,0,b,NA,decline hc abs 7% rel 25% DHW 5.54,coral bleaching,decline hc abs 7% rel 25% DHW 5.54  coral bleaching,0.20439217846985944,0.31788142232427824,0.1570055463427846,0.04990914638424475,joint_compound_rrn_relative_brt,leave_one_event_out,2024,0.1544830320856147,0.1544830320856147
manta,4285498,12-061,Lagoon Reef (12-061),2024,Northern GBR,1,5.54,0.3241122180549288,0.5429476932960781,6.420027608820439,5.631319999694824,0.16483516483516483,54.279648353109025,0.033256764816276,0.6,0.01794252278248349,0,0,0,0,0,b,NA,DHW 5.54- cots prior,coral bleaching,DHW 5.54- cots prior  coral bleaching,0.1983460233310179,0.35344616276119695,0.1624920312146581,0.057432184912093544,joint_compound_rrn_relative_brt,leave_one_event_out,2024,0.14091383841892435,0.14091383841892435
ltmp,4242160,13-124,U/N Reef (13-124),2024,Northern GBR,4,7.65,0.1774292151097992,0.315898372616265,6.655036804576533,5.196862697601318,0.1868131868131868,54.0042200125233,0.289484885761631,0.8,0.10742366029323452,0,0,0,0,0,b,NA,DHW 7.65,NA,DHW 7.65 ,0,0.2523211297187506,0.11153847984858935,0.02814351524250816,joint_compound_rrn_relative_brt,leave_one_event_out,2024,-0.02814351524250816,0.02814351524250816
manta,4285225,13-124,U/N Reef (13-124),2024,Northern GBR,4,7.65,0.1774292151097992,0.3940946693282352,6.655036804576533,5.196862697601318,0.1868131868131868,54.0042200125233,0.289484885761631,0.8,0.10742366029323452,0,0,0,0,0,b,NA,DHW 7.65,coral bleaching,DHW 7.65  coral bleaching,0.38359369951258004,0.2302252082920349,0.11030237316500556,0.025394386837019167,joint_compound_rrn_relative_brt,leave_one_event_out,2024,0.3581993126755609,0.3581993126755609
manta,4285433,13-127,Rodda Reef (13-127),2024,Northern GBR,4,7.23,0.3284942720325735,0.4008909239757581,6.686516551675772,5.148830890655518,0.17582417582417584,38.723631859261,0.157033639186111,0.8,0.08343184913394575,0,0,0,0,0,b,NA,DHW 7.23,coral bleaching,DHW 7.23  coral bleaching,0.14416255797900124,0.1538249010620735,0.1134548825544013,0.017452186083939947,joint_compound_rrn_relative_brt,leave_one_event_out,2024,0.1267103718950613,0.1267103718950613
ltmp,4240550,13-130,Davie Reef (13-130),2024,Northern GBR,4,7.03,0.4165932314736618,0.5412236066213202,6.686516551675772,5.385504722595215,0.17582417582417584,27.79877005838321,0.19893148191917,0.9,0.07486658984324951,0,0,0,0,0,b,NA,Aerial bl 2 2024  DHW 7.03,NA,Aerial bl 2 2024  DHW 7.03 ,0.027744635881124392,0.1890656697668742,0.11556332938360167,0.021849058270400543,joint_compound_rrn_relative_brt,leave_one_event_out,2024,0.005895577610723849,0.005895577610723849
manta,4285380,13-130,Davie Reef (13-130),2024,Northern GBR,4,7.03,0.4165932314736618,0.3531554979789382,6.686516551675772,5.385504722595215,0.17582417582417584,27.79877005838321,0.19893148191917,0.9,0.07486658984324951,0,0,0,0,0,b,NA,Aerial bl 2 2024  DHW 7.03,coral bleaching,Aerial bl 2 2024  DHW 7.03  coral bleaching,7.179161652642996e-4,0.1396953747564941,0.1110334474077149,0.01551085904612621,joint_compound_rrn_relative_brt,leave_one_event_out,2024,-0.014792942880861911,0.014792942880861911
manta,4285342,13-133,Tydeman Reef (13-133),2024,Northern GBR,5,7.18,0.36088278135206137,0.38356413829938735,6.686516551675772,5.385504722595215,0.17582417582417584,27.79877005838321,0.154226945103219,0.9,0.06331785148482759,0,0,0,0,0,b,NA,Aerial bl 3 2024 DHW 7.18,coral bleaching,Aerial bl 3 2024 DHW 7.18  coral bleaching,0.26606508064600476,0.13817836048142138,0.1134548825544013,0.015677009659979386,joint_compound_rrn_relative_brt,leave_one_event_out,2024,0.2503880709860254,0.2503880709860254
ltmp,4242370,14-016,Corbett Reef (14-016),2024,Northern GBR,5,7.49,0.29881445006710233,0.21731972604234384,6.495755978645292,5.167435646057129,0.17582417582417584,53.946045548395595,0.580108750421401,1,0.296049051889948,0,0,0,0,0,b,NA,Aerial bl 3 2024 DHW 6.82,NA,Aerial bl 3 2024 DHW 6.82 ,0.09426476809555026,0.15095220695814313,0.12396810413962428,0.018713258912293203,joint_compound_rrn_relative_brt,leave_one_event_out,2024,0.07555150918325707,0.07555150918325707
manta,4285333,14-016,Corbett Reef (14-016),2024,Northern GBR,5,7.49,0.29881445006710233,0.32459695544892575,6.495755978645292,5.167435646057129,0.17582417582417584,53.946045548395595,0.580108750421401,1,0.296049051889948,0,0,0,0,0,b,NA,Aerial bl 3 2024 DHW 6.82,coral bleaching,Aerial bl 3 2024 DHW 6.82  coral bleaching,0.41992308186246713,0.1200787685320112,0.11939502257948291,0.01433680728019598,joint_compound_rrn_relative_brt,leave_one_event_out,2024,0.40558627458227114,0.40558627458227114
ltmp,4241733,14-045,Sand Bank No 1 Reef (14-045),2024,Northern GBR,4,7.16,0.35876184588002236,0.42214123311310725,6.686516551675772,5.571252822875977,0.2087912087912088,53.88684402433357,0.127170719473362,0.4,-0.00895666424692048,0,0,0,0,0,b,NA,DHW 8.19,NA,DHW 8.19 ,0.010579124127506553,0.18888497466273635,0.20050009345037717,0.03787145507125076,joint_compound_rrn_relative_brt,leave_one_event_out,2024,-0.027292330943744208,0.027292330943744208
manta,4285211,14-045,Sand Bank No 1 Reef (14-045),2024,Northern GBR,4,7.16,0.35876184588002236,0.449334665923309,6.686516551675772,5.571252822875977,0.2087912087912088,53.88684402433357,0.127170719473362,0.4,-0.00895666424692048,0,0,0,0,0,b,NA,DHW 8.19,coral bleaching,DHW 8.19  coral bleaching,0.1631671639396755,0.1758193206749831,0.20404848723020771,0.035875666409573084,joint_compound_rrn_relative_brt,leave_one_event_out,2024,0.12729149753010244,0.12729149753010244
ltmp,4184758,14-087,Snake Reef (14-087),2024,Northern GBR,1,6.91,0.49661045255586744,0.26604015820313404,6.721013396401132,5.019526481628418,0.24175824175824176,38.681727528550425,0.513612464304515,1,0.2588340779562835,0,0,NA,0.0042,0.00419120461846807,b,NA,hc declines,coral bleaching,hc declines  coral bleaching,0.13933691300676979,0.15503826494738504,0.15838479629159896,0.024555704011094526,joint_compound_rrn_relative_brt,leave_one_event_out,2024,0.11478120899567526,0.11478120899567526
ltmp,4171456,14-114,MacGillivray Reef (14-114),2024,Northern GBR,4,5.93,0.22238725883456137,0.16676184000596264,6.662192357426267,5.6041412353515625,0.1978021978021978,38.660259476645,0.0434454558104632,0.8,0.0434454558104632,0,0,0,0.0092,0.00915793778476562,b,NA,DHW 6.03,NA,DHW 6.03 ,0,0.1253167086282513,0.13481640153297916,0.016894747709217683,joint_compound_rrn_relative_brt,leave_one_event_out,2024,-0.016894747709217683,0.016894747709217683
manta,4206375,14-114,MacGillivray Reef (14-114),2024,Northern GBR,4,5.93,0.22238725883456137,0.4652605846420815,6.662192357426267,5.6041412353515625,0.1978021978021978,38.660259476645,0.0434454558104632,0.8,0.0434454558104632,0,0,0,0.0092,0.00915793778476562,b,NA,DHW 6.03,coral bleaching,DHW 6.03  coral bleaching,0.3889435143171571,0.1918400626728804,0.16267186451616833,0.03120698068389604,joint_compound_rrn_relative_brt,leave_one_event_out,2024,0.3577365336332611,0.3577365336332611
ltmp,4169247,14-116a,Lizard Island Reef (North West) (14-116a),2024,Northern GBR,2,6.2700000000000005,0.14877724148928995,0.16532056503156148,6.662192357426267,5.6041412353515625,0.1978021978021978,38.660259476645,0.0473388095731419,0.6,0.02459738366791302,0,0,0,0,0,b,NA,DHW 6.27  aerial bl 4,NA,DHW 6.27  aerial bl 4 ,0,0.11369204045961462,0.14647945270252702,0.016653547863157907,joint_compound_rrn_relative_brt,leave_one_event_out,2024,-0.016653547863157907,0.016653547863157907
manta,4285515,14-116a,Lizard Island Reef (North West) (14-116a),2024,Northern GBR,2,6.2700000000000005,0.14877724148928995,0.2133297856632696,6.662192357426267,5.6041412353515625,0.1978021978021978,38.660259476645,0.0473388095731419,0.6,0.02459738366791302,0,0,0,0,0,b,NA,DHW 6.27  aerial bl 4,coral bleaching,DHW 6.27  aerial bl 4  coral bleaching,0.46158023498627077,0.14666017563562786,0.16575789126438353,0.024310081445825794,joint_compound_rrn_relative_brt,leave_one_event_out,2024,0.43727015354044496,0.43727015354044496
manta,3988617,14-118,Eyrie Reef (14-118),2024,Northern GBR,1,6.2700000000000005,0.5154641976894707,0.32029059765378537,6.662192357426267,5.6041412353515625,0.1978021978021978,38.660259476645,0.387817227069386,1,0.2936125563709091,0,0,0.0737812916437785,0.0613,0.05949457178563976,b,NA,DHW 6.27 to 6.32,coral bleaching,DHW 6.27 to 6.32  coral bleaching,0.5256729155551548,0.08904897414550265,0.1708246254524734,0.015211757655332479,joint_compound_rrn_relative_brt,leave_one_event_out,2024,0.5104611578998224,0.5104611578998224
ltmp,4172974,14-123,Martin Reef (14-123),2024,Northern GBR,1,6.4,0.5837078855804666,0.20952153168187226,6.662192357426267,5.099393844604492,0.2307692307692308,27.798770058382857,0.530025205470943,1,0.3896797019922375,0,0,0.0158266127109528,0.0201,0.01990066170633616,b,NA,no decline,coral bleaching,no decline  coral bleaching,0.3676370188512778,0.14740843451231458,0.1660624186365382,0.02447900116254071,joint_compound_rrn_relative_brt,leave_one_event_out,2024,0.3431580176887371,0.3431580176887371
manta,4285469,14-123,Martin Reef (14-123),2024,Northern GBR,1,6.4,0.5837078855804666,0.2716942520166412,6.662192357426267,5.099393844604492,0.2307692307692308,27.798770058382857,0.530025205470943,1,0.3896797019922375,0,0,0.0158266127109528,0.0201,0.01990066170633616,b,NA,DHW 6.73 aerial bl 5,coral bleaching,DHW 6.73 aerial bl 5  coral bleaching,0.19967709485407348,0.11474055902724761,0.1746969079827522,0.020044820882272624,joint_compound_rrn_relative_brt,leave_one_event_out,2024,0.17963227397180084,0.17963227397180084
ltmp,4175199,14-126,Linnet Reef (14-126),2024,Northern GBR,5,6.73,0.6343256027311654,0.31732653959228374,6.662192357426267,5.099393844604492,0.2307692307692308,27.798770058382857,0.536864378405265,1,0.39753303003351054,0,0,0.024274891987443,0.0201,0.01990066170633616,b,NA,DHW 6.73,coral bleaching,DHW 6.73  coral bleaching,0.41417830964770835,0.09675543264387844,0.17487991823994906,0.016920582150032358,joint_compound_rrn_relative_brt,leave_one_event_out,2024,0.397257727497676,0.397257727497676
manta,4285399,14-126,Linnet Reef (14-126),2024,Northern GBR,5,6.73,0.6343256027311654,0.4278475351183221,6.662192357426267,5.099393844604492,0.2307692307692308,27.798770058382857,0.536864378405265,1,0.39753303003351054,0,0,0.024274891987443,0.0201,0.01990066170633616,b,NA,DHW 6.73,coral bleaching,DHW 6.73  coral bleaching,0.7147170912272767,0.09830288930669719,0.1670975475890373,0.0164261717240657,joint_compound_rrn_relative_brt,leave_one_event_out,2024,0.698290919503211,0.698290919503211
ltmp,4173742,14-137,Carter Reef (14-137),2024,Northern GBR,3,8.21,0.18196194788730014,0.37643575381068406,6.662192357426267,5.418431758880615,0.21978021978021975,61.75564549314031,0,0.4,0,0,0,0,0,0,b,NA,DHW 8.21,NA,DHW 8.21 ,0,0.2849287562779585,0.21578149318106937,0.06148235247988288,joint_compound_rrn_relative_brt,leave_one_event_out,2024,-0.06148235247988288,0.06148235247988288
manta,3988787,14-137,Carter Reef (14-137),2024,Northern GBR,3,8.21,0.18196194788730014,0.26646593358861137,6.662192357426267,5.418431758880615,0.21978021978021975,61.75564549314031,0,0.4,0,0,0,0,0,0,b,NA,DHW 8.21,coral bleaching,DHW 8.21  coral bleaching,0,0.2531611708007743,0.21494046212354223,0.05441457904365544,joint_compound_rrn_relative_brt,leave_one_event_out,2024,-0.05441457904365544,0.05441457904365544
ltmp,4175968,14-138,Yonge Reef (14-138),2024,Northern GBR,1,8.08,0.2688625059919296,0.3680986269041048,6.662192357426267,5.418431758880615,0.21978021978021975,61.75564549314031,0,0.45,0,4,1.6094379124341005,0,0,0,b,NA,Aerial bl 2 2024 DHW 8.08,NA,Aerial bl 2 2024 DHW 8.08 ,0,0.27174413048264684,0.2055173098200455,0.055848122656181005,joint_compound_rrn_relative_brt,leave_one_event_out,2024,-0.055848122656181005,0.055848122656181005
manta,4206459,14-138,Yonge Reef (14-138),2024,Northern GBR,1,8.08,0.2688625059919296,0.2873801234301697,6.662192357426267,5.418431758880615,0.21978021978021975,61.75564549314031,0,0.45,0,4,1.6094379124341005,0,0,0,b,NA,Aerial bl 2 2024 DHW 8.08,coral bleaching,Aerial bl 2 2024 DHW 8.08  coral bleaching,0.11897693253026977,0.24095120856140875,0.21142357531639627,0.05094276599085971,joint_compound_rrn_relative_brt,leave_one_event_out,2024,0.06803416653941005,0.06803416653941005
ltmp,4169991,14-139,No Name Reef (14-139),2024,Northern GBR,3,7.61,0.28556436252650325,0.44282285881471023,6.662192357426267,5.407689571380615,0.2087912087912088,60.49914788861235,0,0.45,0,0,0,0,0,0,b,NA,increase in hc,coral bleaching,increase in hc  coral bleaching,0,0.24513095120215844,0.18767835734729188,0.04600577425660026,joint_compound_rrn_relative_brt,leave_one_event_out,2024,-0.04600577425660026,0.04600577425660026
manta,3988849,14-139,No Name Reef (14-139),2024,Northern GBR,3,7.61,0.28556436252650325,0.2124716767376835,6.662192357426267,5.407689571380615,0.2087912087912088,60.49914788861235,0,0.45,0,0,0,0,0,0,b,NA,DHW 7.98 aerial bl 1,coral bleaching,DHW 7.98 aerial bl 1  coral bleaching,0,0.18260156834691382,0.18263234507117856,0.03334895264087196,joint_compound_rrn_relative_brt,leave_one_event_out,2024,-0.03334895264087196,0.03334895264087196
ltmp,4172230,14-143,North Direction Reef (14-143),2024,Northern GBR,5,6.23,0.4371273713667701,0.17564623667562165,6.662192357426267,5.6041412353515625,0.1978021978021978,38.660259476645,0.0201384624835262,0.8,0.0201384624835262,0,0,0,0.0092,0.00915793778476562,b,NA,decline in hc and sc,coral bleaching,decline in hc and sc  coral bleaching,0.27692573545021293,0.25721377387051736,0.11519608421053452,0.029630019554897503,joint_compound_rrn_relative_brt,leave_one_event_out,2024,0.24729571589531543,0.24729571589531543
manta,3988509,14-147a,South Direction Reef (North) (14-147a),2024,Northern GBR,2,6.4,0.41269945972762634,0.22989179569720097,6.662192357426267,5.6041412353515625,0.1978021978021978,38.660259476645,0.0447928826902812,0.5,0.02107278940083535,0,0,0,0.0076,0.00757126549631807,b,NA,DHW 6.4 aerial bl 5,coral bleaching,DHW 6.4 aerial bl 5  coral bleaching,0.22265891983111194,0.18830094448335763,0.2134493882998232,0.04019272141625166,joint_compound_rrn_relative_brt,leave_one_event_out,2024,0.18246619841486028,0.18246619841486028
manta,4206312,15-030,Swinger Reef (15-030),2024,Northern GBR,1,3.87,0.5685984833602956,0.41001831853403453,6.7363531973548385,5.366098403930664,0.15384615384615383,26.81989949840036,0.149812788731616,1,0.10100326410607618,0,0,0,0.0025,0.00249688019858719,b,NA,DHW 3.87,coral bleaching,DHW 3.87  coral bleaching,0.34618830788839955,0.2476711566520973,0.0934274672863216,0.023139288885879253,joint_compound_rrn_relative_brt,leave_one_event_out,2024,0.3230490190025203,0.3230490190025203
ltmp,4176749,15-099c,Agincourt Reefs (No 1) (15-099c),2024,Central GBR,1,6.97,0.38200659369933787,0.3627972623729205,6.6724338344427165,5.55191707611084,0.15384615384615383,53.443772818368494,0.044311645741118,0.7,0.044311645741118,0,0,0,0,0,m,NA,declines hc and sc B Jasper,"coral bleaching, Cyclone Jasper","declines hc and sc B Jasper  coral bleaching, Cyclone Jasper",0.147059946921269,0.20079429191751474,0.2440095987935909,0.04899573461083594,joint_compound_rrn_relative_brt,leave_one_event_out,2024,0.09806421231043305,0.09806421231043305
manta,4206426,15-099c,Agincourt Reefs (No 1) (15-099c),2024,Central GBR,1,6.97,0.38200659369933787,0.44560178073362894,6.6724338344427165,5.55191707611084,0.15384615384615383,53.443772818368494,0.044311645741118,0.7,0.044311645741118,0,0,0,0,0,m,NA,Aerial bl 3 2024 DHW 6.97,"coral bleaching, Cyclone Jasper","Aerial bl 3 2024 DHW 6.97  coral bleaching, Cyclone Jasper",0.23551593127835632,0.22233826354705508,0.23076153528432175,0.05130711904856858,joint_compound_rrn_relative_brt,leave_one_event_out,2024,0.18420881222978774,0.18420881222978774
mmp,4160180,16-006,Snapper Reef (16-006),2024,Central GBR,5,6.93,0.2276483309360394,0.16863589480805166,6.812168274251864,3.162578821182251,0.5164835164835165,26.688203488870816,0.897197855579998,0.9,0.15894063309421047,0,0,NA,0.001,9.995003330835331e-4,m,Jasper,NA,"Cyclone Jasper, flood waters at 2.0 m only, coral bleaching at 5.0 m only | flood waters, Cyclone Jasper"," Jasper Cyclone Jasper, flood waters at 2.0 m only, coral bleaching at 5.0 m only | flood waters, Cyclone Jasper",0.6942901257684129,0.09350894380474628,0.11465811021829164,0.010721558785160639,joint_compound_rrn_relative_brt,leave_one_event_out,2024,0.6835685669832522,0.6835685669832522
mmp,4160201,16-006,Snapper Reef (16-006),2024,Central GBR,5,6.93,0.2276483309360394,0.5029984341764817,6.812168274251864,3.162578821182251,0.5164835164835165,26.688203488870816,0.897197855579998,0.9,0.15894063309421047,0,0,NA,0.001,9.995003330835331e-4,m,Jasper,NA,"Cyclone Jasper, flood waters at 2.0 m only, coral bleaching at 5.0 m only | flood waters, Cyclone Jasper"," Jasper Cyclone Jasper, flood waters at 2.0 m only, coral bleaching at 5.0 m only | flood waters, Cyclone Jasper",1,0.13865982339441127,0.13207395279619621,0.018313350969722378,joint_compound_rrn_relative_brt,leave_one_event_out,2024,0.9816866490302776,0.9816866490302776
mmp,4160222,16-006,Snapper Reef (16-006),2024,Central GBR,5,6.93,0.13825214405281794,0.3378998441589269,6.812168274251864,3.162578821182251,0.5164835164835165,26.688203488870816,0.897197855579998,0.9,0.15894063309421047,0,0,NA,0.001,9.995003330835331e-4,m,Jasper,NA,"Cyclone Jasper, flood waters at 2.0 m only, coral bleaching at 5.0 m only | flood waters, Cyclone Jasper"," Jasper Cyclone Jasper, flood waters at 2.0 m only, coral bleaching at 5.0 m only | flood waters, Cyclone Jasper",0,0.10574302531890827,0.09982622367823143,0.010555926897898226,joint_compound_rrn_relative_brt,leave_one_event_out,2024,-0.010555926897898226,0.010555926897898226
mmp,4160243,16-006,Snapper Reef (16-006),2024,Central GBR,5,6.93,0.13825214405281794,0.5789794313776275,6.812168274251864,3.162578821182251,0.5164835164835165,26.688203488870816,0.897197855579998,0.9,0.15894063309421047,0,0,NA,0.001,9.995003330835331e-4,m,Jasper,NA,"Cyclone Jasper, flood waters at 2.0 m only, coral bleaching at 5.0 m only | flood waters, Cyclone Jasper"," Jasper Cyclone Jasper, flood waters at 2.0 m only, coral bleaching at 5.0 m only | flood waters, Cyclone Jasper",1,0.13438046392111647,0.1058986354113412,0.014230707755189203,joint_compound_rrn_relative_brt,leave_one_event_out,2024,0.9857692922448108,0.9857692922448108
ltmp,4174485,16-015,Mackay Reef (16-015),2024,Central GBR,4,3.52,0.11108575555250783,0.24202255587051924,6.6724338344427165,5.55191707611084,0.15384615384615383,53.443772818368494,0.0670124787248476,0.8,0.04428520532024935,0,0,0,4e-4,3.999200213269354e-4,m,Jasper,NA,"Cyclone Jasper, flood waters, coral bleaching"," Jasper Cyclone Jasper, flood waters, coral bleaching",0.2553628149610071,0.1684794001606759,0.12913852399309161,0.021757181059991127,joint_compound_rrn_relative_brt,leave_one_event_out,2024,0.23360563390101596,0.23360563390101596
manta,4206192,16-015,Mackay Reef (16-015),2024,Central GBR,4,3.52,0.11108575555250783,0.4251201626271228,6.6724338344427165,5.55191707611084,0.15384615384615383,53.443772818368494,0.0670124787248476,0.8,0.04428520532024935,0,0,0,4e-4,3.999200213269354e-4,m,NA,DHW 4.03,"coral bleaching, Cyclone Jasper, flood waters","DHW 4.03  coral bleaching, Cyclone Jasper, flood waters",0.6125403307582871,0.18647617050984738,0.12538255227827458,0.023380858197603382,joint_compound_rrn_relative_brt,leave_one_event_out,2024,0.5891594725606837,0.5891594725606837
ltmp,4177618,16-019,St Crispin Reef (16-019),2024,Central GBR,4,5.87,0.5909846656384597,0.3897013622185705,6.6724338344427165,5.55191707611084,0.15384615384615383,53.443772818368494,0.0118783666655456,0.5,-0.01084890673905264,28.6666666666667,3.3900240810640314,0.00590551178902388,0.002,0.00199800266267305,m,NA,DHW 6.98,"coral bleaching, Cyclone Jasper","DHW 6.98  coral bleaching, Cyclone Jasper",0.14925263511949396,0.23642543323149123,0.15994056312112037,0.03781401692719955,joint_compound_rrn_relative_brt,leave_one_event_out,2024,0.11143861819229442,0.11143861819229442
manta,4206488,16-019,St Crispin Reef (16-019),2024,Central GBR,4,5.87,0.5909846656384597,0.2113603665534798,6.6724338344427165,5.55191707611084,0.15384615384615383,53.443772818368494,0.0118783666655456,0.5,-0.01084890673905264,28.6666666666667,3.3900240810640314,0.00590551178902388,0.002,0.00199800266267305,m,NA,DHW 6.98,"coral bleaching, Cyclone Jasper","DHW 6.98  coral bleaching, Cyclone Jasper",0.20745558753288798,0.2010971454657,0.162966913204257,0.032772181050732575,joint_compound_rrn_relative_brt,leave_one_event_out,2024,0.1746834064821554,0.1746834064821554
ltmp,4170711,16-028,Low Islands Reef (16-028),2024,Central GBR,5,6.42,0.07365554786941506,0.37695421002497653,6.900914657280194,2.825014591217041,0.6263736263736264,26.65400763146825,0.564896066302209,1,0.289486881626768,0,0,0,1e-4,9.999500033330834e-5,m,Jasper,NA,"Cyclone Jasper, flood waters, coral bleaching"," Jasper Cyclone Jasper, flood waters, coral bleaching",0.17859848813708523,0.16495646813170803,0.10564610416411944,0.017427008214787675,joint_compound_rrn_relative_brt,leave_one_event_out,2024,0.16117147992229755,0.16117147992229755
manta,4206349,16-028,Low Islands Reef (16-028),2024,Central GBR,5,6.42,0.07365554786941506,0.5110399637147486,6.900914657280194,2.825014591217041,0.6263736263736264,26.65400763146825,0.564896066302209,1,0.289486881626768,0,0,0,1e-4,9.999500033330834e-5,m,Jasper,Jasper,"Cyclone Jasper, flood waters, coral bleaching","Jasper Jasper Cyclone Jasper, flood waters, coral bleaching",0.4177050324727606,0.17477127631679862,0.11219681734522258,0.01960878096610728,joint_compound_rrn_relative_brt,leave_one_event_out,2024,0.3980962515066533,0.3980962515066533
mmp,4162774,16-054a,Fitzroy Island Reef (No 1) (16-054a),2024,Central GBR,2,7.82,0.589862940713534,0.4612107630161933,6.977581085825649,4.643918514251709,0.2087912087912088,26.584094214082956,0.529954681473679,0.9,0.18146982260318445,0,0,0,1e-4,9.999500033330834e-5,b | m,NA,partial bleaching during bleaching surveys Feb24 | bleaching observed during targetted bleaching surveys,"coral bleaching at 2.0 m only | coral bleaching at 2.0 m only, Cyclone Jasper","partial bleaching during bleaching surveys Feb24 | bleaching observed during targetted bleaching surveys  coral bleaching at 2.0 m only | coral bleaching at 2.0 m only, Cyclone Jasper",0.5242365308289569,0.09805743267323108,0.16116572436926493,0.015803497166571714,joint_compound_rrn_relative_brt,leave_one_event_out,2024,0.5084330336623852,0.5084330336623852
mmp,4162795,16-054a,Fitzroy Island Reef (No 1) (16-054a),2024,Central GBR,2,7.82,0.24786093423705963,0.3867415894390473,6.977581085825649,4.643918514251709,0.2087912087912088,26.584094214082956,0.529954681473679,0.9,0.18146982260318445,0,0,0,1e-4,9.999500033330834e-5,b | m,NA,partial bleaching during bleaching surveys Feb24 | bleaching observed during targetted bleaching surveys,"coral bleaching at 2.0 m only | coral bleaching at 2.0 m only, Cyclone Jasper","partial bleaching during bleaching surveys Feb24 | bleaching observed during targetted bleaching surveys  coral bleaching at 2.0 m only | coral bleaching at 2.0 m only, Cyclone Jasper",0.07995491504811622,0.07244121787913872,0.1405412785329424,0.010180981379217602,joint_compound_rrn_relative_brt,leave_one_event_out,2024,0.06977393366889861,0.06977393366889861
mmp,4162816,16-054a,Fitzroy Island Reef (No 1) (16-054a),2024,Central GBR,2,7.82,0.589862940713534,0.3457760050245789,6.977581085825649,4.643918514251709,0.2087912087912088,26.584094214082956,0.529954681473679,0.9,0.18146982260318445,0,0,0,1e-4,9.999500033330834e-5,b | m,NA,partial bleaching during bleaching surveys Feb24 | bleaching observed during targetted bleaching surveys,"coral bleaching at 2.0 m only | coral bleaching at 2.0 m only, Cyclone Jasper","partial bleaching during bleaching surveys Feb24 | bleaching observed during targetted bleaching surveys  coral bleaching at 2.0 m only | coral bleaching at 2.0 m only, Cyclone Jasper",0.2690843862833956,0.08047546001302287,0.1561575409453848,0.012566849942082297,joint_compound_rrn_relative_brt,leave_one_event_out,2024,0.2565175363413133,0.2565175363413133
mmp,4162832,16-054a,Fitzroy Island Reef (No 1) (16-054a),2024,Central GBR,2,7.82,0.24786093423705963,0.3731568893226376,6.977581085825649,4.643918514251709,0.2087912087912088,26.584094214082956,0.529954681473679,0.9,0.18146982260318445,0,0,0,1e-4,9.999500033330834e-5,b | m,NA,partial bleaching during bleaching surveys Feb24 | bleaching observed during targetted bleaching surveys,"coral bleaching at 2.0 m only | coral bleaching at 2.0 m only, Cyclone Jasper","partial bleaching during bleaching surveys Feb24 | bleaching observed during targetted bleaching surveys  coral bleaching at 2.0 m only | coral bleaching at 2.0 m only, Cyclone Jasper",0,0.07244121787913872,0.1405412785329424,0.010180981379217602,joint_compound_rrn_relative_brt,leave_one_event_out,2024,-0.010180981379217602,0.010180981379217602
ltmp,4179541,16-057,Hastings Reef (16-057),2024,Central GBR,2,7.62,0.1802122772005963,0.16959245778756643,6.940920589169635,6.116461753845215,0.13186813186813187,60.09013295337378,0.08249482618129,0.9,0.05884948517955871,38,3.6635616461296463,0,2e-4,1.9998000266626675e-4,m,Jasper,small decline,"Cyclone Jasper, coral bleaching","small decline Jasper Cyclone Jasper, coral bleaching",0.1327893266155054,0.07914799369176753,0.12382025199976396,0.009800124524190384,joint_compound_rrn_relative_brt,leave_one_event_out,2024,0.12298920209131503,0.12298920209131503
manta,4206246,16-057,Hastings Reef (16-057),2024,Central GBR,2,7.62,0.1802122772005963,0.2675786329407455,6.940920589169635,6.116461753845215,0.13186813186813187,60.09013295337378,0.08249482618129,0.9,0.05884948517955871,38,3.6635616461296463,0,2e-4,1.9998000266626675e-4,m,Jasper,Jasper,"Cyclone Jasper, coral bleaching","Jasper Jasper Cyclone Jasper, coral bleaching",0.4288792674978628,0.10711137231723553,0.14892699509409493,0.01595177481961071,joint_compound_rrn_relative_brt,leave_one_event_out,2024,0.41292749267825213,0.41292749267825213
ltmp,4178609,16-068,Thetford Reef (16-068),2024,Central GBR,5,7.34,0.1800947025045891,0.22060182847007123,6.977581085825649,6.070464134216309,0.12087912087912088,60.028158717834764,0.0704767616531914,0.8,0.02438038435635965,34,3.5553480614894135,0,0,0,b,NA,Aerial bl 3 2024 DHW 7.63 2024,NA,Aerial bl 3 2024 DHW 7.63 2024 ,0.05542349117761327,0.14822045041006468,0.12231696638220657,0.0181298758499634,joint_compound_rrn_relative_brt,leave_one_event_out,2024,0.03729361532764987,0.03729361532764987
manta,4068550,16-068,Thetford Reef (16-068),2024,Central GBR,5,7.34,0.1800947025045891,0.2945187715384348,6.977581085825649,6.070464134216309,0.12087912087912088,60.028158717834764,0.0704767616531914,0.8,0.02438038435635965,34,3.5553480614894135,0,0,0,b,NA,Aerial bl 3 2024 DHW 7.63 2024,coral bleaching,Aerial bl 3 2024 DHW 7.63 2024  coral bleaching,0.22109938427513848,0.13353513997316227,0.12198754911572394,0.016289624446151205,joint_compound_rrn_relative_brt,leave_one_event_out,2024,0.20480975982898728,0.20480975982898728
mmp,4164846,17-009a,Tobias Spit (17-009a),2024,Central GBR,3,6.32,0.2715440227550341,0.3552809499113012,6.845372987621058,2.7769243717193604,0.6153846153846154,26.548377985167942,0.748991096360115,0.8,0.14855903622271094,0,0,NA,1e-4,9.999500033330834e-5,m,NA,clear depth limit to level of mortality,"flood waters at 2.0 m only, Cyclone Jasper at 2.0 m only, crown-of-thorns starfish at 5.0 m only","clear depth limit to level of mortality  flood waters at 2.0 m only, Cyclone Jasper at 2.0 m only, crown-of-thorns starfish at 5.0 m only",0.5493500371623812,0.12491691282048417,0.12204965237489028,0.015246065785484568,joint_compound_rrn_relative_brt,leave_one_event_out,2024,0.5341039713768966,0.5341039713768966
mmp,4164863,17-009a,Tobias Spit (17-009a),2024,Central GBR,3,6.32,0.2715440227550341,0.4636944779061943,6.845372987621058,2.7769243717193604,0.6153846153846154,26.548377985167942,0.748991096360115,0.8,0.14855903622271094,0,0,NA,1e-4,9.999500033330834e-5,m,NA,clear depth limit to level of mortality,"flood waters at 2.0 m only, Cyclone Jasper at 2.0 m only, crown-of-thorns starfish at 5.0 m only","clear depth limit to level of mortality  flood waters at 2.0 m only, Cyclone Jasper at 2.0 m only, crown-of-thorns starfish at 5.0 m only",0,0.15061788796591233,0.128122064108,0.019297474697780183,joint_compound_rrn_relative_brt,leave_one_event_out,2024,-0.019297474697780183,0.019297474697780183
mmp,4164883,17-009a,Tobias Spit (17-009a),2024,Central GBR,3,6.32,0.22859264013099512,0.36068740498006996,6.845372987621058,2.7769243717193604,0.6153846153846154,26.548377985167942,0.748991096360115,0.8,0.14855903622271094,0,0,NA,1e-4,9.999500033330834e-5,m,NA,clear depth limit to level of mortality,"flood waters at 2.0 m only, Cyclone Jasper at 2.0 m only, crown-of-thorns starfish at 5.0 m only","clear depth limit to level of mortality  flood waters at 2.0 m only, Cyclone Jasper at 2.0 m only, crown-of-thorns starfish at 5.0 m only",0.07674865937178825,0.12491691282048417,0.10911402286590151,0.013630186881832136,joint_compound_rrn_relative_brt,leave_one_event_out,2024,0.06311847248995611,0.06311847248995611
mmp,4164900,17-009a,Tobias Spit (17-009a),2024,Central GBR,3,6.32,0.22859264013099512,0.16238442810370077,6.845372987621058,2.7769243717193604,0.6153846153846154,26.548377985167942,0.748991096360115,0.8,0.14855903622271094,0,0,NA,1e-4,9.999500033330834e-5,m,NA,clear depth limit to level of mortality,"flood waters at 2.0 m only, Cyclone Jasper at 2.0 m only, crown-of-thorns starfish at 5.0 m only","clear depth limit to level of mortality  flood waters at 2.0 m only, Cyclone Jasper at 2.0 m only, crown-of-thorns starfish at 5.0 m only",0,0.10084795639786878,0.09152625300310127,0.009230235572117064,joint_compound_rrn_relative_brt,leave_one_event_out,2024,-0.009230235572117064,0.009230235572117064
ltmp,3753785,17-024,Peart Reef (17-024),2024,Central GBR,3,5.4,0.32131913917438787,0.29076822596685753,6.866384143143859,5.830949306488037,0.12087912087912088,53.02430121520352,0.0632850722604437,0.7,0.01779391253058185,8.526512829121199e-13,8.526512829117565e-13,0,0,0,b,NA,NA,coral bleaching,  coral bleaching,0.09176739690951513,0.16786293020248477,0.2072049531749858,0.03478203059242177,joint_compound_rrn_relative_brt,leave_one_event_out,2024,0.05698536631709336,0.05698536631709336
manta,4067477,17-024,Peart Reef (17-024),2024,Central GBR,3,5.4,0.32131913917438787,0.1935746109136898,6.866384143143859,5.830949306488037,0.12087912087912088,53.02430121520352,0.0632850722604437,0.7,0.01779391253058185,8.526512829121199e-13,8.526512829117565e-13,0,0,0,b,NA,DHW 5.4,coral bleaching,DHW 5.4  coral bleaching,0.16297797479960072,0.17720832993432267,0.1959974008214398,0.03473237207103539,joint_compound_rrn_relative_brt,leave_one_event_out,2024,0.12824560272856533,0.12824560272856533
ltmp,3754965,17-034,Feather Reef (17-034),2024,Central GBR,4,5.54,0.2671748848874488,0.32859426121616114,6.866384143143859,5.830949306488037,0.12087912087912088,53.02430121520352,0.14934229030886,0.9,0.1037885048581075,14,2.70805020110221,0,0,0,b,NA,DHW 5.54,NA,DHW 5.54 ,0,0.17432056943284657,0.20086021438319926,0.035014066947682936,joint_compound_rrn_relative_brt,leave_one_event_out,2024,-0.035014066947682936,0.035014066947682936
manta,4068667,17-034,Feather Reef (17-034),2024,Central GBR,4,5.54,0.2671748848874488,0.1944095826335418,6.866384143143859,5.830949306488037,0.12087912087912088,53.02430121520352,0.14934229030886,0.9,0.1037885048581075,14,2.70805020110221,0,0,0,b,NA,DHW 5.54,coral bleaching,DHW 5.54  coral bleaching,0,0.183946012361605,0.19873319710045606,0.03655617913050177,joint_compound_rrn_relative_brt,leave_one_event_out,2024,-0.03655617913050177,0.03655617913050177
mmp,4167064,17-053,Stingaree Reefs (17-053),2024,Central GBR,1,4.15,0.616506583925962,0.33654597828120286,6.679407263235824,4.47112512588501,0.3076923076923077,26.438199406294544,0.939069623828006,0.5,-0.00537384389114203,0,0,NA,1e-4,9.999500033330834e-5,b,NA,partial bleaching at time of surveys,coral bleaching,partial bleaching at time of surveys  coral bleaching,0,0.11892362986792546,0.16363444219213125,0.019460001836901462,joint_compound_rrn_relative_brt,leave_one_event_out,2024,-0.019460001836901462,0.019460001836901462
mmp,4167081,17-053,Stingaree Reefs (17-053),2024,Central GBR,1,4.15,0.12818230888325138,0.34299737519484685,6.679407263235824,4.47112512588501,0.3076923076923077,26.438199406294544,0.939069623828006,0.5,-0.00537384389114203,0,0,NA,1e-4,9.999500033330834e-5,b,NA,partial bleaching at time of surveys,coral bleaching,partial bleaching at time of surveys  coral bleaching,0,0.10031272901468598,0.13040149583563515,0.01308092991486977,joint_compound_rrn_relative_brt,leave_one_event_out,2024,-0.01308092991486977,0.01308092991486977
mmp,4167098,17-053,Stingaree Reefs (17-053),2024,Central GBR,1,4.15,0.616506583925962,0.4806596238854858,6.679407263235824,4.47112512588501,0.3076923076923077,26.438199406294544,0.939069623828006,0.5,-0.00537384389114203,0,0,NA,1e-4,9.999500033330834e-5,b,NA,partial bleaching at time of surveys,coral bleaching,partial bleaching at time of surveys  coral bleaching,0.08448089989497658,0.14359385870983532,0.16864262561601137,0.02421604535516119,joint_compound_rrn_relative_brt,leave_one_event_out,2024,0.060264854539815386,0.060264854539815386
mmp,4167117,17-053,Stingaree Reefs (17-053),2024,Central GBR,1,4.15,0.12818230888325138,0.3419938741107149,6.679407263235824,4.47112512588501,0.3076923076923077,26.438199406294544,0.939069623828006,0.5,-0.00537384389114203,0,0,NA,1e-4,9.999500033330834e-5,b,NA,partial bleaching at time of surveys,coral bleaching,partial bleaching at time of surveys  coral bleaching,0.11474101713504835,0.10031272901468598,0.13040149583563515,0.01308092991486977,joint_compound_rrn_relative_brt,leave_one_event_out,2024,0.10166008722017858,0.10166008722017858
ltmp,3802952,17-063a,Farquharson Reef (No 1) (17-063a),2024,Central GBR,1,4.91,0.15402442656132434,0.08978364493751873,6.793622788043911,5.784509181976318,0.14285714285714285,52.950848061604326,0.0651378266978902,0.8,0.04241055329329195,10,2.3978952727983707,0,0,0,NA,NA,NA,NA, ,0,0.0898517723251925,0.10713009146882047,0.009625828587833504,joint_compound_rrn_relative_brt,leave_one_event_out,2024,-0.009625828587833504,0.009625828587833504
manta,4066960,17-063a,Farquharson Reef (No 1) (17-063a),2024,Central GBR,1,4.91,0.15402442656132434,0.07791532665248674,6.793622788043911,5.784509181976318,0.14285714285714285,52.950848061604326,0.0651378266978902,0.8,0.04241055329329195,10,2.3978952727983707,0,0,0,NA,NA,NA,NA, ,0,0.08293604946836101,0.09494238719526009,0.007874146521070376,joint_compound_rrn_relative_brt,leave_one_event_out,2024,-0.007874146521070376,0.007874146521070376
ltmp,3752581,17-064,Taylor Reef (17-064),2024,Central GBR,4,4.45,0.28264456502362123,0.12589356762072712,6.793622788043911,5.784509181976318,0.14285714285714285,52.950848061604326,0.0653108091876699,0.8,0.04258353578307165,10,2.3978952727983707,0,3e-4,2.9995500899797546e-4,b,NA,Aerial bl 1 2024 DHW 4.6,NA,Aerial bl 1 2024 DHW 4.6 ,0,0.1216676876537691,0.16075443995672464,0.019558620989611353,joint_compound_rrn_relative_brt,leave_one_event_out,2024,-0.019558620989611353,0.019558620989611353
manta,4067738,17-064,Taylor Reef (17-064),2024,Central GBR,4,4.45,0.28264456502362123,0.17051530949802596,6.793622788043911,5.784509181976318,0.14285714285714285,52.950848061604326,0.0653108091876699,0.8,0.04258353578307165,10,2.3978952727983707,0,3e-4,2.9995500899797546e-4,b,NA,Aerial bl 1 2024 DHW 4.6,coral bleaching,Aerial bl 1 2024 DHW 4.6  coral bleaching,0,0.1361935241130516,0.17190412761171206,0.023412228949018808,joint_compound_rrn_relative_brt,leave_one_event_out,2024,-0.023412228949018808,0.023412228949018808
mmp,4142980,18-001,Richards (Bedarra) Reef (18-001),2024,Central GBR,5,4.12,0.3256942657515102,0.12999759964029725,6.679407263235824,4.47112512588501,0.3076923076923077,26.438199406294544,0.691931621395728,0,-0.2128136208180611,0,0,NA,1e-4,9.999500033330834e-5,NA,NA,NA,NA, ,0,0.16307654977977462,0.13125498411181097,0.02140460995035327,joint_compound_rrn_relative_brt,leave_one_event_out,2024,-0.02140460995035327,0.02140460995035327
mmp,4142991,18-001,Richards (Bedarra) Reef (18-001),2024,Central GBR,5,4.12,0.02206680707521358,0.20138630567665236,6.679407263235824,4.47112512588501,0.3076923076923077,26.438199406294544,0.691931621395728,0,-0.2128136208180611,0,0,NA,1e-4,9.999500033330834e-5,NA,NA,NA,NA, ,0.04904518159865426,0.17420117550694522,0.10172470259412379,0.017720562769990764,joint_compound_rrn_relative_brt,leave_one_event_out,2024,0.0313246188286635,0.0313246188286635
ltmp,4226570,18-030,Kelso Reef (18-030),2024,Central GBR,5,6.72,0.233741827105771,0.17043083147705607,6.212002270133139,6.278666973114014,0.08791208791208792,83.77527323363911,0,0.45,0,7,2.0794415416798357,0.00285714287310839,0.0054,0.00538547227633781,b,NA,Aerial bl 4 2024 DHW6.56 2025 6.48 2024,NA,Aerial bl 4 2024 DHW6.56 2025 6.48 2024 ,0,0.3022417504224784,0.13350052409318416,0.040349432084242236,joint_compound_rrn_relative_brt,leave_one_event_out,2024,-0.040349432084242236,0.040349432084242236
manta,4066150,18-030,Kelso Reef (18-030),2024,Central GBR,5,6.72,0.233741827105771,0.2793191849642483,6.212002270133139,6.278666973114014,0.08791208791208792,83.77527323363911,0,0.45,0,7,2.0794415416798357,0.00285714287310839,0.0054,0.00538547227633781,b,NA,Aerial bl 4 2024 DHW6.56 2025 6.48 2024,coral bleaching,Aerial bl 4 2024 DHW6.56 2025 6.48 2024  coral bleaching,0,0.3589367412231794,0.13667705015561019,0.04905841498285177,joint_compound_rrn_relative_brt,leave_one_event_out,2024,-0.04905841498285177,0.04905841498285177
ltmp,4239584,18-032,Rib Reef (18-032),2024,Central GBR,3,6.7,0.25835783163767373,0.1740384528498136,6.212002270133139,6.034452438354492,0.12087912087912088,59.56981330964312,0.0708951209808588,1,0.0708951209808588,7,2.0794415416798357,0,7e-4,6.997551142733419e-4,b,NA,DHW 6.7,NA,DHW 6.7 ,0,0.194485055913611,0.14102553115583302,0.027427358312088878,joint_compound_rrn_relative_brt,leave_one_event_out,2024,-0.027427358312088878,0.027427358312088878
manta,4068045,18-032,Rib Reef (18-032),2024,Central GBR,3,6.7,0.25835783163767373,0.22653613954286794,6.212002270133139,6.034452438354492,0.12087912087912088,59.56981330964312,0.0708951209808588,1,0.0708951209808588,7,2.0794415416798357,0,7e-4,6.997551142733419e-4,b,NA,DHW 6.7,coral bleaching,DHW 6.7  coral bleaching,0,0.16570621650695175,0.13479162508794398,0.022335810210146714,joint_compound_rrn_relative_brt,leave_one_event_out,2024,-0.022335810210146714,0.022335810210146714
ltmp,4236105,18-034,Myrmidon Reef (18-034),2024,Central GBR,2,8.73,0.15606337630475434,0.34901513726316913,6.416116296599418,6.501668930053711,0.04395604395604396,132.00208142190922,0,0.5,0,9,2.302585092994046,0,0,0,b,NA,DHW 7.18,NA,DHW 7.18 ,0,0.13729618281004596,0.1538940471281478,0.02112906522788401,joint_compound_rrn_relative_brt,leave_one_event_out,2024,-0.02112906522788401,0.02112906522788401
ltmp,4236106,18-034,Myrmidon Reef (18-034),2024,Central GBR,2,8.73,0.3299598280057257,0.3906512169424299,6.416116296599418,6.501668930053711,0.04395604395604396,132.00208142190922,0,0.5,0,9,2.302585092994046,0,0,0,b,NA,DHW 8.73 bleaching Kirrily,coral bleaching,DHW 8.73 bleaching Kirrily  coral bleaching,0.10658121074123428,0.13777894824812567,0.1666873145876504,0.022966002890190927,joint_compound_rrn_relative_brt,leave_one_event_out,2024,0.08361520785104334,0.08361520785104334
manta,4066112,18-034,Myrmidon Reef (18-034),2024,Central GBR,2,8.73,0.15606337630475434,0.46454341268106875,6.416116296599418,6.501668930053711,0.04395604395604396,132.00208142190922,0,0.5,0,9,2.302585092994046,0,0,0,b,NA,DHW 7.18,coral bleaching,DHW 7.18  coral bleaching,0.3643114357676447,0.13922311888221783,0.14671839535198838,0.020426592598298116,joint_compound_rrn_relative_brt,leave_one_event_out,2024,0.3438848431693466,0.3438848431693466
manta,4066113,18-034,Myrmidon Reef (18-034),2024,Central GBR,2,8.73,0.3299598280057257,0.4956128764543216,6.416116296599418,6.501668930053711,0.04395604395604396,132.00208142190922,0,0.5,0,9,2.302585092994046,0,0,0,m,NA,DHW 8.73,"coral bleaching, Cyclone Kirrily","DHW 8.73  coral bleaching, Cyclone Kirrily",0.06268897611282381,0.1397115626020706,0.15844743450226137,0.022136938664600172,joint_compound_rrn_relative_brt,leave_one_event_out,2024,0.04055203744822364,0.04055203744822364
ltmp,4230870,18-039,Dip Reef (18-039),2024,Central GBR,1,7.32,0.3069695489966417,0.24049936740079766,5.947264586791359,6.650827884674072,0.06593406593406594,111.1950802335326,0,0.45,0,8,2.1972245773362196,NA,0,0,NA,NA,NA,NA, ,0,0.19530431639031443,0.14189761178194618,0.027713216066491225,joint_compound_rrn_relative_brt,leave_one_event_out,2024,-0.027713216066491225,0.027713216066491225
ltmp,4230871,18-039,Dip Reef (18-039),2024,Central GBR,1,7.32,0.45118185460183396,0.25000968515127425,5.947264586791359,6.650827884674072,0.06593406593406594,111.1950802335326,0,0.45,0,8,2.1972245773362196,NA,0,0,b,NA,DHW 8.02 flat lining,coral bleaching,DHW 8.02 flat lining  coral bleaching,0.038039797317140515,0.2080641210678875,0.14189761178194618,0.029523801877042948,joint_compound_rrn_relative_brt,leave_one_event_out,2024,0.008515995440097568,0.008515995440097568
mmp,4137924,18-049e,Orpheus (Goolboddi) Island Reef (No 5) (18-049e),2024,Central GBR,2,5.37,0.9172638468175502,0.43251261921953915,6.212002270133139,4.993875026702881,0.2087912087912088,38.297776879451746,0.281607665198612,0.3,-0.049333424283445,0,0,NA,0.0011,0.00109939544330096,m,NA,bleaching observed during targetted bleaching surveys,"coral bleaching, Cyclone Kirrily","bleaching observed during targetted bleaching surveys  coral bleaching, Cyclone Kirrily",0.33651069129053574,0.26522136746332137,0.04943279782310669,0.013110634236182252,joint_compound_rrn_relative_brt,leave_one_event_out,2024,0.3234000570543535,0.3234000570543535
mmp,4137940,18-049e,Orpheus (Goolboddi) Island Reef (No 5) (18-049e),2024,Central GBR,2,5.37,0.8773050262564269,0.5071642460105452,6.212002270133139,4.993875026702881,0.2087912087912088,38.297776879451746,0.281607665198612,0.3,-0.049333424283445,0,0,NA,0.0011,0.00109939544330096,m,NA,bleaching observed during targetted bleaching surveys,"coral bleaching, Cyclone Kirrily","bleaching observed during targetted bleaching surveys  coral bleaching, Cyclone Kirrily",0.23408438029879564,0.2711787401402959,0.04229097174869346,0.01146841243811954,joint_compound_rrn_relative_brt,leave_one_event_out,2024,0.22261596786067608,0.22261596786067608
ltmp,4225908,18-065,Havannah Reef (18-065),2024,Central GBR,3,6.92,0.42131306586001627,0.1842318417004947,6.212002270133139,4.9304327964782715,0.2087912087912088,26.32349077361211,0.479253770957126,0.6,0.03043883859427348,0,0,NA,0.0107,0.01064316009847982,NA,NA,NA,NA, ,0,0.19036093461256648,0.09810071624425187,0.018674544030417968,joint_compound_rrn_relative_brt,leave_one_event_out,2024,-0.018674544030417968,0.018674544030417968
mmp,4148236,18-065,Havannah Reef (18-065),2024,Central GBR,3,6.92,0.22901103363301673,0.2898412964040436,6.212002270133139,4.9304327964782715,0.2087912087912088,26.32349077361211,0.479253770957126,0.6,0.03043883859427348,0,0,NA,0.0107,0.01064316009847982,NA,NA,NA,NA, ,0,0.11020658485608453,0.08984524543612787,0.009901537665072369,joint_compound_rrn_relative_brt,leave_one_event_out,2024,-0.009901537665072369,0.009901537665072369
mmp,4148253,18-065,Havannah Reef (18-065),2024,Central GBR,3,6.92,0.2126580124355757,0.3493907363963273,6.212002270133139,4.9304327964782715,0.2087912087912088,26.32349077361211,0.479253770957126,0.6,0.03043883859427348,0,0,NA,0.0107,0.01064316009847982,NA,NA,NA,NA, ,0.0028424062617554992,0.11020658485608453,0.06127917679820717,0.006753368797722625,joint_compound_rrn_relative_brt,leave_one_event_out,2024,-0.003910962535967125,0.003910962535967125
ltmp,4235330,18-075,John Brewer Reef (18-075),2024,Central GBR,2,5.79,0.2646118463495706,0.09894508667391134,6.096021794618455,6.205605506896973,0.08791208791208792,61.49749903428462,0,0.45,0,3.5000000000008,1.5040773967764518,0,0.0187,0.01852730461388362,m,Kirrily,Cyclone Kirrily,NA,Cyclone Kirrily Kirrily,0,0.20093268708633102,0.19938275735316485,0.04006251319365334,joint_compound_rrn_relative_brt,leave_one_event_out,2024,-0.04006251319365334,0.04006251319365334
manta,4068096,18-075,John Brewer Reef (18-075),2024,Central GBR,2,5.79,0.2646118463495706,0.23435897874287936,6.096021794618455,6.205605506896973,0.08791208791208792,61.49749903428462,0,0.45,0,3.5000000000008,1.5040773967764518,0,0.0187,0.01852730461388362,m,Kirrily,Cyclone Kirrily,"Cyclone Kirrily, coral bleaching","Cyclone Kirrily Kirrily Cyclone Kirrily, coral bleaching",0.26174312602717364,0.29461759430015816,0.2004566193078737,0.05905804694202838,joint_compound_rrn_relative_brt,leave_one_event_out,2024,0.20268507908514527,0.20268507908514527
ltmp,4222718,18-076,Helix Reef (18-076),2024,Central GBR,4,6.11,0.5054491943511117,0.3220764384215993,6.096021794618455,6.48448371887207,0.08791208791208792,98.60262415600752,0,0.5,0,1,0.6931471805599453,0,0.0257,0.02537530633122824,m,Kirrily,70 phys,"Cyclone Kirrily, coral bleaching","70 phys Kirrily Cyclone Kirrily, coral bleaching",0.106430452853776,0.13616127592266036,0.2133493815517015,0.02904992400939017,joint_compound_rrn_relative_brt,leave_one_event_out,2024,0.07738052884438583,0.07738052884438583
manta,4067887,18-076,Helix Reef (18-076),2024,Central GBR,4,6.11,0.5054491943511117,0.5352957990953865,6.096021794618455,6.48448371887207,0.08791208791208792,98.60262415600752,0,0.5,0,1,0.6931471805599453,0,0.0257,0.02537530633122824,m,Kirrily,Cyclone Kirrily and DHW 6.11,"Cyclone Kirrily, coral bleaching","Cyclone Kirrily and DHW 6.11 Kirrily Cyclone Kirrily, coral bleaching",0.1797052706947009,0.14172712207037974,0.1984366673857869,0.028123857781824763,joint_compound_rrn_relative_brt,leave_one_event_out,2024,0.15158141291287613,0.15158141291287613
ltmp,4226931,18-081,Knife Reef (18-081),2024,Central GBR,2,6.54,0.570519458454164,0.44284851257291497,5.947264586791359,6.650827884674072,0.06593406593406594,111.1950802335326,0,0.4,0,9,2.302585092994046,0,0.0042,0.00419120461846807,m,NA,decline 5%  disease 60 DHW 6.54 Kirrily,"coral bleaching, coral disease","decline 5%  disease 60 DHW 6.54 Kirrily  coral bleaching, coral disease",0.09635988962854024,0.1802829786972977,0.14191880775696858,0.025585545395595453,joint_compound_rrn_relative_brt,leave_one_event_out,2024,0.07077434423294479,0.07077434423294479
ltmp,4237691,18-086,Chicken Reef (18-086),2024,Central GBR,4,6.640000000000001,0.43773493291083154,0.4221760679717542,5.947264586791359,6.851525783538818,0.06593406593406594,87.43427334613949,0,0.4,0,6.48529411764706,2.012940311374416,0,0.02,0.01980262729617971,NA,NA,NA,NA, ,0.04517456415014378,0.23777969380190184,0.13555191483327508,0.03223149280331763,joint_compound_rrn_relative_brt,leave_one_event_out,2024,0.012943071346826152,0.012943071346826152
manta,4066787,18-086,Chicken Reef (18-086),2024,Central GBR,4,6.640000000000001,0.43773493291083154,0.2640352540479171,5.947264586791359,6.851525783538818,0.06593406593406594,87.43427334613949,0,0.4,0,6.48529411764706,2.012940311374416,0,0.02,0.01980262729617971,NA,NA,NA,NA, ,0,0.20061501915266863,0.13606207430693046,0.027296095643036675,joint_compound_rrn_relative_brt,leave_one_event_out,2024,-0.027296095643036675,0.027296095643036675
ltmp,4234580,18-096,Davies Reef (18-096),2024,Central GBR,5,4.2700000000000005,0.30933731156813715,0.3628169523067178,5.947264586791359,6.851525783538818,0.06593406593406594,87.43427334613949,0,0.45,0,4.09523809523809,1.628306396738482,0.0175088650236527,0.0364,0.03575316970581786,m,Kirrily,DHW 4.27,NA,DHW 4.27 Kirrily,0,0.2914968181095295,0.17446468322668152,0.050855900033064665,joint_compound_rrn_relative_brt,leave_one_event_out,2024,-0.050855900033064665,0.050855900033064665
manta,4068156,18-096,Davies Reef (18-096),2024,Central GBR,5,4.2700000000000005,0.30933731156813715,0.49040533998214814,5.947264586791359,6.851525783538818,0.06593406593406594,87.43427334613949,0,0.45,0,4.09523809523809,1.628306396738482,0.0175088650236527,0.0364,0.03575316970581786,m,Kirrily,DHW 4.27,"Cyclone Kirrily, coral bleaching","DHW 4.27 Kirrily Cyclone Kirrily, coral bleaching",0,0.3200161639646603,0.16106045931140361,0.05154195035522164,joint_compound_rrn_relative_brt,leave_one_event_out,2024,-0.05154195035522164,0.05154195035522164
mmp,4150474,19-009c,Magnetic Island Reef (No 2) (19-009c),2024,Central GBR,1,9.07,0.18275253450005705,0.2701302451098475,6.096021794618455,2.8266942501068115,0.6043956043956044,0,0.996374213958009,0.4,-0.00362578604199104,0,0,NA,0.0197,0.01950846638804296,b,NA,partial bleaching at time of surveys,coral bleaching,partial bleaching at time of surveys  coral bleaching,0.3503963600443477,0.07284897951165019,0.15267408755643413,0.011122151476358557,joint_compound_rrn_relative_brt,leave_one_event_out,2024,0.3392742085679892,0.3392742085679892
mmp,4150494,19-009c,Magnetic Island Reef (No 2) (19-009c),2024,Central GBR,1,9.07,0.11902635288320192,0.2800670648981542,6.096021794618455,2.8266942501068115,0.6043956043956044,0,0.996374213958009,0.4,-0.00362578604199104,0,0,NA,0.0197,0.01950846638804296,b,NA,partial bleaching at time of surveys,coral bleaching,partial bleaching at time of surveys  coral bleaching,0.20057757443419322,0.07284897951165019,0.13318855398931623,0.009702650240754012,joint_compound_rrn_relative_brt,leave_one_event_out,2024,0.1908749241934392,0.1908749241934392
manta,4066204,19-098,Wansfell Reef (19-098),2024,Central GBR,5,3.37,0.18775765340217163,0.3150152243884395,5.8287453483906155,7.429059028625488,0.04395604395604396,83.39631017514978,0,0.45,0,17.6666666666667,2.9267394020670414,0,0,0,b,NA,Aerial bl 3 2024 DHW 3.37 2024 DHW 2.61 2025,coral bleaching,Aerial bl 3 2024 DHW 3.37 2024 DHW 2.61 2025  coral bleaching,0.19912105097139948,0.272393926890391,0.09726876145292677,0.02649541989592742,joint_compound_rrn_relative_brt,leave_one_event_out,2024,0.17262563107547207,0.17262563107547207
ltmp,4233078,19-131a,U/N Reef (19-131a),2024,Central GBR,5,5.82,0.15580743050357476,0.4562967207282716,5.8287453483906155,7.407030582427979,0.02197802197802198,61.428452679898,0,0.45,0,18.8,2.9856819377004897,0.00555555569007993,0.0064,0.00637960696403902,NA,NA,NA,NA, ,0,0.40087024755314676,0.16599405171261652,0.06654207660238644,joint_compound_rrn_relative_brt,leave_one_event_out,2024,-0.06654207660238644,0.06654207660238644
ltmp,4233079,19-131a,U/N Reef (19-131a),2024,Central GBR,5,5.82,0.1289236137275135,0.43353725981687835,5.8287453483906155,7.407030582427979,0.02197802197802198,61.428452679898,0,0.45,0,18.8,2.9856819377004897,0.00555555569007993,0.0064,0.00637960696403902,NA,NA,NA,NA, ,0,0.40087024755314676,0.15695034739286473,0.06291672461293006,joint_compound_rrn_relative_brt,leave_one_event_out,2024,-0.06291672461293006,0.06291672461293006
manta,4067674,19-131a,U/N Reef (19-131a),2024,Central GBR,5,5.82,0.15580743050357476,0.29052989579115857,5.8287453483906155,7.407030582427979,0.02197802197802198,61.428452679898,0,0.45,0,18.8,2.9856819377004897,0.00555555569007993,0.0064,0.00637960696403902,NA,NA,NA,NA, ,0.021280260466417084,0.3688490771510011,0.14110548727613603,0.05204662876274511,joint_compound_rrn_relative_brt,leave_one_event_out,2024,-0.030766368296328023,0.030766368296328023
manta,4067675,19-131a,U/N Reef (19-131a),2024,Central GBR,5,5.82,0.1289236137275135,0.256479474775485,5.8287453483906155,7.407030582427979,0.02197802197802198,61.428452679898,0,0.45,0,18.8,2.9856819377004897,0.00555555569007993,0.0064,0.00637960696403902,NA,NA,NA,NA, ,0,0.3688490771510011,0.1452181624516584,0.05356358520585836,joint_compound_rrn_relative_brt,leave_one_event_out,2024,-0.05356358520585836,0.05356358520585836
manta,4067702,19-135,Hardy Reef (19-135),2024,Central GBR,5,5.28,0.1732226800728372,0.43699201717370284,5.8287453483906155,7.407030582427979,0.02197802197802198,61.428452679898,0,0.4,0,16.875,2.883403088580071,0,0,0,NA,NA,NA,NA, ,0,0.3850795389311637,0.1324419257789318,0.05100067571410646,joint_compound_rrn_relative_brt,leave_one_event_out,2024,-0.05100067571410646,0.05100067571410646
ltmp,4231590,19-138,U/N Reef (19-138),2024,Central GBR,3,5.78,0.2237363080890812,0.5036509690708734,5.8287453483906155,7.3713226318359375,0.01098901098901099,76.29258334678795,0,0.45,0,21,3.091042453358316,0,0.0064,0.00637960696403902,NA,NA,NA,NA, ,0,0.36931568442112017,0.18612914527076987,0.06874041267639248,joint_compound_rrn_relative_brt,leave_one_event_out,2024,-0.06874041267639248,0.06874041267639248
ltmp,4231591,19-138,U/N Reef (19-138),2024,Central GBR,3,5.78,0.19822604048299736,0.434265841284731,5.8287453483906155,7.3713226318359375,0.01098901098901099,76.29258334678795,0,0.45,0,21,3.091042453358316,0,0.0064,0.00637960696403902,NA,NA,NA,NA, ,0,0.3543282842787472,0.16071384320912233,0.0569454603241319,joint_compound_rrn_relative_brt,leave_one_event_out,2024,-0.0569454603241319,0.0569454603241319
manta,4067379,19-138,U/N Reef (19-138),2024,Central GBR,3,5.78,0.2237363080890812,0.38075191515937695,5.8287453483906155,7.3713226318359375,0.01098901098901099,76.29258334678795,0,0.45,0,21,3.091042453358316,0,0.0064,0.00637960696403902,NA,NA,NA,NA, ,0.1009258296179353,0.3351766556224873,0.155701741025218,0.052187588831431195,joint_compound_rrn_relative_brt,leave_one_event_out,2024,0.0487382407865041,0.0487382407865041
manta,4067380,19-138,U/N Reef (19-138),2024,Central GBR,3,5.78,0.19822604048299736,0.20120109576445824,5.8287453483906155,7.3713226318359375,0.01098901098901099,76.29258334678795,0,0.45,0,21,3.091042453358316,0,0.0064,0.00637960696403902,NA,NA,NA,NA, ,0,0.3120556301014877,0.14874696746574873,0.04641732865820971,joint_compound_rrn_relative_brt,leave_one_event_out,2024,-0.04641732865820971,0.04641732865820971
ltmp,4227302,19-159,Slate Reef (19-159),2024,Central GBR,1,8.61,0.6136352481490801,0.40042831189585437,5.8287453483906155,7.366249084472656,0.01098901098901099,118.35940764116184,0,0.45,0,33,3.5263605246161616,0.0222222227603197,0.0198,0.01960652963891831,NA,NA,NA,NA, ,0.0636605992892416,0.37401037583231456,0.2753225368509076,0.10297348548271422,joint_compound_rrn_relative_brt,leave_one_event_out,2024,-0.03931288619347262,0.03931288619347262
ltmp,4227303,19-159,Slate Reef (19-159),2024,Central GBR,1,8.61,0.6586105214947701,0.4609423548222777,5.8287453483906155,7.366249084472656,0.01098901098901099,118.35940764116184,0,0.45,0,33,3.5263605246161616,0.0222222227603197,0.0198,0.01960652963891831,b,NA,NA,coral bleaching,  coral bleaching,0.13128332055698222,0.3864611616571118,0.28330201286142986,0.10948522499022621,joint_compound_rrn_relative_brt,leave_one_event_out,2024,0.021798095566756007,0.021798095566756007
manta,4067116,19-159,Slate Reef (19-159),2024,Central GBR,1,8.61,0.6136352481490801,0.5283413420729094,5.8287453483906155,7.366249084472656,0.01098901098901099,118.35940764116184,0,0.45,0,33,3.5263605246161616,0.0222222227603197,0.0198,0.01960652963891831,NA,NA,NA,NA, ,0,0.38776856384232367,0.1865511636950217,0.0723386768291328,joint_compound_rrn_relative_brt,leave_one_event_out,2024,-0.0723386768291328,0.0723386768291328
manta,4067117,19-159,Slate Reef (19-159),2024,Central GBR,1,8.61,0.6586105214947701,0.6189962599768563,5.8287453483906155,7.366249084472656,0.01098901098901099,118.35940764116184,0,0.45,0,33,3.5263605246161616,0.0222222227603197,0.0198,0.01960652963891831,b,NA,DHW 8.61,coral bleaching,DHW 8.61  coral bleaching,0.14645471025517404,0.38776856384232367,0.1865511636950217,0.0723386768291328,joint_compound_rrn_relative_brt,leave_one_event_out,2024,0.07411603342604124,0.07411603342604124
ltmp,4228737,19-207,Hyde Reef (19-207),2024,Central GBR,4,9.25,0.7162796368719883,0.29518550152676976,5.8287453483906155,7.366249084472656,0.01098901098901099,118.35940764116184,0,0.45,0,33,3.5263605246161616,0,8e-4,7.996801705643322e-4,NA,NA,NA,NA, ,0.015984087725189246,0.46361573885332086,0.3187323590879168,0.14776933815500654,joint_compound_rrn_relative_brt,leave_one_event_out,2024,-0.13178525042981729,0.13178525042981729
ltmp,4228738,19-207,Hyde Reef (19-207),2024,Central GBR,4,9.25,0.7299065476187283,0.3972470019737009,5.8287453483906155,7.366249084472656,0.01098901098901099,118.35940764116184,0,0.45,0,33,3.5263605246161616,0,8e-4,7.996801705643322e-4,b,NA,NA,coral bleaching,  coral bleaching,0.25692201562212913,0.46361573885332086,0.30193738398512227,0.1399829233637013,joint_compound_rrn_relative_brt,leave_one_event_out,2024,0.11693909225842783,0.11693909225842783
manta,4066821,19-207,Hyde Reef (19-207),2024,Central GBR,4,9.25,0.7162796368719883,0.44223878365323005,5.8287453483906155,7.366249084472656,0.01098901098901099,118.35940764116184,0,0.45,0,33,3.5263605246161616,0,8e-4,7.996801705643322e-4,NA,NA,NA,NA, ,0.058365513512148574,0.4643729435080707,0.20518653481871438,0.09528307514198762,joint_compound_rrn_relative_brt,leave_one_event_out,2024,-0.03691756162983905,0.03691756162983905
manta,4066822,19-207,Hyde Reef (19-207),2024,Central GBR,4,9.25,0.7299065476187283,0.548497743028163,5.8287453483906155,7.366249084472656,0.01098901098901099,118.35940764116184,0,0.45,0,33,3.5263605246161616,0,8e-4,7.996801705643322e-4,b,NA,DHW 9.2 to 10.15,coral bleaching,DHW 9.2 to 10.15  coral bleaching,0.1937272499760806,0.4781523725887627,0.21316601082923656,0.10192583383328134,joint_compound_rrn_relative_brt,leave_one_event_out,2024,0.09180141614279926,0.09180141614279926
ltmp,4228045,19-209,Rebe Reef (19-209),2024,Central GBR,5,11.14,0.6402774310653515,0.34370121589495445,5.8287453483906155,7.324434280395508,0.01098901098901099,141.95146623793426,0,0.45,0,33,3.5263605246161616,0,5e-4,4.99875041651048e-4,b,NA,Aerial bl 4,coral bleaching,Aerial bl 4  coral bleaching,0.3688870700792086,0.40795171088121596,0.2708305775236762,0.11048579745973149,joint_compound_rrn_relative_brt,leave_one_event_out,2024,0.25840127261947715,0.25840127261947715
manta,4067239,19-209,Rebe Reef (19-209),2024,Central GBR,5,11.14,0.6402774310653515,0.46618035867601393,5.8287453483906155,7.324434280395508,0.01098901098901099,141.95146623793426,0,0.45,0,33,3.5263605246161616,0,5e-4,4.99875041651048e-4,b,NA,Aerial bl 4,NA,Aerial bl 4 ,0,0.4086872716934047,0.18825674969227854,0.07693813740960552,joint_compound_rrn_relative_brt,leave_one_event_out,2024,-0.07693813740960552,0.07693813740960552
manta,4067240,19-209,Rebe Reef (19-209),2024,Central GBR,5,11.14,0.6402774310653515,0.6158185078470628,5.8287453483906155,7.324434280395508,0.01098901098901099,141.95146623793426,0,0.45,0,33,3.5263605246161616,0,5e-4,4.99875041651048e-4,b,NA,DHW 9.3 to 11.1,coral bleaching,DHW 9.3 to 11.1  coral bleaching,0.2429906656982307,0.42211652877486605,0.18825674969227854,0.07946628569854346,joint_compound_rrn_relative_brt,leave_one_event_out,2024,0.16352437999968722,0.16352437999968722
ltmp,4233800,20-014,Hayman Island Reef (20-014),2024,Central GBR,3,5.8500000000000005,0.3996552510163357,0.165316693866412,5.8287453483906155,7.831005573272705,0.01098901098901099,27.798770058383298,0.205780518226557,0.3,-0.25473789843137007,12,2.5649493574615367,0,0,0,NA,NA,NA,NA, ,0.010111474745115426,0.23812888261577253,0.10027641506016333,0.023878710670992117,joint_compound_rrn_relative_brt,leave_one_event_out,2024,-0.01376723592587669,0.01376723592587669
ltmp,4233801,20-014,Hayman Island Reef (20-014),2024,Central GBR,3,5.8500000000000005,0.14030141659542145,0.13633728561380234,5.8287453483906155,7.831005573272705,0.01098901098901099,27.798770058383298,0.205780518226557,0.3,-0.25473789843137007,12,2.5649493574615367,0,0,0,b,NA,DHW 5.85,NA,DHW 5.85 ,0,0.20817282576542745,0.07951018352224597,0.01655185958095367,joint_compound_rrn_relative_brt,leave_one_event_out,2024,-0.01655185958095367,0.01655185958095367
manta,4067315,20-014,Hayman Island Reef (20-014),2024,Central GBR,3,5.8500000000000005,0.14030141659542145,0.15508503949186497,5.8287453483906155,7.831005573272705,0.01098901098901099,27.798770058383298,0.205780518226557,0.3,-0.25473789843137007,12,2.5649493574615367,0,0,0,b,NA,DHW 5.85,coral bleaching,DHW 5.85  coral bleaching,0,0.22059629890265134,0.07372753257435322,0.016264020813126986,joint_compound_rrn_relative_brt,leave_one_event_out,2024,-0.016264020813126986,0.016264020813126986
mmp,4139904,20-028d,Hook Island Reef (No 4) (20-028d),2024,Central GBR,1,6.61,0.1423214731378012,0.07448612680364963,5.8287453483906155,6.882554054260254,0.03296703296703297,0,0.214605554955516,0.1,-0.360890165177843,11.75,2.5455312716044354,NA,9e-4,8.99595242836093e-4,NA,NA,NA,NA, ,0,0.20458478380263886,0.04715471028243585,0.00964713620840821,joint_compound_rrn_relative_brt,leave_one_event_out,2024,-0.00964713620840821,0.00964713620840821
mmp,4139918,20-028d,Hook Island Reef (No 4) (20-028d),2024,Central GBR,1,6.61,0.03849021114891813,0.18146905175768832,5.8287453483906155,6.882554054260254,0.03296703296703297,0,0.214605554955516,0.1,-0.360890165177843,11.75,2.5455312716044354,NA,9e-4,8.99595242836093e-4,NA,NA,NA,NA, ,0,0.37985182822925573,0.06487669380328308,0.024643530750646705,joint_compound_rrn_relative_brt,leave_one_event_out,2024,-0.024643530750646705,0.024643530750646705
mmp,4156652,20-035a,Daydream Reef (No 1) (20-035a),2024,Central GBR,2,8.78,0.2598230662382889,0.01538463975342603,5.8287453483906155,5.7756476402282715,0.0989010989010989,26.080562739584575,0.582045224237017,0.1,-0.1913181768069775,0,0,NA,0.0019,0.00189819728308025,NA,NA,NA,NA, ,0,0.114340199225065,0.11300202532644177,0.012920674088661193,joint_compound_rrn_relative_brt,leave_one_event_out,2024,-0.012920674088661193,0.012920674088661193
mmp,4156671,20-035a,Daydream Reef (No 1) (20-035a),2024,Central GBR,2,8.78,0.3450043885487789,0.0619788555082298,5.8287453483906155,5.7756476402282715,0.0989010989010989,26.080562739584575,0.582045224237017,0.1,-0.1913181768069775,0,0,NA,0.0019,0.00189819728308025,NA,NA,NA,NA, ,0,0.12128203201052809,0.1008767147589512,0.01223453294851203,joint_compound_rrn_relative_brt,leave_one_event_out,2024,-0.01223453294851203,0.01223453294851203
mmp,4145380,20-058a,Dent Reef (No 1) (20-058a),2024,Central GBR,3,8.46,0.04684196083012745,0.20211926077969242,5.8287453483906155,6.882554054260254,0.03296703296703297,0,0.32629943114293,0,-0.3402678693695566,0,0,NA,0.0033,0.00329456694943003,NA,NA,NA,NA, ,0,0.31787384772624167,0.13591186240693975,0.043202826654933475,joint_compound_rrn_relative_brt,leave_one_event_out,2024,-0.043202826654933475,0.043202826654933475
mmp,4145395,20-058a,Dent Reef (No 1) (20-058a),2024,Central GBR,3,8.46,0.05247557858289701,0.27591806105767913,5.8287453483906155,6.882554054260254,0.03296703296703297,0,0.32629943114293,0,-0.3402678693695566,0,0,NA,0.0033,0.00329456694943003,NA,NA,NA,NA, ,0,0.32663315892520145,0.11911520286099479,0.038906974986502925,joint_compound_rrn_relative_brt,leave_one_event_out,2024,-0.038906974986502925,0.038906974986502925
mmp,4151714,20-061,Pine Island Reef (20-061),2024,Central GBR,4,9.17,0.054316214592486936,0.06317441071504845,5.8287453483906155,6.957430839538574,0.02197802197802198,27.79877005838312,0.581681122802904,0,-0.26131431948144157,8,2.1972245773362196,NA,0.0028,0.00279608730200127,NA,NA,NA,NA, ,0,0.15093032014800256,0.09449507697159797,0.014262172219733426,joint_compound_rrn_relative_brt,leave_one_event_out,2024,-0.014262172219733426,0.014262172219733426
mmp,4151734,20-061,Pine Island Reef (20-061),2024,Central GBR,4,9.17,0.04014192197989718,0.1528425783149248,5.8287453483906155,6.957430839538574,0.02197802197802198,27.79877005838312,0.581681122802904,0,-0.26131431948144157,8,2.1972245773362196,NA,0.0028,0.00279608730200127,NA,NA,NA,NA, ,0,0.1715935460638268,0.10098107687026862,0.017327701065513273,joint_compound_rrn_relative_brt,leave_one_event_out,2024,-0.017327701065513273,0.017327701065513273
mmp,4146310,20-095,Seaforth Reef (20-095),2024,Central GBR,1,9.47,0.05021782281804785,0.08750189043508103,5.8287453483906155,6.957430839538574,0.02197802197802198,27.79877005838312,0.348719914826354,0.1,-0.2366546377751485,0,0,NA,0.0041,0.00409161790325356,NA,NA,NA,NA, ,0.015026046394532625,0.17243266159006623,0.10345189772053895,0.017838486070495835,joint_compound_rrn_relative_brt,leave_one_event_out,2024,-0.0028124396759632107,0.0028124396759632107
mmp,4146325,20-095,Seaforth Reef (20-095),2024,Central GBR,1,9.47,0,0.09847645164875594,5.8287453483906155,6.957430839538574,0.02197802197802198,27.79877005838312,0.348719914826354,0.1,-0.2366546377751485,0,0,NA,0.0041,0.00409161790325356,NA,NA,NA,NA, ,0,0.15390957061799918,0.09891964116026845,0.015224679496663476,joint_compound_rrn_relative_brt,leave_one_event_out,2024,-0.015224679496663476,0.015224679496663476
manta,4067753,20-104,U/N Reef (20-104),2024,Central GBR,4,5.5600000000000005,0.3166147337257602,0.3954607791259235,5.8287453483906155,7.423409461975098,0,83.09235604782566,0,0.3,0,26,3.295836866004329,0,0.0038,0.00379279823869623,b,NA,Aerial bl 3 2024 DHW 2024 DHW 2.52 2025,coral bleaching,Aerial bl 3 2024 DHW 2024 DHW 2.52 2025  coral bleaching,0.05916872045396826,0.38229748901106086,0.21311498886896937,0.08147332511522717,joint_compound_rrn_relative_brt,leave_one_event_out,2024,-0.022304604661258914,0.022304604661258914
manta,4067754,20-104,U/N Reef (20-104),2024,Central GBR,4,5.5600000000000005,0.20685377657459916,0.16222060434747407,5.8287453483906155,7.423409461975098,0,83.09235604782566,0,0.3,0,26,3.295836866004329,0,0.0038,0.00379279823869623,NA,NA,NA,NA, ,0,0.26817032896572995,0.20314141584055262,0.05447650031252514,joint_compound_rrn_relative_brt,leave_one_event_out,2024,-0.05447650031252514,0.05447650031252514
manta,4067796,20-287,Credlin Reefs (East) (20-287),2024,Southern GBR,2,8.14,0.1631631572030451,0.35058914094719495,5.8287453483906155,7.596888065338135,0.01098901098901099,107.88088100039306,0,0.45,0,14.2307692307692,2.7233176732329967,0,0.0261,0.02576520788602641,NA,NA,NA,NA, ,0,0.25676801813586325,0.12589285598453134,0.03232525912861176,joint_compound_rrn_relative_brt,leave_one_event_out,2024,-0.03232525912861176,0.03232525912861176
manta,4049479,20-297,Creal Reef (20-297),2024,Southern GBR,2,8.370000000000001,0.2396430089858636,0.6903771670175208,5.8287453483906155,7.628969192504883,0,158.8083169396554,0,0.35,0,30,3.4339872044851463,0,0.0078,0.00776973726436066,NA,NA,NA,NA, ,0.14353057103012326,0.5916559189065146,0.26846410592911824,0.15883837728690833,joint_compound_rrn_relative_brt,leave_one_event_out,2024,-0.015307806256785073,0.015307806256785073
manta,4066466,20-348,U/N Reef (20-348),2024,Southern GBR,3,8.39,0.2769734684349537,0.2718157702712433,5.04829112437769,7.647981643676758,0.01098901098901099,148.29161899510453,0,0.35,0,18.0714285714286,2.948191328784993,NA,0.0303,0.0298500219688853,b,NA,Aerial bl 3 2024 DHW 8.39 2024,coral bleaching,Aerial bl 3 2024 DHW 8.39 2024  coral bleaching,0.3195506149689588,0.4420533308515975,0.19926563738217887,0.08808603872905876,joint_compound_rrn_relative_brt,leave_one_event_out,2024,0.23146457623990005,0.23146457623990005
ltmp,4225567,20-351a,Pompey Reef (No 1) (20-351a),2024,Southern GBR,5,8.63,0.22497349239822226,0.2705389010800665,5.04829112437769,7.65802526473999,0.01098901098901099,138.99385029191623,0,0.35,0,3.36,1.4724720573609429,0,0,0,NA,NA,NA,NA, ,0.07887795268029442,0.25599369851152487,0.21680250310240978,0.055500074615742225,joint_compound_rrn_relative_brt,leave_one_event_out,2024,0.023377878064552195,0.023377878064552195
manta,4066907,20-351a,Pompey Reef (No 1) (20-351a),2024,Southern GBR,5,8.63,0.22497349239822226,0.39403716523982174,5.04829112437769,7.65802526473999,0.01098901098901099,138.99385029191623,0,0.35,0,3.36,1.4724720573609429,0,0,0,NA,NA,NA,NA, ,0.07325807915336613,0.2481572374686436,0.18754900712213446,0.04654164349741585,joint_compound_rrn_relative_brt,leave_one_event_out,2024,0.026716435655950277,0.026716435655950277
ltmp,4223666,20-351b,Pompey Reef (No 2) (20-351b),2024,Southern GBR,1,8.63,0.26586271071453776,0.23601995395034991,5.04829112437769,7.65802526473999,0.01098901098901099,138.99385029191623,0,0.35,0,1.00000000000045,0.6931471805601703,0,0,0,NA,NA,NA,NA, ,0,0.21515711314119507,0.21842806714428925,0.04699635235577639,joint_compound_rrn_relative_brt,leave_one_event_out,2024,-0.04699635235577639,0.04699635235577639
manta,4067069,20-351b,Pompey Reef (No 2) (20-351b),2024,Southern GBR,1,8.63,0.26586271071453776,0.24979788892199734,5.04829112437769,7.65802526473999,0.01098901098901099,138.99385029191623,0,0.35,0,1.00000000000045,0.6931471805601703,0,0,0,NA,NA,NA,NA, ,0.04145156284186047,0.20822088400172178,0.19964602986016228,0.04157047282491713,joint_compound_rrn_relative_brt,leave_one_event_out,2024,-1.1890998305666423e-4,1.1890998305666423e-4
manta,4066856,20-353,U/N Reef (20-353),2024,Southern GBR,2,8.51,0.28257324232113723,0.5957874377747552,5.04829112437769,7.647981643676758,0.01098901098901099,148.29161899510453,0,0.35,0,15.5555555555556,2.8067217286092423,NA,0.0051,0.0050870390485571,b,NA,DHW 8.51,coral bleaching,DHW 8.51  coral bleaching,0.18809007889069235,0.4849081678999552,0.14700577691186226,0.07128430195304067,joint_compound_rrn_relative_brt,leave_one_event_out,2024,0.11680577693765168,0.11680577693765168
manta,4067591,20-354,U/N Reef (20-354),2024,Southern GBR,4,8.24,0.2798883931931086,0.4883089395562144,5.04829112437769,7.647981643676758,0.01098901098901099,148.29161899510453,0,0.35,0,0,0,NA,0.0216,0.02137002573619248,b,NA,DHW 8.25,coral bleaching,DHW 8.25  coral bleaching,0.14510858480817607,0.46593467638486163,0.16892142447346317,0.07870634924651292,joint_compound_rrn_relative_brt,leave_one_event_out,2024,0.06640223556166315,0.06640223556166315
ltmp,4223966,21-025,Penrith Reef (21-025),2024,Southern GBR,2,8.25,0.02455375498852522,0.11074893260389602,5.410388454901543,7.600882530212402,0.01098901098901099,95.56334639855292,0,0.4,0,4,1.6094379124341005,0,0,0,NA,NA,NA,NA, ,0,0.13150161857449222,0.15272558433375205,0.020083661537623507,joint_compound_rrn_relative_brt,leave_one_event_out,2024,-0.020083661537623507,0.020083661537623507
manta,4067168,21-025,Penrith Reef (21-025),2024,Southern GBR,2,8.25,0.02455375498852522,0.363835749390651,5.410388454901543,7.600882530212402,0.01098901098901099,95.56334639855292,0,0.4,0,4,1.6094379124341005,0,0,0,NA,NA,NA,NA, ,0.42094133377513987,0.17384390115118634,0.15116921380366483,0.02627984586158686,joint_compound_rrn_relative_brt,leave_one_event_out,2024,0.394661487913553,0.394661487913553
ltmp,4224277,21-060,U/N Reef (21-060),2024,Southern GBR,3,8.99,0.4194754038758102,0.14667581543441732,5.04829112437769,7.65802526473999,0.01098901098901099,138.99385029191623,0,0.4,0,1,0.6931471805599453,0,0,0,NA,NA,NA,NA, ,0,0.1535805965821731,0.18631564543269769,0.028614467978146346,joint_compound_rrn_relative_brt,leave_one_event_out,2024,-0.028614467978146346,0.028614467978146346
manta,4067141,21-060,U/N Reef (21-060),2024,Southern GBR,3,8.99,0.4194754038758102,0.4183772154643925,5.04829112437769,7.65802526473999,0.01098901098901099,138.99385029191623,0,0.4,0,1,0.6931471805599453,0,0,0,NA,NA,NA,NA, ,0.3164588026273036,0.22389435441882555,0.18519028303707796,0.04146305886522615,joint_compound_rrn_relative_brt,leave_one_event_out,2024,0.2749957437620774,0.2749957437620774
manta,4066917,21-062,U/N Reef (21-062),2024,Southern GBR,3,8.21,0.28973125972355407,0.34548973298955477,5.04829112437769,7.64576530456543,0.01098901098901099,141.37563195977037,0,0.35,0,9.16666666666667,2.3191143949452564,0,0,0,b,NA,Aerial bl 4 2024 DHW 8.21 2024,coral bleaching,Aerial bl 4 2024 DHW 8.21 2024  coral bleaching,0.21636311448365322,0.3208379759662536,0.12187706566553728,0.03910279106483716,joint_compound_rrn_relative_brt,leave_one_event_out,2024,0.17726032341881606,0.17726032341881606
manta,4067305,21-064,U/N Reef (21-064),2024,Southern GBR,4,8.82,0.30248149893283544,0.2233901440513016,5.04829112437769,7.64576530456543,0.01098901098901099,141.37563195977037,0,0.4,0,2.66666666666667,1.2992829841302618,0,0,0,b,NA,Aerial bl 3 2024 DHW 8.82 2024,coral bleaching,Aerial bl 3 2024 DHW 8.82 2024  coral bleaching,0,0.241424730212448,0.13291810632588294,0.032089717960075766,joint_compound_rrn_relative_brt,leave_one_event_out,2024,-0.032089717960075766,0.032089717960075766
ltmp,4223046,21-139,U/N Reef (21-139),2024,Southern GBR,4,8.6,0.161084953587778,0.24029573725924935,5.04829112437769,7.674178123474121,0.03296703296703297,132.67491596944663,0,0.4,0,1,0.6931471805599453,0.00833333345750968,0.0335,0.0329511001396859,NA,NA,NA,NA, ,0.17477970140301632,0.4931624836230357,0.27426603823182527,0.13525772058785743,joint_compound_rrn_relative_brt,leave_one_event_out,2024,0.0395219808151589,0.0395219808151589
manta,4067086,21-139,U/N Reef (21-139),2024,Southern GBR,4,8.6,0.161084953587778,0.5779862545901678,5.04829112437769,7.674178123474121,0.03296703296703297,132.67491596944663,0,0.4,0,1,0.6931471805599453,0.00833333345750968,0.0335,0.0329511001396859,NA,NA,NA,NA, ,0.21994377052766942,0.49288321299982585,0.17507826476241078,0.08629313766253122,joint_compound_rrn_relative_brt,leave_one_event_out,2024,0.1336506328651382,0.1336506328651382
ltmp,4224936,21-187,U/N Reef (21-187),2024,Southern GBR,5,7.25,0.3136770924524844,0.26241106733981745,5.04829112437769,7.633310794830322,0.03296703296703297,153.59663174270304,0,0.4,0,0,0,0.420531406998634,0,0,b,NA,decline following bleaching,coral bleaching,decline following bleaching  coral bleaching,0.16372669436792,0.7155026532881053,0.3320877058740669,0.23760963467725474,joint_compound_rrn_relative_brt,leave_one_event_out,2024,-0.07388294030933473,0.07388294030933473
manta,4066635,21-187,U/N Reef (21-187),2024,Southern GBR,5,7.25,0.3136770924524844,0.6246600212356924,5.04829112437769,7.633310794830322,0.03296703296703297,153.59663174270304,0,0.4,0,0,0,0.420531406998634,0,0,b,NA,decline following bleaching,NA,decline following bleaching ,0.44183377601544943,0.7152751624879216,0.21130933490885526,0.15114431886214608,joint_compound_rrn_relative_brt,leave_one_event_out,2024,0.29068945715330335,0.29068945715330335
manta,4067277,21-245,U/N Reef (21-245),2024,Southern GBR,5,6.22,0.17480474460241177,0.39864326854235227,5.04829112437769,7.576849460601807,0.02197802197802198,234.58133252949253,0,0.5,0,7,2.0794415416798357,0.0325203239917755,0.0361,0.03546366427556904,NA,NA,NA,NA, ,0.14277996567627907,0.1661897225096732,0.0852200429388211,0.014162695288265114,joint_compound_rrn_relative_brt,leave_one_event_out,2024,0.12861727038801396,0.12861727038801396
manta,4067278,21-245,U/N Reef (21-245),2024,Southern GBR,5,6.22,0.19722631201351185,0.42713993183629156,5.04829112437769,7.576849460601807,0.02197802197802198,234.58133252949253,0,0.5,0,7,2.0794415416798357,0.0325203239917755,0.0361,0.03546366427556904,b,NA,DHW 6.56 0.03 COTS per tow,coral bleaching,DHW 6.56 0.03 COTS per tow  coral bleaching,0.06671505324129029,0.1635293382117062,0.0852200429388211,0.0139359772241586,joint_compound_rrn_relative_brt,leave_one_event_out,2024,0.05277907601713169,0.05277907601713169
manta,4049349,21-296,U/N Reef (21-296),2024,Southern GBR,5,6.8500000000000005,0.20738059167755873,0.2593232071269527,5.04829112437769,7.576849460601807,0.02197802197802198,234.58133252949253,0.0257730235339691,1,0.0257730235339691,5.83333333333333,1.9218125974762523,NA,0.0421,0.04123790801624474,b,NA,Aerial bl 5 2024 DHW 6.85 2024,coral bleaching,Aerial bl 5 2024 DHW 6.85 2024  coral bleaching,0,0.13827392977630562,0.10964657012936502,0.015161262138280588,joint_compound_rrn_relative_brt,leave_one_event_out,2024,-0.015161262138280588,0.015161262138280588
ltmp,4238621,21-305,East Cay Reef (21-305),2024,Southern GBR,2,7.67,0.20939772152775202,0.1774025284140376,5.04829112437769,7.61787748336792,0.03296703296703297,222.5876216694933,0.0429008331167437,1,0.0429008331167437,4,1.6094379124341005,NA,0.0421,0.04123790801624474,b,NA,Aerial bl 5 2024 DHW 7.67,NA,Aerial bl 5 2024 DHW 7.67 ,0.17436133243673674,0.18877540158093364,0.20516240710769137,0.03872961579106544,joint_compound_rrn_relative_brt,leave_one_event_out,2024,0.1356317166456713,0.1356317166456713
ltmp,4238622,21-305,East Cay Reef (21-305),2024,Southern GBR,2,7.67,0.21688656916806204,0.21909190697703518,5.04829112437769,7.61787748336792,0.03296703296703297,222.5876216694933,0.0429008331167437,1,0.0429008331167437,4,1.6094379124341005,NA,0.0421,0.04123790801624474,b,NA,DHW 7.67 mass loss of SC,coral bleaching,DHW 7.67 mass loss of SC  coral bleaching,0.19028260394560065,0.15691563464201416,0.209038719919897,0.032801443400984884,joint_compound_rrn_relative_brt,leave_one_event_out,2024,0.15748116054461575,0.15748116054461575
manta,4284380,21-305,East Cay Reef (21-305),2024,Southern GBR,2,7.67,0.21688656916806204,0.31352435423231356,5.04829112437769,7.61787748336792,0.03296703296703297,222.5876216694933,0.0429008331167437,1,0.0429008331167437,4,1.6094379124341005,NA,0.0421,0.04123790801624474,b,NA,Aerial bl 5 2024 DHW 7.67,coral bleaching,Aerial bl 5 2024 DHW 7.67  coral bleaching,0.2779171356313509,0.16164833217390384,0.11126474752397657,0.017985760867001307,joint_compound_rrn_relative_brt,leave_one_event_out,2024,0.2599313747643496,0.2599313747643496
ltmp,4183353,21-529,U/N Reef (21-529),2024,Southern GBR,3,7.19,0.38615538690823586,0.24402387862104383,5.04829112437769,7.627993583679199,0.04395604395604396,188.7922667774775,0,0.5,0,0,0,0,0,0,b,NA,Aerial bl 5 2024 DHW 7.19 2024,coral bleaching,Aerial bl 5 2024 DHW 7.19 2024  coral bleaching,0.07120233399391916,0.2286668742062008,0.2533284589235547,0.05792782684952319,joint_compound_rrn_relative_brt,leave_one_event_out,2024,0.013274507144395972,0.013274507144395972
manta,3989168,21-529,U/N Reef (21-529),2024,Southern GBR,3,7.19,0.38615538690823586,0.6491509096157588,5.04829112437769,7.627993583679199,0.04395604395604396,188.7922667774775,0,0.5,0,0,0,0,0,0,b,NA,Aerial bl 5 2024 DHW 7.19 2024,coral bleaching,Aerial bl 5 2024 DHW 7.19 2024  coral bleaching,0.3674510897264907,0.2509008404975745,0.14530006521693506,0.0364559084872814,joint_compound_rrn_relative_brt,leave_one_event_out,2024,0.3309951812392093,0.3309951812392093
manta,4284566,21-550,U/N Reef (21-550),2024,Southern GBR,1,7.85,0.22806223341999204,0.5231246127836484,5.293126064302306,7.698933601379395,0.05494505494505494,175.33603223489754,0.023349571128696,1,0.023349571128696,0,0,0.526315808296204,0.1427,0.133393883170531,NA,NA,NA,NA, ,0.3105929180461531,0.20917864558095317,0.11202064131259645,0.023432326026878694,joint_compound_rrn_relative_brt,leave_one_event_out,2024,0.2871605920192744,0.2871605920192744
ltmp,4184037,21-556,Gannett Cay Reef (21-556),2024,Southern GBR,1,8.47,0.016120536276246076,0.07002682803684913,5.293126064302306,7.664971828460693,0.05494505494505494,198.3246302201427,0.0454545468091965,1,0.0454545468091965,0,0,0,0.0144,0.01429730470082442,b,NA,DHW 8.47,coral bleaching,DHW 8.47  coral bleaching,0.018989820056651716,0.08490333845795953,0.035425091875690144,0.0030077085654260324,joint_compound_rrn_relative_brt,leave_one_event_out,2024,0.015982111491225682,0.015982111491225682
manta,4284599,21-556,Gannett Cay Reef (21-556),2024,Southern GBR,1,8.47,0.016120536276246076,0.09896793855981655,5.293126064302306,7.664971828460693,0.05494505494505494,198.3246302201427,0.0454545468091965,1,0.0454545468091965,0,0,0,0.0144,0.01429730470082442,b,NA,DHW 8.47,coral bleaching,DHW 8.47  coral bleaching,0,0.08396423358367933,0.048228660722054666,0.004049482534294618,joint_compound_rrn_relative_brt,leave_one_event_out,2024,-0.004049482534294618,0.004049482534294618
ltmp,4224607,21-558,U/N Reef (21-558),2024,Southern GBR,4,7.54,0.07481468055436158,0.1101872950078745,5.04829112437769,7.61787748336792,0.03296703296703297,222.5876216694933,0.0448146287353424,1,0.0448146287353424,2.2,1.1631508098056809,0.0775834644834201,0.0275,0.02712866738825262,NA,NA,NA,NA, ,0.06769401672425976,0.11543948813994714,0.1864535847637246,0.021524106386982614,joint_compound_rrn_relative_brt,leave_one_event_out,2024,0.046169910337277145,0.046169910337277145
ltmp,4224608,21-558,U/N Reef (21-558),2024,Southern GBR,4,7.54,0.1629579657459985,0.13576658866345692,5.04829112437769,7.61787748336792,0.03296703296703297,222.5876216694933,0.0448146287353424,1,0.0448146287353424,2.2,1.1631508098056809,0.0775834644834201,0.0275,0.02712866738825262,b,NA,NA,coral bleaching,  coral bleaching,0.18840639591371994,0.12421714651214262,0.1920899072034837,0.023860860146599015,joint_compound_rrn_relative_brt,leave_one_event_out,2024,0.16454553576712092,0.16454553576712092
manta,4284588,21-558,U/N Reef (21-558),2024,Southern GBR,4,7.54,0.07481468055436158,0.39090706771087363,5.04829112437769,7.61787748336792,0.03296703296703297,222.5876216694933,0.0448146287353424,1,0.0448146287353424,2.2,1.1631508098056809,0.0775834644834201,0.0275,0.02712866738825262,NA,NA,NA,NA, ,0.25960430422350816,0.17554988258735976,0.0986388012220443,0.017316029973087795,joint_compound_rrn_relative_brt,leave_one_event_out,2024,0.24228827425042038,0.24228827425042038
manta,4284589,21-558,U/N Reef (21-558),2024,Southern GBR,4,7.54,0.1629579657459985,0.36925742040330933,5.04829112437769,7.61787748336792,0.03296703296703297,222.5876216694933,0.0448146287353424,1,0.0448146287353424,2.2,1.1631508098056809,0.0775834644834201,0.0275,0.02712866738825262,b,NA,DHW 7.24 to 8.27,coral bleaching,DHW 7.24 to 8.27  coral bleaching,0,0.18792711080556418,0.10427512366180347,0.01959612271865565,joint_compound_rrn_relative_brt,leave_one_event_out,2024,-0.01959612271865565,0.01959612271865565
ltmp,4232334,21-562,Turner Reef (21-562),2024,Southern GBR,1,9.27,0.12813436740046336,0.12528128336068736,5.293126064302306,7.622081279754639,0.03296703296703297,211.65905306044084,0.0455957978304078,1,0.0455957978304078,0,0,0,0.0207,0.02048866642731566,NA,NA,NA,NA, ,0.10489837425504042,0.11080063169007981,0.21025409890362187,0.02329628697394982,joint_compound_rrn_relative_brt,leave_one_event_out,2024,0.0816020872810906,0.0816020872810906
ltmp,4232335,21-562,Turner Reef (21-562),2024,Southern GBR,1,9.27,0.08656072859991064,0.08887790813431366,5.293126064302306,7.622081279754639,0.03296703296703297,211.65905306044084,0.0455957978304078,1,0.0455957978304078,0,0,0,0.0207,0.02048866642731566,b,NA,NA,coral bleaching,  coral bleaching,0,0.10768537084078288,0.1864597512566744,0.020078987460955114,joint_compound_rrn_relative_brt,leave_one_event_out,2024,-0.020078987460955114,0.020078987460955114
manta,4284698,21-562,Turner Reef (21-562),2024,Southern GBR,1,9.27,0.12813436740046336,0.21160583760646007,5.293126064302306,7.622081279754639,0.03296703296703297,211.65905306044084,0.0455957978304078,1,0.0455957978304078,0,0,0,0.0207,0.02048866642731566,NA,NA,NA,NA, ,0.3153081782272817,0.15589540984000314,0.13103336493699125,0.02042750012956695,joint_compound_rrn_relative_brt,leave_one_event_out,2024,0.29488067809771473,0.29488067809771473
manta,4284699,21-562,Turner Reef (21-562),2024,Southern GBR,1,9.27,0.08656072859991064,0.1222713025202314,5.293126064302306,7.622081279754639,0.03296703296703297,211.65905306044084,0.0455957978304078,1,0.0455957978304078,0,0,0,0.0207,0.02048866642731566,b,NA,DHW 8.65 to 9.27,coral bleaching,DHW 8.65 to 9.27  coral bleaching,0,0.10652361012988328,0.11137483173038912,0.011864049153529323,joint_compound_rrn_relative_brt,leave_one_event_out,2024,-0.011864049153529323,0.011864049153529323
ltmp,4180542,21-588,Wade Reef (21-588),2024,Southern GBR,5,9.33,0.31761851319151824,0.13297648655713687,5.293126064302306,7.634066581726074,0.05494505494505494,221.91002299353315,0.0454545468091965,1,0.0454545468091965,0,0,0,0.0124,0.01232374968883193,b,NA,hc increase but sc decline,coral bleaching,hc increase but sc decline  coral bleaching,0,0.10359061330790018,0.21413150892493873,0.022182014338080504,joint_compound_rrn_relative_brt,leave_one_event_out,2024,-0.022182014338080504,0.022182014338080504
manta,3989106,21-588,Wade Reef (21-588),2024,Southern GBR,5,9.33,0.31761851319151824,0.14304588581004424,5.293126064302306,7.634066581726074,0.05494505494505494,221.91002299353315,0.0454545468091965,1,0.0454545468091965,0,0,0,0.0124,0.01232374968883193,b,NA,Aerial bl 4 2024  DHW 9.57 2024,coral bleaching,Aerial bl 4 2024  DHW 9.57 2024  coral bleaching,0.006290804014536357,0.11357319678263157,0.12088856419146504,0.013729700689687048,joint_compound_rrn_relative_brt,leave_one_event_out,2024,-0.007438896675150691,0.007438896675150691
ltmp,4223356,21-591,U/N Reef (21-591),2024,Southern GBR,2,8.13,0.3441447761193373,0.19995291484269695,5.410388454901543,7.682434558868408,0,117.60569926842686,0,0.35,0,4,1.6094379124341005,0,0,0,NA,NA,NA,NA, ,0,0.23261707948056617,0.18454535191741228,0.04292840079474175,joint_compound_rrn_relative_brt,leave_one_event_out,2024,-0.04292840079474175,0.04292840079474175
manta,4067531,21-591,U/N Reef (21-591),2024,Southern GBR,2,8.13,0.3441447761193373,0.3794207532763258,5.410388454901543,7.682434558868408,0,117.60569926842686,0,0.35,0,4,1.6094379124341005,0,0,0,NA,NA,NA,NA, ,0,0.2362723848552082,0.1613491982333723,0.038122359861074616,joint_compound_rrn_relative_brt,leave_one_event_out,2024,-0.038122359861074616,0.038122359861074616
mmp,4140753,22-009,Barren Island Reef (22-009),2024,Southern GBR,1,11.06,0.53129173943683,0.2598804032895316,4.823371628795423,7.690150737762451,0.01098901098901099,27.798770058383468,1,0.55,0,0,0,NA,NA,NA,b,NA,further decline as a result of bleaching in 2024,coral bleaching,further decline as a result of bleaching in 2024  coral bleaching,0.17115624670633436,0.09746866458537022,0.15781459251939456,0.015381977584949745,joint_compound_rrn_relative_brt,leave_one_event_out,2024,0.15577426912138462,0.15577426912138462
mmp,4140754,22-009,Barren Island Reef (22-009),2024,Southern GBR,1,11.06,0.8432966093606045,0.5916565683895456,4.823371628795423,7.690150737762451,0.01098901098901099,27.798770058383468,1,0.55,0,0,0,NA,NA,NA,b,NA,bleaching still evident at time of surveys,coral bleaching,bleaching still evident at time of surveys  coral bleaching,0.5607580187998068,0.11754475728585558,0.15192783153632874,0.017858320082904118,joint_compound_rrn_relative_brt,leave_one_event_out,2024,0.5428996987169027,0.5428996987169027
mmp,4140772,22-009,Barren Island Reef (22-009),2024,Southern GBR,1,11.06,0.9188685148426851,0.6208482450147622,4.823371628795423,7.690150737762451,0.01098901098901099,27.798770058383468,1,0.55,0,0,0,NA,NA,NA,b,NA,further decline as a result of bleaching in 2024,coral bleaching,further decline as a result of bleaching in 2024  coral bleaching,0.2354543608301246,0.11754475728585558,0.1351901248571693,0.015890890413780476,joint_compound_rrn_relative_brt,leave_one_event_out,2024,0.21956347041634414,0.21956347041634414
mmp,4140773,22-009,Barren Island Reef (22-009),2024,Southern GBR,1,11.06,0.9329570973491906,0.7041189584586074,4.823371628795423,7.690150737762451,0.01098901098901099,27.798770058383468,1,0.55,0,0,0,NA,NA,NA,b,NA,bleaching still evident at time of surveys,coral bleaching,bleaching still evident at time of surveys  coral bleaching,0.1182622800359385,0.11754475728585558,0.1351901248571693,0.015890890413780476,joint_compound_rrn_relative_brt,leave_one_event_out,2024,0.10237138962215803,0.10237138962215803
manta,4284476,22-084,U/N Reef (22-084),2024,Southern GBR,2,8.47,0.10148678379185999,0.15022670123802098,5.293126064302306,7.664971828460693,0.05494505494505494,198.3246302201427,0.0454545468091965,1,0.0454545468091965,0,0,0,0.0144,0.01429730470082442,NA,NA,NA,NA, ,0.2971606639822993,0.08994680690181797,0.04548605328442756,0.004091325251500209,joint_compound_rrn_relative_brt,leave_one_event_out,2024,0.2930693387307991,0.2930693387307991
manta,4284672,22-088a,U/N Reef (22-088a),2024,Southern GBR,3,7.58,0.2864416104796866,0.29321535546036537,5.293126064302306,7.698933601379395,0.05494505494505494,175.33603223489754,0,0.5,0,0,0,0.0918367356061935,0.1239,0.11680477954208436,b,NA,DHW 7.58,coral bleaching,DHW 7.58  coral bleaching,0.3397865462448271,0.21943931816455642,0.12355770824006282,0.02711341925017458,joint_compound_rrn_relative_brt,leave_one_event_out,2024,0.31267312699465255,0.31267312699465255
ltmp,4186339,22-102,Chinaman Reef (22-102),2024,Southern GBR,2,9.41,0.14325013683013463,0.22135253766117685,5.293126064302306,7.634066581726074,0.05494505494505494,221.91002299353315,0.0454545468091965,1,0.0454545468091965,0,0,0,0.0124,0.01232374968883193,b,NA,decline hc,coral bleaching,decline hc  coral bleaching,0.1549831580635079,0.173768282887165,0.1311660885202909,0.022792505975196838,joint_compound_rrn_relative_brt,leave_one_event_out,2024,0.13219065208831107,0.13219065208831107
manta,4284635,22-102,Chinaman Reef (22-102),2024,Southern GBR,2,9.41,0.14325013683013463,0.18136489645736498,5.293126064302306,7.634066581726074,0.05494505494505494,221.91002299353315,0.0454545468091965,1,0.0454545468091965,0,0,0,0.0124,0.01232374968883193,b,NA,Aerial bl 3 2024 DHW 9.57,coral bleaching,Aerial bl 3 2024 DHW 9.57  coral bleaching,0,0.2042616523179117,0.10190896947837735,0.02081609449166899,joint_compound_rrn_relative_brt,leave_one_event_out,2024,-0.02081609449166899,0.02081609449166899
ltmp,4182001,22-104a,Horseshoe Reef (No 1) (22-104a),2024,Southern GBR,2,9.08,0.4872440402232475,0.25910214651422714,5.293126064302306,7.664971828460693,0.05494505494505494,198.3246302201427,0.0440845602679131,1,0.0440845602679131,0,0,0.0352941192686558,0.0187,0.01852730461388362,b,NA,hc decline,coral bleaching,hc decline  coral bleaching,0.10896430189600032,0.20699534477316048,0.12066438336799432,0.024976965637098794,joint_compound_rrn_relative_brt,leave_one_event_out,2024,0.08398733625890152,0.08398733625890152
manta,3989230,22-104a,Horseshoe Reef (No 1) (22-104a),2024,Southern GBR,2,9.08,0.4872440402232475,0.13717349711137905,5.293126064302306,7.664971828460693,0.05494505494505494,198.3246302201427,0.0440845602679131,1,0.0440845602679131,0,0,0.0352941192686558,0.0187,0.01852730461388362,b,NA,DHW 9.19,coral bleaching,DHW 9.19  coral bleaching,0.0026179461240754035,0.13505541798673812,0.07549395783667902,0.010195868031105868,joint_compound_rrn_relative_brt,leave_one_event_out,2024,-0.007577921907030464,0.007577921907030464
mmp,4143649,23-004b,North Keppel (Ko-no-mie) Island Reef (No 2) (23-004b),2024,Southern GBR,3,12.41,0.9702392451266665,0.17797019321167112,5.3548966285573405,7.717053890228272,0,25.58889965967512,0.874654366947519,0.1,-0.09219169675271,0,0,NA,NA,NA,b,NA,further decline as a result of bleaching in 2024,coral bleaching,further decline as a result of bleaching in 2024  coral bleaching,0.649764667289415,0.6909950526372527,0.20072165614674933,0.1386976713545596,joint_compound_rrn_relative_brt,leave_one_event_out,2024,0.5110669959348554,0.5110669959348554
mmp,4143650,23-004b,North Keppel (Ko-no-mie) Island Reef (No 2) (23-004b),2024,Southern GBR,3,12.41,0.9831720862579035,0.4840089198869416,5.3548966285573405,7.717053890228272,0,25.58889965967512,0.874654366947519,0.1,-0.09219169675271,0,0,NA,NA,NA,b,NA,bleaching still evident at time of surveys,coral bleaching,bleaching still evident at time of surveys  coral bleaching,0.6322997657703442,0.6841786982448315,0.20152993050694543,0.13788248551161328,joint_compound_rrn_relative_brt,leave_one_event_out,2024,0.4944172802587309,0.4944172802587309
mmp,4143665,23-004b,North Keppel (Ko-no-mie) Island Reef (No 2) (23-004b),2024,Southern GBR,3,12.41,0.8174194259823503,0.19953314021729673,5.3548966285573405,7.717053890228272,0,25.58889965967512,0.874654366947519,0.1,-0.09219169675271,0,0,NA,NA,NA,b,NA,further decline as a result of bleaching in 2024,coral bleaching,further decline as a result of bleaching in 2024  coral bleaching,0.2382175190368768,0.6545694374424299,0.19057746658322533,0.12474618509058528,joint_compound_rrn_relative_brt,leave_one_event_out,2024,0.11347133394629151,0.11347133394629151
mmp,4143666,23-004b,North Keppel (Ko-no-mie) Island Reef (No 2) (23-004b),2024,Southern GBR,3,12.41,0.855313419480824,0.26841942818408787,5.3548966285573405,7.717053890228272,0,25.58889965967512,0.874654366947519,0.1,-0.09219169675271,0,0,NA,NA,NA,b,NA,bleaching still evident at time of surveys,coral bleaching,bleaching still evident at time of surveys  coral bleaching,0.25663674359498084,0.6635809912752246,0.19524047247743437,0.12955786626361912,joint_compound_rrn_relative_brt,leave_one_event_out,2024,0.12707887733136172,0.12707887733136172
mmp,4138915,23-010,Middle (Ba-la-ba) Island Reef (23-010),2024,Southern GBR,4,12.23,0.45895037123979043,0.094141417582425,5.455125136460727,7.59745454788208,0,25.541262425425487,0.88543541568752,0.3,-0.04714947352788246,0,0,NA,NA,NA,b,NA,further decline as a result of bleaching in 2024,coral bleaching,further decline as a result of bleaching in 2024  coral bleaching,0.48766349684223503,0.4756578165643574,0.18007262609431804,0.08565295215103325,joint_compound_rrn_relative_brt,leave_one_event_out,2024,0.4020105446912018,0.4020105446912018
mmp,4138916,23-010,Middle (Ba-la-ba) Island Reef (23-010),2024,Southern GBR,4,12.23,0.7664047472610901,0.19386016389011806,5.455125136460727,7.59745454788208,0,25.541262425425487,0.88543541568752,0.3,-0.04714947352788246,0,0,NA,NA,NA,b,NA,bleaching still evident at time of surveys,coral bleaching,bleaching still evident at time of surveys  coral bleaching,0.5143849272933385,0.6825530943872774,0.20220840165246187,0.13801797025899332,joint_compound_rrn_relative_brt,leave_one_event_out,2024,0.3763669570343452,0.3763669570343452
mmp,4138931,23-010,Middle (Ba-la-ba) Island Reef (23-010),2024,Southern GBR,4,12.23,0.3533715797147019,0.12330852251969322,5.455125136460727,7.59745454788208,0,25.541262425425487,0.88543541568752,0.3,-0.04714947352788246,0,0,NA,NA,NA,b,NA,further decline as a result of bleaching in 2024,coral bleaching,further decline as a result of bleaching in 2024  coral bleaching,0.28856582591991914,0.4716710000293923,0.16058709252720013,0.07574427452411703,joint_compound_rrn_relative_brt,leave_one_event_out,2024,0.2128215513958021,0.2128215513958021
mmp,4138932,23-010,Middle (Ba-la-ba) Island Reef (23-010),2024,Southern GBR,4,12.23,0.48147352484178185,0.2096906034389076,5.455125136460727,7.59745454788208,0,25.541262425425487,0.88543541568752,0.3,-0.04714947352788246,0,0,NA,NA,NA,b,NA,bleaching still evident at time of surveys,coral bleaching,bleaching still evident at time of surveys  coral bleaching,0.41195017565191666,0.6063870361875527,0.18121346570374064,0.10988549638536602,joint_compound_rrn_relative_brt,leave_one_event_out,2024,0.3020646792665507,0.3020646792665507
mmp,4155453,23-016,Humpy (Bur-ye-Bur-ye) Reef (23-016),2024,Southern GBR,3,12.47,0.7075329405300055,0.22997353185720512,5.455125136460727,7.59745454788208,0,25.541262425425487,0.742819670261997,0.3,-0.06790996624503798,0,0,NA,0,0,b,NA,further decline as a result of bleaching in 2024,coral bleaching,further decline as a result of bleaching in 2024  coral bleaching,0.6554932597858075,0.616144351988354,0.18834464882290033,0.11604749159946004,joint_compound_rrn_relative_brt,leave_one_event_out,2024,0.5394457681863475,0.5394457681863475
mmp,4155454,23-016,Humpy (Bur-ye-Bur-ye) Reef (23-016),2024,Southern GBR,3,12.47,0.8806702661451502,0.49687349743235776,5.455125136460727,7.59745454788208,0,25.541262425425487,0.742819670261997,0.3,-0.06790996624503798,0,0,NA,0,0,b,NA,bleaching still evident at time of surveys,coral bleaching,bleaching still evident at time of surveys  coral bleaching,0.5371587878089377,0.6507341403339424,0.1853387173268903,0.12060623089030952,joint_compound_rrn_relative_brt,leave_one_event_out,2024,0.41655255691862814,0.41655255691862814
mmp,4155473,23-016,Humpy (Bur-ye-Bur-ye) Reef (23-016),2024,Southern GBR,3,12.47,0.7596478225945502,0.13594107109759657,5.455125136460727,7.59745454788208,0,25.541262425425487,0.742819670261997,0.3,-0.06790996624503798,0,0,NA,0,0,b,NA,further decline as a result of bleaching in 2024,coral bleaching,further decline as a result of bleaching in 2024  coral bleaching,0.5474064906348262,0.4655896416780664,0.1440456460502627,0.06706616072982739,joint_compound_rrn_relative_brt,leave_one_event_out,2024,0.48034032990499875,0.48034032990499875
mmp,4155474,23-016,Humpy (Bur-ye-Bur-ye) Reef (23-016),2024,Southern GBR,3,12.47,0.901484765985602,0.27456883183503955,5.455125136460727,7.59745454788208,0,25.541262425425487,0.742819670261997,0.3,-0.06790996624503798,0,0,NA,0,0,b,NA,bleaching still evident at time of surveys,coral bleaching,bleaching still evident at time of surveys  coral bleaching,0.5048925612238839,0.616144351988354,0.1699587397268242,0.10471911755374143,joint_compound_rrn_relative_brt,leave_one_event_out,2024,0.4001734436701425,0.4001734436701425
mmp,4149293,23-017,Pelican Island Reef (23-017),2024,Southern GBR,5,13.26,0.15284497105653488,0.04020428702893302,5.455125136460727,5.654933929443359,0.0989010989010989,0,0.982514254126998,0.3,-0.01725404792966256,0,0,NA,NA,NA,NA,NA,NA,NA, ,0,0.2353008564243531,0.14314440639336623,0.03368200141671472,joint_compound_rrn_relative_brt,leave_one_event_out,2024,-0.03368200141671472,0.03368200141671472
mmp,4149294,23-017,Pelican Island Reef (23-017),2024,Southern GBR,5,13.26,0.13438736512389293,0.06792091059527568,5.455125136460727,5.654933929443359,0.0989010989010989,0,0.982514254126998,0.3,-0.01725404792966256,0,0,NA,NA,NA,b,NA,bleaching still evident at time of surveys,coral bleaching,bleaching still evident at time of surveys  coral bleaching,0.40807202558722055,0.2353008564243531,0.14314440639336623,0.03368200141671472,joint_compound_rrn_relative_brt,leave_one_event_out,2024,0.3743900241705058,0.3743900241705058
mmp,4149312,23-017,Pelican Island Reef (23-017),2024,Southern GBR,5,13.26,0.004508986329815639,0.18529755917949564,5.455125136460727,5.654933929443359,0.0989010989010989,0,0.982514254126998,0.3,-0.01725404792966256,0,0,NA,NA,NA,NA,NA,NA,NA, ,0.02301944253341331,0.35018273804899036,0.16854653336839875,0.05902208654361139,joint_compound_rrn_relative_brt,leave_one_event_out,2024,-0.03600264401019808,0.03600264401019808
mmp,4149313,23-017,Pelican Island Reef (23-017),2024,Southern GBR,5,13.26,0.0160741119416249,0.1888051471674132,5.455125136460727,5.654933929443359,0.0989010989010989,0,0.982514254126998,0.3,-0.01725404792966256,0,0,NA,NA,NA,b,NA,bleaching still evident at time of surveys,coral bleaching,bleaching still evident at time of surveys  coral bleaching,0.018577819728650656,0.3371134576728402,0.16854653336839875,0.05681930464259164,joint_compound_rrn_relative_brt,leave_one_event_out,2024,-0.038241484913940985,0.038241484913940985
ltmp,4188168,23-048,Broomfield Reef (23-048),2024,Southern GBR,4,11.6,0.862233938344424,0.5750808079045714,5.301987044294902,7.902797222137451,0.03296703296703297,94.55219552218418,0.0430566355266609,0.7,0.0430566355266609,0,0,0,0,0,m,NA,Aerial bl 5 2024   DHW 11.6,"coral bleaching, unknown storm","Aerial bl 5 2024   DHW 11.6  coral bleaching, unknown storm",0.6883989417687074,0.47893694712679474,0.3082309590986338,0.1476231945606636,joint_compound_rrn_relative_brt,leave_one_event_out,2024,0.5407757472080438,0.5407757472080438
manta,4284725,23-048,Broomfield Reef (23-048),2024,Southern GBR,4,11.6,0.862233938344424,0.581105916624201,5.301987044294902,7.902797222137451,0.03296703296703297,94.55219552218418,0.0430566355266609,0.7,0.0430566355266609,0,0,0,0,0,m,NA,Aerial bl 5 2024   DHW 11.6,"coral bleaching, unknown storm","Aerial bl 5 2024   DHW 11.6  coral bleaching, unknown storm",0.5712917276690362,0.46652625455784963,0.20430116289464892,0.09531185632705369,joint_compound_rrn_relative_brt,leave_one_event_out,2024,0.47597987134198255,0.47597987134198255
ltmp,4182299,23-051,Wreck Island Reef (23-051),2024,Southern GBR,3,11.64,0.9797631868153628,0.6697295842357892,5.301987044294902,7.902797222137451,0.03296703296703297,94.55219552218418,0.0454611954935722,0.9,0.0454611954935722,0,0,0,0,0,b,NA,big hc decline,coral bleaching,big hc decline  coral bleaching,0.5446213063879788,0.4671893208523196,0.31282764426510845,0.14614973466804707,joint_compound_rrn_relative_brt,leave_one_event_out,2024,0.39847157171993175,0.39847157171993175
manta,4284526,23-051,Wreck Island Reef (23-051),2024,Southern GBR,3,11.64,0.9797631868153628,0.5789666427911073,5.301987044294902,7.902797222137451,0.03296703296703297,94.55219552218418,0.0454611954935722,0.9,0.0454611954935722,0,0,0,0,0,m,NA,Aerial bl 5 2024  DHW 11.64,"coral bleaching, unknown storm","Aerial bl 5 2024  DHW 11.64  coral bleaching, unknown storm",0.3704552530009853,0.45481733045716904,0.20889784806112358,0.09501036159340753,joint_compound_rrn_relative_brt,leave_one_event_out,2024,0.2754448914075778,0.2754448914075778
ltmp,4185533,23-055a,One Tree Island Reef (23-055a),2024,Southern GBR,1,11.53,0.9167527148244318,0.6465710923203194,5.509502913839823,7.843398094177246,0.02197802197802198,75.37078298757997,0.0455607442369428,0.9,0.0455607442369428,0,0,0.0428571440279484,0.0397,0.03893221000178747,m,NA,DHW 11,"coral bleaching, coral disease","DHW 11  coral bleaching, coral disease",0.7056209452888168,0.7041926914456783,0.39114857168658246,0.27544396545110733,joint_compound_rrn_relative_brt,leave_one_event_out,2024,0.43017697983770947,0.43017697983770947
manta,4284425,23-055a,One Tree Island Reef (23-055a),2024,Southern GBR,1,11.53,0.9167527148244318,0.6064749895445039,5.509502913839823,7.843398094177246,0.02197802197802198,75.37078298757997,0.0455607442369428,0.9,0.0455607442369428,0,0,0.0428571440279484,0.0397,0.03893221000178747,m,NA,Aerial bl 4 2024  DHW 11.81,"coral bleaching, coral disease, crown-of-thorns starfish, unknown storm","Aerial bl 4 2024  DHW 11.81  coral bleaching, coral disease, crown-of-thorns starfish, unknown storm",0.5107539897859481,0.6937160925311953,0.27928672497151924,0.1937456955430769,joint_compound_rrn_relative_brt,leave_one_event_out,2024,0.3170082942428712,0.3170082942428712
ltmp,4181245,23-068,Erskine Reef (23-068),2024,Southern GBR,1,11.17,0.8208239385774314,0.4638738443085885,5.301987044294902,7.857634544372559,0.01098901098901099,58.02948927544897,0.025341655981035,0.4,-0.0201128908281615,0,0,0,0,0,b,NA,Aerial bl 4 2024 DHW 11.17,coral bleaching,Aerial bl 4 2024 DHW 11.17  coral bleaching,0.14256428051898865,0.7919142244867332,0.24650453989470744,0.19521045154317623,joint_compound_rrn_relative_brt,leave_one_event_out,2024,-0.05264617102418759,0.05264617102418759
manta,4284411,23-068,Erskine Reef (23-068),2024,Southern GBR,1,11.17,0.8208239385774314,0.4084517150032933,5.301987044294902,7.857634544372559,0.01098901098901099,58.02948927544897,0.025341655981035,0.4,-0.0201128908281615,0,0,0,0,0,b,NA,Aerial bl 4 2024 DHW 11.17,coral bleaching,Aerial bl 4 2024 DHW 11.17  coral bleaching,0.06654453617104276,0.7868484814693191,0.21380782920410762,0.16823436573550363,joint_compound_rrn_relative_brt,leave_one_event_out,2024,-0.10168982956446086,0.10168982956446086
ltmp,4181617,23-069,Mast Head Reef (23-069),2024,Southern GBR,2,11.08,0.7967591332408196,0.4000561441690104,5.301987044294902,7.857634544372559,0.01098901098901099,58.02948927544897,0.00124849993778155,0.4,-0.04420604687141495,0,0,0,0,0,b,NA,decline in hc,coral bleaching,decline in hc  coral bleaching,0.2019468711406776,0.7487095169663841,0.24570336590438516,0.18396044840328693,joint_compound_rrn_relative_brt,leave_one_event_out,2024,0.017986422737390678,0.017986422737390678
manta,4284513,23-069,Mast Head Reef (23-069),2024,Southern GBR,2,11.08,0.7967591332408196,0.38230377464643,5.301987044294902,7.857634544372559,0.01098901098901099,58.02948927544897,0.00124849993778155,0.4,-0.04420604687141495,0,0,0,0,0,b,NA,DHW 11.17,coral bleaching,DHW 11.17  coral bleaching,0.27324709489204596,0.7392257089861806,0.22098613122430735,0.16335862953040173,joint_compound_rrn_relative_brt,leave_one_event_out,2024,0.10988846536164423,0.10988846536164423
manta,4284550,23-080,Hoskyn Islands Reef (23-080),2024,Southern GBR,4,11.2,0.8814544768695094,0.6184300829752357,5.784058808178996,7.760509014129639,0.01098901098901099,75.30452287765046,0.0454545468091965,0.85,0.0454545468091965,0,0,0.0161290317773819,0.0161,0.01597176950969866,b,NA,DHW 11.48,coral bleaching,DHW 11.48  coral bleaching,0.5478185490121976,0.6871532116293012,0.281611986678213,0.19351058107924207,joint_compound_rrn_relative_brt,leave_one_event_out,2024,0.35430796793295555,0.35430796793295555
ltmp,4180873,23-081,Fairfax Islands Reef (23-081),2024,Southern GBR,3,11.26,0.8421051184060283,0.33232469751541616,5.784058808178996,7.760509014129639,0.01098901098901099,75.30452287765046,0.0818748265521753,0.9,0.0818748265521753,0,0,0.00581395346671343,0.0202,0.01999868650668912,m,NA,"Aerial bl 4 2024 DHW 11.46 2024, moderate disease","coral bleaching, coral disease","Aerial bl 4 2024 DHW 11.46 2024, moderate disease  coral bleaching, coral disease",0.17622110261289636,0.7461531239210275,0.3711129052137939,0.2769070535526805,joint_compound_rrn_relative_brt,leave_one_event_out,2024,-0.10068595093978416,0.10068595093978416
manta,4284498,23-081,Fairfax Islands Reef (23-081),2024,Southern GBR,3,11.26,0.8421051184060283,0.6500704629813622,5.784058808178996,7.760509014129639,0.01098901098901099,75.30452287765046,0.0818748265521753,0.9,0.0818748265521753,0,0,0.00581395346671343,0.0202,0.01999868650668912,b,NA,Aerial bl 4 2024 DHW 11.46 2024,coral bleaching,Aerial bl 4 2024 DHW 11.46 2024  coral bleaching,0.37356823802927674,0.7387413707567576,0.2672305345092528,0.19741425137142646,joint_compound_rrn_relative_brt,leave_one_event_out,2024,0.1761539866578503,0.1761539866578503
ltmp,4187208,23-082a,Lady Musgrave Reef (23-082a),2024,Southern GBR,5,11.12,0.9474516636293955,0.6333792303847722,5.801442997806395,7.673856258392334,0.01098901098901099,75.2376810282473,0.0530255667004531,0.8,0.0530255667004531,0,0,0.0214888722014924,0.0202,0.01999868650668912,m,NA,b s 34% decline hc abs 55% decline rel,"coral bleaching, coral disease, unknown storm","b s 34% decline hc abs 55% decline rel  coral bleaching, coral disease, unknown storm",0.5425304381746469,0.7803161688594465,0.38653621635383956,0.30162045947065425,joint_compound_rrn_relative_brt,leave_one_event_out,2024,0.2409099787039926,0.2409099787039926
manta,4284760,23-082a,Lady Musgrave Reef (23-082a),2024,Southern GBR,5,11.12,0.9474516636293955,0.6318089437365313,5.801442997806395,7.673856258392334,0.01098901098901099,75.2376810282473,0.0530255667004531,0.8,0.0530255667004531,0,0,0.0214888722014924,0.0202,0.01999868650668912,m,NA,Aerial bl 4 2024 DHW 11.42,"coral bleaching, unknown storm","Aerial bl 4 2024 DHW 11.42  coral bleaching, unknown storm",0.3784926956594735,0.7716614188188065,0.27467436963877623,0.21195561378861935,joint_compound_rrn_relative_brt,leave_one_event_out,2024,0.16653708187085417,0.16653708187085417
ltmp,4241950,12-061,Lagoon Reef (12-061),2024,Northern GBR,1,5.54,0.3241122180549288,0.32829276929333295,6.420027608820439,5.631319999694824,0.16483516483516483,54.279648353109025,0.033256764816276,0.6,0.01794252278248349,0,0,0,0,0,b,NA,decline hc abs 7% rel 25% DHW 5.54,coral bleaching,decline hc abs 7% rel 25% DHW 5.54  coral bleaching,0.20439217846985944,0.6719670975962332,0.16376755831154055,0.11004641083902778,joint_compound_rrn_relative_brt,reef_blocked_2024,1,0.09434576763083166,0.09434576763083166
manta,4285498,12-061,Lagoon Reef (12-061),2024,Northern GBR,1,5.54,0.3241122180549288,0.5429476932960781,6.420027608820439,5.631319999694824,0.16483516483516483,54.279648353109025,0.033256764816276,0.6,0.01794252278248349,0,0,0,0,0,b,NA,DHW 5.54- cots prior,coral bleaching,DHW 5.54- cots prior  coral bleaching,0.1983460233310179,0.820028679437527,0.28873435374013035,0.23677045080576686,joint_compound_rrn_relative_brt,reef_blocked_2024,1,-0.03842442747474897,0.03842442747474897
ltmp,4184758,14-087,Snake Reef (14-087),2024,Northern GBR,1,6.91,0.49661045255586744,0.26604015820313404,6.721013396401132,5.019526481628418,0.24175824175824176,38.681727528550425,0.513612464304515,1,0.2588340779562835,0,0,NA,0.0042,0.00419120461846807,b,NA,hc declines,coral bleaching,hc declines  coral bleaching,0.13933691300676979,0.7154565075425097,0.2795142572223015,0.19998029428060654,joint_compound_rrn_relative_brt,reef_blocked_2024,1,-0.060643381273836755,0.060643381273836755
manta,3988617,14-118,Eyrie Reef (14-118),2024,Northern GBR,1,6.2700000000000005,0.5154641976894707,0.32029059765378537,6.662192357426267,5.6041412353515625,0.1978021978021978,38.660259476645,0.387817227069386,1,0.2936125563709091,0,0,0.0737812916437785,0.0613,0.05949457178563976,b,NA,DHW 6.27 to 6.32,coral bleaching,DHW 6.27 to 6.32  coral bleaching,0.5256729155551548,0.6778894349518656,0.3438981881331817,0.2331249484345729,joint_compound_rrn_relative_brt,reef_blocked_2024,1,0.29254796712058195,0.29254796712058195
ltmp,4172974,14-123,Martin Reef (14-123),2024,Northern GBR,1,6.4,0.5837078855804666,0.20952153168187226,6.662192357426267,5.099393844604492,0.2307692307692308,27.798770058382857,0.530025205470943,1,0.3896797019922375,0,0,0.0158266127109528,0.0201,0.01990066170633616,b,NA,no decline,coral bleaching,no decline  coral bleaching,0.3676370188512778,0.5989301446966272,0.2967558467553647,0.17773602223676072,joint_compound_rrn_relative_brt,reef_blocked_2024,1,0.1899009966145171,0.1899009966145171
manta,4285469,14-123,Martin Reef (14-123),2024,Northern GBR,1,6.4,0.5837078855804666,0.2716942520166412,6.662192357426267,5.099393844604492,0.2307692307692308,27.798770058382857,0.530025205470943,1,0.3896797019922375,0,0,0.0158266127109528,0.0201,0.01990066170633616,b,NA,DHW 6.73 aerial bl 5,coral bleaching,DHW 6.73 aerial bl 5  coral bleaching,0.19967709485407348,0.6738768447358804,0.3735052468536175,0.2516965372420119,joint_compound_rrn_relative_brt,reef_blocked_2024,1,-0.05201944238793843,0.05201944238793843
ltmp,4175968,14-138,Yonge Reef (14-138),2024,Northern GBR,1,8.08,0.2688625059919296,0.3680986269041048,6.662192357426267,5.418431758880615,0.21978021978021975,61.75564549314031,0,0.45,0,4,1.6094379124341005,0,0,0,b,NA,Aerial bl 2 2024 DHW 8.08,NA,Aerial bl 2 2024 DHW 8.08 ,0,0.5626882458011913,0.1907177434882616,0.10731463252657149,joint_compound_rrn_relative_brt,reef_blocked_2024,1,-0.10731463252657149,0.10731463252657149
manta,4206459,14-138,Yonge Reef (14-138),2024,Northern GBR,1,8.08,0.2688625059919296,0.2873801234301697,6.662192357426267,5.418431758880615,0.21978021978021975,61.75564549314031,0,0.45,0,4,1.6094379124341005,0,0,0,b,NA,Aerial bl 2 2024 DHW 8.08,coral bleaching,Aerial bl 2 2024 DHW 8.08  coral bleaching,0.11897693253026977,0.5393963319928273,0.2381577147392194,0.12846139776612905,joint_compound_rrn_relative_brt,reef_blocked_2024,1,-0.009484465235859288,0.009484465235859288
manta,4206312,15-030,Swinger Reef (15-030),2024,Northern GBR,1,3.87,0.5685984833602956,0.41001831853403453,6.7363531973548385,5.366098403930664,0.15384615384615383,26.81989949840036,0.149812788731616,1,0.10100326410607618,0,0,0,0.0025,0.00249688019858719,b,NA,DHW 3.87,coral bleaching,DHW 3.87  coral bleaching,0.34618830788839955,0.8349931606600127,0.2609222994376417,0.21786833549411472,joint_compound_rrn_relative_brt,reef_blocked_2024,1,0.12831997239428483,0.12831997239428483
ltmp,4176749,15-099c,Agincourt Reefs (No 1) (15-099c),2024,Central GBR,1,6.97,0.38200659369933787,0.3627972623729205,6.6724338344427165,5.55191707611084,0.15384615384615383,53.443772818368494,0.044311645741118,0.7,0.044311645741118,0,0,0,0,0,m,NA,declines hc and sc B Jasper,"coral bleaching, Cyclone Jasper","declines hc and sc B Jasper  coral bleaching, Cyclone Jasper",0.147059946921269,0.7989950250126309,0.26779724637364283,0.21396866756462243,joint_compound_rrn_relative_brt,reef_blocked_2024,1,-0.06690872064335343,0.06690872064335343
manta,4206426,15-099c,Agincourt Reefs (No 1) (15-099c),2024,Central GBR,1,6.97,0.38200659369933787,0.44560178073362894,6.6724338344427165,5.55191707611084,0.15384615384615383,53.443772818368494,0.044311645741118,0.7,0.044311645741118,0,0,0,0,0,m,NA,Aerial bl 3 2024 DHW 6.97,"coral bleaching, Cyclone Jasper","Aerial bl 3 2024 DHW 6.97  coral bleaching, Cyclone Jasper",0.23551593127835632,0.8859604640925497,0.3760321146513266,0.33314958681019213,joint_compound_rrn_relative_brt,reef_blocked_2024,1,-0.09763365553183581,0.09763365553183581
mmp,4167064,17-053,Stingaree Reefs (17-053),2024,Central GBR,1,4.15,0.616506583925962,0.33654597828120286,6.679407263235824,4.47112512588501,0.3076923076923077,26.438199406294544,0.939069623828006,0.5,-0.00537384389114203,0,0,NA,1e-4,9.999500033330834e-5,b,NA,partial bleaching at time of surveys,coral bleaching,partial bleaching at time of surveys  coral bleaching,0,0.8023366943476156,0.45282034180267766,0.3633143761753178,joint_compound_rrn_relative_brt,reef_blocked_2024,1,-0.3633143761753178,0.3633143761753178
mmp,4167081,17-053,Stingaree Reefs (17-053),2024,Central GBR,1,4.15,0.12818230888325138,0.34299737519484685,6.679407263235824,4.47112512588501,0.3076923076923077,26.438199406294544,0.939069623828006,0.5,-0.00537384389114203,0,0,NA,1e-4,9.999500033330834e-5,b,NA,partial bleaching at time of surveys,coral bleaching,partial bleaching at time of surveys  coral bleaching,0,0.6577175909121177,0.28948097990244354,0.19039673271631433,joint_compound_rrn_relative_brt,reef_blocked_2024,1,-0.19039673271631433,0.19039673271631433
mmp,4167098,17-053,Stingaree Reefs (17-053),2024,Central GBR,1,4.15,0.616506583925962,0.4806596238854858,6.679407263235824,4.47112512588501,0.3076923076923077,26.438199406294544,0.939069623828006,0.5,-0.00537384389114203,0,0,NA,1e-4,9.999500033330834e-5,b,NA,partial bleaching at time of surveys,coral bleaching,partial bleaching at time of surveys  coral bleaching,0.08448089989497658,0.8877608470803124,0.5312285928963398,0.4716039456229371,joint_compound_rrn_relative_brt,reef_blocked_2024,1,-0.3871230457279605,0.3871230457279605
mmp,4167117,17-053,Stingaree Reefs (17-053),2024,Central GBR,1,4.15,0.12818230888325138,0.3419938741107149,6.679407263235824,4.47112512588501,0.3076923076923077,26.438199406294544,0.939069623828006,0.5,-0.00537384389114203,0,0,NA,1e-4,9.999500033330834e-5,b,NA,partial bleaching at time of surveys,coral bleaching,partial bleaching at time of surveys  coral bleaching,0.11474101713504835,0.6577175909121177,0.28948097990244354,0.19039673271631433,joint_compound_rrn_relative_brt,reef_blocked_2024,1,-0.07565571558126598,0.07565571558126598
ltmp,3802952,17-063a,Farquharson Reef (No 1) (17-063a),2024,Central GBR,1,4.91,0.15402442656132434,0.08978364493751873,6.793622788043911,5.784509181976318,0.14285714285714285,52.950848061604326,0.0651378266978902,0.8,0.04241055329329195,10,2.3978952727983707,0,0,0,NA,NA,NA,NA, ,0,0.1437171848886975,0.19422852235733418,0.027913976458287512,joint_compound_rrn_relative_brt,reef_blocked_2024,1,-0.027913976458287512,0.027913976458287512
manta,4066960,17-063a,Farquharson Reef (No 1) (17-063a),2024,Central GBR,1,4.91,0.15402442656132434,0.07791532665248674,6.793622788043911,5.784509181976318,0.14285714285714285,52.950848061604326,0.0651378266978902,0.8,0.04241055329329195,10,2.3978952727983707,0,0,0,NA,NA,NA,NA, ,0,0.15484815296307752,0.24529680674332302,0.03798375745194455,joint_compound_rrn_relative_brt,reef_blocked_2024,1,-0.03798375745194455,0.03798375745194455
ltmp,4230870,18-039,Dip Reef (18-039),2024,Central GBR,1,7.32,0.3069695489966417,0.24049936740079766,5.947264586791359,6.650827884674072,0.06593406593406594,111.1950802335326,0,0.45,0,8,2.1972245773362196,NA,0,0,NA,NA,NA,NA, ,0,0.26375600101038305,0.11225299740765834,0.02960740169767286,joint_compound_rrn_relative_brt,reef_blocked_2024,1,-0.02960740169767286,0.02960740169767286
ltmp,4230871,18-039,Dip Reef (18-039),2024,Central GBR,1,7.32,0.45118185460183396,0.25000968515127425,5.947264586791359,6.650827884674072,0.06593406593406594,111.1950802335326,0,0.45,0,8,2.1972245773362196,NA,0,0,b,NA,DHW 8.02 flat lining,coral bleaching,DHW 8.02 flat lining  coral bleaching,0.038039797317140515,0.3595659711658923,0.11837234978120642,0.04256266890826818,joint_compound_rrn_relative_brt,reef_blocked_2024,1,-0.004522871591127665,0.004522871591127665
mmp,4150474,19-009c,Magnetic Island Reef (No 2) (19-009c),2024,Central GBR,1,9.07,0.18275253450005705,0.2701302451098475,6.096021794618455,2.8266942501068115,0.6043956043956044,0,0.996374213958009,0.4,-0.00362578604199104,0,0,NA,0.0197,0.01950846638804296,b,NA,partial bleaching at time of surveys,coral bleaching,partial bleaching at time of surveys  coral bleaching,0.3503963600443477,0.1294870182323737,0.19263623934760396,0.0249438922366191,joint_compound_rrn_relative_brt,reef_blocked_2024,1,0.32545246780772863,0.32545246780772863
mmp,4150494,19-009c,Magnetic Island Reef (No 2) (19-009c),2024,Central GBR,1,9.07,0.11902635288320192,0.2800670648981542,6.096021794618455,2.8266942501068115,0.6043956043956044,0,0.996374213958009,0.4,-0.00362578604199104,0,0,NA,0.0197,0.01950846638804296,b,NA,partial bleaching at time of surveys,coral bleaching,partial bleaching at time of surveys  coral bleaching,0.20057757443419322,0.12739423490165935,0.06943557782502763,0.008845692311974018,joint_compound_rrn_relative_brt,reef_blocked_2024,1,0.1917318821222192,0.1917318821222192
ltmp,4227302,19-159,Slate Reef (19-159),2024,Central GBR,1,8.61,0.6136352481490801,0.40042831189585437,5.8287453483906155,7.366249084472656,0.01098901098901099,118.35940764116184,0,0.45,0,33,3.5263605246161616,0.0222222227603197,0.0198,0.01960652963891831,NA,NA,NA,NA, ,0.0636605992892416,0.8514145578542144,0.1783204207433395,0.15182460218356789,joint_compound_rrn_relative_brt,reef_blocked_2024,1,-0.08816400289432628,0.08816400289432628
ltmp,4227303,19-159,Slate Reef (19-159),2024,Central GBR,1,8.61,0.6586105214947701,0.4609423548222777,5.8287453483906155,7.366249084472656,0.01098901098901099,118.35940764116184,0,0.45,0,33,3.5263605246161616,0.0222222227603197,0.0198,0.01960652963891831,b,NA,NA,coral bleaching,  coral bleaching,0.13128332055698222,0.8499090663328868,0.18850247365429942,0.1602099613849652,joint_compound_rrn_relative_brt,reef_blocked_2024,1,-0.02892664082798299,0.02892664082798299
manta,4067116,19-159,Slate Reef (19-159),2024,Central GBR,1,8.61,0.6136352481490801,0.5283413420729094,5.8287453483906155,7.366249084472656,0.01098901098901099,118.35940764116184,0,0.45,0,33,3.5263605246161616,0.0222222227603197,0.0198,0.01960652963891831,NA,NA,NA,NA, ,0,0.8576027403070634,0.21075771091295087,0.18074639041979054,joint_compound_rrn_relative_brt,reef_blocked_2024,1,-0.18074639041979054,0.18074639041979054
manta,4067117,19-159,Slate Reef (19-159),2024,Central GBR,1,8.61,0.6586105214947701,0.6189962599768563,5.8287453483906155,7.366249084472656,0.01098901098901099,118.35940764116184,0,0.45,0,33,3.5263605246161616,0.0222222227603197,0.0198,0.01960652963891831,b,NA,DHW 8.61,coral bleaching,DHW 8.61  coral bleaching,0.14645471025517404,0.8599399695354745,0.22528606273136786,0.19373248992197947,joint_compound_rrn_relative_brt,reef_blocked_2024,1,-0.047277779666805436,0.047277779666805436
mmp,4139904,20-028d,Hook Island Reef (No 4) (20-028d),2024,Central GBR,1,6.61,0.1423214731378012,0.07448612680364963,5.8287453483906155,6.882554054260254,0.03296703296703297,0,0.214605554955516,0.1,-0.360890165177843,11.75,2.5455312716044354,NA,9e-4,8.99595242836093e-4,NA,NA,NA,NA, ,0,0.05711293177677493,0.13874149055518953,0.007923933284686602,joint_compound_rrn_relative_brt,reef_blocked_2024,1,-0.007923933284686602,0.007923933284686602
mmp,4139918,20-028d,Hook Island Reef (No 4) (20-028d),2024,Central GBR,1,6.61,0.03849021114891813,0.18146905175768832,5.8287453483906155,6.882554054260254,0.03296703296703297,0,0.214605554955516,0.1,-0.360890165177843,11.75,2.5455312716044354,NA,9e-4,8.99595242836093e-4,NA,NA,NA,NA, ,0,0.1125230321741812,0.04038215933943323,0.004543923014613958,joint_compound_rrn_relative_brt,reef_blocked_2024,1,-0.004543923014613958,0.004543923014613958
mmp,4146310,20-095,Seaforth Reef (20-095),2024,Central GBR,1,9.47,0.05021782281804785,0.08750189043508103,5.8287453483906155,6.957430839538574,0.02197802197802198,27.79877005838312,0.348719914826354,0.1,-0.2366546377751485,0,0,NA,0.0041,0.00409161790325356,NA,NA,NA,NA, ,0.015026046394532625,0.06939018613296341,0.1903427792908533,0.013207920884057884,joint_compound_rrn_relative_brt,reef_blocked_2024,1,0.001818125510474741,0.001818125510474741
mmp,4146325,20-095,Seaforth Reef (20-095),2024,Central GBR,1,9.47,0,0.09847645164875594,5.8287453483906155,6.957430839538574,0.02197802197802198,27.79877005838312,0.348719914826354,0.1,-0.2366546377751485,0,0,NA,0.0041,0.00409161790325356,NA,NA,NA,NA, ,0,0.05283831203406471,0.01804615992762574,9.535286292725233e-4,joint_compound_rrn_relative_brt,reef_blocked_2024,1,-9.535286292725233e-4,9.535286292725233e-4
ltmp,4223666,20-351b,Pompey Reef (No 2) (20-351b),2024,Southern GBR,1,8.63,0.26586271071453776,0.23601995395034991,5.04829112437769,7.65802526473999,0.01098901098901099,138.99385029191623,0,0.35,0,1.00000000000045,0.6931471805601703,0,0,0,NA,NA,NA,NA, ,0,0.5901519928513159,0.1788103409546775,0.1055252790568262,joint_compound_rrn_relative_brt,reef_blocked_2024,1,-0.1055252790568262,0.1055252790568262
manta,4067069,20-351b,Pompey Reef (No 2) (20-351b),2024,Southern GBR,1,8.63,0.26586271071453776,0.24979788892199734,5.04829112437769,7.65802526473999,0.01098901098901099,138.99385029191623,0,0.35,0,1.00000000000045,0.6931471805601703,0,0,0,NA,NA,NA,NA, ,0.04145156284186047,0.5879703800874304,0.21755887209900515,0.12791817271944472,joint_compound_rrn_relative_brt,reef_blocked_2024,1,-0.08646660987758426,0.08646660987758426
manta,4284566,21-550,U/N Reef (21-550),2024,Southern GBR,1,7.85,0.22806223341999204,0.5231246127836484,5.293126064302306,7.698933601379395,0.05494505494505494,175.33603223489754,0.023349571128696,1,0.023349571128696,0,0,0.526315808296204,0.1427,0.133393883170531,NA,NA,NA,NA, ,0.3105929180461531,0.9050227229574578,0.2061087476492718,0.1865331000228955,joint_compound_rrn_relative_brt,reef_blocked_2024,1,0.12405981802325758,0.12405981802325758
ltmp,4184037,21-556,Gannett Cay Reef (21-556),2024,Southern GBR,1,8.47,0.016120536276246076,0.07002682803684913,5.293126064302306,7.664971828460693,0.05494505494505494,198.3246302201427,0.0454545468091965,1,0.0454545468091965,0,0,0,0.0144,0.01429730470082442,b,NA,DHW 8.47,coral bleaching,DHW 8.47  coral bleaching,0.018989820056651716,0.4514915869463763,0.04517633650258358,0.02039673585997497,joint_compound_rrn_relative_brt,reef_blocked_2024,1,-0.0014069158033232533,0.0014069158033232533
manta,4284599,21-556,Gannett Cay Reef (21-556),2024,Southern GBR,1,8.47,0.016120536276246076,0.09896793855981655,5.293126064302306,7.664971828460693,0.05494505494505494,198.3246302201427,0.0454545468091965,1,0.0454545468091965,0,0,0,0.0144,0.01429730470082442,b,NA,DHW 8.47,coral bleaching,DHW 8.47  coral bleaching,0,0.43436743942957695,0.07859337947289781,0.0341384049977597,joint_compound_rrn_relative_brt,reef_blocked_2024,1,-0.0341384049977597,0.0341384049977597
ltmp,4232334,21-562,Turner Reef (21-562),2024,Southern GBR,1,9.27,0.12813436740046336,0.12528128336068736,5.293126064302306,7.622081279754639,0.03296703296703297,211.65905306044084,0.0455957978304078,1,0.0455957978304078,0,0,0,0.0207,0.02048866642731566,NA,NA,NA,NA, ,0.10489837425504042,0.5781751255254218,0.11504353698618094,0.06651531143787368,joint_compound_rrn_relative_brt,reef_blocked_2024,1,0.038383062817166747,0.038383062817166747
ltmp,4232335,21-562,Turner Reef (21-562),2024,Southern GBR,1,9.27,0.08656072859991064,0.08887790813431366,5.293126064302306,7.622081279754639,0.03296703296703297,211.65905306044084,0.0455957978304078,1,0.0455957978304078,0,0,0,0.0207,0.02048866642731566,b,NA,NA,coral bleaching,  coral bleaching,0,0.5622385361200732,0.1129828139808032,0.06352329193929333,joint_compound_rrn_relative_brt,reef_blocked_2024,1,-0.06352329193929333,0.06352329193929333
manta,4284698,21-562,Turner Reef (21-562),2024,Southern GBR,1,9.27,0.12813436740046336,0.21160583760646007,5.293126064302306,7.622081279754639,0.03296703296703297,211.65905306044084,0.0455957978304078,1,0.0455957978304078,0,0,0,0.0207,0.02048866642731566,NA,NA,NA,NA, ,0.3153081782272817,0.6717111588634525,0.17330372002179548,0.11641004261118755,joint_compound_rrn_relative_brt,reef_blocked_2024,1,0.19889813561609415,0.19889813561609415
manta,4284699,21-562,Turner Reef (21-562),2024,Southern GBR,1,9.27,0.08656072859991064,0.1222713025202314,5.293126064302306,7.622081279754639,0.03296703296703297,211.65905306044084,0.0455957978304078,1,0.0455957978304078,0,0,0,0.0207,0.02048866642731566,b,NA,DHW 8.65 to 9.27,coral bleaching,DHW 8.65 to 9.27  coral bleaching,0,0.5676851487639489,0.1398195983255377,0.07937350947554846,joint_compound_rrn_relative_brt,reef_blocked_2024,1,-0.07937350947554846,0.07937350947554846
mmp,4140753,22-009,Barren Island Reef (22-009),2024,Southern GBR,1,11.06,0.53129173943683,0.2598804032895316,4.823371628795423,7.690150737762451,0.01098901098901099,27.798770058383468,1,0.55,0,0,0,NA,NA,NA,b,NA,further decline as a result of bleaching in 2024,coral bleaching,further decline as a result of bleaching in 2024  coral bleaching,0.17115624670633436,0.5662050571903984,0.3253075035513816,0.18419075365277573,joint_compound_rrn_relative_brt,reef_blocked_2024,1,-0.013034506946441371,0.013034506946441371
mmp,4140754,22-009,Barren Island Reef (22-009),2024,Southern GBR,1,11.06,0.8432966093606045,0.5916565683895456,4.823371628795423,7.690150737762451,0.01098901098901099,27.798770058383468,1,0.55,0,0,0,NA,NA,NA,b,NA,bleaching still evident at time of surveys,coral bleaching,bleaching still evident at time of surveys  coral bleaching,0.5607580187998068,0.72077317038167,0.3877093522405597,0.27945049900105184,joint_compound_rrn_relative_brt,reef_blocked_2024,1,0.28130751979875496,0.28130751979875496
mmp,4140772,22-009,Barren Island Reef (22-009),2024,Southern GBR,1,11.06,0.9188685148426851,0.6208482450147622,4.823371628795423,7.690150737762451,0.01098901098901099,27.798770058383468,1,0.55,0,0,0,NA,NA,NA,b,NA,further decline as a result of bleaching in 2024,coral bleaching,further decline as a result of bleaching in 2024  coral bleaching,0.2354543608301246,0.7192573055596566,0.32490077817241664,0.2336872582825281,joint_compound_rrn_relative_brt,reef_blocked_2024,1,0.0017671025475965163,0.0017671025475965163
mmp,4140773,22-009,Barren Island Reef (22-009),2024,Southern GBR,1,11.06,0.9329570973491906,0.7041189584586074,4.823371628795423,7.690150737762451,0.01098901098901099,27.798770058383468,1,0.55,0,0,0,NA,NA,NA,b,NA,bleaching still evident at time of surveys,coral bleaching,bleaching still evident at time of surveys  coral bleaching,0.1182622800359385,0.7192573055596566,0.32490077817241664,0.2336872582825281,joint_compound_rrn_relative_brt,reef_blocked_2024,1,-0.1154249782465896,0.1154249782465896
ltmp,4185533,23-055a,One Tree Island Reef (23-055a),2024,Southern GBR,1,11.53,0.9167527148244318,0.6465710923203194,5.509502913839823,7.843398094177246,0.02197802197802198,75.37078298757997,0.0455607442369428,0.9,0.0455607442369428,0,0,0.0428571440279484,0.0397,0.03893221000178747,m,NA,DHW 11,"coral bleaching, coral disease","DHW 11  coral bleaching, coral disease",0.7056209452888168,0.957551894365957,0.5277069705678846,0.5053068093373982,joint_compound_rrn_relative_brt,reef_blocked_2024,1,0.20031413595141856,0.20031413595141856
manta,4284425,23-055a,One Tree Island Reef (23-055a),2024,Southern GBR,1,11.53,0.9167527148244318,0.6064749895445039,5.509502913839823,7.843398094177246,0.02197802197802198,75.37078298757997,0.0455607442369428,0.9,0.0455607442369428,0,0,0.0428571440279484,0.0397,0.03893221000178747,m,NA,Aerial bl 4 2024  DHW 11.81,"coral bleaching, coral disease, crown-of-thorns starfish, unknown storm","Aerial bl 4 2024  DHW 11.81  coral bleaching, coral disease, crown-of-thorns starfish, unknown storm",0.5107539897859481,0.958881536879001,0.5192891643397003,0.49793679198666396,joint_compound_rrn_relative_brt,reef_blocked_2024,1,0.012817197799284141,0.012817197799284141
ltmp,4181245,23-068,Erskine Reef (23-068),2024,Southern GBR,1,11.17,0.8208239385774314,0.4638738443085885,5.301987044294902,7.857634544372559,0.01098901098901099,58.02948927544897,0.025341655981035,0.4,-0.0201128908281615,0,0,0,0,0,b,NA,Aerial bl 4 2024 DHW 11.17,coral bleaching,Aerial bl 4 2024 DHW 11.17  coral bleaching,0.14256428051898865,0.9700459141608284,0.35999725459186077,0.34921386592595005,joint_compound_rrn_relative_brt,reef_blocked_2024,1,-0.2066495854069614,0.2066495854069614
manta,4284411,23-068,Erskine Reef (23-068),2024,Southern GBR,1,11.17,0.8208239385774314,0.4084517150032933,5.301987044294902,7.857634544372559,0.01098901098901099,58.02948927544897,0.025341655981035,0.4,-0.0201128908281615,0,0,0,0,0,b,NA,Aerial bl 4 2024 DHW 11.17,coral bleaching,Aerial bl 4 2024 DHW 11.17  coral bleaching,0.06654453617104276,0.9697338990269443,0.3529699004784364,0.34228687783010664,joint_compound_rrn_relative_brt,reef_blocked_2024,1,-0.27574234165906386,0.27574234165906386
ltmp,4241126,11-016,McSweeney Reef (11-016),2024,Northern GBR,2,5.43,0,0.11197523789881832,6.492034321653199,5.674314975738525,0.14285714285714285,61.227214056639745,0.175338227942203,1,0.175338227942203,0,0,0,0.004,0.00399202126953745,NA,NA,NA,NA, ,0,0.8054052328748688,0,0,joint_compound_rrn_relative_brt,reef_blocked_2024,2,0,0
ltmp,4169247,14-116a,Lizard Island Reef (North West) (14-116a),2024,Northern GBR,2,6.2700000000000005,0.14877724148928995,0.16532056503156148,6.662192357426267,5.6041412353515625,0.1978021978021978,38.660259476645,0.0473388095731419,0.6,0.02459738366791302,0,0,0,0,0,b,NA,DHW 6.27  aerial bl 4,NA,DHW 6.27  aerial bl 4 ,0,0.3651036075394868,0.23836958858674745,0.08702959672072477,joint_compound_rrn_relative_brt,reef_blocked_2024,2,-0.08702959672072477,0.08702959672072477
manta,4285515,14-116a,Lizard Island Reef (North West) (14-116a),2024,Northern GBR,2,6.2700000000000005,0.14877724148928995,0.2133297856632696,6.662192357426267,5.6041412353515625,0.1978021978021978,38.660259476645,0.0473388095731419,0.6,0.02459738366791302,0,0,0,0,0,b,NA,DHW 6.27  aerial bl 4,coral bleaching,DHW 6.27  aerial bl 4  coral bleaching,0.46158023498627077,0.5070185087282746,0.2899248474925601,0.14699726381895026,joint_compound_rrn_relative_brt,reef_blocked_2024,2,0.3145829711673205,0.3145829711673205
manta,3988509,14-147a,South Direction Reef (North) (14-147a),2024,Northern GBR,2,6.4,0.41269945972762634,0.22989179569720097,6.662192357426267,5.6041412353515625,0.1978021978021978,38.660259476645,0.0447928826902812,0.5,0.02107278940083535,0,0,0,0.0076,0.00757126549631807,b,NA,DHW 6.4 aerial bl 5,coral bleaching,DHW 6.4 aerial bl 5  coral bleaching,0.22265891983111194,0.7510895967437572,0.2890436323087262,0.217097665232112,joint_compound_rrn_relative_brt,reef_blocked_2024,2,0.0055612545989999485,0.0055612545989999485
mmp,4162774,16-054a,Fitzroy Island Reef (No 1) (16-054a),2024,Central GBR,2,7.82,0.589862940713534,0.4612107630161933,6.977581085825649,4.643918514251709,0.2087912087912088,26.584094214082956,0.529954681473679,0.9,0.18146982260318445,0,0,0,1e-4,9.999500033330834e-5,b | m,NA,partial bleaching during bleaching surveys Feb24 | bleaching observed during targetted bleaching surveys,"coral bleaching at 2.0 m only | coral bleaching at 2.0 m only, Cyclone Jasper","partial bleaching during bleaching surveys Feb24 | bleaching observed during targetted bleaching surveys  coral bleaching at 2.0 m only | coral bleaching at 2.0 m only, Cyclone Jasper",0.5242365308289569,0.9011385066622134,0.4617765682159402,0.41612464709371405,joint_compound_rrn_relative_brt,reef_blocked_2024,2,0.10811188373524289,0.10811188373524289
mmp,4162795,16-054a,Fitzroy Island Reef (No 1) (16-054a),2024,Central GBR,2,7.82,0.24786093423705963,0.3867415894390473,6.977581085825649,4.643918514251709,0.2087912087912088,26.584094214082956,0.529954681473679,0.9,0.18146982260318445,0,0,0,1e-4,9.999500033330834e-5,b | m,NA,partial bleaching during bleaching surveys Feb24 | bleaching observed during targetted bleaching surveys,"coral bleaching at 2.0 m only | coral bleaching at 2.0 m only, Cyclone Jasper","partial bleaching during bleaching surveys Feb24 | bleaching observed during targetted bleaching surveys  coral bleaching at 2.0 m only | coral bleaching at 2.0 m only, Cyclone Jasper",0.07995491504811622,0.6309773833357264,0.25683252208288304,0.16205551273937271,joint_compound_rrn_relative_brt,reef_blocked_2024,2,-0.0821005976912565,0.0821005976912565
mmp,4162816,16-054a,Fitzroy Island Reef (No 1) (16-054a),2024,Central GBR,2,7.82,0.589862940713534,0.3457760050245789,6.977581085825649,4.643918514251709,0.2087912087912088,26.584094214082956,0.529954681473679,0.9,0.18146982260318445,0,0,0,1e-4,9.999500033330834e-5,b | m,NA,partial bleaching during bleaching surveys Feb24 | bleaching observed during targetted bleaching surveys,"coral bleaching at 2.0 m only | coral bleaching at 2.0 m only, Cyclone Jasper","partial bleaching during bleaching surveys Feb24 | bleaching observed during targetted bleaching surveys  coral bleaching at 2.0 m only | coral bleaching at 2.0 m only, Cyclone Jasper",0.2690843862833956,0.83666405860078,0.39889395268751504,0.33374023340684383,joint_compound_rrn_relative_brt,reef_blocked_2024,2,-0.06465584712344824,0.06465584712344824
mmp,4162832,16-054a,Fitzroy Island Reef (No 1) (16-054a),2024,Central GBR,2,7.82,0.24786093423705963,0.3731568893226376,6.977581085825649,4.643918514251709,0.2087912087912088,26.584094214082956,0.529954681473679,0.9,0.18146982260318445,0,0,0,1e-4,9.999500033330834e-5,b | m,NA,partial bleaching during bleaching surveys Feb24 | bleaching observed during targetted bleaching surveys,"coral bleaching at 2.0 m only | coral bleaching at 2.0 m only, Cyclone Jasper","partial bleaching during bleaching surveys Feb24 | bleaching observed during targetted bleaching surveys  coral bleaching at 2.0 m only | coral bleaching at 2.0 m only, Cyclone Jasper",0,0.6248608413035979,0.25491520359481457,0.15928652857933376,joint_compound_rrn_relative_brt,reef_blocked_2024,2,-0.15928652857933376,0.15928652857933376
ltmp,4179541,16-057,Hastings Reef (16-057),2024,Central GBR,2,7.62,0.1802122772005963,0.16959245778756643,6.940920589169635,6.116461753845215,0.13186813186813187,60.09013295337378,0.08249482618129,0.9,0.05884948517955871,38,3.6635616461296463,0,2e-4,1.9998000266626675e-4,m,Jasper,small decline,"Cyclone Jasper, coral bleaching","small decline Jasper Cyclone Jasper, coral bleaching",0.1327893266155054,0.34721611067625485,0.15649991095419596,0.05433929040269613,joint_compound_rrn_relative_brt,reef_blocked_2024,2,0.07845003621280927,0.07845003621280927
manta,4206246,16-057,Hastings Reef (16-057),2024,Central GBR,2,7.62,0.1802122772005963,0.2675786329407455,6.940920589169635,6.116461753845215,0.13186813186813187,60.09013295337378,0.08249482618129,0.9,0.05884948517955871,38,3.6635616461296463,0,2e-4,1.9998000266626675e-4,m,Jasper,Jasper,"Cyclone Jasper, coral bleaching","Jasper Jasper Cyclone Jasper, coral bleaching",0.4288792674978628,0.5808074528061478,0.2070062852432635,0.12023079324700273,joint_compound_rrn_relative_brt,reef_blocked_2024,2,0.30864847425086006,0.30864847425086006
ltmp,4236105,18-034,Myrmidon Reef (18-034),2024,Central GBR,2,8.73,0.15606337630475434,0.34901513726316913,6.416116296599418,6.501668930053711,0.04395604395604396,132.00208142190922,0,0.5,0,9,2.302585092994046,0,0,0,b,NA,DHW 7.18,NA,DHW 7.18 ,0,0.4465058204232937,0.11810589496908237,0.052734969529997476,joint_compound_rrn_relative_brt,reef_blocked_2024,2,-0.052734969529997476,0.052734969529997476
ltmp,4236106,18-034,Myrmidon Reef (18-034),2024,Central GBR,2,8.73,0.3299598280057257,0.3906512169424299,6.416116296599418,6.501668930053711,0.04395604395604396,132.00208142190922,0,0.5,0,9,2.302585092994046,0,0,0,b,NA,DHW 8.73 bleaching Kirrily,coral bleaching,DHW 8.73 bleaching Kirrily  coral bleaching,0.10658121074123428,0.6476180949103989,0.12411717245364175,0.08038052677009291,joint_compound_rrn_relative_brt,reef_blocked_2024,2,0.026200683971141364,0.026200683971141364
manta,4066112,18-034,Myrmidon Reef (18-034),2024,Central GBR,2,8.73,0.15606337630475434,0.46454341268106875,6.416116296599418,6.501668930053711,0.04395604395604396,132.00208142190922,0,0.5,0,9,2.302585092994046,0,0,0,b,NA,DHW 7.18,coral bleaching,DHW 7.18  coral bleaching,0.3643114357676447,0.5641063176910703,0.1769520800705538,0.09981978629637553,joint_compound_rrn_relative_brt,reef_blocked_2024,2,0.26449164947126913,0.26449164947126913
manta,4066113,18-034,Myrmidon Reef (18-034),2024,Central GBR,2,8.73,0.3299598280057257,0.4956128764543216,6.416116296599418,6.501668930053711,0.04395604395604396,132.00208142190922,0,0.5,0,9,2.302585092994046,0,0,0,m,NA,DHW 8.73,"coral bleaching, Cyclone Kirrily","DHW 8.73  coral bleaching, Cyclone Kirrily",0.06268897611282381,0.6983018840615257,0.18718040887324755,0.1307084321755955,joint_compound_rrn_relative_brt,reef_blocked_2024,2,-0.06801945606277168,0.06801945606277168
mmp,4137924,18-049e,Orpheus (Goolboddi) Island Reef (No 5) (18-049e),2024,Central GBR,2,5.37,0.9172638468175502,0.43251261921953915,6.212002270133139,4.993875026702881,0.2087912087912088,38.297776879451746,0.281607665198612,0.3,-0.049333424283445,0,0,NA,0.0011,0.00109939544330096,m,NA,bleaching observed during targetted bleaching surveys,"coral bleaching, Cyclone Kirrily","bleaching observed during targetted bleaching surveys  coral bleaching, Cyclone Kirrily",0.33651069129053574,0.6956873088667057,0.19519547232941292,0.13579501284781478,joint_compound_rrn_relative_brt,reef_blocked_2024,2,0.20071567844272095,0.20071567844272095
mmp,4137940,18-049e,Orpheus (Goolboddi) Island Reef (No 5) (18-049e),2024,Central GBR,2,5.37,0.8773050262564269,0.5071642460105452,6.212002270133139,4.993875026702881,0.2087912087912088,38.297776879451746,0.281607665198612,0.3,-0.049333424283445,0,0,NA,0.0011,0.00109939544330096,m,NA,bleaching observed during targetted bleaching surveys,"coral bleaching, Cyclone Kirrily","bleaching observed during targetted bleaching surveys  coral bleaching, Cyclone Kirrily",0.23408438029879564,0.7008938029472394,0.12366201181558424,0.08667393774153129,joint_compound_rrn_relative_brt,reef_blocked_2024,2,0.14741044255726435,0.14741044255726435
ltmp,4235330,18-075,John Brewer Reef (18-075),2024,Central GBR,2,5.79,0.2646118463495706,0.09894508667391134,6.096021794618455,6.205605506896973,0.08791208791208792,61.49749903428462,0,0.45,0,3.5000000000008,1.5040773967764518,0,0.0187,0.01852730461388362,m,Kirrily,Cyclone Kirrily,NA,Cyclone Kirrily Kirrily,0,0.1230874861062372,0.11618517194300491,0.014300940737285397,joint_compound_rrn_relative_brt,reef_blocked_2024,2,-0.014300940737285397,0.014300940737285397
manta,4068096,18-075,John Brewer Reef (18-075),2024,Central GBR,2,5.79,0.2646118463495706,0.23435897874287936,6.096021794618455,6.205605506896973,0.08791208791208792,61.49749903428462,0,0.45,0,3.5000000000008,1.5040773967764518,0,0.0187,0.01852730461388362,m,Kirrily,Cyclone Kirrily,"Cyclone Kirrily, coral bleaching","Cyclone Kirrily Kirrily Cyclone Kirrily, coral bleaching",0.26174312602717364,0.19891153551591645,0.15179179257878236,0.030193138540559092,joint_compound_rrn_relative_brt,reef_blocked_2024,2,0.23154998748661454,0.23154998748661454
ltmp,4226931,18-081,Knife Reef (18-081),2024,Central GBR,2,6.54,0.570519458454164,0.44284851257291497,5.947264586791359,6.650827884674072,0.06593406593406594,111.1950802335326,0,0.4,0,9,2.302585092994046,0,0.0042,0.00419120461846807,m,NA,decline 5%  disease 60 DHW 6.54 Kirrily,"coral bleaching, coral disease","decline 5%  disease 60 DHW 6.54 Kirrily  coral bleaching, coral disease",0.09635988962854024,0.5532642864376315,0.09570303506741501,0.05294907140648899,joint_compound_rrn_relative_brt,reef_blocked_2024,2,0.04341081822205125,0.04341081822205125
mmp,4156652,20-035a,Daydream Reef (No 1) (20-035a),2024,Central GBR,2,8.78,0.2598230662382889,0.01538463975342603,5.8287453483906155,5.7756476402282715,0.0989010989010989,26.080562739584575,0.582045224237017,0.1,-0.1913181768069775,0,0,NA,0.0019,0.00189819728308025,NA,NA,NA,NA, ,0,0.10313214663084579,0.13738788806522606,0.014169107817245122,joint_compound_rrn_relative_brt,reef_blocked_2024,2,-0.014169107817245122,0.014169107817245122
mmp,4156671,20-035a,Daydream Reef (No 1) (20-035a),2024,Central GBR,2,8.78,0.3450043885487789,0.0619788555082298,5.8287453483906155,5.7756476402282715,0.0989010989010989,26.080562739584575,0.582045224237017,0.1,-0.1913181768069775,0,0,NA,0.0019,0.00189819728308025,NA,NA,NA,NA, ,0,0.15955654285705995,0.02763580858451826,0.004409474076805193,joint_compound_rrn_relative_brt,reef_blocked_2024,2,-0.004409474076805193,0.004409474076805193
manta,4067796,20-287,Credlin Reefs (East) (20-287),2024,Southern GBR,2,8.14,0.1631631572030451,0.35058914094719495,5.8287453483906155,7.596888065338135,0.01098901098901099,107.88088100039306,0,0.45,0,14.2307692307692,2.7233176732329967,0,0.0261,0.02576520788602641,NA,NA,NA,NA, ,0,0.5257899012933839,0.14995314419866024,0.07884384888684613,joint_compound_rrn_relative_brt,reef_blocked_2024,2,-0.07884384888684613,0.07884384888684613
manta,4049479,20-297,Creal Reef (20-297),2024,Southern GBR,2,8.370000000000001,0.2396430089858636,0.6903771670175208,5.8287453483906155,7.628969192504883,0,158.8083169396554,0,0.35,0,30,3.4339872044851463,0,0.0078,0.00776973726436066,NA,NA,NA,NA, ,0.14353057103012326,0.936100273641431,0.3080799759529728,0.28839374979302335,joint_compound_rrn_relative_brt,reef_blocked_2024,2,-0.14486317876290009,0.14486317876290009
manta,4066856,20-353,U/N Reef (20-353),2024,Southern GBR,2,8.51,0.28257324232113723,0.5957874377747552,5.04829112437769,7.647981643676758,0.01098901098901099,148.29161899510453,0,0.35,0,15.5555555555556,2.8067217286092423,NA,0.0051,0.0050870390485571,b,NA,DHW 8.51,coral bleaching,DHW 8.51  coral bleaching,0.18809007889069235,0.9324061209515365,0.21686359606397929,0.20220494438161582,joint_compound_rrn_relative_brt,reef_blocked_2024,2,-0.014114865490923473,0.014114865490923473
ltmp,4223966,21-025,Penrith Reef (21-025),2024,Southern GBR,2,8.25,0.02455375498852522,0.11074893260389602,5.410388454901543,7.600882530212402,0.01098901098901099,95.56334639855292,0,0.4,0,4,1.6094379124341005,0,0,0,NA,NA,NA,NA, ,0,0.18598584792334025,0.016688219720538133,0.003103772695055293,joint_compound_rrn_relative_brt,reef_blocked_2024,2,-0.003103772695055293,0.003103772695055293
manta,4067168,21-025,Penrith Reef (21-025),2024,Southern GBR,2,8.25,0.02455375498852522,0.363835749390651,5.410388454901543,7.600882530212402,0.01098901098901099,95.56334639855292,0,0.4,0,4,1.6094379124341005,0,0,0,NA,NA,NA,NA, ,0.42094133377513987,0.5383680514885981,0.07567621488206014,0.04074165635008717,joint_compound_rrn_relative_brt,reef_blocked_2024,2,0.3801996774250527,0.3801996774250527
ltmp,4238621,21-305,East Cay Reef (21-305),2024,Southern GBR,2,7.67,0.20939772152775202,0.1774025284140376,5.04829112437769,7.61787748336792,0.03296703296703297,222.5876216694933,0.0429008331167437,1,0.0429008331167437,4,1.6094379124341005,NA,0.0421,0.04123790801624474,b,NA,Aerial bl 5 2024 DHW 7.67,NA,Aerial bl 5 2024 DHW 7.67 ,0.17436133243673674,0.671132072342594,0.15240857149431586,0.1022862804297546,joint_compound_rrn_relative_brt,reef_blocked_2024,2,0.07207505200698214,0.07207505200698214
ltmp,4238622,21-305,East Cay Reef (21-305),2024,Southern GBR,2,7.67,0.21688656916806204,0.21909190697703518,5.04829112437769,7.61787748336792,0.03296703296703297,222.5876216694933,0.0429008331167437,1,0.0429008331167437,4,1.6094379124341005,NA,0.0421,0.04123790801624474,b,NA,DHW 7.67 mass loss of SC,coral bleaching,DHW 7.67 mass loss of SC  coral bleaching,0.19028260394560065,0.6699012445147071,0.1452667697239641,0.09731438982471492,joint_compound_rrn_relative_brt,reef_blocked_2024,2,0.09296821412088573,0.09296821412088573
manta,4284380,21-305,East Cay Reef (21-305),2024,Southern GBR,2,7.67,0.21688656916806204,0.31352435423231356,5.04829112437769,7.61787748336792,0.03296703296703297,222.5876216694933,0.0429008331167437,1,0.0429008331167437,4,1.6094379124341005,NA,0.0421,0.04123790801624474,b,NA,Aerial bl 5 2024 DHW 7.67,coral bleaching,Aerial bl 5 2024 DHW 7.67  coral bleaching,0.2779171356313509,0.7619020985147328,0.1854802601832912,0.1413177994667082,joint_compound_rrn_relative_brt,reef_blocked_2024,2,0.1365993361646427,0.1365993361646427
ltmp,4223356,21-591,U/N Reef (21-591),2024,Southern GBR,2,8.13,0.3441447761193373,0.19995291484269695,5.410388454901543,7.682434558868408,0,117.60569926842686,0,0.35,0,4,1.6094379124341005,0,0,0,NA,NA,NA,NA, ,0,0.6041716845328771,0.11531739848656819,0.06967150689957895,joint_compound_rrn_relative_brt,reef_blocked_2024,2,-0.06967150689957895,0.06967150689957895
manta,4067531,21-591,U/N Reef (21-591),2024,Southern GBR,2,8.13,0.3441447761193373,0.3794207532763258,5.410388454901543,7.682434558868408,0,117.60569926842686,0,0.35,0,4,1.6094379124341005,0,0,0,NA,NA,NA,NA, ,0,0.7831691359931953,0.15977441798751313,0.1251303928890963,joint_compound_rrn_relative_brt,reef_blocked_2024,2,-0.1251303928890963,0.1251303928890963
manta,4284476,22-084,U/N Reef (22-084),2024,Southern GBR,2,8.47,0.10148678379185999,0.15022670123802098,5.293126064302306,7.664971828460693,0.05494505494505494,198.3246302201427,0.0454545468091965,1,0.0454545468091965,0,0,0,0.0144,0.01429730470082442,NA,NA,NA,NA, ,0.2971606639822993,0.3915822266798932,0.10056205972488359,0.03937831526658632,joint_compound_rrn_relative_brt,reef_blocked_2024,2,0.257782348715713,0.257782348715713
ltmp,4186339,22-102,Chinaman Reef (22-102),2024,Southern GBR,2,9.41,0.14325013683013463,0.22135253766117685,5.293126064302306,7.634066581726074,0.05494505494505494,221.91002299353315,0.0454545468091965,1,0.0454545468091965,0,0,0,0.0124,0.01232374968883193,b,NA,decline hc,coral bleaching,decline hc  coral bleaching,0.1549831580635079,0.7747377978764534,0.09908940254426998,0.07676830552004116,joint_compound_rrn_relative_brt,reef_blocked_2024,2,0.07821485254346675,0.07821485254346675
manta,4284635,22-102,Chinaman Reef (22-102),2024,Southern GBR,2,9.41,0.14325013683013463,0.18136489645736498,5.293126064302306,7.634066581726074,0.05494505494505494,221.91002299353315,0.0454545468091965,1,0.0454545468091965,0,0,0,0.0124,0.01232374968883193,b,NA,Aerial bl 3 2024 DHW 9.57,coral bleaching,Aerial bl 3 2024 DHW 9.57  coral bleaching,0,0.7712389815950531,0.13388456516154476,0.1032569956864863,joint_compound_rrn_relative_brt,reef_blocked_2024,2,-0.1032569956864863,0.1032569956864863
ltmp,4182001,22-104a,Horseshoe Reef (No 1) (22-104a),2024,Southern GBR,2,9.08,0.4872440402232475,0.25910214651422714,5.293126064302306,7.664971828460693,0.05494505494505494,198.3246302201427,0.0440845602679131,1,0.0440845602679131,0,0,0.0352941192686558,0.0187,0.01852730461388362,b,NA,hc decline,coral bleaching,hc decline  coral bleaching,0.10896430189600032,0.8615482152969719,0.1210332783768683,0.10427600497713246,joint_compound_rrn_relative_brt,reef_blocked_2024,2,0.004688296918867851,0.004688296918867851
manta,3989230,22-104a,Horseshoe Reef (No 1) (22-104a),2024,Southern GBR,2,9.08,0.4872440402232475,0.13717349711137905,5.293126064302306,7.664971828460693,0.05494505494505494,198.3246302201427,0.0440845602679131,1,0.0440845602679131,0,0,0.0352941192686558,0.0187,0.01852730461388362,b,NA,DHW 9.19,coral bleaching,DHW 9.19  coral bleaching,0.0026179461240754035,0.6965404915688296,0.12956034100493247,0.09024402361140085,joint_compound_rrn_relative_brt,reef_blocked_2024,2,-0.08762607748732545,0.08762607748732545
ltmp,4181617,23-069,Mast Head Reef (23-069),2024,Southern GBR,2,11.08,0.7967591332408196,0.4000561441690104,5.301987044294902,7.857634544372559,0.01098901098901099,58.02948927544897,0.00124849993778155,0.4,-0.04420604687141495,0,0,0,0,0,b,NA,decline in hc,coral bleaching,decline in hc  coral bleaching,0.2019468711406776,0.9622753420314176,0.15147739977575136,0.14576296667924094,joint_compound_rrn_relative_brt,reef_blocked_2024,2,0.05618390446143667,0.05618390446143667
manta,4284513,23-069,Mast Head Reef (23-069),2024,Southern GBR,2,11.08,0.7967591332408196,0.38230377464643,5.301987044294902,7.857634544372559,0.01098901098901099,58.02948927544897,0.00124849993778155,0.4,-0.04420604687141495,0,0,0,0,0,b,NA,DHW 11.17,coral bleaching,DHW 11.17  coral bleaching,0.27324709489204596,0.958696374977963,0.17307304874481158,0.16592450443803516,joint_compound_rrn_relative_brt,reef_blocked_2024,2,0.1073225904540108,0.1073225904540108
ltmp,4240946,11-029,Monsoon Reef (11-029),2024,Northern GBR,3,5.4,0.04414182150574954,0.16594303089337115,6.492034321653199,5.711098670959473,0.14285714285714285,54.52924238766865,0.143377982925101,0.9,0.143377982925101,0,0,0.0740740746259689,0.0598,0.05808021107652465,NA,NA,NA,NA, ,0.04432306029797992,0.18324455282923235,0.07776183337339067,0.01424943238368825,joint_compound_rrn_relative_brt,reef_blocked_2024,3,0.030073627914291672,0.030073627914291672
ltmp,4241313,12-056,Mantis Reef (12-056),2024,Northern GBR,3,8.73,0.216141422466712,0.193189922320597,6.420027608820439,5.7271037101745605,0.15384615384615383,86.07130881755599,0.058949040699155,0.9,0.01226818083992944,0,0,0,0,0,b,NA,similar hc to prior but slightly lower,coral bleaching,similar hc to prior but slightly lower  coral bleaching,0.11879415194527741,0.2783494736601307,0.16533830504261715,0.04602183018447061,joint_compound_rrn_relative_brt,reef_blocked_2024,3,0.07277232176080681,0.07277232176080681
manta,4285298,12-056,Mantis Reef (12-056),2024,Northern GBR,3,8.73,0.216141422466712,0.42120549680955033,6.420027608820439,5.7271037101745605,0.15384615384615383,86.07130881755599,0.058949040699155,0.9,0.01226818083992944,0,0,0,0,0,b,NA,DHW 8.91,coral bleaching,DHW 8.91  coral bleaching,0.2638245588761013,0.6969637778149921,0.23735096922822113,0.16542502818135094,joint_compound_rrn_relative_brt,reef_blocked_2024,3,0.09839953069475035,0.09839953069475035
ltmp,4173742,14-137,Carter Reef (14-137),2024,Northern GBR,3,8.21,0.18196194788730014,0.37643575381068406,6.662192357426267,5.418431758880615,0.21978021978021975,61.75564549314031,0,0.4,0,0,0,0,0,0,b,NA,DHW 8.21,NA,DHW 8.21 ,0,0.745554175005546,0.20739389464657976,0.1546233840244179,joint_compound_rrn_relative_brt,reef_blocked_2024,3,-0.1546233840244179,0.1546233840244179
manta,3988787,14-137,Carter Reef (14-137),2024,Northern GBR,3,8.21,0.18196194788730014,0.26646593358861137,6.662192357426267,5.418431758880615,0.21978021978021975,61.75564549314031,0,0.4,0,0,0,0,0,0,b,NA,DHW 8.21,coral bleaching,DHW 8.21  coral bleaching,0,0.7683593905319275,0.23305075644027992,0.17906673718145816,joint_compound_rrn_relative_brt,reef_blocked_2024,3,-0.17906673718145816,0.17906673718145816
ltmp,4169991,14-139,No Name Reef (14-139),2024,Northern GBR,3,7.61,0.28556436252650325,0.44282285881471023,6.662192357426267,5.407689571380615,0.2087912087912088,60.49914788861235,0,0.45,0,0,0,0,0,0,b,NA,increase in hc,coral bleaching,increase in hc  coral bleaching,0,0.8681026035987163,0.14873281877528124,0.12911534721939769,joint_compound_rrn_relative_brt,reef_blocked_2024,3,-0.12911534721939769,0.12911534721939769
manta,3988849,14-139,No Name Reef (14-139),2024,Northern GBR,3,7.61,0.28556436252650325,0.2124716767376835,6.662192357426267,5.407689571380615,0.2087912087912088,60.49914788861235,0,0.45,0,0,0,0,0,0,b,NA,DHW 7.98 aerial bl 1,coral bleaching,DHW 7.98 aerial bl 1  coral bleaching,0,0.6158726918717831,0.12773397371220013,0.07866786623361227,joint_compound_rrn_relative_brt,reef_blocked_2024,3,-0.07866786623361227,0.07866786623361227
mmp,4164846,17-009a,Tobias Spit (17-009a),2024,Central GBR,3,6.32,0.2715440227550341,0.3552809499113012,6.845372987621058,2.7769243717193604,0.6153846153846154,26.548377985167942,0.748991096360115,0.8,0.14855903622271094,0,0,NA,1e-4,9.999500033330834e-5,m,NA,clear depth limit to level of mortality,"flood waters at 2.0 m only, Cyclone Jasper at 2.0 m only, crown-of-thorns starfish at 5.0 m only","clear depth limit to level of mortality  flood waters at 2.0 m only, Cyclone Jasper at 2.0 m only, crown-of-thorns starfish at 5.0 m only",0.5493500371623812,0.7895365981539154,0.31298960168098827,0.2471167453687565,joint_compound_rrn_relative_brt,reef_blocked_2024,3,0.3022332917936247,0.3022332917936247
mmp,4164863,17-009a,Tobias Spit (17-009a),2024,Central GBR,3,6.32,0.2715440227550341,0.4636944779061943,6.845372987621058,2.7769243717193604,0.6153846153846154,26.548377985167942,0.748991096360115,0.8,0.14855903622271094,0,0,NA,1e-4,9.999500033330834e-5,m,NA,clear depth limit to level of mortality,"flood waters at 2.0 m only, Cyclone Jasper at 2.0 m only, crown-of-thorns starfish at 5.0 m only","clear depth limit to level of mortality  flood waters at 2.0 m only, Cyclone Jasper at 2.0 m only, crown-of-thorns starfish at 5.0 m only",0,0.904664297896759,0.4023276065220924,0.3639714216787922,joint_compound_rrn_relative_brt,reef_blocked_2024,3,-0.3639714216787922,0.3639714216787922
mmp,4164883,17-009a,Tobias Spit (17-009a),2024,Central GBR,3,6.32,0.22859264013099512,0.36068740498006996,6.845372987621058,2.7769243717193604,0.6153846153846154,26.548377985167942,0.748991096360115,0.8,0.14855903622271094,0,0,NA,1e-4,9.999500033330834e-5,m,NA,clear depth limit to level of mortality,"flood waters at 2.0 m only, Cyclone Jasper at 2.0 m only, crown-of-thorns starfish at 5.0 m only","clear depth limit to level of mortality  flood waters at 2.0 m only, Cyclone Jasper at 2.0 m only, crown-of-thorns starfish at 5.0 m only",0.07674865937178825,0.7611748130429323,0.2601769475828565,0.19804013943446158,joint_compound_rrn_relative_brt,reef_blocked_2024,3,-0.12129148006267333,0.12129148006267333
mmp,4164900,17-009a,Tobias Spit (17-009a),2024,Central GBR,3,6.32,0.22859264013099512,0.16238442810370077,6.845372987621058,2.7769243717193604,0.6153846153846154,26.548377985167942,0.748991096360115,0.8,0.14855903622271094,0,0,NA,1e-4,9.999500033330834e-5,m,NA,clear depth limit to level of mortality,"flood waters at 2.0 m only, Cyclone Jasper at 2.0 m only, crown-of-thorns starfish at 5.0 m only","clear depth limit to level of mortality  flood waters at 2.0 m only, Cyclone Jasper at 2.0 m only, crown-of-thorns starfish at 5.0 m only",0,0.4263274119519679,0.23070152686273007,0.09835438488075511,joint_compound_rrn_relative_brt,reef_blocked_2024,3,-0.09835438488075511,0.09835438488075511
ltmp,3753785,17-024,Peart Reef (17-024),2024,Central GBR,3,5.4,0.32131913917438787,0.29076822596685753,6.866384143143859,5.830949306488037,0.12087912087912088,53.02430121520352,0.0632850722604437,0.7,0.01779391253058185,8.526512829121199e-13,8.526512829117565e-13,0,0,0,b,NA,NA,coral bleaching,  coral bleaching,0.09176739690951513,0.6187180774791212,0.2962299642457949,0.18328283396986703,joint_compound_rrn_relative_brt,reef_blocked_2024,3,-0.0915154370603519,0.0915154370603519
manta,4067477,17-024,Peart Reef (17-024),2024,Central GBR,3,5.4,0.32131913917438787,0.1935746109136898,6.866384143143859,5.830949306488037,0.12087912087912088,53.02430121520352,0.0632850722604437,0.7,0.01779391253058185,8.526512829121199e-13,8.526512829117565e-13,0,0,0,b,NA,DHW 5.4,coral bleaching,DHW 5.4  coral bleaching,0.16297797479960072,0.4129080023548821,0.31893421287091034,0.13169048871915431,joint_compound_rrn_relative_brt,reef_blocked_2024,3,0.0312874860804464,0.0312874860804464
ltmp,4239584,18-032,Rib Reef (18-032),2024,Central GBR,3,6.7,0.25835783163767373,0.1740384528498136,6.212002270133139,6.034452438354492,0.12087912087912088,59.56981330964312,0.0708951209808588,1,0.0708951209808588,7,2.0794415416798357,0,7e-4,6.997551142733419e-4,b,NA,DHW 6.7,NA,DHW 6.7 ,0,0.07037053493754636,0.18024655042969032,0.012684046174384733,joint_compound_rrn_relative_brt,reef_blocked_2024,3,-0.012684046174384733,0.012684046174384733
manta,4068045,18-032,Rib Reef (18-032),2024,Central GBR,3,6.7,0.25835783163767373,0.22653613954286794,6.212002270133139,6.034452438354492,0.12087912087912088,59.56981330964312,0.0708951209808588,1,0.0708951209808588,7,2.0794415416798357,0,7e-4,6.997551142733419e-4,b,NA,DHW 6.7,coral bleaching,DHW 6.7  coral bleaching,0,0.09924916964713133,0.22244925012412234,0.02207790336344617,joint_compound_rrn_relative_brt,reef_blocked_2024,3,-0.02207790336344617,0.02207790336344617
ltmp,4225908,18-065,Havannah Reef (18-065),2024,Central GBR,3,6.92,0.42131306586001627,0.1842318417004947,6.212002270133139,4.9304327964782715,0.2087912087912088,26.32349077361211,0.479253770957126,0.6,0.03043883859427348,0,0,NA,0.0107,0.01064316009847982,NA,NA,NA,NA, ,0,0.1666504286149782,0.06628881967599337,0.011047060211385296,joint_compound_rrn_relative_brt,reef_blocked_2024,3,-0.011047060211385296,0.011047060211385296
mmp,4148236,18-065,Havannah Reef (18-065),2024,Central GBR,3,6.92,0.22901103363301673,0.2898412964040436,6.212002270133139,4.9304327964782715,0.2087912087912088,26.32349077361211,0.479253770957126,0.6,0.03043883859427348,0,0,NA,0.0107,0.01064316009847982,NA,NA,NA,NA, ,0,0.16180500398690736,0.13371468694391972,0.021635705454069,joint_compound_rrn_relative_brt,reef_blocked_2024,3,-0.021635705454069,0.021635705454069
mmp,4148253,18-065,Havannah Reef (18-065),2024,Central GBR,3,6.92,0.2126580124355757,0.3493907363963273,6.212002270133139,4.9304327964782715,0.2087912087912088,26.32349077361211,0.479253770957126,0.6,0.03043883859427348,0,0,NA,0.0107,0.01064316009847982,NA,NA,NA,NA, ,0.0028424062617554992,0.12123433905663371,0.057312827213483845,0.006948282726693763,joint_compound_rrn_relative_brt,reef_blocked_2024,3,-0.004105876464938265,0.004105876464938265
ltmp,4231590,19-138,U/N Reef (19-138),2024,Central GBR,3,5.78,0.2237363080890812,0.5036509690708734,5.8287453483906155,7.3713226318359375,0.01098901098901099,76.29258334678795,0,0.45,0,21,3.091042453358316,0,0.0064,0.00637960696403902,NA,NA,NA,NA, ,0,0.5227525053409168,0.13649433001159395,0.07135275297839062,joint_compound_rrn_relative_brt,reef_blocked_2024,3,-0.07135275297839062,0.07135275297839062
ltmp,4231591,19-138,U/N Reef (19-138),2024,Central GBR,3,5.78,0.19822604048299736,0.434265841284731,5.8287453483906155,7.3713226318359375,0.01098901098901099,76.29258334678795,0,0.45,0,21,3.091042453358316,0,0.0064,0.00637960696403902,NA,NA,NA,NA, ,0,0.5150622701725684,0.10992562066023294,0.05661853972738817,joint_compound_rrn_relative_brt,reef_blocked_2024,3,-0.05661853972738817,0.05661853972738817
manta,4067379,19-138,U/N Reef (19-138),2024,Central GBR,3,5.78,0.2237363080890812,0.38075191515937695,5.8287453483906155,7.3713226318359375,0.01098901098901099,76.29258334678795,0,0.45,0,21,3.091042453358316,0,0.0064,0.00637960696403902,NA,NA,NA,NA, ,0.1009258296179353,0.40720908808828393,0.12836718869651872,0.05227228584956606,joint_compound_rrn_relative_brt,reef_blocked_2024,3,0.04865354376836924,0.04865354376836924
manta,4067380,19-138,U/N Reef (19-138),2024,Central GBR,3,5.78,0.19822604048299736,0.20120109576445824,5.8287453483906155,7.3713226318359375,0.01098901098901099,76.29258334678795,0,0.45,0,21,3.091042453358316,0,0.0064,0.00637960696403902,NA,NA,NA,NA, ,0,0.2517823423040214,0.12643305703672553,0.03183361124536469,joint_compound_rrn_relative_brt,reef_blocked_2024,3,-0.03183361124536469,0.03183361124536469
ltmp,4233800,20-014,Hayman Island Reef (20-014),2024,Central GBR,3,5.8500000000000005,0.3996552510163357,0.165316693866412,5.8287453483906155,7.831005573272705,0.01098901098901099,27.798770058383298,0.205780518226557,0.3,-0.25473789843137007,12,2.5649493574615367,0,0,0,NA,NA,NA,NA, ,0.010111474745115426,0.3273293733954032,0.0852173578036345,0.027894144332275553,joint_compound_rrn_relative_brt,reef_blocked_2024,3,-0.017782669587160127,0.017782669587160127
ltmp,4233801,20-014,Hayman Island Reef (20-014),2024,Central GBR,3,5.8500000000000005,0.14030141659542145,0.13633728561380234,5.8287453483906155,7.831005573272705,0.01098901098901099,27.798770058383298,0.205780518226557,0.3,-0.25473789843137007,12,2.5649493574615367,0,0,0,b,NA,DHW 5.85,NA,DHW 5.85 ,0,0.24911666861412504,0.0552788434546138,0.01377088132625512,joint_compound_rrn_relative_brt,reef_blocked_2024,3,-0.01377088132625512,0.01377088132625512
manta,4067315,20-014,Hayman Island Reef (20-014),2024,Central GBR,3,5.8500000000000005,0.14030141659542145,0.15508503949186497,5.8287453483906155,7.831005573272705,0.01098901098901099,27.798770058383298,0.205780518226557,0.3,-0.25473789843137007,12,2.5649493574615367,0,0,0,b,NA,DHW 5.85,coral bleaching,DHW 5.85  coral bleaching,0,0.25171982648345426,0.11022609982211386,0.027746094721170407,joint_compound_rrn_relative_brt,reef_blocked_2024,3,-0.027746094721170407,0.027746094721170407
mmp,4145380,20-058a,Dent Reef (No 1) (20-058a),2024,Central GBR,3,8.46,0.04684196083012745,0.20211926077969242,5.8287453483906155,6.882554054260254,0.03296703296703297,0,0.32629943114293,0,-0.3402678693695566,0,0,NA,0.0033,0.00329456694943003,NA,NA,NA,NA, ,0,0.21075934244354794,0.052120538694414374,0.01098489046303827,joint_compound_rrn_relative_brt,reef_blocked_2024,3,-0.01098489046303827,0.01098489046303827
mmp,4145395,20-058a,Dent Reef (No 1) (20-058a),2024,Central GBR,3,8.46,0.05247557858289701,0.27591806105767913,5.8287453483906155,6.882554054260254,0.03296703296703297,0,0.32629943114293,0,-0.3402678693695566,0,0,NA,0.0033,0.00329456694943003,NA,NA,NA,NA, ,0,0.3158148391895183,0,0,joint_compound_rrn_relative_brt,reef_blocked_2024,3,0,0
manta,4066466,20-348,U/N Reef (20-348),2024,Southern GBR,3,8.39,0.2769734684349537,0.2718157702712433,5.04829112437769,7.647981643676758,0.01098901098901099,148.29161899510453,0,0.35,0,18.0714285714286,2.948191328784993,NA,0.0303,0.0298500219688853,b,NA,Aerial bl 3 2024 DHW 8.39 2024,coral bleaching,Aerial bl 3 2024 DHW 8.39 2024  coral bleaching,0.3195506149689588,0.9194632472195121,0.17666608418188384,0.1624379714354306,joint_compound_rrn_relative_brt,reef_blocked_2024,3,0.15711264353352822,0.15711264353352822
ltmp,4224277,21-060,U/N Reef (21-060),2024,Southern GBR,3,8.99,0.4194754038758102,0.14667581543441732,5.04829112437769,7.65802526473999,0.01098901098901099,138.99385029191623,0,0.4,0,1,0.6931471805599453,0,0,0,NA,NA,NA,NA, ,0,0.5155569716078714,0.04442946010648995,0.022905917902674697,joint_compound_rrn_relative_brt,reef_blocked_2024,3,-0.022905917902674697,0.022905917902674697
manta,4067141,21-060,U/N Reef (21-060),2024,Southern GBR,3,8.99,0.4194754038758102,0.4183772154643925,5.04829112437769,7.65802526473999,0.01098901098901099,138.99385029191623,0,0.4,0,1,0.6931471805599453,0,0,0,NA,NA,NA,NA, ,0.3164588026273036,0.8238649394775615,0.08881644458998007,0.07317275474673612,joint_compound_rrn_relative_brt,reef_blocked_2024,3,0.24328604788056746,0.24328604788056746
manta,4066917,21-062,U/N Reef (21-062),2024,Southern GBR,3,8.21,0.28973125972355407,0.34548973298955477,5.04829112437769,7.64576530456543,0.01098901098901099,141.37563195977037,0,0.35,0,9.16666666666667,2.3191143949452564,0,0,0,b,NA,Aerial bl 4 2024 DHW 8.21 2024,coral bleaching,Aerial bl 4 2024 DHW 8.21 2024  coral bleaching,0.21636311448365322,0.5790660284659126,0.11941553211773523,0.06914947792056057,joint_compound_rrn_relative_brt,reef_blocked_2024,3,0.14721363656309266,0.14721363656309266
ltmp,4183353,21-529,U/N Reef (21-529),2024,Southern GBR,3,7.19,0.38615538690823586,0.24402387862104383,5.04829112437769,7.627993583679199,0.04395604395604396,188.7922667774775,0,0.5,0,0,0,0,0,0,b,NA,Aerial bl 5 2024 DHW 7.19 2024,coral bleaching,Aerial bl 5 2024 DHW 7.19 2024  coral bleaching,0.07120233399391916,0.722488953663055,0.19244689884330268,0.13904075858099754,joint_compound_rrn_relative_brt,reef_blocked_2024,3,-0.06783842458707838,0.06783842458707838
manta,3989168,21-529,U/N Reef (21-529),2024,Southern GBR,3,7.19,0.38615538690823586,0.6491509096157588,5.04829112437769,7.627993583679199,0.04395604395604396,188.7922667774775,0,0.5,0,0,0,0,0,0,b,NA,Aerial bl 5 2024 DHW 7.19 2024,coral bleaching,Aerial bl 5 2024 DHW 7.19 2024  coral bleaching,0.3674510897264907,0.8714165621518013,0.21927020153696777,0.19107568520567708,joint_compound_rrn_relative_brt,reef_blocked_2024,3,0.17637540452081363,0.17637540452081363
manta,4284672,22-088a,U/N Reef (22-088a),2024,Southern GBR,3,7.58,0.2864416104796866,0.29321535546036537,5.293126064302306,7.698933601379395,0.05494505494505494,175.33603223489754,0,0.5,0,0,0,0.0918367356061935,0.1239,0.11680477954208436,b,NA,DHW 7.58,coral bleaching,DHW 7.58  coral bleaching,0.3397865462448271,0.8387737340999037,0.20155999258831167,0.1690632276284471,joint_compound_rrn_relative_brt,reef_blocked_2024,3,0.17072331861638002,0.17072331861638002
mmp,4143649,23-004b,North Keppel (Ko-no-mie) Island Reef (No 2) (23-004b),2024,Southern GBR,3,12.41,0.9702392451266665,0.17797019321167112,5.3548966285573405,7.717053890228272,0,25.58889965967512,0.874654366947519,0.1,-0.09219169675271,0,0,NA,NA,NA,b,NA,further decline as a result of bleaching in 2024,coral bleaching,further decline as a result of bleaching in 2024  coral bleaching,0.649764667289415,0.9470449094746564,0.30022373003531944,0.28432535523344277,joint_compound_rrn_relative_brt,reef_blocked_2024,3,0.3654393120559722,0.3654393120559722
mmp,4143650,23-004b,North Keppel (Ko-no-mie) Island Reef (No 2) (23-004b),2024,Southern GBR,3,12.41,0.9831720862579035,0.4840089198869416,5.3548966285573405,7.717053890228272,0,25.58889965967512,0.874654366947519,0.1,-0.09219169675271,0,0,NA,NA,NA,b,NA,bleaching still evident at time of surveys,coral bleaching,bleaching still evident at time of surveys  coral bleaching,0.6322997657703442,0.9785309537510665,0.34622278467296624,0.3387897116963878,joint_compound_rrn_relative_brt,reef_blocked_2024,3,0.2935100540739564,0.2935100540739564
mmp,4143665,23-004b,North Keppel (Ko-no-mie) Island Reef (No 2) (23-004b),2024,Southern GBR,3,12.41,0.8174194259823503,0.19953314021729673,5.3548966285573405,7.717053890228272,0,25.58889965967512,0.874654366947519,0.1,-0.09219169675271,0,0,NA,NA,NA,b,NA,further decline as a result of bleaching in 2024,coral bleaching,further decline as a result of bleaching in 2024  coral bleaching,0.2382175190368768,0.9426553990060523,0.19835285904561906,0.18697839348763928,joint_compound_rrn_relative_brt,reef_blocked_2024,3,0.05123912554923751,0.05123912554923751
mmp,4143666,23-004b,North Keppel (Ko-no-mie) Island Reef (No 2) (23-004b),2024,Southern GBR,3,12.41,0.855313419480824,0.26841942818408787,5.3548966285573405,7.717053890228272,0,25.58889965967512,0.874654366947519,0.1,-0.09219169675271,0,0,NA,NA,NA,b,NA,bleaching still evident at time of surveys,coral bleaching,bleaching still evident at time of surveys  coral bleaching,0.25663674359498084,0.965032099484652,0.24378234071511998,0.23525778407759498,joint_compound_rrn_relative_brt,reef_blocked_2024,3,0.02137895951738586,0.02137895951738586
mmp,4155453,23-016,Humpy (Bur-ye-Bur-ye) Reef (23-016),2024,Southern GBR,3,12.47,0.7075329405300055,0.22997353185720512,5.455125136460727,7.59745454788208,0,25.541262425425487,0.742819670261997,0.3,-0.06790996624503798,0,0,NA,0,0,b,NA,further decline as a result of bleaching in 2024,coral bleaching,further decline as a result of bleaching in 2024  coral bleaching,0.6554932597858075,0.9348283100858542,0.268123126003396,0.25064908877669123,joint_compound_rrn_relative_brt,reef_blocked_2024,3,0.4048441710091163,0.4048441710091163
mmp,4155454,23-016,Humpy (Bur-ye-Bur-ye) Reef (23-016),2024,Southern GBR,3,12.47,0.8806702661451502,0.49687349743235776,5.455125136460727,7.59745454788208,0,25.541262425425487,0.742819670261997,0.3,-0.06790996624503798,0,0,NA,0,0,b,NA,bleaching still evident at time of surveys,coral bleaching,bleaching still evident at time of surveys  coral bleaching,0.5371587878089377,0.9678415243650806,0.35028258666393236,0.3390180326353638,joint_compound_rrn_relative_brt,reef_blocked_2024,3,0.19814075517357388,0.19814075517357388
mmp,4155473,23-016,Humpy (Bur-ye-Bur-ye) Reef (23-016),2024,Southern GBR,3,12.47,0.7596478225945502,0.13594107109759657,5.455125136460727,7.59745454788208,0,25.541262425425487,0.742819670261997,0.3,-0.06790996624503798,0,0,NA,0,0,b,NA,further decline as a result of bleaching in 2024,coral bleaching,further decline as a result of bleaching in 2024  coral bleaching,0.5474064906348262,0.8804500883324071,0.1649740920247877,0.14525145389578298,joint_compound_rrn_relative_brt,reef_blocked_2024,3,0.4021550367390432,0.4021550367390432
mmp,4155474,23-016,Humpy (Bur-ye-Bur-ye) Reef (23-016),2024,Southern GBR,3,12.47,0.901484765985602,0.27456883183503955,5.455125136460727,7.59745454788208,0,25.541262425425487,0.742819670261997,0.3,-0.06790996624503798,0,0,NA,0,0,b,NA,bleaching still evident at time of surveys,coral bleaching,bleaching still evident at time of surveys  coral bleaching,0.5048925612238839,0.9471739477367425,0.24210338130952916,0.2293140154353606,joint_compound_rrn_relative_brt,reef_blocked_2024,3,0.27557854578852337,0.27557854578852337
ltmp,4182299,23-051,Wreck Island Reef (23-051),2024,Southern GBR,3,11.64,0.9797631868153628,0.6697295842357892,5.301987044294902,7.902797222137451,0.03296703296703297,94.55219552218418,0.0454611954935722,0.9,0.0454611954935722,0,0,0,0,0,b,NA,big hc decline,coral bleaching,big hc decline  coral bleaching,0.5446213063879788,0.9637731171764597,0.6106201649401989,0.5884992997752195,joint_compound_rrn_relative_brt,reef_blocked_2024,3,-0.043877993387240743,0.043877993387240743
manta,4284526,23-051,Wreck Island Reef (23-051),2024,Southern GBR,3,11.64,0.9797631868153628,0.5789666427911073,5.301987044294902,7.902797222137451,0.03296703296703297,94.55219552218418,0.0454611954935722,0.9,0.0454611954935722,0,0,0,0,0,m,NA,Aerial bl 5 2024  DHW 11.64,"coral bleaching, unknown storm","Aerial bl 5 2024  DHW 11.64  coral bleaching, unknown storm",0.3704552530009853,0.9612809750997369,0.5679252274260489,0.5459357164038521,joint_compound_rrn_relative_brt,reef_blocked_2024,3,-0.17548046340286677,0.17548046340286677
ltmp,4180873,23-081,Fairfax Islands Reef (23-081),2024,Southern GBR,3,11.26,0.8421051184060283,0.33232469751541616,5.784058808178996,7.760509014129639,0.01098901098901099,75.30452287765046,0.0818748265521753,0.9,0.0818748265521753,0,0,0.00581395346671343,0.0202,0.01999868650668912,m,NA,"Aerial bl 4 2024 DHW 11.46 2024, moderate disease","coral bleaching, coral disease","Aerial bl 4 2024 DHW 11.46 2024, moderate disease  coral bleaching, coral disease",0.17622110261289636,0.9304620678322587,0.523397028516284,0.4870010814505213,joint_compound_rrn_relative_brt,reef_blocked_2024,3,-0.3107799788376249,0.3107799788376249
manta,4284498,23-081,Fairfax Islands Reef (23-081),2024,Southern GBR,3,11.26,0.8421051184060283,0.6500704629813622,5.784058808178996,7.760509014129639,0.01098901098901099,75.30452287765046,0.0818748265521753,0.9,0.0818748265521753,0,0,0.00581395346671343,0.0202,0.01999868650668912,b,NA,Aerial bl 4 2024 DHW 11.46 2024,coral bleaching,Aerial bl 4 2024 DHW 11.46 2024  coral bleaching,0.37356823802927674,0.9594637031436406,0.5377053898566168,0.5159088045521245,joint_compound_rrn_relative_brt,reef_blocked_2024,3,-0.14234056652284777,0.14234056652284777
ltmp,4242160,13-124,U/N Reef (13-124),2024,Northern GBR,4,7.65,0.1774292151097992,0.315898372616265,6.655036804576533,5.196862697601318,0.1868131868131868,54.0042200125233,0.289484885761631,0.8,0.10742366029323452,0,0,0,0,0,b,NA,DHW 7.65,NA,DHW 7.65 ,0,0.8332929704748891,0.2517114363404183,0.20974937049060813,joint_compound_rrn_relative_brt,reef_blocked_2024,4,-0.20974937049060813,0.20974937049060813
manta,4285225,13-124,U/N Reef (13-124),2024,Northern GBR,4,7.65,0.1774292151097992,0.3940946693282352,6.655036804576533,5.196862697601318,0.1868131868131868,54.0042200125233,0.289484885761631,0.8,0.10742366029323452,0,0,0,0,0,b,NA,DHW 7.65,coral bleaching,DHW 7.65  coral bleaching,0.38359369951258004,0.8310982286044355,0.28413697667416504,0.23614573799491836,joint_compound_rrn_relative_brt,reef_blocked_2024,4,0.14744796151766168,0.14744796151766168
manta,4285433,13-127,Rodda Reef (13-127),2024,Northern GBR,4,7.23,0.3284942720325735,0.4008909239757581,6.686516551675772,5.148830890655518,0.17582417582417584,38.723631859261,0.157033639186111,0.8,0.08343184913394575,0,0,0,0,0,b,NA,DHW 7.23,coral bleaching,DHW 7.23  coral bleaching,0.14416255797900124,0.8012598511080137,0.2756730096868487,0.2208857146961824,joint_compound_rrn_relative_brt,reef_blocked_2024,4,-0.07672315671718116,0.07672315671718116
ltmp,4240550,13-130,Davie Reef (13-130),2024,Northern GBR,4,7.03,0.4165932314736618,0.5412236066213202,6.686516551675772,5.385504722595215,0.17582417582417584,27.79877005838321,0.19893148191917,0.9,0.07486658984324951,0,0,0,0,0,b,NA,Aerial bl 2 2024  DHW 7.03,NA,Aerial bl 2 2024  DHW 7.03 ,0.027744635881124392,0.9183743392643161,0.3352623485136123,0.3078963377963916,joint_compound_rrn_relative_brt,reef_blocked_2024,4,-0.28015170191526717,0.28015170191526717
manta,4285380,13-130,Davie Reef (13-130),2024,Northern GBR,4,7.03,0.4165932314736618,0.3531554979789382,6.686516551675772,5.385504722595215,0.17582417582417584,27.79877005838321,0.19893148191917,0.9,0.07486658984324951,0,0,0,0,0,b,NA,Aerial bl 2 2024  DHW 7.03,coral bleaching,Aerial bl 2 2024  DHW 7.03  coral bleaching,7.179161652642996e-4,0.8951163959583439,0.29560192123695755,0.2645981263759877,joint_compound_rrn_relative_brt,reef_blocked_2024,4,-0.2638802102107234,0.2638802102107234
ltmp,4241733,14-045,Sand Bank No 1 Reef (14-045),2024,Northern GBR,4,7.16,0.35876184588002236,0.42214123311310725,6.686516551675772,5.571252822875977,0.2087912087912088,53.88684402433357,0.127170719473362,0.4,-0.00895666424692048,0,0,0,0,0,b,NA,DHW 8.19,NA,DHW 8.19 ,0.010579124127506553,0.8298049233980502,0.2793589727248642,0.23181345096251393,joint_compound_rrn_relative_brt,reef_blocked_2024,4,-0.22123432683500738,0.22123432683500738
manta,4285211,14-045,Sand Bank No 1 Reef (14-045),2024,Northern GBR,4,7.16,0.35876184588002236,0.449334665923309,6.686516551675772,5.571252822875977,0.2087912087912088,53.88684402433357,0.127170719473362,0.4,-0.00895666424692048,0,0,0,0,0,b,NA,DHW 8.19,coral bleaching,DHW 8.19  coral bleaching,0.1631671639396755,0.8290294468698768,0.33397796367245225,0.27687756649010087,joint_compound_rrn_relative_brt,reef_blocked_2024,4,-0.11371040255042536,0.11371040255042536
ltmp,4171456,14-114,MacGillivray Reef (14-114),2024,Northern GBR,4,5.93,0.22238725883456137,0.16676184000596264,6.662192357426267,5.6041412353515625,0.1978021978021978,38.660259476645,0.0434454558104632,0.8,0.0434454558104632,0,0,0,0.0092,0.00915793778476562,b,NA,DHW 6.03,NA,DHW 6.03 ,0,0.5679064883017474,0.21673443875783405,0.12308489400901167,joint_compound_rrn_relative_brt,reef_blocked_2024,4,-0.12308489400901167,0.12308489400901167
manta,4206375,14-114,MacGillivray Reef (14-114),2024,Northern GBR,4,5.93,0.22238725883456137,0.4652605846420815,6.662192357426267,5.6041412353515625,0.1978021978021978,38.660259476645,0.0434454558104632,0.8,0.0434454558104632,0,0,0,0.0092,0.00915793778476562,b,NA,DHW 6.03,coral bleaching,DHW 6.03  coral bleaching,0.3889435143171571,0.6917377175845653,0.3217894142559026,0.2225938749602522,joint_compound_rrn_relative_brt,reef_blocked_2024,4,0.16634963935690492,0.16634963935690492
ltmp,4174485,16-015,Mackay Reef (16-015),2024,Central GBR,4,3.52,0.11108575555250783,0.24202255587051924,6.6724338344427165,5.55191707611084,0.15384615384615383,53.443772818368494,0.0670124787248476,0.8,0.04428520532024935,0,0,0,4e-4,3.999200213269354e-4,m,Jasper,NA,"Cyclone Jasper, flood waters, coral bleaching"," Jasper Cyclone Jasper, flood waters, coral bleaching",0.2553628149610071,0.7018876216087981,0.1420845895563599,0.09972741463097574,joint_compound_rrn_relative_brt,reef_blocked_2024,4,0.15563540033003137,0.15563540033003137
manta,4206192,16-015,Mackay Reef (16-015),2024,Central GBR,4,3.52,0.11108575555250783,0.4251201626271228,6.6724338344427165,5.55191707611084,0.15384615384615383,53.443772818368494,0.0670124787248476,0.8,0.04428520532024935,0,0,0,4e-4,3.999200213269354e-4,m,NA,DHW 4.03,"coral bleaching, Cyclone Jasper, flood waters","DHW 4.03  coral bleaching, Cyclone Jasper, flood waters",0.6125403307582871,0.7345349421414483,0.23369946451399082,0.1716604226452717,joint_compound_rrn_relative_brt,reef_blocked_2024,4,0.44087990811301536,0.44087990811301536
ltmp,4177618,16-019,St Crispin Reef (16-019),2024,Central GBR,4,5.87,0.5909846656384597,0.3897013622185705,6.6724338344427165,5.55191707611084,0.15384615384615383,53.443772818368494,0.0118783666655456,0.5,-0.01084890673905264,28.6666666666667,3.3900240810640314,0.00590551178902388,0.002,0.00199800266267305,m,NA,DHW 6.98,"coral bleaching, Cyclone Jasper","DHW 6.98  coral bleaching, Cyclone Jasper",0.14925263511949396,0.9463565467329995,0.2713265697605442,0.2567716755954989,joint_compound_rrn_relative_brt,reef_blocked_2024,4,-0.10751904047600494,0.10751904047600494
manta,4206488,16-019,St Crispin Reef (16-019),2024,Central GBR,4,5.87,0.5909846656384597,0.2113603665534798,6.6724338344427165,5.55191707611084,0.15384615384615383,53.443772818368494,0.0118783666655456,0.5,-0.01084890673905264,28.6666666666667,3.3900240810640314,0.00590551178902388,0.002,0.00199800266267305,m,NA,DHW 6.98,"coral bleaching, Cyclone Jasper","DHW 6.98  coral bleaching, Cyclone Jasper",0.20745558753288798,0.9402308968627339,0.2950459862792811,0.2774113522951183,joint_compound_rrn_relative_brt,reef_blocked_2024,4,-0.06995576476223034,0.06995576476223034
ltmp,3754965,17-034,Feather Reef (17-034),2024,Central GBR,4,5.54,0.2671748848874488,0.32859426121616114,6.866384143143859,5.830949306488037,0.12087912087912088,53.02430121520352,0.14934229030886,0.9,0.1037885048581075,14,2.70805020110221,0,0,0,b,NA,DHW 5.54,NA,DHW 5.54 ,0,0.7256544415626067,0.2201312300509858,0.15973920481313783,joint_compound_rrn_relative_brt,reef_blocked_2024,4,-0.15973920481313783,0.15973920481313783
manta,4068667,17-034,Feather Reef (17-034),2024,Central GBR,4,5.54,0.2671748848874488,0.1944095826335418,6.866384143143859,5.830949306488037,0.12087912087912088,53.02430121520352,0.14934229030886,0.9,0.1037885048581075,14,2.70805020110221,0,0,0,b,NA,DHW 5.54,coral bleaching,DHW 5.54  coral bleaching,0,0.7231818602370091,0.21059987535160224,0.15230200962245397,joint_compound_rrn_relative_brt,reef_blocked_2024,4,-0.15230200962245397,0.15230200962245397
ltmp,3752581,17-064,Taylor Reef (17-064),2024,Central GBR,4,4.45,0.28264456502362123,0.12589356762072712,6.793622788043911,5.784509181976318,0.14285714285714285,52.950848061604326,0.0653108091876699,0.8,0.04258353578307165,10,2.3978952727983707,0,3e-4,2.9995500899797546e-4,b,NA,Aerial bl 1 2024 DHW 4.6,NA,Aerial bl 1 2024 DHW 4.6 ,0,0.231323213360604,0.15139195022657706,0.03502047240334043,joint_compound_rrn_relative_brt,reef_blocked_2024,4,-0.03502047240334043,0.03502047240334043
manta,4067738,17-064,Taylor Reef (17-064),2024,Central GBR,4,4.45,0.28264456502362123,0.17051530949802596,6.793622788043911,5.784509181976318,0.14285714285714285,52.950848061604326,0.0653108091876699,0.8,0.04258353578307165,10,2.3978952727983707,0,3e-4,2.9995500899797546e-4,b,NA,Aerial bl 1 2024 DHW 4.6,coral bleaching,Aerial bl 1 2024 DHW 4.6  coral bleaching,0,0.5171664394189117,0.18706037789450278,0.0967413495920561,joint_compound_rrn_relative_brt,reef_blocked_2024,4,-0.0967413495920561,0.0967413495920561
ltmp,4222718,18-076,Helix Reef (18-076),2024,Central GBR,4,6.11,0.5054491943511117,0.3220764384215993,6.096021794618455,6.48448371887207,0.08791208791208792,98.60262415600752,0,0.5,0,1,0.6931471805599453,0,0.0257,0.02537530633122824,m,Kirrily,70 phys,"Cyclone Kirrily, coral bleaching","70 phys Kirrily Cyclone Kirrily, coral bleaching",0.106430452853776,0.2943769916885925,0.2326033823780626,0.06847308396104544,joint_compound_rrn_relative_brt,reef_blocked_2024,4,0.03795736889273056,0.03795736889273056
manta,4067887,18-076,Helix Reef (18-076),2024,Central GBR,4,6.11,0.5054491943511117,0.5352957990953865,6.096021794618455,6.48448371887207,0.08791208791208792,98.60262415600752,0,0.5,0,1,0.6931471805599453,0,0.0257,0.02537530633122824,m,Kirrily,Cyclone Kirrily and DHW 6.11,"Cyclone Kirrily, coral bleaching","Cyclone Kirrily and DHW 6.11 Kirrily Cyclone Kirrily, coral bleaching",0.1797052706947009,0.3289390003097664,0.27165645224851354,0.08935840183032384,joint_compound_rrn_relative_brt,reef_blocked_2024,4,0.09034686886437707,0.09034686886437707
ltmp,4237691,18-086,Chicken Reef (18-086),2024,Central GBR,4,6.640000000000001,0.43773493291083154,0.4221760679717542,5.947264586791359,6.851525783538818,0.06593406593406594,87.43427334613949,0,0.4,0,6.48529411764706,2.012940311374416,0,0.02,0.01980262729617971,NA,NA,NA,NA, ,0.04517456415014378,0.5761414869848286,0.14486173793940182,0.08346085710361352,joint_compound_rrn_relative_brt,reef_blocked_2024,4,-0.03828629295346974,0.03828629295346974
manta,4066787,18-086,Chicken Reef (18-086),2024,Central GBR,4,6.640000000000001,0.43773493291083154,0.2640352540479171,5.947264586791359,6.851525783538818,0.06593406593406594,87.43427334613949,0,0.4,0,6.48529411764706,2.012940311374416,0,0.02,0.01980262729617971,NA,NA,NA,NA, ,0,0.5223487026778826,0.16074429083896008,0.08396457178260705,joint_compound_rrn_relative_brt,reef_blocked_2024,4,-0.08396457178260705,0.08396457178260705
ltmp,4228737,19-207,Hyde Reef (19-207),2024,Central GBR,4,9.25,0.7162796368719883,0.29518550152676976,5.8287453483906155,7.366249084472656,0.01098901098901099,118.35940764116184,0,0.45,0,33,3.5263605246161616,0,8e-4,7.996801705643322e-4,NA,NA,NA,NA, ,0.015984087725189246,0.8218813099741186,0.27487106156727176,0.2259113881548859,joint_compound_rrn_relative_brt,reef_blocked_2024,4,-0.20992730042969665,0.20992730042969665
ltmp,4228738,19-207,Hyde Reef (19-207),2024,Central GBR,4,9.25,0.7299065476187283,0.3972470019737009,5.8287453483906155,7.366249084472656,0.01098901098901099,118.35940764116184,0,0.45,0,33,3.5263605246161616,0,8e-4,7.996801705643322e-4,b,NA,NA,coral bleaching,  coral bleaching,0.25692201562212913,0.8186614183030948,0.24929338799056047,0.20408687858593594,joint_compound_rrn_relative_brt,reef_blocked_2024,4,0.05283513703619319,0.05283513703619319
manta,4066821,19-207,Hyde Reef (19-207),2024,Central GBR,4,9.25,0.7162796368719883,0.44223878365323005,5.8287453483906155,7.366249084472656,0.01098901098901099,118.35940764116184,0,0.45,0,33,3.5263605246161616,0,8e-4,7.996801705643322e-4,NA,NA,NA,NA, ,0.058365513512148574,0.8036855312589398,0.2341817897264932,0.18820851608750602,joint_compound_rrn_relative_brt,reef_blocked_2024,4,-0.12984300257535744,0.12984300257535744
manta,4066822,19-207,Hyde Reef (19-207),2024,Central GBR,4,9.25,0.7299065476187283,0.548497743028163,5.8287453483906155,7.366249084472656,0.01098901098901099,118.35940764116184,0,0.45,0,33,3.5263605246161616,0,8e-4,7.996801705643322e-4,b,NA,DHW 9.2 to 10.15,coral bleaching,DHW 9.2 to 10.15  coral bleaching,0.1937272499760806,0.8193655163263532,0.2568498575979021,0.21045391618905535,joint_compound_rrn_relative_brt,reef_blocked_2024,4,-0.01672666621297475,0.01672666621297475
mmp,4151714,20-061,Pine Island Reef (20-061),2024,Central GBR,4,9.17,0.054316214592486936,0.06317441071504845,5.8287453483906155,6.957430839538574,0.02197802197802198,27.79877005838312,0.581681122802904,0,-0.26131431948144157,8,2.1972245773362196,NA,0.0028,0.00279608730200127,NA,NA,NA,NA, ,0,0.11785739870656264,0.12721287989640775,0.014992979106560996,joint_compound_rrn_relative_brt,reef_blocked_2024,4,-0.014992979106560996,0.014992979106560996
mmp,4151734,20-061,Pine Island Reef (20-061),2024,Central GBR,4,9.17,0.04014192197989718,0.1528425783149248,5.8287453483906155,6.957430839538574,0.02197802197802198,27.79877005838312,0.581681122802904,0,-0.26131431948144157,8,2.1972245773362196,NA,0.0028,0.00279608730200127,NA,NA,NA,NA, ,0,0.18542133887762471,0.06521808186371054,0.012092824058199744,joint_compound_rrn_relative_brt,reef_blocked_2024,4,-0.012092824058199744,0.012092824058199744
manta,4067753,20-104,U/N Reef (20-104),2024,Central GBR,4,5.5600000000000005,0.3166147337257602,0.3954607791259235,5.8287453483906155,7.423409461975098,0,83.09235604782566,0,0.3,0,26,3.295836866004329,0,0.0038,0.00379279823869623,b,NA,Aerial bl 3 2024 DHW 2024 DHW 2.52 2025,coral bleaching,Aerial bl 3 2024 DHW 2024 DHW 2.52 2025  coral bleaching,0.05916872045396826,0.4729226321855842,0.128490750164324,0.060766183779212404,joint_compound_rrn_relative_brt,reef_blocked_2024,4,-0.0015974633252441445,0.0015974633252441445
manta,4067754,20-104,U/N Reef (20-104),2024,Central GBR,4,5.5600000000000005,0.20685377657459916,0.16222060434747407,5.8287453483906155,7.423409461975098,0,83.09235604782566,0,0.3,0,26,3.295836866004329,0,0.0038,0.00379279823869623,NA,NA,NA,NA, ,0,0.28350395612112983,0.12754222686048497,0.03615872588744612,joint_compound_rrn_relative_brt,reef_blocked_2024,4,-0.03615872588744612,0.03615872588744612
manta,4067591,20-354,U/N Reef (20-354),2024,Southern GBR,4,8.24,0.2798883931931086,0.4883089395562144,5.04829112437769,7.647981643676758,0.01098901098901099,148.29161899510453,0,0.35,0,0,0,NA,0.0216,0.02137002573619248,b,NA,DHW 8.25,coral bleaching,DHW 8.25  coral bleaching,0.14510858480817607,0.8953514646602683,0.24631106536847802,0.2205349731396979,joint_compound_rrn_relative_brt,reef_blocked_2024,4,-0.07542638833152182,0.07542638833152182
manta,4067305,21-064,U/N Reef (21-064),2024,Southern GBR,4,8.82,0.30248149893283544,0.2233901440513016,5.04829112437769,7.64576530456543,0.01098901098901099,141.37563195977037,0,0.4,0,2.66666666666667,1.2992829841302618,0,0,0,b,NA,Aerial bl 3 2024 DHW 8.82 2024,coral bleaching,Aerial bl 3 2024 DHW 8.82 2024  coral bleaching,0,0.6889925276166572,0.15608231399124245,0.10753954803308287,joint_compound_rrn_relative_brt,reef_blocked_2024,4,-0.10753954803308287,0.10753954803308287
ltmp,4223046,21-139,U/N Reef (21-139),2024,Southern GBR,4,8.6,0.161084953587778,0.24029573725924935,5.04829112437769,7.674178123474121,0.03296703296703297,132.67491596944663,0,0.4,0,1,0.6931471805599453,0.00833333345750968,0.0335,0.0329511001396859,NA,NA,NA,NA, ,0.17477970140301632,0.9024023501233113,0.2300184697416272,0.20756920766661216,joint_compound_rrn_relative_brt,reef_blocked_2024,4,-0.032789506263595836,0.032789506263595836
manta,4067086,21-139,U/N Reef (21-139),2024,Southern GBR,4,8.6,0.161084953587778,0.5779862545901678,5.04829112437769,7.674178123474121,0.03296703296703297,132.67491596944663,0,0.4,0,1,0.6931471805599453,0.00833333345750968,0.0335,0.0329511001396859,NA,NA,NA,NA, ,0.21994377052766942,0.9183977111907026,0.26457342794626876,0.2429836306677315,joint_compound_rrn_relative_brt,reef_blocked_2024,4,-0.02303986014006207,0.02303986014006207
ltmp,4224607,21-558,U/N Reef (21-558),2024,Southern GBR,4,7.54,0.07481468055436158,0.1101872950078745,5.04829112437769,7.61787748336792,0.03296703296703297,222.5876216694933,0.0448146287353424,1,0.0448146287353424,2.2,1.1631508098056809,0.0775834644834201,0.0275,0.02712866738825262,NA,NA,NA,NA, ,0.06769401672425976,0.5137561352715992,0.18996805375491202,0.09759725312219102,joint_compound_rrn_relative_brt,reef_blocked_2024,4,-0.029903236397931257,0.029903236397931257
ltmp,4224608,21-558,U/N Reef (21-558),2024,Southern GBR,4,7.54,0.1629579657459985,0.13576658866345692,5.04829112437769,7.61787748336792,0.03296703296703297,222.5876216694933,0.0448146287353424,1,0.0448146287353424,2.2,1.1631508098056809,0.0775834644834201,0.0275,0.02712866738825262,b,NA,NA,coral bleaching,  coral bleaching,0.18840639591371994,0.5917682076528199,0.1916953878458387,0.11343923608084412,joint_compound_rrn_relative_brt,reef_blocked_2024,4,0.07496715983287582,0.07496715983287582
manta,4284588,21-558,U/N Reef (21-558),2024,Southern GBR,4,7.54,0.07481468055436158,0.39090706771087363,5.04829112437769,7.61787748336792,0.03296703296703297,222.5876216694933,0.0448146287353424,1,0.0448146287353424,2.2,1.1631508098056809,0.0775834644834201,0.0275,0.02712866738825262,NA,NA,NA,NA, ,0.25960430422350816,0.7991506740175356,0.19788686401108566,0.15814142075367552,joint_compound_rrn_relative_brt,reef_blocked_2024,4,0.10146288346983265,0.10146288346983265
manta,4284589,21-558,U/N Reef (21-558),2024,Southern GBR,4,7.54,0.1629579657459985,0.36925742040330933,5.04829112437769,7.61787748336792,0.03296703296703297,222.5876216694933,0.0448146287353424,1,0.0448146287353424,2.2,1.1631508098056809,0.0775834644834201,0.0275,0.02712866738825262,b,NA,DHW 7.24 to 8.27,coral bleaching,DHW 7.24 to 8.27  coral bleaching,0,0.8033919082213888,0.19961419810201234,0.16036843152125801,joint_compound_rrn_relative_brt,reef_blocked_2024,4,-0.16036843152125801,0.16036843152125801
mmp,4138915,23-010,Middle (Ba-la-ba) Island Reef (23-010),2024,Southern GBR,4,12.23,0.45895037123979043,0.094141417582425,5.455125136460727,7.59745454788208,0,25.541262425425487,0.88543541568752,0.3,-0.04714947352788246,0,0,NA,NA,NA,b,NA,further decline as a result of bleaching in 2024,coral bleaching,further decline as a result of bleaching in 2024  coral bleaching,0.48766349684223503,0.7472763243182117,0.44444737640625115,0.33212500179373605,joint_compound_rrn_relative_brt,reef_blocked_2024,4,0.15553849504849898,0.15553849504849898
mmp,4138916,23-010,Middle (Ba-la-ba) Island Reef (23-010),2024,Southern GBR,4,12.23,0.7664047472610901,0.19386016389011806,5.455125136460727,7.59745454788208,0,25.541262425425487,0.88543541568752,0.3,-0.04714947352788246,0,0,NA,NA,NA,b,NA,bleaching still evident at time of surveys,coral bleaching,bleaching still evident at time of surveys  coral bleaching,0.5143849272933385,0.9385545668933528,0.4642855718433194,0.4357573437962393,joint_compound_rrn_relative_brt,reef_blocked_2024,4,0.0786275834970992,0.0786275834970992
mmp,4138931,23-010,Middle (Ba-la-ba) Island Reef (23-010),2024,Southern GBR,4,12.23,0.3533715797147019,0.12330852251969322,5.455125136460727,7.59745454788208,0,25.541262425425487,0.88543541568752,0.3,-0.04714947352788246,0,0,NA,NA,NA,b,NA,further decline as a result of bleaching in 2024,coral bleaching,further decline as a result of bleaching in 2024  coral bleaching,0.28856582591991914,0.7863240482929265,0.32636342622715414,0.2566274105256857,joint_compound_rrn_relative_brt,reef_blocked_2024,4,0.03193841539423342,0.03193841539423342
mmp,4138932,23-010,Middle (Ba-la-ba) Island Reef (23-010),2024,Southern GBR,4,12.23,0.48147352484178185,0.2096906034389076,5.455125136460727,7.59745454788208,0,25.541262425425487,0.88543541568752,0.3,-0.04714947352788246,0,0,NA,NA,NA,b,NA,bleaching still evident at time of surveys,coral bleaching,bleaching still evident at time of surveys  coral bleaching,0.41195017565191666,0.9353466450394505,0.3420843780392953,0.31996747531946196,joint_compound_rrn_relative_brt,reef_blocked_2024,4,0.0919827003324547,0.0919827003324547
ltmp,4188168,23-048,Broomfield Reef (23-048),2024,Southern GBR,4,11.6,0.862233938344424,0.5750808079045714,5.301987044294902,7.902797222137451,0.03296703296703297,94.55219552218418,0.0430566355266609,0.7,0.0430566355266609,0,0,0,0,0,m,NA,Aerial bl 5 2024   DHW 11.6,"coral bleaching, unknown storm","Aerial bl 5 2024   DHW 11.6  coral bleaching, unknown storm",0.6883989417687074,0.9394963377244749,0.5088967577466866,0.4781066401828714,joint_compound_rrn_relative_brt,reef_blocked_2024,4,0.210292301585836,0.210292301585836
manta,4284725,23-048,Broomfield Reef (23-048),2024,Southern GBR,4,11.6,0.862233938344424,0.581105916624201,5.301987044294902,7.902797222137451,0.03296703296703297,94.55219552218418,0.0430566355266609,0.7,0.0430566355266609,0,0,0,0,0,m,NA,Aerial bl 5 2024   DHW 11.6,"coral bleaching, unknown storm","Aerial bl 5 2024   DHW 11.6  coral bleaching, unknown storm",0.5712917276690362,0.9315792202933136,0.47529801211388545,0.4427777515320154,joint_compound_rrn_relative_brt,reef_blocked_2024,4,0.12851397613702087,0.12851397613702087
manta,4284550,23-080,Hoskyn Islands Reef (23-080),2024,Southern GBR,4,11.2,0.8814544768695094,0.6184300829752357,5.784058808178996,7.760509014129639,0.01098901098901099,75.30452287765046,0.0454545468091965,0.85,0.0454545468091965,0,0,0.0161290317773819,0.0161,0.01597176950969866,b,NA,DHW 11.48,coral bleaching,DHW 11.48  coral bleaching,0.5478185490121976,0.9246328729600245,0.36339981315567804,0.3360114132712707,joint_compound_rrn_relative_brt,reef_blocked_2024,4,0.2118071357409269,0.2118071357409269
manta,4285342,13-133,Tydeman Reef (13-133),2024,Northern GBR,5,7.18,0.36088278135206137,0.38356413829938735,6.686516551675772,5.385504722595215,0.17582417582417584,27.79877005838321,0.154226945103219,0.9,0.06331785148482759,0,0,0,0,0,b,NA,Aerial bl 3 2024 DHW 7.18,coral bleaching,Aerial bl 3 2024 DHW 7.18  coral bleaching,0.26606508064600476,0.8686917684093111,0.10608072794645267,0.09215145515395098,joint_compound_rrn_relative_brt,reef_blocked_2024,5,0.17391362549205377,0.17391362549205377
ltmp,4242370,14-016,Corbett Reef (14-016),2024,Northern GBR,5,7.49,0.29881445006710233,0.21731972604234384,6.495755978645292,5.167435646057129,0.17582417582417584,53.946045548395595,0.580108750421401,1,0.296049051889948,0,0,0,0,0,b,NA,Aerial bl 3 2024 DHW 6.82,NA,Aerial bl 3 2024 DHW 6.82 ,0.09426476809555026,0.648895764082706,0.15976580520962655,0.1036713542457894,joint_compound_rrn_relative_brt,reef_blocked_2024,5,-0.009406586150239135,0.009406586150239135
manta,4285333,14-016,Corbett Reef (14-016),2024,Northern GBR,5,7.49,0.29881445006710233,0.32459695544892575,6.495755978645292,5.167435646057129,0.17582417582417584,53.946045548395595,0.580108750421401,1,0.296049051889948,0,0,0,0,0,b,NA,Aerial bl 3 2024 DHW 6.82,coral bleaching,Aerial bl 3 2024 DHW 6.82  coral bleaching,0.41992308186246713,0.6995559481237683,0.20162558679831427,0.1410483785387059,joint_compound_rrn_relative_brt,reef_blocked_2024,5,0.27887470332376124,0.27887470332376124
ltmp,4175199,14-126,Linnet Reef (14-126),2024,Northern GBR,5,6.73,0.6343256027311654,0.31732653959228374,6.662192357426267,5.099393844604492,0.2307692307692308,27.798770058382857,0.536864378405265,1,0.39753303003351054,0,0,0.024274891987443,0.0201,0.01990066170633616,b,NA,DHW 6.73,coral bleaching,DHW 6.73  coral bleaching,0.41417830964770835,0.8250417799160027,0.23299217281411982,0.19222827696505831,joint_compound_rrn_relative_brt,reef_blocked_2024,5,0.22195003268265004,0.22195003268265004
manta,4285399,14-126,Linnet Reef (14-126),2024,Northern GBR,5,6.73,0.6343256027311654,0.4278475351183221,6.662192357426267,5.099393844604492,0.2307692307692308,27.798770058382857,0.536864378405265,1,0.39753303003351054,0,0,0.024274891987443,0.0201,0.01990066170633616,b,NA,DHW 6.73,coral bleaching,DHW 6.73  coral bleaching,0.7147170912272767,0.9128868292092872,0.29053118418152696,0.2652220915138936,joint_compound_rrn_relative_brt,reef_blocked_2024,5,0.4494949997133831,0.4494949997133831
ltmp,4172230,14-143,North Direction Reef (14-143),2024,Northern GBR,5,6.23,0.4371273713667701,0.17564623667562165,6.662192357426267,5.6041412353515625,0.1978021978021978,38.660259476645,0.0201384624835262,0.8,0.0201384624835262,0,0,0,0.0092,0.00915793778476562,b,NA,decline in hc and sc,coral bleaching,decline in hc and sc  coral bleaching,0.27692573545021293,0.705827864883008,0.1685956915074412,0.1189995369651715,joint_compound_rrn_relative_brt,reef_blocked_2024,5,0.1579261984850414,0.1579261984850414
mmp,4160180,16-006,Snapper Reef (16-006),2024,Central GBR,5,6.93,0.2276483309360394,0.16863589480805166,6.812168274251864,3.162578821182251,0.5164835164835165,26.688203488870816,0.897197855579998,0.9,0.15894063309421047,0,0,NA,0.001,9.995003330835331e-4,m,Jasper,NA,"Cyclone Jasper, flood waters at 2.0 m only, coral bleaching at 5.0 m only | flood waters, Cyclone Jasper"," Jasper Cyclone Jasper, flood waters at 2.0 m only, coral bleaching at 5.0 m only | flood waters, Cyclone Jasper",0.6942901257684129,0.4570793706001479,0.22272800250837801,0.10180437520155759,joint_compound_rrn_relative_brt,reef_blocked_2024,5,0.5924857505668553,0.5924857505668553
mmp,4160201,16-006,Snapper Reef (16-006),2024,Central GBR,5,6.93,0.2276483309360394,0.5029984341764817,6.812168274251864,3.162578821182251,0.5164835164835165,26.688203488870816,0.897197855579998,0.9,0.15894063309421047,0,0,NA,0.001,9.995003330835331e-4,m,Jasper,NA,"Cyclone Jasper, flood waters at 2.0 m only, coral bleaching at 5.0 m only | flood waters, Cyclone Jasper"," Jasper Cyclone Jasper, flood waters at 2.0 m only, coral bleaching at 5.0 m only | flood waters, Cyclone Jasper",1,0.8362498542024154,0.2896642811829406,0.2422317129068815,joint_compound_rrn_relative_brt,reef_blocked_2024,5,0.7577682870931185,0.7577682870931185
mmp,4160222,16-006,Snapper Reef (16-006),2024,Central GBR,5,6.93,0.13825214405281794,0.3378998441589269,6.812168274251864,3.162578821182251,0.5164835164835165,26.688203488870816,0.897197855579998,0.9,0.15894063309421047,0,0,NA,0.001,9.995003330835331e-4,m,Jasper,NA,"Cyclone Jasper, flood waters at 2.0 m only, coral bleaching at 5.0 m only | flood waters, Cyclone Jasper"," Jasper Cyclone Jasper, flood waters at 2.0 m only, coral bleaching at 5.0 m only | flood waters, Cyclone Jasper",0,0.670648584218454,0.14809488099648593,0.09931962227029371,joint_compound_rrn_relative_brt,reef_blocked_2024,5,-0.09931962227029371,0.09931962227029371
mmp,4160243,16-006,Snapper Reef (16-006),2024,Central GBR,5,6.93,0.13825214405281794,0.5789794313776275,6.812168274251864,3.162578821182251,0.5164835164835165,26.688203488870816,0.897197855579998,0.9,0.15894063309421047,0,0,NA,0.001,9.995003330835331e-4,m,Jasper,NA,"Cyclone Jasper, flood waters at 2.0 m only, coral bleaching at 5.0 m only | flood waters, Cyclone Jasper"," Jasper Cyclone Jasper, flood waters at 2.0 m only, coral bleaching at 5.0 m only | flood waters, Cyclone Jasper",1,0.8287103672056281,0.18010069363701894,0.1492513119579223,joint_compound_rrn_relative_brt,reef_blocked_2024,5,0.8507486880420777,0.8507486880420777
ltmp,4170711,16-028,Low Islands Reef (16-028),2024,Central GBR,5,6.42,0.07365554786941506,0.37695421002497653,6.900914657280194,2.825014591217041,0.6263736263736264,26.65400763146825,0.564896066302209,1,0.289486881626768,0,0,0,1e-4,9.999500033330834e-5,m,Jasper,NA,"Cyclone Jasper, flood waters, coral bleaching"," Jasper Cyclone Jasper, flood waters, coral bleaching",0.17859848813708523,0.6817538711164836,0.20646780108509627,0.14076022265067248,joint_compound_rrn_relative_brt,reef_blocked_2024,5,0.03783826548641275,0.03783826548641275
manta,4206349,16-028,Low Islands Reef (16-028),2024,Central GBR,5,6.42,0.07365554786941506,0.5110399637147486,6.900914657280194,2.825014591217041,0.6263736263736264,26.65400763146825,0.564896066302209,1,0.289486881626768,0,0,0,1e-4,9.999500033330834e-5,m,Jasper,Jasper,"Cyclone Jasper, flood waters, coral bleaching","Jasper Jasper Cyclone Jasper, flood waters, coral bleaching",0.4177050324727606,0.8272435262895799,0.2752974661137103,0.22773804664649183,joint_compound_rrn_relative_brt,reef_blocked_2024,5,0.18996698582626875,0.18996698582626875
ltmp,4178609,16-068,Thetford Reef (16-068),2024,Central GBR,5,7.34,0.1800947025045891,0.22060182847007123,6.977581085825649,6.070464134216309,0.12087912087912088,60.028158717834764,0.0704767616531914,0.8,0.02438038435635965,34,3.5553480614894135,0,0,0,b,NA,Aerial bl 3 2024 DHW 7.63 2024,NA,Aerial bl 3 2024 DHW 7.63 2024 ,0.05542349117761327,0.673149003223463,0.1643621413575095,0.11064021162248146,joint_compound_rrn_relative_brt,reef_blocked_2024,5,-0.05521672044486819,0.05521672044486819
manta,4068550,16-068,Thetford Reef (16-068),2024,Central GBR,5,7.34,0.1800947025045891,0.2945187715384348,6.977581085825649,6.070464134216309,0.12087912087912088,60.028158717834764,0.0704767616531914,0.8,0.02438038435635965,34,3.5553480614894135,0,0,0,b,NA,Aerial bl 3 2024 DHW 7.63 2024,coral bleaching,Aerial bl 3 2024 DHW 7.63 2024  coral bleaching,0.22109938427513848,0.725541901343761,0.2078707295211752,0.15081892433050811,joint_compound_rrn_relative_brt,reef_blocked_2024,5,0.07028045994463036,0.07028045994463036
mmp,4142980,18-001,Richards (Bedarra) Reef (18-001),2024,Central GBR,5,4.12,0.3256942657515102,0.12999759964029725,6.679407263235824,4.47112512588501,0.3076923076923077,26.438199406294544,0.691931621395728,0,-0.2128136208180611,0,0,NA,1e-4,9.999500033330834e-5,NA,NA,NA,NA, ,0,0.22790991107600436,0.15984634409416087,0.0364305660683246,joint_compound_rrn_relative_brt,reef_blocked_2024,5,-0.0364305660683246,0.0364305660683246
mmp,4142991,18-001,Richards (Bedarra) Reef (18-001),2024,Central GBR,5,4.12,0.02206680707521358,0.20138630567665236,6.679407263235824,4.47112512588501,0.3076923076923077,26.438199406294544,0.691931621395728,0,-0.2128136208180611,0,0,NA,1e-4,9.999500033330834e-5,NA,NA,NA,NA, ,0.04904518159865426,0.29135861191054685,0.11555785881671157,0.03366877734019203,joint_compound_rrn_relative_brt,reef_blocked_2024,5,0.015376404258462227,0.015376404258462227
ltmp,4226570,18-030,Kelso Reef (18-030),2024,Central GBR,5,6.72,0.233741827105771,0.17043083147705607,6.212002270133139,6.278666973114014,0.08791208791208792,83.77527323363911,0,0.45,0,7,2.0794415416798357,0.00285714287310839,0.0054,0.00538547227633781,b,NA,Aerial bl 4 2024 DHW6.56 2025 6.48 2024,NA,Aerial bl 4 2024 DHW6.56 2025 6.48 2024 ,0,0.18697432886153445,0.14276062480578688,0.02669257201091533,joint_compound_rrn_relative_brt,reef_blocked_2024,5,-0.02669257201091533,0.02669257201091533
manta,4066150,18-030,Kelso Reef (18-030),2024,Central GBR,5,6.72,0.233741827105771,0.2793191849642483,6.212002270133139,6.278666973114014,0.08791208791208792,83.77527323363911,0,0.45,0,7,2.0794415416798357,0.00285714287310839,0.0054,0.00538547227633781,b,NA,Aerial bl 4 2024 DHW6.56 2025 6.48 2024,coral bleaching,Aerial bl 4 2024 DHW6.56 2025 6.48 2024  coral bleaching,0,0.33159812870878363,0.20176025877848816,0.06690332425874661,joint_compound_rrn_relative_brt,reef_blocked_2024,5,-0.06690332425874661,0.06690332425874661
ltmp,4234580,18-096,Davies Reef (18-096),2024,Central GBR,5,4.2700000000000005,0.30933731156813715,0.3628169523067178,5.947264586791359,6.851525783538818,0.06593406593406594,87.43427334613949,0,0.45,0,4.09523809523809,1.628306396738482,0.0175088650236527,0.0364,0.03575316970581786,m,Kirrily,DHW 4.27,NA,DHW 4.27 Kirrily,0,0.27665461611220926,0.09084766396051806,0.02513342559768811,joint_compound_rrn_relative_brt,reef_blocked_2024,5,-0.02513342559768811,0.02513342559768811
manta,4068156,18-096,Davies Reef (18-096),2024,Central GBR,5,4.2700000000000005,0.30933731156813715,0.49040533998214814,5.947264586791359,6.851525783538818,0.06593406593406594,87.43427334613949,0,0.45,0,4.09523809523809,1.628306396738482,0.0175088650236527,0.0364,0.03575316970581786,m,Kirrily,DHW 4.27,"Cyclone Kirrily, coral bleaching","DHW 4.27 Kirrily Cyclone Kirrily, coral bleaching",0,0.531705349474092,0.13510682452939737,0.07183702135273805,joint_compound_rrn_relative_brt,reef_blocked_2024,5,-0.07183702135273805,0.07183702135273805
manta,4066204,19-098,Wansfell Reef (19-098),2024,Central GBR,5,3.37,0.18775765340217163,0.3150152243884395,5.8287453483906155,7.429059028625488,0.04395604395604396,83.39631017514978,0,0.45,0,17.6666666666667,2.9267394020670414,0,0,0,b,NA,Aerial bl 3 2024 DHW 3.37 2024 DHW 2.61 2025,coral bleaching,Aerial bl 3 2024 DHW 3.37 2024 DHW 2.61 2025  coral bleaching,0.19912105097139948,0.39939622459841834,0.11758476140788138,0.046962909776613625,joint_compound_rrn_relative_brt,reef_blocked_2024,5,0.15215814119478585,0.15215814119478585
ltmp,4233078,19-131a,U/N Reef (19-131a),2024,Central GBR,5,5.82,0.15580743050357476,0.4562967207282716,5.8287453483906155,7.407030582427979,0.02197802197802198,61.428452679898,0,0.45,0,18.8,2.9856819377004897,0.00555555569007993,0.0064,0.00637960696403902,NA,NA,NA,NA, ,0,0.5643627510275054,0.13485836582164493,0.07610903833417725,joint_compound_rrn_relative_brt,reef_blocked_2024,5,-0.07610903833417725,0.07610903833417725
ltmp,4233079,19-131a,U/N Reef (19-131a),2024,Central GBR,5,5.82,0.1289236137275135,0.43353725981687835,5.8287453483906155,7.407030582427979,0.02197802197802198,61.428452679898,0,0.45,0,18.8,2.9856819377004897,0.00555555569007993,0.0064,0.00637960696403902,NA,NA,NA,NA, ,0,0.5541142623514977,0.1316510237674709,0.07294970992273163,joint_compound_rrn_relative_brt,reef_blocked_2024,5,-0.07294970992273163,0.07294970992273163
manta,4067674,19-131a,U/N Reef (19-131a),2024,Central GBR,5,5.82,0.15580743050357476,0.29052989579115857,5.8287453483906155,7.407030582427979,0.02197802197802198,61.428452679898,0,0.45,0,18.8,2.9856819377004897,0.00555555569007993,0.0064,0.00637960696403902,NA,NA,NA,NA, ,0.021280260466417084,0.4010166997923739,0.1557665650672786,0.06246499386127414,joint_compound_rrn_relative_brt,reef_blocked_2024,5,-0.04118473339485705,0.04118473339485705
manta,4067675,19-131a,U/N Reef (19-131a),2024,Central GBR,5,5.82,0.1289236137275135,0.256479474775485,5.8287453483906155,7.407030582427979,0.02197802197802198,61.428452679898,0,0.45,0,18.8,2.9856819377004897,0.00555555569007993,0.0064,0.00637960696403902,NA,NA,NA,NA, ,0,0.37477380416307216,0.15288936901746686,0.05729893044276779,joint_compound_rrn_relative_brt,reef_blocked_2024,5,-0.05729893044276779,0.05729893044276779
manta,4067702,19-135,Hardy Reef (19-135),2024,Central GBR,5,5.28,0.1732226800728372,0.43699201717370284,5.8287453483906155,7.407030582427979,0.02197802197802198,61.428452679898,0,0.4,0,16.875,2.883403088580071,0,0,0,NA,NA,NA,NA, ,0,0.5546685667716649,0.16087465508357388,0.08923211436509185,joint_compound_rrn_relative_brt,reef_blocked_2024,5,-0.08923211436509185,0.08923211436509185
ltmp,4228045,19-209,Rebe Reef (19-209),2024,Central GBR,5,11.14,0.6402774310653515,0.34370121589495445,5.8287453483906155,7.324434280395508,0.01098901098901099,141.95146623793426,0,0.45,0,33,3.5263605246161616,0,5e-4,4.99875041651048e-4,b,NA,Aerial bl 4,coral bleaching,Aerial bl 4  coral bleaching,0.3688870700792086,0.8385216972767443,0.208184421910241,0.1745671548067531,joint_compound_rrn_relative_brt,reef_blocked_2024,5,0.1943199152724555,0.1943199152724555
manta,4067239,19-209,Rebe Reef (19-209),2024,Central GBR,5,11.14,0.6402774310653515,0.46618035867601393,5.8287453483906155,7.324434280395508,0.01098901098901099,141.95146623793426,0,0.45,0,33,3.5263605246161616,0,5e-4,4.99875041651048e-4,b,NA,Aerial bl 4,NA,Aerial bl 4 ,0,0.8776923422508858,0.2355805286183258,0.2067672259517202,joint_compound_rrn_relative_brt,reef_blocked_2024,5,-0.2067672259517202,0.2067672259517202
manta,4067240,19-209,Rebe Reef (19-209),2024,Central GBR,5,11.14,0.6402774310653515,0.6158185078470628,5.8287453483906155,7.324434280395508,0.01098901098901099,141.95146623793426,0,0.45,0,33,3.5263605246161616,0,5e-4,4.99875041651048e-4,b,NA,DHW 9.3 to 11.1,coral bleaching,DHW 9.3 to 11.1  coral bleaching,0.2429906656982307,0.8795723658579271,0.24147053632648935,0.21239081092167275,joint_compound_rrn_relative_brt,reef_blocked_2024,5,0.03059985477655794,0.03059985477655794
ltmp,4225567,20-351a,Pompey Reef (No 1) (20-351a),2024,Southern GBR,5,8.63,0.22497349239822226,0.2705389010800665,5.04829112437769,7.65802526473999,0.01098901098901099,138.99385029191623,0,0.35,0,3.36,1.4724720573609429,0,0,0,NA,NA,NA,NA, ,0.07887795268029442,0.5503516247752407,0.17358386548312382,0.09553216240340402,joint_compound_rrn_relative_brt,reef_blocked_2024,5,-0.016654209723109603,0.016654209723109603
manta,4066907,20-351a,Pompey Reef (No 1) (20-351a),2024,Southern GBR,5,8.63,0.22497349239822226,0.39403716523982174,5.04829112437769,7.65802526473999,0.01098901098901099,138.99385029191623,0,0.35,0,3.36,1.4724720573609429,0,0,0,NA,NA,NA,NA, ,0.07325807915336613,0.6108949701899812,0.19810891541034292,0.12102373997397094,joint_compound_rrn_relative_brt,reef_blocked_2024,5,-0.04776566082060481,0.04776566082060481
ltmp,4224936,21-187,U/N Reef (21-187),2024,Southern GBR,5,7.25,0.3136770924524844,0.26241106733981745,5.04829112437769,7.633310794830322,0.03296703296703297,153.59663174270304,0,0.4,0,0,0,0.420531406998634,0,0,b,NA,decline following bleaching,coral bleaching,decline following bleaching  coral bleaching,0.16372669436792,0.9024054432226425,0.31218473512387407,0.2817172042668028,joint_compound_rrn_relative_brt,reef_blocked_2024,5,-0.1179905098988828,0.1179905098988828
manta,4066635,21-187,U/N Reef (21-187),2024,Southern GBR,5,7.25,0.3136770924524844,0.6246600212356924,5.04829112437769,7.633310794830322,0.03296703296703297,153.59663174270304,0,0.4,0,0,0,0.420531406998634,0,0,b,NA,decline following bleaching,NA,decline following bleaching ,0.44183377601544943,0.937138130727246,0.29631428844406466,0.27768741838024474,joint_compound_rrn_relative_brt,reef_blocked_2024,5,0.1641463576352047,0.1641463576352047
manta,4067277,21-245,U/N Reef (21-245),2024,Southern GBR,5,6.22,0.17480474460241177,0.39864326854235227,5.04829112437769,7.576849460601807,0.02197802197802198,234.58133252949253,0,0.5,0,7,2.0794415416798357,0.0325203239917755,0.0361,0.03546366427556904,NA,NA,NA,NA, ,0.14277996567627907,0.7666060299602271,0.2018821803684983,0.15476409681200898,joint_compound_rrn_relative_brt,reef_blocked_2024,5,-0.011984131135729909,0.011984131135729909
manta,4067278,21-245,U/N Reef (21-245),2024,Southern GBR,5,6.22,0.19722631201351185,0.42713993183629156,5.04829112437769,7.576849460601807,0.02197802197802198,234.58133252949253,0,0.5,0,7,2.0794415416798357,0.0325203239917755,0.0361,0.03546366427556904,b,NA,DHW 6.56 0.03 COTS per tow,coral bleaching,DHW 6.56 0.03 COTS per tow  coral bleaching,0.06671505324129029,0.8065826193247788,0.20727585840522386,0.16718510479527743,joint_compound_rrn_relative_brt,reef_blocked_2024,5,-0.10047005155398714,0.10047005155398714
manta,4049349,21-296,U/N Reef (21-296),2024,Southern GBR,5,6.8500000000000005,0.20738059167755873,0.2593232071269527,5.04829112437769,7.576849460601807,0.02197802197802198,234.58133252949253,0.0257730235339691,1,0.0257730235339691,5.83333333333333,1.9218125974762523,NA,0.0421,0.04123790801624474,b,NA,Aerial bl 5 2024 DHW 6.85 2024,coral bleaching,Aerial bl 5 2024 DHW 6.85 2024  coral bleaching,0,0.6871962361831264,0.2064348948028114,0.14186128272535165,joint_compound_rrn_relative_brt,reef_blocked_2024,5,-0.14186128272535165,0.14186128272535165
ltmp,4180542,21-588,Wade Reef (21-588),2024,Southern GBR,5,9.33,0.31761851319151824,0.13297648655713687,5.293126064302306,7.634066581726074,0.05494505494505494,221.91002299353315,0.0454545468091965,1,0.0454545468091965,0,0,0,0.0124,0.01232374968883193,b,NA,hc increase but sc decline,coral bleaching,hc increase but sc decline  coral bleaching,0,0.5817265634146201,0.16731887837477036,0.09733383611134397,joint_compound_rrn_relative_brt,reef_blocked_2024,5,-0.09733383611134397,0.09733383611134397
manta,3989106,21-588,Wade Reef (21-588),2024,Southern GBR,5,9.33,0.31761851319151824,0.14304588581004424,5.293126064302306,7.634066581726074,0.05494505494505494,221.91002299353315,0.0454545468091965,1,0.0454545468091965,0,0,0,0.0124,0.01232374968883193,b,NA,Aerial bl 4 2024  DHW 9.57 2024,coral bleaching,Aerial bl 4 2024  DHW 9.57 2024  coral bleaching,0.006290804014536357,0.6383364011330761,0.18954493790210897,0.12099343351342463,joint_compound_rrn_relative_brt,reef_blocked_2024,5,-0.11470262949888828,0.11470262949888828
mmp,4149293,23-017,Pelican Island Reef (23-017),2024,Southern GBR,5,13.26,0.15284497105653488,0.04020428702893302,5.455125136460727,5.654933929443359,0.0989010989010989,0,0.982514254126998,0.3,-0.01725404792966256,0,0,NA,NA,NA,NA,NA,NA,NA, ,0,0.7013061616408143,0.4311577461590118,0.3023735840204811,joint_compound_rrn_relative_brt,reef_blocked_2024,5,-0.3023735840204811,0.3023735840204811
mmp,4149294,23-017,Pelican Island Reef (23-017),2024,Southern GBR,5,13.26,0.13438736512389293,0.06792091059527568,5.455125136460727,5.654933929443359,0.0989010989010989,0,0.982514254126998,0.3,-0.01725404792966256,0,0,NA,NA,NA,b,NA,bleaching still evident at time of surveys,coral bleaching,bleaching still evident at time of surveys  coral bleaching,0.40807202558722055,0.7013061616408143,0.4311577461590118,0.3023735840204811,joint_compound_rrn_relative_brt,reef_blocked_2024,5,0.10569844156673947,0.10569844156673947
mmp,4149312,23-017,Pelican Island Reef (23-017),2024,Southern GBR,5,13.26,0.004508986329815639,0.18529755917949564,5.455125136460727,5.654933929443359,0.0989010989010989,0,0.982514254126998,0.3,-0.01725404792966256,0,0,NA,NA,NA,NA,NA,NA,NA, ,0.02301944253341331,0.8009373200062256,0.4073327703269361,0.3262480174163676,joint_compound_rrn_relative_brt,reef_blocked_2024,5,-0.3032285748829543,0.3032285748829543
mmp,4149313,23-017,Pelican Island Reef (23-017),2024,Southern GBR,5,13.26,0.0160741119416249,0.1888051471674132,5.455125136460727,5.654933929443359,0.0989010989010989,0,0.982514254126998,0.3,-0.01725404792966256,0,0,NA,NA,NA,b,NA,bleaching still evident at time of surveys,coral bleaching,bleaching still evident at time of surveys  coral bleaching,0.018577819728650656,0.8145990000490604,0.4073327703269361,0.3318128673955357,joint_compound_rrn_relative_brt,reef_blocked_2024,5,-0.3132350476668851,0.3132350476668851
ltmp,4187208,23-082a,Lady Musgrave Reef (23-082a),2024,Southern GBR,5,11.12,0.9474516636293955,0.6333792303847722,5.801442997806395,7.673856258392334,0.01098901098901099,75.2376810282473,0.0530255667004531,0.8,0.0530255667004531,0,0,0.0214888722014924,0.0202,0.01999868650668912,m,NA,b s 34% decline hc abs 55% decline rel,"coral bleaching, coral disease, unknown storm","b s 34% decline hc abs 55% decline rel  coral bleaching, coral disease, unknown storm",0.5425304381746469,0.9728606307731884,0.3606781382225482,0.35088956105728747,joint_compound_rrn_relative_brt,reef_blocked_2024,5,0.1916408771173594,0.1916408771173594
manta,4284760,23-082a,Lady Musgrave Reef (23-082a),2024,Southern GBR,5,11.12,0.9474516636293955,0.6318089437365313,5.801442997806395,7.673856258392334,0.01098901098901099,75.2376810282473,0.0530255667004531,0.8,0.0530255667004531,0,0,0.0214888722014924,0.0202,0.01999868650668912,m,NA,Aerial bl 4 2024 DHW 11.42,"coral bleaching, unknown storm","Aerial bl 4 2024 DHW 11.42  coral bleaching, unknown storm",0.3784926956594735,0.973162749295708,0.3325215742363785,0.323597609384011,joint_compound_rrn_relative_brt,reef_blocked_2024,5,0.054895086275462524,0.054895086275462524
