programme_key,source_observation_id,ReefID,ReefName,event_year,region_block,joint_reef_fold,ann_maxdhw,prop_acropora_pre,observed_pre_cover,log_coastal_rain30,era5_wind_mean,era5_wind_calm_fraction,era5_coastal_distance_km,DISTURBANCE_TYPE,description,observed_mortality,predicted_occurrence,predicted_positive_loss,predicted_mortality,prediction_q05,prediction_q50,prediction_q95,learner,scheme,fold,residual,absolute_error
ltmp,4240946,11-029,Monsoon Reef (11-029),2024,Northern GBR,1,5.4,0.04414182150574954,0.16594303089337115,6.492034321653199,5.711098670959473,0.14285714285714285,54.52924238766865,NA,NA,0.04432306029797992,0.2844687788530659,0.10737761780300356,0.03035891220393373,0.01626548753608362,0.02876591202883336,0.04856540683735048,joint_compound_brms,reef_blocked_2024,1,0.01396414809404619,0.01396414809404619
ltmp,4241950,12-061,Lagoon Reef (12-061),2024,Northern GBR,1,5.54,0.3241122180549288,0.32829276929333295,6.420027608820439,5.631319999694824,0.16483516483516483,54.279648353109025,b,decline hc abs 7% rel 25% DHW 5.54,0.20439217846985944,0.4486299065956987,0.15449130060291946,0.06916601234142761,0.04509129629554212,0.0680540693340543,0.09680607831498428,joint_compound_brms,reef_blocked_2024,1,0.13522616612843183,0.13522616612843183
manta,4285498,12-061,Lagoon Reef (12-061),2024,Northern GBR,1,5.54,0.3241122180549288,0.5429476932960781,6.420027608820439,5.631319999694824,0.16483516483516483,54.279648353109025,b,DHW 5.54- cots prior,0.1983460233310179,0.6415745666110868,0.1890318982218429,0.12109974538050308,0.07877042291853535,0.11874667672904277,0.172160976062865,joint_compound_brms,reef_blocked_2024,1,0.07724627795051482,0.07724627795051482
manta,3988617,14-118,Eyrie Reef (14-118),2024,Northern GBR,1,6.2700000000000005,0.5154641976894707,0.32029059765378537,6.662192357426267,5.6041412353515625,0.1978021978021978,38.660259476645,b,DHW 6.27 to 6.32,0.5256729155551548,0.5658029496767741,0.2803684232015741,0.15850672867002594,0.114444889563936,0.15685740444424912,0.20869786004151852,joint_compound_brms,reef_blocked_2024,1,0.3671661868851289,0.3671661868851289
ltmp,4175968,14-138,Yonge Reef (14-138),2024,Northern GBR,1,8.08,0.2688625059919296,0.3680986269041048,6.662192357426267,5.418431758880615,0.21978021978021975,61.75564549314031,b,Aerial bl 2 2024 DHW 8.08,0,0.6209114608641667,0.1741462227927934,0.10801200378421834,0.06807682664010127,0.10499714154640664,0.1549299256936277,joint_compound_brms,reef_blocked_2024,1,-0.10801200378421834,0.10801200378421834
manta,4206459,14-138,Yonge Reef (14-138),2024,Northern GBR,1,8.08,0.2688625059919296,0.2873801234301697,6.662192357426267,5.418431758880615,0.21978021978021975,61.75564549314031,b,Aerial bl 2 2024 DHW 8.08,0.11897693253026977,0.5823350695373508,0.1825492222194084,0.10633079496144844,0.06623760581292937,0.10263124606990348,0.15506374238980175,joint_compound_brms,reef_blocked_2024,1,0.01264613756882133,0.01264613756882133
manta,4206312,15-030,Swinger Reef (15-030),2024,Northern GBR,1,3.87,0.16516947525043257,0.4100183185340346,6.7363531973548385,5.366098403930664,0.15384615384615383,26.81989949840036,b,DHW 3.87,0.34618830788839955,0.4736146290735326,0.2682132147097094,0.12656969629856593,0.07081780663716412,0.12176910486355202,0.20060886435216072,joint_compound_brms,reef_blocked_2024,1,0.2196186115898336,0.2196186115898336
ltmp,4176749,15-099c,Agincourt Reefs (No 1) (15-099c),2024,Central GBR,1,6.97,0.3820065936993378,0.3627972623729205,6.6724338344427165,5.55191707611084,0.15384615384615383,53.443772818368494,m,declines hc and sc B Jasper,0.147059946921269,0.5609385153183605,0.22336445734685145,0.12520519255357293,0.08988789191078315,0.12327404736156676,0.16516549855691767,joint_compound_brms,reef_blocked_2024,1,0.02185475436769607,0.02185475436769607
manta,4206426,15-099c,Agincourt Reefs (No 1) (15-099c),2024,Central GBR,1,6.97,0.3820065936993378,0.44560178073362894,6.6724338344427165,5.55191707611084,0.15384615384615383,53.443772818368494,m,Aerial bl 3 2024 DHW 6.97,0.23551593127835632,0.6481306532203753,0.2545679961502208,0.16490519154006025,0.12394435740673676,0.16326184419516632,0.21133238524503023,joint_compound_brms,reef_blocked_2024,1,0.0706107397382961,0.0706107397382961
ltmp,3753785,17-024,Peart Reef (17-024),2024,Central GBR,1,5.4,0.32131913917438787,0.29076822596685753,6.866384143143859,5.830949306488037,0.12087912087912088,53.02430121520352,b,NA,0.09176739690951512,0.4529607173635848,0.2669246387789579,0.12075541702879582,0.07846084483020084,0.11789354137211289,0.1732952839106333,joint_compound_brms,reef_blocked_2024,1,-0.02898802011928068,0.02898802011928068
manta,4067477,17-024,Peart Reef (17-024),2024,Central GBR,1,5.4,0.32131913917438787,0.1935746109136898,6.866384143143859,5.830949306488037,0.12087912087912088,53.02430121520352,b,DHW 5.4,0.16297797479960072,0.4010545625171421,0.2766781021133256,0.11071610306482496,0.07012809483289953,0.1086302129521714,0.16012853351813286,joint_compound_brms,reef_blocked_2024,1,0.05226187173477577,0.05226187173477577
mmp,4167064,17-053,Stingaree Reefs (17-053),2024,Central GBR,1,4.15,0.616506583925962,0.33654597828120286,6.679407263235824,4.47112512588501,0.3076923076923077,26.438199406294544,b,partial bleaching at time of surveys,0,0.485396499416694,0.5466806758107988,0.26458984630467786,0.15498024716689152,0.26089814505472453,0.39421908745908935,joint_compound_brms,reef_blocked_2024,1,-0.26458984630467786,0.26458984630467786
mmp,4167081,17-053,Stingaree Reefs (17-053),2024,Central GBR,1,4.15,0.12818230888325138,0.34299737519484685,6.679407263235824,4.47112512588501,0.3076923076923077,26.438199406294544,b,partial bleaching at time of surveys,0,0.4184315763593462,0.23702388796778232,0.09726239445461676,0.05103245520061587,0.092872988699801165,0.15827766185122016,joint_compound_brms,reef_blocked_2024,1,-0.09726239445461676,0.09726239445461676
mmp,4167098,17-053,Stingaree Reefs (17-053),2024,Central GBR,1,4.15,0.616506583925962,0.4806596238854858,6.679407263235824,4.47112512588501,0.3076923076923077,26.438199406294544,b,partial bleaching at time of surveys,0.08448089989497658,0.5924005672546965,0.5618269284390879,0.33232936587057177,0.19942426877999517,0.3297020906700049,0.483928406741413,joint_compound_brms,reef_blocked_2024,1,-0.2478484659755952,0.2478484659755952
mmp,4167117,17-053,Stingaree Reefs (17-053),2024,Central GBR,1,4.15,0.12818230888325138,0.3419938741107149,6.679407263235824,4.47112512588501,0.3076923076923077,26.438199406294544,b,partial bleaching at time of surveys,0.11474101713504836,0.4177125761527045,0.23711093687608475,0.09713049461551836,0.05100409943037214,0.09278744712442868,0.1582537144239035,joint_compound_brms,reef_blocked_2024,1,0.01761052251952999,0.01761052251952999
ltmp,4230870,18-039,Dip Reef (18-039),2024,Central GBR,1,7.32,0.3069695489966417,0.2404993674007977,5.947264586791359,6.650827884674072,0.06593406593406594,111.1950802335326,NA,NA,0,0.43588159844415936,0.1221379691119505,0.05321589645686519,0.03605676734652811,0.05201327992706409,0.07411481158406445,joint_compound_brms,reef_blocked_2024,1,-0.05321589645686519,0.05321589645686519
ltmp,4230871,18-039,Dip Reef (18-039),2024,Central GBR,1,7.32,0.4511818546018339,0.25000968515127425,5.947264586791359,6.650827884674072,0.06593406593406594,111.1950802335326,b,DHW 8.02 flat lining,0.03803979731714051,0.4669262268765616,0.11865323467554906,0.05534816597545431,0.03688164454419283,0.05436617424832009,0.07940593037384186,joint_compound_brms,reef_blocked_2024,1,-0.01730836865831379,0.01730836865831379
ltmp,4227302,19-159,Slate Reef (19-159),2024,Central GBR,1,8.61,0.6136352481490801,0.4004283118958544,5.8287453483906155,7.366249084472656,0.01098901098901099,118.35940764116184,NA,NA,0.0636605992892416,0.7132655553363986,0.2416820404985974,0.17205446012819026,0.1093237261222558,0.16964041021849063,0.24499775659813697,joint_compound_brms,reef_blocked_2024,1,-0.10839386083894866,0.10839386083894866
ltmp,4227303,19-159,Slate Reef (19-159),2024,Central GBR,1,8.61,0.6586105214947701,0.4609423548222777,5.8287453483906155,7.366249084472656,0.01098901098901099,118.35940764116184,b,NA,0.13128332055698222,0.7562532033136311,0.2465799241592872,0.1861465930916613,0.11572359150123332,0.18332890666239252,0.26881622240585284,joint_compound_brms,reef_blocked_2024,1,-0.05486327253467907,0.05486327253467907
manta,4067116,19-159,Slate Reef (19-159),2024,Central GBR,1,8.61,0.6136352481490801,0.5283413420729094,5.8287453483906155,7.366249084472656,0.01098901098901099,118.35940764116184,NA,NA,0,0.8056990788382343,0.28175898612792905,0.2268466394703257,0.15114681469737057,0.22432225568186148,0.3080335833785784,joint_compound_brms,reef_blocked_2024,1,-0.2268466394703257,0.2268466394703257
manta,4067117,19-159,Slate Reef (19-159),2024,Central GBR,1,8.61,0.6586105214947701,0.6189962599768563,5.8287453483906155,7.366249084472656,0.01098901098901099,118.35940764116184,b,DHW 8.61,0.14645471025517404,0.8499806683248285,0.29227527529137376,0.24826233976522577,0.16308350626787294,0.24489073120535856,0.3428275634148372,joint_compound_brms,reef_blocked_2024,1,-0.10180762951005172,0.10180762951005172
ltmp,4233800,20-014,Hayman Island Reef (20-014),2024,Central GBR,1,5.8500000000000005,0.3996552510163357,0.165316693866412,5.8287453483906155,7.831005573272705,0.01098901098901099,27.798770058383298,NA,NA,0.01011147474511542,0.3364883650377576,0.1309485826970076,0.04375777703419625,0.02441643304731899,0.0420043041220388,0.07001199051590365,joint_compound_brms,reef_blocked_2024,1,-0.03364630228908083,0.03364630228908083
ltmp,4233801,20-014,Hayman Island Reef (20-014),2024,Central GBR,1,5.8500000000000005,0.14030141659542145,0.13633728561380234,5.8287453483906155,7.831005573272705,0.01098901098901099,27.798770058383298,b,DHW 5.85,0,0.28129335214572515,0.1169748105722775,0.03263093613098279,0.01747318346398646,0.0308176887213928,0.05309791272118441,joint_compound_brms,reef_blocked_2024,1,-0.03263093613098279,0.03263093613098279
manta,4067315,20-014,Hayman Island Reef (20-014),2024,Central GBR,1,5.8500000000000005,0.14030141659542145,0.15508503949186497,5.8287453483906155,7.831005573272705,0.01098901098901099,27.798770058383298,b,DHW 5.85,0,0.31403477267175983,0.12501731688072942,0.0389759577108442,0.02127090211425943,0.03663285641184641,0.06200760232233869,joint_compound_brms,reef_blocked_2024,1,-0.0389759577108442,0.0389759577108442
mmp,4156652,20-035a,Daydream Reef (No 1) (20-035a),2024,Central GBR,1,8.78,0.2598230662382889,0.01538463975342603,5.8287453483906155,5.7756476402282715,0.0989010989010989,26.080562739584575,NA,NA,0,0.38242067998076457,0.21385120411282077,0.0807696902831441,0.04307944218113903,0.07712845731637387,0.13252638999385585,joint_compound_brms,reef_blocked_2024,1,-0.0807696902831441,0.0807696902831441
mmp,4156671,20-035a,Daydream Reef (No 1) (20-035a),2024,Central GBR,1,8.78,0.3450043885487789,0.0619788555082298,5.8287453483906155,5.7756476402282715,0.0989010989010989,26.080562739584575,NA,NA,0,0.42728956947808133,0.13452540713042851,0.05652491821048552,0.02759240087438718,0.0520855994337713,0.10089774866286538,joint_compound_brms,reef_blocked_2024,1,-0.05652491821048552,0.05652491821048552
manta,4049479,20-297,Creal Reef (20-297),2024,Southern GBR,1,8.370000000000001,0.2396430089858636,0.6903771670175208,5.8287453483906155,7.628969192504883,0,158.8083169396554,NA,NA,0.14353057103012326,0.8294245666895634,0.3330063846475893,0.27586073345905776,0.17202818390364452,0.2708198841966316,0.4006675422251072,joint_compound_brms,reef_blocked_2024,1,-0.1323301624289345,0.1323301624289345
ltmp,4224277,21-060,U/N Reef (21-060),2024,Southern GBR,1,8.99,0.4194754038758102,0.14667581543441732,5.04829112437769,7.65802526473999,0.01098901098901099,138.99385029191623,NA,NA,0,0.5478853536125128,0.10772995489548758,0.05880959850171774,0.03448696424025627,0.05762739451539377,0.08832077951479456,joint_compound_brms,reef_blocked_2024,1,-0.05880959850171774,0.05880959850171774
manta,4067141,21-060,U/N Reef (21-060),2024,Southern GBR,1,8.99,0.4194754038758102,0.4183772154643925,5.04829112437769,7.65802526473999,0.01098901098901099,138.99385029191623,NA,NA,0.3164588026273036,0.7613505596772308,0.13701616281438098,0.10433197053583287,0.06935116909318798,0.10289047730834622,0.1450506635481335,joint_compound_brms,reef_blocked_2024,1,0.2121268320914707,0.2121268320914707
ltmp,4183353,21-529,U/N Reef (21-529),2024,Southern GBR,1,7.19,0.38615538690823586,0.24402387862104383,5.04829112437769,7.627993583679199,0.04395604395604396,188.7922667774775,b,Aerial bl 5 2024 DHW 7.19 2024,0.07120233399391916,0.4300025415127388,0.1366626007761695,0.05841350277425865,0.03576569645158624,0.05656784515961682,0.08826860111626209,joint_compound_brms,reef_blocked_2024,1,0.01278883121966051,0.01278883121966051
manta,3989168,21-529,U/N Reef (21-529),2024,Southern GBR,1,7.19,0.38615538690823586,0.6491509096157588,5.04829112437769,7.627993583679199,0.04395604395604396,188.7922667774775,b,Aerial bl 5 2024 DHW 7.19 2024,0.3674510897264907,0.7502969055576758,0.1852042086281093,0.13882959314255475,0.08930156722216037,0.1351127108636822,0.19872985762235712,joint_compound_brms,reef_blocked_2024,1,0.22862149658393596,0.22862149658393596
manta,4284476,22-084,U/N Reef (22-084),2024,Southern GBR,1,8.47,0.10148678379186,0.15022670123802098,5.293126064302306,7.664971828460693,0.05494505494505494,198.3246302201427,NA,NA,0.2971606639822993,0.479139937910292,0.1660846221552622,0.07949105849466856,0.04810222295194194,0.07716556553416062,0.117404351315145,joint_compound_brms,reef_blocked_2024,1,0.21766960548763073,0.21766960548763073
ltmp,4182001,22-104a,Horseshoe Reef (No 1) (22-104a),2024,Southern GBR,1,9.08,0.4872440402232475,0.25910214651422714,5.293126064302306,7.664971828460693,0.05494505494505494,198.3246302201427,b,hc decline,0.10896430189600032,0.6789054837141215,0.15288442587563245,0.10373154014274548,0.06379435933212514,0.1011445788695654,0.15524079160262505,joint_compound_brms,reef_blocked_2024,1,0.00523276175325482,0.00523276175325482
manta,3989230,22-104a,Horseshoe Reef (No 1) (22-104a),2024,Southern GBR,1,9.08,0.4872440402232475,0.13717349711137905,5.293126064302306,7.664971828460693,0.05494505494505494,198.3246302201427,b,DHW 9.19,0.0026179461240754,0.6116252806397241,0.158155863255137,0.09657284313106504,0.05474021958042704,0.0930874171479282,0.14900648113295625,joint_compound_brms,reef_blocked_2024,1,-0.09395489700698964,0.09395489700698964
mmp,4143649,23-004b,North Keppel (Ko-no-mie) Island Reef (No 2) (23-004b),2024,Southern GBR,1,12.41,0.9702392451266664,0.17797019321167112,5.3548966285573405,7.717053890228272,0,25.58889965967512,b,further decline as a result of bleaching in 2024,0.649764667289415,0.913639433732331,0.4806149663433083,0.4390683859988656,0.2537318635764124,0.43553053264916985,0.6204759306731825,joint_compound_brms,reef_blocked_2024,1,0.21069628129054935,0.21069628129054935
mmp,4143650,23-004b,North Keppel (Ko-no-mie) Island Reef (No 2) (23-004b),2024,Southern GBR,1,12.41,0.9831720862579036,0.4840089198869416,5.3548966285573405,7.717053890228272,0,25.58889965967512,b,bleaching still evident at time of surveys,0.6322997657703442,0.96597008156786,0.538955185895067,0.5207006911851562,0.3448747653766286,0.5243852384619374,0.6853074040956462,joint_compound_brms,reef_blocked_2024,1,0.11159907458518804,0.11159907458518804
mmp,4143665,23-004b,North Keppel (Ko-no-mie) Island Reef (No 2) (23-004b),2024,Southern GBR,1,12.41,0.8174194259823503,0.1995331402172967,5.3548966285573405,7.717053890228272,0,25.58889965967512,b,further decline as a result of bleaching in 2024,0.2382175190368768,0.9128384434890412,0.26235372283733366,0.23935850360979627,0.13269503012301112,0.2336014138321695,0.3676821022390787,joint_compound_brms,reef_blocked_2024,1,-0.00114098457291947,0.00114098457291947
mmp,4143666,23-004b,North Keppel (Ko-no-mie) Island Reef (No 2) (23-004b),2024,Southern GBR,1,12.41,0.855313419480824,0.26841942818408787,5.3548966285573405,7.717053890228272,0,25.58889965967512,b,bleaching still evident at time of surveys,0.25663674359498084,0.9303119168045476,0.27965835717005905,0.26011989749117564,0.14604817277805512,0.25273718890488794,0.3991892514472697,joint_compound_brms,reef_blocked_2024,1,-0.0034831538961948,0.0034831538961948
ltmp,4182299,23-051,Wreck Island Reef (23-051),2024,Southern GBR,1,11.64,0.9797631868153628,0.6697295842357892,5.301987044294902,7.902797222137451,0.03296703296703297,94.55219552218418,b,big hc decline,0.5446213063879788,0.9745138182129937,0.5282559026469296,0.5148286266095801,0.3674083217325705,0.5162617730616991,0.662455037895189,joint_compound_brms,reef_blocked_2024,1,0.02979267977839872,0.02979267977839872
manta,4284526,23-051,Wreck Island Reef (23-051),2024,Southern GBR,1,11.64,0.9797631868153628,0.5789666427911073,5.301987044294902,7.902797222137451,0.03296703296703297,94.55219552218418,m,Aerial bl 5 2024  DHW 11.64,0.3704552530009853,0.9699353226188956,0.5406860763963159,0.5244482131595861,0.3744234318371138,0.5250594410126916,0.662552002735135,joint_compound_brms,reef_blocked_2024,1,-0.1539929601586008,0.1539929601586008
ltmp,4180873,23-081,Fairfax Islands Reef (23-081),2024,Southern GBR,1,11.26,0.8421051184060283,0.33232469751541616,5.784058808178996,7.760509014129639,0.01098901098901099,75.30452287765046,m,"Aerial bl 4 2024 DHW 11.46 2024, moderate disease",0.17622110261289636,0.8938511539871027,0.4571546163583334,0.4085146009002056,0.29511151596874813,0.4094595981818978,0.5211715319048335,joint_compound_brms,reef_blocked_2024,1,-0.2322934982873092,0.2322934982873092
manta,4284498,23-081,Fairfax Islands Reef (23-081),2024,Southern GBR,1,11.26,0.8421051184060283,0.6500704629813622,5.784058808178996,7.760509014129639,0.01098901098901099,75.30452287765046,b,Aerial bl 4 2024 DHW 11.46 2024,0.37356823802927674,0.9621707548743892,0.5473021489651198,0.5265788107690815,0.41647895034525634,0.526427741239387,0.6329723691827466,joint_compound_brms,reef_blocked_2024,1,-0.15301057273980478,0.15301057273980478
manta,4285433,13-127,Rodda Reef (13-127),2024,Northern GBR,2,7.23,0.3284942720325735,0.4008909239757581,6.686516551675772,5.148830890655518,0.17582417582417584,38.723631859261,b,DHW 7.23,0.14416255797900124,0.5640699486439636,0.2594297803435853,0.14611459694368098,0.09568866742392282,0.1433523418404564,0.204425510857112,joint_compound_brms,reef_blocked_2024,2,-0.00195203896467974,0.00195203896467974
ltmp,4240550,13-130,Davie Reef (13-130),2024,Northern GBR,2,7.03,0.4165932314736618,0.5412236066213202,6.686516551675772,5.385504722595215,0.17582417582417584,27.79877005838321,b,Aerial bl 2 2024  DHW 7.03,0.02774463588112439,0.696124071748933,0.3078883272362554,0.2142236700582546,0.14254586662249882,0.21095309928129105,0.2967874660275609,joint_compound_brms,reef_blocked_2024,2,-0.18647903417713024,0.18647903417713024
manta,4285380,13-130,Davie Reef (13-130),2024,Northern GBR,2,7.03,0.4165932314736618,0.3531554979789382,6.686516551675772,5.385504722595215,0.17582417582417584,27.79877005838321,b,Aerial bl 2 2024  DHW 7.03,7.179161652642996e-4,0.5419682318480984,0.2669019258849106,0.1445804603637225,0.09570255121566916,0.14221970268653297,0.2022533285886942,joint_compound_brms,reef_blocked_2024,2,-0.1438625441984582,0.1438625441984582
ltmp,4169247,14-116a,Lizard Island Reef (North West) (14-116a),2024,Northern GBR,2,6.2700000000000005,0.14877724148928995,0.16532056503156148,6.662192357426267,5.6041412353515625,0.1978021978021978,38.660259476645,b,DHW 6.27  aerial bl 4,0,0.36578907028378616,0.18639059878837885,0.06794675328308798,0.04659551499280519,0.0669738583424504,0.09264983937707504,joint_compound_brms,reef_blocked_2024,2,-0.06794675328308798,0.06794675328308798
manta,4285515,14-116a,Lizard Island Reef (North West) (14-116a),2024,Northern GBR,2,6.2700000000000005,0.14877724148928995,0.2133297856632696,6.662192357426267,5.6041412353515625,0.1978021978021978,38.660259476645,b,DHW 6.27  aerial bl 4,0.4615802349862708,0.3816085436394765,0.20707137168257655,0.078792859824511,0.05487550196841184,0.07755972421515861,0.106529791787256,joint_compound_brms,reef_blocked_2024,2,0.38278737516175976,0.38278737516175976
manta,3988509,14-147a,South Direction Reef (North) (14-147a),2024,Northern GBR,2,6.4,0.41269945972762634,0.22989179569720097,6.662192357426267,5.6041412353515625,0.1978021978021978,38.660259476645,b,DHW 6.4 aerial bl 5,0.2226589198311119,0.44037628275245966,0.21240489259884385,0.09342791940903006,0.06451780471352858,0.09163895464255406,0.12872857332082002,joint_compound_brms,reef_blocked_2024,2,0.12923100042208188,0.12923100042208188
manta,4206192,16-015,Mackay Reef (16-015),2024,Central GBR,2,3.52,0.42204831685259386,0.4251201626271228,6.6724338344427165,5.55191707611084,0.15384615384615383,53.443772818368494,NA,NA,0.6125403307582871,0.5019013390795154,0.2306188536057898,0.1155910354415709,0.06221926520389705,0.1100691530814901,0.18513793504992196,joint_compound_brms,reef_blocked_2024,2,0.49694929531671617,0.49694929531671617
mmp,4162774,16-054a,Fitzroy Island Reef (No 1) (16-054a),2024,Central GBR,2,7.82,0.589862940713534,0.4612107630161933,6.977581085825649,4.643918514251709,0.2087912087912088,26.584094214082956,b,partial bleaching during bleaching surveys Feb24,0.5242365308289569,0.6742954868476817,0.2802102472860476,0.18816269511736872,0.09629276545661716,0.1793557330009816,0.30928644980639697,joint_compound_brms,reef_blocked_2024,2,0.3360738357115882,0.3360738357115882
mmp,4162795,16-054a,Fitzroy Island Reef (No 1) (16-054a),2024,Central GBR,2,7.82,0.24786093423705963,0.3867415894390473,6.977581085825649,4.643918514251709,0.2087912087912088,26.584094214082956,b,partial bleaching during bleaching surveys Feb24,0.07995491504811622,0.5729524513382481,0.15662284634779558,0.08833442909619114,0.04341331356112866,0.08344678187841531,0.14986755695935072,joint_compound_brms,reef_blocked_2024,2,-0.00837951404807492,0.00837951404807492
mmp,4162816,16-054a,Fitzroy Island Reef (No 1) (16-054a),2024,Central GBR,2,7.82,0.589862940713534,0.3457760050245789,6.977581085825649,4.643918514251709,0.2087912087912088,26.584094214082956,b,partial bleaching during bleaching surveys Feb24,0.2690843862833956,0.5960592422785606,0.2576460021202716,0.1523683582518679,0.0772713653777424,0.14547820091789346,0.2545804795932303,joint_compound_brms,reef_blocked_2024,2,0.1167160280315277,0.1167160280315277
mmp,4162832,16-054a,Fitzroy Island Reef (No 1) (16-054a),2024,Central GBR,2,7.82,0.24786093423705963,0.3731568893226376,6.977581085825649,4.643918514251709,0.2087912087912088,26.584094214082956,b,partial bleaching during bleaching surveys Feb24,0,0.5632835807502654,0.15601708666314176,0.08644748565755689,0.04232671860502696,0.08176930580019956,0.1456831225045124,joint_compound_brms,reef_blocked_2024,2,-0.08644748565755689,0.08644748565755689
ltmp,4179541,16-057,Hastings Reef (16-057),2024,Central GBR,2,7.62,0.1802122772005963,0.16959245778756643,6.940920589169635,6.116461753845215,0.13186813186813187,60.09013295337378,m,small decline,0.1327893266155054,0.41127155669536875,0.24410445764772845,0.0998645228882941,0.05648097361818376,0.09702986854765848,0.15620498631615418,joint_compound_brms,reef_blocked_2024,2,0.03292480372721131,0.03292480372721131
manta,4206246,16-057,Hastings Reef (16-057),2024,Central GBR,2,7.62,0.1802122772005963,0.2675786329407455,6.940920589169635,6.116461753845215,0.13186813186813187,60.09013295337378,m,Jasper,0.4288792674978628,0.4648306042169628,0.283790851058123,0.13149851521783898,0.07686063200644215,0.12730114025997596,0.20033820484634185,joint_compound_brms,reef_blocked_2024,2,0.2973807522800238,0.2973807522800238
ltmp,3752581,17-064,Taylor Reef (17-064),2024,Central GBR,2,4.45,0.28264456502362123,0.12589356762072712,6.793622788043911,5.784509181976318,0.14285714285714285,52.950848061604326,b,Aerial bl 1 2024 DHW 4.6,0,0.3101264544045454,0.18928143072163897,0.05817810599718632,0.03373215344919521,0.05678769003428792,0.08860073019110426,joint_compound_brms,reef_blocked_2024,2,-0.05817810599718632,0.05817810599718632
manta,4067738,17-064,Taylor Reef (17-064),2024,Central GBR,2,4.45,0.28264456502362123,0.17051530949802596,6.793622788043911,5.784509181976318,0.14285714285714285,52.950848061604326,b,Aerial bl 1 2024 DHW 4.6,0,0.3220940411237657,0.2082127158120572,0.06668684104774203,0.03858437362557814,0.06428727164456927,0.10160036469750736,joint_compound_brms,reef_blocked_2024,2,-0.06668684104774203,0.06668684104774203
ltmp,4236105,18-034,Myrmidon Reef (18-034),2024,Central GBR,2,8.73,0.15606337630475434,0.34901513726316913,6.416116296599418,6.501668930053711,0.04395604395604396,132.00208142190922,b,DHW 7.18,0,0.5891604552762434,0.22845844952390085,0.13429506799815102,0.08020926933566029,0.12950873951039088,0.20181673065578068,joint_compound_brms,reef_blocked_2024,2,-0.13429506799815102,0.13429506799815102
ltmp,4236106,18-034,Myrmidon Reef (18-034),2024,Central GBR,2,8.73,0.3299598280057257,0.3906512169424299,6.416116296599418,6.501668930053711,0.04395604395604396,132.00208142190922,b,DHW 8.73 bleaching Kirrily,0.10658121074123428,0.6468004253499424,0.2317604573366588,0.14971788618525292,0.0925208057090875,0.14602071180597354,0.2177454899805759,joint_compound_brms,reef_blocked_2024,2,-0.04313667544401864,0.04313667544401864
manta,4066112,18-034,Myrmidon Reef (18-034),2024,Central GBR,2,8.73,0.15606337630475434,0.46454341268106875,6.416116296599418,6.501668930053711,0.04395604395604396,132.00208142190922,b,DHW 7.18,0.3643114357676447,0.6528034946956263,0.27393068543064264,0.17844134903535402,0.10766538423987844,0.17464368557687893,0.26718998381136905,joint_compound_brms,reef_blocked_2024,2,0.18587008673229063,0.18587008673229063
manta,4066113,18-034,Myrmidon Reef (18-034),2024,Central GBR,2,8.73,0.3299598280057257,0.4956128764543216,6.416116296599418,6.501668930053711,0.04395604395604396,132.00208142190922,m,DHW 8.73,0.06268897611282381,0.6993610977028207,0.27504938736520407,0.1921033852255305,0.11965227617915696,0.18866476701080948,0.2780140383130323,joint_compound_brms,reef_blocked_2024,2,-0.12941440911270669,0.12941440911270669
ltmp,4235330,18-075,John Brewer Reef (18-075),2024,Central GBR,2,5.79,0.2646118463495706,0.09894508667391134,6.096021794618455,6.205605506896973,0.08791208791208792,61.49749903428462,m,Cyclone Kirrily,0,0.2570737656203554,0.16919500964534967,0.0432453630137737,0.02682328136259312,0.04197809812462914,0.06406880658576823,joint_compound_brms,reef_blocked_2024,2,-0.0432453630137737,0.0432453630137737
manta,4068096,18-075,John Brewer Reef (18-075),2024,Central GBR,2,5.79,0.2646118463495706,0.23435897874287936,6.096021794618455,6.205605506896973,0.08791208791208792,61.49749903428462,m,Cyclone Kirrily,0.26174312602717364,0.32567023283239055,0.20026354012118464,0.06516867685375634,0.04368427981483012,0.06393336657189061,0.09134956919251676,joint_compound_brms,reef_blocked_2024,2,0.19657444917341732,0.19657444917341732
ltmp,4222718,18-076,Helix Reef (18-076),2024,Central GBR,2,6.11,0.5054491943511117,0.3220764384215993,6.096021794618455,6.48448371887207,0.08791208791208792,98.60262415600752,m,70 phys,0.106430452853776,0.468514266625421,0.18709698798275415,0.08748128503467574,0.05512554251338514,0.08516586771984477,0.1260778587595854,joint_compound_brms,reef_blocked_2024,2,0.01894916781910026,0.01894916781910026
manta,4067887,18-076,Helix Reef (18-076),2024,Central GBR,2,6.11,0.5054491943511117,0.5352957990953865,6.096021794618455,6.48448371887207,0.08791208791208792,98.60262415600752,m,Cyclone Kirrily and DHW 6.11,0.1797052706947009,0.6125386719766039,0.2498768693890151,0.15296386490795186,0.10005421660579757,0.1492320203507394,0.2209247330352078,joint_compound_brms,reef_blocked_2024,2,0.02674140578674905,0.02674140578674905
mmp,4145380,20-058a,Dent Reef (No 1) (20-058a),2024,Central GBR,2,8.46,0.04684196083012745,0.2021192607796924,5.8287453483906155,6.882554054260254,0.03296703296703297,0,NA,NA,0,0.41482376216803674,0.25397386146745343,0.10413021264440134,0.0511200744503274,0.0997110789017144,0.1708293173403568,joint_compound_brms,reef_blocked_2024,2,-0.10413021264440134,0.10413021264440134
mmp,4145395,20-058a,Dent Reef (No 1) (20-058a),2024,Central GBR,2,8.46,0.05247557858289701,0.27591806105767913,5.8287453483906155,6.882554054260254,0.03296703296703297,0,NA,NA,0,0.4678064649455083,0.14870450448785166,0.06812207832321933,0.03290378476219852,0.06462715954959189,0.11598694404393056,joint_compound_brms,reef_blocked_2024,2,-0.06812207832321933,0.06812207832321933
manta,4067753,20-104,U/N Reef (20-104),2024,Central GBR,2,5.5600000000000005,0.3166147337257602,0.3954607791259235,5.8287453483906155,7.423409461975098,0,83.09235604782566,b,Aerial bl 3 2024 DHW 2024 DHW 2.52 2025,0.05916872045396826,0.41150236233965454,0.1305303249443587,0.05352347598578181,0.03270250765495833,0.05215629391108428,0.07939942252214849,joint_compound_brms,reef_blocked_2024,2,0.00564524446818644,0.00564524446818644
manta,4067754,20-104,U/N Reef (20-104),2024,Central GBR,2,5.5600000000000005,0.20685377657459916,0.16222060434747407,5.8287453483906155,7.423409461975098,0,83.09235604782566,NA,NA,0,0.24010339838604,0.10935332836816992,0.02599498967200888,0.01413847116756911,0.02515783521673817,0.04079747258711941,joint_compound_brms,reef_blocked_2024,2,-0.02599498967200888,0.02599498967200888
manta,4066466,20-348,U/N Reef (20-348),2024,Southern GBR,2,8.39,0.2769734684349537,0.2718157702712433,5.04829112437769,7.647981643676758,0.01098901098901099,148.29161899510453,b,Aerial bl 3 2024 DHW 8.39 2024,0.3195506149689588,0.4718816536689715,0.12155117585628585,0.05711858796716401,0.03358258902507568,0.0549205111768404,0.08864798433224301,joint_compound_brms,reef_blocked_2024,2,0.2624320270017948,0.2624320270017948
manta,4066856,20-353,U/N Reef (20-353),2024,Southern GBR,2,8.51,0.28257324232113723,0.5957874377747552,5.04829112437769,7.647981643676758,0.01098901098901099,148.29161899510453,b,DHW 8.51,0.18809007889069235,0.720428095842363,0.1621196761059004,0.1165164616643592,0.06877295134366491,0.11252265037037582,0.17813047588516354,joint_compound_brms,reef_blocked_2024,2,0.07157361722633315,0.07157361722633315
ltmp,4223046,21-139,U/N Reef (21-139),2024,Southern GBR,2,8.6,0.161084953587778,0.24029573725924935,5.04829112437769,7.674178123474121,0.03296703296703297,132.67491596944663,NA,NA,0.17477970140301632,0.4892460519999503,0.16817322717387204,0.08200051808817017,0.04583709593087964,0.07903103129722913,0.132467467116701,joint_compound_brms,reef_blocked_2024,2,0.09277918331484616,0.09277918331484616
manta,4067086,21-139,U/N Reef (21-139),2024,Southern GBR,2,8.6,0.161084953587778,0.5779862545901678,5.04829112437769,7.674178123474121,0.03296703296703297,132.67491596944663,NA,NA,0.21994377052766945,0.7107521414904533,0.2588653011623924,0.18357377336254616,0.10811551470160022,0.17790437363588163,0.2764254365660968,joint_compound_brms,reef_blocked_2024,2,0.03636999716512323,0.03636999716512323
ltmp,4238621,21-305,East Cay Reef (21-305),2024,Southern GBR,2,7.67,0.209397721527752,0.1774025284140376,5.04829112437769,7.61787748336792,0.03296703296703297,222.5876216694933,b,Aerial bl 5 2024 DHW 7.67,0.17436133243673674,0.3425896678997495,0.11937216996651752,0.0405605941323494,0.02247053449793612,0.0387554052856791,0.06541267620866456,joint_compound_brms,reef_blocked_2024,2,0.13380073830438732,0.13380073830438732
ltmp,4238622,21-305,East Cay Reef (21-305),2024,Southern GBR,2,7.67,0.21688656916806204,0.2190919069770352,5.04829112437769,7.61787748336792,0.03296703296703297,222.5876216694933,b,DHW 7.67 mass loss of SC,0.19028260394560065,0.3729720356806508,0.12314563697724117,0.04562472235384065,0.0253596125278732,0.04364768809158463,0.07226626662671458,joint_compound_brms,reef_blocked_2024,2,0.14465788159176,0.14465788159176
manta,4284380,21-305,East Cay Reef (21-305),2024,Southern GBR,2,7.67,0.21688656916806204,0.31352435423231356,5.04829112437769,7.61787748336792,0.03296703296703297,222.5876216694933,b,Aerial bl 5 2024 DHW 7.67,0.2779171356313509,0.4228966432610458,0.14278123493823852,0.06016605729490781,0.03553891827637252,0.05761130696537801,0.0934776032399489,joint_compound_brms,reef_blocked_2024,2,0.21775107833644308,0.21775107833644308
ltmp,4224607,21-558,U/N Reef (21-558),2024,Southern GBR,2,7.54,0.07481468055436158,0.1101872950078745,5.04829112437769,7.61787748336792,0.03296703296703297,222.5876216694933,NA,NA,0.06769401672425976,0.27337633191655497,0.12641876517470588,0.0341105734918354,0.01797544575009883,0.03238879108415624,0.05610495888258943,joint_compound_brms,reef_blocked_2024,2,0.03358344323242436,0.03358344323242436
ltmp,4224608,21-558,U/N Reef (21-558),2024,Southern GBR,2,7.54,0.1629579657459985,0.13576658866345692,5.04829112437769,7.61787748336792,0.03296703296703297,222.5876216694933,b,NA,0.1884063959137199,0.300662437632296,0.12452453712113595,0.03705057518683752,0.02020610566837677,0.0352392794865226,0.06037406671926922,joint_compound_brms,reef_blocked_2024,2,0.15135582072688242,0.15135582072688242
manta,4284588,21-558,U/N Reef (21-558),2024,Southern GBR,2,7.54,0.07481468055436158,0.3909070677108736,5.04829112437769,7.61787748336792,0.03296703296703297,222.5876216694933,NA,NA,0.25960430422350816,0.45010437113009005,0.17097296716810267,0.07657572660636022,0.04353289782584627,0.07324410663163716,0.120100046567884,joint_compound_brms,reef_blocked_2024,2,0.18302857761714791,0.18302857761714791
manta,4284589,21-558,U/N Reef (21-558),2024,Southern GBR,2,7.54,0.1629579657459985,0.36925742040330933,5.04829112437769,7.61787748336792,0.03296703296703297,222.5876216694933,b,DHW 7.24 to 8.27,0,0.44775476117726776,0.16269036455593666,0.0725491607497531,0.04335354338407496,0.06950984989967109,0.11190436739110345,joint_compound_brms,reef_blocked_2024,2,-0.0725491607497531,0.0725491607497531
manta,4284672,22-088a,U/N Reef (22-088a),2024,Southern GBR,2,7.58,0.2864416104796866,0.29321535546036537,5.293126064302306,7.698933601379395,0.05494505494505494,175.33603223489754,NA,NA,0.3397865462448271,0.4338919281831236,0.11758191892737709,0.0508047831016951,0.03162387267338051,0.04907598895297851,0.0762686665606512,joint_compound_brms,reef_blocked_2024,2,0.288981763143132,0.288981763143132
mmp,4138915,23-010,Middle (Ba-la-ba) Island Reef (23-010),2024,Southern GBR,2,12.23,0.4589503712397904,0.094141417582425,5.455125136460727,7.59745454788208,0,25.541262425425487,b,further decline as a result of bleaching in 2024,0.48766349684223503,0.8203632518318937,0.2905068497072577,0.23803222326280157,0.13910517687582877,0.23081762676919557,0.36415368597403464,joint_compound_brms,reef_blocked_2024,2,0.24963127357943343,0.24963127357943343
mmp,4138916,23-010,Middle (Ba-la-ba) Island Reef (23-010),2024,Southern GBR,2,12.23,0.7664047472610901,0.1938601638901181,5.455125136460727,7.59745454788208,0,25.541262425425487,b,bleaching still evident at time of surveys,0.5143849272933385,0.8816283264795114,0.36633391909402946,0.3228062488400304,0.2019748049908598,0.3185102205298733,0.4607814003861496,joint_compound_brms,reef_blocked_2024,2,0.19157867845330812,0.19157867845330812
mmp,4138931,23-010,Middle (Ba-la-ba) Island Reef (23-010),2024,Southern GBR,2,12.23,0.3533715797147019,0.12330852251969322,5.455125136460727,7.59745454788208,0,25.541262425425487,b,further decline as a result of bleaching in 2024,0.28856582591991914,0.8237357899538921,0.13714772607143533,0.11258205777143392,0.0589465329482422,0.10687745410089278,0.18433548800885305,joint_compound_brms,reef_blocked_2024,2,0.1759837681484852,0.1759837681484852
mmp,4138932,23-010,Middle (Ba-la-ba) Island Reef (23-010),2024,Southern GBR,2,12.23,0.48147352484178185,0.2096906034389076,5.455125136460727,7.59745454788208,0,25.541262425425487,b,bleaching still evident at time of surveys,0.41195017565191666,0.8683173983566623,0.15945625321975312,0.13828073210706476,0.07697656868923404,0.13400116915759508,0.21681301717887905,joint_compound_brms,reef_blocked_2024,2,0.2736694435448519,0.2736694435448519
mmp,4155453,23-016,Humpy (Bur-ye-Bur-ye) Reef (23-016),2024,Southern GBR,2,12.47,0.7075329405300055,0.22997353185720512,5.455125136460727,7.59745454788208,0,25.541262425425487,b,further decline as a result of bleaching in 2024,0.6554932597858075,0.9006639718579298,0.34053039765959137,0.3066011896716689,0.19641728078731743,0.2990071381790971,0.4376020136823024,joint_compound_brms,reef_blocked_2024,2,0.34889207011413864,0.34889207011413864
mmp,4155454,23-016,Humpy (Bur-ye-Bur-ye) Reef (23-016),2024,Southern GBR,2,12.47,0.8806702661451502,0.49687349743235776,5.455125136460727,7.59745454788208,0,25.541262425425487,b,bleaching still evident at time of surveys,0.5371587878089377,0.9579873102305674,0.4653872012376967,0.4458491590663795,0.30080425826482193,0.4469345846463973,0.5949385512804751,joint_compound_brms,reef_blocked_2024,2,0.0913096287425581,0.0913096287425581
mmp,4155473,23-016,Humpy (Bur-ye-Bur-ye) Reef (23-016),2024,Southern GBR,2,12.47,0.7596478225945502,0.13594107109759657,5.455125136460727,7.59745454788208,0,25.541262425425487,b,further decline as a result of bleaching in 2024,0.5474064906348262,0.8745639226400928,0.15681357975380528,0.13676830304282622,0.07227403529948456,0.1308611580765525,0.22230447478300688,joint_compound_brms,reef_blocked_2024,2,0.41063818759199994,0.41063818759199994
mmp,4155474,23-016,Humpy (Bur-ye-Bur-ye) Reef (23-016),2024,Southern GBR,2,12.47,0.901484765985602,0.27456883183503955,5.455125136460727,7.59745454788208,0,25.541262425425487,b,bleaching still evident at time of surveys,0.5048925612238839,0.92079168389492,0.20016635411163328,0.1841101002885003,0.09439781575295056,0.1759197598346962,0.2995599375852152,joint_compound_brms,reef_blocked_2024,2,0.32078246093538365,0.32078246093538365
ltmp,4181245,23-068,Erskine Reef (23-068),2024,Southern GBR,2,11.17,0.8208239385774314,0.4638738443085885,5.301987044294902,7.857634544372559,0.01098901098901099,58.02948927544897,b,Aerial bl 4 2024 DHW 11.17,0.14256428051898865,0.9242457776292828,0.33624269103906695,0.31076705560375706,0.21803495994825672,0.3090401361027628,0.4077312244230384,joint_compound_brms,reef_blocked_2024,2,-0.1682027750847684,0.1682027750847684
manta,4284411,23-068,Erskine Reef (23-068),2024,Southern GBR,2,11.17,0.8208239385774314,0.4084517150032933,5.301987044294902,7.857634544372559,0.01098901098901099,58.02948927544897,b,Aerial bl 4 2024 DHW 11.17,0.06654453617104276,0.9043571957582904,0.3345286690129092,0.30254489649357175,0.2128913555146069,0.3004846763294546,0.3940611123278571,joint_compound_brms,reef_blocked_2024,2,-0.23600036032252897,0.23600036032252897
manta,4284550,23-080,Hoskyn Islands Reef (23-080),2024,Southern GBR,2,11.2,0.8814544768695094,0.6184300829752357,5.784058808178996,7.760509014129639,0.01098901098901099,75.30452287765046,b,DHW 11.48,0.5478185490121976,0.9456005642905312,0.5837317263529942,0.5520463547409521,0.4318382483086507,0.5508458569479511,0.6731089824878078,joint_compound_brms,reef_blocked_2024,2,-0.00422780572875447,0.00422780572875447
ltmp,4241313,12-056,Mantis Reef (12-056),2024,Northern GBR,3,8.73,0.216141422466712,0.193189922320597,6.420027608820439,5.7271037101745605,0.15384615384615383,86.07130881755599,b,similar hc to prior but slightly lower,0.1187941519452774,0.5676553283962199,0.12306530705375868,0.06982575920976021,0.02900341206359747,0.06405245194508016,0.1287131002195879,joint_compound_brms,reef_blocked_2024,3,0.0489683927355172,0.0489683927355172
manta,4285298,12-056,Mantis Reef (12-056),2024,Northern GBR,3,8.73,0.216141422466712,0.42120549680955033,6.420027608820439,5.7271037101745605,0.15384615384615383,86.07130881755599,b,DHW 8.91,0.2638245588761013,0.7289496129901282,0.16426323826190764,0.11962863882235387,0.05173799073857643,0.11207820038770087,0.21178089486440743,joint_compound_brms,reef_blocked_2024,3,0.14419592005374743,0.14419592005374743
ltmp,4242370,14-016,Corbett Reef (14-016),2024,Northern GBR,3,7.49,0.29881445006710233,0.21731972604234384,6.495755978645292,5.167435646057129,0.17582417582417584,53.946045548395595,b,Aerial bl 3 2024 DHW 6.82,0.09426476809555026,0.4603005428036711,0.18162266004869668,0.08350919341977928,0.05357862359127385,0.08197371846332471,0.119249628239348,joint_compound_brms,reef_blocked_2024,3,0.01075557467577098,0.01075557467577098
manta,4285333,14-016,Corbett Reef (14-016),2024,Northern GBR,3,7.49,0.29881445006710233,0.32459695544892575,6.495755978645292,5.167435646057129,0.17582417582417584,53.946045548395595,b,Aerial bl 3 2024 DHW 6.82,0.41992308186246713,0.5266750747666306,0.21939033411718967,0.11563982826895078,0.0771191602309396,0.11353413327390294,0.1596225875643729,joint_compound_brms,reef_blocked_2024,3,0.3042832535935164,0.3042832535935164
ltmp,4173742,14-137,Carter Reef (14-137),2024,Northern GBR,3,8.21,0.18196194788730016,0.37643575381068406,6.662192357426267,5.418431758880615,0.21978021978021975,61.75564549314031,b,DHW 8.21,0,0.6920318989443038,0.2113108007138772,0.1462197837886595,0.09221602717222646,0.14260972742516248,0.2153121638769689,joint_compound_brms,reef_blocked_2024,3,-0.1462197837886595,0.1462197837886595
manta,3988787,14-137,Carter Reef (14-137),2024,Northern GBR,3,8.21,0.18196194788730016,0.26646593358861137,6.662192357426267,5.418431758880615,0.21978021978021975,61.75564549314031,b,DHW 8.21,0,0.5657317582130068,0.21949299836404249,0.12427635855462808,0.07783766800646509,0.121207243511704,0.182798296384471,joint_compound_brms,reef_blocked_2024,3,-0.12427635855462808,0.12427635855462808
ltmp,4169991,14-139,No Name Reef (14-139),2024,Northern GBR,3,7.61,0.28556436252650325,0.44282285881471023,6.662192357426267,5.407689571380615,0.2087912087912088,60.49914788861235,b,increase in hc,0,0.7150922740361425,0.20830325393841773,0.14892948439450648,0.09933774500856651,0.14617806007150327,0.20736129922687127,joint_compound_brms,reef_blocked_2024,3,-0.14892948439450648,0.14892948439450648
manta,3988849,14-139,No Name Reef (14-139),2024,Northern GBR,3,7.61,0.28556436252650325,0.2124716767376835,6.662192357426267,5.407689571380615,0.2087912087912088,60.49914788861235,b,DHW 7.98 aerial bl 1,0,0.4810817632257652,0.19913709612349295,0.09585308172398568,0.06085667377505067,0.09332767396044828,0.1403548387395436,joint_compound_brms,reef_blocked_2024,3,-0.09585308172398568,0.09585308172398568
ltmp,4172230,14-143,North Direction Reef (14-143),2024,Northern GBR,3,6.23,0.4371273713667701,0.17564623667562165,6.662192357426267,5.6041412353515625,0.1978021978021978,38.660259476645,b,decline in hc and sc,0.27692573545021293,0.4620883177253631,0.1586748159876934,0.07322527802275523,0.04680439481720289,0.07140935662014425,0.106994630898885,joint_compound_brms,reef_blocked_2024,3,0.20370045742745768,0.20370045742745768
mmp,4164846,17-009a,Tobias Spit (17-009a),2024,Central GBR,3,6.32,0.2715440227550341,0.3552809499113012,6.845372987621058,2.7769243717193604,0.6153846153846154,26.548377985167942,m,clear depth limit to level of mortality,0.5493500371623812,0.6361481651231348,0.38564996933673695,0.2449513888373258,0.13742386083304403,0.2378172300936595,0.3658496652254571,joint_compound_brms,reef_blocked_2024,3,0.30439864832505537,0.30439864832505537
mmp,4164863,17-009a,Tobias Spit (17-009a),2024,Central GBR,3,6.32,0.2715440227550341,0.4636944779061943,6.845372987621058,2.7769243717193604,0.6153846153846154,26.548377985167942,m,clear depth limit to level of mortality,0,0.7190092457356443,0.4031348704033283,0.28976791997516677,0.16823994220534966,0.2844335868418628,0.4302919064465085,joint_compound_brms,reef_blocked_2024,3,-0.28976791997516677,0.28976791997516677
mmp,4164883,17-009a,Tobias Spit (17-009a),2024,Central GBR,3,6.32,0.22859264013099512,0.3606874049800699,6.845372987621058,2.7769243717193604,0.6153846153846154,26.548377985167942,m,clear depth limit to level of mortality,0.07674865937178825,0.6358630890639353,0.26715855841778907,0.16914674843866895,0.08844721222958281,0.16262473095239757,0.27127493964608645,joint_compound_brms,reef_blocked_2024,3,-0.0923980890668807,0.0923980890668807
mmp,4164900,17-009a,Tobias Spit (17-009a),2024,Central GBR,3,6.32,0.22859264013099512,0.16238442810370077,6.845372987621058,2.7769243717193604,0.6153846153846154,26.548377985167942,m,clear depth limit to level of mortality,0,0.4683106985099718,0.26367992390454587,0.12172600496763508,0.06031705118329507,0.11633420834971624,0.2036960496185625,joint_compound_brms,reef_blocked_2024,3,-0.12172600496763508,0.12172600496763508
mmp,4142980,18-001,Richards (Bedarra) Reef (18-001),2024,Central GBR,3,4.12,0.3256942657515102,0.12999759964029725,6.679407263235824,4.47112512588501,0.3076923076923077,26.438199406294544,NA,NA,0,0.3235757337552602,0.3765857241722042,0.12091507658792014,0.06134796805360351,0.11490996135779934,0.1993295352907443,joint_compound_brms,reef_blocked_2024,3,-0.12091507658792014,0.12091507658792014
mmp,4142991,18-001,Richards (Bedarra) Reef (18-001),2024,Central GBR,3,4.12,0.02206680707521358,0.20138630567665236,6.679407263235824,4.47112512588501,0.3076923076923077,26.438199406294544,NA,NA,0.04904518159865426,0.34621993912106086,0.2623780243220522,0.08941972814402767,0.03977394999862316,0.08394591692908364,0.15392255036589544,joint_compound_brms,reef_blocked_2024,3,-0.04037454654537341,0.04037454654537341
ltmp,4239584,18-032,Rib Reef (18-032),2024,Central GBR,3,6.7,0.25835783163767373,0.1740384528498136,6.212002270133139,6.034452438354492,0.12087912087912088,59.56981330964312,b,DHW 6.7,0,0.3912173517417962,0.15787564003717214,0.06169678762886593,0.04393472635057952,0.06115677046812787,0.08298641633306501,joint_compound_brms,reef_blocked_2024,3,-0.06169678762886593,0.06169678762886593
manta,4068045,18-032,Rib Reef (18-032),2024,Central GBR,3,6.7,0.25835783163767373,0.22653613954286791,6.212002270133139,6.034452438354492,0.12087912087912088,59.56981330964312,b,DHW 6.7,0,0.4055507123974915,0.18330273958028412,0.07434433357796665,0.05409325481679327,0.07325782056155306,0.09770246673928774,joint_compound_brms,reef_blocked_2024,3,-0.07434433357796665,0.07434433357796665
ltmp,4225908,18-065,Havannah Reef (18-065),2024,Central GBR,3,6.92,0.42131306586001627,0.1842318417004947,6.212002270133139,4.9304327964782715,0.2087912087912088,26.32349077361211,NA,NA,0,0.3966670654661567,0.1322786954696108,0.05239661415261631,0.03258956673658828,0.0513173564338547,0.07600445962464589,joint_compound_brms,reef_blocked_2024,3,-0.05239661415261631,0.05239661415261631
mmp,4148236,18-065,Havannah Reef (18-065),2024,Central GBR,3,6.92,0.22901103363301673,0.2898412964040436,6.212002270133139,4.9304327964782715,0.2087912087912088,26.32349077361211,NA,NA,0,0.45185412834802585,0.21462722072588344,0.09656706747091476,0.05298739244765989,0.09332447236940664,0.1490768500887428,joint_compound_brms,reef_blocked_2024,3,-0.09656706747091476,0.09656706747091476
mmp,4148253,18-065,Havannah Reef (18-065),2024,Central GBR,3,6.92,0.2126580124355757,0.3493907363963273,6.212002270133139,4.9304327964782715,0.2087912087912088,26.32349077361211,NA,NA,0.00284240626175549,0.5018433414267305,0.1485694499644744,0.07401955816513499,0.03855360035854633,0.07114524228283015,0.1193801141097503,joint_compound_brms,reef_blocked_2024,3,-0.07117715190337949,0.07117715190337949
ltmp,4234580,18-096,Davies Reef (18-096),2024,Central GBR,3,4.2700000000000005,0.30933731156813715,0.3628169523067178,5.947264586791359,6.851525783538818,0.06593406593406594,87.43427334613949,m,DHW 4.27,0,0.4592572404863045,0.1366728477252169,0.06261268953717421,0.03811446041076447,0.06075124672479343,0.09440101369364463,joint_compound_brms,reef_blocked_2024,3,-0.06261268953717421,0.06261268953717421
manta,4068156,18-096,Davies Reef (18-096),2024,Central GBR,3,4.2700000000000005,0.30933731156813715,0.49040533998214814,5.947264586791359,6.851525783538818,0.06593406593406594,87.43427334613949,m,DHW 4.27,0,0.5442239270063854,0.16775783955417847,0.0910681433023942,0.0582589351683693,0.08868309759531,0.13319047199751005,joint_compound_brms,reef_blocked_2024,3,-0.0910681433023942,0.0910681433023942
ltmp,4231590,19-138,U/N Reef (19-138),2024,Central GBR,3,5.78,0.2237363080890812,0.5036509690708734,5.8287453483906155,7.3713226318359375,0.01098901098901099,76.29258334678795,NA,NA,0,0.6396715397391989,0.17513813701147185,0.1118287887830762,0.06929962542741737,0.10824883122123868,0.16711243259243033,joint_compound_brms,reef_blocked_2024,3,-0.1118287887830762,0.1118287887830762
ltmp,4231591,19-138,U/N Reef (19-138),2024,Central GBR,3,5.78,0.19822604048299736,0.434265841284731,5.8287453483906155,7.3713226318359375,0.01098901098901099,76.29258334678795,NA,NA,0,0.575676861321269,0.16647257465825033,0.09564326117836527,0.0600914776404719,0.09208040285258032,0.14321763159067216,joint_compound_brms,reef_blocked_2024,3,-0.09564326117836527,0.09564326117836527
manta,4067379,19-138,U/N Reef (19-138),2024,Central GBR,3,5.78,0.2237363080890812,0.38075191515937695,5.8287453483906155,7.3713226318359375,0.01098901098901099,76.29258334678795,NA,NA,0.1009258296179353,0.4956866477668785,0.18069677861227929,0.08944278539183395,0.05812840917493967,0.08686576629350651,0.12839525509020275,joint_compound_brms,reef_blocked_2024,3,0.01148304422610134,0.01148304422610134
manta,4067380,19-138,U/N Reef (19-138),2024,Central GBR,3,5.78,0.19822604048299736,0.20120109576445824,5.8287453483906155,7.3713226318359375,0.01098901098901099,76.29258334678795,NA,NA,0,0.3310284324257482,0.1628711888588994,0.05384868288327511,0.03192925953367603,0.0524027617626655,0.08047755544795347,joint_compound_brms,reef_blocked_2024,3,-0.05384868288327511,0.05384868288327511
mmp,4151714,20-061,Pine Island Reef (20-061),2024,Central GBR,3,9.17,0.05431621459248693,0.06317441071504845,5.8287453483906155,6.957430839538574,0.02197802197802198,27.79877005838312,NA,NA,0,0.44855530588188663,0.2561785593159234,0.11341549097828688,0.06171824779876293,0.10981719053419528,0.17990462016109185,joint_compound_brms,reef_blocked_2024,3,-0.11341549097828688,0.11341549097828688
mmp,4151734,20-061,Pine Island Reef (20-061),2024,Central GBR,3,9.17,0.04014192197989718,0.1528425783149248,5.8287453483906155,6.957430839538574,0.02197802197802198,27.79877005838312,NA,NA,0,0.5236970812687377,0.1748495459711254,0.0902807155740275,0.0483875497701625,0.08669728479906333,0.1434171068026,joint_compound_brms,reef_blocked_2024,3,-0.0902807155740275,0.0902807155740275
ltmp,4225567,20-351a,Pompey Reef (No 1) (20-351a),2024,Southern GBR,3,8.63,0.22497349239822223,0.2705389010800665,5.04829112437769,7.65802526473999,0.01098901098901099,138.99385029191623,NA,NA,0.07887795268029442,0.5932698344719186,0.12225646950369332,0.07239820247431754,0.04674023618408877,0.07036248828269304,0.10422537269967222,joint_compound_brms,reef_blocked_2024,3,0.00647975020597688,0.00647975020597688
manta,4066907,20-351a,Pompey Reef (No 1) (20-351a),2024,Southern GBR,3,8.63,0.22497349239822223,0.39403716523982174,5.04829112437769,7.65802526473999,0.01098901098901099,138.99385029191623,NA,NA,0.07325807915336613,0.6683196601865432,0.15237982791864374,0.10175912727022857,0.06727958155730954,0.0986182046043746,0.14446840222441826,joint_compound_brms,reef_blocked_2024,3,-0.02850104811686243,0.02850104811686243
manta,4067591,20-354,U/N Reef (20-354),2024,Southern GBR,3,8.24,0.2798883931931086,0.4883089395562144,5.04829112437769,7.647981643676758,0.01098901098901099,148.29161899510453,b,DHW 8.25,0.14510858480817607,0.6954285852011186,0.17188730855224074,0.1192971094709703,0.0752934264283458,0.11648654610276028,0.1735113293979057,joint_compound_brms,reef_blocked_2024,3,0.02581147533720576,0.02581147533720576
manta,4066917,21-062,U/N Reef (21-062),2024,Southern GBR,3,8.21,0.28973125972355407,0.34548973298955477,5.04829112437769,7.64576530456543,0.01098901098901099,141.37563195977037,b,Aerial bl 4 2024 DHW 8.21 2024,0.2163631144836532,0.5709749354936056,0.13343818765629947,0.07610066373335937,0.04884437649157977,0.07397541663710447,0.11187809397778256,joint_compound_brms,reef_blocked_2024,3,0.1402624507502939,0.1402624507502939
ltmp,4224936,21-187,U/N Reef (21-187),2024,Southern GBR,3,7.25,0.3136770924524844,0.26241106733981745,5.04829112437769,7.633310794830322,0.03296703296703297,153.59663174270304,b,decline following bleaching,0.16372669436792,0.46260029135956543,0.12110058272247136,0.05591059852914143,0.03316329843012538,0.05386039363053742,0.08410262476720773,joint_compound_brms,reef_blocked_2024,3,0.10781609583877858,0.10781609583877858
manta,4066635,21-187,U/N Reef (21-187),2024,Southern GBR,3,7.25,0.3136770924524844,0.6246600212356924,5.04829112437769,7.633310794830322,0.03296703296703297,153.59663174270304,b,decline following bleaching,0.44183377601544943,0.7397844214209502,0.17841035344014392,0.13183239496259272,0.08074326695291621,0.12776189663536164,0.19571232426351293,joint_compound_brms,reef_blocked_2024,3,0.3100013810528567,0.3100013810528567
ltmp,4180542,21-588,Wade Reef (21-588),2024,Southern GBR,3,9.33,0.31761851319151824,0.13297648655713687,5.293126064302306,7.634066581726074,0.05494505494505494,221.91002299353315,b,hc increase but sc decline,0,0.6258139842417391,0.16060887367352591,0.1003274030121123,0.05922389585155047,0.09574741555838208,0.1513964771945649,joint_compound_brms,reef_blocked_2024,3,-0.1003274030121123,0.1003274030121123
manta,3989106,21-588,Wade Reef (21-588),2024,Southern GBR,3,9.33,0.31761851319151824,0.14304588581004424,5.293126064302306,7.634066581726074,0.05494505494505494,221.91002299353315,b,Aerial bl 4 2024  DHW 9.57 2024,0.00629080401453635,0.6028654837478102,0.18358521561599164,0.11053574303688266,0.06564447076502393,0.10678067626158733,0.16982944445533998,joint_compound_brms,reef_blocked_2024,3,-0.1042449390223463,0.1042449390223463
mmp,4149293,23-017,Pelican Island Reef (23-017),2024,Southern GBR,3,13.26,0.15284497105653488,0.04020428702893302,5.455125136460727,5.654933929443359,0.0989010989010989,0,NA,NA,0,0.8382452788047352,0.3717137352503445,0.3105988849046904,0.13965069603535746,0.29636307806765405,0.5225430687352967,joint_compound_brms,reef_blocked_2024,3,-0.3105988849046904,0.3105988849046904
mmp,4149294,23-017,Pelican Island Reef (23-017),2024,Southern GBR,3,13.26,0.13438736512389293,0.06792091059527568,5.455125136460727,5.654933929443359,0.0989010989010989,0,b,bleaching still evident at time of surveys,0.40807202558722055,0.8497787500132068,0.3748944908270568,0.31769287915133404,0.1408382951440834,0.3029312666835582,0.5364150178566315,joint_compound_brms,reef_blocked_2024,3,0.09037914643588651,0.09037914643588651
mmp,4149312,23-017,Pelican Island Reef (23-017),2024,Southern GBR,3,13.26,0.00450898632981563,0.18529755917949564,5.455125136460727,5.654933929443359,0.0989010989010989,0,NA,NA,0.02301944253341331,0.8882610477998109,0.26114725619050294,0.2313012935520184,0.07850735128949862,0.21301938022526665,0.45145429569287265,joint_compound_brms,reef_blocked_2024,3,-0.20828185101860508,0.20828185101860508
mmp,4149313,23-017,Pelican Island Reef (23-017),2024,Southern GBR,3,13.26,0.0160741119416249,0.1888051471674132,5.455125136460727,5.654933929443359,0.0989010989010989,0,b,bleaching still evident at time of surveys,0.01857781972865065,0.8901234138704212,0.2624961404601812,0.23300584807588556,0.08030573284845914,0.21493152779413088,0.45077604461478626,joint_compound_brms,reef_blocked_2024,3,-0.2144280283472349,0.2144280283472349
ltmp,4188168,23-048,Broomfield Reef (23-048),2024,Southern GBR,3,11.6,0.862233938344424,0.5750808079045714,5.301987044294902,7.902797222137451,0.03296703296703297,94.55219552218418,m,Aerial bl 5 2024   DHW 11.6,0.6883989417687074,0.9769839535750257,0.4121135786206137,0.4026737569805515,0.2873922776608355,0.4007430814554081,0.5181353644454983,joint_compound_brms,reef_blocked_2024,3,0.2857251847881559,0.2857251847881559
manta,4284725,23-048,Broomfield Reef (23-048),2024,Southern GBR,3,11.6,0.862233938344424,0.581105916624201,5.301987044294902,7.902797222137451,0.03296703296703297,94.55219552218418,m,Aerial bl 5 2024   DHW 11.6,0.5712917276690362,0.9745480659285874,0.4515926667111078,0.440130290780375,0.32518236330223965,0.4389482524840582,0.5558517312138833,joint_compound_brms,reef_blocked_2024,3,0.13116143688866122,0.13116143688866122
ltmp,4242160,13-124,U/N Reef (13-124),2024,Northern GBR,4,7.65,0.1774292151097992,0.315898372616265,6.655036804576533,5.196862697601318,0.1868131868131868,54.0042200125233,b,DHW 7.65,0,0.4782409872250127,0.2038426548477311,0.0973838437001134,0.0628751504164053,0.09477484981708988,0.1401714843633199,joint_compound_brms,reef_blocked_2024,4,-0.0973838437001134,0.0973838437001134
manta,4285225,13-124,U/N Reef (13-124),2024,Northern GBR,4,7.65,0.1774292151097992,0.3940946693282352,6.655036804576533,5.196862697601318,0.1868131868131868,54.0042200125233,b,DHW 7.65,0.38359369951258,0.5208048853492042,0.23341550571070277,0.12154639718775737,0.0801802355105628,0.11848852069560076,0.17194531150794756,joint_compound_brms,reef_blocked_2024,4,0.26204730232482265,0.26204730232482265
ltmp,4241733,14-045,Sand Bank No 1 Reef (14-045),2024,Northern GBR,4,7.16,0.35876184588002236,0.4221412331131073,6.686516551675772,5.571252822875977,0.2087912087912088,53.88684402433357,b,DHW 8.19,0.01057912412750655,0.6430556073329411,0.22107534942903953,0.14206121705212055,0.09087573493965354,0.1382422668230222,0.2050608540141423,joint_compound_brms,reef_blocked_2024,4,-0.131482092924614,0.131482092924614
manta,4285211,14-045,Sand Bank No 1 Reef (14-045),2024,Northern GBR,4,7.16,0.35876184588002236,0.449334665923309,6.686516551675772,5.571252822875977,0.2087912087912088,53.88684402433357,b,DHW 8.19,0.1631671639396755,0.6471752259428102,0.24562465341639772,0.15887598921656382,0.10470956934511225,0.15596401608482618,0.22400771274398315,joint_compound_brms,reef_blocked_2024,4,0.00429117472311169,0.00429117472311169
ltmp,4184758,14-087,Snake Reef (14-087),2024,Northern GBR,4,6.91,0.15527810544997245,0.26604015820313404,6.721013396401132,5.019526481628418,0.24175824175824176,38.681727528550425,b,hc declines,0.1393369130067698,0.4443331374125283,0.27552291973653137,0.1222519887982783,0.07867523488027899,0.12007832806079229,0.17458996317378678,joint_compound_brms,reef_blocked_2024,4,0.01708492420849149,0.01708492420849149
ltmp,4171456,14-114,MacGillivray Reef (14-114),2024,Northern GBR,4,5.93,0.22238725883456137,0.16676184000596264,6.662192357426267,5.6041412353515625,0.1978021978021978,38.660259476645,b,DHW 6.03,0,0.3864310668672531,0.2017680318390115,0.07778926615956977,0.05319712787991951,0.07637390906488936,0.1083022516317027,joint_compound_brms,reef_blocked_2024,4,-0.07778926615956977,0.07778926615956977
manta,4206375,14-114,MacGillivray Reef (14-114),2024,Northern GBR,4,5.93,0.22238725883456137,0.4652605846420815,6.662192357426267,5.6041412353515625,0.1978021978021978,38.660259476645,b,DHW 6.03,0.3889435143171571,0.5925604141636633,0.26362728336750046,0.15617341814610924,0.11148430834324344,0.15473900083348943,0.20722519241990223,joint_compound_brms,reef_blocked_2024,4,0.23277009617104788,0.23277009617104788
ltmp,4177618,16-019,St Crispin Reef (16-019),2024,Central GBR,4,5.87,0.5909846656384597,0.3897013622185705,6.6724338344427165,5.55191707611084,0.15384615384615383,53.443772818368494,m,DHW 6.98,0.14925263511949396,0.6249144220402114,0.2004068132805493,0.1251414493544008,0.08385713221211985,0.12284760163753712,0.175814250881895,joint_compound_brms,reef_blocked_2024,4,0.02411118576509316,0.02411118576509316
manta,4206488,16-019,St Crispin Reef (16-019),2024,Central GBR,4,5.87,0.5909846656384597,0.2113603665534798,6.6724338344427165,5.55191707611084,0.15384615384615383,53.443772818368494,m,DHW 6.98,0.207455587532888,0.4766201876155676,0.19612308116635896,0.093450905462983,0.05883656955101803,0.09019468755503998,0.13808854066293258,joint_compound_brms,reef_blocked_2024,4,0.114004682069905,0.114004682069905
ltmp,4170711,16-028,Low Islands Reef (16-028),2024,Central GBR,4,6.42,0.07365554786941506,0.37695421002497653,6.900914657280194,2.825014591217041,0.6263736263736264,26.65400763146825,m,NA,0.17859848813708523,0.5693112121754381,0.582130116985274,0.3304349631850036,0.16145762416332785,0.3212720961275842,0.5215105353844426,joint_compound_brms,reef_blocked_2024,4,-0.15183647504791836,0.15183647504791836
manta,4206349,16-028,Low Islands Reef (16-028),2024,Central GBR,4,6.42,0.07365554786941506,0.5110399637147486,6.900914657280194,2.825014591217041,0.6263736263736264,26.65400763146825,m,Jasper,0.4177050324727606,0.6440520401316266,0.6352537758163239,0.4086849940926754,0.21842708639560449,0.404417366882202,0.5988668912549202,joint_compound_brms,reef_blocked_2024,4,0.00902003838008519,0.00902003838008519
ltmp,3754965,17-034,Feather Reef (17-034),2024,Central GBR,4,5.54,0.2671748848874488,0.32859426121616114,6.866384143143859,5.830949306488037,0.12087912087912088,53.02430121520352,b,DHW 5.54,0,0.5037680728251437,0.2569036952032174,0.12925843596889405,0.08488559430449441,0.12786278135695522,0.17992272046105434,joint_compound_brms,reef_blocked_2024,4,-0.12925843596889405,0.12925843596889405
manta,4068667,17-034,Feather Reef (17-034),2024,Central GBR,4,5.54,0.2671748848874488,0.1944095826335418,6.866384143143859,5.830949306488037,0.12087912087912088,53.02430121520352,b,DHW 5.54,0,0.38845870950503103,0.25852762293861153,0.10031748266960051,0.06259319916822528,0.09793374835326324,0.1444296430041378,joint_compound_brms,reef_blocked_2024,4,-0.10031748266960051,0.10031748266960051
ltmp,3802952,17-063a,Farquharson Reef (No 1) (17-063a),2024,Central GBR,4,4.91,0.15402442656132434,0.08978364493751873,6.793622788043911,5.784509181976318,0.14285714285714285,52.950848061604326,NA,NA,0,0.29666151383863965,0.20967312321158343,0.06184546142546549,0.03722641354024816,0.06026322625231396,0.09257531950188008,joint_compound_brms,reef_blocked_2024,4,-0.06184546142546549,0.06184546142546549
manta,4066960,17-063a,Farquharson Reef (No 1) (17-063a),2024,Central GBR,4,4.91,0.15402442656132434,0.07791532665248674,6.793622788043911,5.784509181976318,0.14285714285714285,52.950848061604326,NA,NA,0,0.2765317642700082,0.22664017167773817,0.06239337349875299,0.03577331561680226,0.06029305550795763,0.09520646137818672,joint_compound_brms,reef_blocked_2024,4,-0.06239337349875299,0.06239337349875299
ltmp,4237691,18-086,Chicken Reef (18-086),2024,Central GBR,4,6.640000000000001,0.43773493291083154,0.4221760679717542,5.947264586791359,6.851525783538818,0.06593406593406594,87.43427334613949,NA,NA,0.04517456415014378,0.6124569829618479,0.11939284740215662,0.0730317987591224,0.04623565978522228,0.07013691520427195,0.1090771280650292,joint_compound_brms,reef_blocked_2024,4,-0.02785723460897862,0.02785723460897862
manta,4066787,18-086,Chicken Reef (18-086),2024,Central GBR,4,6.640000000000001,0.43773493291083154,0.2640352540479171,5.947264586791359,6.851525783538818,0.06593406593406594,87.43427334613949,NA,NA,0,0.47781548708504373,0.11867807468530656,0.05669126739579532,0.03635175215072813,0.05536664379573806,0.08136105795675627,joint_compound_brms,reef_blocked_2024,4,-0.05669126739579532,0.05669126739579532
mmp,4150474,19-009c,Magnetic Island Reef (No 2) (19-009c),2024,Central GBR,4,9.07,0.18275253450005705,0.2701302451098475,6.096021794618455,2.8266942501068115,0.6043956043956044,0,b,partial bleaching at time of surveys,0.3503963600443477,0.6148300386316216,0.20160300573330844,0.12218299052491122,0.06298484481651132,0.115175600782163,0.2061150248395744,joint_compound_brms,reef_blocked_2024,4,0.2282133695194365,0.2282133695194365
mmp,4150494,19-009c,Magnetic Island Reef (No 2) (19-009c),2024,Central GBR,4,9.07,0.11902635288320192,0.2800670648981542,6.096021794618455,2.8266942501068115,0.6043956043956044,0,b,partial bleaching at time of surveys,0.2005775744341932,0.6050464455942682,0.118329945765016,0.06983186183437283,0.03409141504731897,0.06510736703554809,0.11997686701681572,joint_compound_brms,reef_blocked_2024,4,0.13074571259982035,0.13074571259982035
manta,4067702,19-135,Hardy Reef (19-135),2024,Central GBR,4,5.28,0.1732226800728372,0.4369920171737029,5.8287453483906155,7.407030582427979,0.02197802197802198,61.428452679898,NA,NA,0,0.48334520082021254,0.2082198618157304,0.10058789335913852,0.06373637856945578,0.09904392799472216,0.14705120397822916,joint_compound_brms,reef_blocked_2024,4,-0.10058789335913852,0.10058789335913852
ltmp,4228737,19-207,Hyde Reef (19-207),2024,Central GBR,4,9.25,0.7162796368719883,0.29518550152676976,5.8287453483906155,7.366249084472656,0.01098901098901099,118.35940764116184,NA,NA,0.01598408772518924,0.7810692687170163,0.2695024636079307,0.21049634305262335,0.13512547089642518,0.2073127458970248,0.3057535682502003,joint_compound_brms,reef_blocked_2024,4,-0.19451225532743413,0.19451225532743413
ltmp,4228738,19-207,Hyde Reef (19-207),2024,Central GBR,4,9.25,0.7299065476187283,0.3972470019737009,5.8287453483906155,7.366249084472656,0.01098901098901099,118.35940764116184,b,NA,0.25692201562212913,0.8314437684569178,0.28652752261349784,0.2382095683900718,0.15694949244867354,0.23617701331739224,0.3356735046708089,joint_compound_brms,reef_blocked_2024,4,0.01871244723205734,0.01871244723205734
manta,4066821,19-207,Hyde Reef (19-207),2024,Central GBR,4,9.25,0.7162796368719883,0.4422387836532301,5.8287453483906155,7.366249084472656,0.01098901098901099,118.35940764116184,NA,NA,0.05836551351214857,0.839638462028151,0.32049079422772203,0.26900457760705593,0.18158766421775516,0.2659965313987789,0.36943716997128145,joint_compound_brms,reef_blocked_2024,4,-0.21063906409490735,0.21063906409490735
manta,4066822,19-207,Hyde Reef (19-207),2024,Central GBR,4,9.25,0.7299065476187283,0.548497743028163,5.8287453483906155,7.366249084472656,0.01098901098901099,118.35940764116184,b,DHW 9.2 to 10.15,0.1937272499760806,0.8795350885798516,0.34070717839298337,0.29957076050344017,0.20562976508113853,0.2964565047302481,0.40193746920009765,joint_compound_brms,reef_blocked_2024,4,-0.10584351052735956,0.10584351052735956
ltmp,4223666,20-351b,Pompey Reef (No 2) (20-351b),2024,Southern GBR,4,8.63,0.26586271071453776,0.23601995395034991,5.04829112437769,7.65802526473999,0.01098901098901099,138.99385029191623,NA,NA,0,0.5585976013520051,0.12276849687255888,0.06832858164371065,0.04395716277656195,0.0666573316409852,0.09710507039964827,joint_compound_brms,reef_blocked_2024,4,-0.06832858164371065,0.06832858164371065
manta,4067069,20-351b,Pompey Reef (No 2) (20-351b),2024,Southern GBR,4,8.63,0.26586271071453776,0.24979788892199736,5.04829112437769,7.65802526473999,0.01098901098901099,138.99385029191623,NA,NA,0.04145156284186047,0.5529228558049814,0.1361236142089671,0.07509056852910935,0.05024289396734009,0.07388518469309327,0.1057130968505107,joint_compound_brms,reef_blocked_2024,4,-0.03363900568724888,0.03363900568724888
manta,4067305,21-064,U/N Reef (21-064),2024,Southern GBR,4,8.82,0.30248149893283544,0.2233901440513016,5.04829112437769,7.64576530456543,0.01098901098901099,141.37563195977037,b,Aerial bl 3 2024 DHW 8.82 2024,0,0.5712108424048193,0.1434015016527342,0.08178630705627117,0.0549390849202136,0.08042398377749191,0.11447044454157092,joint_compound_brms,reef_blocked_2024,4,-0.08178630705627117,0.08178630705627117
manta,4067277,21-245,U/N Reef (21-245),2024,Southern GBR,4,6.22,0.17480474460241177,0.3986432685423522,5.04829112437769,7.576849460601807,0.02197802197802198,234.58133252949253,NA,NA,0.14277996567627907,0.4359594467977842,0.12411919085141468,0.05381313759554791,0.03314523198600763,0.05230038068460005,0.080497689004522,joint_compound_brms,reef_blocked_2024,4,0.08896682808073117,0.08896682808073117
manta,4067278,21-245,U/N Reef (21-245),2024,Southern GBR,4,6.22,0.19722631201351185,0.4271399318362915,5.04829112437769,7.576849460601807,0.02197802197802198,234.58133252949253,b,DHW 6.56 0.03 COTS per tow,0.06671505324129029,0.46368312829138614,0.125632777675415,0.05795510619669349,0.03549531486463039,0.05625457071301455,0.08678796358812808,joint_compound_brms,reef_blocked_2024,4,0.00875994704459679,0.00875994704459679
ltmp,4184037,21-556,Gannett Cay Reef (21-556),2024,Southern GBR,4,8.47,0.01612053627624607,0.07002682803684913,5.293126064302306,7.664971828460693,0.05494505494505494,198.3246302201427,b,DHW 8.47,0.01898982005665171,0.3778869129153736,0.13956913461887654,0.05240295648823712,0.02930316627907794,0.04985442673624124,0.08287079579324037,joint_compound_brms,reef_blocked_2024,4,-0.03341313643158541,0.03341313643158541
manta,4284599,21-556,Gannett Cay Reef (21-556),2024,Southern GBR,4,8.47,0.01612053627624607,0.09896793855981656,5.293126064302306,7.664971828460693,0.05494505494505494,198.3246302201427,b,DHW 8.47,0,0.38248022398395265,0.1545418284790493,0.05886349509976881,0.03340334858968663,0.05608616977790397,0.09149206966992723,joint_compound_brms,reef_blocked_2024,4,-0.05886349509976881,0.05886349509976881
mmp,4140753,22-009,Barren Island Reef (22-009),2024,Southern GBR,4,11.06,0.53129173943683,0.2598804032895316,4.823371628795423,7.690150737762451,0.01098901098901099,27.798770058383468,b,further decline as a result of bleaching in 2024,0.17115624670633436,0.8835922917846766,0.2246383564942931,0.1983501501874827,0.11145032165454304,0.1908137266014752,0.3191033795345216,joint_compound_brms,reef_blocked_2024,4,-0.02719390348114833,0.02719390348114833
mmp,4140754,22-009,Barren Island Reef (22-009),2024,Southern GBR,4,11.06,0.8432966093606045,0.5916565683895456,4.823371628795423,7.690150737762451,0.01098901098901099,27.798770058383468,b,bleaching still evident at time of surveys,0.5607580187998068,0.9655803852394264,0.2927259742704389,0.2826319288607278,0.1622283381484485,0.2750579604355235,0.43600340156680856,joint_compound_brms,reef_blocked_2024,4,0.278126089939079,0.278126089939079
mmp,4140772,22-009,Barren Island Reef (22-009),2024,Southern GBR,4,11.06,0.9188685148426852,0.6208482450147622,4.823371628795423,7.690150737762451,0.01098901098901099,27.798770058383468,b,further decline as a result of bleaching in 2024,0.2354543608301246,0.970641453903112,0.16022464439909287,0.15545203373233513,0.07701232559515832,0.14670361615733696,0.25924848597009764,joint_compound_brms,reef_blocked_2024,4,0.08000232709778948,0.08000232709778948
mmp,4140773,22-009,Barren Island Reef (22-009),2024,Southern GBR,4,11.06,0.9329570973491906,0.7041189584586074,4.823371628795423,7.690150737762451,0.01098901098901099,27.798770058383468,b,bleaching still evident at time of surveys,0.1182622800359385,0.9769419645698229,0.171367308397659,0.16735573207135568,0.08307992524916057,0.1578491420987661,0.2826878932255625,joint_compound_brms,reef_blocked_2024,4,-0.04909345203541718,0.04909345203541718
ltmp,4185533,23-055a,One Tree Island Reef (23-055a),2024,Southern GBR,4,11.53,0.9167527148244318,0.6465710923203194,5.509502913839823,7.843398094177246,0.02197802197802198,75.37078298757997,m,DHW 11,0.7056209452888168,0.9802352221732508,0.5772719482868025,0.565844410427827,0.4296666521132055,0.5716106393552989,0.6873297726484193,joint_compound_brms,reef_blocked_2024,4,0.13977653486098984,0.13977653486098984
manta,4284425,23-055a,One Tree Island Reef (23-055a),2024,Southern GBR,4,11.53,0.9167527148244318,0.6064749895445039,5.509502913839823,7.843398094177246,0.02197802197802198,75.37078298757997,m,Aerial bl 4 2024  DHW 11.81,0.5107539897859481,0.9767420917700216,0.5969497459816877,0.5830511748297132,0.4503571711593503,0.5893315118551317,0.7033892120089767,joint_compound_brms,reef_blocked_2024,4,-0.07229718504376514,0.07229718504376514
ltmp,4187208,23-082a,Lady Musgrave Reef (23-082a),2024,Southern GBR,4,11.12,0.9474516636293956,0.6333792303847722,5.801442997806395,7.673856258392334,0.01098901098901099,75.2376810282473,m,b s 34% decline hc abs 55% decline rel,0.5425304381746469,0.9726122144863298,0.457794818284909,0.4451711576145448,0.27979030434864105,0.44111717114034343,0.6150257070597139,joint_compound_brms,reef_blocked_2024,4,0.09735928056010208,0.09735928056010208
manta,4284760,23-082a,Lady Musgrave Reef (23-082a),2024,Southern GBR,4,11.12,0.9474516636293956,0.6318089437365313,5.801442997806395,7.673856258392334,0.01098901098901099,75.2376810282473,m,Aerial bl 4 2024 DHW 11.42,0.3784926956594735,0.9710086414497602,0.4861030743149185,0.4719222985577451,0.309112236653249,0.4701064048356589,0.6362708666098261,joint_compound_brms,reef_blocked_2024,4,-0.09342960289827155,0.09342960289827155
ltmp,4241126,11-016,McSweeney Reef (11-016),2024,Northern GBR,5,5.43,0,0.11197523789881832,6.492034321653199,5.674314975738525,0.14285714285714285,61.227214056639745,NA,NA,0,0.231806742222617,0.12576088119540302,0.02895510950844286,0.01498033918785393,0.02750032319876573,0.04736629424882464,joint_compound_brms,reef_blocked_2024,5,-0.02895510950844286,0.02895510950844286
manta,4285342,13-133,Tydeman Reef (13-133),2024,Northern GBR,5,7.18,0.36088278135206137,0.38356413829938735,6.686516551675772,5.385504722595215,0.17582417582417584,27.79877005838321,b,Aerial bl 3 2024 DHW 7.18,0.26606508064600476,0.5658106128527934,0.20744148492723435,0.11733021937676388,0.077600376905158,0.11439771375310598,0.16641061306409186,joint_compound_brms,reef_blocked_2024,5,0.1487348612692409,0.1487348612692409
ltmp,4172974,14-123,Martin Reef (14-123),2024,Northern GBR,5,6.4,0.5837078855804666,0.20952153168187224,6.662192357426267,5.099393844604492,0.2307692307692308,27.798770058382857,b,no decline,0.3676370188512778,0.43357474620924946,0.15626639898845116,0.06762157988893078,0.04121598028135396,0.06593921616569383,0.10054569458604856,joint_compound_brms,reef_blocked_2024,5,0.30001543896234706,0.30001543896234706
manta,4285469,14-123,Martin Reef (14-123),2024,Northern GBR,5,6.4,0.5837078855804666,0.2716942520166412,6.662192357426267,5.099393844604492,0.2307692307692308,27.798770058382857,b,DHW 6.73 aerial bl 5,0.19967709485407348,0.4811845147494282,0.183314860393396,0.08809488566676829,0.05594563143436975,0.08562158576552241,0.12872131013943272,joint_compound_brms,reef_blocked_2024,5,0.1115822091873052,0.1115822091873052
ltmp,4175199,14-126,Linnet Reef (14-126),2024,Northern GBR,5,6.73,0.6343256027311654,0.31732653959228374,6.662192357426267,5.099393844604492,0.2307692307692308,27.798770058382857,b,DHW 6.73,0.4141783096477083,0.5563099936245814,0.15982195889545803,0.08888437185002203,0.05353600826904529,0.08653495786290892,0.1305246489296518,joint_compound_brms,reef_blocked_2024,5,0.32529393779768634,0.32529393779768634
manta,4285399,14-126,Linnet Reef (14-126),2024,Northern GBR,5,6.73,0.6343256027311654,0.4278475351183221,6.662192357426267,5.099393844604492,0.2307692307692308,27.798770058382857,b,DHW 6.73,0.7147170912272767,0.6484195294794923,0.19745275764600537,0.12802732799603425,0.08238741413730843,0.12448371998786732,0.1836608464116689,joint_compound_brms,reef_blocked_2024,5,0.5866897632312424,0.5866897632312424
ltmp,4174485,15-024,Mackay Reefs (15-024),2024,Northern GBR,5,4.58,0.11108575555250784,0.24202255587051924,6.7363531973548385,5.366098403930664,0.15384615384615383,26.81989949840036,m,NA,0.2553628149610071,0.33128022986509015,0.18647053650014853,0.06160223382135375,0.03450809919755344,0.05977865600080166,0.09525390787378644,joint_compound_brms,reef_blocked_2024,5,0.19376058113965336,0.19376058113965336
mmp,4160180,16-006,Snapper Reef (16-006),2024,Central GBR,5,6.93,0.2276483309360394,0.16863589480805166,6.812168274251864,3.162578821182251,0.5164835164835165,26.688203488870816,m,NA,0.6942901257684129,0.5110170316756216,0.2116347206168996,0.10762834678363412,0.05824166952925114,0.10404755670292584,0.17315177168209978,joint_compound_brms,reef_blocked_2024,5,0.5866617789847788,0.5866617789847788
mmp,4160201,16-006,Snapper Reef (16-006),2024,Central GBR,5,6.93,0.2276483309360394,0.5029984341764817,6.812168274251864,3.162578821182251,0.5164835164835165,26.688203488870816,m,NA,1,0.7918284981413287,0.27501524095925656,0.21779230457135143,0.1287464284001831,0.214247027427732,0.3162816720608202,joint_compound_brms,reef_blocked_2024,5,0.7822076954286485,0.7822076954286485
mmp,4160222,16-006,Snapper Reef (16-006),2024,Central GBR,5,6.93,0.13825214405281794,0.3378998441589269,6.812168274251864,3.162578821182251,0.5164835164835165,26.688203488870816,m,NA,0,0.6596951818747906,0.12277504029174952,0.08071214703168575,0.04289415530466082,0.07768143924915033,0.12999545617690786,joint_compound_brms,reef_blocked_2024,5,-0.08071214703168575,0.08071214703168575
mmp,4160243,16-006,Snapper Reef (16-006),2024,Central GBR,5,6.93,0.13825214405281794,0.5789794313776275,6.812168274251864,3.162578821182251,0.5164835164835165,26.688203488870816,m,NA,1,0.8298545034716808,0.1527172504655251,0.12682195109503666,0.06569445686570195,0.1223143210956741,0.2017063542401624,joint_compound_brms,reef_blocked_2024,5,0.8731780489049633,0.8731780489049633
ltmp,4178609,16-068,Thetford Reef (16-068),2024,Central GBR,5,7.34,0.1800947025045891,0.22060182847007123,6.977581085825649,6.070464134216309,0.12087912087912088,60.02815871783477,b,Aerial bl 3 2024 DHW 7.63 2024,0.05542349117761327,0.4233602127789283,0.24090964023572017,0.10179455225144056,0.05824734931892512,0.09817724496059826,0.15872284023776337,joint_compound_brms,reef_blocked_2024,5,-0.04637106107382727,0.04637106107382727
manta,4068550,16-068,Thetford Reef (16-068),2024,Central GBR,5,7.34,0.1800947025045891,0.2945187715384348,6.977581085825649,6.070464134216309,0.12087912087912088,60.02815871783477,b,Aerial bl 3 2024 DHW 7.63 2024,0.22109938427513848,0.4819287781482684,0.2817341759238425,0.13566635926152035,0.07815862626054908,0.13253651829258517,0.20438924646411963,joint_compound_brms,reef_blocked_2024,5,0.08543302501361813,0.08543302501361813
ltmp,4226570,18-030,Kelso Reef (18-030),2024,Central GBR,5,6.72,0.233741827105771,0.17043083147705607,6.212002270133139,6.278666973114014,0.08791208791208792,83.77527323363911,b,Aerial bl 4 2024 DHW6.56 2025 6.48 2024,0,0.3191197349839298,0.14230461071449746,0.04539203947579343,0.02933218913246926,0.04413510264087708,0.06476094893770463,joint_compound_brms,reef_blocked_2024,5,-0.04539203947579343,0.04539203947579343
manta,4066150,18-030,Kelso Reef (18-030),2024,Central GBR,5,6.72,0.233741827105771,0.2793191849642483,6.212002270133139,6.278666973114014,0.08791208791208792,83.77527323363911,b,Aerial bl 4 2024 DHW6.56 2025 6.48 2024,0,0.4063721149381956,0.16956146966751792,0.06889908174438938,0.04692886610793618,0.06804912809854013,0.09361078159228343,joint_compound_brms,reef_blocked_2024,5,-0.06889908174438938,0.06889908174438938
mmp,4137924,18-049e,Orpheus (Goolboddi) Island Reef (No 5) (18-049e),2024,Central GBR,5,5.37,0.9172638468175502,0.4325126192195391,6.212002270133139,4.993875026702881,0.2087912087912088,38.297776879451746,m,bleaching observed during targetted bleaching surveys,0.33651069129053574,0.5950833092032967,0.16694348084220376,0.0989625851972015,0.04661022374450659,0.09242517759740825,0.1759002616098832,joint_compound_brms,reef_blocked_2024,5,0.23754810609333424,0.23754810609333424
mmp,4137940,18-049e,Orpheus (Goolboddi) Island Reef (No 5) (18-049e),2024,Central GBR,5,5.37,0.8773050262564269,0.5071642460105452,6.212002270133139,4.993875026702881,0.2087912087912088,38.297776879451746,m,bleaching observed during targetted bleaching surveys,0.23408438029879564,0.6589010880680752,0.08546362350365477,0.05592424609047133,0.02698153501497686,0.05123990996441661,0.09993731577078688,joint_compound_brms,reef_blocked_2024,5,0.1781601342083243,0.1781601342083243
ltmp,4226931,18-081,Knife Reef (18-081),2024,Central GBR,5,6.54,0.570519458454164,0.44284851257291497,5.947264586791359,6.650827884674072,0.06593406593406594,111.1950802335326,m,decline 5%  disease 60 DHW 6.54 Kirrily,0.09635988962854024,0.6086314897422046,0.1197553793100112,0.07283680133094403,0.04529790355939345,0.0712766979873714,0.1059717305682058,joint_compound_brms,reef_blocked_2024,5,0.02352308829759621,0.02352308829759621
manta,4066204,19-098,Wansfell Reef (19-098),2024,Central GBR,5,3.37,0.18775765340217165,0.3150152243884395,5.8287453483906155,7.429059028625488,0.04395604395604396,83.39631017514978,b,Aerial bl 3 2024 DHW 3.37 2024 DHW 2.61 2025,0.19912105097139948,0.35482931886283664,0.15656774637196635,0.0554158034284346,0.02797418215011875,0.05267942775023822,0.09048913938171958,joint_compound_brms,reef_blocked_2024,5,0.14370524754296488,0.14370524754296488
ltmp,4233078,19-131a,U/N Reef (19-131a),2024,Central GBR,5,5.82,0.15580743050357476,0.4562967207282716,5.8287453483906155,7.407030582427979,0.02197802197802198,61.428452679898,NA,NA,0,0.5691700905703992,0.17043453635376285,0.09695781087587044,0.05443409049557251,0.09420262773942384,0.14900354407225097,joint_compound_brms,reef_blocked_2024,5,-0.09695781087587044,0.09695781087587044
ltmp,4233079,19-131a,U/N Reef (19-131a),2024,Central GBR,5,5.82,0.1289236137275135,0.4335372598168783,5.8287453483906155,7.407030582427979,0.02197802197802198,61.428452679898,NA,NA,0,0.5441613984695054,0.1682665431128827,0.09150060329335792,0.05081398350580405,0.08901270073514875,0.1406596112427531,joint_compound_brms,reef_blocked_2024,5,-0.09150060329335792,0.09150060329335792
manta,4067674,19-131a,U/N Reef (19-131a),2024,Central GBR,5,5.82,0.15580743050357476,0.29052989579115857,5.8287453483906155,7.407030582427979,0.02197802197802198,61.428452679898,NA,NA,0.02128026046641708,0.3927001329766665,0.16572378955066164,0.06502395033945386,0.0381933575873517,0.06335984128226192,0.0973802117316491,joint_compound_brms,reef_blocked_2024,5,-0.04374368987303678,0.04374368987303678
manta,4067675,19-131a,U/N Reef (19-131a),2024,Central GBR,5,5.82,0.1289236137275135,0.256479474775485,5.8287453483906155,7.407030582427979,0.02197802197802198,61.428452679898,NA,NA,0,0.3582893464647523,0.16302740573811447,0.05834062625921565,0.03354122591578133,0.05681981619917184,0.08855981567453415,joint_compound_brms,reef_blocked_2024,5,-0.05834062625921565,0.05834062625921565
ltmp,4228045,19-209,Rebe Reef (19-209),2024,Central GBR,5,11.14,0.6402774310653515,0.34370121589495445,5.8287453483906155,7.324434280395508,0.01098901098901099,141.95146623793426,b,Aerial bl 4,0.3688870700792086,0.9100518291254728,0.31161183125973957,0.28352805558037497,0.19222596445943055,0.28113302942031154,0.38367391432027226,joint_compound_brms,reef_blocked_2024,5,0.08535901449883365,0.08535901449883365
manta,4067239,19-209,Rebe Reef (19-209),2024,Central GBR,5,11.14,0.6402774310653515,0.46618035867601393,5.8287453483906155,7.324434280395508,0.01098901098901099,141.95146623793426,b,Aerial bl 4,0,0.9392396552747968,0.3779325811504094,0.3550177003653587,0.24732633224865735,0.35412926222000796,0.4696542488835974,joint_compound_brms,reef_blocked_2024,5,-0.3550177003653587,0.3550177003653587
manta,4067240,19-209,Rebe Reef (19-209),2024,Central GBR,5,11.14,0.6402774310653515,0.6158185078470628,5.8287453483906155,7.324434280395508,0.01098901098901099,141.95146623793426,b,DHW 9.3 to 11.1,0.2429906656982307,0.9651304209006032,0.4221018796439094,0.4074150274866562,0.28392184195583375,0.40678733162882896,0.5361731869927341,joint_compound_brms,reef_blocked_2024,5,-0.1644243617884255,0.1644243617884255
mmp,4139904,20-028d,Hook Island Reef (No 4) (20-028d),2024,Central GBR,5,6.61,0.1423214731378012,0.07448612680364963,5.8287453483906155,6.882554054260254,0.03296703296703297,0,NA,NA,0,0.2445337993427847,0.18140322369554737,0.04376121805549347,0.01844991118292506,0.04049794240803697,0.08071840894306338,joint_compound_brms,reef_blocked_2024,5,-0.04376121805549347,0.04376121805549347
mmp,4139918,20-028d,Hook Island Reef (No 4) (20-028d),2024,Central GBR,5,6.61,0.03849021114891813,0.18146905175768832,5.8287453483906155,6.882554054260254,0.03296703296703297,0,NA,NA,0,0.3175999082527842,0.10523119093932884,0.03266400290937339,0.01371143342611169,0.02998019857075649,0.06068514487609985,joint_compound_brms,reef_blocked_2024,5,-0.03266400290937339,0.03266400290937339
mmp,4146310,20-095,Seaforth Reef (20-095),2024,Central GBR,5,9.47,0.05021782281804785,0.08750189043508103,5.8287453483906155,6.957430839538574,0.02197802197802198,27.79877005838312,NA,NA,0.01502604639453262,0.5047285152168723,0.20555859450384745,0.10353194279403448,0.0492759297199722,0.09740843105602082,0.17503469461091045,joint_compound_brms,reef_blocked_2024,5,-0.08850589639950185,0.08850589639950185
mmp,4146325,20-095,Seaforth Reef (20-095),2024,Central GBR,5,9.47,0,0.09847645164875594,5.8287453483906155,6.957430839538574,0.02197802197802198,27.79877005838312,NA,NA,0,0.5101172768242442,0.10481400129811552,0.05291931503860131,0.02491093740506761,0.0494900988483536,0.0904497391223507,joint_compound_brms,reef_blocked_2024,5,-0.05291931503860131,0.05291931503860131
manta,4067796,20-287,Credlin Reefs (East) (20-287),2024,Southern GBR,5,8.14,0.1631631572030451,0.35058914094719495,5.8287453483906155,7.596888065338135,0.01098901098901099,107.88088100039306,NA,NA,0,0.578106961483274,0.21408668613882936,0.1235858433406553,0.07449422442144595,0.12061627059517196,0.18114932987322055,joint_compound_brms,reef_blocked_2024,5,-0.1235858433406553,0.1235858433406553
ltmp,4223966,21-025,Penrith Reef (21-025),2024,Southern GBR,5,8.25,0.02455375498852522,0.11074893260389602,5.410388454901543,7.600882530212402,0.01098901098901099,95.56334639855292,NA,NA,0,0.3603727827799525,0.14118468682285687,0.05061699575693779,0.02690138499717036,0.04814787840578927,0.08230605687237148,joint_compound_brms,reef_blocked_2024,5,-0.05061699575693779,0.05061699575693779
manta,4067168,21-025,Penrith Reef (21-025),2024,Southern GBR,5,8.25,0.02455375498852522,0.363835749390651,5.410388454901543,7.600882530212402,0.01098901098901099,95.56334639855292,NA,NA,0.4209413337751398,0.5919063175042459,0.1910715225556435,0.11288811028478515,0.06613280994563442,0.10919625091033192,0.17125904709491938,joint_compound_brms,reef_blocked_2024,5,0.3080532234903547,0.3080532234903547
manta,4049349,21-296,U/N Reef (21-296),2024,Southern GBR,5,6.8500000000000005,0.2073805916775587,0.2593232071269527,5.04829112437769,7.576849460601807,0.02197802197802198,234.58133252949253,b,Aerial bl 5 2024 DHW 6.85 2024,0,0.3897265601705627,0.13194871817126158,0.05124467594377334,0.03000564996409716,0.04971214651241892,0.07665581838040345,joint_compound_brms,reef_blocked_2024,5,-0.05124467594377334,0.05124467594377334
manta,4284566,21-550,U/N Reef (21-550),2024,Southern GBR,5,7.85,0.22806223341999204,0.5231246127836484,5.293126064302306,7.698933601379395,0.05494505494505494,175.33603223489754,NA,NA,0.3105929180461531,0.7516848422707814,0.23372406663129153,0.1756876814591775,0.11570531989757314,0.17228359065383472,0.2445001720142416,joint_compound_brms,reef_blocked_2024,5,0.13490523658697556,0.13490523658697556
ltmp,4232334,21-562,Turner Reef (21-562),2024,Southern GBR,5,9.27,0.12813436740046336,0.12528128336068736,5.293126064302306,7.622081279754639,0.03296703296703297,211.65905306044084,NA,NA,0.10489837425504042,0.5912771156916096,0.13963311444035523,0.08237432036483752,0.04809762601956102,0.08096118707632555,0.12387955069881784,joint_compound_brms,reef_blocked_2024,5,0.0225240538902029,0.0225240538902029
ltmp,4232335,21-562,Turner Reef (21-562),2024,Southern GBR,5,9.27,0.08656072859991064,0.08887790813431366,5.293126064302306,7.622081279754639,0.03296703296703297,211.65905306044084,b,NA,0,0.5516010556054105,0.13707473034925505,0.07538466382909105,0.0424794043062549,0.07406351371683442,0.1156479313506402,joint_compound_brms,reef_blocked_2024,5,-0.07538466382909105,0.07538466382909105
manta,4284698,21-562,Turner Reef (21-562),2024,Southern GBR,5,9.27,0.12813436740046336,0.21160583760646007,5.293126064302306,7.622081279754639,0.03296703296703297,211.65905306044084,NA,NA,0.3153081782272817,0.6591300633931113,0.16958419125047297,0.11163345715478036,0.0669967352658377,0.10953054527098174,0.1673248842940762,joint_compound_brms,reef_blocked_2024,5,0.20367472107250137,0.20367472107250137
manta,4284699,21-562,Turner Reef (21-562),2024,Southern GBR,5,9.27,0.08656072859991064,0.1222713025202314,5.293126064302306,7.622081279754639,0.03296703296703297,211.65905306044084,b,DHW 8.65 to 9.27,0,0.5709672024213365,0.15828709690599557,0.09019913453620036,0.05197153149492982,0.0883541189876988,0.13743802063725863,joint_compound_brms,reef_blocked_2024,5,-0.09019913453620036,0.09019913453620036
ltmp,4223356,21-591,U/N Reef (21-591),2024,Southern GBR,5,8.13,0.3441447761193373,0.19995291484269695,5.410388454901543,7.682434558868408,0,117.60569926842686,NA,NA,0,0.4524935706656326,0.10635707178066955,0.04795698971139978,0.02905882457573652,0.04692154922845693,0.07112350148694883,joint_compound_brms,reef_blocked_2024,5,-0.04795698971139978,0.04795698971139978
manta,4067531,21-591,U/N Reef (21-591),2024,Southern GBR,5,8.13,0.3441447761193373,0.3794207532763258,5.410388454901543,7.682434558868408,0,117.60569926842686,NA,NA,0,0.6154590545858174,0.1379342941171426,0.08471107206704258,0.05467209475824882,0.08304226044180096,0.1186161313142483,joint_compound_brms,reef_blocked_2024,5,-0.08471107206704258,0.08471107206704258
ltmp,4186339,22-102,Chinaman Reef (22-102),2024,Southern GBR,5,9.41,0.14325013683013463,0.22135253766117685,5.293126064302306,7.634066581726074,0.05494505494505494,221.91002299353315,b,decline hc,0.1549831580635079,0.7259259005910516,0.13989042070644123,0.10138181536785144,0.05950474556892465,0.09922688470320476,0.15111723476995292,joint_compound_brms,reef_blocked_2024,5,0.05360134269565647,0.05360134269565647
manta,4284635,22-102,Chinaman Reef (22-102),2024,Southern GBR,5,9.41,0.14325013683013463,0.18136489645736495,5.293126064302306,7.634066581726074,0.05494505494505494,221.91002299353315,b,Aerial bl 3 2024 DHW 9.57,0,0.6818593124440246,0.1517766577381209,0.1033491964885972,0.06089860686956702,0.10089946149084422,0.15578658726868477,joint_compound_brms,reef_blocked_2024,5,-0.1033491964885972,0.1033491964885972
ltmp,4181617,23-069,Mast Head Reef (23-069),2024,Southern GBR,5,11.08,0.7967591332408196,0.4000561441690104,5.301987044294902,7.857634544372559,0.01098901098901099,58.02948927544897,b,decline in hc,0.2019468711406776,0.9503454858113084,0.3322523556345244,0.31576107452157304,0.23157565282242443,0.3144171504985731,0.4041405834220235,joint_compound_brms,reef_blocked_2024,5,-0.11381420338089544,0.11381420338089544
manta,4284513,23-069,Mast Head Reef (23-069),2024,Southern GBR,5,11.08,0.7967591332408196,0.38230377464643,5.301987044294902,7.857634544372559,0.01098901098901099,58.02948927544897,b,DHW 11.17,0.27324709489204596,0.9440264531842716,0.36025360907707904,0.3401200372853073,0.24876749969164025,0.3394869098264345,0.4394751711117997,joint_compound_brms,reef_blocked_2024,5,-0.06687294239326136,0.06687294239326136
manta,1273202,13-118a,Creech Reef (North) (13-118a),2016,Northern GBR,5,9.82,0.1160009674795442,0.5454980628513275,5.760768972511061,4.80440092086792,0.12087912087912088,54.0042200125233,b,Bleaching,0.38243677390482966,0.6628550248600468,0.33842128723795106,0.22421898801998197,0.11980558937833588,0.2173768240401603,0.3567376470638073,joint_compound_brms,leave_one_event_out,2016,0.1582177858848477,0.1582177858848477
manta,1273145,13-121,U/N Reef (13-121),2016,Northern GBR,1,9.98,0.12079338210246623,0.22067662178568376,6.0375282804736266,4.953568458557129,0.13186813186813187,61.79502527764437,b,Bleaching,0.39358480326995926,0.45648281974312166,0.31079400871886237,0.14166271578973622,0.07632938620248104,0.13553128244060186,0.22427383661074574,joint_compound_brms,leave_one_event_out,2016,0.25192208748022304,0.25192208748022304
manta,4285232,13-124,U/N Reef (13-124),2016,Northern GBR,4,7.04,0.11860701234673533,0.24797977140418176,5.760768972511061,4.80440092086792,0.12087912087912088,54.0042200125233,m,COTS/bleaching,0.12249764773467146,0.19361214601533935,0.20443394098908751,0.039221302782815645,0.018953672242606016,0.03687293317476918,0.06976766249632797,joint_compound_brms,leave_one_event_out,2016,0.08327634495185582,0.08327634495185582
manta,4285439,13-127,Rodda Reef (13-127),2016,Northern GBR,2,8.24,0.12565038764157993,0.35991753534805637,6.0375282804736266,4.918301582336426,0.16483516483516483,38.723631859261,b,Bleaching,0.26680976007009627,0.3990804753235475,0.3146813891081028,0.1254880162842353,0.06945459715811753,0.1213909506702216,0.1949886705367442,joint_compound_brms,leave_one_event_out,2016,0.14132174378586096,0.14132174378586096
ltmp,4171462,14-114,MacGillivray Reef (14-114),2016,Northern GBR,4,8.61,0.012206575097515862,0.1183821535444432,6.20293776135495,5.603195667266846,0.14285714285714285,38.660259476645,m,bleaching in sector. COTS and cyclone,0,0.3182003108625217,0.22806689218570103,0.07254466523578706,0.03835533588010802,0.06931729121378656,0.11564587738690099,joint_compound_brms,leave_one_event_out,2016,-0.07254466523578706,0.07254466523578706
manta,4206382,14-114,MacGillivray Reef (14-114),2016,Northern GBR,4,8.61,0.012206575097515862,0.08482093786202573,6.20293776135495,5.603195667266846,0.14285714285714285,38.660259476645,m,bleaching in sector. COTS and cyclone,0.14105772044354065,0.2788238883714896,0.26330499861041023,0.07327029889935248,0.04096687551906843,0.0700706053771506,0.11651812378392601,joint_compound_brms,leave_one_event_out,2016,0.06778742154418817,0.06778742154418817
ltmp,4172980,14-123,Martin Reef (14-123),2016,Northern GBR,5,7.87,0.012430464816644506,0.09327377675792871,6.20293776135495,5.099643707275391,0.15384615384615383,27.798770058382857,m,Nathan and bleaching 2016 COTS removal-317,0.48564340982446613,0.19950276042644902,0.2495825984123497,0.04958564730248764,0.0244067074870028,0.04697450736369954,0.08408639402977947,joint_compound_brms,leave_one_event_out,2016,0.4360577625219785,0.4360577625219785
ltmp,4175205,14-126,Linnet Reef (14-126),2016,Northern GBR,5,7.76,0,0.04596775366864915,6.20293776135495,5.099643707275391,0.15384615384615383,27.798770058382857,m,"0+ bleaching in sector.  Cyclone Ita April 2014, Cyclone Nathan March 2015, COTS removal in 2014 - 261",0.25182298239511186,0.17147052488388592,0.2506308943299614,0.04274790111659151,0.02121274973963018,0.04049494801675707,0.07249044051730194,joint_compound_brms,leave_one_event_out,2016,0.20907508127852034,0.20907508127852034
ltmp,4173748,14-137,Carter Reef (14-137),2016,Northern GBR,3,11.32,0.25728508433988473,0.2529042297452632,6.20293776135495,5.419349670410156,0.13186813186813187,61.75564549314031,m,"0+ survey severe bleaching in sector 2016 summer, also severe storm damage.  Cyclone Nathan March 2015, 2015/16 summer bleaching",0.6596385918260654,0.7338448479280634,0.31405132433854077,0.2301697963572628,0.136123770804787,0.22504011034348617,0.33884864449312985,joint_compound_brms,leave_one_event_out,2016,0.4294687954688026,0.4294687954688026
ltmp,4175974,14-138,Yonge Reef (14-138),2016,Northern GBR,1,11.49,0.23432375159355373,0.1814227608355879,6.20293776135495,5.419349670410156,0.13186813186813187,61.75564549314031,m,"bleaching mortality, storm dmage.  intact dead colonies observed,Cyclone Nathan March 2015, 2015/16 summer bleaching",0.5962824992034219,0.6955232418789887,0.28791039708640914,0.20000410189357512,0.11173292520197028,0.194428344857018,0.3054777485915523,joint_compound_brms,leave_one_event_out,2016,0.3962783973098468,0.3962783973098468
ltmp,4174491,15-024,Mackay Reefs (15-024),2016,Northern GBR,5,6.7700000000000005,0.007594889016837175,0.14672829678633104,6.241679036915178,5.16959285736084,0.17582417582417584,26.81989949840036,NA,NA,0,0.22798117656462621,0.1989525962349622,0.04529931849842969,0.024268026400366675,0.043633134170457846,0.07153126148262957,joint_compound_brms,leave_one_event_out,2016,-0.04529931849842969,0.04529931849842969
ltmp,4176756,15-099c,Agincourt Reefs (No 1) (15-099c),2016,Central GBR,1,6.890000000000001,0.30463843268583835,0.2600309172827717,6.1099236703209865,4.878602981567383,0.24175824175824176,53.443772818368494,b,"bleaching mortality-decline in HC and SC.  2015/16 bleaching event, COTS removal dives- 0 COTS",0.5324526227764816,0.38366043265323435,0.21378876366766822,0.0819409463515588,0.051491712394890046,0.07967819027989159,0.12004754225074486,joint_compound_brms,leave_one_event_out,2016,0.45051167642492285,0.45051167642492285
manta,4206433,15-099c,Agincourt Reefs (No 1) (15-099c),2016,Central GBR,1,6.890000000000001,0.30463843268583835,0.1830756463147309,6.1099236703209865,4.878602981567383,0.24175824175824176,53.443772818368494,b,bleaching mortality-decline in HC and SC,0.2721051385461741,0.30673112408205067,0.2430692507018695,0.07440719508319311,0.04555384480990717,0.07246972110306682,0.11008766959729474,joint_compound_brms,leave_one_event_out,2016,0.19769794346298097,0.19769794346298097
manta,4206198,16-015,Mackay Reef (16-015),2016,Central GBR,2,2.75,0.2318156168657843,0.16947795941432048,6.1099236703209865,4.878602981567383,0.24175824175824176,53.443772818368494,NA,NA,0,0.202004536364258,0.21576288052186343,0.04336744818563261,0.02051667273364862,0.040848331686815176,0.07409974787665753,joint_compound_brms,leave_one_event_out,2016,-0.04336744818563261,0.04336744818563261
ltmp,4177626,16-019,St Crispin Reef (16-019),2016,Central GBR,4,5.82,0.26925833368007346,0.2076522350927435,6.1099236703209865,4.878602981567383,0.24175824175824176,53.443772818368494,b,"bleaching mortality- HC and particularly SC.  2015/16 summer bleaching, COTS removal-69",0.3254497884276005,0.29903338906327637,0.17408961732777886,0.05208391468964809,0.02998503848685346,0.049963921025723335,0.08091513309530614,joint_compound_brms,leave_one_event_out,2016,0.2733658737379524,0.2733658737379524
manta,4206495,16-019,St Crispin Reef (16-019),2016,Central GBR,4,5.82,0.26925833368007346,0.19884073261590862,6.1099236703209865,4.878602981567383,0.24175824175824176,53.443772818368494,b,bleaching mortality- HC and particularly SC,0.47023809222379687,0.27758783911329626,0.20511022409680862,0.05685460249568307,0.03318474829633765,0.05532334376272799,0.08729553820980256,joint_compound_brms,leave_one_event_out,2016,0.4133834897281138,0.4133834897281138
ltmp,3752921,16-025,Opal Reef (16-025),2016,Central GBR,3,5.82,0.24670223660435814,0.20039619151906032,6.0603948110951675,5.264625549316406,0.16483516483516483,77.0247173690324,b,"bleaching mortality- HC and particularly SC, COTS removal-2188.  2015/16 summer bleaching, COTS removal-2188",0.5820464815884053,0.2597161497296713,0.17614219977074402,0.04572245220093549,0.02838485522166084,0.044521139109295206,0.0685892405731089,joint_compound_brms,leave_one_event_out,2016,0.5363240293874698,0.5363240293874698
manta,4068506,16-025,Opal Reef (16-025),2016,Central GBR,3,5.82,0.24670223660435814,0.20866431477244923,6.0603948110951675,5.264625549316406,0.16483516483516483,77.0247173690324,b,"bleaching mortality- HC and particularly SC, COTS removal-2188",0.23403189881694922,0.2509916915027466,0.20817370174391223,0.05218976188865916,0.03221984691470607,0.05107359675877486,0.07659344980390663,joint_compound_brms,leave_one_event_out,2016,0.18184213692829004,0.18184213692829004
ltmp,4170717,16-028,Low Islands Reef (16-028),2016,Central GBR,4,2.62,0,0.21446970125045456,6.289371580344124,2.3784172534942627,0.7472527472527473,26.65400763146825,NA,NA,0,0.42422187563430636,0.34083485398526464,0.14110135891727132,0.019830130658196072,0.10266822233736178,0.3963848561916311,joint_compound_brms,leave_one_event_out,2016,-0.14110135891727132,0.14110135891727132
ltmp,3765535,16-049,Green Island Reef (16-049),2016,Central GBR,1,3.67,0.01851190292821619,0.055087663392395805,6.02899934386659,5.155791759490967,0.16483516483516483,38.476277836573935,NA,NA,0,0.1100279718476191,0.17545187364008255,0.01904153640512794,0.008859559991056714,0.017622120638056026,0.03517495869772343,joint_compound_brms,leave_one_event_out,2016,-0.01904153640512794,0.01904153640512794
manta,4068398,16-049,Green Island Reef (16-049),2016,Central GBR,1,3.67,0.01851190292821619,0.08064207633580285,6.02899934386659,5.155791759490967,0.16483516483516483,38.476277836573935,NA,NA,0,0.11059437584159162,0.19339137911591942,0.02117835098756877,0.009937666844043862,0.020012147082188486,0.036900332359006895,joint_compound_brms,leave_one_event_out,2016,-0.02117835098756877,0.02117835098756877
ltmp,4230132,16-054a,Fitzroy Island Reef (No 1) (16-054a),2016,Central GBR,2,3.15,0.002966377970621445,0.16078631959119336,6.02899934386659,3.996285915374756,0.31868131868131866,26.584094214082956,b,NA,0,0.15452117929610437,0.1816037841446075,0.027179155061692876,0.01098771913501349,0.023865979592289907,0.054490458742115444,joint_compound_brms,leave_one_event_out,2016,-0.027179155061692876,0.027179155061692876
ltmp,4179549,16-057,Hastings Reef (16-057),2016,Central GBR,2,5.29,0.26029668302176,0.32196728137842545,6.0603948110951675,5.30230188369751,0.16483516483516483,60.09013295337378,b,"bleaching mortality- HC.  2015/16 summer bleaching, COTS removal-646",0.19841124810294208,0.3379318140103597,0.19479774097728322,0.06574475676178776,0.04088739154472001,0.0637407823093844,0.09714104809525863,joint_compound_brms,leave_one_event_out,2016,0.13266649134115432,0.13266649134115432
manta,4206254,16-057,Hastings Reef (16-057),2016,Central GBR,2,5.29,0.26029668302176,0.21721298885573315,6.0603948110951675,5.30230188369751,0.16483516483516483,60.09013295337378,b,bleaching mortality- HC,0.18667456706796567,0.2472779257791621,0.21936263499225256,0.05416680971229444,0.03309247135496155,0.05300363341816006,0.08060717914275632,joint_compound_brms,leave_one_event_out,2016,0.13250775735567122,0.13250775735567122
ltmp,3755348,16-060,Michaelmas Reef (16-060),2016,Central GBR,4,4.62,0.4029285931619887,0.16759601919543551,6.0603948110951675,5.30230188369751,0.16483516483516483,60.09013295337378,NA,NA,0,0.2338953692317346,0.17329745392700074,0.040443693235043224,0.023333971394565747,0.038533609460060424,0.06322446411543271,joint_compound_brms,leave_one_event_out,2016,-0.040443693235043224,0.040443693235043224
manta,4206526,16-060,Michaelmas Reef (16-060),2016,Central GBR,4,4.62,0.4029285931619887,0.12697280778440492,6.0603948110951675,5.30230188369751,0.16483516483516483,60.09013295337378,NA,NA,0,0.19798419787017443,0.20126541636218326,0.0396384075188433,0.02184739492017078,0.038192676880170265,0.06223760132557872,joint_compound_brms,leave_one_event_out,2016,-0.0396384075188433,0.0396384075188433
ltmp,3798884,16-064,Arlington Reef (16-064),2016,Central GBR,5,4.3500000000000005,0.31928139334368155,0.24185495998819326,6.02899934386659,5.155791759490967,0.16483516483516483,38.476277836573935,m,Aerial bl 2 2016,0.15434554384697532,0.2407882426958764,0.1716714910154516,0.04118331985749418,0.024126149485201073,0.03963810014219741,0.06393823746354503,joint_compound_brms,leave_one_event_out,2016,0.11316222398948114,0.11316222398948114
manta,4067445,16-064,Arlington Reef (16-064),2016,Central GBR,5,4.3500000000000005,0.31928139334368155,0.15541956021217848,6.02899934386659,5.155791759490967,0.16483516483516483,38.476277836573935,m,Aerial bl 2 2016,0,0.17954571400317265,0.1970193501126454,0.0351947412252889,0.019679759495598817,0.03399244756713219,0.054666979386737424,joint_compound_brms,leave_one_event_out,2016,-0.0351947412252889,0.0351947412252889
manta,4068586,17-032,Wardle Reef (17-032),2016,Central GBR,2,4.25,0.37879380044863115,0.17153797099516707,6.312297951880096,5.081471920013428,0.08791208791208792,53.02430121520352,b,Bleaching,0.32461427064832626,0.16655032803356193,0.20281389468836267,0.033361802391144016,0.015565026212331886,0.03093878087769606,0.05952740277676532,joint_compound_brms,leave_one_event_out,2016,0.29125246825718226,0.29125246825718226
manta,4068675,17-034,Feather Reef (17-034),2016,Central GBR,4,2.3000000000000003,0.285024077948406,0.2126643633997911,6.312297951880096,5.081471920013428,0.08791208791208792,53.02430121520352,NA,NA,0,0.1727882615686634,0.22698272940037997,0.038615065777099195,0.017103178736191774,0.035112247797935245,0.07315621656352159,joint_compound_brms,leave_one_event_out,2016,-0.038615065777099195,0.038615065777099195
ltmp,4239591,18-032,Rib Reef (18-032),2016,Central GBR,3,2.5,0.5609927243975694,0.37563843830178556,5.974353856470223,5.211080551147461,0.07692307692307693,59.56981330964312,m,"tons of cots on sites, COTS removal.  AO in 2017, 2- bleaching but little mortality as yet, COTS removal-2563",0.22877522516888116,0.2761976349582959,0.17556897557044165,0.04787645614892725,0.02237849148884722,0.0434800041724734,0.08485989435355512,joint_compound_brms,leave_one_event_out,2016,0.18089876901995391,0.18089876901995391
ltmp,4236916,18-051,Pandora Reef (18-051),2016,Central GBR,1,4.05,0.02493403970316661,0.36825483678239607,5.974353856470223,4.269242763519287,0.17582417582417584,26.32349077361211,b,NA,0,0.1878602265707476,0.1644062659576322,0.02995391324070294,0.012853453705290615,0.02709063126376423,0.056786950506789766,joint_compound_brms,leave_one_event_out,2016,-0.02995391324070294,0.02995391324070294
ltmp,4225913,18-065,Havannah Reef (18-065),2016,Central GBR,3,3.33,0.2625659600620433,0.03393456231043068,5.974353856470223,4.269242763519287,0.17582417582417584,26.32349077361211,b,NA,0,0.08254099108742531,0.1925428271329714,0.015266135899665275,0.00613139838409135,0.013615768927024891,0.03077906838051625,joint_compound_brms,leave_one_event_out,2016,-0.015266135899665275,0.015266135899665275
manta,4067801,20-287,Credlin Reefs (East) (20-287),2016,Southern GBR,5,2.04,0.24773964736805465,0.22940510456842383,5.91385626410439,6.455109596252441,0.06593406593406594,107.88088100039306,NA,NA,0,0.22587574680712924,0.13178531426748474,0.02956125270330638,0.016768842183066977,0.02845742980065212,0.04649707542971955,joint_compound_brms,leave_one_event_out,2016,-0.02956125270330638,0.02956125270330638
ltmp,4238628,21-305,East Cay Reef (21-305),2016,Southern GBR,2,0,0.19337438692150824,0.23294246989646447,5.979312548097701,6.954811096191406,0.05494505494505494,222.5876216694933,NA,NA,0.017880106893164695,0.2823353590178064,0.12156482085152007,0.03373413599821986,0.013863102060025263,0.030918551135180744,0.06438139361268676,joint_compound_brms,leave_one_event_out,2016,-0.015854029105055165,0.015854029105055165
manta,4284385,21-305,East Cay Reef (21-305),2016,Southern GBR,2,0,0.19337438692150824,0.3060918340269151,5.979312548097701,6.954811096191406,0.05494505494505494,222.5876216694933,NA,NA,0,0.3187369291854208,0.14545180350488013,0.04599372437735165,0.018235268868887305,0.04185560823203292,0.08592362843258536,joint_compound_brms,leave_one_event_out,2016,-0.04599372437735165,0.04599372437735165
ltmp,4182007,22-104a,Horseshoe Reef (No 1) (22-104a),2016,Southern GBR,1,0.37,0.5659424850063148,0.49334200841516773,5.95478736158071,7.073855400085449,0.03296703296703297,198.3246302201427,NA,NA,0,0.5552707878571863,0.15117052695899533,0.08380955221143398,0.03549197421653015,0.07763185650096499,0.15334642412284957,joint_compound_brms,leave_one_event_out,2016,-0.08380955221143398,0.08380955221143398
manta,3989236,22-104a,Horseshoe Reef (No 1) (22-104a),2016,Southern GBR,1,0.37,0.5659424850063148,0.22088426215079246,5.95478736158071,7.073855400085449,0.03296703296703297,198.3246302201427,NA,NA,0,0.3162021243482047,0.1572075880293853,0.0491947941275142,0.019855992673481516,0.04505404577930747,0.09409214642255415,joint_compound_brms,leave_one_event_out,2016,-0.0491947941275142,0.0491947941275142
ltmp,4188176,23-048,Broomfield Reef (23-048),2016,Southern GBR,3,0,0.8031738872000156,0.5356541944938201,5.142892288269889,7.436925411224365,0.01098901098901099,94.55219552218418,NA,NA,0,0.45224610948943494,0.10294656900228832,0.0458073829899932,0.015692743629867993,0.03959852506575694,0.0947135729633349,joint_compound_brms,leave_one_event_out,2016,-0.0458073829899932,0.0458073829899932
manta,4284733,23-048,Broomfield Reef (23-048),2016,Southern GBR,3,0,0.8031738872000156,0.5049160684023974,5.142892288269889,7.436925411224365,0.01098901098901099,94.55219552218418,NA,NA,0.11482469677295597,0.409842431834725,0.12034892639194734,0.048790058740699374,0.016475008143605644,0.042357282816054415,0.10255089923796393,joint_compound_brms,leave_one_event_out,2016,0.06603463803225659,0.06603463803225659
ltmp,4187216,23-082a,Lady Musgrave Reef (23-082a),2016,Southern GBR,4,0.44,0.9152466290843615,0.46693396595062486,5.275116205154123,7.433222770690918,0,75.2376810282473,NA,NA,0,0.45084467508605663,0.0706111949094048,0.03119405017825746,0.011688145199475808,0.027655895103462103,0.06200825123358684,joint_compound_brms,leave_one_event_out,2016,-0.03119405017825746,0.03119405017825746
manta,4284768,23-082a,Lady Musgrave Reef (23-082a),2016,Southern GBR,4,0.44,0.9152466290843615,0.31878467976892266,5.275116205154123,7.433222770690918,0,75.2376810282473,NA,NA,0,0.31839120934919385,0.08146784178023588,0.025087865910687783,0.008683458944591969,0.022594304601575133,0.0500770841765931,joint_compound_brms,leave_one_event_out,2016,-0.025087865910687783,0.025087865910687783
ltmp,4176755,15-099c,Agincourt Reefs (No 1) (15-099c),2017,Central GBR,1,8.16,0.33964521989442337,0.12157677337258557,6.159073713840757,5.352034568786621,0.2777777777777778,53.443772818368494,NA,NA,0,0.4237084606252806,0.2473573334139846,0.10466417024355625,0.05924485194828724,0.10116637880699628,0.1643665703792955,joint_compound_brms,leave_one_event_out,2017,-0.10466417024355625,0.10466417024355625
manta,4206432,15-099c,Agincourt Reefs (No 1) (15-099c),2017,Central GBR,1,8.16,0.33964521989442337,0.13325982220983068,6.159073713840757,5.352034568786621,0.2777777777777778,53.443772818368494,NA,NA,0,0.4110040899012252,0.3147766857368635,0.1292120763014132,0.0722482179190522,0.12438462709576932,0.2010613704769405,joint_compound_brms,leave_one_event_out,2017,-0.1292120763014132,0.1292120763014132
mmp,4160187,16-006,Snapper Reef (16-006),2017,Central GBR,5,11.65,0.17495639896008247,0.047228930232887045,6.327049808858002,3.01989483833313,0.6,26.688203488870816,b,NA,0.3952502752197531,0.7251601864825102,0.843697772204328,0.6110538747937387,0.21958106628121024,0.6425134205596696,0.9041834559944636,joint_compound_brms,leave_one_event_out,2017,-0.21580359957398565,0.21580359957398565
mmp,4160208,16-006,Snapper Reef (16-006),2017,Central GBR,5,11.65,0.17495639896008247,0.40471774967923596,6.327049808858002,3.01989483833313,0.6,26.688203488870816,b,NA,0,0.8982740150637367,0.8718228888002819,0.7834734962702398,0.4733667826251121,0.8229938258194784,0.955055545588583,joint_compound_brms,leave_one_event_out,2017,-0.7834734962702398,0.7834734962702398
mmp,4160229,16-006,Snapper Reef (16-006),2017,Central GBR,5,11.65,0.04961985378338604,0.21863086996518635,6.327049808858002,3.01989483833313,0.6,26.688203488870816,b,NA,0.33227003419729356,0.815388253354348,0.6827718023737611,0.5566873971965706,0.1989087943579757,0.5706384669020004,0.8667002877485289,joint_compound_brms,leave_one_event_out,2017,-0.224417362999277,0.224417362999277
mmp,4160250,16-006,Snapper Reef (16-006),2017,Central GBR,5,11.65,0.04961985378338604,0.4145597650008706,6.327049808858002,3.01989483833313,0.6,26.688203488870816,b,NA,0,0.8964462724749792,0.7080676819846891,0.6353194392692152,0.2837392825395428,0.6639785155045694,0.9078484458180469,joint_compound_brms,leave_one_event_out,2017,-0.6353194392692152,0.6353194392692152
ltmp,4177625,16-019,St Crispin Reef (16-019),2017,Central GBR,4,8.58,0.31546161327500344,0.14007185911529177,6.159073713840757,5.352034568786621,0.2777777777777778,53.443772818368494,b,"2016/17 summer bleaching DHW>8, COTS removal-166",0.07684952526787346,0.4988338835105711,0.35281530658378696,0.17573197516358632,0.10158471597905756,0.17171411802848824,0.26386664499150736,joint_compound_brms,leave_one_event_out,2017,-0.09888244989571286,0.09888244989571286
manta,4206494,16-019,St Crispin Reef (16-019),2017,Central GBR,4,8.58,0.31546161327500344,0.10533824585422165,6.159073713840757,5.352034568786621,0.2777777777777778,53.443772818368494,b,NA,0.08284410877342505,0.4373612639953509,0.42530768550145825,0.185809763124592,0.10217680501070514,0.18012647348754807,0.2852380644397092,joint_compound_brms,leave_one_event_out,2017,-0.10296565435116695,0.10296565435116695
mmp,4162781,16-054a,Fitzroy Island Reef (No 1) (16-054a),2017,Central GBR,2,10.69,0.4098132345379781,0.27147524473670975,6.259010241497095,4.3865742683410645,0.3,26.584094214082956,b,NA,0.17401839167775307,0.7564159266685438,0.7054510151174787,0.5335426371692549,0.35045678421023385,0.5358732028789541,0.7062266089881292,joint_compound_brms,leave_one_event_out,2017,-0.3595242454915018,0.3595242454915018
mmp,4162802,16-054a,Fitzroy Island Reef (No 1) (16-054a),2017,Central GBR,2,10.69,0.11566196600972882,0.2119936492502237,6.259010241497095,4.3865742683410645,0.3,26.584094214082956,b,NA,0.20422237466329746,0.6810897149578066,0.4136123314808274,0.2812231324479478,0.14794234953910446,0.2703199053838561,0.4584452226403361,joint_compound_brms,leave_one_event_out,2017,-0.07700075778465032,0.07700075778465032
ltmp,4179548,16-057,Hastings Reef (16-057),2017,Central GBR,2,10.25,0.4708998808120515,0.2580853512318209,6.09639459836798,5.845160007476807,0.17777777777777778,60.09013295337378,b,"bleaching mortality- HC, COTS removal.  2016/17 summer bleaching, COTS removal 886",0.6376638525378587,0.7893758063536773,0.4433331082353855,0.349962272071647,0.2472457992481373,0.3466320889616951,0.46605386817622496,joint_compound_brms,leave_one_event_out,2017,0.28770158046621175,0.28770158046621175
manta,4206253,16-057,Hastings Reef (16-057),2017,Central GBR,2,10.25,0.4708998808120515,0.1766648481995503,6.09639459836798,5.845160007476807,0.17777777777777778,60.09013295337378,b,"bleaching mortality- HC, COTS removal",0.4399686233158055,0.704706256035288,0.5103258197718794,0.35966010583317004,0.23744547903703034,0.356296684860321,0.4842569977504173,joint_compound_brms,leave_one_event_out,2017,0.08030851748263546,0.08030851748263546
ltmp,3798883,16-064,Arlington Reef (16-064),2017,Central GBR,5,10.9,0.3275485175616524,0.2045257246567271,6.259010241497095,5.695902347564697,0.2111111111111111,38.476277836573935,b,"2016/17 summer bleaching.  Decline in HC and SC coral cover, COTS removal-1411",0.4694850180503441,0.8032741365027659,0.48177034507296784,0.3872299198335314,0.24493994373364122,0.3831582961114729,0.5455599744706568,joint_compound_brms,leave_one_event_out,2017,0.0822550982168127,0.0822550982168127
manta,4067444,16-064,Arlington Reef (16-064),2017,Central GBR,5,10.9,0.3275485175616524,0.1565020120603447,6.259010241497095,5.695902347564697,0.2111111111111111,38.476277836573935,b,2016/17 summer bleaching,0.3929226571165776,0.7509825782836456,0.5541776954421155,0.4165280540162741,0.2581275655845783,0.41558443076715224,0.5740592763840829,joint_compound_brms,leave_one_event_out,2017,-0.023605396899696485,0.023605396899696485
ltmp,4178616,16-068,Thetford Reef (16-068),2017,Central GBR,5,10.88,0.47765189621620685,0.2917339849428202,6.259010241497095,5.770273685455322,0.17777777777777778,60.028158717834764,b,"declines in HC and SC .  2016/17 bleaching, COTS removal- 36",0.5781184508275599,0.8510278478283564,0.49169618223711264,0.41872128441254103,0.2813924129507613,0.41384360213073934,0.5649793613707179,joint_compound_brms,leave_one_event_out,2017,0.15939716641501883,0.15939716641501883
manta,4068557,16-068,Thetford Reef (16-068),2017,Central GBR,5,10.88,0.47765189621620685,0.19040058159135265,6.259010241497095,5.770273685455322,0.17777777777777778,60.028158717834764,b,declines in HC and SC,0.29336986509802004,0.7705201647451079,0.5535068137084038,0.426847847724475,0.2709323457407996,0.4241335600207229,0.5837417235471677,joint_compound_brms,leave_one_event_out,2017,-0.13347798262645494,0.13347798262645494
mmp,4164853,17-009a,Tobias Spit (17-009a),2017,Central GBR,3,11.03,0.38463526379483487,0.5399270081243648,6.238152624771101,2.6283581256866455,0.6111111111111112,26.548377985167942,m,NA,0.2342679928412739,0.9196224303018563,0.88683637561354,0.8157782715765101,0.5606785639045159,0.8484852388453226,0.9570222240824331,joint_compound_brms,leave_one_event_out,2017,-0.5815102787352362,0.5815102787352362
mmp,4164870,17-009a,Tobias Spit (17-009a),2017,Central GBR,3,11.03,0.38463526379483487,0.5721893668549218,6.238152624771101,2.6283581256866455,0.6111111111111112,26.548377985167942,m,NA,0.14872477184050006,0.9280030299496693,0.8890853203716285,0.825297518185009,0.5811667619100904,0.8560880446425946,0.9606334737319462,joint_compound_brms,leave_one_event_out,2017,-0.6765727463445089,0.6765727463445089
mmp,4164890,17-009a,Tobias Spit (17-009a),2017,Central GBR,3,11.03,0.21358410651197757,0.44233513933210683,6.238152624771101,2.6283581256866455,0.6111111111111112,26.548377985167942,m,NA,0.056060783218231644,0.8816992011291918,0.7149755976428753,0.6308036729089173,0.30115410073122056,0.6528715565281242,0.8896882111188956,joint_compound_brms,leave_one_event_out,2017,-0.5747428896906857,0.5747428896906857
mmp,4164907,17-009a,Tobias Spit (17-009a),2017,Central GBR,3,11.03,0.21358410651197757,0.3006263322517232,6.238152624771101,2.6283581256866455,0.6111111111111112,26.548377985167942,m,NA,0.2341486231112693,0.8187003132807067,0.696373718591102,0.5701945064316704,0.2393959924696956,0.5867263682682755,0.8587341380303735,joint_compound_brms,leave_one_event_out,2017,-0.3360458833204011,0.3360458833204011
mmp,4157871,17-012,Normanby-Mabel Reef (17-012),2017,Central GBR,1,10.66,0.2768979089003585,0.4412817572288615,6.238152624771101,2.6283581256866455,0.6111111111111112,26.548377985167942,m,NA,0.2364956261642967,0.8699201129925378,0.6936046204991188,0.6036796385120274,0.29355576558597873,0.6199022723583105,0.8695732586981497,joint_compound_brms,leave_one_event_out,2017,-0.36718401234773074,0.36718401234773074
mmp,4157907,17-012,Normanby-Mabel Reef (17-012),2017,Central GBR,1,10.66,0.37570103089747486,0.33144199224306853,6.238152624771101,2.6283581256866455,0.6111111111111112,26.548377985167942,m,NA,0.060872208072299996,0.8240202537999336,0.8506491437550702,0.7009582280131756,0.3866510981368921,0.7328098834617842,0.9136423467754837,joint_compound_brms,leave_one_event_out,2017,-0.6400860199408757,0.6400860199408757
mmp,4157887,17-013,Round-Russell Reef (17-013),2017,Central GBR,2,10.66,0.3173755796223612,0.6560203361195885,6.238152624771101,2.6283581256866455,0.6111111111111112,26.548377985167942,m,cots and bleaching,0.18580387067146528,0.9378215612012757,0.731617755882683,0.6864582360647064,0.38479775305332603,0.7082293797580165,0.9119347700706962,joint_compound_brms,leave_one_event_out,2017,-0.500654365393241,0.500654365393241
mmp,4157923,17-013,Round-Russell Reef (17-013),2017,Central GBR,2,10.66,0.3173755796223612,0.44030650663978976,6.238152624771101,2.6283581256866455,0.6111111111111112,26.548377985167942,m,cots and bleaching,0.14352290229950315,0.871451684921531,0.8564251802288392,0.7464803949023535,0.4568781114091468,0.7802992646212619,0.9272856160539777,joint_compound_brms,leave_one_event_out,2017,-0.6029574926028504,0.6029574926028504
manta,4068674,17-034,Feather Reef (17-034),2017,Central GBR,4,8.91,0.285024077948406,0.21829571306814705,6.255279936405847,5.47302770614624,0.14444444444444443,53.02430121520352,b,2015/16 and 2016/17 summer Bleaching,0.5084959955779488,0.48390638599065583,0.42273914708188387,0.20446253445501397,0.14212070649649028,0.20291914482896786,0.27234473542551385,joint_compound_brms,leave_one_event_out,2017,0.30403346112293483,0.30403346112293483
mmp,4147249,17-043a,Jessie-Kent Reef (17-043a),2017,Central GBR,3,8.870000000000001,0.6123292334598036,0.24435411713750113,6.07205267374614,4.568530082702637,0.24444444444444444,26.47542988685171,b,NA,0,0.5074331704128404,0.5686669194318005,0.2876291629966835,0.17247971240233692,0.2856464169018438,0.40664440699873244,joint_compound_brms,leave_one_event_out,2017,-0.2876291629966835,0.2876291629966835
mmp,4147265,17-043a,Jessie-Kent Reef (17-043a),2017,Central GBR,3,8.870000000000001,0.30633908937272974,0.263924909161469,6.07205267374614,4.568530082702637,0.24444444444444444,26.47542988685171,b,NA,0,0.4913470291909206,0.3435588086618118,0.16794262054558864,0.09841277015828519,0.16516640364373059,0.25152433788382905,joint_compound_brms,leave_one_event_out,2017,-0.16794262054558864,0.16794262054558864
mmp,4167071,17-053,Stingaree Reefs (17-053),2017,Central GBR,1,7.390000000000001,0.3980572350256958,0.1615011383178154,5.868671500575848,4.2484354972839355,0.2777777777777778,26.438199406294544,b,NA,0.30941820249721835,0.27139369554780407,0.5396938698860564,0.14565580972580314,0.07479568124585884,0.14211387461647856,0.2302519406464696,joint_compound_brms,leave_one_event_out,2017,0.16376239277141522,0.16376239277141522
mmp,4167088,17-053,Stingaree Reefs (17-053),2017,Central GBR,1,7.390000000000001,0.10595285380210603,0.32170549848754404,5.868671500575848,4.2484354972839355,0.2777777777777778,26.438199406294544,b,NA,0,0.37228099542110077,0.33444937140857617,0.12312612165364638,0.06573387418610713,0.11920054624745352,0.19384879954266307,joint_compound_brms,leave_one_event_out,2017,-0.12312612165364638,0.12312612165364638
mmp,4167104,17-053,Stingaree Reefs (17-053),2017,Central GBR,1,7.390000000000001,0.3980572350256958,0.1581818364982012,5.868671500575848,4.2484354972839355,0.2777777777777778,26.438199406294544,b,NA,0,0.26909546946228063,0.5401751404112329,0.1445492918251413,0.07410032698755041,0.1409093729480269,0.22844199365197768,joint_compound_brms,leave_one_event_out,2017,-0.1445492918251413,0.1445492918251413
mmp,4167123,17-053,Stingaree Reefs (17-053),2017,Central GBR,1,7.390000000000001,0.10595285380210603,0.16410078242741521,5.868671500575848,4.2484354972839355,0.2777777777777778,26.438199406294544,b,NA,0.05936106493632762,0.24970741611879282,0.37253974151337976,0.09222903837147105,0.044531166685138776,0.08627289275704891,0.1565646983563508,joint_compound_brms,leave_one_event_out,2017,-0.03286797343514343,0.03286797343514343
mmp,4142987,18-001,Richards (Bedarra) Reef (18-001),2017,Central GBR,3,7.35,0.14811911159487465,0.09857322982645339,5.868671500575848,4.2484354972839355,0.2777777777777778,26.438199406294544,b,NA,0.2223209532216766,0.21225773013957658,0.5616213554991707,0.1189394882803969,0.06002718444144997,0.11555688407159972,0.19127916894064545,joint_compound_brms,leave_one_event_out,2017,0.10338146494127971,0.10338146494127971
mmp,4142998,18-001,Richards (Bedarra) Reef (18-001),2017,Central GBR,3,7.35,0.012800228922673492,0.1621640060354707,5.868671500575848,4.2484354972839355,0.2777777777777778,26.438199406294544,b,NA,0.026154636274166313,0.2407068321647248,0.37831239099486547,0.09027512919638749,0.042433243182083524,0.08398208145585538,0.1557292031583896,joint_compound_brms,leave_one_event_out,2017,-0.06412049292222118,0.06412049292222118
ltmp,4226575,18-030,Kelso Reef (18-030),2017,Central GBR,5,7.640000000000001,0.32645971409517166,0.15543433398559273,5.972340602952214,5.817775249481201,0.07777777777777778,83.77527323363911,b,"DHW 2107, plus COTS removal -246",0.15355750766823173,0.2807495776676605,0.23113997585610427,0.0647888984839749,0.04095559539301663,0.0632377963582274,0.09503956452517384,joint_compound_brms,leave_one_event_out,2017,0.08876860918425683,0.08876860918425683
manta,4066156,18-030,Kelso Reef (18-030),2017,Central GBR,5,7.640000000000001,0.32645971409517166,0.21635310194371357,5.972340602952214,5.817775249481201,0.07777777777777778,83.77527323363911,b,"DHW 2107, plus COTS removal -246",0.121336557134839,0.31301824686214674,0.299114931409529,0.09347288665029053,0.060176758985190926,0.09195082682200109,0.13338422776711475,joint_compound_brms,leave_one_event_out,2017,0.027863670484548464,0.027863670484548464
ltmp,3811256,18-031,Little Kelso Reef (18-031),2017,Central GBR,4,7.19,0.6162764684729607,0.358051089677609,5.972340602952214,5.817775249481201,0.07777777777777778,83.77527323363911,m,COTS and Bleaching,0,0.4995657832270315,0.25304204514212797,0.12655437942504622,0.08163038016530412,0.12517876378944348,0.177320020610557,joint_compound_brms,leave_one_event_out,2017,-0.12655437942504622,0.12655437942504622
manta,4067875,18-031,Little Kelso Reef (18-031),2017,Central GBR,4,7.19,0.6162764684729607,0.3726895586718373,5.972340602952214,5.817775249481201,0.07777777777777778,83.77527323363911,m,COTS and Bleaching,0.346676653585304,0.4894126896366675,0.3231322896306945,0.15812485254732545,0.1036746868094529,0.15679959578689115,0.2217522829194954,joint_compound_brms,leave_one_event_out,2017,0.18855180103797853,0.18855180103797853
manta,4066272,18-039,Dip Reef (18-039),2017,Central GBR,1,6.66,0.19037582525495417,0.14114263420786854,5.677256275436271,6.065413951873779,0.13333333333333333,111.1950802335326,NA,NA,0,0.24337653212799087,0.16824782427326748,0.04085633194130299,0.025653421686694388,0.03960980029002645,0.060436827244848744,joint_compound_brms,leave_one_event_out,2017,-0.04085633194130299,0.04085633194130299
ltmp,3812066,18-042,Roxburgh Reef (18-042),2017,Central GBR,4,7.54,0.30938565183178807,0.18614242288823804,5.972340602952214,5.817775249481201,0.07777777777777778,83.77527323363911,b,"mortality on sites, but not manta tow for 2016/17 bleaching event.  low disease and Drupella on transects, 8% decline HCC",0.44260099402814246,0.30247685097241783,0.2192994874693948,0.06622153929406915,0.04061092032706001,0.06470920484690829,0.09634171391365652,joint_compound_brms,leave_one_event_out,2017,0.3763794547340733,0.3763794547340733
manta,4066197,18-042,Roxburgh Reef (18-042),2017,Central GBR,4,7.54,0.30938565183178807,0.17520269968094304,5.972340602952214,5.817775249481201,0.07777777777777778,83.77527323363911,b,"mortality on sites, but not manta tow for 2016/17 bleaching event.  low disease and Drupella on transects, 8% decline HCC",0,0.27206122467524474,0.27778882637411634,0.07539065941547883,0.045285752887418804,0.07344196464854867,0.11028879116822637,joint_compound_brms,leave_one_event_out,2017,-0.07539065941547883,0.07539065941547883
ltmp,3813236,18-043,Fore And Aft Reef (18-043),2017,Central GBR,5,6.88,0.5635922377591336,0.20445900406927717,5.972340602952214,5.817775249481201,0.07777777777777778,83.77527323363911,NA,NA,0,0.325301787663352,0.2307865768444831,0.07502108529244439,0.04672567106564481,0.07321852205420623,0.10958855923004389,joint_compound_brms,leave_one_event_out,2017,-0.07502108529244439,0.07502108529244439
manta,4066100,18-043,Fore And Aft Reef (18-043),2017,Central GBR,5,6.88,0.5635922377591336,0.230351186630944,5.972340602952214,5.817775249481201,0.07777777777777778,83.77527323363911,NA,NA,0.02873245018644187,0.32680726808536026,0.2962101647211704,0.0966247535903751,0.06107622922515905,0.09428732466584015,0.13987025879512782,joint_compound_brms,leave_one_event_out,2017,-0.06789230340393324,0.06789230340393324
mmp,4152963,18-048,Pelorus (North Palm or Yanooa) Reef (18-048),2017,Central GBR,1,9.28,0.2722359681498151,0.1253635241654848,5.972340602952214,4.693150997161865,0.24444444444444444,38.297776879451746,b,NA,0.08530908515297586,0.41755262396871184,0.33764243935614496,0.1396994797948085,0.07733929613662617,0.13575265776143128,0.2182644922209054,joint_compound_brms,leave_one_event_out,2017,-0.05439039464183265,0.05439039464183265
mmp,4152984,18-048,Pelorus (North Palm or Yanooa) Reef (18-048),2017,Central GBR,1,9.28,0.3391623288471572,0.09690920495415663,5.972340602952214,4.693150997161865,0.24444444444444444,38.297776879451746,b,NA,0.2460548840663221,0.3986778708049936,0.5527686506674863,0.2193145352303214,0.1259487806991982,0.21565166685844503,0.32775776540076035,joint_compound_brms,leave_one_event_out,2017,0.026740348836000682,0.026740348836000682
mmp,4141824,18-051,Pandora Reef (18-051),2017,Central GBR,1,8.52,0.20504747335954862,0.05211422467090453,5.972340602952214,4.628453731536865,0.24444444444444444,26.32349077361211,b,NA,0.0829244067853294,0.25942436155307413,0.5530832211516602,0.14278296024139353,0.07605408201289417,0.13889198034265615,0.22551099547334696,joint_compound_brms,leave_one_event_out,2017,-0.059858553456064126,0.059858553456064126
mmp,4141843,18-051,Pandora Reef (18-051),2017,Central GBR,1,8.52,0.21758353606981254,0.06144581122357401,5.972340602952214,4.628453731536865,0.24444444444444444,26.32349077361211,b,NA,0,0.2667383341817414,0.36633504657019916,0.09667608090433616,0.04797539435384531,0.0916731218056745,0.16018820465912062,joint_compound_brms,leave_one_event_out,2017,-0.09667608090433616,0.09667608090433616
mmp,4148243,18-065,Havannah Reef (18-065),2017,Central GBR,3,8.71,0.6548636804308268,0.5185990433552993,5.972340602952214,4.628453731536865,0.24444444444444444,26.32349077361211,b,NA,0.32043253344777983,0.7475558922152639,0.5714005368328562,0.42654115941600695,0.2833819376389803,0.4291606388589023,0.5711093754235866,joint_compound_brms,leave_one_event_out,2017,-0.10610862596822712,0.10610862596822712
mmp,4148260,18-065,Havannah Reef (18-065),2017,Central GBR,3,8.71,0.18123236954502706,0.2709958441276174,5.972340602952214,4.628453731536865,0.24444444444444444,26.32349077361211,b,NA,0.030102304650025995,0.4646412243096831,0.32598857586321683,0.15048864968719808,0.0862664444553007,0.14613938357559092,0.22968231589699167,joint_compound_brms,leave_one_event_out,2017,-0.12038634503717208,0.12038634503717208
manta,4068102,18-075,John Brewer Reef (18-075),2017,Central GBR,2,5.7,0.6169401021213651,0.4249001973451589,5.220788843791733,5.7582221031188965,0.08888888888888889,61.49749903428462,b,"2- bl no mortality, 2016/17 summer bleaching",0.11063279811203668,0.3908768801873739,0.23059678018947405,0.0899555837238493,0.05013338966242177,0.08660347664102869,0.14093018588261735,joint_compound_brms,leave_one_event_out,2017,0.02067721438818737,0.02067721438818737
ltmp,4222721,18-076,Helix Reef (18-076),2017,Central GBR,2,5.41,0.35606096891631683,0.2756831061497576,5.220788843791733,5.942901611328125,0.08888888888888889,98.60262415600752,NA,NA,0,0.251608045928854,0.13354476679245922,0.03332034932668431,0.018099087494787315,0.03163530452650431,0.05460046411334327,joint_compound_brms,leave_one_event_out,2017,-0.03332034932668431,0.03332034932668431
manta,4067890,18-076,Helix Reef (18-076),2017,Central GBR,2,5.41,0.35606096891631683,0.23344874747387875,5.220788843791733,5.942901611328125,0.08888888888888889,98.60262415600752,NA,NA,0,0.20198788895326383,0.16969607465783818,0.034114808352879576,0.018385301639564335,0.032290030519114526,0.05651707146840383,joint_compound_brms,leave_one_event_out,2017,-0.034114808352879576,0.034114808352879576
ltmp,3812988,18-077,Grub Reef (18-077),2017,Central GBR,2,5.55,0.10423713822508127,0.11562180656137903,5.677256275436271,6.137823581695557,0.1111111111111111,83.39631017514948,b,DHW 2017>4,0.3475145422795302,0.1915731511615727,0.12261360472397692,0.02339372354874597,0.013772765468926779,0.02226606906821016,0.036390410659030134,joint_compound_brms,leave_one_event_out,2017,0.32412081873078424,0.32412081873078424
manta,4067827,18-077,Grub Reef (18-077),2017,Central GBR,2,5.55,0.10423713822508127,0.11433977334345008,5.677256275436271,6.137823581695557,0.1111111111111111,83.39631017514948,b,DHW 2017>4,0.14542755913695127,0.1749548746160796,0.1528877170689136,0.026630355947606797,0.016220585640193314,0.025514990214129243,0.040434674341060226,joint_compound_brms,leave_one_event_out,2017,0.11879720318934447,0.11879720318934447
ltmp,4226935,18-081,Knife Reef (18-081),2017,Central GBR,5,6.15,0.2181815427100384,0.2277634256800129,5.677256275436271,6.065413951873779,0.13333333333333333,111.1950802335326,b,no decline HCC. Decline in manta coral cover.,0,0.32163868787288613,0.12240148608491971,0.03934216839071954,0.024547990170651936,0.037654703855897934,0.05986261772686539,joint_compound_brms,leave_one_event_out,2017,-0.03934216839071954,0.03934216839071954
manta,4067998,18-081,Knife Reef (18-081),2017,Central GBR,5,6.15,0.2181815427100384,0.224028171622315,5.677256275436271,6.065413951873779,0.13333333333333333,111.1950802335326,b,no decline HCC. Decline in manta coral cover.,0.2602657014601872,0.29567475719257885,0.1582352793621226,0.04669687789958364,0.029566720927975194,0.045036499591299205,0.06742698980195443,joint_compound_brms,leave_one_event_out,2017,0.21356882356060353,0.21356882356060353
ltmp,3810820,18-083,Fork Reef (18-083),2017,Central GBR,3,5.33,0.2722404866908392,0.1688140078402965,5.677256275436271,6.065413951873779,0.13333333333333333,111.1950802335326,NA,NA,0,0.2445359070069435,0.10593932609275775,0.025854937131125598,0.012410397714419643,0.023696904510228795,0.045712238294834256,joint_compound_brms,leave_one_event_out,2017,-0.025854937131125598,0.025854937131125598
manta,4067855,18-083,Fork Reef (18-083),2017,Central GBR,3,5.33,0.2722404866908392,0.2070190525662133,5.677256275436271,6.065413951873779,0.13333333333333333,111.1950802335326,NA,NA,0,0.2550190137708792,0.13378346619757914,0.03402986087478537,0.016416988413182267,0.03176080449808053,0.05970535345579313,joint_compound_brms,leave_one_event_out,2017,-0.03402986087478537,0.03402986087478537
ltmp,4237697,18-086,Chicken Reef (18-086),2017,Central GBR,4,5.89,0.3336892536023213,0.2499903806010868,5.677256275436271,6.20585823059082,0.12222222222222222,87.43427334613949,NA,NA,0,0.3495224174874215,0.11954613250719107,0.0417826704842098,0.02551650920071273,0.04008412330760158,0.06451477594915273,joint_compound_brms,leave_one_event_out,2017,-0.0417826704842098,0.0417826704842098
ltmp,4237698,18-086,Chicken Reef (18-086),2017,Central GBR,4,5.89,0.31596412610620755,0.21394013394552375,5.677256275436271,6.20585823059082,0.12222222222222222,87.43427334613949,NA,NA,0,0.3133537304636852,0.11837187650848296,0.03708099195591013,0.0222937424408702,0.03542645632502224,0.05787212163162717,joint_compound_brms,leave_one_event_out,2017,-0.03708099195591013,0.03708099195591013
manta,4066793,18-086,Chicken Reef (18-086),2017,Central GBR,4,5.89,0.3336892536023213,0.16880667711976172,5.677256275436271,6.20585823059082,0.12222222222222222,87.43427334613949,NA,NA,0,0.2549634867073381,0.15308478261972164,0.03889776436687528,0.022526685620848495,0.03715051775408443,0.060187407112599914,joint_compound_brms,leave_one_event_out,2017,-0.03889776436687528,0.03889776436687528
manta,4066794,18-086,Chicken Reef (18-086),2017,Central GBR,4,5.89,0.31596412610620755,0.14989959559018423,5.677256275436271,6.20585823059082,0.12222222222222222,87.43427334613949,NA,NA,0,0.23848057084318547,0.15203498940411514,0.036118099373676375,0.02053254105494767,0.03442328865889024,0.05628205747451648,joint_compound_brms,leave_one_event_out,2017,-0.036118099373676375,0.036118099373676375
manta,4068082,18-088,Centipede Reef (18-088),2017,Central GBR,3,4.68,0.3045985392435687,0.14681892757933923,5.677256275436271,6.137823581695557,0.1111111111111111,83.39631017514948,b,NA,0.1695806656485022,0.18559938535440076,0.14501041979998464,0.026740235314609753,0.015828979368413144,0.02558513685850443,0.04127101387274823,joint_compound_brms,leave_one_event_out,2017,0.14284043033389243,0.14284043033389243
mmp,4150480,19-009c,Magnetic Island Reef (No 2) (19-009c),2017,Central GBR,4,7.8,0.08711752721169709,0.1751490785134867,5.220788843791733,2.835153102874756,0.5666666666666667,0,b,NA,0.14609663248938115,0.33294522301672247,0.5376304392212299,0.1742831061678074,0.07257258640151532,0.15964592584457193,0.32623094715298,joint_compound_brms,leave_one_event_out,2017,-0.02818647367842625,0.02818647367842625
mmp,4150500,19-009c,Magnetic Island Reef (No 2) (19-009c),2017,Central GBR,4,7.8,0.06612993006282528,0.24665436623366155,5.220788843791733,2.835153102874756,0.5666666666666667,0,b,NA,0,0.38831983122626645,0.33973938958070554,0.12548345956344992,0.054901886683932914,0.11650238644785449,0.22987690655055987,joint_compound_brms,leave_one_event_out,2017,-0.12548345956344992,0.12548345956344992
ltmp,4223970,21-025,Penrith Reef (21-025),2017,Southern GBR,5,4.87,0.24561559429316782,0.3001225609922936,6.5849014619465205,7.143623352050781,0.05555555555555555,95.56334639855292,m,Aerial bl 4 2017,0.7334236587648599,0.534558061557783,0.1677204026549966,0.0897284052023587,0.04604378745898167,0.08486040199943265,0.15224958738478145,joint_compound_brms,leave_one_event_out,2017,0.6436952535625012,0.6436952535625012
manta,4066640,21-187,U/N Reef (21-187),2017,Southern GBR,3,2.35,0.2782784578843715,0.25324235154721186,6.337667452653756,7.036470413208008,0.07777777777777778,153.59663174270304,NA,NA,0,0.4071589329902251,0.25184055535331334,0.10227193022605431,0.05362431340067626,0.09711622702053815,0.1701621061608923,joint_compound_brms,leave_one_event_out,2017,-0.10227193022605431,0.10227193022605431
ltmp,4238627,21-305,East Cay Reef (21-305),2017,Southern GBR,2,1.79,0.190808215277117,0.2287774336347579,6.337667452653756,6.9699530601501465,0.08888888888888889,222.5876216694933,NA,NA,0.09382327022529612,0.39838036671354554,0.16843249202601399,0.06677253964631086,0.030054544849948774,0.06164764927273726,0.11954933847181493,joint_compound_brms,leave_one_event_out,2017,0.027050730578985258,0.027050730578985258
manta,4284384,21-305,East Cay Reef (21-305),2017,Southern GBR,2,1.79,0.190808215277117,0.3237029370129119,6.337667452653756,6.9699530601501465,0.08888888888888889,222.5876216694933,NA,NA,0.11224469760741697,0.470640081376315,0.22703139726218144,0.10662830921099659,0.05196514943969603,0.10014544878004353,0.18565753391091083,joint_compound_brms,leave_one_event_out,2017,0.005616388396420383,0.005616388396420383
manta,4284569,21-550,U/N Reef (21-550),2017,Southern GBR,5,2.7,0.7086998755595163,0.3385367352993209,6.111979050425452,7.059453010559082,0.08888888888888889,175.33603223489754,NA,NA,0,0.5099969485785455,0.3255163488724788,0.16551083279177714,0.08643699970272493,0.15762092382622472,0.2657066492742739,joint_compound_brms,leave_one_event_out,2017,-0.16551083279177714,0.16551083279177714
manta,4284480,22-084,U/N Reef (22-084),2017,Southern GBR,1,1.11,0.6560201134246852,0.35839515068132244,6.111979050425452,7.009650230407715,0.08888888888888889,198.3246302201427,NA,NA,0,0.5054109804052254,0.2845806843865567,0.14330823200655415,0.06798813876284254,0.13576706737915006,0.2403579595071305,joint_compound_brms,leave_one_event_out,2017,-0.14330823200655415,0.14330823200655415
mmp,4155460,23-016,Humpy (Bur-ye-Bur-ye) Reef (23-016),2017,Southern GBR,2,4.4,0.8221509950951245,0.10839078971275963,6.170839466985516,6.983436584472656,0,25.541262425425487,NA,NA,0,0.26068767273955945,0.40690044435962985,0.10336369383687061,0.041697417948191345,0.0974433832115333,0.18298642205629737,joint_compound_brms,leave_one_event_out,2017,-0.10336369383687061,0.10336369383687061
mmp,4155480,23-016,Humpy (Bur-ye-Bur-ye) Reef (23-016),2017,Southern GBR,2,4.4,0.9518310359141647,0.26253320523150997,6.170839466985516,6.983436584472656,0,25.541262425425487,NA,NA,0.07656755222974268,0.39312730192883105,0.24272130143577383,0.09222334237083472,0.03639061483899342,0.0856768710121646,0.16928325717512793,joint_compound_brms,leave_one_event_out,2017,-0.015655790141092044,0.015655790141092044
ltmp,3807321,23-080,Hoskyn Islands Reef (23-080),2017,Southern GBR,2,3.62,0.5184034143753605,0.20191913614829993,5.734401157656944,6.859024524688721,0.04444444444444444,75.30452287765046,NA,NA,0,0.25916069528793856,0.18096244099905798,0.04661685585945947,0.02665436474657673,0.044787562485039206,0.07216281012578361,joint_compound_brms,leave_one_event_out,2017,-0.04661685585945947,0.04661685585945947
ltmp,4180878,23-081,Fairfax Islands Reef (23-081),2017,Southern GBR,1,3.48,0.8472675617256902,0.20753842666724026,5.734401157656944,6.859024524688721,0.04444444444444444,75.30452287765046,NA,NA,0.004255328708945667,0.2970638472689751,0.18389425776208707,0.054012072351067496,0.02202137736519972,0.04989495758733093,0.10149054955628581,joint_compound_brms,leave_one_event_out,2017,-0.04975674364212183,0.04975674364212183
ltmp,4241130,11-016,McSweeney Reef (11-016),2020,Northern GBR,5,9.91,0,0.08378462598709333,6.002231593026269,5.774930477142334,0.13186813186813187,61.227214056639745,NA,NA,0,0.622401530599924,0.14681152571422917,0.09113361041857823,0.04781190784430752,0.08624171274296713,0.15373113527784266,joint_compound_brms,leave_one_event_out,2020,-0.09113361041857823,0.09113361041857823
ltmp,4240950,11-029,Monsoon Reef (11-029),2020,Northern GBR,1,9.9,0.018217386861170054,0.11130694351519539,6.002231593026269,5.81605863571167,0.10989010989010987,54.52924238766865,NA,NA,0,0.6310132198564999,0.15074319864695457,0.09485390273850454,0.04943139142841267,0.08993935648874415,0.15878232109006948,joint_compound_brms,leave_one_event_out,2020,-0.09485390273850454,0.09485390273850454
ltmp,4241527,11-049,U/N Reef (11-049),2020,Northern GBR,3,10.27,0.050260754565876614,0.14599440678948103,6.002231593026269,5.81605863571167,0.10989010989010987,54.52924238766865,NA,NA,0,0.6941668710897742,0.17043770720395224,0.11809202477597247,0.0636526805046326,0.11341119379195297,0.1911334882404164,joint_compound_brms,leave_one_event_out,2020,-0.11809202477597247,0.11809202477597247
ltmp,4240770,11-162,U/N Reef (11-162),2020,Northern GBR,3,10.15,0.03729779519442613,0.14626404721710973,6.082761543160351,5.787719249725342,0.12087912087912088,54.4813962051613,NA,NA,0,0.6820547277492477,0.17243979825664535,0.11740994556585865,0.06708498636375279,0.11430888989487296,0.18216446044837797,joint_compound_brms,leave_one_event_out,2020,-0.11740994556585865,0.11740994556585865
ltmp,4241317,12-056,Mantis Reef (12-056),2020,Northern GBR,3,6.93,0.3898113715032407,0.281636821607886,6.122627793421414,5.7065606117248535,0.17582417582417584,86.07130881755599,NA,NA,0,0.615755011320895,0.12113728994050633,0.07458167003232831,0.05388554088683692,0.07350740364046274,0.09949871793455593,joint_compound_brms,leave_one_event_out,2020,-0.07458167003232831,0.07458167003232831
manta,4285302,12-056,Mantis Reef (12-056),2020,Northern GBR,3,6.93,0.3898113715032407,0.2325441468954316,6.122627793421414,5.7065606117248535,0.17582417582417584,86.07130881755599,NA,NA,0,0.6116646031106548,0.12994999045460295,0.0794334211455933,0.05587784882103165,0.07830869433737103,0.10575084618315837,joint_compound_brms,leave_one_event_out,2020,-0.0794334211455933,0.0794334211455933
ltmp,4241954,12-061,Lagoon Reef (12-061),2020,Northern GBR,1,4.75,0.3055923846646609,0.27277374710468016,6.122627793421414,5.6665849685668945,0.16483516483516483,54.279648353109025,NA,NA,0.015073379384026038,0.43490784409637673,0.13212527430797721,0.057385065479046884,0.03828674272745441,0.05563187195391188,0.08187403346160982,joint_compound_brms,leave_one_event_out,2020,-0.042311686095020846,0.042311686095020846
manta,4285502,12-061,Lagoon Reef (12-061),2020,Northern GBR,1,4.75,0.3055923846646609,0.38998293966808467,6.122627793421414,5.6665849685668945,0.16483516483516483,54.279648353109025,NA,NA,0.030011941726387614,0.5302190831433792,0.16420060992395655,0.0869841102404175,0.06072376688127651,0.08531408062786609,0.11996368141386937,joint_compound_brms,leave_one_event_out,2020,-0.05697216851402988,0.05697216851402988
manta,4285461,12-098,Second Small Reef (12-098),2020,Northern GBR,4,5.24,0.3381494885521303,0.20263508107180572,6.122627793421414,5.6665849685668945,0.16483516483516483,54.279648353109025,NA,NA,0,0.46069595336429475,0.1379995323504666,0.06348122660592752,0.044050655909689214,0.06259791360836882,0.08620655271375798,joint_compound_brms,leave_one_event_out,2020,-0.06348122660592752,0.06348122660592752
manta,4285371,13-040,U/N Reef (13-040),2020,Northern GBR,4,5.71,0.24399445805754702,0.16103326937437834,5.968018555181919,5.706526756286621,0.17582417582417584,54.11748335007643,NA,NA,0,0.43360212195700704,0.10611149618165437,0.04587361496653548,0.030074785264355402,0.044851765362159804,0.06528577598536744,joint_compound_brms,leave_one_event_out,2020,-0.04587361496653548,0.04587361496653548
manta,1273024,13-056,Sand Bank No 8 Reef (13-056),2020,Northern GBR,3,6.05,0.300952034764055,0.22178162534441867,5.968018555181919,5.706526756286621,0.17582417582417584,54.11748335007643,NA,NA,0,0.5117214984617985,0.11122373668428602,0.05682275394745987,0.03895212822589775,0.05562285804250841,0.07737259445020903,joint_compound_brms,leave_one_event_out,2020,-0.05682275394745987,0.05682275394745987
manta,1273199,13-118a,Creech Reef (North) (13-118a),2020,Northern GBR,5,7.74,0.20553968253505506,0.3967609839208352,5.8104660378115325,5.518789768218994,0.1868131868131868,54.0042200125233,b,DHW 7.5 in 2020,0,0.6877770900602662,0.13982452392921518,0.09608126572172411,0.06356918341328921,0.09335398798105593,0.13718088577406093,joint_compound_brms,leave_one_event_out,2020,-0.09608126572172411,0.09608126572172411
manta,1273143,13-121,U/N Reef (13-121),2020,Northern GBR,1,7.390000000000001,0.29202874397554174,0.11029911651666302,6.232378023024877,5.634306907653809,0.17582417582417584,61.79502527764437,NA,NA,0,0.5378337882111983,0.12242049600860158,0.06565290899296053,0.040945117747858105,0.06341410975391787,0.09699560556912855,joint_compound_brms,leave_one_event_out,2020,-0.06565290899296053,0.06565290899296053
ltmp,4242164,13-124,U/N Reef (13-124),2020,Northern GBR,4,6.23,0.1306214585754571,0.24624243065418433,5.8104660378115325,5.518789768218994,0.1868131868131868,54.0042200125233,NA,NA,0,0.4488016884061561,0.10507736597333493,0.04711594672932326,0.030350845847913616,0.04603941716460638,0.06769277762379426,joint_compound_brms,leave_one_event_out,2020,-0.04711594672932326,0.04711594672932326
manta,4285229,13-124,U/N Reef (13-124),2020,Northern GBR,4,6.23,0.1306214585754571,0.19758106176164164,5.8104660378115325,5.518789768218994,0.1868131868131868,54.0042200125233,NA,NA,0,0.4451601483478026,0.11208306530858836,0.049761110994299494,0.032772706679939756,0.048196015905531575,0.07232667794252778,joint_compound_brms,leave_one_event_out,2020,-0.049761110994299494,0.049761110994299494
manta,4285437,13-127,Rodda Reef (13-127),2020,Northern GBR,2,6.78,0.442926766809309,0.2615541165670949,6.232378023024877,5.475623607635498,0.1868131868131868,38.723631859261,NA,NA,0,0.6378021209941145,0.14538359052301547,0.09266830215593794,0.06293464249373203,0.0907901147918806,0.1255105783545162,joint_compound_brms,leave_one_event_out,2020,-0.09266830215593794,0.09266830215593794
ltmp,4240554,13-130,Davie Reef (13-130),2020,Northern GBR,2,6.3,0.21771364805622542,0.2891469243045631,6.232378023024877,5.748272895812988,0.15384615384615383,27.79877005838321,NA,NA,0,0.5181746386108055,0.14718301939418585,0.07624360659829746,0.05391656095393658,0.07462408536308884,0.10296857207305338,joint_compound_brms,leave_one_event_out,2020,-0.07624360659829746,0.07624360659829746
manta,4285384,13-130,Davie Reef (13-130),2020,Northern GBR,2,6.3,0.21771364805622542,0.2633289351091102,6.232378023024877,5.748272895812988,0.15384615384615383,27.79877005838321,NA,NA,0,0.5281274073297428,0.16052752572859294,0.0847285344582337,0.060358231202906086,0.08371396768015321,0.11285026819474274,joint_compound_brms,leave_one_event_out,2020,-0.0847285344582337,0.0847285344582337
ltmp,4242374,14-016,Corbett Reef (14-016),2020,Northern GBR,3,6.41,0.2911085559294725,0.21598384234286774,5.880359799599462,5.454284191131592,0.15384615384615383,53.946045548395595,NA,NA,0,0.47835095201867406,0.10876664079248463,0.05195538625179597,0.033308432499830315,0.05073529180061483,0.07497051864191481,joint_compound_brms,leave_one_event_out,2020,-0.05195538625179597,0.05195538625179597
manta,4285337,14-016,Corbett Reef (14-016),2020,Northern GBR,3,6.41,0.2911085559294725,0.11198422675485162,5.880359799599462,5.454284191131592,0.15384615384615383,53.946045548395595,NA,NA,0,0.4420965000766924,0.11133881795468692,0.0490186167773723,0.0291136467661152,0.04741374223954549,0.07336477957857096,joint_compound_brms,leave_one_event_out,2020,-0.0490186167773723,0.0490186167773723
ltmp,4241737,14-045,Sand Bank No 1 Reef (14-045),2020,Northern GBR,4,5.3100000000000005,0.27336182170684664,0.30246855971387504,6.232378023024877,6.079171180725098,0.1978021978021978,53.88684402433357,NA,NA,0,0.5194773674868677,0.13387654730557436,0.0694827761727293,0.048388779309499363,0.06830391445757537,0.09592236858181594,joint_compound_brms,leave_one_event_out,2020,-0.0694827761727293,0.0694827761727293
manta,4285215,14-045,Sand Bank No 1 Reef (14-045),2020,Northern GBR,4,5.3100000000000005,0.27336182170684664,0.2480818644806036,6.232378023024877,6.079171180725098,0.1978021978021978,53.88684402433357,NA,NA,0,0.5122635841623562,0.14229431154679292,0.07273357665581888,0.05031627091088379,0.07134452661992532,0.09836803223456775,joint_compound_brms,leave_one_event_out,2020,-0.07273357665581888,0.07273357665581888
ltmp,4171460,14-114,MacGillivray Reef (14-114),2020,Northern GBR,4,5.98,0.04416802941607665,0.09852720760391533,5.7096656765768365,6.109978199005127,0.14285714285714285,38.660259476645,NA,NA,0,0.3138008969660071,0.08568801128869126,0.026756560882113693,0.01524510070647176,0.02525227210460376,0.04227553565516905,joint_compound_brms,leave_one_event_out,2020,-0.026756560882113693,0.026756560882113693
manta,4206379,14-114,MacGillivray Reef (14-114),2020,Northern GBR,4,5.98,0.04416802941607665,0.10245573850803347,5.7096656765768365,6.109978199005127,0.14285714285714285,38.660259476645,NA,NA,0,0.3380229656394255,0.09289405198602474,0.031166827097271907,0.018483256189632185,0.029958007344234087,0.04772887239552264,joint_compound_brms,leave_one_event_out,2020,-0.031166827097271907,0.031166827097271907
ltmp,4169251,14-116a,Lizard Island Reef (North West) (14-116a),2020,Northern GBR,2,5.3,0.06618477242864539,0.069738641348031,5.7096656765768365,6.109978199005127,0.14285714285714285,38.660259476645,NA,NA,0,0.2655413183890373,0.07583545838505065,0.019960331057414217,0.009750217159808566,0.018326177253148973,0.03389821629375716,joint_compound_brms,leave_one_event_out,2020,-0.019960331057414217,0.019960331057414217
manta,4285519,14-116a,Lizard Island Reef (North West) (14-116a),2020,Northern GBR,2,5.3,0.06618477242864539,0.06911578071158603,5.7096656765768365,6.109978199005127,0.14285714285714285,38.660259476645,NA,NA,0,0.28533296525293494,0.08007463373081573,0.02252308259486562,0.011936171082037235,0.021290826265752866,0.03758259581540543,joint_compound_brms,leave_one_event_out,2020,-0.02252308259486562,0.02252308259486562
ltmp,4172978,14-123,Martin Reef (14-123),2020,Northern GBR,5,4.94,0.2992595473639654,0.08469994311714026,5.7096656765768365,5.619095802307129,0.1978021978021978,27.798770058382857,NA,NA,0,0.3264341651645187,0.08973422866685593,0.029007270582107135,0.016525396029677203,0.027603262548988157,0.04579302183314205,joint_compound_brms,leave_one_event_out,2020,-0.029007270582107135,0.029007270582107135
manta,4285473,14-123,Martin Reef (14-123),2020,Northern GBR,5,4.94,0.2992595473639654,0.12452925426275394,5.7096656765768365,5.619095802307129,0.1978021978021978,27.798770058382857,NA,NA,0,0.3702118857394306,0.09991434489768852,0.036676125187960054,0.021465067004836844,0.035523402108400604,0.05601645461941098,joint_compound_brms,leave_one_event_out,2020,-0.036676125187960054,0.036676125187960054
ltmp,4175203,14-126,Linnet Reef (14-126),2020,Northern GBR,5,5.2700000000000005,0.5318946790110578,0.09723637312333577,5.7096656765768365,5.619095802307129,0.1978021978021978,27.798770058382857,NA,NA,0,0.4274058229740382,0.08763091008400566,0.03711947801861489,0.020755307912500878,0.03523333581464795,0.05992168266383109,joint_compound_brms,leave_one_event_out,2020,-0.03711947801861489,0.03711947801861489
manta,4285403,14-126,Linnet Reef (14-126),2020,Northern GBR,5,5.2700000000000005,0.5318946790110578,0.19898162736542865,5.7096656765768365,5.619095802307129,0.1978021978021978,27.798770058382857,NA,NA,0.22967967092165917,0.5116929141859039,0.10511382153330419,0.053574359576016355,0.03161549379240078,0.05169791571603647,0.08062330626915151,joint_compound_brms,leave_one_event_out,2020,0.1761053113456428,0.1761053113456428
ltmp,4173746,14-137,Carter Reef (14-137),2020,Northern GBR,3,7.72,0.06116098425782691,0.11873722301667407,5.7096656765768365,5.886612892150879,0.17582417582417584,61.75564549314031,NA,NA,0,0.4614547504287033,0.10508514947802267,0.048344996364675985,0.030466852417449883,0.04667933604329942,0.0735754358928491,joint_compound_brms,leave_one_event_out,2020,-0.048344996364675985,0.048344996364675985
manta,3988791,14-137,Carter Reef (14-137),2020,Northern GBR,3,7.72,0.06116098425782691,0.12198563296449294,5.7096656765768365,5.886612892150879,0.17582417582417584,61.75564549314031,NA,NA,0,0.4885678018089324,0.11735144409878283,0.05711240482174995,0.03474722419230099,0.05487272457744581,0.08453187400859911,joint_compound_brms,leave_one_event_out,2020,-0.05711240482174995,0.05711240482174995
ltmp,4175972,14-138,Yonge Reef (14-138),2020,Northern GBR,1,8.11,0.089579671200695,0.12508156810080587,5.7096656765768365,5.886612892150879,0.17582417582417584,61.75564549314031,NA,NA,0,0.5080252840785683,0.10721909395192981,0.05433720439970276,0.03427561951083288,0.052441228019142395,0.08276321760381432,joint_compound_brms,leave_one_event_out,2020,-0.05433720439970276,0.05433720439970276
manta,4206463,14-138,Yonge Reef (14-138),2020,Northern GBR,1,8.11,0.089579671200695,0.14516059611583534,5.7096656765768365,5.886612892150879,0.17582417582417584,61.75564549314031,NA,NA,0,0.5450748133242401,0.1221289969349496,0.0663794896540106,0.04107587630352633,0.06382883960001863,0.09720363240469021,joint_compound_brms,leave_one_event_out,2020,-0.0663794896540106,0.0663794896540106
ltmp,4169995,14-139,No Name Reef (14-139),2020,Northern GBR,3,7.87,0.1266797360320862,0.12939483349726616,5.7096656765768365,5.865488529205322,0.16483516483516483,60.49914788861235,NA,NA,0,0.49303205852320553,0.10651975315847187,0.05237847158761963,0.03349526094435166,0.050837613279086175,0.07896198802743581,joint_compound_brms,leave_one_event_out,2020,-0.05237847158761963,0.05237847158761963
manta,3988853,14-139,No Name Reef (14-139),2020,Northern GBR,3,7.87,0.1266797360320862,0.14083316319410652,5.7096656765768365,5.865488529205322,0.16483516483516483,60.49914788861235,NA,NA,0,0.5250589114804027,0.12023724459887425,0.06294901123619044,0.03894864132431373,0.06090520492866694,0.09205981112443574,joint_compound_brms,leave_one_event_out,2020,-0.06294901123619044,0.06294901123619044
ltmp,4172234,14-143,North Direction Reef (14-143),2020,Northern GBR,3,6.57,0.1598059524239039,0.051758305044525096,5.7096656765768365,6.109978199005127,0.14285714285714285,38.660259476645,NA,NA,0,0.3616527266087019,0.07138434436829345,0.025671898698444738,0.01238470458936688,0.02386997684058523,0.044005527755305,joint_compound_brms,leave_one_event_out,2020,-0.025671898698444738,0.025671898698444738
manta,4068424,15-093,Pickersgill Reef (15-093),2020,Central GBR,3,2.44,0.26604423182212283,0.1701733599111767,6.045028195178155,5.747067451477051,0.17582417582417584,26.755070245868687,NA,NA,0,0.31785023343542607,0.14236827395327767,0.04498032094569265,0.02520331021420103,0.04321235600127288,0.06988618943149555,joint_compound_brms,leave_one_event_out,2020,-0.04498032094569265,0.04498032094569265
manta,4067495,15-095,Evening Reef (15-095),2020,Central GBR,4,2.45,0.27585728210197474,0.11126330182411942,6.181991400883659,5.833205699920654,0.21978021978021975,53.443772818368494,NA,NA,0,0.3314926401690298,0.16706099413253842,0.05489441568433365,0.030145229788901995,0.052726308676633436,0.08696122489058189,joint_compound_brms,leave_one_event_out,2020,-0.05489441568433365,0.05489441568433365
ltmp,4176752,15-099c,Agincourt Reefs (No 1) (15-099c),2020,Central GBR,1,7.74,0.3159752846179306,0.23093330936960185,6.181991400883659,5.833205699920654,0.21978021978021975,53.443772818368494,NA,NA,0,0.6427126238696519,0.15296069394178496,0.098360961482568815,0.06612792005663631,0.09595349123782951,0.13578585313543265,joint_compound_brms,leave_one_event_out,2020,-0.098360961482568815,0.098360961482568815
manta,4206429,15-099c,Agincourt Reefs (No 1) (15-099c),2020,Central GBR,1,7.74,0.3159752846179306,0.2643970987103804,6.181991400883659,5.833205699920654,0.21978021978021975,53.443772818368494,NA,NA,0,0.6831028972881205,0.17785673096543694,0.12156950414455,0.08575393124280681,0.11923424645926747,0.1653128789988448,joint_compound_brms,leave_one_event_out,2020,-0.12156950414455,0.12156950414455
manta,4206196,16-015,Mackay Reef (16-015),2020,Central GBR,2,2.98,0.2411823229136214,0.13745701097986193,6.181991400883659,5.833205699920654,0.21978021978021975,53.443772818368494,NA,NA,0,0.3425013884750162,0.15173826669693782,0.051553434656377635,0.029284195165263455,0.049390655175351975,0.08027911496539657,joint_compound_brms,leave_one_event_out,2020,-0.051553434656377635,0.051553434656377635
ltmp,4177622,16-019,St Crispin Reef (16-019),2020,Central GBR,4,6.34,0.4049152989257601,0.2039999469986351,6.181991400883659,5.833205699920654,0.21978021978021975,53.443772818368494,NA,NA,0,0.5699714958561268,0.12903495116030445,0.0735367150454365,0.04737272358164369,0.0712056086845558,0.1067866529618214,joint_compound_brms,leave_one_event_out,2020,-0.0735367150454365,0.0735367150454365
manta,4206491,16-019,St Crispin Reef (16-019),2020,Central GBR,4,6.34,0.4049152989257601,0.10510031402577229,6.181991400883659,5.833205699920654,0.21978021978021975,53.443772818368494,NA,NA,0,0.5361730016083066,0.131923618151723,0.07057988656027694,0.04386415700852336,0.06768198522278625,0.10636619187941106,joint_compound_brms,leave_one_event_out,2020,-0.07057988656027694,0.07057988656027694
ltmp,3752919,16-025,Opal Reef (16-025),2020,Central GBR,3,7.4,0.03131226941791072,0.034707616245961484,5.985742071087043,6.225968360900879,0.16483516483516483,77.0247173690324,NA,NA,0,0.3928351288880465,0.13349190555426474,0.05224065988254904,0.031824376992432825,0.05034354098645937,0.07779344299819296,joint_compound_brms,leave_one_event_out,2020,-0.05224065988254904,0.05224065988254904
manta,4068504,16-025,Opal Reef (16-025),2020,Central GBR,3,7.4,0.03131226941791072,0.08916146256265847,5.985742071087043,6.225968360900879,0.16483516483516483,77.0247173690324,NA,NA,0,0.4484814721809081,0.15505518868314397,0.06931293427458801,0.044701956972020514,0.06734892555414,0.10057514857685877,joint_compound_brms,leave_one_event_out,2020,-0.06931293427458801,0.06931293427458801
manta,4206353,16-028,Low Islands Reef (16-028),2020,Central GBR,4,5.54,0.012993436393178208,0.19090073961148074,6.156819010087552,2.957913637161255,0.5934065934065934,26.65400763146825,NA,NA,0,0.5194335270344212,0.1964540848580895,0.10149614484859525,0.04544121443449291,0.09515965059053644,0.17670691847002512,joint_compound_brms,leave_one_event_out,2020,-0.10149614484859525,0.10149614484859525
manta,4068328,16-030,Norman Reef (16-030),2020,Central GBR,5,8.19,0.07948000599159179,0.17847494416577003,5.985742071087043,6.300243377685547,0.13186813186813187,60.09013295337378,NA,NA,0,0.5615049537134199,0.18489811097934122,0.10366648094285574,0.07039926336392593,0.10136933171494479,0.14501764169851822,joint_compound_brms,leave_one_event_out,2020,-0.10366648094285574,0.10366648094285574
ltmp,3765533,16-049,Green Island Reef (16-049),2020,Central GBR,1,5.42,0.1243769366710853,0.10414285891277554,5.904156183918324,6.1203413009643555,0.14285714285714285,38.476277836573935,NA,NA,0,0.3154717188295755,0.11344572316481355,0.035690855062924264,0.021366174323315907,0.0346076496522429,0.05465822824584585,joint_compound_brms,leave_one_event_out,2020,-0.035690855062924264,0.035690855062924264
manta,4068396,16-049,Green Island Reef (16-049),2020,Central GBR,1,5.42,0.1243769366710853,0.06339257690264248,5.904156183918324,6.1203413009643555,0.14285714285714285,38.476277836573935,NA,NA,0,0.3169893712025046,0.12117928633241229,0.03814031790971471,0.022515861704919215,0.036750587185239034,0.058905667435514876,joint_compound_brms,leave_one_event_out,2020,-0.03814031790971471,0.03814031790971471
ltmp,4179545,16-057,Hastings Reef (16-057),2020,Central GBR,2,7.59,0.08777853151013362,0.12145711434946894,5.985742071087043,6.300243377685547,0.13186813186813187,60.09013295337378,NA,NA,0,0.4565985157864423,0.1473903900002951,0.06719489363672723,0.043093398457040355,0.06577576625781156,0.09525619996193987,joint_compound_brms,leave_one_event_out,2020,-0.06719489363672723,0.06719489363672723
manta,4206250,16-057,Hastings Reef (16-057),2020,Central GBR,2,7.59,0.08777853151013362,0.066158798391563,5.985742071087043,6.300243377685547,0.13186813186813187,60.09013295337378,NA,NA,0,0.44928294424265075,0.15642492861436794,0.07006529278540732,0.04472766150503112,0.06828757433393132,0.10321404568877171,joint_compound_brms,leave_one_event_out,2020,-0.07006529278540732,0.07006529278540732
ltmp,3755346,16-060,Michaelmas Reef (16-060),2020,Central GBR,4,7.51,0.09836110182053008,0.08391697573358502,5.985742071087043,6.300243377685547,0.13186813186813187,60.09013295337378,NA,NA,0,0.4327501615384755,0.14624789382479508,0.06316901458332597,0.03939408955798628,0.06154532623022002,0.0911493092556266,joint_compound_brms,leave_one_event_out,2020,-0.06316901458332597,0.06316901458332597
manta,4206524,16-060,Michaelmas Reef (16-060),2020,Central GBR,4,7.51,0.09836110182053008,0.10120382631987114,5.985742071087043,6.300243377685547,0.13186813186813187,60.09013295337378,NA,NA,0,0.46790288057950596,0.16531485729070405,0.07717749682420792,0.0502856201066943,0.07522959792169735,0.11156043540069563,joint_compound_brms,leave_one_event_out,2020,-0.07717749682420792,0.07717749682420792
ltmp,4178613,16-068,Thetford Reef (16-068),2020,Central GBR,5,6.23,0.0679327871628355,0.15793727343746522,5.904156183918324,6.19913911819458,0.12087912087912088,60.028158717834764,NA,NA,0,0.3686109253155348,0.10367035578078175,0.03817485531560226,0.02207481140248166,0.03698623617203038,0.058408392635123214,joint_compound_brms,leave_one_event_out,2020,-0.03817485531560226,0.03817485531560226
manta,4068554,16-068,Thetford Reef (16-068),2020,Central GBR,5,6.23,0.0679327871628355,0.1452405045111585,5.904156183918324,6.19913911819458,0.12087912087912088,60.028158717834764,NA,NA,0,0.3853745718918932,0.11296047068711214,0.043362188135365666,0.026062232539046524,0.04175477346935208,0.06647505864045325,joint_compound_brms,leave_one_event_out,2020,-0.043362188135365666,0.043362188135365666
manta,4068199,16-071,Moore Reef (16-071),2020,Central GBR,1,5.6000000000000005,0.15394716679562537,0.10524028202668174,5.904156183918324,6.19913911819458,0.12087912087912088,60.028158717834764,NA,NA,0,0.3492391414710793,0.10381873230726983,0.036058401231359345,0.02200755580444727,0.03455294371996202,0.054329993419987836,joint_compound_brms,leave_one_event_out,2020,-0.036058401231359345,0.036058401231359345
manta,4068671,17-034,Feather Reef (17-034),2020,Central GBR,4,5.45,0.2533073042686672,0.10539142180833895,5.986470757508614,5.757254600524902,0.10989010989010987,53.02430121520352,NA,NA,0,0.35512547800023364,0.13298818913816954,0.047062297154268413,0.0305300255174893,0.0454761931758613,0.06814282399440488,joint_compound_brms,leave_one_event_out,2020,-0.047062297154268413,0.047062297154268413
manta,4066154,18-030,Kelso Reef (18-030),2020,Central GBR,5,5.4,0.3993468404130513,0.26561502022147016,6.032604992199209,5.73804235458374,0.07692307692307693,83.77527323363911,NA,NA,0.13828472788312293,0.47460694725643904,0.15243628554251806,0.0722269706973881,0.04854905523917905,0.0708740349969777,0.10131018360392212,joint_compound_brms,leave_one_event_out,2020,0.06605775718573484,0.06605775718573484
manta,4067873,18-031,Little Kelso Reef (18-031),2020,Central GBR,4,5.01,0.6403023434382549,0.1272730868038166,6.032604992199209,5.73804235458374,0.07692307692307693,83.77527323363911,NA,NA,0,0.44688611092208747,0.1498067601601985,0.06667281641426047,0.03738437740053811,0.06403044616040035,0.10316086603373675,joint_compound_brms,leave_one_event_out,2020,-0.06667281641426047,0.06667281641426047
ltmp,4239587,18-032,Rib Reef (18-032),2020,Central GBR,3,5.11,0.07572010704512619,0.054556980921910476,6.032604992199209,5.560146331787109,0.08791208791208792,59.56981330964312,NA,NA,0,0.23215431012965462,0.1273190196325986,0.02934350309190911,0.01612759109045239,0.02790071771041036,0.047373526201853845,joint_compound_brms,leave_one_event_out,2020,-0.02934350309190911,0.02934350309190911
manta,4068048,18-032,Rib Reef (18-032),2020,Central GBR,3,5.11,0.07572010704512619,0.11536865615161702,6.032604992199209,5.560146331787109,0.08791208791208792,59.56981330964312,NA,NA,0,0.2777289430060528,0.14166322253609315,0.03910151289651061,0.022924391617809303,0.037459607611431356,0.060715957895299495,joint_compound_brms,leave_one_event_out,2020,-0.03910151289651061,0.03910151289651061
ltmp,4236109,18-034,Myrmidon Reef (18-034),2020,Central GBR,2,8.3,0.25502711519092813,0.34000027391479803,6.177046814539012,5.9899373054504395,0.0989010989010989,132.00208142190922,NA,NA,0,0.667255817401494,0.18901297919333002,0.12607217480898558,0.0846531956259829,0.12357303972070915,0.17430810527152035,joint_compound_brms,leave_one_event_out,2020,-0.12607217480898558,0.12607217480898558
manta,4066116,18-034,Myrmidon Reef (18-034),2020,Central GBR,2,8.3,0.25502711519092813,0.15597335620178882,6.177046814539012,5.9899373054504395,0.0989010989010989,132.00208142190922,NA,NA,0,0.5880746507508436,0.17621642818406613,0.10356713777482518,0.06859067800033035,0.10125841527400944,0.14602838104860064,joint_compound_brms,leave_one_event_out,2020,-0.10356713777482518,0.10356713777482518
ltmp,4230874,18-039,Dip Reef (18-039),2020,Central GBR,1,6.91,0.3358751128341077,0.16570209074124886,6.011280471995126,6.012062072753906,0.08791208791208792,111.1950802335326,NA,NA,0,0.48369611753326547,0.13308150717137612,0.06437291552785866,0.04262550976864905,0.06304493576835406,0.0895199487764466,joint_compound_brms,leave_one_event_out,2020,-0.06437291552785866,0.06437291552785866
manta,4066270,18-039,Dip Reef (18-039),2020,Central GBR,1,6.91,0.3358751128341077,0.16078226510991372,6.011280471995126,6.012062072753906,0.08791208791208792,111.1950802335326,NA,NA,0,0.5061489264863085,0.14824622386455538,0.07503388095446914,0.05098181238588969,0.07291962826524753,0.1056985431202142,joint_compound_brms,leave_one_event_out,2020,-0.07503388095446914,0.07503388095446914
ltmp,4236914,18-051,Pandora Reef (18-051),2020,Central GBR,1,8.97,0.03249614945099818,0.4022405202552219,6.032604992199209,4.50977087020874,0.25274725274725274,26.32349077361211,NA,NA,0,0.729917571132649,0.2549819017737655,0.1859818868996964,0.11440226382002101,0.18170638371827058,0.2707453571252652,joint_compound_brms,leave_one_event_out,2020,-0.1859818868996964,0.1859818868996964
ltmp,4225911,18-065,Havannah Reef (18-065),2020,Central GBR,3,8.18,0.6882594454496512,0.18388524505970671,6.032604992199209,4.50977087020874,0.25274725274725274,26.32349077361211,b,bleaching at time of previous survey,0.39380685419487826,0.726389167533634,0.11842454143708131,0.08595582171764864,0.04333750955639543,0.08034450224004717,0.14770143362996896,joint_compound_brms,leave_one_event_out,2020,0.3078510324772296,0.3078510324772296
ltmp,4235333,18-075,John Brewer Reef (18-075),2020,Central GBR,2,4.21,0.5789656920003557,0.0903045785350731,5.770404985345434,5.603609085083008,0.07692307692307693,61.49749903428462,NA,NA,0,0.3098914015276062,0.1456482159074341,0.044547624147643544,0.02383617822973597,0.04205182662468748,0.07353175308385522,joint_compound_brms,leave_one_event_out,2020,-0.044547624147643544,0.044547624147643544
manta,4068099,18-075,John Brewer Reef (18-075),2020,Central GBR,2,4.21,0.5789656920003557,0.11694797177863321,5.770404985345434,5.603609085083008,0.07692307692307693,61.49749903428462,NA,NA,0,0.3451201449678349,0.16324980814805556,0.05577681039564167,0.029117724501292776,0.05370334562730962,0.08936120212613323,joint_compound_brms,leave_one_event_out,2020,-0.05577681039564167,0.05577681039564167
ltmp,4237695,18-086,Chicken Reef (18-086),2020,Central GBR,4,6.86,0.49055631428249896,0.3738055410716834,6.011280471995126,6.078682899475098,0.08791208791208792,87.43427334613949,NA,NA,0,0.6535135908966125,0.16747023878062028,0.10934749774737884,0.07136334451258995,0.1064770385470426,0.1564674378662922,joint_compound_brms,leave_one_event_out,2020,-0.10934749774737884,0.10934749774737884
manta,4066791,18-086,Chicken Reef (18-086),2020,Central GBR,4,6.86,0.49055631428249896,0.18834253761370987,6.011280471995126,6.078682899475098,0.08791208791208792,87.43427334613949,NA,NA,0,0.5720976730960499,0.15637209085461137,0.08920829082392989,0.056097761581464414,0.08660504950947559,0.13020765859445735,joint_compound_brms,leave_one_event_out,2020,-0.08920829082392989,0.08920829082392989
ltmp,4234583,18-096,Davies Reef (18-096),2020,Central GBR,3,5.17,0.3196697117045063,0.3825708405374669,6.011280471995126,6.078682899475098,0.08791208791208792,87.43427334613949,NA,NA,0,0.4942960031732455,0.18660847929522528,0.09220454172723984,0.06312978589772773,0.090046569576474,0.12771922636680424,joint_compound_brms,leave_one_event_out,2020,-0.09220454172723984,0.09220454172723984
manta,4068159,18-096,Davies Reef (18-096),2020,Central GBR,3,5.17,0.3196697117045063,0.3212586118283456,6.011280471995126,6.078682899475098,0.08791208791208792,87.43427334613949,NA,NA,0,0.4828655648024483,0.19619826282745512,0.09466415912578927,0.06830461977668209,0.09317892771073967,0.1267309905301148,joint_compound_brms,leave_one_event_out,2020,-0.09466415912578927,0.09466415912578927
ltmp,4233082,19-131a,U/N Reef (19-131a),2020,Central GBR,5,3.0700000000000003,0.10315989611630695,0.4139151847972261,6.177678834735393,6.4734978675842285,0.04395604395604396,61.428452679898,NA,NA,0.00978824470658098,0.36184907496822455,0.1961928067111045,0.07056766562433861,0.038192279700070594,0.06723107290675243,0.11426495983472541,joint_compound_brms,leave_one_event_out,2020,-0.060779420917757634,0.060779420917757634
manta,4067678,19-131a,U/N Reef (19-131a),2020,Central GBR,5,3.0700000000000003,0.10315989611630695,0.1587169933071737,6.177678834735393,6.4734978675842285,0.04395604395604396,61.428452679898,NA,NA,0,0.2544947832183378,0.17777150244674716,0.04501221831580132,0.024716192424560836,0.043171748871617927,0.07214923684817899,joint_compound_brms,leave_one_event_out,2020,-0.04501221831580132,0.04501221831580132
ltmp,4231593,19-138,U/N Reef (19-138),2020,Central GBR,3,3.52,0.07745145210877742,0.3413425659846269,6.177678834735393,6.471310138702393,0.04395604395604396,76.29258334678795,NA,NA,0,0.3214441864659141,0.18800848703785114,0.060110671236162955,0.03302210771278066,0.057193991706586754,0.09711441570717577,joint_compound_brms,leave_one_event_out,2020,-0.060110671236162955,0.060110671236162955
manta,4067383,19-138,U/N Reef (19-138),2020,Central GBR,3,3.52,0.07745145210877742,0.1829281422628002,6.177678834735393,6.471310138702393,0.04395604395604396,76.29258334678795,NA,NA,0,0.2639706080139305,0.18361367561151162,0.048275149291470684,0.02698206136613901,0.046234625502556775,0.07735211014935336,joint_compound_brms,leave_one_event_out,2020,-0.048275149291470684,0.048275149291470684
ltmp,4227306,19-159,Slate Reef (19-159),2020,Central GBR,1,5.73,0.4267011199361873,0.31176205255252765,6.177678834735393,6.479991912841797,0.02197802197802198,118.35940764116184,NA,NA,0,0.5109757371237584,0.21421397525343855,0.10931722778573282,0.07125984924988407,0.10677348523418362,0.15649711328070975,joint_compound_brms,leave_one_event_out,2020,-0.10931722778573282,0.10931722778573282
manta,4067120,19-159,Slate Reef (19-159),2020,Central GBR,1,5.73,0.4267011199361873,0.2853069490583801,6.177678834735393,6.479991912841797,0.02197802197802198,118.35940764116184,NA,NA,0,0.5205313350801304,0.2327233686102935,0.12103706271862698,0.07884482580781302,0.11766904833353029,0.17258332666691023,joint_compound_brms,leave_one_event_out,2020,-0.12103706271862698,0.12103706271862698
ltmp,4228741,19-207,Hyde Reef (19-207),2020,Central GBR,4,5.84,0.5149469119724659,0.21268437953974742,6.177678834735393,6.479991912841797,0.02197802197802198,118.35940764116184,NA,NA,0,0.48780164721415664,0.18729266691756233,0.0911954143587807,0.0575496638328073,0.08862190734883334,0.13359448846600774,joint_compound_brms,leave_one_event_out,2020,-0.0911954143587807,0.0911954143587807
ltmp,4228048,19-209,Rebe Reef (19-209),2020,Central GBR,5,7.1000000000000005,0.5378055745744468,0.19738310010550875,6.177678834735393,6.433742046356201,0.04395604395604396,141.95146623793426,NA,NA,0,0.5753856979957107,0.18572786072212372,0.10664698197205157,0.06687160014028866,0.10290799044938001,0.15463835625592828,joint_compound_brms,leave_one_event_out,2020,-0.10664698197205157,0.10664698197205157
manta,4067243,19-209,Rebe Reef (19-209),2020,Central GBR,5,7.1000000000000005,0.5378055745744468,0.35447061249917833,6.177678834735393,6.433742046356201,0.04395604395604396,141.95146623793426,NA,NA,0,0.6862114128702019,0.24124127020202965,0.16532123075145316,0.11100602284913086,0.16294630077693795,0.22821660925746778,joint_compound_brms,leave_one_event_out,2020,-0.16532123075145316,0.16532123075145316
manta,4067508,20-113,Ben Reef (20-113),2020,Southern GBR,1,1.96,0.4095021337781647,0.3712366788851641,6.177678834735393,6.478888988494873,0.03296703296703297,133.43482982159227,NA,NA,0,0.4340304628551727,0.20790307559652063,0.08996854293855894,0.050019627734193044,0.08688931613378434,0.14072030841417496,joint_compound_brms,leave_one_event_out,2020,-0.08996854293855894,0.08996854293855894
manta,4067799,20-287,Credlin Reefs (East) (20-287),2020,Southern GBR,5,9.42,0.20111320881900838,0.13093079347843373,6.177678834735393,6.663402557373047,0.03296703296703297,107.88088100039306,NA,NA,0,0.652571698717568,0.2878882044709558,0.18781530891461024,0.11965236997318979,0.1838903971239264,0.26929750587792883,joint_compound_brms,leave_one_event_out,2020,-0.18781530891461024,0.18781530891461024
manta,4049481,20-297,Creal Reef (20-297),2020,Southern GBR,1,5.61,0.16137019063385213,0.2535244490127124,6.177678834735393,6.595123767852783,0.05494505494505494,158.8083169396554,NA,NA,0,0.4297737390434901,0.22011816005629642,0.09449353672079708,0.056622448950301774,0.09091342855463692,0.1411489726830146,joint_compound_brms,leave_one_event_out,2020,-0.09449353672079708,0.09449353672079708
ltmp,4238625,21-305,East Cay Reef (21-305),2020,Southern GBR,2,4.61,0.2609107525018889,0.20427112916375162,5.523931492475746,6.538366317749023,0.0989010989010989,222.5876216694933,NA,NA,0,0.3202591755096538,0.12497773052924696,0.039936274347720783,0.02280278687534661,0.03792416546550828,0.06465397719744037,joint_compound_brms,leave_one_event_out,2020,-0.039936274347720783,0.039936274347720783
ltmp,4183355,21-529,U/N Reef (21-529),2020,Southern GBR,1,3.98,0.5822428167247238,0.29469552267284255,5.523931492475746,6.541072845458984,0.08791208791208792,188.7922667774775,NA,NA,0.03949257900673553,0.41859326191687934,0.15827118203020277,0.06610417896989434,0.03677342059663442,0.06239657718460563,0.10573407592644521,joint_compound_brms,leave_one_event_out,2020,-0.026611599963158816,0.026611599963158816
manta,3989171,21-529,U/N Reef (21-529),2020,Southern GBR,1,3.98,0.5822428167247238,0.4025133136712928,5.523931492475746,6.541072845458984,0.08791208791208792,188.7922667774775,NA,NA,0,0.5068443745163129,0.19415950406990265,0.09832706884093345,0.057017009818035036,0.09480034081325203,0.15401133896779556,joint_compound_brms,leave_one_event_out,2020,-0.09832706884093345,0.09832706884093345
ltmp,4184040,21-556,Gannett Cay Reef (21-556),2020,Southern GBR,4,6.8,0.34729302570042375,0.23330519507553893,5.572018815225582,6.538841724395752,0.08791208791208792,198.3246302201427,m,DHW2020 6.8.,0.5658792943952381,0.5218663912987613,0.16545623632763679,0.08631876677970553,0.05716485690762506,0.08308290577029454,0.12606894846794245,joint_compound_brms,leave_one_event_out,2020,0.4795605276155326,0.4795605276155326
ltmp,4232338,21-562,Turner Reef (21-562),2020,Southern GBR,5,6,0.17748734789558618,0.054479115033619116,5.572018815225582,6.531579494476318,0.08791208791208792,211.65905306044084,NA,NA,0,0.3092527636346207,0.14249989967780535,0.04394371791210975,0.025456212422141224,0.0414896638740228,0.06929325814536072,joint_compound_brms,leave_one_event_out,2020,-0.04394371791210975,0.04394371791210975
manta,4284702,21-562,Turner Reef (21-562),2020,Southern GBR,5,6,0.17748734789558618,0.09364289505840233,5.572018815225582,6.531579494476318,0.08791208791208792,211.65905306044084,NA,NA,0,0.35159638883551886,0.1616836945410416,0.05669439205217705,0.03318556842494459,0.05466230846523744,0.08746233025938722,joint_compound_brms,leave_one_event_out,2020,-0.05669439205217705,0.05669439205217705
manta,4284675,22-088a,U/N Reef (22-088a),2020,Southern GBR,2,4.86,0.5357885688203727,0.27732997449046903,5.572018815225582,6.562894344329834,0.08791208791208792,175.33603223489754,NA,NA,0,0.48851738737659794,0.14957984040315445,0.07293462709780553,0.04508133015626741,0.07021805138297657,0.10882681932697724,joint_compound_brms,leave_one_event_out,2020,-0.07293462709780553,0.07293462709780553
ltmp,4186343,22-102,Chinaman Reef (22-102),2020,Southern GBR,5,6.6000000000000005,0.09148329523475685,0.1544590375987282,5.572018815225582,6.516928672790527,0.0989010989010989,221.91002299353315,NA,NA,0,0.38304087395223135,0.1667552031287448,0.06381409091793695,0.03915968383816862,0.060574937739456935,0.09678025784142803,joint_compound_brms,leave_one_event_out,2020,-0.06381409091793695,0.06381409091793695
manta,4284639,22-102,Chinaman Reef (22-102),2020,Southern GBR,5,6.6000000000000005,0.09148329523475685,0.10468208108865018,5.572018815225582,6.516928672790527,0.0989010989010989,221.91002299353315,NA,NA,0,0.3792177497292154,0.1777372279633323,0.06722974436495929,0.04018947814975549,0.0647030276741392,0.10132351106072254,joint_compound_brms,leave_one_event_out,2020,-0.06722974436495929,0.06722974436495929
ltmp,4182005,22-104a,Horseshoe Reef (No 1) (22-104a),2020,Southern GBR,1,6.61,0.020447710875091594,0.05868770430175735,5.572018815225582,6.538841724395752,0.08791208791208792,198.3246302201427,NA,NA,0.04340310167121431,0.30734710101028917,0.15756347876605017,0.048276375316728834,0.028474573948008966,0.04588877043126063,0.07498115628406925,joint_compound_brms,leave_one_event_out,2020,-0.004873273645514521,0.004873273645514521
manta,3989234,22-104a,Horseshoe Reef (No 1) (22-104a),2020,Southern GBR,1,6.61,0.020447710875091594,0.08991300952928293,5.572018815225582,6.538841724395752,0.08791208791208792,198.3246302201427,NA,NA,0,0.34541342515967915,0.17792032201471675,0.06125333189155983,0.03672394986035458,0.05926924996454831,0.09311317674664527,joint_compound_brms,leave_one_event_out,2020,-0.06125333189155983,0.06125333189155983
manta,4284488,23-045a,North Reef (North) (23-045a),2020,Southern GBR,1,7.42,0.5185425521202008,0.4340714641531534,5.545054949432337,6.6627068519592285,0.03296703296703297,94.55219552218418,NA,NA,0,0.7247750193790892,0.24637877384244367,0.17868231401030993,0.12008989285710978,0.1743956559561286,0.24934122411195986,joint_compound_brms,leave_one_event_out,2020,-0.17868231401030993,0.17868231401030993
ltmp,4188172,23-048,Broomfield Reef (23-048),2020,Southern GBR,3,6.9,0.8188876738951109,0.5949326890939102,5.545054949432337,6.6627068519592285,0.03296703296703297,94.55219552218418,NA,NA,0,0.8120544863258492,0.22316321562535144,0.18115531642091262,0.10810930160654116,0.17642242913657313,0.27133006384745745,joint_compound_brms,leave_one_event_out,2020,-0.18115531642091262,0.18115531642091262
manta,4284729,23-048,Broomfield Reef (23-048),2020,Southern GBR,3,6.9,0.8188876738951109,0.5079956101326129,5.545054949432337,6.6627068519592285,0.03296703296703297,94.55219552218418,NA,NA,0,0.7972687253411406,0.22833017004025066,0.18214487370036567,0.10984337263716218,0.17832904601695893,0.26909967499553233,joint_compound_brms,leave_one_event_out,2020,-0.18214487370036567,0.18214487370036567
manta,4284530,23-051,Wreck Island Reef (23-051),2020,Southern GBR,1,6.48,0.9454765295081774,0.5291629552580835,5.545054949432337,6.6627068519592285,0.03296703296703297,94.55219552218418,NA,NA,0,0.8097995517788507,0.22419413164020519,0.18160998937703252,0.11014382296588182,0.17718857673563815,0.2698327207806061,joint_compound_brms,leave_one_event_out,2020,-0.18160998937703252,0.18160998937703252
ltmp,4185537,23-055a,One Tree Island Reef (23-055a),2020,Southern GBR,4,5.34,0.8889220066516131,0.5764833385699617,5.325724245376243,6.62986946105957,0.03296703296703297,75.37078298757997,NA,NA,0,0.725295685974787,0.1986416971507723,0.14385454724638164,0.08726296390207447,0.13941998241652212,0.2139935256364206,joint_compound_brms,leave_one_event_out,2020,-0.14385454724638164,0.14385454724638164
manta,4284429,23-055a,One Tree Island Reef (23-055a),2020,Southern GBR,4,5.34,0.8889220066516131,0.4417325786544859,5.325724245376243,6.62986946105957,0.03296703296703297,75.37078298757997,NA,NA,0,0.6816161468907959,0.19407473262794742,0.13218079897443322,0.0798625841967738,0.12804661550941182,0.1965749305525174,joint_compound_brms,leave_one_event_out,2020,-0.13218079897443322,0.13218079897443322
manta,4284415,23-068,Erskine Reef (23-068),2020,Southern GBR,2,8.85,0.6463574733552038,0.41891770670918616,5.545054949432337,6.6470489501953125,0.04395604395604396,58.02948927544897,b,DHW2020 8.7.  COTS culling in the region also,0.1282197896106264,0.8468131578732209,0.2211820315499264,0.18758767024874304,0.10342120591031065,0.18159412709718642,0.2881249004706855,joint_compound_brms,leave_one_event_out,2020,-0.05936788063811663,0.05936788063811663
manta,4284517,23-069,Mast Head Reef (23-069),2020,Southern GBR,5,8.870000000000001,0.5168890543700682,0.3687693833880568,5.545054949432337,6.6470489501953125,0.04395604395604396,58.02948927544897,b,DHW2020 8.9,0.19578202558213337,0.8074991248084842,0.22983140028019325,0.185867325502669,0.1077130649329788,0.18199233781582624,0.2775742905948116,joint_compound_brms,leave_one_event_out,2020,0.009914700079464378,0.009914700079464378
manta,4284465,23-079,Boult Reef (23-079),2020,Southern GBR,2,3.69,0.8105745639212576,0.4830605824150165,5.4533243217087985,6.587196350097656,0.03296703296703297,75.30452287765046,NA,NA,0,0.5828792311563806,0.17611685066198104,0.10253764104473483,0.0565424742448696,0.09870587895994354,0.16422800392738723,joint_compound_brms,leave_one_event_out,2020,-0.10253764104473483,0.10253764104473483
manta,4284552,23-080,Hoskyn Islands Reef (23-080),2020,Southern GBR,2,3.6,0.673505856232747,0.46745503668090443,5.4533243217087985,6.587196350097656,0.03296703296703297,75.30452287765046,NA,NA,0,0.5271708296343778,0.19147813706105787,0.10075869050119544,0.05964169963408437,0.09820495845016594,0.15177918808909335,joint_compound_brms,leave_one_event_out,2020,-0.10075869050119544,0.10075869050119544
manta,4284502,23-081,Fairfax Islands Reef (23-081),2020,Southern GBR,1,4.55,0.8387996880898884,0.4013951176481543,5.4533243217087985,6.587196350097656,0.03296703296703297,75.30452287765046,NA,NA,0,0.5957294678127087,0.15933532515233956,0.09478947842242874,0.05424198516961136,0.09115975946500404,0.14717322281839945,joint_compound_brms,leave_one_event_out,2020,-0.09478947842242874,0.09478947842242874
ltmp,4187212,23-082a,Lady Musgrave Reef (23-082a),2020,Southern GBR,4,4.91,0.9383600886206768,0.6261353612748524,5.450797930900773,6.549958229064941,0.03296703296703297,75.2376810282473,NA,NA,0,0.7383277272807375,0.15088301225079,0.11134482348665573,0.058501266377887204,0.1052554767441706,0.18479060189431676,joint_compound_brms,leave_one_event_out,2020,-0.11134482348665573,0.11134482348665573
manta,4284764,23-082a,Lady Musgrave Reef (23-082a),2020,Southern GBR,4,4.91,0.9383600886206768,0.4630601410169584,5.450797930900773,6.549958229064941,0.03296703296703297,75.2376810282473,NA,NA,0,0.6823473403302613,0.1427604224212726,0.09732340834648627,0.051021758604879994,0.09294166723113012,0.15784192934840915,joint_compound_brms,leave_one_event_out,2020,-0.09732340834648627,0.09732340834648627
ltmp,4241128,11-016,McSweeney Reef (11-016),2022,Northern GBR,5,6.72,0,0.10206708835116286,6.048990046254762,4.911509990692139,0.25555555555555554,61.227214056639745,NA,NA,0,0.2601153423071682,0.1714097271697804,0.04432942913428578,0.024066493468984568,0.04224265581537233,0.07197253488211443,joint_compound_brms,leave_one_event_out,2022,-0.04432942913428578,0.04432942913428578
ltmp,4240948,11-029,Monsoon Reef (11-029),2022,Northern GBR,1,6.55,0.020203981877468212,0.12125299881007712,6.048990046254762,4.895129680633545,0.25555555555555554,54.52924238766865,NA,NA,0,0.26819260894765756,0.15634993809153,0.04169698871990588,0.02221311464333008,0.039500840892378444,0.068284337619106,joint_compound_brms,leave_one_event_out,2022,-0.04169698871990588,0.04169698871990588
ltmp,4241525,11-049,U/N Reef (11-049),2022,Northern GBR,3,5.8100000000000005,0.048981308349736,0.19528219082275924,6.048990046254762,4.895129680633545,0.25555555555555554,54.52924238766865,NA,NA,0,0.28580855038659037,0.16751127690558223,0.04754708588603223,0.027302777881265276,0.0457398158135814,0.0743314541449036,joint_compound_brms,leave_one_event_out,2022,-0.04754708588603223,0.04754708588603223
ltmp,4241315,12-056,Mantis Reef (12-056),2022,Northern GBR,3,10.45,0.21517474702332873,0.1723114487572831,6.150357064439301,5.042386054992676,0.2111111111111111,86.07130881755599,NA,NA,0.014261294460282303,0.6908991859547052,0.18908022960312235,0.13040114402020578,0.07391532555695948,0.12594635877093074,0.20151054797526285,joint_compound_brms,leave_one_event_out,2022,-0.11613984955992347,0.11613984955992347
manta,4285300,12-056,Mantis Reef (12-056),2022,Northern GBR,3,10.45,0.21517474702332873,0.33703276595027076,6.150357064439301,5.042386054992676,0.2111111111111111,86.07130881755599,NA,NA,0,0.8123786188640856,0.22771274949802328,0.18494128333792975,0.11074501568195179,0.18053901197591693,0.27455870200529753,joint_compound_brms,leave_one_event_out,2022,-0.18494128333792975,0.18494128333792975
ltmp,4241952,12-061,Lagoon Reef (12-061),2022,Northern GBR,1,7.71,0.277758232567382,0.3012948558892937,6.150357064439301,5.084073066711426,0.13333333333333333,54.279648353109025,NA,NA,0,0.5518412757174495,0.16685363271213977,0.09189529692537891,0.058836733026495516,0.08932133110891521,0.13328891523647346,joint_compound_brms,leave_one_event_out,2022,-0.09189529692537891,0.09189529692537891
manta,4285500,12-061,Lagoon Reef (12-061),2022,Northern GBR,1,7.71,0.277758232567382,0.34639715606109467,6.150357064439301,5.084073066711426,0.13333333333333333,54.279648353109025,NA,NA,0,0.6026966368381866,0.18090838803728035,0.10884498843592798,0.07118047700877568,0.10614476532903352,0.1527167944716495,joint_compound_brms,leave_one_event_out,2022,-0.10884498843592798,0.10884498843592798
manta,4285460,12-098,Second Small Reef (12-098),2022,Northern GBR,4,8.46,0.32711814112678345,0.3511430866922869,6.150357064439301,5.084073066711426,0.13333333333333333,54.279648353109025,NA,NA,0,0.6784211456932248,0.19854019598547282,0.13458576801547584,0.09063771990180526,0.13213086253533418,0.18877776281507214,joint_compound_brms,leave_one_event_out,2022,-0.13458576801547584,0.13458576801547584
manta,1273023,13-056,Sand Bank No 8 Reef (13-056),2022,Northern GBR,3,7.49,0.1960642027905039,0.23172291934248443,5.754086810743927,5.232616901397705,0.1,54.11748335007643,NA,NA,0,0.435689694436306,0.13424343259063906,0.058262294636048054,0.030491206023853704,0.05459571839469067,0.09576102484603934,joint_compound_brms,leave_one_event_out,2022,-0.058262294636048054,0.058262294636048054
manta,1273190,13-118a,Creech Reef (North) (13-118a),2022,Northern GBR,5,7.94,0.18263395256926518,0.3979732078801178,5.825020814971268,5.049399375915527,0.08888888888888889,54.0042200125233,NA,NA,0,0.6260011898612806,0.15870632343144336,0.09921345682334941,0.048368410466136776,0.0932008944965934,0.16986574597419288,joint_compound_brms,leave_one_event_out,2022,-0.09921345682334941,0.09921345682334941
manta,1273142,13-121,U/N Reef (13-121),2022,Northern GBR,1,9.34,0.1996493645654637,0.21666904425339273,6.23031663982748,5.2201762199401855,0.07777777777777778,61.79502527764437,NA,NA,0,0.5909903729192285,0.198151644131021,0.11683072229466857,0.060907089496602645,0.11216870081803801,0.1898215743232413,joint_compound_brms,leave_one_event_out,2022,-0.11683072229466857,0.11683072229466857
ltmp,4242162,13-124,U/N Reef (13-124),2022,Northern GBR,4,5.55,0.14891155162157527,0.29979917638459785,5.825020814971268,5.049399375915527,0.08888888888888889,54.0042200125233,NA,NA,0.008363229155840207,0.32329171465868833,0.13071742767054276,0.041586591181479116,0.02036415215466759,0.038657399668303644,0.07277469654787329,joint_compound_brms,leave_one_event_out,2022,-0.03322336202563891,0.03322336202563891
manta,4285227,13-124,U/N Reef (13-124),2022,Northern GBR,4,5.55,0.14891155162157527,0.30157069902119826,5.825020814971268,5.049399375915527,0.08888888888888889,54.0042200125233,NA,NA,0,0.3324609437851988,0.13457874929555844,0.04423728745868023,0.021358173602512152,0.04099074243385608,0.07675081810946478,joint_compound_brms,leave_one_event_out,2022,-0.04423728745868023,0.04423728745868023
ltmp,4184760,14-087,Snake Reef (14-087),2022,Northern GBR,4,3.63,0.1668584373564845,0.21698047006081578,6.269256244359847,5.450056076049805,0.13333333333333333,38.681727528550425,NA,NA,0.015880626435146806,0.26614910006754977,0.14649007105473252,0.038494133581377356,0.020435570031216703,0.036719683277514854,0.06213384437546632,joint_compound_brms,leave_one_event_out,2022,-0.02261350714623055,0.02261350714623055
ltmp,4171458,14-114,MacGillivray Reef (14-114),2022,Northern GBR,4,3.88,0.09358090098874752,0.18257971587487679,6.228459588502013,6.290968894958496,0.08888888888888889,38.660259476645,NA,NA,0.04302678635595218,0.21432789829890733,0.12433250386500633,0.02617447463252182,0.013057424615630133,0.024640714031897777,0.04255989183289611,joint_compound_brms,leave_one_event_out,2022,0.016852311723430363,0.016852311723430363
manta,4206377,14-114,MacGillivray Reef (14-114),2022,Northern GBR,4,3.88,0.09358090098874752,0.3045120088924622,6.228459588502013,6.290968894958496,0.08888888888888889,38.660259476645,NA,NA,0,0.3085179854656043,0.1292751458827538,0.03961358338042384,0.02071278612827368,0.03774415216156496,0.06451143469732884,joint_compound_brms,leave_one_event_out,2022,-0.03961358338042384,0.03961358338042384
ltmp,4169249,14-116a,Lizard Island Reef (North West) (14-116a),2022,Northern GBR,2,4.05,0.12788508563532167,0.16282802410731043,6.228459588502013,6.290968894958496,0.08888888888888889,38.660259476645,NA,NA,0,0.20891561606607573,0.11865689259168208,0.024395404055702424,0.011582303389170417,0.022545424558742144,0.04211758701869929,joint_compound_brms,leave_one_event_out,2022,-0.024395404055702424,0.024395404055702424
manta,4285517,14-116a,Lizard Island Reef (North West) (14-116a),2022,Northern GBR,2,4.05,0.12788508563532167,0.19225103812166214,6.228459588502013,6.290968894958496,0.08888888888888889,38.660259476645,NA,NA,0.013223289431955713,0.23337274916799183,0.11990961216221867,0.027811628928021494,0.012855007888012339,0.026006406234710802,0.049206355455906424,joint_compound_brms,leave_one_event_out,2022,-0.014588339496065781,0.014588339496065781
ltmp,4175201,14-126,Linnet Reef (14-126),2022,Northern GBR,5,5.14,0.7120799290486606,0.34855397477533034,6.228459588502013,5.682276725769043,0.1,27.798770058382857,NA,NA,0,0.5541563879073422,0.16629306746557668,0.09202417363155295,0.052583395139811605,0.08868223548313955,0.14417626856140023,joint_compound_brms,leave_one_event_out,2022,-0.09202417363155295,0.09202417363155295
manta,4285401,14-126,Linnet Reef (14-126),2022,Northern GBR,5,5.14,0.7120799290486606,0.26847883981301424,6.228459588502013,5.682276725769043,0.1,27.798770058382857,NA,NA,0,0.48743216167854103,0.16355154852385326,0.07965122588236206,0.04524627604033605,0.07701357676549025,0.12561143014377624,joint_compound_brms,leave_one_event_out,2022,-0.07965122588236206,0.07965122588236206
ltmp,4173744,14-137,Carter Reef (14-137),2022,Northern GBR,3,4.64,0.11162755510045248,0.28830740488365447,6.228459588502013,5.985509395599365,0.1111111111111111,61.75564549314031,NA,NA,0,0.3240144353812057,0.13294529950923062,0.04267348800752205,0.02328214251381934,0.04083818209674889,0.06777709369822932,joint_compound_brms,leave_one_event_out,2022,-0.04267348800752205,0.04267348800752205
manta,3988789,14-137,Carter Reef (14-137),2022,Northern GBR,3,4.64,0.11162755510045248,0.27333834081647773,6.228459588502013,5.985509395599365,0.1111111111111111,61.75564549314031,NA,NA,0,0.31907921716151294,0.13622912211686247,0.04331560230122863,0.02344543885197242,0.04185100945567942,0.06864881882188617,joint_compound_brms,leave_one_event_out,2022,-0.04331560230122863,0.04331560230122863
ltmp,4175970,14-138,Yonge Reef (14-138),2022,Northern GBR,1,4.65,0.1480934608370982,0.3026710530032551,6.228459588502013,5.985509395599365,0.1111111111111111,61.75564549314031,NA,NA,0,0.3446719971723114,0.13037727262707097,0.044568903402209585,0.024758612947869706,0.04267029049276627,0.06994267816336619,joint_compound_brms,leave_one_event_out,2022,-0.044568903402209585,0.044568903402209585
manta,4206461,14-138,Yonge Reef (14-138),2022,Northern GBR,1,4.65,0.1480934608370982,0.2530980472252443,6.228459588502013,5.985509395599365,0.1111111111111111,61.75564549314031,NA,NA,0,0.3106767537659428,0.1316856111293017,0.040807020707862685,0.022273585938575327,0.039150342798947774,0.06495674387982091,joint_compound_brms,leave_one_event_out,2022,-0.040807020707862685,0.040807020707862685
ltmp,4169993,14-139,No Name Reef (14-139),2022,Northern GBR,3,4.32,0.1782672759319418,0.29850797723535266,6.228459588502013,6.00985860824585,0.1111111111111111,60.49914788861235,NA,NA,0,0.331315054798664,0.13993491331653388,0.045918535749125564,0.02540581442563824,0.04414106309288721,0.0747144599305668,joint_compound_brms,leave_one_event_out,2022,-0.045918535749125564,0.045918535749125564
manta,3988851,14-139,No Name Reef (14-139),2022,Northern GBR,3,4.32,0.1782672759319418,0.2310673985478165,6.228459588502013,6.00985860824585,0.1111111111111111,60.49914788861235,NA,NA,0.051974149260180035,0.28406405237749843,0.1402882698668495,0.03968987437041621,0.02126628872556228,0.03796240186607226,0.0643861252326057,joint_compound_brms,leave_one_event_out,2022,0.012284274889763823,0.012284274889763823
ltmp,4172232,14-143,North Direction Reef (14-143),2022,Northern GBR,3,4.36,0.40341642236557596,0.12012836820424704,6.228459588502013,6.290968894958496,0.08888888888888889,38.660259476645,NA,NA,0.025737524031269332,0.24035623662101316,0.11458708568973831,0.027267878945927974,0.013266930026944922,0.025125987143394604,0.04770909277031931,joint_compound_brms,leave_one_event_out,2022,-0.0015303549146586416,0.0015303549146586416
manta,4206411,15-009,Forrester Reef (15-009),2022,Northern GBR,3,3.74,0.14244332629903342,0.2590405199034229,6.160607942896971,6.182407855987549,0.06666666666666667,26.81989949840036,NA,NA,0,0.26506403585129307,0.14549567150902706,0.0382659595132416,0.019794534770498952,0.036513509590589605,0.06187833794431374,joint_compound_brms,leave_one_event_out,2022,-0.0382659595132416,0.0382659595132416
manta,4006063,15-012,Boulder Reef (15-012),2022,Northern GBR,4,2.64,0.26322764203965526,0.26032528409459676,6.13825371641662,6.421562194824219,0.05555555555555555,26.7877398724011,NA,NA,0,0.2818537521104043,0.13607637346827242,0.03813085372839362,0.019319317221519482,0.036238115289126197,0.06329116230571198,joint_compound_brms,leave_one_event_out,2022,-0.03813085372839362,0.03813085372839362
manta,4006090,15-013,Egret Reef (15-013),2022,Northern GBR,5,2.8000000000000003,0.26850062342122305,0.11954703074719278,6.13825371641662,6.421562194824219,0.05555555555555555,26.7877398724011,NA,NA,0,0.18928270203670758,0.1333821932043837,0.02494391852340277,0.011945696222079638,0.02352352646620965,0.04316272838256757,joint_compound_brms,leave_one_event_out,2022,-0.02494391852340277,0.02494391852340277
manta,1273616,15-085,Lena Reef (15-085),2022,Northern GBR,2,3.3200000000000003,0.29086113036428246,0.36389346994541305,6.098781009362737,6.859919548034668,0.07777777777777778,53.51013110890626,NA,NA,0,0.36012154891295917,0.124685683144121,0.0447065161612426,0.02568772156499337,0.04301116603809356,0.07007697131829625,joint_compound_brms,leave_one_event_out,2022,-0.0447065161612426,0.0447065161612426
ltmp,4176751,15-099c,Agincourt Reefs (No 1) (15-099c),2022,Central GBR,1,4.33,0.25797491087869023,0.23587484012350973,6.008514722857338,6.266332149505615,0.07777777777777778,53.443772818368494,NA,NA,0,0.2455341937608366,0.11994033335929172,0.029123955948640357,0.0169204194205921,0.027880152252436015,0.04504472400790669,joint_compound_brms,leave_one_event_out,2022,-0.029123955948640357,0.029123955948640357
manta,4206428,15-099c,Agincourt Reefs (No 1) (15-099c),2022,Central GBR,1,4.33,0.25797491087869023,0.31842898872164854,6.008514722857338,6.266332149505615,0.07777777777777778,53.443772818368494,NA,NA,0,0.3152892097017098,0.1252043143801379,0.03929668851128311,0.023598576639864127,0.03772373482873087,0.05917857053441083,joint_compound_brms,leave_one_event_out,2022,-0.03929668851128311,0.03929668851128311
manta,4206194,16-015,Mackay Reef (16-015),2022,Central GBR,2,4.14,0.370486336238297,0.4508135826329015,6.008514722857338,6.266332149505615,0.07777777777777778,53.443772818368494,NA,NA,0.33138512291027894,0.4475302535266971,0.1570429346318132,0.07012030362876849,0.04197320000805821,0.06757090624977594,0.10570880141665961,joint_compound_brms,leave_one_event_out,2022,0.26126481928151046,0.26126481928151046
ltmp,4170713,16-028,Low Islands Reef (16-028),2022,Central GBR,4,4.33,0.07313090878400381,0.351152015296988,6.22644406812429,2.904274225234986,0.5666666666666667,26.65400763146825,NA,NA,0.006709065866115191,0.40794469901523944,0.41341850986433165,0.16796393082037972,0.060329751473671214,0.15431336748212005,0.325505541046564,joint_compound_brms,leave_one_event_out,2022,-0.16125486495426453,0.16125486495426453
manta,4206351,16-028,Low Islands Reef (16-028),2022,Central GBR,4,4.33,0.07313090878400381,0.3877109804880718,6.22644406812429,2.904274225234986,0.5666666666666667,26.65400763146825,NA,NA,0,0.4478388987183946,0.43485654474385466,0.1942804316288604,0.0694474256002903,0.18086675940197255,0.3657402651742322,joint_compound_brms,leave_one_event_out,2022,-0.1942804316288604,0.1942804316288604
manta,4068394,16-049,Green Island Reef (16-049),2022,Central GBR,1,4.23,0.2622221473568544,0.16394949444706505,5.9714322021140145,6.466094493865967,0.04444444444444444,38.476277836573935,NA,NA,0,0.19207572075171447,0.1268525876184774,0.024144513773919574,0.011931299952093065,0.023008742767954594,0.04116494791990899,joint_compound_brms,leave_one_event_out,2022,-0.024144513773919574,0.024144513773919574
ltmp,4179543,16-057,Hastings Reef (16-057),2022,Central GBR,2,4.74,0.13685594143549068,0.13348873682117463,6.123609879110241,6.72470235824585,0.03333333333333333,60.09013295337378,NA,NA,0,0.19537838186844664,0.11777352933569597,0.022657658880174878,0.011416576155378243,0.02156523177193015,0.03805116990070278,joint_compound_brms,leave_one_event_out,2022,-0.022657658880174878,0.022657658880174878
manta,4206248,16-057,Hastings Reef (16-057),2022,Central GBR,2,4.74,0.13685594143549068,0.17340000487170631,6.123609879110241,6.72470235824585,0.03333333333333333,60.09013295337378,NA,NA,0,0.22540986111347625,0.11794454288417533,0.02640445463142341,0.01363795546321524,0.02530052022124455,0.04324539464694076,joint_compound_brms,leave_one_event_out,2022,-0.02640445463142341,0.02640445463142341
ltmp,4178611,16-068,Thetford Reef (16-068),2022,Central GBR,5,4.6000000000000005,0.1391397442593864,0.2056648669248214,5.9714322021140145,6.727018356323242,0.04444444444444444,60.028158717834764,NA,NA,0,0.20865239202217206,0.116201407017962,0.023917724733310265,0.010633489272244967,0.022154704439986198,0.04212667571579663,joint_compound_brms,leave_one_event_out,2022,-0.023917724733310265,0.023917724733310265
manta,4068552,16-068,Thetford Reef (16-068),2022,Central GBR,5,4.6000000000000005,0.1391397442593864,0.3082641255354968,5.9714322021140145,6.727018356323242,0.04444444444444444,60.028158717834764,NA,NA,0.1317402536462841,0.28637911154871504,0.11858467924128924,0.03378308680463456,0.015512656282787958,0.031016699476662694,0.06040682921262258,joint_compound_brms,leave_one_event_out,2022,0.09795716684164955,0.09795716684164955
ltmp,3753787,17-024,Peart Reef (17-024),2022,Central GBR,1,4.48,0.28757915269354717,0.24000687783132776,6.284666861554833,6.148778438568115,0.05555555555555555,53.02430121520352,NA,NA,0,0.3236360519670343,0.14893288327307844,0.04787772913458988,0.02851391068577292,0.046499229915941714,0.07289248107596788,joint_compound_brms,leave_one_event_out,2022,-0.04787772913458988,0.04787772913458988
manta,4067479,17-024,Peart Reef (17-024),2022,Central GBR,1,4.48,0.28757915269354717,0.12719263909223225,6.284666861554833,6.148778438568115,0.05555555555555555,53.02430121520352,NA,NA,0,0.24493121669454632,0.1475290710727381,0.03597015508138642,0.01981944438074108,0.03447084192416624,0.057641003466482904,joint_compound_brms,leave_one_event_out,2022,-0.03597015508138642,0.03597015508138642
ltmp,3754967,17-034,Feather Reef (17-034),2022,Central GBR,4,4.65,0.3042376115459002,0.292014693498269,6.284666861554833,6.148778438568115,0.05555555555555555,53.02430121520352,NA,NA,0,0.38002582427076087,0.1580842846674207,0.05977077690222243,0.0374795527872435,0.05800816341572798,0.08887804401312382,joint_compound_brms,leave_one_event_out,2022,-0.05977077690222243,0.05977077690222243
manta,4068669,17-034,Feather Reef (17-034),2022,Central GBR,4,4.65,0.3042376115459002,0.15191129623016722,6.284666861554833,6.148778438568115,0.05555555555555555,53.02430121520352,NA,NA,0,0.27212630070169574,0.15278312847626196,0.04144221264213523,0.024047174326963603,0.039811905467584945,0.06374393514898771,joint_compound_brms,leave_one_event_out,2022,-0.04144221264213523,0.04144221264213523
ltmp,3802954,17-063a,Farquharson Reef (No 1) (17-063a),2022,Central GBR,4,5.1000000000000005,0.15948356377765885,0.07060503826758416,6.157238244302861,5.968624591827393,0.07777777777777778,52.950848061604326,b,DHW 5,0,0.1852503486701573,0.15572985021877,0.02856860883544841,0.015860048269503668,0.027327357212320547,0.045388080471262755,joint_compound_brms,leave_one_event_out,2022,-0.02856860883544841,0.02856860883544841
ltmp,3752583,17-064,Taylor Reef (17-064),2022,Central GBR,2,5.1000000000000005,0.19780815383919248,0.08642161922812694,6.157238244302861,5.968624591827393,0.07777777777777778,52.950848061604326,b,Aerial bl 5 2022,0.034606223172175335,0.20015698890151515,0.15213739776722474,0.03019521179765259,0.01724409023548131,0.029041122764331448,0.04739580978536438,joint_compound_brms,leave_one_event_out,2022,0.0044110113745227456,0.0044110113745227456
manta,4067740,17-064,Taylor Reef (17-064),2022,Central GBR,2,5.1000000000000005,0.19780815383919248,0.17976974148809752,6.157238244302861,5.968624591827393,0.07777777777777778,52.950848061604326,b,DHW 5.2 in 2022,0,0.2685681950579451,0.1590490205637101,0.04258896269365486,0.026249964697906965,0.041332290218809145,0.06387083528768214,joint_compound_brms,leave_one_event_out,2022,-0.04258896269365486,0.04258896269365486
ltmp,4226572,18-030,Kelso Reef (18-030),2022,Central GBR,5,5.24,0.38025490391862365,0.1952648378937214,5.855806844803085,6.213714122772217,0.05555555555555555,83.77527323363911,b,DHW 5,0.003661896794402073,0.2622568509429374,0.12941384012632118,0.03376664994378707,0.019828364003225712,0.03234054574002273,0.052710565300514975,joint_compound_brms,leave_one_event_out,2022,-0.030104753149385,0.030104753149385
manta,4066152,18-030,Kelso Reef (18-030),2022,Central GBR,5,5.24,0.38025490391862365,0.3974596401457077,5.855806844803085,6.213714122772217,0.05555555555555555,83.77527323363911,b,DHW  5.2 in 2022 max bl obs 35% avg 5%,0.12764122335033576,0.4435002524606287,0.14802242513869193,0.06552977953894762,0.04051417048082144,0.06318875407615332,0.10004509362695013,joint_compound_brms,leave_one_event_out,2022,0.06211144381138814,0.06211144381138814
manta,4067872,18-031,Little Kelso Reef (18-031),2022,Central GBR,4,5.11,0.6403023434382549,0.21921067973529001,5.855806844803085,6.213714122772217,0.05555555555555555,83.77527323363911,NA,NA,0,0.33566973422833796,0.14482985890460642,0.048460308721942624,0.02813096498739625,0.04682028449192633,0.07351573349586954,joint_compound_brms,leave_one_event_out,2022,-0.048460308721942624,0.048460308721942624
ltmp,4239585,18-032,Rib Reef (18-032),2022,Central GBR,3,5.2,0.14359001595396717,0.0997242371122222,5.855806844803085,5.935077667236328,0.06666666666666667,59.56981330964312,NA,NA,0,0.1644941639417364,0.14963362345012263,0.02432030515694326,0.012848277873850508,0.022962641817146197,0.04080869997685836,joint_compound_brms,leave_one_event_out,2022,-0.02432030515694326,0.02432030515694326
manta,4068046,18-032,Rib Reef (18-032),2022,Central GBR,3,5.2,0.14359001595396717,0.24122436832919858,5.855806844803085,5.935077667236328,0.06666666666666667,59.56981330964312,NA,NA,0.0608903191997818,0.25671103806905965,0.15390124116840223,0.039278489670511514,0.022067785778615893,0.03751441487009992,0.06310491569299956,joint_compound_brms,leave_one_event_out,2022,0.021611829529270286,0.021611829529270286
ltmp,4236107,18-034,Myrmidon Reef (18-034),2022,Central GBR,2,6.3,0.33819050843864445,0.3697596233721244,5.992377985825294,6.531012535095215,0.03333333333333333,132.00208142190922,NA,NA,0,0.4994700168323175,0.13875814993144522,0.06916141939835954,0.04135599481196239,0.06740457279392711,0.10395582508193392,joint_compound_brms,leave_one_event_out,2022,-0.06916141939835954,0.06916141939835954
manta,4066114,18-034,Myrmidon Reef (18-034),2022,Central GBR,2,6.3,0.33819050843864445,0.4558055097016767,5.992377985825294,6.531012535095215,0.03333333333333333,132.00208142190922,NA,NA,0,0.5903827398897774,0.155592086133389,0.09179612571511074,0.05532755996101777,0.08945536522080935,0.13846912670358646,joint_compound_brms,leave_one_event_out,2022,-0.09179612571511074,0.09179612571511074
ltmp,4230872,18-039,Dip Reef (18-039),2022,Central GBR,1,5.36,0.5760877307329031,0.31689543213190297,5.695513886198068,6.561284065246582,0.02222222222222222,111.1950802335326,b,"21% bleached on scuba in 2022, DHW 5",0.2110656708765323,0.3808653857110922,0.11593435331623063,0.04394799394901868,0.026120201900986354,0.042478117423028594,0.06828696993056622,joint_compound_brms,leave_one_event_out,2022,0.16711767692751361,0.16711767692751361
manta,4066268,18-039,Dip Reef (18-039),2022,Central GBR,1,5.36,0.5760877307329031,0.23603623786272127,5.695513886198068,6.561284065246582,0.02222222222222222,111.1950802335326,b,"21% bleached on scuba in 2022, DHW 5",0,0.31935145384724534,0.11582531814228485,0.036870526773442804,0.021132537443128593,0.035486139485333565,0.057953353618969215,joint_compound_brms,leave_one_event_out,2022,-0.036870526773442804,0.036870526773442804
mmp,4137925,18-049e,Orpheus (Goolboddi) Island Reef (No 5) (18-049e),2022,Central GBR,5,5.32,0.952450917852772,0.3851611837499122,5.855806844803085,4.865782260894775,0.17777777777777778,38.297776879451746,NA,NA,0,0.5765874537541749,0.1971256759424047,0.11216998446307418,0.05773258927192486,0.10761864420755253,0.18259291787827514,joint_compound_brms,leave_one_event_out,2022,-0.11216998446307418,0.11216998446307418
mmp,4137941,18-049e,Orpheus (Goolboddi) Island Reef (No 5) (18-049e),2022,Central GBR,5,5.32,0.8918840412843337,0.5003421914661126,5.855806844803085,4.865782260894775,0.17777777777777778,38.297776879451746,NA,NA,0,0.6609563777691815,0.11088395781042004,0.07226626324690451,0.03604985656196096,0.06806173489547065,0.12300601341024238,joint_compound_brms,leave_one_event_out,2022,-0.07226626324690451,0.07226626324690451
mmp,4148237,18-065,Havannah Reef (18-065),2022,Central GBR,3,7.62,0.23774567695213517,0.27437408589903456,5.855806844803085,4.72960901260376,0.17777777777777778,26.32349077361211,b,NA,0,0.49717709306055874,0.1993038902424672,0.09789599343949243,0.05860342714895062,0.09585521487828066,0.14595604692912498,joint_compound_brms,leave_one_event_out,2022,-0.09789599343949243,0.09789599343949243
mmp,4148254,18-065,Havannah Reef (18-065),2022,Central GBR,3,7.62,0.2696576013949048,0.34581651181221046,5.855806844803085,4.72960901260376,0.17777777777777778,26.32349077361211,b,NA,0,0.5689908998563449,0.11248282323671988,0.0629877482545037,0.03636733195715545,0.060635976206447464,0.09783964950230233,joint_compound_brms,leave_one_event_out,2022,-0.0629877482545037,0.0629877482545037
ltmp,4235331,18-075,John Brewer Reef (18-075),2022,Central GBR,2,5.07,0.3274919913363907,0.09516622020338282,5.4877762332016085,6.064676761627197,0.06666666666666667,61.49749903428462,NA,NA,0,0.13885953106194235,0.1692181934146788,0.023124030400307503,0.011973254597528557,0.021483877716227954,0.03980359440606985,joint_compound_brms,leave_one_event_out,2022,-0.023124030400307503,0.023124030400307503
manta,4068097,18-075,John Brewer Reef (18-075),2022,Central GBR,2,5.07,0.3274919913363907,0.21970358441731644,5.4877762332016085,6.064676761627197,0.06666666666666667,61.49749903428462,NA,NA,0,0.20824906686883476,0.17041997377058266,0.03522260678010081,0.02013277651282616,0.03372966316608053,0.05502246663832099,joint_compound_brms,leave_one_event_out,2022,-0.03522260678010081,0.03522260678010081
manta,4068128,19-019,Bowden Reef (19-019),2022,Central GBR,4,5.46,0.4307029323829688,0.2715744325933211,5.695513886198068,6.938038349151611,0.02222222222222222,76.46017695595671,NA,NA,0,0.32244837730004045,0.16153713600402725,0.0520123467022941,0.031666054524676815,0.05134973074821742,0.07649401243609914,joint_compound_brms,leave_one_event_out,2022,-0.0520123467022941,0.0520123467022941
ltmp,4233080,19-131a,U/N Reef (19-131a),2022,Central GBR,5,5.01,0.12377120797830181,0.4569332932822629,5.508089913956192,7.009622573852539,0.02222222222222222,61.428452679898,b,Bleaching Feb Mar 2022,0.05120229541017936,0.3290004565931899,0.15898492911069903,0.051592582420149496,0.026376220368679402,0.04864300319614111,0.08670994072924121,joint_compound_brms,leave_one_event_out,2022,-3.902870099701389e-4,3.902870099701389e-4
manta,4067676,19-131a,U/N Reef (19-131a),2022,Central GBR,5,5.01,0.12377120797830181,0.3325481924748038,5.508089913956192,7.009622573852539,0.02222222222222222,61.428452679898,b,DHW 5  bl avg 20% surveyed Feb 2022,0.22874494410334925,0.23980830124738764,0.15510167018047488,0.03684088527839613,0.019400419369957615,0.03523860495476368,0.059201952266947785,joint_compound_brms,leave_one_event_out,2022,0.19190405882495312,0.19190405882495312
manta,4067704,19-135,Hardy Reef (19-135),2022,Central GBR,4,5.75,0.10560591585883483,0.35239193833274607,5.508089913956192,7.009622573852539,0.02222222222222222,61.428452679898,NA,NA,0.0032213750165761223,0.3135408419170606,0.17549534645020218,0.054792902828754944,0.031014915481509576,0.05277238955578155,0.08496256257551221,joint_compound_brms,leave_one_event_out,2022,-0.05157152781217882,0.05157152781217882
ltmp,4231592,19-138,U/N Reef (19-138),2022,Central GBR,3,5.4,0.13171524539313872,0.39030569859564873,5.508089913956192,6.965577602386475,0.03333333333333333,76.29258334678795,b,DHW 5.2 surveyed Jan 2022,0,0.31229046583957304,0.16533484713857774,0.051117107510211895,0.028040448972068144,0.04893523526518037,0.08075590754385846,joint_compound_brms,leave_one_event_out,2022,-0.051117107510211895,0.051117107510211895
manta,4067381,19-138,U/N Reef (19-138),2022,Central GBR,3,5.4,0.13171524539313872,0.23653896322951035,5.508089913956192,6.965577602386475,0.03333333333333333,76.29258334678795,b,DHW 5.2 surveyed Jan 2022,0.1493955455903655,0.20731473205460496,0.16089662254845624,0.033139304803330855,0.018487782878936262,0.031806430855776696,0.05222314914147706,joint_compound_brms,leave_one_event_out,2022,0.11625624078703464,0.11625624078703464
ltmp,4227304,19-159,Slate Reef (19-159),2022,Central GBR,1,5.63,0.6665396773316883,0.500384492419732,5.508089913956192,6.930583953857422,0.04444444444444444,118.35940764116184,b,Bleaching 4 from aerial survey in Mar 2022,0.07882366099461278,0.5675126355725196,0.18419122154285003,0.10429929812460274,0.06125919256133872,0.10076092335438014,0.15650429724139864,joint_compound_brms,leave_one_event_out,2022,-0.02547563712998996,0.02547563712998996
manta,4067118,19-159,Slate Reef (19-159),2022,Central GBR,1,5.63,0.6665396773316883,0.5953545711068241,5.508089913956192,6.930583953857422,0.04444444444444444,118.35940764116184,b,Bleaching 4 from aerial survey in Mar 2022,0,0.6614138265132405,0.2081599686401938,0.13759711230218014,0.08444573458640185,0.13415508173611468,0.2001102065852726,joint_compound_brms,leave_one_event_out,2022,-0.13759711230218014,0.13759711230218014
ltmp,4228739,19-207,Hyde Reef (19-207),2022,Central GBR,4,5.25,0.753738774354097,0.3814819891518439,5.508089913956192,6.930583953857422,0.04444444444444444,118.35940764116184,b,Bleaching 4 from aerial survey in Mar 2022,0,0.43613163787713133,0.16727738589013255,0.07261912168588039,0.03927753880671905,0.07035993496069348,0.11567760581540718,joint_compound_brms,leave_one_event_out,2022,-0.07261912168588039,0.07261912168588039
manta,4066823,19-207,Hyde Reef (19-207),2022,Central GBR,4,5.25,0.753738774354097,0.5944273144565613,5.508089913956192,6.930583953857422,0.04444444444444444,118.35940764116184,b,Bleaching 4 from aerial survey in Mar 2022,0.07726692618489125,0.6425371555427031,0.20599783337579197,0.13223227206326518,0.07637829741192181,0.1288923989850691,0.2005432618733763,joint_compound_brms,leave_one_event_out,2022,-0.05496534587837393,0.05496534587837393
ltmp,4228046,19-209,Rebe Reef (19-209),2022,Central GBR,5,6.8500000000000005,0.7434954451364487,0.368710670183207,5.508089913956192,6.890400409698486,0.06666666666666667,141.95146623793426,b,Aerial bl 4,0.06782948341534499,0.5980728173711354,0.13630790814485186,0.08140210728629693,0.042933176610764893,0.07662120080852547,0.13210629422838854,joint_compound_brms,leave_one_event_out,2022,-0.013572623870951941,0.013572623870951941
manta,4067241,19-209,Rebe Reef (19-209),2022,Central GBR,5,6.8500000000000005,0.7434954451364487,0.5741580696324947,5.508089913956192,6.890400409698486,0.06666666666666667,141.95146623793426,b,Aerial bl 4,0,0.7718170715254491,0.171086618744202,0.13194097140008273,0.07125942510499811,0.12526107306410278,0.21562645715412343,joint_compound_brms,leave_one_event_out,2022,-0.13194097140008273,0.13194097140008273
ltmp,4229436,20-067a,Border Island Reef (No 1) (20-067a),2022,Central GBR,4,4.51,0.058608782757494114,0.16255069723460983,5.508089913956192,6.371947765350342,0.05555555555555555,0,NA,NA,0,0.11356083754545133,0.1540203085993169,0.016983780252471537,0.006484830267604386,0.015278276921175594,0.033629809155401175,joint_compound_brms,leave_one_event_out,2022,-0.016983780252471537,0.016983780252471537
manta,4067541,20-067a,Border Island Reef (No 1) (20-067a),2022,Central GBR,4,4.51,0.058608782757494114,0.12331520904575231,5.508089913956192,6.371947765350342,0.05555555555555555,0,NA,NA,0.07748414173352586,0.10252490609251683,0.15713032851977593,0.015735890860206984,0.00606625498271155,0.01414704496820252,0.031030821535629163,joint_compound_brms,leave_one_event_out,2022,0.06174825087331887,0.06174825087331887
manta,4067755,20-104,U/N Reef (20-104),2022,Central GBR,2,4.07,0.20685377657459916,0.26785735123735,5.508089913956192,6.964337348937988,0.03333333333333333,83.09235604782566,b,DHW 4 in 2022,0.39437688158228135,0.15461283215309668,0.15518337110962607,0.023510131095085082,0.010956232570492021,0.02223634601419172,0.04159975052828969,joint_compound_brms,leave_one_event_out,2022,0.37086675048719625,0.37086675048719625
manta,4067798,20-287,Credlin Reefs (East) (20-287),2022,Southern GBR,5,6.51,0.20966956723622424,0.14328757398651668,5.508089913956192,7.123820781707764,0.04444444444444444,107.88088100039306,NA,NA,0.09457581203760122,0.24271411448476463,0.1400659316578953,0.03393676015396369,0.017423167025536104,0.031933056045227,0.05625085292193176,joint_compound_brms,leave_one_event_out,2022,0.06063905188363753,0.06063905188363753
manta,4066467,20-348,U/N Reef (20-348),2022,Southern GBR,2,2.22,0.3708205178152828,0.2746771328069593,4.680770370834313,7.1280903816223145,0.07777777777777778,148.29161899510453,NA,NA,0.010417185101924542,0.04812211824874152,0.26844207716618046,0.010404156494229702,0.0027030958051466147,0.00864256339080417,0.024131998809404486,joint_compound_brms,leave_one_event_out,2022,1.3028607694840627e-5,1.3028607694840627e-5
manta,4066909,20-351a,Pompey Reef (No 1) (20-351a),2022,Southern GBR,3,4.28,0.058722623793624355,0.2759387739125331,4.680770370834313,7.221946716308594,0.04444444444444444,138.99385029191623,NA,NA,0,0.07370979548338268,0.17283747555611248,0.011199378737421807,0.0031463203403378245,0.00956589122830067,0.024900656041882744,joint_compound_brms,leave_one_event_out,2022,-0.011199378737421807,0.011199378737421807
manta,4067071,20-351b,Pompey Reef (No 2) (20-351b),2022,Southern GBR,4,3.54,0.22891578835787424,0.16119543476160914,4.680770370834313,7.221946716308594,0.04444444444444444,138.99385029191623,NA,NA,0,0.04417158039641747,0.24004992482477125,0.009251340264413979,0.0021692639351384,0.007587663201411532,0.022112422740646343,joint_compound_brms,leave_one_event_out,2022,-0.009251340264413979,0.009251340264413979
manta,4067592,20-354,U/N Reef (20-354),2022,Southern GBR,3,2.26,0.4313846662551198,0.38973927386568513,4.680770370834313,7.1280903816223145,0.07777777777777778,148.29161899510453,NA,NA,0,0.07285653549271966,0.2117372275279233,0.01229454776252548,0.0034479393646782465,0.010171792347519193,0.029260672316699654,joint_compound_brms,leave_one_event_out,2022,-0.01229454776252548,0.01229454776252548
manta,4067143,21-060,U/N Reef (21-060),2022,Southern GBR,1,3.47,0.20192871987990474,0.23358807516797667,4.680770370834313,7.221946716308594,0.04444444444444444,138.99385029191623,NA,NA,0,0.05284728891353045,0.21608163280933684,0.009781869649229166,0.0024230336598093354,0.008076540554525936,0.022839162650255092,joint_compound_brms,leave_one_event_out,2022,-0.009781869649229166,0.009781869649229166
manta,4067088,21-139,U/N Reef (21-139),2022,Southern GBR,2,1.7,0.15529961611979165,0.6170571930111527,4.680770370834313,7.186666011810303,0.06666666666666667,132.67491596944663,NA,NA,0,0.10339510276070595,0.2106863008434008,0.016634809347246298,0.00423787867053643,0.012699102656222334,0.043811110778476305,joint_compound_brms,leave_one_event_out,2022,-0.016634809347246298,0.016634809347246298
ltmp,4180544,21-588,Wade Reef (21-588),2022,Southern GBR,3,0.35000000000000003,0.1966783568466646,0.05637651204605025,4.904269856819504,7.161059379577637,0.06666666666666667,221.91002299353315,NA,NA,0,0.0202634283115737,0.48183863012935546,0.008799629876693301,0.0015346157272966736,0.00697465064542775,0.022199430222874232,joint_compound_brms,leave_one_event_out,2022,-0.008799629876693301,0.008799629876693301
manta,3989108,21-588,Wade Reef (21-588),2022,Southern GBR,3,0.35000000000000003,0.1966783568466646,0.11624284478773304,4.904269856819504,7.161059379577637,0.06666666666666667,221.91002299353315,NA,NA,0,0.02306716529578692,0.4252116137984286,0.00834645100645528,0.0015976801458079802,0.006466401802971302,0.0214840679320902,joint_compound_brms,leave_one_event_out,2022,-0.00834645100645528,0.00834645100645528
manta,4067533,21-591,U/N Reef (21-591),2022,Southern GBR,5,4.39,0.20283455157690689,0.20412286640784397,4.834412533420393,7.288726806640625,0.03333333333333333,117.60569926842686,NA,NA,0,0.07824102040697876,0.15666397048519143,0.011251527780936412,0.003376483487182723,0.009810967162950053,0.024147164283898633,joint_compound_brms,leave_one_event_out,2022,-0.011251527780936412,0.011251527780936412
ltmp,4181247,23-068,Erskine Reef (23-068),2022,Southern GBR,2,0.3,0.7593164761552691,0.3722891432714571,4.998616526444868,7.21446418762207,0.03333333333333333,58.02948927544897,NA,NA,0.0097366301817107,0.08072775468508774,0.1953333882785717,0.012587953300237233,0.00282963426976376,0.010084470607221941,0.03092682453685272,joint_compound_brms,leave_one_event_out,2022,-0.0028513231185265334,0.0028513231185265334
manta,4284413,23-068,Erskine Reef (23-068),2022,Southern GBR,2,0.3,0.7593164761552691,0.38618781451875744,4.998616526444868,7.21446418762207,0.03333333333333333,58.02948927544897,NA,NA,0,0.08584567369778676,0.18619683166317913,0.012710063346486767,0.0031850438288403876,0.01011423434665245,0.0316116871578085,joint_compound_brms,leave_one_event_out,2022,-0.012710063346486767,0.012710063346486767
ltmp,4181619,23-069,Mast Head Reef (23-069),2022,Southern GBR,5,0.3,0.6522506444934912,0.26627492154498017,4.998616526444868,7.21446418762207,0.03333333333333333,58.02948927544897,NA,NA,0,0.05348684405227271,0.24866422238247562,0.010729233932710665,0.002318969020370362,0.008530642880684515,0.026315662468384383,joint_compound_brms,leave_one_event_out,2022,-0.010729233932710665,0.010729233932710665
manta,4284515,23-069,Mast Head Reef (23-069),2022,Southern GBR,5,0.3,0.6522506444934912,0.3550158388635014,4.998616526444868,7.21446418762207,0.03333333333333333,58.02948927544897,NA,NA,0.03703252762917277,0.07124532289915003,0.2067347222167895,0.011671270487011434,0.0028820541630140166,0.009373221625406252,0.028927404192881933,joint_compound_brms,leave_one_event_out,2022,0.025361257142161336,0.025361257142161336
manta,4284500,23-081,Fairfax Islands Reef (23-081),2022,Southern GBR,1,0.31,0.8164554968023345,0.5928227645153532,5.010595086378757,7.218351364135742,0.04444444444444444,75.30452287765046,m,NA,0.10754495163927952,0.17122072243813719,0.1536112741729065,0.022762084270603816,0.0061124421009022024,0.017813996182187743,0.05584465098562775,joint_compound_brms,leave_one_event_out,2022,0.0847828673686757,0.0847828673686757
ltmp,4241126,11-016,McSweeney Reef (11-016),2024,Northern GBR,5,5.43,0,0.11197523789881832,6.492034321653199,5.674314975738525,0.14285714285714285,61.227214056639745,NA,NA,0,0.26645653960447285,0.09327399963172868,0.024570972519573905,0.010283113461322317,0.022354515139907334,0.04587906959990348,joint_compound_brms,leave_one_event_out,2024,-0.024570972519573905,0.024570972519573905
ltmp,4240946,11-029,Monsoon Reef (11-029),2024,Northern GBR,1,5.4,0.04414182150574954,0.16594303089337115,6.492034321653199,5.711098670959473,0.14285714285714285,54.52924238766865,NA,NA,0.04432306029797992,0.2778197939659934,0.09590613221813035,0.026386654423026967,0.011222831689190015,0.024219479326320008,0.04904405719548582,joint_compound_brms,leave_one_event_out,2024,0.017936405874952956,0.017936405874952956
ltmp,4241313,12-056,Mantis Reef (12-056),2024,Northern GBR,3,8.73,0.216141422466712,0.193189922320597,6.420027608820439,5.7271037101745605,0.15384615384615383,86.07130881755599,b,similar hc to prior but slightly lower,0.11879415194527741,0.40119710765495653,0.08953839211520769,0.035475811473745095,0.00955495444811952,0.027589698806213807,0.08705199797535487,joint_compound_brms,leave_one_event_out,2024,0.08331834047153232,0.08331834047153232
manta,4285298,12-056,Mantis Reef (12-056),2024,Northern GBR,3,8.73,0.216141422466712,0.42120549680955033,6.420027608820439,5.7271037101745605,0.15384615384615383,86.07130881755599,b,DHW 8.91,0.2638245588761013,0.4319672419979638,0.07771119944768451,0.032393799063003666,0.007755830492476616,0.023340260248851455,0.08874950449644166,joint_compound_brms,leave_one_event_out,2024,0.23143075981309763,0.23143075981309763
ltmp,4241950,12-061,Lagoon Reef (12-061),2024,Northern GBR,1,5.54,0.3241122180549288,0.32829276929333295,6.420027608820439,5.631319999694824,0.16483516483516483,54.279648353109025,b,decline hc abs 7% rel 25% DHW 5.54,0.20439217846985944,0.3216965423609243,0.10704710080386033,0.03424662257212452,0.01645629055993435,0.03169350033980904,0.06020564291658408,joint_compound_brms,leave_one_event_out,2024,0.17014555589773492,0.17014555589773492
manta,4285498,12-061,Lagoon Reef (12-061),2024,Northern GBR,1,5.54,0.3241122180549288,0.5429476932960781,6.420027608820439,5.631319999694824,0.16483516483516483,54.279648353109025,b,DHW 5.54- cots prior,0.1983460233310179,0.3495015848996429,0.0922370812086099,0.03134689927532306,0.012237789768694838,0.02783953486343299,0.06009890471306616,joint_compound_brms,leave_one_event_out,2024,0.16699912405569484,0.16699912405569484
ltmp,4242160,13-124,U/N Reef (13-124),2024,Northern GBR,4,7.65,0.1774292151097992,0.315898372616265,6.655036804576533,5.196862697601318,0.1868131868131868,54.0042200125233,b,DHW 7.65,0,0.345687056383891,0.14410275201156714,0.048770109483023176,0.017825727095139236,0.04335825850008725,0.10006731048170389,joint_compound_brms,leave_one_event_out,2024,-0.048770109483023176,0.048770109483023176
manta,4285225,13-124,U/N Reef (13-124),2024,Northern GBR,4,7.65,0.1774292151097992,0.3940946693282352,6.655036804576533,5.196862697601318,0.1868131868131868,54.0042200125233,b,DHW 7.65,0.38359369951258004,0.33522280402319926,0.12683097916854072,0.040853908258551695,0.013789922262394302,0.03526298771488727,0.0880846610080027,joint_compound_brms,leave_one_event_out,2024,0.34273979125402837,0.34273979125402837
manta,4285433,13-127,Rodda Reef (13-127),2024,Northern GBR,2,7.23,0.3284942720325735,0.4008909239757581,6.686516551675772,5.148830890655518,0.17582417582417584,38.723631859261,b,DHW 7.23,0.14416255797900124,0.343337228038799,0.12384256357633473,0.04114553225574471,0.01235101359407022,0.03371214920645357,0.09268760456259169,joint_compound_brms,leave_one_event_out,2024,0.10301702572325652,0.10301702572325652
ltmp,4240550,13-130,Davie Reef (13-130),2024,Northern GBR,2,7.03,0.4165932314736618,0.5412236066213202,6.686516551675772,5.385504722595215,0.17582417582417584,27.79877005838321,b,Aerial bl 2 2024  DHW 7.03,0.027744635881124392,0.40228358762855015,0.17808080472307916,0.07024588469821014,0.022624667644236686,0.06014296673853181,0.15212595760679637,joint_compound_brms,leave_one_event_out,2024,-0.042501248817085745,0.042501248817085745
manta,4285380,13-130,Davie Reef (13-130),2024,Northern GBR,2,7.03,0.4165932314736618,0.3531554979789382,6.686516551675772,5.385504722595215,0.17582417582417584,27.79877005838321,b,Aerial bl 2 2024  DHW 7.03,7.179161652642996e-4,0.31600782261115934,0.15847418646737363,0.048919908053893776,0.016260161435049065,0.04263613756448287,0.1022421983636965,joint_compound_brms,leave_one_event_out,2024,-0.048201991888629475,0.048201991888629475
manta,4285342,13-133,Tydeman Reef (13-133),2024,Northern GBR,5,7.18,0.36088278135206137,0.38356413829938735,6.686516551675772,5.385504722595215,0.17582417582417584,27.79877005838321,b,Aerial bl 3 2024 DHW 7.18,0.26606508064600476,0.3242598958546839,0.15781043040302947,0.04982649269719362,0.016196087621635706,0.042905109145485884,0.10421370044243024,joint_compound_brms,leave_one_event_out,2024,0.21623858794881112,0.21623858794881112
ltmp,4242370,14-016,Corbett Reef (14-016),2024,Northern GBR,3,7.49,0.29881445006710233,0.21731972604234384,6.495755978645292,5.167435646057129,0.17582417582417584,53.946045548395595,b,Aerial bl 3 2024 DHW 6.82,0.09426476809555026,0.3243044980938595,0.16986962821564014,0.05480344260545775,0.02341982791587817,0.05105970650489246,0.10073233912613255,joint_compound_brms,leave_one_event_out,2024,0.039461325490092514,0.039461325490092514
manta,4285333,14-016,Corbett Reef (14-016),2024,Northern GBR,3,7.49,0.29881445006710233,0.32459695544892575,6.495755978645292,5.167435646057129,0.17582417582417584,53.946045548395595,b,Aerial bl 3 2024 DHW 6.82,0.41992308186246713,0.32078675949947544,0.14733784638610106,0.04645535501543503,0.018298356873646057,0.042181438728536434,0.09127869737050312,joint_compound_brms,leave_one_event_out,2024,0.3734677268470321,0.3734677268470321
ltmp,4241733,14-045,Sand Bank No 1 Reef (14-045),2024,Northern GBR,4,7.16,0.35876184588002236,0.42214123311310725,6.686516551675772,5.571252822875977,0.2087912087912088,53.88684402433357,b,DHW 8.19,0.010579124127506553,0.3446354628624066,0.15829657964446822,0.05312040939031339,0.01568970780590468,0.04428572313401603,0.11707892097364943,joint_compound_brms,leave_one_event_out,2024,-0.042541285262806844,0.042541285262806844
manta,4285211,14-045,Sand Bank No 1 Reef (14-045),2024,Northern GBR,4,7.16,0.35876184588002236,0.449334665923309,6.686516551675772,5.571252822875977,0.2087912087912088,53.88684402433357,b,DHW 8.19,0.1631671639396755,0.3203010032022749,0.14028275529927914,0.04308008992728861,0.012068067295825258,0.03575509823111885,0.0973121736203235,joint_compound_brms,leave_one_event_out,2024,0.1200870740123869,0.1200870740123869
ltmp,4184758,14-087,Snake Reef (14-087),2024,Northern GBR,4,6.91,0.15527810544997245,0.26604015820313404,6.721013396401132,5.019526481628418,0.24175824175824176,38.681727528550425,b,hc declines,0.13933691300676979,0.3177141972057391,0.17363300240444915,0.05438466632195699,0.019601938983333126,0.04783064822950499,0.1102632306514524,joint_compound_brms,leave_one_event_out,2024,0.0849522466848128,0.0849522466848128
ltmp,4171456,14-114,MacGillivray Reef (14-114),2024,Northern GBR,4,5.93,0.22238725883456137,0.16676184000596264,6.662192357426267,5.6041412353515625,0.1978021978021978,38.660259476645,b,DHW 6.03,0,0.26792677293306083,0.16861451420160187,0.04483468001557625,0.021408192746391542,0.04219220374545321,0.0772073763329289,joint_compound_brms,leave_one_event_out,2024,-0.04483468001557625,0.04483468001557625
manta,4206375,14-114,MacGillivray Reef (14-114),2024,Northern GBR,4,5.93,0.22238725883456137,0.4652605846420815,6.662192357426267,5.6041412353515625,0.1978021978021978,38.660259476645,b,DHW 6.03,0.3889435143171571,0.31511461316438966,0.14378030296030855,0.044038436939435724,0.016483699252931465,0.03942069950494828,0.08505398596076845,joint_compound_brms,leave_one_event_out,2024,0.3449050773777214,0.3449050773777214
ltmp,4169247,14-116a,Lizard Island Reef (North West) (14-116a),2024,Northern GBR,2,6.2700000000000005,0.14877724148928995,0.16532056503156148,6.662192357426267,5.6041412353515625,0.1978021978021978,38.660259476645,b,DHW 6.27  aerial bl 4,0,0.268385403971667,0.17028183725285753,0.045239545240983024,0.020779843507427925,0.042331065176299865,0.07971428975537286,joint_compound_brms,leave_one_event_out,2024,-0.045239545240983024,0.045239545240983024
manta,4285515,14-116a,Lizard Island Reef (North West) (14-116a),2024,Northern GBR,2,6.2700000000000005,0.14877724148928995,0.2133297856632696,6.662192357426267,5.6041412353515625,0.1978021978021978,38.660259476645,b,DHW 6.27  aerial bl 4,0.46158023498627077,0.25121619576995274,0.14960465101502024,0.03677422883243142,0.015688297434608554,0.03416959987016403,0.06626617632661515,joint_compound_brms,leave_one_event_out,2024,0.42480600615383934,0.42480600615383934
manta,3988617,14-118,Eyrie Reef (14-118),2024,Northern GBR,1,6.2700000000000005,0.5154641976894707,0.32029059765378537,6.662192357426267,5.6041412353515625,0.1978021978021978,38.660259476645,b,DHW 6.27 to 6.32,0.5256729155551548,0.2840845130392835,0.19665046725829136,0.05505976533617685,0.02171762702068174,0.04963681047188865,0.10833271543771322,joint_compound_brms,leave_one_event_out,2024,0.470613150218978,0.470613150218978
ltmp,4172974,14-123,Martin Reef (14-123),2024,Northern GBR,5,6.4,0.5837078855804666,0.20952153168187226,6.662192357426267,5.099393844604492,0.2307692307692308,27.798770058382857,b,no decline,0.3676370188512778,0.30775427461218163,0.2395103808681273,0.07355695298809262,0.028269382566600873,0.0661786106505422,0.1412015835364341,joint_compound_brms,leave_one_event_out,2024,0.2940800658631852,0.2940800658631852
manta,4285469,14-123,Martin Reef (14-123),2024,Northern GBR,5,6.4,0.5837078855804666,0.2716942520166412,6.662192357426267,5.099393844604492,0.2307692307692308,27.798770058382857,b,DHW 6.73 aerial bl 5,0.19967709485407348,0.2920440131833026,0.20997881543719693,0.060729546343675354,0.023423299439584634,0.054791796084449354,0.11667312761047471,joint_compound_brms,leave_one_event_out,2024,0.13894754851039812,0.13894754851039812
ltmp,4175199,14-126,Linnet Reef (14-126),2024,Northern GBR,5,6.73,0.6343256027311654,0.31732653959228374,6.662192357426267,5.099393844604492,0.2307692307692308,27.798770058382857,b,DHW 6.73,0.41417830964770835,0.33987996114423774,0.2463198492786688,0.0833196639581075,0.029133930199896352,0.07481212517487298,0.16535832910573725,joint_compound_brms,leave_one_event_out,2024,0.3308586456896009,0.3308586456896009
manta,4285399,14-126,Linnet Reef (14-126),2024,Northern GBR,5,6.73,0.6343256027311654,0.4278475351183221,6.662192357426267,5.099393844604492,0.2307692307692308,27.798770058382857,b,DHW 6.73,0.7147170912272767,0.33702605997674817,0.215754629522298,0.07163119110517865,0.02367323405157892,0.06295527800927969,0.15103283561289269,joint_compound_brms,leave_one_event_out,2024,0.643085900122098,0.643085900122098
ltmp,4173742,14-137,Carter Reef (14-137),2024,Northern GBR,3,8.21,0.18196194788730014,0.37643575381068406,6.662192357426267,5.418431758880615,0.21978021978021975,61.75564549314031,b,DHW 8.21,0,0.3729996053874466,0.1494434839480478,0.05416980052610726,0.01601385657971664,0.045067587472782236,0.12295802724465221,joint_compound_brms,leave_one_event_out,2024,-0.05416980052610726,0.05416980052610726
manta,3988787,14-137,Carter Reef (14-137),2024,Northern GBR,3,8.21,0.18196194788730014,0.26646593358861137,6.662192357426267,5.418431758880615,0.21978021978021975,61.75564549314031,b,DHW 8.21,0,0.3110392241737242,0.133775687591373,0.03989095122072211,0.011740794026694529,0.03330999723689568,0.08886618547162399,joint_compound_brms,leave_one_event_out,2024,-0.03989095122072211,0.03989095122072211
ltmp,4175968,14-138,Yonge Reef (14-138),2024,Northern GBR,1,8.08,0.2688625059919296,0.3680986269041048,6.662192357426267,5.418431758880615,0.21978021978021975,61.75564549314031,b,Aerial bl 2 2024 DHW 8.08,0,0.35268436706257855,0.1491696983898513,0.05103113889150139,0.01568396998334428,0.0427489203436532,0.11564325823177145,joint_compound_brms,leave_one_event_out,2024,-0.05103113889150139,0.05103113889150139
manta,4206459,14-138,Yonge Reef (14-138),2024,Northern GBR,1,8.08,0.2688625059919296,0.2873801234301697,6.662192357426267,5.418431758880615,0.21978021978021975,61.75564549314031,b,Aerial bl 2 2024 DHW 8.08,0.11897693253026977,0.299784269780693,0.13337460358311348,0.038200108975568955,0.011641453921538524,0.0321657160794153,0.08355405991675385,joint_compound_brms,leave_one_event_out,2024,0.08077682355470081,0.08077682355470081
ltmp,4169991,14-139,No Name Reef (14-139),2024,Northern GBR,3,7.61,0.28556436252650325,0.44282285881471023,6.662192357426267,5.407689571380615,0.2087912087912088,60.49914788861235,b,increase in hc,0,0.3626096154934211,0.15726822345081043,0.05548069560746131,0.017162238085014714,0.04660736154516204,0.1215743790581822,joint_compound_brms,leave_one_event_out,2024,-0.05548069560746131,0.05548069560746131
manta,3988849,14-139,No Name Reef (14-139),2024,Northern GBR,3,7.61,0.28556436252650325,0.2124716767376835,6.662192357426267,5.407689571380615,0.2087912087912088,60.49914788861235,b,DHW 7.98 aerial bl 1,0,0.27070755105874017,0.14293974550681732,0.037385252141587215,0.011984064752923702,0.032197182828248946,0.0785706666487891,joint_compound_brms,leave_one_event_out,2024,-0.037385252141587215,0.037385252141587215
ltmp,4172230,14-143,North Direction Reef (14-143),2024,Northern GBR,3,6.23,0.4371273713667701,0.17564623667562165,6.662192357426267,5.6041412353515625,0.1978021978021978,38.660259476645,b,decline in hc and sc,0.27692573545021293,0.27672853209675935,0.17591565885293126,0.048287903851231176,0.02152907185632523,0.0448030816505976,0.08710481680408692,joint_compound_brms,leave_one_event_out,2024,0.22863783159898177,0.22863783159898177
manta,3988509,14-147a,South Direction Reef (North) (14-147a),2024,Northern GBR,2,6.4,0.41269945972762634,0.22989179569720097,6.662192357426267,5.6041412353515625,0.1978021978021978,38.660259476645,b,DHW 6.4 aerial bl 5,0.22265891983111194,0.26062527060568597,0.1741791121159691,0.04464959393877135,0.01865188316793095,0.04098711410644891,0.08405742246164784,joint_compound_brms,leave_one_event_out,2024,0.1780093258923406,0.1780093258923406
ltmp,4174485,15-024,Mackay Reefs (15-024),2024,Northern GBR,5,4.58,0.11108575555250783,0.24202255587051924,6.7363531973548385,5.366098403930664,0.15384615384615383,26.81989949840036,m,NA,0.2553628149610071,0.309996049766687,0.20643850829925073,0.06371163746214097,0.03124334252666367,0.05997016139412556,0.10965471457942856,joint_compound_brms,leave_one_event_out,2024,0.19165117749886612,0.19165117749886612
manta,4206312,15-030,Swinger Reef (15-030),2024,Northern GBR,1,3.87,0.16516947525043255,0.41001831853403453,6.7363531973548385,5.366098403930664,0.15384615384615383,26.81989949840036,b,DHW 3.87,0.34618830788839955,0.3213629479827479,0.20357916573118626,0.06469579853047096,0.026922108359621704,0.057276119144730075,0.12733101539499805,joint_compound_brms,leave_one_event_out,2024,0.2814925093579286,0.2814925093579286
ltmp,4176749,15-099c,Agincourt Reefs (No 1) (15-099c),2024,Central GBR,1,6.97,0.38200659369933787,0.3627972623729205,6.6724338344427165,5.55191707611084,0.15384615384615383,53.443772818368494,m,declines hc and sc B Jasper,0.147059946921269,0.3474862612472991,0.2069935804425591,0.07128802828112998,0.028294961688551782,0.06389023618454516,0.13699921560293557,joint_compound_brms,leave_one_event_out,2024,0.07577191864013902,0.07577191864013902
manta,4206426,15-099c,Agincourt Reefs (No 1) (15-099c),2024,Central GBR,1,6.97,0.38200659369933787,0.44560178073362894,6.6724338344427165,5.55191707611084,0.15384615384615383,53.443772818368494,m,Aerial bl 3 2024 DHW 6.97,0.23551593127835632,0.33790823050332097,0.18206227658378146,0.06018856462436684,0.02177881651693257,0.05334446162492255,0.12258683520480623,joint_compound_brms,leave_one_event_out,2024,0.17532736665398949,0.17532736665398949
mmp,4160180,16-006,Snapper Reef (16-006),2024,Central GBR,5,6.93,0.2276483309360394,0.16863589480805166,6.812168274251864,3.162578821182251,0.5164835164835165,26.688203488870816,m,NA,0.6942901257684129,0.41713490631680095,0.17106193378413487,0.06879484727001753,0.019908249165209,0.05880855333586503,0.15365237553284583,joint_compound_brms,leave_one_event_out,2024,0.6254952784983954,0.6254952784983954
mmp,4160201,16-006,Snapper Reef (16-006),2024,Central GBR,5,6.93,0.2276483309360394,0.5029984341764817,6.812168274251864,3.162578821182251,0.5164835164835165,26.688203488870816,m,NA,1,0.507941687551674,0.16365539991779257,0.07982924838754772,0.02017242960885411,0.06551484924980111,0.19335167795898203,joint_compound_brms,leave_one_event_out,2024,0.9201707516124523,0.9201707516124523
mmp,4160222,16-006,Snapper Reef (16-006),2024,Central GBR,5,6.93,0.13825214405281794,0.3378998441589269,6.812168274251864,3.162578821182251,0.5164835164835165,26.688203488870816,m,NA,0,0.46149902893090033,0.10653837067837169,0.046197491149521354,0.012441380503981272,0.03891731956513763,0.10517829389671174,joint_compound_brms,leave_one_event_out,2024,-0.046197491149521354,0.046197491149521354
mmp,4160243,16-006,Snapper Reef (16-006),2024,Central GBR,5,6.93,0.13825214405281794,0.5789794313776275,6.812168274251864,3.162578821182251,0.5164835164835165,26.688203488870816,m,NA,1,0.5256336160081478,0.10275226574688856,0.050297265856274434,0.012646797706692043,0.041839602795477465,0.12055984704765371,joint_compound_brms,leave_one_event_out,2024,0.9497027341437255,0.9497027341437255
manta,4206192,16-015,Mackay Reef (16-015),2024,Central GBR,2,3.52,0.42204831685259386,0.4251201626271228,6.6724338344427165,5.55191707611084,0.15384615384615383,53.443772818368494,NA,NA,0.6125403307582871,0.3156484208519775,0.1706367062850982,0.053074255587006444,0.02075973408058082,0.046656965646865015,0.10483676921637923,joint_compound_brms,leave_one_event_out,2024,0.5594660751712807,0.5594660751712807
ltmp,4177618,16-019,St Crispin Reef (16-019),2024,Central GBR,4,5.87,0.5909846656384597,0.3897013622185705,6.6724338344427165,5.55191707611084,0.15384615384615383,53.443772818368494,m,DHW 6.98,0.14925263511949396,0.3544820893230653,0.19450204147186612,0.06862685951151574,0.031100630252788853,0.06348117934098257,0.12223257764478049,joint_compound_brms,leave_one_event_out,2024,0.08062577560797822,0.08062577560797822
manta,4206488,16-019,St Crispin Reef (16-019),2024,Central GBR,4,5.87,0.5909846656384597,0.2113603665534798,6.6724338344427165,5.55191707611084,0.15384615384615383,53.443772818368494,m,DHW 6.98,0.20745558753288798,0.2760380273937772,0.17477035020319706,0.047648014859185454,0.02097505714164808,0.04431085521799,0.08723478752944946,joint_compound_brms,leave_one_event_out,2024,0.15980757267370252,0.15980757267370252
ltmp,4170711,16-028,Low Islands Reef (16-028),2024,Central GBR,4,6.42,0.07365554786941506,0.37695421002497653,6.900914657280194,2.825014591217041,0.6263736263736264,26.65400763146825,m,NA,0.17859848813708523,0.3414602914175948,0.22210165834722204,0.07328444403904448,0.018060756915884872,0.059629429656381294,0.18351395864208098,joint_compound_brms,leave_one_event_out,2024,0.10531404409804075,0.10531404409804075
manta,4206349,16-028,Low Islands Reef (16-028),2024,Central GBR,4,6.42,0.07365554786941506,0.5110399637147486,6.900914657280194,2.825014591217041,0.6263736263736264,26.65400763146825,m,Jasper,0.4177050324727606,0.34672907512024836,0.1960848183316237,0.06490507253310719,0.01382523271203564,0.049856404550754393,0.16881399244737388,joint_compound_brms,leave_one_event_out,2024,0.3527999599396534,0.3527999599396534
mmp,4162774,16-054a,Fitzroy Island Reef (No 1) (16-054a),2024,Central GBR,2,7.82,0.589862940713534,0.4612107630161933,6.977581085825649,4.643918514251709,0.2087912087912088,26.584094214082956,b,partial bleaching during bleaching surveys Feb24,0.5242365308289569,0.5293436034661598,0.2842364876576033,0.14722783059640962,0.033601962997880964,0.12216535376243307,0.34573950647824153,joint_compound_brms,leave_one_event_out,2024,0.3770087002325473,0.3770087002325473
mmp,4162795,16-054a,Fitzroy Island Reef (No 1) (16-054a),2024,Central GBR,2,7.82,0.24786093423705963,0.3867415894390473,6.977581085825649,4.643918514251709,0.2087912087912088,26.584094214082956,b,partial bleaching during bleaching surveys Feb24,0.07995491504811622,0.5028865530253392,0.14626942218170041,0.0695093172028767,0.01595200548679647,0.05686817883285335,0.168926588471122,joint_compound_brms,leave_one_event_out,2024,0.010445597845239518,0.010445597845239518
mmp,4162816,16-054a,Fitzroy Island Reef (No 1) (16-054a),2024,Central GBR,2,7.82,0.589862940713534,0.3457760050245789,6.977581085825649,4.643918514251709,0.2087912087912088,26.584094214082956,b,partial bleaching during bleaching surveys Feb24,0.2690843862833956,0.4993614045802228,0.28610094499164673,0.13998761550175992,0.034546514028215444,0.1196519170796175,0.32008253334699766,joint_compound_brms,leave_one_event_out,2024,0.12909677078163567,0.12909677078163567
mmp,4162832,16-054a,Fitzroy Island Reef (No 1) (16-054a),2024,Central GBR,2,7.82,0.24786093423705963,0.3731568893226376,6.977581085825649,4.643918514251709,0.2087912087912088,26.584094214082956,b,partial bleaching during bleaching surveys Feb24,0,0.49935800339871833,0.14647319046125623,0.06912874448890009,0.015910386703661218,0.05666325175152673,0.1666727973681725,joint_compound_brms,leave_one_event_out,2024,-0.06912874448890009,0.06912874448890009
ltmp,4179541,16-057,Hastings Reef (16-057),2024,Central GBR,2,7.62,0.1802122772005963,0.16959245778756643,6.940920589169635,6.116461753845215,0.13186813186813187,60.09013295337378,m,small decline,0.1327893266155054,0.27798879835948614,0.23025278978910158,0.06202553516475728,0.01778348030267501,0.05301224759245833,0.1416966846393795,joint_compound_brms,leave_one_event_out,2024,0.07076379145074813,0.07076379145074813
manta,4206246,16-057,Hastings Reef (16-057),2024,Central GBR,2,7.62,0.1802122772005963,0.2675786329407455,6.940920589169635,6.116461753845215,0.13186813186813187,60.09013295337378,m,Jasper,0.4288792674978628,0.2736813697157251,0.20451827225434682,0.05324940980959397,0.014199737167446996,0.04342052664259724,0.12813466618721803,joint_compound_brms,leave_one_event_out,2024,0.37562985768826884,0.37562985768826884
ltmp,4178609,16-068,Thetford Reef (16-068),2024,Central GBR,5,7.34,0.1800947025045891,0.22060182847007123,6.977581085825649,6.070464134216309,0.12087912087912088,60.028158717834764,b,Aerial bl 3 2024 DHW 7.63 2024,0.05542349117761327,0.29405438735362743,0.24531540763440365,0.07045706396344198,0.021110230284682962,0.06128515296399861,0.15502273654427598,joint_compound_brms,leave_one_event_out,2024,-0.01503357278582871,0.01503357278582871
manta,4068550,16-068,Thetford Reef (16-068),2024,Central GBR,5,7.34,0.1800947025045891,0.2945187715384348,6.977581085825649,6.070464134216309,0.12087912087912088,60.028158717834764,b,Aerial bl 3 2024 DHW 7.63 2024,0.22109938427513848,0.2838785174804969,0.21813829942547575,0.05952482691024151,0.01671279601605912,0.049257201306376217,0.13934167750414347,joint_compound_brms,leave_one_event_out,2024,0.16157455736489695,0.16157455736489695
mmp,4164846,17-009a,Tobias Spit (17-009a),2024,Central GBR,3,6.32,0.2715440227550341,0.3552809499113012,6.845372987621058,2.7769243717193604,0.6153846153846154,26.548377985167942,m,clear depth limit to level of mortality,0.5493500371623812,0.4434341566202024,0.18067422740968903,0.0764086754143585,0.02043449395324118,0.06309133733838598,0.17876046909280363,joint_compound_brms,leave_one_event_out,2024,0.4729413617480227,0.4729413617480227
mmp,4164863,17-009a,Tobias Spit (17-009a),2024,Central GBR,3,6.32,0.2715440227550341,0.4636944779061943,6.845372987621058,2.7769243717193604,0.6153846153846154,26.548377985167942,m,clear depth limit to level of mortality,0,0.47241759845280007,0.17874861871403774,0.08049662725138237,0.02055562214084888,0.06535251954696866,0.19455077704542226,joint_compound_brms,leave_one_event_out,2024,-0.08049662725138237,0.08049662725138237
mmp,4164883,17-009a,Tobias Spit (17-009a),2024,Central GBR,3,6.32,0.22859264013099512,0.36068740498006996,6.845372987621058,2.7769243717193604,0.6153846153846154,26.548377985167942,m,clear depth limit to level of mortality,0.07674865937178825,0.44397985284572283,0.12083340504765286,0.04977369682744649,0.013537430229052643,0.04116028577842329,0.11539681275619931,joint_compound_brms,leave_one_event_out,2024,0.026974962544341757,0.026974962544341757
mmp,4164900,17-009a,Tobias Spit (17-009a),2024,Central GBR,3,6.32,0.22859264013099512,0.16238442810370077,6.845372987621058,2.7769243717193604,0.6153846153846154,26.548377985167942,m,clear depth limit to level of mortality,0,0.39130095413629074,0.12835672614230056,0.04656058700323118,0.012667685866561937,0.039222118631299915,0.10612765751367319,joint_compound_brms,leave_one_event_out,2024,-0.04656058700323118,0.04656058700323118
ltmp,3753785,17-024,Peart Reef (17-024),2024,Central GBR,1,5.4,0.32131913917438787,0.29076822596685753,6.866384143143859,5.830949306488037,0.12087912087912088,53.02430121520352,b,NA,0.09176739690951513,0.31479644686788566,0.23734091081592618,0.07444889298726202,0.030651967974680238,0.06875971195969963,0.13704913794664267,joint_compound_brms,leave_one_event_out,2024,0.017318503922253106,0.017318503922253106
manta,4067477,17-024,Peart Reef (17-024),2024,Central GBR,1,5.4,0.32131913917438787,0.1935746109136898,6.866384143143859,5.830949306488037,0.12087912087912088,53.02430121520352,b,DHW 5.4,0.16297797479960072,0.2602494706844592,0.2130178458370667,0.0549863826280752,0.023024998864420585,0.04972364397898168,0.10423477664757386,joint_compound_brms,leave_one_event_out,2024,0.10799159217152551,0.10799159217152551
ltmp,3754965,17-034,Feather Reef (17-034),2024,Central GBR,4,5.54,0.2671748848874488,0.32859426121616114,6.866384143143859,5.830949306488037,0.12087912087912088,53.02430121520352,b,DHW 5.54,0,0.3245077894285077,0.25087946613660694,0.0810328071177638,0.03347627268806577,0.07476113163562764,0.15372137020537924,joint_compound_brms,leave_one_event_out,2024,-0.0810328071177638,0.0810328071177638
manta,4068667,17-034,Feather Reef (17-034),2024,Central GBR,4,5.54,0.2671748848874488,0.1944095826335418,6.866384143143859,5.830949306488037,0.12087912087912088,53.02430121520352,b,DHW 5.54,0,0.25997326759608563,0.22583090502656128,0.05823062683353514,0.02403314863060448,0.05275349387180096,0.11035792851763644,joint_compound_brms,leave_one_event_out,2024,-0.05823062683353514,0.05823062683353514
mmp,4167064,17-053,Stingaree Reefs (17-053),2024,Central GBR,1,4.15,0.616506583925962,0.33654597828120286,6.679407263235824,4.47112512588501,0.3076923076923077,26.438199406294544,b,partial bleaching at time of surveys,0,0.4394518028429126,0.19170256798878924,0.08193638894504039,0.02646512910272809,0.07046329764682063,0.17443325087989808,joint_compound_brms,leave_one_event_out,2024,-0.08193638894504039,0.08193638894504039
mmp,4167081,17-053,Stingaree Reefs (17-053),2024,Central GBR,1,4.15,0.12818230888325138,0.34299737519484685,6.679407263235824,4.47112512588501,0.3076923076923077,26.438199406294544,b,partial bleaching at time of surveys,0,0.43054301723890426,0.12969225935115428,0.053208121447609336,0.01674864644413112,0.04586484365858561,0.11941987730084366,joint_compound_brms,leave_one_event_out,2024,-0.053208121447609336,0.053208121447609336
mmp,4167098,17-053,Stingaree Reefs (17-053),2024,Central GBR,1,4.15,0.616506583925962,0.4806596238854858,6.679407263235824,4.47112512588501,0.3076923076923077,26.438199406294544,b,partial bleaching at time of surveys,0.08448089989497658,0.47931448598818754,0.1880088352499953,0.08760368636427186,0.02598052462963488,0.07469843488124386,0.19210408183670133,joint_compound_brms,leave_one_event_out,2024,-0.0031227864692952856,0.0031227864692952856
mmp,4167117,17-053,Stingaree Reefs (17-053),2024,Central GBR,1,4.15,0.12818230888325138,0.3419938741107149,6.679407263235824,4.47112512588501,0.3076923076923077,26.438199406294544,b,partial bleaching at time of surveys,0.11474101713504835,0.4302636035311585,0.129723050713487,0.0531872967491962,0.016735310801871968,0.04584073798883851,0.11930442872811187,joint_compound_brms,leave_one_event_out,2024,0.06155372038585215,0.06155372038585215
ltmp,3802952,17-063a,Farquharson Reef (No 1) (17-063a),2024,Central GBR,4,4.91,0.15402442656132434,0.08978364493751873,6.793622788043911,5.784509181976318,0.14285714285714285,52.950848061604326,NA,NA,0,0.25497818156663715,0.22768098011729895,0.05779812090490925,0.02640320345208364,0.05403551132408936,0.10114213607982957,joint_compound_brms,leave_one_event_out,2024,-0.05779812090490925,0.05779812090490925
manta,4066960,17-063a,Farquharson Reef (No 1) (17-063a),2024,Central GBR,4,4.91,0.15402442656132434,0.07791532665248674,6.793622788043911,5.784509181976318,0.14285714285714285,52.950848061604326,NA,NA,0,0.2251960843212448,0.20264661916291002,0.04520194437307838,0.019407560846569707,0.04152887354404623,0.08502005659048428,joint_compound_brms,leave_one_event_out,2024,-0.04520194437307838,0.04520194437307838
ltmp,3752581,17-064,Taylor Reef (17-064),2024,Central GBR,2,4.45,0.28264456502362123,0.12589356762072712,6.793622788043911,5.784509181976318,0.14285714285714285,52.950848061604326,b,Aerial bl 1 2024 DHW 4.6,0,0.26478416613460015,0.22223177613613676,0.05857810998274833,0.02675262294293648,0.054550391332301,0.10375924939331761,joint_compound_brms,leave_one_event_out,2024,-0.05857810998274833,0.05857810998274833
manta,4067738,17-064,Taylor Reef (17-064),2024,Central GBR,2,4.45,0.28264456502362123,0.17051530949802596,6.793622788043911,5.784509181976318,0.14285714285714285,52.950848061604326,b,Aerial bl 1 2024 DHW 4.6,0,0.24597880781712333,0.1950538714248599,0.04755615647572196,0.021028401424228623,0.043523210301470286,0.08698624928143174,joint_compound_brms,leave_one_event_out,2024,-0.04755615647572196,0.04755615647572196
mmp,4142980,18-001,Richards (Bedarra) Reef (18-001),2024,Central GBR,3,4.12,0.3256942657515102,0.12999759964029725,6.679407263235824,4.47112512588501,0.3076923076923077,26.438199406294544,NA,NA,0,0.3767507437263998,0.19277138710430494,0.07034490879306285,0.024299303568913796,0.061692748999465113,0.14724745924671048,joint_compound_brms,leave_one_event_out,2024,-0.07034490879306285,0.07034490879306285
mmp,4142991,18-001,Richards (Bedarra) Reef (18-001),2024,Central GBR,3,4.12,0.02206680707521358,0.20138630567665236,6.679407263235824,4.47112512588501,0.3076923076923077,26.438199406294544,NA,NA,0.04904518159865426,0.38948296793460363,0.13274511005941958,0.04909673832216299,0.01519620479108436,0.04207721498248951,0.10577097730566044,joint_compound_brms,leave_one_event_out,2024,-5.1556723508733304e-5,5.1556723508733304e-5
ltmp,4226570,18-030,Kelso Reef (18-030),2024,Central GBR,5,6.72,0.233741827105771,0.17043083147705607,6.212002270133139,6.278666973114014,0.08791208791208792,83.77527323363911,b,Aerial bl 4 2024 DHW6.56 2025 6.48 2024,0,0.2728973616067667,0.15435548755948175,0.04204731970891479,0.02262467178066853,0.040249506618291804,0.06890052248947377,joint_compound_brms,leave_one_event_out,2024,-0.04204731970891479,0.04204731970891479
manta,4066150,18-030,Kelso Reef (18-030),2024,Central GBR,5,6.72,0.233741827105771,0.2793191849642483,6.212002270133139,6.278666973114014,0.08791208791208792,83.77527323363911,b,Aerial bl 4 2024 DHW6.56 2025 6.48 2024,0,0.2691390311139123,0.1329676819407299,0.03540019725607783,0.018853457519234305,0.03378520228716746,0.05709351661668592,joint_compound_brms,leave_one_event_out,2024,-0.03540019725607783,0.03540019725607783
ltmp,4239584,18-032,Rib Reef (18-032),2024,Central GBR,3,6.7,0.25835783163767373,0.1740384528498136,6.212002270133139,6.034452438354492,0.12087912087912088,59.56981330964312,b,DHW 6.7,0,0.2765197634406246,0.18149151313496945,0.05021282847974954,0.028758231967936674,0.0487112283592091,0.07751672456952981,joint_compound_brms,leave_one_event_out,2024,-0.05021282847974954,0.05021282847974954
manta,4068045,18-032,Rib Reef (18-032),2024,Central GBR,3,6.7,0.25835783163767373,0.22653613954286794,6.212002270133139,6.034452438354492,0.12087912087912088,59.56981330964312,b,DHW 6.7,0,0.2589247170127075,0.15762678814777917,0.04058485692099322,0.02336631960238356,0.03902497352221715,0.062274770939982925,joint_compound_brms,leave_one_event_out,2024,-0.04058485692099322,0.04058485692099322
ltmp,4236105,18-034,Myrmidon Reef (18-034),2024,Central GBR,2,8.73,0.15606337630475434,0.34901513726316913,6.416116296599418,6.501668930053711,0.04395604395604396,132.00208142190922,b,DHW 7.18,0,0.42854848000912854,0.15145484784500493,0.06398172547024394,0.020427089903930464,0.05420565646664903,0.13701848410432385,joint_compound_brms,leave_one_event_out,2024,-0.06398172547024394,0.06398172547024394
ltmp,4236106,18-034,Myrmidon Reef (18-034),2024,Central GBR,2,8.73,0.3299598280057257,0.3906512169424299,6.416116296599418,6.501668930053711,0.04395604395604396,132.00208142190922,b,DHW 8.73 bleaching Kirrily,0.10658121074123428,0.44428771380361437,0.1638056249976602,0.07197893367209128,0.024316070021968,0.06098970009530581,0.150657985768911,joint_compound_brms,leave_one_event_out,2024,0.034602277069143,0.034602277069143
manta,4066112,18-034,Myrmidon Reef (18-034),2024,Central GBR,2,8.73,0.15606337630475434,0.46454341268106875,6.416116296599418,6.501668930053711,0.04395604395604396,132.00208142190922,b,DHW 7.18,0.3643114357676447,0.42680528423254055,0.13424676912737457,0.055611852434718174,0.01617554486677634,0.04421419044641896,0.1320060425062817,joint_compound_brms,leave_one_event_out,2024,0.3086995833329265,0.3086995833329265
manta,4066113,18-034,Myrmidon Reef (18-034),2024,Central GBR,2,8.73,0.3299598280057257,0.4956128764543216,6.416116296599418,6.501668930053711,0.04395604395604396,132.00208142190922,m,DHW 8.73,0.06268897611282381,0.43914268676029666,0.14466445079859622,0.061991944985013335,0.018892773371999183,0.04994945517919787,0.1428697133691031,joint_compound_brms,leave_one_event_out,2024,6.970311278104782e-4,6.970311278104782e-4
ltmp,4230870,18-039,Dip Reef (18-039),2024,Central GBR,1,7.32,0.3069695489966417,0.24049936740079766,5.947264586791359,6.650827884674072,0.06593406593406594,111.1950802335326,NA,NA,0,0.2782744760369287,0.11346258770645204,0.031386365210221784,0.01529804231606637,0.029337079608398375,0.05530511759268813,joint_compound_brms,leave_one_event_out,2024,-0.031386365210221784,0.031386365210221784
ltmp,4230871,18-039,Dip Reef (18-039),2024,Central GBR,1,7.32,0.45118185460183396,0.25000968515127425,5.947264586791359,6.650827884674072,0.06593406593406594,111.1950802335326,b,DHW 8.02 flat lining,0.038039797317140515,0.283672356878631,0.12716499610842613,0.03584986955302748,0.017519885503955786,0.0336626909406651,0.062305472716687654,joint_compound_brms,leave_one_event_out,2024,0.002189927764113038,0.002189927764113038
mmp,4137924,18-049e,Orpheus (Goolboddi) Island Reef (No 5) (18-049e),2024,Central GBR,5,5.37,0.9172638468175502,0.43251261921953915,6.212002270133139,4.993875026702881,0.2087912087912088,38.297776879451746,m,bleaching observed during targetted bleaching surveys,0.33651069129053574,0.503362417647783,0.11078334735351611,0.05448880638610224,0.01971993776181943,0.048677957095123084,0.1115269547386942,joint_compound_brms,leave_one_event_out,2024,0.2820218849044335,0.2820218849044335
mmp,4137940,18-049e,Orpheus (Goolboddi) Island Reef (No 5) (18-049e),2024,Central GBR,5,5.37,0.8773050262564269,0.5071642460105452,6.212002270133139,4.993875026702881,0.2087912087912088,38.297776879451746,m,bleaching observed during targetted bleaching surveys,0.23408438029879564,0.523638203003166,0.07099784242596467,0.03592633148499682,0.012669219477364022,0.03181800586020411,0.07149715981052522,joint_compound_brms,leave_one_event_out,2024,0.1981580488137988,0.1981580488137988
ltmp,4225908,18-065,Havannah Reef (18-065),2024,Central GBR,3,6.92,0.42131306586001627,0.1842318417004947,6.212002270133139,4.9304327964782715,0.2087912087912088,26.32349077361211,NA,NA,0,0.31945170257981537,0.14526540841984886,0.04635156873176649,0.023039134737330647,0.04395500150171884,0.07704285728558377,joint_compound_brms,leave_one_event_out,2024,-0.04635156873176649,0.04635156873176649
mmp,4148236,18-065,Havannah Reef (18-065),2024,Central GBR,3,6.92,0.22901103363301673,0.2898412964040436,6.212002270133139,4.9304327964782715,0.2087912087912088,26.32349077361211,NA,NA,0,0.45594676543054985,0.08548061321019845,0.037919129343172674,0.014377551906375517,0.03408878717653517,0.07381030354486451,joint_compound_brms,leave_one_event_out,2024,-0.037919129343172674,0.037919129343172674
mmp,4148253,18-065,Havannah Reef (18-065),2024,Central GBR,3,6.92,0.2126580124355757,0.3493907363963273,6.212002270133139,4.9304327964782715,0.2087912087912088,26.32349077361211,NA,NA,0.0028424062617554992,0.47292860366339806,0.058144428737216064,0.02637627831198867,0.009315083000153018,0.023055968836402034,0.05589470814243424,joint_compound_brms,leave_one_event_out,2024,-0.023533872050233173,0.023533872050233173
ltmp,4235330,18-075,John Brewer Reef (18-075),2024,Central GBR,2,5.79,0.2646118463495706,0.09894508667391134,6.096021794618455,6.205605506896973,0.08791208791208792,61.49749903428462,m,Cyclone Kirrily,0,0.26313070014441103,0.21961567216032657,0.05773708566764429,0.03181067582076687,0.055568140690920115,0.09127092631638858,joint_compound_brms,leave_one_event_out,2024,-0.05773708566764429,0.05773708566764429
manta,4068096,18-075,John Brewer Reef (18-075),2024,Central GBR,2,5.79,0.2646118463495706,0.23435897874287936,6.096021794618455,6.205605506896973,0.08791208791208792,61.49749903428462,m,Cyclone Kirrily,0.26174312602717364,0.26399376431553206,0.18709401195976058,0.04928413169758381,0.029453786579050366,0.0475909057234373,0.07615050812792978,joint_compound_brms,leave_one_event_out,2024,0.21245899432958984,0.21245899432958984
ltmp,4222718,18-076,Helix Reef (18-076),2024,Central GBR,2,6.11,0.5054491943511117,0.3220764384215993,6.096021794618455,6.48448371887207,0.08791208791208792,98.60262415600752,m,70 phys,0.106430452853776,0.30622786990148537,0.20419352544521246,0.06234255768010377,0.03128642406650502,0.05843717644742778,0.10536446070690494,joint_compound_brms,leave_one_event_out,2024,0.04408789517367223,0.04408789517367223
manta,4067887,18-076,Helix Reef (18-076),2024,Central GBR,2,6.11,0.5054491943511117,0.5352957990953865,6.096021794618455,6.48448371887207,0.08791208791208792,98.60262415600752,m,Cyclone Kirrily and DHW 6.11,0.1797052706947009,0.3317952031469109,0.17530754857480282,0.0574113879470928,0.027352948021567385,0.05273293592050193,0.10470891727226259,joint_compound_brms,leave_one_event_out,2024,0.12229388274760811,0.12229388274760811
ltmp,4226931,18-081,Knife Reef (18-081),2024,Central GBR,5,6.54,0.570519458454164,0.44284851257291497,5.947264586791359,6.650827884674072,0.06593406593406594,111.1950802335326,m,decline 5%  disease 60 DHW 6.54 Kirrily,0.09635988962854024,0.33956328111332584,0.13233906268879453,0.04469097189423386,0.020421206806845577,0.0406197944332605,0.08046370013106059,joint_compound_brms,leave_one_event_out,2024,0.05166891773430638,0.05166891773430638
ltmp,4237691,18-086,Chicken Reef (18-086),2024,Central GBR,4,6.640000000000001,0.43773493291083154,0.4221760679717542,5.947264586791359,6.851525783538818,0.06593406593406594,87.43427334613949,NA,NA,0.04517456415014378,0.3184334252929013,0.12754445107128132,0.040331979207149496,0.01811103275650804,0.03706021283044646,0.07326371321397404,joint_compound_brms,leave_one_event_out,2024,0.004842584942994284,0.004842584942994284
manta,4066787,18-086,Chicken Reef (18-086),2024,Central GBR,4,6.640000000000001,0.43773493291083154,0.2640352540479171,5.947264586791359,6.851525783538818,0.06593406593406594,87.43427334613949,NA,NA,0,0.24691828179925998,0.11435797778444212,0.027910480821311312,0.014568912554030297,0.02618790063414619,0.04805019451069779,joint_compound_brms,leave_one_event_out,2024,-0.027910480821311312,0.027910480821311312
ltmp,4234580,18-096,Davies Reef (18-096),2024,Central GBR,3,4.2700000000000005,0.30933731156813715,0.3628169523067178,5.947264586791359,6.851525783538818,0.06593406593406594,87.43427334613949,m,DHW 4.27,0,0.3080517016768615,0.15924697224836248,0.0487339031086691,0.023566188728796233,0.04546523835170441,0.08393301587648469,joint_compound_brms,leave_one_event_out,2024,-0.0487339031086691,0.0487339031086691
manta,4068156,18-096,Davies Reef (18-096),2024,Central GBR,3,4.2700000000000005,0.30933731156813715,0.49040533998214814,5.947264586791359,6.851525783538818,0.06593406593406594,87.43427334613949,m,DHW 4.27,0,0.3098914449787113,0.13615199578860995,0.04157165158702979,0.02008594015646154,0.03847198396508171,0.07362564289190826,joint_compound_brms,leave_one_event_out,2024,-0.04157165158702979,0.04157165158702979
mmp,4150474,19-009c,Magnetic Island Reef (No 2) (19-009c),2024,Central GBR,4,9.07,0.18275253450005705,0.2701302451098475,6.096021794618455,2.8266942501068115,0.6043956043956044,0,b,partial bleaching at time of surveys,0.3503963600443477,0.6462636809475202,0.06637856415075204,0.042151266254918274,0.013718784633692596,0.03619080949539745,0.08775079565983414,joint_compound_brms,leave_one_event_out,2024,0.30824509378942944,0.30824509378942944
mmp,4150494,19-009c,Magnetic Island Reef (No 2) (19-009c),2024,Central GBR,4,9.07,0.11902635288320192,0.2800670648981542,6.096021794618455,2.8266942501068115,0.6043956043956044,0,b,partial bleaching at time of surveys,0.20057757443419322,0.6474072213666958,0.04285751163841073,0.026910563165949142,0.008620472964302432,0.023348011504742396,0.057562543462315145,joint_compound_brms,leave_one_event_out,2024,0.17366701126824408,0.17366701126824408
manta,4066204,19-098,Wansfell Reef (19-098),2024,Central GBR,5,3.37,0.18775765340217163,0.3150152243884395,5.8287453483906155,7.429059028625488,0.04395604395604396,83.39631017514978,b,Aerial bl 3 2024 DHW 3.37 2024 DHW 2.61 2025,0.19912105097139948,0.24323634001784186,0.16855490378317495,0.04064940987251952,0.017103584295994546,0.036906082119293734,0.0792582880384698,joint_compound_brms,leave_one_event_out,2024,0.15847164109887996,0.15847164109887996
ltmp,4233078,19-131a,U/N Reef (19-131a),2024,Central GBR,5,5.82,0.15580743050357476,0.4562967207282716,5.8287453483906155,7.407030582427979,0.02197802197802198,61.428452679898,NA,NA,0,0.31288569799805915,0.19431423800730033,0.05995599346566948,0.02680736779800737,0.05460419146707867,0.11147158019109624,joint_compound_brms,leave_one_event_out,2024,-0.05995599346566948,0.05995599346566948
ltmp,4233079,19-131a,U/N Reef (19-131a),2024,Central GBR,5,5.82,0.1289236137275135,0.43353725981687835,5.8287453483906155,7.407030582427979,0.02197802197802198,61.428452679898,NA,NA,0,0.306394933132662,0.19261834159561605,0.05821556040310383,0.02586025755051698,0.05298626527224405,0.10940599114832242,joint_compound_brms,leave_one_event_out,2024,-0.05821556040310383,0.05821556040310383
manta,4067674,19-131a,U/N Reef (19-131a),2024,Central GBR,5,5.82,0.15580743050357476,0.29052989579115857,5.8287453483906155,7.407030582427979,0.02197802197802198,61.428452679898,NA,NA,0.021280260466417084,0.23988532048331482,0.17297533123259515,0.04102761089929265,0.02050831486004154,0.038290215562064855,0.07220652180387527,joint_compound_brms,leave_one_event_out,2024,-0.01974735043287557,0.01974735043287557
manta,4067675,19-131a,U/N Reef (19-131a),2024,Central GBR,5,5.82,0.1289236137275135,0.256479474775485,5.8287453483906155,7.407030582427979,0.02197802197802198,61.428452679898,NA,NA,0,0.23204109020040325,0.17223696710620845,0.03953505264008288,0.01925841517374421,0.036976588404357386,0.06969977776335373,joint_compound_brms,leave_one_event_out,2024,-0.03953505264008288,0.03953505264008288
manta,4067702,19-135,Hardy Reef (19-135),2024,Central GBR,4,5.28,0.1732226800728372,0.43699201717370284,5.8287453483906155,7.407030582427979,0.02197802197802198,61.428452679898,NA,NA,0,0.278734888933954,0.1631409591850915,0.044684115348244,0.021430918057740538,0.041217376514633836,0.08080020008479516,joint_compound_brms,leave_one_event_out,2024,-0.044684115348244,0.044684115348244
ltmp,4231590,19-138,U/N Reef (19-138),2024,Central GBR,3,5.78,0.2237363080890812,0.5036509690708734,5.8287453483906155,7.3713226318359375,0.01098901098901099,76.29258334678795,NA,NA,0,0.333518513150529,0.19207065084021327,0.06314676972782254,0.0286076978331555,0.057240862869683135,0.11688187605008084,joint_compound_brms,leave_one_event_out,2024,-0.06314676972782254,0.06314676972782254
ltmp,4231591,19-138,U/N Reef (19-138),2024,Central GBR,3,5.78,0.19822604048299736,0.434265841284731,5.8287453483906155,7.3713226318359375,0.01098901098901099,76.29258334678795,NA,NA,0,0.31371934651853894,0.1910724318052651,0.05923341979983442,0.02782668878117667,0.0543010053369046,0.10727992339908286,joint_compound_brms,leave_one_event_out,2024,-0.05923341979983442,0.05923341979983442
manta,4067379,19-138,U/N Reef (19-138),2024,Central GBR,3,5.78,0.2237363080890812,0.38075191515937695,5.8287453483906155,7.3713226318359375,0.01098901098901099,76.29258334678795,NA,NA,0.1009258296179353,0.26798447030261385,0.16921058774843176,0.044763463683132866,0.02277908313373395,0.041661354998057856,0.07843714703149735,joint_compound_brms,leave_one_event_out,2024,0.05616236593480243,0.05616236593480243
manta,4067380,19-138,U/N Reef (19-138),2024,Central GBR,3,5.78,0.19822604048299736,0.20120109576445824,5.8287453483906155,7.3713226318359375,0.01098901098901099,76.29258334678795,NA,NA,0,0.2261466579427074,0.17310633452648375,0.038881168279062725,0.01959709806642223,0.03647039406028334,0.06687486002194042,joint_compound_brms,leave_one_event_out,2024,-0.038881168279062725,0.038881168279062725
ltmp,4227302,19-159,Slate Reef (19-159),2024,Central GBR,1,8.61,0.6136352481490801,0.40042831189585437,5.8287453483906155,7.366249084472656,0.01098901098901099,118.35940764116184,NA,NA,0.0636605992892416,0.3877547228084259,0.27593977798007485,0.10579654406055213,0.04701311907105458,0.09822848408256912,0.18999292537237508,joint_compound_brms,leave_one_event_out,2024,-0.042135944771310524,0.042135944771310524
ltmp,4227303,19-159,Slate Reef (19-159),2024,Central GBR,1,8.61,0.6586105214947701,0.4609423548222777,5.8287453483906155,7.366249084472656,0.01098901098901099,118.35940764116184,b,NA,0.13128332055698222,0.4062321431180002,0.2820458566883396,0.11312791396163469,0.049527087215249906,0.10492317799747648,0.2058036773169393,joint_compound_brms,leave_one_event_out,2024,0.018155406595347534,0.018155406595347534
manta,4067116,19-159,Slate Reef (19-159),2024,Central GBR,1,8.61,0.6136352481490801,0.5283413420729094,5.8287453483906155,7.366249084472656,0.01098901098901099,118.35940764116184,NA,NA,0,0.3890586052676318,0.24032257891678727,0.09186009951352621,0.04028223211200698,0.08379553630235216,0.16725825380213033,joint_compound_brms,leave_one_event_out,2024,-0.09186009951352621,0.09186009951352621
manta,4067117,19-159,Slate Reef (19-159),2024,Central GBR,1,8.61,0.6586105214947701,0.6189962599768563,5.8287453483906155,7.366249084472656,0.01098901098901099,118.35940764116184,b,DHW 8.61,0.14645471025517404,0.4165711437973701,0.24604429745165876,0.10044591881030251,0.04154982283474537,0.09089607718084786,0.19122943944513568,joint_compound_brms,leave_one_event_out,2024,0.04600879144487152,0.04600879144487152
ltmp,4228737,19-207,Hyde Reef (19-207),2024,Central GBR,4,9.25,0.7162796368719883,0.29518550152676976,5.8287453483906155,7.366249084472656,0.01098901098901099,118.35940764116184,NA,NA,0.015984087725189246,0.4584447594005619,0.2862666481536042,0.13013653608134373,0.05393213219299991,0.11984746674511167,0.2379128635194584,joint_compound_brms,leave_one_event_out,2024,-0.11415244835615448,0.11415244835615448
ltmp,4228738,19-207,Hyde Reef (19-207),2024,Central GBR,4,9.25,0.7299065476187283,0.3972470019737009,5.8287453483906155,7.366249084472656,0.01098901098901099,118.35940764116184,b,NA,0.25692201562212913,0.487973439684221,0.2841102918101567,0.1373032766908989,0.060104309096339716,0.12704857123041863,0.2464444444294071,joint_compound_brms,leave_one_event_out,2024,0.11961873893123023,0.11961873893123023
manta,4066821,19-207,Hyde Reef (19-207),2024,Central GBR,4,9.25,0.7162796368719883,0.44223878365323005,5.8287453483906155,7.366249084472656,0.01098901098901099,118.35940764116184,NA,NA,0.058365513512148574,0.46441804942205833,0.24807529599268707,0.11392458131585545,0.05000584261678407,0.10521688427785697,0.2089876340716489,joint_compound_brms,leave_one_event_out,2024,-0.055559067803706876,0.055559067803706876
manta,4066822,19-207,Hyde Reef (19-207),2024,Central GBR,4,9.25,0.7299065476187283,0.548497743028163,5.8287453483906155,7.366249084472656,0.01098901098901099,118.35940764116184,b,DHW 9.2 to 10.15,0.1937272499760806,0.4953946413227062,0.24692613992060747,0.12069690206020921,0.05275731065716677,0.11034714869712291,0.22441434599987858,joint_compound_brms,leave_one_event_out,2024,0.07303034791587139,0.07303034791587139
ltmp,4228045,19-209,Rebe Reef (19-209),2024,Central GBR,5,11.14,0.6402774310653515,0.34370121589495445,5.8287453483906155,7.324434280395508,0.01098901098901099,141.95146623793426,b,Aerial bl 4,0.3688870700792086,0.7260088857787793,0.17514883347044247,0.12631015204711232,0.03398908699001661,0.1066388083353641,0.2813950597317222,joint_compound_brms,leave_one_event_out,2024,0.2425769180320963,0.2425769180320963
manta,4067239,19-209,Rebe Reef (19-209),2024,Central GBR,5,11.14,0.6402774310653515,0.46618035867601393,5.8287453483906155,7.324434280395508,0.01098901098901099,141.95146623793426,b,Aerial bl 4,0,0.7257482711938587,0.1513984680572652,0.10914762454513402,0.026957925537368258,0.09013530827664205,0.25738919613630507,joint_compound_brms,leave_one_event_out,2024,-0.10914762454513402,0.10914762454513402
manta,4067240,19-209,Rebe Reef (19-209),2024,Central GBR,5,11.14,0.6402774310653515,0.6158185078470628,5.8287453483906155,7.324434280395508,0.01098901098901099,141.95146623793426,b,DHW 9.3 to 11.1,0.2429906656982307,0.7544956748511197,0.1504397781214519,0.11272163754611501,0.027648816178323845,0.0920127432828413,0.26883816816188105,joint_compound_brms,leave_one_event_out,2024,0.13026902815211566,0.13026902815211566
ltmp,4233800,20-014,Hayman Island Reef (20-014),2024,Central GBR,1,5.8500000000000005,0.3996552510163357,0.165316693866412,5.8287453483906155,7.831005573272705,0.01098901098901099,27.798770058383298,NA,NA,0.010111474745115426,0.22894814194217575,0.16104541025357486,0.036284973661780386,0.015782840220899184,0.03338009354195173,0.06813224857465051,joint_compound_brms,leave_one_event_out,2024,-0.02617349891666496,0.02617349891666496
ltmp,4233801,20-014,Hayman Island Reef (20-014),2024,Central GBR,1,5.8500000000000005,0.14030141659542145,0.13633728561380234,5.8287453483906155,7.831005573272705,0.01098901098901099,27.798770058383298,b,DHW 5.85,0,0.21950745856842852,0.1474305471853972,0.03168332305212899,0.013064215434997917,0.02891226439374759,0.06073342575393224,joint_compound_brms,leave_one_event_out,2024,-0.03168332305212899,0.03168332305212899
manta,4067315,20-014,Hayman Island Reef (20-014),2024,Central GBR,1,5.8500000000000005,0.14030141659542145,0.15508503949186497,5.8287453483906155,7.831005573272705,0.01098901098901099,27.798770058383298,b,DHW 5.85,0,0.19725568393511894,0.1295227233530941,0.024919977678833412,0.010401633773717183,0.022471287192373395,0.046955806706428065,joint_compound_brms,leave_one_event_out,2024,-0.024919977678833412,0.024919977678833412
mmp,4139904,20-028d,Hook Island Reef (No 4) (20-028d),2024,Central GBR,5,6.61,0.1423214731378012,0.07448612680364963,5.8287453483906155,6.882554054260254,0.03296703296703297,0,NA,NA,0,0.3437534576911858,0.1257934325032185,0.041242647651810765,0.014445420818381734,0.03620688210210628,0.08352717794563164,joint_compound_brms,leave_one_event_out,2024,-0.041242647651810765,0.041242647651810765
mmp,4139918,20-028d,Hook Island Reef (No 4) (20-028d),2024,Central GBR,5,6.61,0.03849021114891813,0.18146905175768832,5.8287453483906155,6.882554054260254,0.03296703296703297,0,NA,NA,0,0.36962480656257285,0.08400423146477817,0.028926481596085716,0.009449482787738122,0.024768791331972156,0.06213740524584841,joint_compound_brms,leave_one_event_out,2024,-0.028926481596085716,0.028926481596085716
mmp,4156652,20-035a,Daydream Reef (No 1) (20-035a),2024,Central GBR,1,8.78,0.2598230662382889,0.01538463975342603,5.8287453483906155,5.7756476402282715,0.0989010989010989,26.080562739584575,NA,NA,0,0.48829518372688424,0.12591430862218195,0.06021265786318341,0.02659560539231525,0.05526346499789009,0.11248479781022164,joint_compound_brms,leave_one_event_out,2024,-0.06021265786318341,0.06021265786318341
mmp,4156671,20-035a,Daydream Reef (No 1) (20-035a),2024,Central GBR,1,8.78,0.3450043885487789,0.0619788555082298,5.8287453483906155,5.7756476402282715,0.0989010989010989,26.080562739584575,NA,NA,0,0.5035528624048985,0.0852231315204638,0.041867095723748984,0.016996253478273413,0.03802823220651719,0.07952215815250814,joint_compound_brms,leave_one_event_out,2024,-0.041867095723748984,0.041867095723748984
mmp,4145380,20-058a,Dent Reef (No 1) (20-058a),2024,Central GBR,2,8.46,0.04684196083012745,0.20211926077969242,5.8287453483906155,6.882554054260254,0.03296703296703297,0,NA,NA,0,0.4344488628349984,0.1267668367558477,0.05287447402971509,0.017291204455795246,0.04593008276937036,0.11033945493078766,joint_compound_brms,leave_one_event_out,2024,-0.05287447402971509,0.05287447402971509
mmp,4145395,20-058a,Dent Reef (No 1) (20-058a),2024,Central GBR,2,8.46,0.05247557858289701,0.27591806105767913,5.8287453483906155,6.882554054260254,0.03296703296703297,0,NA,NA,0,0.45497532601053486,0.08397105044614024,0.036016164075126665,0.01189131900130973,0.03131923976935501,0.07547050772727935,joint_compound_brms,leave_one_event_out,2024,-0.036016164075126665,0.036016164075126665
mmp,4151714,20-061,Pine Island Reef (20-061),2024,Central GBR,3,9.17,0.054316214592486936,0.06317441071504845,5.8287453483906155,6.957430839538574,0.02197802197802198,27.79877005838312,NA,NA,0,0.5000169536625756,0.1484619353833402,0.07187929921207908,0.023693617403196074,0.06377029941748605,0.15105898644998939,joint_compound_brms,leave_one_event_out,2024,-0.07187929921207908,0.07187929921207908
mmp,4151734,20-061,Pine Island Reef (20-061),2024,Central GBR,3,9.17,0.04014192197989718,0.1528425783149248,5.8287453483906155,6.957430839538574,0.02197802197802198,27.79877005838312,NA,NA,0,0.524258216177822,0.093718391017668,0.047042870712297485,0.016542300910841527,0.0417447383882523,0.09379051258485373,joint_compound_brms,leave_one_event_out,2024,-0.047042870712297485,0.047042870712297485
mmp,4146310,20-095,Seaforth Reef (20-095),2024,Central GBR,5,9.47,0.05021782281804785,0.08750189043508103,5.8287453483906155,6.957430839538574,0.02197802197802198,27.79877005838312,NA,NA,0.015026046394532625,0.5500762248225238,0.14619293971850011,0.0783057693234672,0.0245777749315557,0.06739698084092284,0.1703226803694006,joint_compound_brms,leave_one_event_out,2024,-0.06327972292893456,0.06327972292893456
mmp,4146325,20-095,Seaforth Reef (20-095),2024,Central GBR,5,9.47,0,0.09847645164875594,5.8287453483906155,6.957430839538574,0.02197802197802198,27.79877005838312,NA,NA,0,0.551858732038195,0.09331591443114767,0.04942495055926963,0.017448209153722395,0.04293290292535695,0.10394041100277376,joint_compound_brms,leave_one_event_out,2024,-0.04942495055926963,0.04942495055926963
manta,4067753,20-104,U/N Reef (20-104),2024,Central GBR,2,5.5600000000000005,0.3166147337257602,0.3954607791259235,5.8287453483906155,7.423409461975098,0,83.09235604782566,b,Aerial bl 3 2024 DHW 2024 DHW 2.52 2025,0.05916872045396826,0.27527239138312903,0.1680535849518028,0.04572739490634102,0.02305792962067041,0.04276451361540905,0.08117965832634905,joint_compound_brms,leave_one_event_out,2024,0.01344132554762724,0.01344132554762724
manta,4067754,20-104,U/N Reef (20-104),2024,Central GBR,2,5.5600000000000005,0.20685377657459916,0.16222060434747407,5.8287453483906155,7.423409461975098,0,83.09235604782566,NA,NA,0,0.22067660747686155,0.16933519127567706,0.03713031270978634,0.017984199582324736,0.03460907075788151,0.06618827669481131,joint_compound_brms,leave_one_event_out,2024,-0.03713031270978634,0.03713031270978634
manta,4067796,20-287,Credlin Reefs (East) (20-287),2024,Southern GBR,5,8.14,0.1631631572030451,0.35058914094719495,5.8287453483906155,7.596888065338135,0.01098901098901099,107.88088100039306,NA,NA,0,0.2572607255171237,0.12137590083218278,0.03007356195367514,0.012103125189653428,0.026861806612216314,0.06025681816434259,joint_compound_brms,leave_one_event_out,2024,-0.03007356195367514,0.03007356195367514
manta,4049479,20-297,Creal Reef (20-297),2024,Southern GBR,1,8.370000000000001,0.2396430089858636,0.6903771670175208,5.8287453483906155,7.628969192504883,0,158.8083169396554,NA,NA,0.14353057103012326,0.382142237578188,0.19254149016872854,0.07095687733604426,0.022053198512671256,0.059295475363601795,0.16712742503192185,joint_compound_brms,leave_one_event_out,2024,0.072573693694079,0.072573693694079
manta,4066466,20-348,U/N Reef (20-348),2024,Southern GBR,2,8.39,0.2769734684349537,0.2718157702712433,5.04829112437769,7.647981643676758,0.01098901098901099,148.29161899510453,b,Aerial bl 3 2024 DHW 8.39 2024,0.3195506149689588,0.28165992067894746,0.12874114489553165,0.034178711209919076,0.010657081537109332,0.028370686319845826,0.07561019823000979,joint_compound_brms,leave_one_event_out,2024,0.28537190375903976,0.28537190375903976
ltmp,4225567,20-351a,Pompey Reef (No 1) (20-351a),2024,Southern GBR,3,8.63,0.22497349239822226,0.2705389010800665,5.04829112437769,7.65802526473999,0.01098901098901099,138.99385029191623,NA,NA,0.07887795268029442,0.34269727872846995,0.09885486455411385,0.03129834787732837,0.009602118802502068,0.02620792742055347,0.06951813851498136,joint_compound_brms,leave_one_event_out,2024,0.04757960480296605,0.04757960480296605
manta,4066907,20-351a,Pompey Reef (No 1) (20-351a),2024,Southern GBR,3,8.63,0.22497349239822226,0.39403716523982174,5.04829112437769,7.65802526473999,0.01098901098901099,138.99385029191623,NA,NA,0.07325807915336613,0.34113957042752474,0.08372390565036385,0.02632582823898972,0.008256894506820853,0.022140431452728995,0.05853729998009885,joint_compound_brms,leave_one_event_out,2024,0.04693225091437641,0.04693225091437641
ltmp,4223666,20-351b,Pompey Reef (No 2) (20-351b),2024,Southern GBR,4,8.63,0.26586271071453776,0.23601995395034991,5.04829112437769,7.65802526473999,0.01098901098901099,138.99385029191623,NA,NA,0,0.3352219394845332,0.10052580041731692,0.031032356007726938,0.009606811516456135,0.025682748440945275,0.06833829293054514,joint_compound_brms,leave_one_event_out,2024,-0.031032356007726938,0.031032356007726938
manta,4067069,20-351b,Pompey Reef (No 2) (20-351b),2024,Southern GBR,4,8.63,0.26586271071453776,0.24979788892199734,5.04829112437769,7.65802526473999,0.01098901098901099,138.99385029191623,NA,NA,0.04145156284186047,0.3069665448182953,0.08810081180997428,0.02465655689315374,0.00780727268623513,0.020816668623988104,0.05190192312415883,joint_compound_brms,leave_one_event_out,2024,0.016795005948706726,0.016795005948706726
manta,4066856,20-353,U/N Reef (20-353),2024,Southern GBR,2,8.51,0.28257324232113723,0.5957874377747552,5.04829112437769,7.647981643676758,0.01098901098901099,148.29161899510453,b,DHW 8.51,0.18809007889069235,0.37925955789326804,0.11076483491528573,0.03967212161109,0.01129168975231146,0.03213530865475476,0.09033271698266516,joint_compound_brms,leave_one_event_out,2024,0.14841795727960233,0.14841795727960233
manta,4067591,20-354,U/N Reef (20-354),2024,Southern GBR,3,8.24,0.2798883931931086,0.4883089395562144,5.04829112437769,7.647981643676758,0.01098901098901099,148.29161899510453,b,DHW 8.25,0.14510858480817607,0.3142113055179187,0.11037150694870995,0.03257790344751442,0.010393361266408949,0.026757879400352846,0.0735806889751749,joint_compound_brms,leave_one_event_out,2024,0.11253068136066165,0.11253068136066165
ltmp,4223966,21-025,Penrith Reef (21-025),2024,Southern GBR,5,8.25,0.02455375498852522,0.11074893260389602,5.410388454901543,7.600882530212402,0.01098901098901099,95.56334639855292,NA,NA,0,0.24831316362852004,0.12108587318465915,0.02866791507706804,0.009600323826391352,0.02422885817415414,0.06197771239607252,joint_compound_brms,leave_one_event_out,2024,-0.02866791507706804,0.02866791507706804
manta,4067168,21-025,Penrith Reef (21-025),2024,Southern GBR,5,8.25,0.02455375498852522,0.363835749390651,5.410388454901543,7.600882530212402,0.01098901098901099,95.56334639855292,NA,NA,0.42094133377513987,0.2763628576925491,0.10006669308494097,0.026317769854729053,0.009089705813868676,0.02241268731852248,0.057643290891870445,joint_compound_brms,leave_one_event_out,2024,0.3946235639204108,0.3946235639204108
ltmp,4224277,21-060,U/N Reef (21-060),2024,Southern GBR,1,8.99,0.4194754038758102,0.14667581543441732,5.04829112437769,7.65802526473999,0.01098901098901099,138.99385029191623,NA,NA,0,0.36683516120015525,0.11090010332930801,0.0373096459440137,0.01025526552078358,0.030155434458986104,0.0889681692911378,joint_compound_brms,leave_one_event_out,2024,-0.0373096459440137,0.0373096459440137
manta,4067141,21-060,U/N Reef (21-060),2024,Southern GBR,1,8.99,0.4194754038758102,0.4183772154643925,5.04829112437769,7.65802526473999,0.01098901098901099,138.99385029191623,NA,NA,0.3164588026273036,0.4012760239273888,0.08846130847172663,0.03308528246920908,0.009877274563048082,0.027338450557446388,0.07517510839436273,joint_compound_brms,leave_one_event_out,2024,0.28337352015809447,0.28337352015809447
manta,4066917,21-062,U/N Reef (21-062),2024,Southern GBR,3,8.21,0.28973125972355407,0.34548973298955477,5.04829112437769,7.64576530456543,0.01098901098901099,141.37563195977037,b,Aerial bl 4 2024 DHW 8.21 2024,0.21636311448365322,0.27598294157549474,0.09651730143321136,0.024623700690432314,0.008038551362422259,0.02072630885313359,0.05506972046639202,joint_compound_brms,leave_one_event_out,2024,0.1917394137932209,0.1917394137932209
manta,4067305,21-064,U/N Reef (21-064),2024,Southern GBR,4,8.82,0.30248149893283544,0.2233901440513016,5.04829112437769,7.64576530456543,0.01098901098901099,141.37563195977037,b,Aerial bl 3 2024 DHW 8.82 2024,0,0.3275592364440353,0.10608485480053183,0.032164143410220364,0.009282601452241173,0.026288115415030282,0.07182073638991134,joint_compound_brms,leave_one_event_out,2024,-0.032164143410220364,0.032164143410220364
ltmp,4223046,21-139,U/N Reef (21-139),2024,Southern GBR,2,8.6,0.161084953587778,0.24029573725924935,5.04829112437769,7.674178123474121,0.03296703296703297,132.67491596944663,NA,NA,0.17477970140301632,0.3236474541296599,0.14776686863906463,0.04512786306010482,0.01182471380532247,0.03639238825354271,0.10719324492533334,joint_compound_brms,leave_one_event_out,2024,0.1296518383429115,0.1296518383429115
manta,4067086,21-139,U/N Reef (21-139),2024,Southern GBR,2,8.6,0.161084953587778,0.5779862545901678,5.04829112437769,7.674178123474121,0.03296703296703297,132.67491596944663,NA,NA,0.21994377052766942,0.3773480540974938,0.12216546018737827,0.04379636531149712,0.01049571406137441,0.034377613536273076,0.10821847098547614,joint_compound_brms,leave_one_event_out,2024,0.1761474052161723,0.1761474052161723
ltmp,4224936,21-187,U/N Reef (21-187),2024,Southern GBR,3,7.25,0.3136770924524844,0.26241106733981745,5.04829112437769,7.633310794830322,0.03296703296703297,153.59663174270304,b,decline following bleaching,0.16372669436792,0.25850320063585974,0.13880194243209587,0.034135579758120774,0.011017088164013478,0.02963920316426461,0.0711241715315728,joint_compound_brms,leave_one_event_out,2024,0.12959111460979922,0.12959111460979922
manta,4066635,21-187,U/N Reef (21-187),2024,Southern GBR,3,7.25,0.3136770924524844,0.6246600212356924,5.04829112437769,7.633310794830322,0.03296703296703297,153.59663174270304,b,decline following bleaching,0.44183377601544943,0.31622187519718714,0.1131930228976072,0.03400829303050573,0.010232720176671605,0.028415400783165512,0.07518114836804085,joint_compound_brms,leave_one_event_out,2024,0.4078254829849437,0.4078254829849437
manta,4067277,21-245,U/N Reef (21-245),2024,Southern GBR,4,6.22,0.17480474460241177,0.39864326854235227,5.04829112437769,7.576849460601807,0.02197802197802198,234.58133252949253,NA,NA,0.14277996567627907,0.26779438222701607,0.09325145515678795,0.024024748542786568,0.009241345275178529,0.021365061848903237,0.04839579167509977,joint_compound_brms,leave_one_event_out,2024,0.1187552171334925,0.1187552171334925
manta,4067278,21-245,U/N Reef (21-245),2024,Southern GBR,4,6.22,0.19722631201351185,0.42713993183629156,5.04829112437769,7.576849460601807,0.02197802197802198,234.58133252949253,b,DHW 6.56 0.03 COTS per tow,0.06671505324129029,0.27495467882664737,0.09347780321754744,0.024738369148179493,0.00942646671357172,0.02194372488805941,0.04992216176460174,joint_compound_brms,leave_one_event_out,2024,0.0419766840931108,0.0419766840931108
manta,4049349,21-296,U/N Reef (21-296),2024,Southern GBR,5,6.8500000000000005,0.20738059167755873,0.2593232071269527,5.04829112437769,7.576849460601807,0.02197802197802198,234.58133252949253,b,Aerial bl 5 2024 DHW 6.85 2024,0,0.23433346542924094,0.09885631191259854,0.02199876387475983,0.00783240695394601,0.01948503192839776,0.045357886131067206,joint_compound_brms,leave_one_event_out,2024,-0.02199876387475983,0.02199876387475983
ltmp,4238621,21-305,East Cay Reef (21-305),2024,Southern GBR,2,7.67,0.20939772152775202,0.1774025284140376,5.04829112437769,7.61787748336792,0.03296703296703297,222.5876216694933,b,Aerial bl 5 2024 DHW 7.67,0.17436133243673674,0.23936170901750403,0.12290950409298503,0.02727140361407658,0.00849284422202194,0.023135690709986428,0.059157010487364596,joint_compound_brms,leave_one_event_out,2024,0.14708992882266014,0.14708992882266014
ltmp,4238622,21-305,East Cay Reef (21-305),2024,Southern GBR,2,7.67,0.21688656916806204,0.21909190697703518,5.04829112437769,7.61787748336792,0.03296703296703297,222.5876216694933,b,DHW 7.67 mass loss of SC,0.19028260394560065,0.24776498605843905,0.12153441094454456,0.02804162399501399,0.008926659363357561,0.024013604043592228,0.06070869618365758,joint_compound_brms,leave_one_event_out,2024,0.16224097995058667,0.16224097995058667
manta,4284380,21-305,East Cay Reef (21-305),2024,Southern GBR,2,7.67,0.21688656916806204,0.31352435423231356,5.04829112437769,7.61787748336792,0.03296703296703297,222.5876216694933,b,Aerial bl 5 2024 DHW 7.67,0.2779171356313509,0.23925683617230364,0.10421045592721805,0.023185627856577778,0.0077388103862306365,0.01986589542307638,0.049862060535376354,joint_compound_brms,leave_one_event_out,2024,0.2547315077747731,0.2547315077747731
ltmp,4183353,21-529,U/N Reef (21-529),2024,Southern GBR,1,7.19,0.38615538690823586,0.24402387862104383,5.04829112437769,7.627993583679199,0.04395604395604396,188.7922667774775,b,Aerial bl 5 2024 DHW 7.19 2024,0.07120233399391916,0.2534389720709291,0.1408884363810094,0.033836764616786114,0.010962360444889473,0.029258050173929816,0.07122578027128405,joint_compound_brms,leave_one_event_out,2024,0.03736556937713305,0.03736556937713305
manta,3989168,21-529,U/N Reef (21-529),2024,Southern GBR,1,7.19,0.38615538690823586,0.6491509096157588,5.04829112437769,7.627993583679199,0.04395604395604396,188.7922667774775,b,Aerial bl 5 2024 DHW 7.19 2024,0.3674510897264907,0.32088010639700965,0.11342968746588712,0.0344939516143661,0.010681045508287228,0.029049633388535633,0.07771268322858411,joint_compound_brms,leave_one_event_out,2024,0.33295713811212463,0.33295713811212463
manta,4284566,21-550,U/N Reef (21-550),2024,Southern GBR,5,7.85,0.22806223341999204,0.5231246127836484,5.293126064302306,7.698933601379395,0.05494505494505494,175.33603223489754,NA,NA,0.3105929180461531,0.27323390506018996,0.1229672756748992,0.03169723858704865,0.010358138264266094,0.027406472358621713,0.06991310225707231,joint_compound_brms,leave_one_event_out,2024,0.27889567945910443,0.27889567945910443
ltmp,4184037,21-556,Gannett Cay Reef (21-556),2024,Southern GBR,4,8.47,0.016120536276246076,0.07002682803684913,5.293126064302306,7.664971828460693,0.05494505494505494,198.3246302201427,b,DHW 8.47,0.018989820056651716,0.2559179208596913,0.11481866854870587,0.027213851762641125,0.008031266818211024,0.021963833323274735,0.06258473968982191,joint_compound_brms,leave_one_event_out,2024,-0.008224031705989409,0.008224031705989409
manta,4284599,21-556,Gannett Cay Reef (21-556),2024,Southern GBR,4,8.47,0.016120536276246076,0.09896793855981655,5.293126064302306,7.664971828460693,0.05494505494505494,198.3246302201427,b,DHW 8.47,0,0.23388896110579302,0.1017855122661301,0.02187391471714937,0.00675803559003081,0.018196395732980545,0.049121150004703566,joint_compound_brms,leave_one_event_out,2024,-0.02187391471714937,0.02187391471714937
ltmp,4224607,21-558,U/N Reef (21-558),2024,Southern GBR,2,7.54,0.07481468055436158,0.1101872950078745,5.04829112437769,7.61787748336792,0.03296703296703297,222.5876216694933,NA,NA,0.06769401672425976,0.2250767806391485,0.12353093367076717,0.025589707261063233,0.008080986649960922,0.02151423188196906,0.057496889834498674,joint_compound_brms,leave_one_event_out,2024,0.04210430946319653,0.04210430946319653
ltmp,4224608,21-558,U/N Reef (21-558),2024,Southern GBR,2,7.54,0.1629579657459985,0.13576658866345692,5.04829112437769,7.61787748336792,0.03296703296703297,222.5876216694933,b,NA,0.18840639591371994,0.23093727771729652,0.1293070641623984,0.02772498309087832,0.008941677584181537,0.023792677694100206,0.06062942081645445,joint_compound_brms,leave_one_event_out,2024,0.16068141282284162,0.16068141282284162
manta,4284588,21-558,U/N Reef (21-558),2024,Southern GBR,2,7.54,0.07481468055436158,0.39090706771087363,5.04829112437769,7.61787748336792,0.03296703296703297,222.5876216694933,NA,NA,0.25960430422350816,0.2553513489609289,0.09932847260231518,0.02357723573309036,0.007488298921264364,0.019892180300097047,0.052231255134641136,joint_compound_brms,leave_one_event_out,2024,0.2360270684904178,0.2360270684904178
manta,4284589,21-558,U/N Reef (21-558),2024,Southern GBR,2,7.54,0.1629579657459985,0.36925742040330933,5.04829112437769,7.61787748336792,0.03296703296703297,222.5876216694933,b,DHW 7.24 to 8.27,0,0.25106426313611063,0.10555015172692712,0.024813145679403383,0.008393764085964995,0.02115542684698031,0.05318210548273524,joint_compound_brms,leave_one_event_out,2024,-0.024813145679403383,0.024813145679403383
ltmp,4232334,21-562,Turner Reef (21-562),2024,Southern GBR,5,9.27,0.12813436740046336,0.12528128336068736,5.293126064302306,7.622081279754639,0.03296703296703297,211.65905306044084,NA,NA,0.10489837425504042,0.38465165729891887,0.1399957268450948,0.05171376497879797,0.014121756399615031,0.040775675166286315,0.12837479535490207,joint_compound_brms,leave_one_event_out,2024,0.05318460927624245,0.05318460927624245
ltmp,4232335,21-562,Turner Reef (21-562),2024,Southern GBR,5,9.27,0.08656072859991064,0.08887790813431366,5.293126064302306,7.622081279754639,0.03296703296703297,211.65905306044084,b,NA,0,0.3748250514147572,0.1411332089614891,0.050666947992205925,0.013746045535866563,0.039516692148267016,0.12812841460450602,joint_compound_brms,leave_one_event_out,2024,-0.050666947992205925,0.050666947992205925
manta,4284698,21-562,Turner Reef (21-562),2024,Southern GBR,5,9.27,0.12813436740046336,0.21160583760646007,5.293126064302306,7.622081279754639,0.03296703296703297,211.65905306044084,NA,NA,0.3153081782272817,0.3730690164071845,0.12037356884228192,0.04311609176808912,0.011498396859283725,0.03385076106115677,0.10489887751786979,joint_compound_brms,leave_one_event_out,2024,0.2721920864591926,0.2721920864591926
manta,4284699,21-562,Turner Reef (21-562),2024,Southern GBR,5,9.27,0.08656072859991064,0.1222713025202314,5.293126064302306,7.622081279754639,0.03296703296703297,211.65905306044084,b,DHW 8.65 to 9.27,0,0.35020726421052384,0.12299937508835716,0.04107346638262119,0.010655649627258696,0.03191582038383483,0.10025034279314105,joint_compound_brms,leave_one_event_out,2024,-0.04107346638262119,0.04107346638262119
ltmp,4180542,21-588,Wade Reef (21-588),2024,Southern GBR,3,9.33,0.31761851319151824,0.13297648655713687,5.293126064302306,7.634066581726074,0.05494505494505494,221.91002299353315,b,hc increase but sc decline,0,0.39304027751135434,0.13390864993665091,0.0500779298572419,0.014003559683738433,0.039697098930387045,0.12108541971142114,joint_compound_brms,leave_one_event_out,2024,-0.0500779298572419,0.0500779298572419
manta,3989106,21-588,Wade Reef (21-588),2024,Southern GBR,3,9.33,0.31761851319151824,0.14304588581004424,5.293126064302306,7.634066581726074,0.05494505494505494,221.91002299353315,b,Aerial bl 4 2024  DHW 9.57 2024,0.006290804014536357,0.3623856696195899,0.11709633569703871,0.04014333661335894,0.0108966041080691,0.03210685155065386,0.09808649144826911,joint_compound_brms,leave_one_event_out,2024,-0.033852532598822586,0.033852532598822586
ltmp,4223356,21-591,U/N Reef (21-591),2024,Southern GBR,5,8.13,0.3441447761193373,0.19995291484269695,5.410388454901543,7.682434558868408,0,117.60569926842686,NA,NA,0,0.2565087936438097,0.11900122788970649,0.02921950241120734,0.011167905724114698,0.026562868379130907,0.05739781374828254,joint_compound_brms,leave_one_event_out,2024,-0.02921950241120734,0.02921950241120734
manta,4067531,21-591,U/N Reef (21-591),2024,Southern GBR,5,8.13,0.3441447761193373,0.3794207532763258,5.410388454901543,7.682434558868408,0,117.60569926842686,NA,NA,0,0.26737636371535345,0.09969141373576637,0.025384779129945644,0.010596096689253787,0.02269626608252246,0.04845169512033709,joint_compound_brms,leave_one_event_out,2024,-0.025384779129945644,0.025384779129945644
mmp,4140753,22-009,Barren Island Reef (22-009),2024,Southern GBR,4,11.06,0.53129173943683,0.2598804032895316,4.823371628795423,7.690150737762451,0.01098901098901099,27.798770058383468,b,further decline as a result of bleaching in 2024,0.17115624670633436,0.7103811393868454,0.10221569289461177,0.06590371199862417,0.007245477314895481,0.04200210570816518,0.2048747979824195,joint_compound_brms,leave_one_event_out,2024,0.10525253470771019,0.10525253470771019
mmp,4140754,22-009,Barren Island Reef (22-009),2024,Southern GBR,4,11.06,0.8432966093606045,0.5916565683895456,4.823371628795423,7.690150737762451,0.01098901098901099,27.798770058383468,b,bleaching still evident at time of surveys,0.5607580187998068,0.7708028231825153,0.07543007412428568,0.05341438193035686,0.0046281074546264895,0.030443532483215564,0.18067105332086233,joint_compound_brms,leave_one_event_out,2024,0.5073436368694499,0.5073436368694499
mmp,4140772,22-009,Barren Island Reef (22-009),2024,Southern GBR,4,11.06,0.9188685148426851,0.6208482450147622,4.823371628795423,7.690150737762451,0.01098901098901099,27.798770058383468,b,further decline as a result of bleaching in 2024,0.2354543608301246,0.7757114786637442,0.05279582913902799,0.03642912386109952,0.002257455523971326,0.018680285428701357,0.1300557282582203,joint_compound_brms,leave_one_event_out,2024,0.19902523696902508,0.19902523696902508
mmp,4140773,22-009,Barren Island Reef (22-009),2024,Southern GBR,4,11.06,0.9329570973491906,0.7041189584586074,4.823371628795423,7.690150737762451,0.01098901098901099,27.798770058383468,b,bleaching still evident at time of surveys,0.1182622800359385,0.7882675963349278,0.051219207662058674,0.03616572520599528,0.0022411241193678955,0.01830934904919838,0.12928682063976152,joint_compound_brms,leave_one_event_out,2024,0.08209655482994321,0.08209655482994321
manta,4284476,22-084,U/N Reef (22-084),2024,Southern GBR,1,8.47,0.10148678379185999,0.15022670123802098,5.293126064302306,7.664971828460693,0.05494505494505494,198.3246302201427,NA,NA,0.2971606639822993,0.2449057508800606,0.10068331515845698,0.022850757460580694,0.0074720392792706125,0.019239358823628615,0.05073127881678701,joint_compound_brms,leave_one_event_out,2024,0.2743099065217186,0.2743099065217186
manta,4284672,22-088a,U/N Reef (22-088a),2024,Southern GBR,2,7.58,0.2864416104796866,0.29321535546036537,5.293126064302306,7.698933601379395,0.05494505494505494,175.33603223489754,NA,NA,0.3397865462448271,0.22163216615280779,0.12641674242620105,0.026634448875211367,0.010514253893436465,0.023796315632856294,0.05288599292289649,joint_compound_brms,leave_one_event_out,2024,0.31315209736961575,0.31315209736961575
ltmp,4186339,22-102,Chinaman Reef (22-102),2024,Southern GBR,5,9.41,0.14325013683013463,0.22135253766117685,5.293126064302306,7.634066581726074,0.05494505494505494,221.91002299353315,b,decline hc,0.1549831580635079,0.4232520292851766,0.1286937099972515,0.05245823766439184,0.014171262063210012,0.041315658309519526,0.12967988043522052,joint_compound_brms,leave_one_event_out,2024,0.10252492039911607,0.10252492039911607
manta,4284635,22-102,Chinaman Reef (22-102),2024,Southern GBR,5,9.41,0.14325013683013463,0.18136489645736498,5.293126064302306,7.634066581726074,0.05494505494505494,221.91002299353315,b,Aerial bl 3 2024 DHW 9.57,0,0.3794669626379494,0.11376506328232888,0.041140443947573005,0.010542696339107588,0.03199467463090855,0.10202786938021334,joint_compound_brms,leave_one_event_out,2024,-0.041140443947573005,0.041140443947573005
ltmp,4182001,22-104a,Horseshoe Reef (No 1) (22-104a),2024,Southern GBR,1,9.08,0.4872440402232475,0.25910214651422714,5.293126064302306,7.664971828460693,0.05494505494505494,198.3246302201427,b,hc decline,0.10896430189600032,0.3911105534950226,0.12766838366724712,0.04766363026020175,0.014894378201379486,0.04055869437934573,0.10614516904488257,joint_compound_brms,leave_one_event_out,2024,0.06130067163579857,0.06130067163579857
manta,3989230,22-104a,Horseshoe Reef (No 1) (22-104a),2024,Southern GBR,1,9.08,0.4872440402232475,0.13717349711137905,5.293126064302306,7.664971828460693,0.05494505494505494,198.3246302201427,b,DHW 9.19,0.0026179461240754035,0.32861958884252074,0.11594654328817824,0.03570977769455615,0.0104814519458314,0.02967422290694147,0.08133196723183596,joint_compound_brms,leave_one_event_out,2024,-0.03309183157048074,0.03309183157048074
mmp,4143649,23-004b,North Keppel (Ko-no-mie) Island Reef (No 2) (23-004b),2024,Southern GBR,1,12.41,0.9702392451266665,0.17797019321167112,5.3548966285573405,7.717053890228272,0,25.58889965967512,b,further decline as a result of bleaching in 2024,0.649764667289415,0.8131473045136877,0.09197704299178353,0.07145701265087026,0.002822618044197089,0.02956261575001619,0.29061565239322995,joint_compound_brms,leave_one_event_out,2024,0.5783076546385447,0.5783076546385447
mmp,4143650,23-004b,North Keppel (Ko-no-mie) Island Reef (No 2) (23-004b),2024,Southern GBR,1,12.41,0.9831720862579035,0.4840089198869416,5.3548966285573405,7.717053890228272,0,25.58889965967512,b,bleaching still evident at time of surveys,0.6322997657703442,0.8558280719143678,0.08411841082868554,0.06990928563588139,0.0025204190697935207,0.028714993139573076,0.3037765756453235,joint_compound_brms,leave_one_event_out,2024,0.5623904801344628,0.5623904801344628
mmp,4143665,23-004b,North Keppel (Ko-no-mie) Island Reef (No 2) (23-004b),2024,Southern GBR,1,12.41,0.8174194259823503,0.19953314021729673,5.3548966285573405,7.717053890228272,0,25.58889965967512,b,further decline as a result of bleaching in 2024,0.2382175190368768,0.8168587010856104,0.07246361848776407,0.056278168855918985,0.0028500217829117297,0.025514122426074624,0.21257238679580706,joint_compound_brms,leave_one_event_out,2024,0.1819393501809578,0.1819393501809578
mmp,4143666,23-004b,North Keppel (Ko-no-mie) Island Reef (No 2) (23-004b),2024,Southern GBR,1,12.41,0.855313419480824,0.26841942818408787,5.3548966285573405,7.717053890228272,0,25.58889965967512,b,bleaching still evident at time of surveys,0.25663674359498084,0.8272183145401185,0.06927818990180523,0.05466379801627792,0.002419012346506321,0.023615967288894594,0.21080335067938286,joint_compound_brms,leave_one_event_out,2024,0.20197294557870293,0.20197294557870293
mmp,4138915,23-010,Middle (Ba-la-ba) Island Reef (23-010),2024,Southern GBR,2,12.23,0.45895037123979043,0.094141417582425,5.455125136460727,7.59745454788208,0,25.541262425425487,b,further decline as a result of bleaching in 2024,0.48766349684223503,0.7984825901477248,0.1930545016685412,0.15157484772707835,0.023954171861870356,0.11697555038122415,0.408947627934004,joint_compound_brms,leave_one_event_out,2024,0.3360886491151567,0.3360886491151567
mmp,4138916,23-010,Middle (Ba-la-ba) Island Reef (23-010),2024,Southern GBR,2,12.23,0.7664047472610901,0.19386016389011806,5.455125136460727,7.59745454788208,0,25.541262425425487,b,bleaching still evident at time of surveys,0.5143849272933385,0.815849778694857,0.12997171870273616,0.10359376501531127,0.008351074652815165,0.06282604859623173,0.3505141056761865,joint_compound_brms,leave_one_event_out,2024,0.41079116227802726,0.41079116227802726
mmp,4138931,23-010,Middle (Ba-la-ba) Island Reef (23-010),2024,Southern GBR,2,12.23,0.3533715797147019,0.12330852251969322,5.455125136460727,7.59745454788208,0,25.541262425425487,b,further decline as a result of bleaching in 2024,0.28856582591991914,0.8026765889435781,0.1523690377211195,0.12003300124816081,0.018003445257831933,0.09121692041816076,0.32875996968878257,joint_compound_brms,leave_one_event_out,2024,0.16853282467175834,0.16853282467175834
mmp,4138932,23-010,Middle (Ba-la-ba) Island Reef (23-010),2024,Southern GBR,2,12.23,0.48147352484178185,0.2096906034389076,5.455125136460727,7.59745454788208,0,25.541262425425487,b,bleaching still evident at time of surveys,0.41195017565191666,0.8174627621944196,0.12320507634139866,0.09867095809611516,0.01307391280982154,0.07044618682620474,0.2806569459505797,joint_compound_brms,leave_one_event_out,2024,0.3132792175558015,0.3132792175558015
mmp,4155453,23-016,Humpy (Bur-ye-Bur-ye) Reef (23-016),2024,Southern GBR,2,12.47,0.7075329405300055,0.22997353185720512,5.455125136460727,7.59745454788208,0,25.541262425425487,b,further decline as a result of bleaching in 2024,0.6554932597858075,0.8342914428982751,0.1154897452891639,0.09426035229984295,0.008433975920799667,0.05757635489649581,0.3128590267938792,joint_compound_brms,leave_one_event_out,2024,0.5612329074859645,0.5612329074859645
mmp,4155454,23-016,Humpy (Bur-ye-Bur-ye) Reef (23-016),2024,Southern GBR,2,12.47,0.8806702661451502,0.49687349743235776,5.455125136460727,7.59745454788208,0,25.541262425425487,b,bleaching still evident at time of surveys,0.5371587878089377,0.8686657051524334,0.09347391833427104,0.07964984308652123,0.00409867440038766,0.038662372890603196,0.32581750464513404,joint_compound_brms,leave_one_event_out,2024,0.45750894472241643,0.45750894472241643
mmp,4155473,23-016,Humpy (Bur-ye-Bur-ye) Reef (23-016),2024,Southern GBR,2,12.47,0.7596478225945502,0.13594107109759657,5.455125136460727,7.59745454788208,0,25.541262425425487,b,further decline as a result of bleaching in 2024,0.5474064906348262,0.8200236814044838,0.07973472932826917,0.06288346093476031,0.003776955284349007,0.03131022105962837,0.2295056039690581,joint_compound_brms,leave_one_event_out,2024,0.48452302970006583,0.48452302970006583
mmp,4155474,23-016,Humpy (Bur-ye-Bur-ye) Reef (23-016),2024,Southern GBR,2,12.47,0.901484765985602,0.27456883183503955,5.455125136460727,7.59745454788208,0,25.541262425425487,b,bleaching still evident at time of surveys,0.5048925612238839,0.8405547697959012,0.0702848598715143,0.05697190406237509,0.0020626812837973322,0.023024035808235074,0.229940655370792,joint_compound_brms,leave_one_event_out,2024,0.44792065716150886,0.44792065716150886
mmp,4149293,23-017,Pelican Island Reef (23-017),2024,Southern GBR,3,13.26,0.15284497105653488,0.04020428702893302,5.455125136460727,5.654933929443359,0.0989010989010989,0,NA,NA,0,0.9000086621941059,0.3479601002782498,0.31149271755720875,0.05319352111122103,0.27497275182591263,0.6959157212970064,joint_compound_brms,leave_one_event_out,2024,-0.31149271755720875,0.31149271755720875
mmp,4149294,23-017,Pelican Island Reef (23-017),2024,Southern GBR,3,13.26,0.13438736512389293,0.06792091059527568,5.455125136460727,5.654933929443359,0.0989010989010989,0,b,bleaching still evident at time of surveys,0.40807202558722055,0.9030061378265452,0.3597592996738727,0.3231386990903337,0.056075355992232616,0.2897831556422298,0.7116788488071734,joint_compound_brms,leave_one_event_out,2024,0.08493332649688684,0.08493332649688684
mmp,4149312,23-017,Pelican Island Reef (23-017),2024,Southern GBR,3,13.26,0.004508986329815639,0.18529755917949564,5.455125136460727,5.654933929443359,0.0989010989010989,0,NA,NA,0.02301944253341331,0.9140622598004038,0.3373164147244963,0.3065876232508305,0.041035629474028126,0.2580345495064537,0.7041452504785263,joint_compound_brms,leave_one_event_out,2024,-0.2835681807174172,0.2835681807174172
mmp,4149313,23-017,Pelican Island Reef (23-017),2024,Southern GBR,3,13.26,0.0160741119416249,0.1888051471674132,5.455125136460727,5.654933929443359,0.0989010989010989,0,b,bleaching still evident at time of surveys,0.018577819728650656,0.9144623480008551,0.32953597183784805,0.2996650687450873,0.04073824521283666,0.2515623518367251,0.6942078830244467,joint_compound_brms,leave_one_event_out,2024,-0.28108724901643667,0.28108724901643667
ltmp,4188168,23-048,Broomfield Reef (23-048),2024,Southern GBR,3,11.6,0.862233938344424,0.5750808079045714,5.301987044294902,7.902797222137451,0.03296703296703297,94.55219552218418,m,Aerial bl 5 2024   DHW 11.6,0.6883989417687074,0.7600450598975945,0.14004841085694994,0.1040565315776552,0.008524222882348406,0.06524507319337541,0.3379860481328227,joint_compound_brms,leave_one_event_out,2024,0.5843424101910523,0.5843424101910523
manta,4284725,23-048,Broomfield Reef (23-048),2024,Southern GBR,3,11.6,0.862233938344424,0.581105916624201,5.301987044294902,7.902797222137451,0.03296703296703297,94.55219552218418,m,Aerial bl 5 2024   DHW 11.6,0.5712917276690362,0.7397559013358375,0.12289110618374868,0.08857629110225894,0.007211262458016851,0.05245037530644536,0.30348754691385654,joint_compound_brms,leave_one_event_out,2024,0.4827154365667773,0.4827154365667773
ltmp,4182299,23-051,Wreck Island Reef (23-051),2024,Southern GBR,1,11.64,0.9797631868153628,0.6697295842357892,5.301987044294902,7.902797222137451,0.03296703296703297,94.55219552218418,b,big hc decline,0.5446213063879788,0.7788043623578004,0.14032284625259905,0.1070107397946406,0.006406332001195265,0.059256262595947046,0.3698307588629332,joint_compound_brms,leave_one_event_out,2024,0.4376105665933382,0.4376105665933382
manta,4284526,23-051,Wreck Island Reef (23-051),2024,Southern GBR,1,11.64,0.9797631868153628,0.5789666427911073,5.301987044294902,7.902797222137451,0.03296703296703297,94.55219552218418,m,Aerial bl 5 2024  DHW 11.64,0.3704552530009853,0.7431288120320579,0.1257904549265574,0.09093471324161603,0.005097178626859544,0.04690356833573381,0.32742748788387255,joint_compound_brms,leave_one_event_out,2024,0.2795205397593693,0.2795205397593693
ltmp,4185533,23-055a,One Tree Island Reef (23-055a),2024,Southern GBR,4,11.53,0.9167527148244318,0.6465710923203194,5.509502913839823,7.843398094177246,0.02197802197802198,75.37078298757997,m,DHW 11,0.7056209452888168,0.7804191960872888,0.2088495039893403,0.16145055678714476,0.01557701873898135,0.11444217638426268,0.46513685805612665,joint_compound_brms,leave_one_event_out,2024,0.544170388501672,0.544170388501672
manta,4284425,23-055a,One Tree Island Reef (23-055a),2024,Southern GBR,4,11.53,0.9167527148244318,0.6064749895445039,5.509502913839823,7.843398094177246,0.02197802197802198,75.37078298757997,m,Aerial bl 4 2024  DHW 11.81,0.5107539897859481,0.7525349770630441,0.18619056602692238,0.13847904034279937,0.01302732252182214,0.0939450125525492,0.4176576913848321,joint_compound_brms,leave_one_event_out,2024,0.37227494944314876,0.37227494944314876
ltmp,4181245,23-068,Erskine Reef (23-068),2024,Southern GBR,2,11.17,0.8208239385774314,0.4638738443085885,5.301987044294902,7.857634544372559,0.01098901098901099,58.02948927544897,b,Aerial bl 4 2024 DHW 11.17,0.14256428051898865,0.7078253658703155,0.14016929669006956,0.09647676585066423,0.011495767433831138,0.06707887321398512,0.27567822824684773,joint_compound_brms,leave_one_event_out,2024,0.04608751466832442,0.04608751466832442
manta,4284411,23-068,Erskine Reef (23-068),2024,Southern GBR,2,11.17,0.8208239385774314,0.4084517150032933,5.301987044294902,7.857634544372559,0.01098901098901099,58.02948927544897,b,Aerial bl 4 2024 DHW 11.17,0.06654453617104276,0.6710565825798794,0.12338939114453885,0.08001835178251415,0.009707803065076157,0.05490121389861248,0.23174020387190153,joint_compound_brms,leave_one_event_out,2024,-0.013473815611471388,0.013473815611471388
ltmp,4181617,23-069,Mast Head Reef (23-069),2024,Southern GBR,5,11.08,0.7967591332408196,0.4000561441690104,5.301987044294902,7.857634544372559,0.01098901098901099,58.02948927544897,b,decline in hc,0.2019468711406776,0.6858985435727707,0.1575667630410508,0.1049868121503676,0.013406784803157833,0.07561312643905528,0.29624560788812615,joint_compound_brms,leave_one_event_out,2024,0.09696005899031,0.09696005899031
manta,4284513,23-069,Mast Head Reef (23-069),2024,Southern GBR,5,11.08,0.7967591332408196,0.38230377464643,5.301987044294902,7.857634544372559,0.01098901098901099,58.02948927544897,b,DHW 11.17,0.27324709489204596,0.6559077937144194,0.1382347819111998,0.08770184664857168,0.011194909154348835,0.06138640632522378,0.25026277176352185,joint_compound_brms,leave_one_event_out,2024,0.1855452482434743,0.1855452482434743
manta,4284550,23-080,Hoskyn Islands Reef (23-080),2024,Southern GBR,2,11.2,0.8814544768695094,0.6184300829752357,5.784058808178996,7.760509014129639,0.01098901098901099,75.30452287765046,b,DHW 11.48,0.5478185490121976,0.7389222085455874,0.23378406778984967,0.17180630845262812,0.028796733072730802,0.1351104371720006,0.4303762940542328,joint_compound_brms,leave_one_event_out,2024,0.3760122405595695,0.3760122405595695
ltmp,4180873,23-081,Fairfax Islands Reef (23-081),2024,Southern GBR,1,11.26,0.8421051184060283,0.33232469751541616,5.784058808178996,7.760509014129639,0.01098901098901099,75.30452287765046,m,"Aerial bl 4 2024 DHW 11.46 2024, moderate disease",0.17622110261289636,0.7115013964422175,0.23327779327409667,0.16473364347000014,0.029154574775219134,0.13835761174424932,0.390414819867428,joint_compound_brms,leave_one_event_out,2024,0.011487459142896228,0.011487459142896228
manta,4284498,23-081,Fairfax Islands Reef (23-081),2024,Southern GBR,1,11.26,0.8421051184060283,0.6500704629813622,5.784058808178996,7.760509014129639,0.01098901098901099,75.30452287765046,b,Aerial bl 4 2024 DHW 11.46 2024,0.37356823802927674,0.7499372991908309,0.19956165785156132,0.14858647302640005,0.027133578090529777,0.11946608865227806,0.3682687386285125,joint_compound_brms,leave_one_event_out,2024,0.2249817650028767,0.2249817650028767
ltmp,4187208,23-082a,Lady Musgrave Reef (23-082a),2024,Southern GBR,4,11.12,0.9474516636293955,0.6333792303847722,5.801442997806395,7.673856258392334,0.01098901098901099,75.2376810282473,m,b s 34% decline hc abs 55% decline rel,0.5425304381746469,0.7631356666380857,0.17131383158451566,0.12981599352540832,0.0206571502067404,0.09848293264461949,0.345703687456801,joint_compound_brms,leave_one_event_out,2024,0.41271444464923857,0.41271444464923857
manta,4284760,23-082a,Lady Musgrave Reef (23-082a),2024,Southern GBR,4,11.12,0.9474516636293955,0.6318089437365313,5.801442997806395,7.673856258392334,0.01098901098901099,75.2376810282473,m,Aerial bl 4 2024 DHW 11.42,0.3784926956594735,0.7393648157049649,0.14966900583944717,0.10980063498980284,0.01644199924487987,0.08179564092452837,0.30895238372885264,joint_compound_brms,leave_one_event_out,2024,0.26869206066967066,0.26869206066967066
