programme_key,source_observation_id,ReefID,ReefName,event_year,region_block,joint_reef_fold,ann_maxdhw,prop_acropora_pre,observed_pre_cover,log_coastal_rain30,era5_wind_mean,era5_wind_calm_fraction,era5_coastal_distance_km,wqc_freqcc12,wqc_prior10_percentile,wqc_prior10_delta,cyc_maxHrs4mw,log1p_cyc_maxHrs4mw,cot_meanpertow,cot_idwmeanpertow,log1p_cot_idwmeanpertow,DISTURBANCE_TYPE,storm_name,description,tooltip,disturbance_text,observed_mortality,predicted_occurrence,predicted_positive_loss,predicted_mortality,learner,scheme,fold,residual,absolute_error
manta,1273202,13-118a,Creech Reef (North) (13-118a),2016,Northern GBR,2,9.82,0.0382842345426909,0.5454980628513275,5.760768972511061,4.80440092086792,0.12087912087912088,54.0042200125233,0.0454545468091965,0.25,-0.0044639337293301,0,0,NA,0,0,b,NA,Bleaching,coral bleaching,Bleaching  coral bleaching,0.38243677390482966,0.7003418127077817,0.29208968926797835,0.20456262245518866,joint_core_brt,leave_one_event_out,2016,0.177874151449641,0.177874151449641
manta,1273145,13-121,U/N Reef (13-121),2016,Northern GBR,3,9.98,0.03831330634452044,0.22067662178568376,6.0375282804736266,4.953568458557129,0.13186813186813187,61.79502527764437,0,0,-0.1177166627589395,0,0,0,0,0,b,NA,Bleaching,coral bleaching,Bleaching  coral bleaching,0.39358480326995926,0.6220263861031045,0.2503264133116976,0.15570963421842732,joint_core_brt,leave_one_event_out,2016,0.23787516905153194,0.23787516905153194
manta,4285232,13-124,U/N Reef (13-124),2016,Northern GBR,4,7.04,0.03844998766280359,0.24797977140418176,5.760768972511061,4.80440092086792,0.12087912087912088,54.0042200125233,0.0478838722018932,0,-0.1206447912436713,0,0,NA,0.0311,0.03062619354176083,m,NA,COTS/bleaching,"coral bleaching, crown-of-thorns starfish","COTS/bleaching  coral bleaching, crown-of-thorns starfish",0.12249764773467146,0.7561874041969527,0.25098101783259663,0.18978868437754035,joint_core_brt,leave_one_event_out,2016,-0.06729103664286888,0.06729103664286888
manta,4285439,13-127,Rodda Reef (13-127),2016,Northern GBR,4,8.24,0.03839129477735246,0.35991753534805637,6.0375282804736266,4.918301582336426,0.16483516483516483,38.723631859261,0.0531173822866078,0.1,-0.16094394868903422,0,0,0,0,0,b,NA,Bleaching,coral bleaching,Bleaching  coral bleaching,0.26680976007009627,0.4942406353883262,0.17071903396097943,0.0843762838177557,joint_core_brt,leave_one_event_out,2016,0.18243347625234058,0.18243347625234058
ltmp,4171462,14-114,MacGillivray Reef (14-114),2016,Northern GBR,4,8.61,0.012206575097515862,0.1183821535444432,6.20293776135495,5.603195667266846,0.14285714285714285,38.660259476645,0,0.25,-0.02272727340459825,0,0,0,0.027,0.02664193094642118,m,NA,bleaching in sector. COTS and cyclone,NA,bleaching in sector. COTS and cyclone ,0,0.7509982876620817,0.19786783511191222,0.1485984053524492,joint_core_brt,leave_one_event_out,2016,-0.1485984053524492,0.1485984053524492
manta,4206382,14-114,MacGillivray Reef (14-114),2016,Northern GBR,4,8.61,0.012206575097515862,0.08482093786202573,6.20293776135495,5.603195667266846,0.14285714285714285,38.660259476645,0,0.25,-0.02272727340459825,0,0,0,0.027,0.02664193094642118,m,NA,bleaching in sector. COTS and cyclone,"coral bleaching, crown-of-thorns starfish, Cyclone Nathan","bleaching in sector. COTS and cyclone  coral bleaching, crown-of-thorns starfish, Cyclone Nathan",0.14105772044354065,0.7434770557339684,0.16894455192094787,0.12560639804448087,joint_core_brt,leave_one_event_out,2016,0.015451322399059775,0.015451322399059775
ltmp,4172980,14-123,Martin Reef (14-123),2016,Northern GBR,1,7.87,0.012430464816644506,0.09327377675792871,6.20293776135495,5.099643707275391,0.15384615384615383,27.798770058382857,0.134816429542636,0.3,-0.009969721539405,0,0,0.0689999982714653,0.1005,0.09576462198437932,m,Nathan,Nathan and bleaching 2016 COTS removal-317,"Cyclone Nathan, coral bleaching","Nathan and bleaching 2016 COTS removal-317 Nathan Cyclone Nathan, coral bleaching",0.48564340982446613,0.33607472912945724,0.2008308219735353,0.06749416409560212,joint_core_brt,leave_one_event_out,2016,0.418149245728864,0.418149245728864
ltmp,4175205,14-126,Linnet Reef (14-126),2016,Northern GBR,5,7.76,0,0.04596775366864915,6.20293776135495,5.099643707275391,0.15384615384615383,27.798770058382857,0.13553215481521,0.3,-0.00954728544354649,0,0,NA,0.1005,0.09576462198437932,m,Nathan,"0+ bleaching in sector.  Cyclone Ita April 2014, Cyclone Nathan March 2015, COTS removal in 2014 - 261","Cyclone Nathan, coral bleaching","0+ bleaching in sector.  Cyclone Ita April 2014, Cyclone Nathan March 2015, COTS removal in 2014 - 261 Nathan Cyclone Nathan, coral bleaching",0.25182298239511186,0.33396387427507457,0.1839735645873739,0.06144052439379505,joint_core_brt,leave_one_event_out,2016,0.1903824580013168,0.1903824580013168
ltmp,4173748,14-137,Carter Reef (14-137),2016,Northern GBR,3,11.32,0.25728508433988473,0.2529042297452632,6.20293776135495,5.419349670410156,0.13186813186813187,61.75564549314031,0,0.2,-0.04761904850602175,0,0,0,0,0,m,NA,"0+ survey severe bleaching in sector 2016 summer, also severe storm damage.  Cyclone Nathan March 2015, 2015/16 summer bleaching","coral bleaching, Cyclone Nathan","0+ survey severe bleaching in sector 2016 summer, also severe storm damage.  Cyclone Nathan March 2015, 2015/16 summer bleaching  coral bleaching, Cyclone Nathan",0.6596385918260654,0.8938120194167269,0.42927013593600344,0.38368680707625213,joint_core_brt,leave_one_event_out,2016,0.2759517847498133,0.2759517847498133
ltmp,4175974,14-138,Yonge Reef (14-138),2016,Northern GBR,1,11.49,0.23432375159355373,0.1814227608355879,6.20293776135495,5.419349670410156,0.13186813186813187,61.75564549314031,0,0.25,-0.02380952425301075,0,0,0,0,0,m,NA,"bleaching mortality, storm dmage.  intact dead colonies observed,Cyclone Nathan March 2015, 2015/16 summer bleaching","coral bleaching, Cyclone Nathan","bleaching mortality, storm dmage.  intact dead colonies observed,Cyclone Nathan March 2015, 2015/16 summer bleaching  coral bleaching, Cyclone Nathan",0.5962824992034219,0.935419916763753,0.4798620100780439,0.448872481525291,joint_core_brt,leave_one_event_out,2016,0.1474100176781309,0.1474100176781309
ltmp,4176756,15-099c,Agincourt Reefs (No 1) (15-099c),2016,Central GBR,1,6.890000000000001,0.30463843268583835,0.2600309172827717,6.1099236703209865,4.878602981567383,0.24175824175824176,53.443772818368494,0,0.35,0,0,0,0,0,0,b,NA,"bleaching mortality-decline in HC and SC.  2015/16 bleaching event, COTS removal dives- 0 COTS",coral bleaching,"bleaching mortality-decline in HC and SC.  2015/16 bleaching event, COTS removal dives- 0 COTS  coral bleaching",0.5324526227764816,0.6460215012491297,0.4065433667411698,0.26263575610500606,joint_core_brt,leave_one_event_out,2016,0.2698168666714756,0.2698168666714756
manta,4206433,15-099c,Agincourt Reefs (No 1) (15-099c),2016,Central GBR,1,6.890000000000001,0.30463843268583835,0.1830756463147309,6.1099236703209865,4.878602981567383,0.24175824175824176,53.443772818368494,0,0.35,0,0,0,0,0,0,b,NA,bleaching mortality-decline in HC and SC,coral bleaching,bleaching mortality-decline in HC and SC  coral bleaching,0.2721051385461741,0.6844386585343826,0.38515981421847717,0.2636182665650465,joint_core_brt,leave_one_event_out,2016,0.008486871981127575,0.008486871981127575
ltmp,4174491,16-015,Mackay Reef (16-015),2016,Central GBR,4,2.75,0.007594889016837175,0.14672829678633104,6.1099236703209865,4.878602981567383,0.24175824175824176,53.443772818368494,0.0476190485060215,0.5,0,0,0,0,0.1387,0.12988726083442226,NA,NA,NA,NA, ,0,0.07917768167536467,0.007471110313902886,5.915451941957365e-4,joint_core_brt,leave_one_event_out,2016,-5.915451941957365e-4,5.915451941957365e-4
manta,4206198,16-015,Mackay Reef (16-015),2016,Central GBR,4,2.75,0.007594889016837175,0.16947795941432048,6.1099236703209865,4.878602981567383,0.24175824175824176,53.443772818368494,0.0476190485060215,0.5,0,0,0,0,0.1387,0.12988726083442226,NA,NA,NA,NA, ,0,0.09647694769281055,0.03890754263002885,0.00375368095517309,joint_core_brt,leave_one_event_out,2016,-0.00375368095517309,0.00375368095517309
ltmp,4177626,16-019,St Crispin Reef (16-019),2016,Central GBR,4,5.82,0.26925833368007346,0.2076522350927435,6.1099236703209865,4.878602981567383,0.24175824175824176,53.443772818368494,0,0.1,-0.04879494663342685,0,0,0,0.0129,0.01281750371061443,b,NA,"bleaching mortality- HC and particularly SC.  2015/16 summer bleaching, COTS removal-69",coral bleaching,"bleaching mortality- HC and particularly SC.  2015/16 summer bleaching, COTS removal-69  coral bleaching",0.3254497884276005,0.6302245780193402,0.19362910574190437,0.12202982145845388,joint_core_brt,leave_one_event_out,2016,0.2034199669691466,0.2034199669691466
manta,4206495,16-019,St Crispin Reef (16-019),2016,Central GBR,4,5.82,0.26925833368007346,0.19884073261590862,6.1099236703209865,4.878602981567383,0.24175824175824176,53.443772818368494,0,0.1,-0.04879494663342685,0,0,0,0.0129,0.01281750371061443,b,NA,bleaching mortality- HC and particularly SC,coral bleaching,bleaching mortality- HC and particularly SC  coral bleaching,0.47023809222379687,0.6087500728845671,0.1584449693678769,0.09645338665088805,joint_core_brt,leave_one_event_out,2016,0.3737847055729088,0.3737847055729088
ltmp,3752921,16-025,Opal Reef (16-025),2016,Central GBR,5,5.82,0.24670223660435814,0.20039619151906032,6.0603948110951675,5.264625549316406,0.16483516483516483,77.0247173690324,0,0.25,-0.02272727340459825,0,0,0,0,0,b,NA,"bleaching mortality- HC and particularly SC, COTS removal-2188.  2015/16 summer bleaching, COTS removal-2188",coral bleaching,"bleaching mortality- HC and particularly SC, COTS removal-2188.  2015/16 summer bleaching, COTS removal-2188  coral bleaching",0.5820464815884053,0.6123486467142817,0.2646444086817532,0.16205464551677287,joint_core_brt,leave_one_event_out,2016,0.4199918360716325,0.4199918360716325
manta,4068506,16-025,Opal Reef (16-025),2016,Central GBR,5,5.82,0.24670223660435814,0.20866431477244923,6.0603948110951675,5.264625549316406,0.16483516483516483,77.0247173690324,0,0.25,-0.02272727340459825,0,0,0,0,0,b,NA,"bleaching mortality- HC and particularly SC, COTS removal-2188",coral bleaching,"bleaching mortality- HC and particularly SC, COTS removal-2188  coral bleaching",0.23403189881694922,0.621341991291655,0.23626618677466502,0.14680210296545645,joint_core_brt,leave_one_event_out,2016,0.08722979585149276,0.08722979585149276
ltmp,4170717,16-028,Low Islands Reef (16-028),2016,Central GBR,5,2.62,0,0.21446970125045456,6.289371580344124,2.3784172534942627,0.7472527472527473,26.65400763146825,0.26725938898273,0.8,0.0282247167032095,0,0,0,0.0032,0.00319489089651919,NA,NA,NA,NA, ,0,0.11533453664582985,0.05061325932521481,0.005837456812408877,joint_core_brt,leave_one_event_out,2016,-0.005837456812408877,0.005837456812408877
ltmp,3765535,16-049,Green Island Reef (16-049),2016,Central GBR,2,3.67,0.01851190292821619,0.055087663392395805,6.02899934386659,5.155791759490967,0.16483516483516483,38.476277836573935,0.0909856307411782,0,-0.0818736985424028,0,0,0.0384615398943424,0.1257,0.11840506437862126,NA,NA,NA,NA, ,0,0.09503344859852837,0.01089997491411002,0.0010358622057253233,joint_core_brt,leave_one_event_out,2016,-0.0010358622057253233,0.0010358622057253233
manta,4068398,16-049,Green Island Reef (16-049),2016,Central GBR,2,3.67,0.01851190292821619,0.08064207633580285,6.02899934386659,5.155791759490967,0.16483516483516483,38.476277836573935,0.0909856307411782,0,-0.0818736985424028,0,0,0.0384615398943424,0.1257,0.11840506437862126,NA,NA,NA,NA, ,0,0.09173501032269707,0.03715222175154577,0.003408159445889182,joint_core_brt,leave_one_event_out,2016,-0.003408159445889182,0.003408159445889182
ltmp,4230132,16-054a,Fitzroy Island Reef (No 1) (16-054a),2016,Central GBR,2,3.15,0.002966377970621445,0.16078631959119336,6.02899934386659,3.996285915374756,0.31868131868131866,26.584094214082956,0.318181812763196,0.1,-0.10353536903857996,0,0,NA,0.2136,0.19359114905218544,b,NA,NA,coral bleaching,  coral bleaching,0,0.11073516337886505,0.033880259458118504,0.00375173606641309,joint_core_brt,leave_one_event_out,2016,-0.00375173606641309,0.00375173606641309
ltmp,4179549,16-057,Hastings Reef (16-057),2016,Central GBR,2,5.29,0.26029668302176,0.32196728137842545,6.0603948110951675,5.30230188369751,0.16483516483516483,60.09013295337378,0,0.2,-0.04640744594075145,0,0,0,0.0903,0.08645288773019902,b,NA,"bleaching mortality- HC.  2015/16 summer bleaching, COTS removal-646",coral bleaching,"bleaching mortality- HC.  2015/16 summer bleaching, COTS removal-646  coral bleaching",0.19841124810294208,0.4417130494065607,0.1156029271025858,0.05106332145080751,joint_core_brt,leave_one_event_out,2016,0.1473479266521346,0.1473479266521346
manta,4206254,16-057,Hastings Reef (16-057),2016,Central GBR,2,5.29,0.26029668302176,0.21721298885573315,6.0603948110951675,5.30230188369751,0.16483516483516483,60.09013295337378,0,0.2,-0.04640744594075145,0,0,0,0.0903,0.08645288773019902,b,NA,bleaching mortality- HC,coral bleaching,bleaching mortality- HC  coral bleaching,0.18667456706796567,0.4150918368081911,0.12757378749049145,0.05295483777800593,joint_core_brt,leave_one_event_out,2016,0.13371972928995973,0.13371972928995973
ltmp,3755348,16-060,Michaelmas Reef (16-060),2016,Central GBR,1,4.62,0.4029285931619887,0.16759601919543551,6.0603948110951675,5.30230188369751,0.16483516483516483,60.09013295337378,0.0454545468091965,0.2,-0.00233318256034499,0,0,0.854750001306335,0.4508,0.3721151284266102,NA,NA,NA,NA, ,0,0.42247864930442014,0.13994484037385715,0.05912370713826985,joint_core_brt,leave_one_event_out,2016,-0.05912370713826985,0.05912370713826985
manta,4206526,16-060,Michaelmas Reef (16-060),2016,Central GBR,1,4.62,0.4029285931619887,0.12697280778440492,6.0603948110951675,5.30230188369751,0.16483516483516483,60.09013295337378,0.0454545468091965,0.2,-0.00233318256034499,0,0,0.854750001306335,0.4508,0.3721151284266102,NA,NA,NA,NA, ,0,0.33196816058678097,0.11055506659123683,0.03670076209984197,joint_core_brt,leave_one_event_out,2016,-0.03670076209984197,0.03670076209984197
ltmp,3798884,16-064,Arlington Reef (16-064),2016,Central GBR,2,4.3500000000000005,0.31928139334368155,0.24185495998819326,6.02899934386659,5.155791759490967,0.16483516483516483,38.476277836573935,0.0910260983020631,0.2,-0.0111469233041047,0,0,0.0945000015199184,0.1299,0.1221291332330635,m,NA,Aerial bl 2 2016,"coral bleaching, coral disease","Aerial bl 2 2016  coral bleaching, coral disease",0.15434554384697532,0.3892928201855019,0.10731209320561669,0.041775827404023955,joint_core_brt,leave_one_event_out,2016,0.11256971644295137,0.11256971644295137
manta,4067445,16-064,Arlington Reef (16-064),2016,Central GBR,2,4.3500000000000005,0.31928139334368155,0.15541956021217848,6.02899934386659,5.155791759490967,0.16483516483516483,38.476277836573935,0.0910260983020631,0.2,-0.0111469233041047,0,0,0.0945000015199184,0.1299,0.1221291332330635,m,NA,Aerial bl 2 2016,NA,Aerial bl 2 2016 ,0,0.3350501461585481,0.12325583638766277,0.041296885996580504,joint_core_brt,leave_one_event_out,2016,-0.041296885996580504,0.041296885996580504
manta,4068586,17-032,Wardle Reef (17-032),2016,Central GBR,2,4.25,0.37879380044863115,0.17153797099516707,6.312297951880096,5.081471920013428,0.08791208791208792,53.02430121520352,0,0.05,-0.046536797657609,0,0,0.068000003695488,0.2319,0.20855769298579135,b,NA,Bleaching,coral bleaching,Bleaching  coral bleaching,0.32461427064832626,0.1735125231450484,0.13296884878033788,0.023071760451568817,joint_core_brt,leave_one_event_out,2016,0.30154251019675743,0.30154251019675743
manta,4068675,17-034,Feather Reef (17-034),2016,Central GBR,4,2.3000000000000003,0.285024077948406,0.2126643633997911,6.312297951880096,5.081471920013428,0.08791208791208792,53.02430121520352,0,0.15,-0.04885885016085335,0,0,0,1.2844,0.8261034078085708,NA,NA,NA,NA, ,0,0.15286900595683947,0.08521429293754158,0.013026624254676909,joint_core_brt,leave_one_event_out,2016,-0.013026624254676909,0.013026624254676909
ltmp,4239591,18-032,Rib Reef (18-032),2016,Central GBR,3,2.5,0.5609927243975694,0.37563843830178556,5.974353856470223,5.211080551147461,0.07692307692307693,59.56981330964312,0,0.2,-0.046536797657609,0,0,0.14300000667572,0.1361,0.12760134459372177,m,NA,"tons of cots on sites, COTS removal.  AO in 2017, 2- bleaching but little mortality as yet, COTS removal-2563","crown-of-thorns starfish, coral bleaching","tons of cots on sites, COTS removal.  AO in 2017, 2- bleaching but little mortality as yet, COTS removal-2563  crown-of-thorns starfish, coral bleaching",0.22877522516888116,0.1750958624538068,0.08828211144000307,0.01545783244183042,joint_core_brt,leave_one_event_out,2016,0.21331739272705075,0.21331739272705075
ltmp,4236916,18-051,Pandora Reef (18-051),2016,Central GBR,3,4.05,0.02493403970316661,0.36825483678239607,5.974353856470223,4.269242763519287,0.17582417582417584,26.32349077361211,0.5667642931807,0.2,-0.099144788516762,0,0,NA,0.0035,0.00349388925425578,b,NA,NA,coral bleaching at 2.0 m only,  coral bleaching at 2.0 m only,0,0.2916519468255631,0.09151422528289575,0.026690301965989715,joint_core_brt,leave_one_event_out,2016,-0.026690301965989715,0.026690301965989715
ltmp,4225913,18-065,Havannah Reef (18-065),2016,Central GBR,3,3.33,0.2625659600620433,0.03393456231043068,5.974353856470223,4.269242763519287,0.17582417582417584,26.32349077361211,0.284519937729674,0.1,-0.12686790322518848,0,0,0,0.0029,0.00289580311202556,b,NA,NA,coral bleaching,  coral bleaching,0,0.13662152269680233,0.07253638593580541,0.009910031497472653,joint_core_brt,leave_one_event_out,2016,-0.009910031497472653,0.009910031497472653
manta,4067801,20-287,Credlin Reefs (East) (20-287),2016,Southern GBR,2,2.04,0.24773964736805465,0.22940510456842383,5.91385626410439,6.455109596252441,0.06593406593406594,107.88088100039306,0,0.5,0,0,0,0,1e-4,9.999500033330834e-5,NA,NA,NA,NA, ,0,0.3111497871230687,0.14902065093395087,0.046367743815039934,joint_core_brt,leave_one_event_out,2016,-0.046367743815039934,0.046367743815039934
ltmp,4238628,21-305,East Cay Reef (21-305),2016,Southern GBR,2,0,0.19337438692150824,0.23294246989646447,5.979312548097701,6.954811096191406,0.05494505494505494,222.5876216694933,0,0.45,0,0,0,0,0.0052,0.00518652668730006,NA,NA,NA,NA, ,0.017880106893164695,0.32933515903178634,0.07782662978450171,0.02563104549698683,joint_core_brt,leave_one_event_out,2016,-0.0077509386038221335,0.0077509386038221335
manta,4284385,21-305,East Cay Reef (21-305),2016,Southern GBR,2,0,0.19337438692150824,0.3060918340269151,5.979312548097701,6.954811096191406,0.05494505494505494,222.5876216694933,0,0.45,0,0,0,0,0.0052,0.00518652668730006,NA,NA,NA,NA, ,0,0.3739625285684685,0.12536327693577615,0.04688116803253202,joint_core_brt,leave_one_event_out,2016,-0.04688116803253202,0.04688116803253202
ltmp,4182007,22-104a,Horseshoe Reef (No 1) (22-104a),2016,Southern GBR,2,0.37,0.5659424850063148,0.49334200841516773,5.95478736158071,7.073855400085449,0.03296703296703297,198.3246302201427,0,0.45,0,0,0,NA,0.0319,0.0314017631395316,NA,NA,NA,NA, ,0,0.33765182621086803,0.10247024783648495,0.03459926631426939,joint_core_brt,leave_one_event_out,2016,-0.03459926631426939,0.03459926631426939
manta,3989236,22-104a,Horseshoe Reef (No 1) (22-104a),2016,Southern GBR,2,0.37,0.5659424850063148,0.22088426215079246,5.95478736158071,7.073855400085449,0.03296703296703297,198.3246302201427,0,0.45,0,0,0,NA,0.0319,0.0314017631395316,NA,NA,NA,NA, ,0,0.3268221474074609,0.13214825897406293,0.043188977774060514,joint_core_brt,leave_one_event_out,2016,-0.043188977774060514,0.043188977774060514
ltmp,4188176,23-048,Broomfield Reef (23-048),2016,Southern GBR,4,0,0.8031738872000156,0.5356541944938201,5.142892288269889,7.436925411224365,0.01098901098901099,94.55219552218418,0,0.15,-0.0454545468091965,0,0,0,0,0,NA,NA,NA,NA, ,0,0.17543318915404071,0.1190399293822689,0.02088355444820323,joint_core_brt,leave_one_event_out,2016,-0.02088355444820323,0.02088355444820323
manta,4284733,23-048,Broomfield Reef (23-048),2016,Southern GBR,4,0,0.8031738872000156,0.5049160684023974,5.142892288269889,7.436925411224365,0.01098901098901099,94.55219552218418,0,0.15,-0.0454545468091965,0,0,0,0,0,NA,NA,NA,NA, ,0.11482469677295597,0.1538652852992493,0.1335790007323118,0.020553171057665787,joint_core_brt,leave_one_event_out,2016,0.09427152571529018,0.09427152571529018
ltmp,4187216,23-082a,Lady Musgrave Reef (23-082a),2016,Southern GBR,5,0.44,0.9152466290843615,0.46693396595062486,5.275116205154123,7.433222770690918,0,75.2376810282473,0,0.3,0,0,0,0.0233333334326744,0.0513,0.05002749359964816,NA,NA,NA,NA, ,0,0.2629567945446447,0.13352105301073042,0.035110268103927256,joint_core_brt,leave_one_event_out,2016,-0.035110268103927256,0.035110268103927256
manta,4284768,23-082a,Lady Musgrave Reef (23-082a),2016,Southern GBR,5,0.44,0.9152466290843615,0.31878467976892266,5.275116205154123,7.433222770690918,0,75.2376810282473,0,0.3,0,0,0,0.0233333334326744,0.0513,0.05002749359964816,NA,NA,NA,NA, ,0,0.29938352800130424,0.18360030601185662,0.0549669073559487,joint_core_brt,leave_one_event_out,2016,-0.0549669073559487,0.0549669073559487
ltmp,4176755,15-099c,Agincourt Reefs (No 1) (15-099c),2017,Central GBR,1,8.16,0.33964521989442337,0.12157677337258557,6.159073713840757,5.352034568786621,0.2777777777777778,53.443772818368494,0,0.35,0,0,0,0,0,0,NA,NA,NA,NA, ,0,0.0665209351064952,0.12742246463638573,0.008476261501186695,joint_core_brt,leave_one_event_out,2017,-0.008476261501186695,0.008476261501186695
manta,4206432,15-099c,Agincourt Reefs (No 1) (15-099c),2017,Central GBR,1,8.16,0.33964521989442337,0.13325982220983068,6.159073713840757,5.352034568786621,0.2777777777777778,53.443772818368494,0,0.35,0,0,0,0,0,0,NA,NA,NA,NA, ,0,0.049373843612806806,0.18084998756486825,0.00892925900340586,joint_core_brt,leave_one_event_out,2017,-0.00892925900340586,0.00892925900340586
mmp,4160187,16-006,Snapper Reef (16-006),2017,Central GBR,5,11.65,0.17495639896008247,0.047228930232887045,6.327049808858002,3.01989483833313,0.6,26.688203488870816,0.652899274817911,0.1,-0.13693971724132004,0,0,NA,0.0304,0.02994707636795211,b,NA,NA,coral bleaching,  coral bleaching,0.3952502752197531,0.9044458871610811,0.5325280336599776,0.48164278984174447,joint_core_brt,leave_one_event_out,2017,-0.08639251462199138,0.08639251462199138
mmp,4160208,16-006,Snapper Reef (16-006),2017,Central GBR,5,11.65,0.17495639896008247,0.40471774967923596,6.327049808858002,3.01989483833313,0.6,26.688203488870816,0.652899274817911,0.1,-0.13693971724132004,0,0,NA,0.0304,0.02994707636795211,b,NA,NA,coral bleaching,  coral bleaching,0,0.9852033479711462,0.5684424123877236,0.5600313678131803,joint_core_brt,leave_one_event_out,2017,-0.5600313678131803,0.5600313678131803
mmp,4160229,16-006,Snapper Reef (16-006),2017,Central GBR,5,11.65,0.04961985378338604,0.21863086996518635,6.327049808858002,3.01989483833313,0.6,26.688203488870816,0.652899274817911,0.1,-0.13693971724132004,0,0,NA,0.0304,0.02994707636795211,b,NA,NA,coral bleaching,  coral bleaching,0.33227003419729356,0.9790943050659989,0.42099415618449787,0.41219298078630756,joint_core_brt,leave_one_event_out,2017,-0.079922946589014,0.079922946589014
mmp,4160250,16-006,Snapper Reef (16-006),2017,Central GBR,5,11.65,0.04961985378338604,0.4145597650008706,6.327049808858002,3.01989483833313,0.6,26.688203488870816,0.652899274817911,0.1,-0.13693971724132004,0,0,NA,0.0304,0.02994707636795211,b,NA,NA,coral bleaching,  coral bleaching,0,0.9879561322508731,0.4222024542015896,0.4171175036798288,joint_core_brt,leave_one_event_out,2017,-0.4171175036798288,0.4171175036798288
ltmp,4177625,16-019,St Crispin Reef (16-019),2017,Central GBR,4,8.58,0.31546161327500344,0.14007185911529177,6.159073713840757,5.352034568786621,0.2777777777777778,53.443772818368494,0,0.15,-0.0476190485060215,0,0,0,0.0105,0.01044525786153864,b,NA,"2016/17 summer bleaching DHW>8, COTS removal-166",coral bleaching,"2016/17 summer bleaching DHW>8, COTS removal-166  coral bleaching",0.07684952526787346,0.8557437673998037,0.12135641952514509,0.10384999964259876,joint_core_brt,leave_one_event_out,2017,-0.027000474374725303,0.027000474374725303
manta,4206494,16-019,St Crispin Reef (16-019),2017,Central GBR,4,8.58,0.31546161327500344,0.10533824585422165,6.159073713840757,5.352034568786621,0.2777777777777778,53.443772818368494,0,0.15,-0.0476190485060215,0,0,0,0.0105,0.01044525786153864,b,NA,NA,coral bleaching,  coral bleaching,0.08284410877342505,0.6846536624120122,0.1711491367674698,0.11717788330650257,joint_core_brt,leave_one_event_out,2017,-0.034333774533077524,0.034333774533077524
mmp,4162781,16-054a,Fitzroy Island Reef (No 1) (16-054a),2017,Central GBR,2,10.69,0.4098132345379781,0.27147524473670975,6.259010241497095,4.3865742683410645,0.3,26.584094214082956,0.190476194024088,0,-0.1944444477557835,0,0,0,0.0321,0.03159556158975056,b,NA,NA,coral bleaching,  coral bleaching,0.17401839167775307,0.9917689860968357,0.44330138393971297,0.43965256408521325,joint_core_brt,leave_one_event_out,2017,-0.2656341724074602,0.2656341724074602
mmp,4162802,16-054a,Fitzroy Island Reef (No 1) (16-054a),2017,Central GBR,2,10.69,0.11566196600972882,0.2119936492502237,6.259010241497095,4.3865742683410645,0.3,26.584094214082956,0.190476194024088,0,-0.1944444477557835,0,0,0,0.0321,0.03159556158975056,b,NA,NA,coral bleaching,  coral bleaching,0.20422237466329746,0.9853124143495127,0.3228918068198977,0.31814930575138983,joint_core_brt,leave_one_event_out,2017,-0.11392693108809238,0.11392693108809238
ltmp,4179548,16-057,Hastings Reef (16-057),2017,Central GBR,2,10.25,0.4708998808120515,0.2580853512318209,6.09639459836798,5.845160007476807,0.17777777777777778,60.09013295337378,0,0.25,-0.0236801725361532,0,0,0.0109999999403954,0.0134,0.01331101405967233,b,NA,"bleaching mortality- HC, COTS removal.  2016/17 summer bleaching, COTS removal 886",coral bleaching,"bleaching mortality- HC, COTS removal.  2016/17 summer bleaching, COTS removal 886  coral bleaching",0.6376638525378587,0.979052212770911,0.3199323862697108,0.3132305107144382,joint_core_brt,leave_one_event_out,2017,0.32443334182342054,0.32443334182342054
manta,4206253,16-057,Hastings Reef (16-057),2017,Central GBR,2,10.25,0.4708998808120515,0.1766648481995503,6.09639459836798,5.845160007476807,0.17777777777777778,60.09013295337378,0,0.25,-0.0236801725361532,0,0,0.0109999999403954,0.0134,0.01331101405967233,b,NA,"bleaching mortality- HC, COTS removal",coral bleaching,"bleaching mortality- HC, COTS removal  coral bleaching",0.4399686233158055,0.9728547502349459,0.36473307368036534,0.35483230329773596,joint_core_brt,leave_one_event_out,2017,0.08513632001806953,0.08513632001806953
ltmp,3798883,16-064,Arlington Reef (16-064),2017,Central GBR,2,10.9,0.3275485175616524,0.2045257246567271,6.259010241497095,5.695902347564697,0.2111111111111111,38.476277836573935,0.0454545468091965,0,-0.0567184747969713,0,0,0.017000000923872,0.0282,0.02780970063926723,b,NA,"2016/17 summer bleaching.  Decline in HC and SC coral cover, COTS removal-1411",coral bleaching,"2016/17 summer bleaching.  Decline in HC and SC coral cover, COTS removal-1411  coral bleaching",0.4694850180503441,0.9877903854896699,0.3588706671527784,0.354488994647778,joint_core_brt,leave_one_event_out,2017,0.1149960234025661,0.1149960234025661
manta,4067444,16-064,Arlington Reef (16-064),2017,Central GBR,2,10.9,0.3275485175616524,0.1565020120603447,6.259010241497095,5.695902347564697,0.2111111111111111,38.476277836573935,0.0454545468091965,0,-0.0567184747969713,0,0,0.017000000923872,0.0282,0.02780970063926723,b,NA,2016/17 summer bleaching,coral bleaching,2016/17 summer bleaching  coral bleaching,0.3929226571165776,0.9493076731955951,0.3236502505946737,0.307243666321201,joint_core_brt,leave_one_event_out,2017,0.08567899079537661,0.08567899079537661
ltmp,4178616,16-068,Thetford Reef (16-068),2017,Central GBR,5,10.88,0.47765189621620685,0.2917339849428202,6.259010241497095,5.770273685455322,0.17777777777777778,60.028158717834764,0,0.15,-0.0476190485060215,0,0,0,0.008,0.00796816964917687,b,NA,"declines in HC and SC .  2016/17 bleaching, COTS removal- 36",coral bleaching,"declines in HC and SC .  2016/17 bleaching, COTS removal- 36  coral bleaching",0.5781184508275599,0.9865944597122012,0.34478472623160084,0.3401627006934854,joint_core_brt,leave_one_event_out,2017,0.23795575013407444,0.23795575013407444
manta,4068557,16-068,Thetford Reef (16-068),2017,Central GBR,5,10.88,0.47765189621620685,0.19040058159135265,6.259010241497095,5.770273685455322,0.17777777777777778,60.028158717834764,0,0.15,-0.0476190485060215,0,0,0,0.008,0.00796816964917687,b,NA,declines in HC and SC,coral bleaching,declines in HC and SC  coral bleaching,0.29336986509802004,0.9840518845868371,0.31446591384806705,0.30945077516051234,joint_core_brt,leave_one_event_out,2017,-0.016080910062492293,0.016080910062492293
mmp,4164853,17-009a,Tobias Spit (17-009a),2017,Central GBR,3,11.03,0.38463526379483487,0.5399270081243648,6.238152624771101,2.6283581256866455,0.6111111111111112,26.548377985167942,0.512730344164854,0.2,-0.13782134585691508,0,0,NA,0.1661,0.1536648475441501,m | b,NA,NA,"coral bleaching at 2.0 m only, crown-of-thorns starfish at 5.0 m only | coral bleaching","  coral bleaching at 2.0 m only, crown-of-thorns starfish at 5.0 m only | coral bleaching",0.2342679928412739,0.9932812018779466,0.4695043537012591,0.46634984873131513,joint_core_brt,leave_one_event_out,2017,-0.23208185589004124,0.23208185589004124
mmp,4164870,17-009a,Tobias Spit (17-009a),2017,Central GBR,3,11.03,0.38463526379483487,0.5721893668549218,6.238152624771101,2.6283581256866455,0.6111111111111112,26.548377985167942,0.512730344164854,0.2,-0.13782134585691508,0,0,NA,0.1661,0.1536648475441501,m | b,NA,NA,"coral bleaching at 2.0 m only, crown-of-thorns starfish at 5.0 m only | coral bleaching","  coral bleaching at 2.0 m only, crown-of-thorns starfish at 5.0 m only | coral bleaching",0.14872477184050006,0.9932812018779466,0.47443034127620937,0.4712427395901976,joint_core_brt,leave_one_event_out,2017,-0.32251796774969754,0.32251796774969754
mmp,4164890,17-009a,Tobias Spit (17-009a),2017,Central GBR,3,11.03,0.21358410651197757,0.44233513933210683,6.238152624771101,2.6283581256866455,0.6111111111111112,26.548377985167942,0.512730344164854,0.2,-0.13782134585691508,0,0,NA,0.1661,0.1536648475441501,m | b,NA,NA,"coral bleaching at 2.0 m only, crown-of-thorns starfish at 5.0 m only | coral bleaching","  coral bleaching at 2.0 m only, crown-of-thorns starfish at 5.0 m only | coral bleaching",0.056060783218231644,0.9930739716042734,0.3344676273669794,0.3321510950823844,joint_core_brt,leave_one_event_out,2017,-0.2760903118641527,0.2760903118641527
mmp,4164907,17-009a,Tobias Spit (17-009a),2017,Central GBR,3,11.03,0.21358410651197757,0.3006263322517232,6.238152624771101,2.6283581256866455,0.6111111111111112,26.548377985167942,0.512730344164854,0.2,-0.13782134585691508,0,0,NA,0.1661,0.1536648475441501,m | b,NA,NA,"coral bleaching at 2.0 m only, crown-of-thorns starfish at 5.0 m only | coral bleaching","  coral bleaching at 2.0 m only, crown-of-thorns starfish at 5.0 m only | coral bleaching",0.2341486231112693,0.9891918235448995,0.3312821334552732,0.32770157770046643,joint_core_brt,leave_one_event_out,2017,-0.09355295458919713,0.09355295458919713
mmp,4157871,17-012,Normanby-Mabel Reef (17-012),2017,Central GBR,2,10.66,0.2829521385180658,0.4412817572288615,6.238152624771101,2.6283581256866455,0.6111111111111112,26.548377985167942,0.301214030998224,0.3,-0.04255128123817098,0,0,0,0.0138,0.01370564705611193,m,NA,cots and bleaching,"coral bleaching, crown-of-thorns starfish at 5.0 m only | crown-of-thorns starfish at 2.0 m only, coral bleaching","cots and bleaching  coral bleaching, crown-of-thorns starfish at 5.0 m only | crown-of-thorns starfish at 2.0 m only, coral bleaching",0.2364956261642967,0.9902318993666364,0.2874510779425007,0.2846432268859895,joint_core_brt,leave_one_event_out,2017,-0.048147600721692774,0.048147600721692774
mmp,4157907,17-012,Normanby-Mabel Reef (17-012),2017,Central GBR,2,10.66,0.2829521385180658,0.33144199224306853,6.238152624771101,2.6283581256866455,0.6111111111111112,26.548377985167942,0.301214030998224,0.3,-0.04255128123817098,0,0,0,0.0138,0.01370564705611193,m,NA,cots and bleaching,"coral bleaching, crown-of-thorns starfish at 5.0 m only | crown-of-thorns starfish at 2.0 m only, coral bleaching","cots and bleaching  coral bleaching, crown-of-thorns starfish at 5.0 m only | crown-of-thorns starfish at 2.0 m only, coral bleaching",0.060872208072299996,0.9860721573769959,0.3722443556856941,0.3670597948824022,joint_core_brt,leave_one_event_out,2017,-0.3061875868101022,0.3061875868101022
mmp,4157887,17-013,Round-Russell Reef (17-013),2017,Central GBR,3,10.66,0.28173456508000466,0.6560203361195885,6.238152624771101,2.6283581256866455,0.6111111111111112,26.548377985167942,0.260188090261714,0.3,-0.02457591986345347,0,0,0,0.0138,0.01370564705611193,m,NA,cots and bleaching,"coral bleaching, crown-of-thorns starfish at 5.0 m only | crown-of-thorns starfish at 2.0 m only, coral bleaching","cots and bleaching  coral bleaching, crown-of-thorns starfish at 5.0 m only | crown-of-thorns starfish at 2.0 m only, coral bleaching",0.18580387067146528,0.9910902415187062,0.3296215620127737,0.3266847135050131,joint_core_brt,leave_one_event_out,2017,-0.14088084283354782,0.14088084283354782
mmp,4157923,17-013,Round-Russell Reef (17-013),2017,Central GBR,3,10.66,0.28173456508000466,0.44030650663978976,6.238152624771101,2.6283581256866455,0.6111111111111112,26.548377985167942,0.260188090261714,0.3,-0.02457591986345347,0,0,0,0.0138,0.01370564705611193,m,NA,cots and bleaching,"coral bleaching, crown-of-thorns starfish at 5.0 m only | crown-of-thorns starfish at 2.0 m only, coral bleaching","cots and bleaching  coral bleaching, crown-of-thorns starfish at 5.0 m only | crown-of-thorns starfish at 2.0 m only, coral bleaching",0.14352290229950315,0.9900670219458398,0.38471110697874383,0.3808897799959323,joint_core_brt,leave_one_event_out,2017,-0.23736687769642917,0.23736687769642917
manta,4068674,17-034,Feather Reef (17-034),2017,Central GBR,4,8.91,0.285024077948406,0.21829571306814705,6.255279936405847,5.47302770614624,0.14444444444444443,53.02430121520352,0.0454545468091965,0.45,-0.00232205250324435,0,0,0.0199999995529652,2.4159,1.2284410014931475,b,NA,2015/16 and 2016/17 summer Bleaching,coral bleaching,2015/16 and 2016/17 summer Bleaching  coral bleaching,0.5084959955779488,0.965320919623059,0.3808151155305265,0.3676087975302893,joint_core_brt,leave_one_event_out,2017,0.14088719804765948,0.14088719804765948
mmp,4147249,17-043a,Jessie-Kent Reef (17-043a),2017,Central GBR,4,8.870000000000001,0.6123292334598036,0.24435411713750113,6.07205267374614,4.568530082702637,0.24444444444444444,26.47542988685171,0.819091872055903,0.6,0.02447074017358741,0,0,NA,0.5271,0.4233705119769988,b,NA,NA,coral bleaching at 2.0 m only,  coral bleaching at 2.0 m only,0,0.9735793625383183,0.4245277928996084,0.413311497991,joint_core_brt,leave_one_event_out,2017,-0.413311497991,0.413311497991
mmp,4147265,17-043a,Jessie-Kent Reef (17-043a),2017,Central GBR,4,8.870000000000001,0.30633908937272974,0.263924909161469,6.07205267374614,4.568530082702637,0.24444444444444444,26.47542988685171,0.819091872055903,0.6,0.02447074017358741,0,0,NA,0.5271,0.4233705119769988,b,NA,NA,coral bleaching at 2.0 m only,  coral bleaching at 2.0 m only,0,0.9600454527604391,0.3229555130667163,0.3100519717636156,joint_core_brt,leave_one_event_out,2017,-0.3100519717636156,0.3100519717636156
mmp,4167071,17-053,Stingaree Reefs (17-053),2017,Central GBR,1,7.390000000000001,0.3980572350256958,0.1615011383178154,5.868671500575848,4.2484354972839355,0.2777777777777778,26.438199406294544,0.954545438289629,0.3,-0.03041230400185246,0,0,NA,0.7285,0.5472539803795422,b,NA,NA,coral bleaching,  coral bleaching,0.30941820249721835,0.7528064918972928,0.5043840400620683,0.3797035797681092,joint_core_brt,leave_one_event_out,2017,-0.07028537727089085,0.07028537727089085
mmp,4167088,17-053,Stingaree Reefs (17-053),2017,Central GBR,1,7.390000000000001,0.10595285380210603,0.32170549848754404,5.868671500575848,4.2484354972839355,0.2777777777777778,26.438199406294544,0.954545438289629,0.3,-0.03041230400185246,0,0,NA,0.7285,0.5472539803795422,b,NA,NA,coral bleaching,  coral bleaching,0,0.9210133053275138,0.33575930292833356,0.30923878538448646,joint_core_brt,leave_one_event_out,2017,-0.30923878538448646,0.30923878538448646
mmp,4167104,17-053,Stingaree Reefs (17-053),2017,Central GBR,1,7.390000000000001,0.3980572350256958,0.1581818364982012,5.868671500575848,4.2484354972839355,0.2777777777777778,26.438199406294544,0.954545438289629,0.3,-0.03041230400185246,0,0,NA,0.7285,0.5472539803795422,b,NA,NA,coral bleaching,  coral bleaching,0,0.7528064918972928,0.5043840400620683,0.3797035797681092,joint_core_brt,leave_one_event_out,2017,-0.3797035797681092,0.3797035797681092
mmp,4167123,17-053,Stingaree Reefs (17-053),2017,Central GBR,1,7.390000000000001,0.10595285380210603,0.16410078242741521,5.868671500575848,4.2484354972839355,0.2777777777777778,26.438199406294544,0.954545438289629,0.3,-0.03041230400185246,0,0,NA,0.7285,0.5472539803795422,b,NA,NA,coral bleaching,  coral bleaching,0.05936106493632762,0.7963409576879774,0.3562773869397214,0.2837182755181478,joint_core_brt,leave_one_event_out,2017,-0.2243572105818202,0.2243572105818202
mmp,4142987,18-001,Richards (Bedarra) Reef (18-001),2017,Central GBR,5,7.35,0.14811911159487465,0.09857322982645339,5.868671500575848,4.2484354972839355,0.2777777777777778,26.438199406294544,0.902968042313206,0.4,-0.00633933216516746,0,0,NA,0.7285,0.5472539803795422,b,NA,NA,coral bleaching,  coral bleaching,0.2223209532216766,0.682651433932512,0.4580631933203185,0.3126974957518209,joint_core_brt,leave_one_event_out,2017,-0.09037654253014427,0.09037654253014427
mmp,4142998,18-001,Richards (Bedarra) Reef (18-001),2017,Central GBR,5,7.35,0.012800228922673492,0.1621640060354707,5.868671500575848,4.2484354972839355,0.2777777777777778,26.438199406294544,0.902968042313206,0.4,-0.00633933216516746,0,0,NA,0.7285,0.5472539803795422,b,NA,NA,coral bleaching,  coral bleaching,0.026154636274166313,0.7557840368876088,0.2552317414022613,0.19290007585885527,joint_core_brt,leave_one_event_out,2017,-0.16674543958468896,0.16674543958468896
ltmp,4226575,18-030,Kelso Reef (18-030),2017,Central GBR,5,7.640000000000001,0.32645971409517166,0.15543433398559273,5.972340602952214,5.817775249481201,0.07777777777777778,83.77527323363911,0,0.25,-0.02272727340459825,0,0,0,0.4772,0.3901484039962711,b,NA,"DHW 2107, plus COTS removal -246",coral bleaching,"DHW 2107, plus COTS removal -246  coral bleaching",0.15355750766823173,0.698020631596748,0.3486839411199152,0.2433885848081665,joint_core_brt,leave_one_event_out,2017,-0.08983107713993477,0.08983107713993477
manta,4066156,18-030,Kelso Reef (18-030),2017,Central GBR,5,7.640000000000001,0.32645971409517166,0.21635310194371357,5.972340602952214,5.817775249481201,0.07777777777777778,83.77527323363911,0,0.25,-0.02272727340459825,0,0,0,0.4772,0.3901484039962711,b,NA,"DHW 2107, plus COTS removal -246",NA,"DHW 2107, plus COTS removal -246 ",0.121336557134839,0.8582820079326156,0.3254038663992435,0.2792882838421793,joint_core_brt,leave_one_event_out,2017,-0.1579517267073403,0.1579517267073403
ltmp,3811256,18-031,Little Kelso Reef (18-031),2017,Central GBR,1,7.19,0.6162764684729607,0.358051089677609,5.972340602952214,5.817775249481201,0.07777777777777778,83.77527323363911,0,0.3,0,0,0,0.111000001430511,0.4358,0.3617221851602456,m,NA,COTS and Bleaching,NA,COTS and Bleaching ,0,0.8730629128561982,0.3149190763064031,0.27494416607405164,joint_core_brt,leave_one_event_out,2017,-0.27494416607405164,0.27494416607405164
manta,4067875,18-031,Little Kelso Reef (18-031),2017,Central GBR,1,7.19,0.6162764684729607,0.3726895586718373,5.972340602952214,5.817775249481201,0.07777777777777778,83.77527323363911,0,0.3,0,0,0,0.111000001430511,0.4358,0.3617221851602456,m,NA,COTS and Bleaching,"coral bleaching, crown-of-thorns starfish","COTS and Bleaching  coral bleaching, crown-of-thorns starfish",0.346676653585304,0.8387853967533865,0.29726810317988756,0.2493441438678686,joint_core_brt,leave_one_event_out,2017,0.09733250971743537,0.09733250971743537
manta,4066272,18-039,Dip Reef (18-039),2017,Central GBR,1,6.66,0.19037582525495417,0.14114263420786854,5.677256275436271,6.065413951873779,0.13333333333333333,111.1950802335326,0,0.35,0,0,0,0,0,0,NA,NA,NA,NA, ,0,0.07323800403477193,0.10523613535047022,0.007707284505401543,joint_core_brt,leave_one_event_out,2017,-0.007707284505401543,0.007707284505401543
ltmp,3812066,18-042,Roxburgh Reef (18-042),2017,Central GBR,5,7.54,0.30938565183178807,0.18614242288823804,5.972340602952214,5.817775249481201,0.07777777777777778,83.77527323363911,0,0.3,0,0,0,NA,0.491,0.3994470357826014,b,NA,"mortality on sites, but not manta tow for 2016/17 bleaching event.  low disease and Drupella on transects, 8% decline HCC",coral bleaching,"mortality on sites, but not manta tow for 2016/17 bleaching event.  low disease and Drupella on transects, 8% decline HCC  coral bleaching",0.44260099402814246,0.9068357253478259,0.20356391158386383,0.18459902741579384,joint_core_brt,leave_one_event_out,2017,0.25800196661234864,0.25800196661234864
manta,4066197,18-042,Roxburgh Reef (18-042),2017,Central GBR,5,7.54,0.30938565183178807,0.17520269968094304,5.972340602952214,5.817775249481201,0.07777777777777778,83.77527323363911,0,0.3,0,0,0,NA,0.491,0.3994470357826014,b,NA,"mortality on sites, but not manta tow for 2016/17 bleaching event.  low disease and Drupella on transects, 8% decline HCC",NA,"mortality on sites, but not manta tow for 2016/17 bleaching event.  low disease and Drupella on transects, 8% decline HCC ",0,0.8802505719816636,0.27795605027752146,0.2446709722425523,joint_core_brt,leave_one_event_out,2017,-0.2446709722425523,0.2446709722425523
ltmp,3813236,18-043,Fore And Aft Reef (18-043),2017,Central GBR,1,6.88,0.5635922377591336,0.20445900406927717,5.972340602952214,5.817775249481201,0.07777777777777778,83.77527323363911,0,0.2,-0.046536797657609,0,0,0,0.1789,0.16458180031594472,NA,NA,NA,NA, ,0,0.8407532604847909,0.35728301241731963,0.3003868576056895,joint_core_brt,leave_one_event_out,2017,-0.3003868576056895,0.3003868576056895
manta,4066100,18-043,Fore And Aft Reef (18-043),2017,Central GBR,1,6.88,0.5635922377591336,0.230351186630944,5.972340602952214,5.817775249481201,0.07777777777777778,83.77527323363911,0,0.2,-0.046536797657609,0,0,0,0.1789,0.16458180031594472,NA,NA,NA,NA, ,0.02873245018644187,0.8490248359067694,0.31759445298434574,0.2696455783299343,joint_core_brt,leave_one_event_out,2017,-0.24091312814349242,0.24091312814349242
mmp,4152963,18-048,Pelorus (North Palm or Yanooa) Reef (18-048),2017,Central GBR,2,9.28,0.2722359681498151,0.1253635241654848,5.972340602952214,4.693150997161865,0.24444444444444444,38.297776879451746,0.377574009518623,0.5,-0.02259490085225746,0,0,NA,2.1855,1.158609262574406,b,NA,NA,coral bleaching,  coral bleaching,0.08530908515297586,0.819375200565833,0.28320090984243945,0.2320478023025752,joint_core_brt,leave_one_event_out,2017,-0.14673871714959935,0.14673871714959935
mmp,4152984,18-048,Pelorus (North Palm or Yanooa) Reef (18-048),2017,Central GBR,2,9.28,0.3391623288471572,0.09690920495415663,5.972340602952214,4.693150997161865,0.24444444444444444,38.297776879451746,0.377574009518623,0.5,-0.02259490085225746,0,0,NA,2.1855,1.158609262574406,b,NA,NA,coral bleaching,  coral bleaching,0.2460548840663221,0.7936450092775794,0.38114332974835696,0.3024925014742223,joint_core_brt,leave_one_event_out,2017,-0.05643761740790021,0.05643761740790021
mmp,4141824,18-051,Pandora Reef (18-051),2017,Central GBR,3,8.52,0.20504747335954862,0.05211422467090453,5.972340602952214,4.628453731536865,0.24444444444444444,26.32349077361211,0.454661685700914,0.1,-0.211247395996548,0,0,NA,0.6292,0.4880890967921204,b,NA,NA,coral bleaching at 2.0 m only,  coral bleaching at 2.0 m only,0.0829244067853294,0.7547910575870137,0.3757676001809561,0.283626024347518,joint_core_brt,leave_one_event_out,2017,-0.20070161756218857,0.20070161756218857
mmp,4141843,18-051,Pandora Reef (18-051),2017,Central GBR,3,8.52,0.21758353606981254,0.06144581122357401,5.972340602952214,4.628453731536865,0.24444444444444444,26.32349077361211,0.454661685700914,0.1,-0.211247395996548,0,0,NA,0.6292,0.4880890967921204,b,NA,NA,coral bleaching at 2.0 m only,  coral bleaching at 2.0 m only,0,0.7591553286584857,0.26703023462082515,0.20271742552532504,joint_core_brt,leave_one_event_out,2017,-0.20271742552532504,0.20271742552532504
mmp,4148243,18-065,Havannah Reef (18-065),2017,Central GBR,3,8.71,0.6548636804308268,0.5185990433552993,5.972340602952214,4.628453731536865,0.24444444444444444,26.32349077361211,0.238405357804639,0,-0.17298248315022346,0,0,0,0.4806,0.3924474110268609,b,NA,NA,coral bleaching,  coral bleaching,0.32043253344777983,0.9787174410001035,0.39891016159786447,0.3904203325479997,joint_core_brt,leave_one_event_out,2017,-0.06998779910021985,0.06998779910021985
mmp,4148260,18-065,Havannah Reef (18-065),2017,Central GBR,3,8.71,0.18123236954502706,0.2709958441276174,5.972340602952214,4.628453731536865,0.24444444444444444,26.32349077361211,0.238405357804639,0,-0.17298248315022346,0,0,0,0.4806,0.3924474110268609,b,NA,NA,coral bleaching,  coral bleaching,0.030102304650025995,0.9807589363641124,0.2603616619423611,0.2553520266365827,joint_core_brt,leave_one_event_out,2017,-0.22524972198655668,0.22524972198655668
manta,4068102,18-075,John Brewer Reef (18-075),2017,Central GBR,2,5.7,0.6169401021213651,0.4249001973451589,5.220788843791733,5.7582221031188965,0.08888888888888889,61.49749903428462,0,0.3,0,0,0,0.00466666681071122,0.1601,0.14850620829922404,b,NA,"2- bl no mortality, 2016/17 summer bleaching",coral bleaching,"2- bl no mortality, 2016/17 summer bleaching  coral bleaching",0.11063279811203668,0.7624382023249306,0.2081366570358743,0.15869133862835264,joint_core_brt,leave_one_event_out,2017,-0.04805854051631596,0.04805854051631596
ltmp,4222721,18-076,Helix Reef (18-076),2017,Central GBR,4,5.41,0.35606096891631683,0.2756831061497576,5.220788843791733,5.942901611328125,0.08888888888888889,98.60262415600752,0,0.35,0,0,0,NA,0.2248,0.20277756536133695,NA,NA,NA,NA, ,0,0.877507723341375,0.1899196481956665,0.1666559581059742,joint_core_brt,leave_one_event_out,2017,-0.1666559581059742,0.1666559581059742
manta,4067890,18-076,Helix Reef (18-076),2017,Central GBR,4,5.41,0.35606096891631683,0.23344874747387875,5.220788843791733,5.942901611328125,0.08888888888888889,98.60262415600752,0,0.35,0,0,0,NA,0.2248,0.20277756536133695,NA,NA,NA,NA, ,0,0.874223343261034,0.23562497899256818,0.20598885689069385,joint_core_brt,leave_one_event_out,2017,-0.20598885689069385,0.20598885689069385
ltmp,3812988,18-077,Grub Reef (18-077),2017,Central GBR,3,5.55,0.10423713822508127,0.11562180656137903,5.677256275436271,6.137823581695557,0.1111111111111111,83.39631017514948,0,0.35,0,0,0,NA,0.2036,0.18531706577375312,b,NA,DHW 2017>4,coral bleaching,DHW 2017>4  coral bleaching,0.3475145422795302,0.22601579722955678,0.09357343690199883,0.021149074940914895,joint_core_brt,leave_one_event_out,2017,0.3263654673386153,0.3263654673386153
manta,4067827,18-077,Grub Reef (18-077),2017,Central GBR,3,5.55,0.10423713822508127,0.11433977334345008,5.677256275436271,6.137823581695557,0.1111111111111111,83.39631017514948,0,0.35,0,0,0,NA,0.2036,0.18531706577375312,b,NA,DHW 2017>4,NA,DHW 2017>4 ,0.14542755913695127,0.20654279486862853,0.14056536469165318,0.029032763285142083,joint_core_brt,leave_one_event_out,2017,0.11639479585180919,0.11639479585180919
ltmp,4226935,18-081,Knife Reef (18-081),2017,Central GBR,2,6.15,0.2181815427100384,0.2277634256800129,5.677256275436271,6.065413951873779,0.13333333333333333,111.1950802335326,0,0.35,0,0,0,0,0.0094,0.0093560949240249491,b,NA,no decline HCC. Decline in manta coral cover.,NA,no decline HCC. Decline in manta coral cover. ,0,0.22368598132016296,0.16662710698628183,0.037272147940766234,joint_core_brt,leave_one_event_out,2017,-0.037272147940766234,0.037272147940766234
manta,4067998,18-081,Knife Reef (18-081),2017,Central GBR,2,6.15,0.2181815427100384,0.224028171622315,5.677256275436271,6.065413951873779,0.13333333333333333,111.1950802335326,0,0.35,0,0,0,0,0.0094,0.0093560949240249491,b,NA,no decline HCC. Decline in manta coral cover.,coral bleaching,no decline HCC. Decline in manta coral cover.  coral bleaching,0.2602657014601872,0.204360709920567,0.2081199610030642,0.04253154297922692,joint_core_brt,leave_one_event_out,2017,0.21773415848096025,0.21773415848096025
ltmp,3810820,18-083,Fork Reef (18-083),2017,Central GBR,4,5.33,0.2722404866908392,0.1688140078402965,5.677256275436271,6.065413951873779,0.13333333333333333,111.1950802335326,0,0.35,0,0,0,0,0.0094,0.0093560949240249491,NA,NA,NA,NA, ,0,0.23729468045240534,0.13216373780510288,0.03136175192985737,joint_core_brt,leave_one_event_out,2017,-0.03136175192985737,0.03136175192985737
manta,4067855,18-083,Fork Reef (18-083),2017,Central GBR,4,5.33,0.2722404866908392,0.2070190525662133,5.677256275436271,6.065413951873779,0.13333333333333333,111.1950802335326,0,0.35,0,0,0,0,0.0094,0.0093560949240249491,NA,NA,NA,NA, ,0,0.272584075265112,0.1657826760246483,0.04518971743915442,joint_core_brt,leave_one_event_out,2017,-0.04518971743915442,0.04518971743915442
ltmp,4237697,18-086,Chicken Reef (18-086),2017,Central GBR,4,5.89,0.3336892536023213,0.2499903806010868,5.677256275436271,6.20585823059082,0.12222222222222222,87.43427334613949,0,0.35,0,0,0,0,0.043,0.04210117601863539,NA,NA,NA,NA, ,0,0.3324546603614256,0.12037195029521448,0.040018215852437936,joint_core_brt,leave_one_event_out,2017,-0.040018215852437936,0.040018215852437936
ltmp,4237698,18-086,Chicken Reef (18-086),2017,Central GBR,4,5.89,0.31596412610620755,0.21394013394552375,5.677256275436271,6.20585823059082,0.12222222222222222,87.43427334613949,0,0.35,0,0,0,0,0.043,0.04210117601863539,NA,NA,NA,NA, ,0,0.23809305571757128,0.14150299109497944,0.03369087954297993,joint_core_brt,leave_one_event_out,2017,-0.03369087954297993,0.03369087954297993
manta,4066793,18-086,Chicken Reef (18-086),2017,Central GBR,4,5.89,0.3336892536023213,0.16880667711976172,5.677256275436271,6.20585823059082,0.12222222222222222,87.43427334613949,0,0.35,0,0,0,0,0.043,0.04210117601863539,NA,NA,NA,NA, ,0,0.16117953329839632,0.18732675207053465,0.030193238473033172,joint_core_brt,leave_one_event_out,2017,-0.030193238473033172,0.030193238473033172
manta,4066794,18-086,Chicken Reef (18-086),2017,Central GBR,4,5.89,0.31596412610620755,0.14989959559018423,5.677256275436271,6.20585823059082,0.12222222222222222,87.43427334613949,0,0.35,0,0,0,0,0.043,0.04210117601863539,NA,NA,NA,NA, ,0,0.08855096573077077,0.16342628972911444,0.014471555781309828,joint_core_brt,leave_one_event_out,2017,-0.014471555781309828,0.014471555781309828
manta,4068082,18-088,Centipede Reef (18-088),2017,Central GBR,3,4.68,0.3045985392435687,0.14681892757933923,5.677256275436271,6.137823581695557,0.1111111111111111,83.39631017514948,0,0.4,0,0,0,0,0.0389,0.03816246109434891,b,NA,NA,coral bleaching,  coral bleaching,0.1695806656485022,0.048959410607895194,0.14779269412722226,0.007235843196621736,joint_core_brt,leave_one_event_out,2017,0.16234482245188045,0.16234482245188045
mmp,4150480,19-009c,Magnetic Island Reef (No 2) (19-009c),2017,Central GBR,1,7.8,0.08711752721169709,0.1751490785134867,5.220788843791733,2.835153102874756,0.5666666666666667,0,1,0.6,0,0,0,NA,0.9216,0.653158172343582,b,NA,NA,coral bleaching at 2.0 m only,  coral bleaching at 2.0 m only,0.14609663248938115,0.6479251629186271,0.27346419460101,0.17718433283927057,joint_core_brt,leave_one_event_out,2017,-0.03108770034988942,0.03108770034988942
mmp,4150500,19-009c,Magnetic Island Reef (No 2) (19-009c),2017,Central GBR,1,7.8,0.06612993006282528,0.24665436623366155,5.220788843791733,2.835153102874756,0.5666666666666667,0,1,0.6,0,0,0,NA,0.9216,0.653158172343582,b,NA,NA,coral bleaching at 2.0 m only,  coral bleaching at 2.0 m only,0,0.7220118375682915,0.05622270150021925,0.04059345602322684,joint_core_brt,leave_one_event_out,2017,-0.04059345602322684,0.04059345602322684
ltmp,4223970,21-025,Penrith Reef (21-025),2017,Southern GBR,2,4.87,0.24561559429316782,0.3001225609922936,6.5849014619465205,7.143623352050781,0.05555555555555555,95.56334639855292,0,0.35,0,34.8499670985627,3.5793426492924243,NA,0,0,m,NA,Aerial bl 4 2017,"coral bleaching, unknown storm","Aerial bl 4 2017  coral bleaching, unknown storm",0.7334236587648599,0.38445497825540453,0.08425352580358543,0.032391687430758605,joint_core_brt,leave_one_event_out,2017,0.7010319713341013,0.7010319713341013
manta,4066640,21-187,U/N Reef (21-187),2017,Southern GBR,5,2.35,0.2782784578843715,0.25324235154721186,6.337667452653756,7.036470413208008,0.07777777777777778,153.59663174270304,0,0.5,0,0,0,NA,0,0,NA,NA,NA,NA, ,0,0.15248843641730328,0.23184758013449652,0.0353540749818448,joint_core_brt,leave_one_event_out,2017,-0.0353540749818448,0.0353540749818448
ltmp,4238627,21-305,East Cay Reef (21-305),2017,Southern GBR,2,1.79,0.190808215277117,0.2287774336347579,6.337667452653756,6.9699530601501465,0.08888888888888889,222.5876216694933,0,0.45,0,0,0,0,0.1442,0.13470570285229133,NA,NA,NA,NA, ,0.09382327022529612,0.18588676053904196,0.1256801830815585,0.02336228209698462,joint_core_brt,leave_one_event_out,2017,0.0704609881283115,0.0704609881283115
manta,4284384,21-305,East Cay Reef (21-305),2017,Southern GBR,2,1.79,0.190808215277117,0.3237029370129119,6.337667452653756,6.9699530601501465,0.08888888888888889,222.5876216694933,0,0.45,0,0,0,0,0.1442,0.13470570285229133,NA,NA,NA,NA, ,0.11224469760741697,0.18478847221658923,0.1561060850063178,0.028846604952030477,joint_core_brt,leave_one_event_out,2017,0.08339809265538649,0.08339809265538649
manta,4284569,21-550,U/N Reef (21-550),2017,Southern GBR,1,2.7,0.7086998755595163,0.3385367352993209,6.111979050425452,7.059453010559082,0.08888888888888889,175.33603223489754,0,0.45,0,0,0,NA,0.8779,0.6301541312320236,NA,NA,NA,NA, ,0,0.2082403074067378,0.2160805199114803,0.044996673890974385,joint_core_brt,leave_one_event_out,2017,-0.044996673890974385,0.044996673890974385
manta,4284480,22-084,U/N Reef (22-084),2017,Southern GBR,2,1.11,0.6560201134246852,0.35839515068132244,6.111979050425452,7.009650230407715,0.08888888888888889,198.3246302201427,0,0.45,0,0,0,NA,0.2325,0.20904462693470813,NA,NA,NA,NA, ,0,0.19602484785788013,0.17949770093970238,0.03518600951754443,joint_core_brt,leave_one_event_out,2017,-0.03518600951754443,0.03518600951754443
mmp,4155460,23-016,Humpy (Bur-ye-Bur-ye) Reef (23-016),2017,Southern GBR,3,4.4,0.8221509950951245,0.10839078971275963,6.170839466985516,6.983436584472656,0,25.541262425425487,0.839025618072616,0.5,-0.00209275107587358,0,0,NA,0,0,NA,NA,NA,NA, ,0,0.0628253979210672,0.1447347105673541,0.009093015784384512,joint_core_brt,leave_one_event_out,2017,-0.009093015784384512,0.009093015784384512
mmp,4155480,23-016,Humpy (Bur-ye-Bur-ye) Reef (23-016),2017,Southern GBR,3,4.4,0.9518310359141647,0.26253320523150997,6.170839466985516,6.983436584472656,0,25.541262425425487,0.839025618072616,0.5,-0.00209275107587358,0,0,NA,0,0,NA,NA,NA,NA, ,0.07656755222974268,0.09413781962020817,0.11396378823487127,0.010728302540089914,joint_core_brt,leave_one_event_out,2017,0.06583924968965277,0.06583924968965277
ltmp,3807321,23-080,Hoskyn Islands Reef (23-080),2017,Southern GBR,4,3.62,0.5184034143753605,0.20191913614829993,5.734401157656944,6.859024524688721,0.04444444444444444,75.30452287765046,0,0.3,0,0,0,NA,0.0096,0.00955421280481165,NA,NA,NA,NA, ,0,0.4881409083139261,0.19613216192042626,0.09574013166941091,joint_core_brt,leave_one_event_out,2017,-0.09574013166941091,0.09574013166941091
ltmp,4180878,23-081,Fairfax Islands Reef (23-081),2017,Southern GBR,3,3.48,0.8472675617256902,0.20753842666724026,5.734401157656944,6.859024524688721,0.04444444444444444,75.30452287765046,0,0.3,0,0,0,NA,0.014,0.01390290516899142,NA,NA,NA,NA, ,0.004255328708945667,0.4195597987492485,0.19597211151246852,0.08222201966663657,joint_core_brt,leave_one_event_out,2017,-0.0779666909576909,0.0779666909576909
ltmp,4241130,11-016,McSweeney Reef (11-016),2020,Northern GBR,2,9.91,0,0.08378462598709333,6.002231593026269,5.774930477142334,0.13186813186813187,61.227214056639745,0.0525382609496303,0.8,0.0525382609496303,0,0,0.137999996542931,0.1315,0.12354418609145502,NA,NA,NA,NA, ,0,0.6482431731536991,0.06447707112165743,0.04179682117955995,joint_core_brt,leave_one_event_out,2020,-0.04179682117955995,0.04179682117955995
ltmp,4240950,11-029,Monsoon Reef (11-029),2020,Northern GBR,3,9.9,0.018217386861170054,0.11130694351519539,6.002231593026269,5.81605863571167,0.10989010989010987,54.52924238766865,0.0476190485060215,0.7,0.0476190485060215,0,0,0.0419999994337559,0.0517,0.05040790254384569,NA,NA,NA,NA, ,0,0.6019829256635955,0.042708683200397377,0.02570989806421486,joint_core_brt,leave_one_event_out,2020,-0.02570989806421486,0.02570989806421486
ltmp,4241527,11-049,U/N Reef (11-049),2020,Northern GBR,5,10.27,0.050260754565876614,0.14599440678948103,6.002231593026269,5.81605863571167,0.10989010989010987,54.52924238766865,0.203230144417751,1,0.203230144417751,0,0,0,0.0029,0.00289580311202556,NA,NA,NA,NA, ,0,0.81186435864007,0.1867627905123232,0.15162605313711702,joint_core_brt,leave_one_event_out,2020,-0.15162605313711702,0.15162605313711702
ltmp,4240770,11-162,U/N Reef (11-162),2020,Northern GBR,4,10.15,0.03729779519442613,0.14626404721710973,6.082761543160351,5.787719249725342,0.12087912087912088,54.4813962051613,0.185014326151332,0.8,0.08756921956714261,0,0,0,5e-4,4.99875041651048e-4,NA,NA,NA,NA, ,0,0.7742963333958273,0.1388803950178934,0.10753458064291897,joint_core_brt,leave_one_event_out,2020,-0.10753458064291897,0.10753458064291897
ltmp,4241317,12-056,Mantis Reef (12-056),2020,Northern GBR,3,6.93,0.3898113715032407,0.281636821607886,6.122627793421414,5.7065606117248535,0.17582417582417584,86.07130881755599,0.0892048905975771,0.8,0.03934502285959149,0,0,0,0,0,NA,NA,NA,NA, ,0,0.8849609744619193,0.21982708953035557,0.19453839536391104,joint_core_brt,leave_one_event_out,2020,-0.19453839536391104,0.19453839536391104
manta,4285302,12-056,Mantis Reef (12-056),2020,Northern GBR,3,6.93,0.3898113715032407,0.2325441468954316,6.122627793421414,5.7065606117248535,0.17582417582417584,86.07130881755599,0.0892048905975771,0.8,0.03934502285959149,0,0,0,0,0,NA,NA,NA,NA, ,0,0.8653590497392655,0.26691581164051786,0.2309780131216233,joint_core_brt,leave_one_event_out,2020,-0.2309780131216233,0.2309780131216233
ltmp,4241954,12-061,Lagoon Reef (12-061),2020,Northern GBR,1,4.75,0.3055923846646609,0.27277374710468016,6.122627793421414,5.6665849685668945,0.16483516483516483,54.279648353109025,0.0899146378992373,0.8,0.0411666534528761,0,0,0,0,0,NA,NA,NA,NA, ,0.015073379384026038,0.3538499919840121,0.12737760178852864,0.04507256337181355,joint_core_brt,leave_one_event_out,2020,-0.02999918398778751,0.02999918398778751
manta,4285502,12-061,Lagoon Reef (12-061),2020,Northern GBR,1,4.75,0.3055923846646609,0.38998293966808467,6.122627793421414,5.6665849685668945,0.16483516483516483,54.279648353109025,0.0899146378992373,0.8,0.0411666534528761,0,0,0,0,0,NA,NA,NA,NA, ,0.030011941726387614,0.3832498136601191,0.18814973573666277,0.07210835116127666,joint_core_brt,leave_one_event_out,2020,-0.04209640943488904,0.04209640943488904
manta,4285461,12-098,Second Small Reef (12-098),2020,Northern GBR,1,5.24,0.3381494885521303,0.20263508107180572,6.122627793421414,5.6665849685668945,0.16483516483516483,54.279648353109025,0.0909090936183779,0.6,0.06709956936536715,0,0,0,0,0,NA,NA,NA,NA, ,0,0.19315204972112343,0.16859570861339815,0.03256460669286312,joint_core_brt,leave_one_event_out,2020,-0.03256460669286312,0.03256460669286312
manta,4285371,13-040,U/N Reef (13-040),2020,Northern GBR,4,5.71,0.24399445805754702,0.16103326937437834,5.968018555181919,5.706526756286621,0.17582417582417584,54.11748335007643,0.134420545296818,0.8,0.08681223668471189,0,0,0,0,0,NA,NA,NA,NA, ,0,0.3119990079682955,0.17847232157295054,0.05568318728055919,joint_core_brt,leave_one_event_out,2020,-0.05568318728055919,0.05568318728055919
manta,1273024,13-056,Sand Bank No 8 Reef (13-056),2020,Northern GBR,5,6.05,0.28785802954717904,0.22178162534441867,5.968018555181919,5.706526756286621,0.17582417582417584,54.11748335007643,0.102302556138813,0.7,0.0546835076327915,0,0,NA,0,0,NA,NA,NA,NA, ,0,0.50740193559207325,0.21434013582863418,0.10875659979451686,joint_core_brt,leave_one_event_out,2020,-0.10875659979451686,0.10875659979451686
manta,1273199,13-118a,Creech Reef (North) (13-118a),2020,Northern GBR,2,7.74,0.20553968253505506,0.3967609839208352,5.8104660378115325,5.518789768218994,0.1868131868131868,54.0042200125233,0.0454545468091965,0.45,-0.00108225084841249,0,0,0,0,0,b,NA,DHW 7.5 in 2020,coral bleaching,DHW 7.5 in 2020  coral bleaching,0,0.8300508858875667,0.18897561052812056,0.15685937293001026,joint_core_brt,leave_one_event_out,2020,-0.15685937293001026,0.15685937293001026
manta,1273143,13-121,U/N Reef (13-121),2020,Northern GBR,3,7.390000000000001,0.2860968037779288,0.11029911651666302,6.232378023024877,5.634306907653809,0.17582417582417584,61.79502527764437,0.141043918503803,0.5,-0.003020966477698,0,0,0,0,0,NA,NA,NA,NA, ,0,0.2817016212413594,0.1542888865636944,0.043463429484516904,joint_core_brt,leave_one_event_out,2020,-0.043463429484516904,0.043463429484516904
ltmp,4242164,13-124,U/N Reef (13-124),2020,Northern GBR,4,6.23,0.1306214585754571,0.24624243065418433,5.8104660378115325,5.518789768218994,0.1868131868131868,54.0042200125233,0.268740687501728,0.6,0.04949371892195003,0,0,0.12899999320507,0.0668,0.06466351332572215,NA,NA,NA,NA, ,0,0.6114561000000961,0.1318901953429102,0.0806450644726267,joint_core_brt,leave_one_event_out,2020,-0.0806450644726267,0.0806450644726267
manta,4285229,13-124,U/N Reef (13-124),2020,Northern GBR,4,6.23,0.1306214585754571,0.19758106176164164,5.8104660378115325,5.518789768218994,0.1868131868131868,54.0042200125233,0.268740687501728,0.6,0.04949371892195003,0,0,0.12899999320507,0.0668,0.06466351332572215,NA,NA,NA,NA, ,0,0.5865736776615753,0.20839354594972187,0.12223816864866484,joint_core_brt,leave_one_event_out,2020,-0.12223816864866484,0.12223816864866484
manta,4285437,13-127,Rodda Reef (13-127),2020,Northern GBR,4,6.78,0.4401544858242428,0.2615541165670949,6.232378023024877,5.475623607635498,0.1868131868131868,38.723631859261,0.138582872747245,0.5,-0.03707708314168803,0,0,0,0,0,NA,NA,NA,NA, ,0,0.8381941577719507,0.21959279816387212,0.18406140050975275,joint_core_brt,leave_one_event_out,2020,-0.18406140050975275,0.18406140050975275
ltmp,4240554,13-130,Davie Reef (13-130),2020,Northern GBR,4,6.3,0.21771364805622542,0.2891469243045631,6.232378023024877,5.748272895812988,0.15384615384615383,27.79877005838321,0.141628880087021,0.4,-0.06235237039037453,0,0,0,0,0,NA,NA,NA,NA, ,0,0.7016870863351381,0.1435000334490402,0.10069212035985187,joint_core_brt,leave_one_event_out,2020,-0.10069212035985187,0.10069212035985187
manta,4285384,13-130,Davie Reef (13-130),2020,Northern GBR,4,6.3,0.21771364805622542,0.2633289351091102,6.232378023024877,5.748272895812988,0.15384615384615383,27.79877005838321,0.141628880087021,0.4,-0.06235237039037453,0,0,0,0,0,NA,NA,NA,NA, ,0,0.6662801383020995,0.20222025240042704,0.13473533773684201,joint_core_brt,leave_one_event_out,2020,-0.13473533773684201,0.13473533773684201
ltmp,4242374,14-016,Corbett Reef (14-016),2020,Northern GBR,5,6.41,0.2911085559294725,0.21598384234286774,5.880359799599462,5.454284191131592,0.15384615384615383,53.946045548395595,0.284078085042999,0.6,0.00591799773686096,0,0,0,0.015,0.01488861249375065,NA,NA,NA,NA, ,0,0.6242241655565004,0.14723348457681462,0.09190669905193798,joint_core_brt,leave_one_event_out,2020,-0.09190669905193798,0.09190669905193798
manta,4285337,14-016,Corbett Reef (14-016),2020,Northern GBR,5,6.41,0.2911085559294725,0.11198422675485162,5.880359799599462,5.454284191131592,0.15384615384615383,53.946045548395595,0.284078085042999,0.6,0.00591799773686096,0,0,0,0.015,0.01488861249375065,NA,NA,NA,NA, ,0,0.3463828382175688,0.185813879595378,0.06436273899446464,joint_core_brt,leave_one_event_out,2020,-0.06436273899446464,0.06436273899446464
ltmp,4241737,14-045,Sand Bank No 1 Reef (14-045),2020,Northern GBR,4,5.3100000000000005,0.27336182170684664,0.30246855971387504,6.232378023024877,6.079171180725098,0.1978021978021978,53.88684402433357,0.234911726461158,0.7,0.0987843427408755,0,0,0,0,0,NA,NA,NA,NA, ,0,0.48372874561571955,0.1714856868900988,0.08295255621039753,joint_core_brt,leave_one_event_out,2020,-0.08295255621039753,0.08295255621039753
manta,4285215,14-045,Sand Bank No 1 Reef (14-045),2020,Northern GBR,4,5.3100000000000005,0.27336182170684664,0.2480818644806036,6.232378023024877,6.079171180725098,0.1978021978021978,53.88684402433357,0.234911726461158,0.7,0.0987843427408755,0,0,0,0,0,NA,NA,NA,NA, ,0,0.45157628352398027,0.17807084265169396,0.08041256932863543,joint_core_brt,leave_one_event_out,2020,-0.08041256932863543,0.08041256932863543
ltmp,4171460,14-114,MacGillivray Reef (14-114),2020,Northern GBR,4,5.98,0.04416802941607665,0.09852720760391533,5.7096656765768365,6.109978199005127,0.14285714285714285,38.660259476645,0,0.3,0,0,0,0,0.0044,0.00439034830129289,NA,NA,NA,NA, ,0,0.38378985024817924,0.08314194283749748,0.03190903379094584,joint_core_brt,leave_one_event_out,2020,-0.03190903379094584,0.03190903379094584
manta,4206379,14-114,MacGillivray Reef (14-114),2020,Northern GBR,4,5.98,0.04416802941607665,0.10245573850803347,5.7096656765768365,6.109978199005127,0.14285714285714285,38.660259476645,0,0.3,0,0,0,0,0.0044,0.00439034830129289,NA,NA,NA,NA, ,0,0.37658031510709006,0.1375305563678381,0.05179130025385388,joint_core_brt,leave_one_event_out,2020,-0.05179130025385388,0.05179130025385388
ltmp,4169251,14-116a,Lizard Island Reef (North West) (14-116a),2020,Northern GBR,2,5.3,0.06618477242864539,0.069738641348031,5.7096656765768365,6.109978199005127,0.14285714285714285,38.660259476645,0.0500000007450581,0.75,0.0034632030874491,0,0,0,0,0,NA,NA,NA,NA, ,0,0.4573760266115785,0.001970867206205445,9.01427411753309e-4,joint_core_brt,leave_one_event_out,2020,-9.01427411753309e-4,9.01427411753309e-4
manta,4285519,14-116a,Lizard Island Reef (North West) (14-116a),2020,Northern GBR,2,5.3,0.06618477242864539,0.06911578071158603,5.7096656765768365,6.109978199005127,0.14285714285714285,38.660259476645,0.0500000007450581,0.75,0.0034632030874491,0,0,0,0,0,NA,NA,NA,NA, ,0,0.4680820030042498,0.03360485769749584,0.015729829101716636,joint_core_brt,leave_one_event_out,2020,-0.015729829101716636,0.015729829101716636
ltmp,4172978,14-123,Martin Reef (14-123),2020,Northern GBR,1,4.94,0.2992595473639654,0.08469994311714026,5.7096656765768365,5.619095802307129,0.1978021978021978,27.798770058382857,0.098280878336019,0.1,-0.064283594326881,0,0,0,0.0027,0.0026963615477426,NA,NA,NA,NA, ,0,0.27533124195037134,0.0995499845064012,0.02740922087028767,joint_core_brt,leave_one_event_out,2020,-0.02740922087028767,0.02740922087028767
manta,4285473,14-123,Martin Reef (14-123),2020,Northern GBR,1,4.94,0.2992595473639654,0.12452925426275394,5.7096656765768365,5.619095802307129,0.1978021978021978,27.798770058382857,0.098280878336019,0.1,-0.064283594326881,0,0,0,0.0027,0.0026963615477426,NA,NA,NA,NA, ,0,0.2523472633313699,0.17677256505581415,0.044608073023901254,joint_core_brt,leave_one_event_out,2020,-0.044608073023901254,0.044608073023901254
ltmp,4175203,14-126,Linnet Reef (14-126),2020,Northern GBR,5,5.2700000000000005,0.5318946790110578,0.09723637312333577,5.7096656765768365,5.619095802307129,0.1978021978021978,27.798770058382857,0.0902280660755074,0.1,-0.07074952892346209,0,0,0,0.0027,0.0026963615477426,NA,NA,NA,NA, ,0,0.3443599328189852,0.11653534552199246,0.04013010375499055,joint_core_brt,leave_one_event_out,2020,-0.04013010375499055,0.04013010375499055
manta,4285403,14-126,Linnet Reef (14-126),2020,Northern GBR,5,5.2700000000000005,0.5318946790110578,0.19898162736542865,5.7096656765768365,5.619095802307129,0.1978021978021978,27.798770058382857,0.0902280660755074,0.1,-0.07074952892346209,0,0,0,0.0027,0.0026963615477426,NA,NA,NA,NA, ,0.22967967092165917,0.5856869079672905,0.23260483699206413,0.13623360775611768,joint_core_brt,leave_one_event_out,2020,0.093446063165541493,0.093446063165541493
ltmp,4173746,14-137,Carter Reef (14-137),2020,Northern GBR,3,7.72,0.06116098425782691,0.11873722301667407,5.7096656765768365,5.886612892150879,0.17582417582417584,61.75564549314031,0,0.25,-0.02380952425301075,0,0,NA,0,0,NA,NA,NA,NA, ,0,0.3735217181485471,0.05690487431797972,0.021255206426278917,joint_core_brt,leave_one_event_out,2020,-0.021255206426278917,0.021255206426278917
manta,3988791,14-137,Carter Reef (14-137),2020,Northern GBR,3,7.72,0.06116098425782691,0.12198563296449294,5.7096656765768365,5.886612892150879,0.17582417582417584,61.75564549314031,0,0.25,-0.02380952425301075,0,0,NA,0,0,NA,NA,NA,NA, ,0,0.4020304462359761,0.1272985201188101,0.051177880848544605,joint_core_brt,leave_one_event_out,2020,-0.051177880848544605,0.051177880848544605
ltmp,4175972,14-138,Yonge Reef (14-138),2020,Northern GBR,1,8.11,0.089579671200695,0.12508156810080587,5.7096656765768365,5.886612892150879,0.17582417582417584,61.75564549314031,0,0.3,0,0,0,0,0,0,NA,NA,NA,NA, ,0,0.4677004100998665,0.08482022454346791,0.039670453803742706,joint_core_brt,leave_one_event_out,2020,-0.039670453803742706,0.039670453803742706
manta,4206463,14-138,Yonge Reef (14-138),2020,Northern GBR,1,8.11,0.089579671200695,0.14516059611583534,5.7096656765768365,5.886612892150879,0.17582417582417584,61.75564549314031,0,0.3,0,0,0,0,0,0,NA,NA,NA,NA, ,0,0.5743066235798393,0.16919591231704878,0.09717033312631483,joint_core_brt,leave_one_event_out,2020,-0.09717033312631483,0.09717033312631483
ltmp,4169995,14-139,No Name Reef (14-139),2020,Northern GBR,3,7.87,0.1266797360320862,0.12939483349726616,5.7096656765768365,5.865488529205322,0.16483516483516483,60.49914788861235,0,0.3,0,0,0,0,0,0,NA,NA,NA,NA, ,0,0.49472708876522503,0.11106822825016373,0.054948461216515025,joint_core_brt,leave_one_event_out,2020,-0.054948461216515025,0.054948461216515025
manta,3988853,14-139,No Name Reef (14-139),2020,Northern GBR,3,7.87,0.1266797360320862,0.14083316319410652,5.7096656765768365,5.865488529205322,0.16483516483516483,60.49914788861235,0,0.3,0,0,0,0,0,0,NA,NA,NA,NA, ,0,0.5403097029017107,0.19135057616991574,0.10338857296043832,joint_core_brt,leave_one_event_out,2020,-0.10338857296043832,0.10338857296043832
ltmp,4172234,14-143,North Direction Reef (14-143),2020,Northern GBR,5,6.57,0.1598059524239039,0.051758305044525096,5.7096656765768365,6.109978199005127,0.14285714285714285,38.660259476645,0,0.35,0,0,0,0.0560000017285347,0.0044,0.00439034830129289,NA,NA,NA,NA, ,0,0.47020620367683486,0.0933902370976806,0.043912668846179906,joint_core_brt,leave_one_event_out,2020,-0.043912668846179906,0.043912668846179906
manta,4068424,15-093,Pickersgill Reef (15-093),2020,Central GBR,3,2.44,0.22321031380258755,0.1701733599111767,6.045028195178155,5.747067451477051,0.17582417582417584,26.755070245868687,0.0454545468091965,0.2,-0.0493315748809013,0,0,0,0,0,NA,NA,NA,NA, ,0,0.06312136204422768,0.12919105082362972,0.00815471509191255,joint_core_brt,leave_one_event_out,2020,-0.00815471509191255,0.00815471509191255
manta,4067495,15-095,Evening Reef (15-095),2020,Central GBR,4,2.45,0.23227150268134197,0.11126330182411942,6.181991400883659,5.833205699920654,0.21978021978021975,53.443772818368494,0,0.15,-0.04753112794529425,0,0,0,0,0,NA,NA,NA,NA, ,0,0.03966530709557785,0.1268462386168934,0.005031395008658022,joint_core_brt,leave_one_event_out,2020,-0.005031395008658022,0.005031395008658022
ltmp,4176752,15-099c,Agincourt Reefs (No 1) (15-099c),2020,Central GBR,1,7.74,0.3159752846179306,0.23093330936960185,6.181991400883659,5.833205699920654,0.21978021978021975,53.443772818368494,0.0454545468091965,0.65,0.0454545468091965,0,0,0,0,0,NA,NA,NA,NA, ,0,0.45764100104913397,0.10781555762905232,0.049340819722030096,joint_core_brt,leave_one_event_out,2020,-0.049340819722030096,0.049340819722030096
manta,4206429,15-099c,Agincourt Reefs (No 1) (15-099c),2020,Central GBR,1,7.74,0.3159752846179306,0.2643970987103804,6.181991400883659,5.833205699920654,0.21978021978021975,53.443772818368494,0.0454545468091965,0.65,0.0454545468091965,0,0,0,0,0,NA,NA,NA,NA, ,0,0.4842454932994514,0.1500996627470301,0.07268508523101688,joint_core_brt,leave_one_event_out,2020,-0.07268508523101688,0.07268508523101688
manta,4206196,16-015,Mackay Reef (16-015),2020,Central GBR,4,2.98,0.03572139139460593,0.13745701097986193,6.181991400883659,5.833205699920654,0.21978021978021975,53.443772818368494,0,0.15,-0.0488095246255398,0,0,NA,2e-4,1.9998000266626675e-4,NA,NA,NA,NA, ,0,0.10990753944477345,0.10228068737417095,0.011241418682015236,joint_core_brt,leave_one_event_out,2020,-0.011241418682015236,0.011241418682015236
ltmp,4177622,16-019,St Crispin Reef (16-019),2020,Central GBR,4,6.34,0.4049152989257601,0.2039999469986351,6.181991400883659,5.833205699920654,0.21978021978021975,53.443772818368494,0.0454545468091965,0.35,-0.00216450169682499,0,0,0.00466666681071122,0.0015,0.00149887612373589,NA,NA,NA,NA, ,0,0.6576066464699973,0.10273584132541208,0.067559772086278,joint_core_brt,leave_one_event_out,2020,-0.067559772086278,0.067559772086278
manta,4206491,16-019,St Crispin Reef (16-019),2020,Central GBR,4,6.34,0.4049152989257601,0.10510031402577229,6.181991400883659,5.833205699920654,0.21978021978021975,53.443772818368494,0.0454545468091965,0.35,-0.00216450169682499,0,0,0.00466666681071122,0.0015,0.00149887612373589,NA,NA,NA,NA, ,0,0.43331449135213534,0.0891511987855608,0.03863050635519839,joint_core_brt,leave_one_event_out,2020,-0.03863050635519839,0.03863050635519839
ltmp,3752919,16-025,Opal Reef (16-025),2020,Central GBR,5,7.4,0.03131226941791072,0.034707616245961484,5.985742071087043,6.225968360900879,0.16483516483516483,77.0247173690324,0.0454545468091965,0.55,0.02272727340459825,0,0,0,0,0,NA,NA,NA,NA, ,0,0.3888458207152481,0.08110606609738054,0.03153775483662109,joint_core_brt,leave_one_event_out,2020,-0.03153775483662109,0.03153775483662109
manta,4068504,16-025,Opal Reef (16-025),2020,Central GBR,5,7.4,0.03131226941791072,0.08916146256265847,5.985742071087043,6.225968360900879,0.16483516483516483,77.0247173690324,0.0454545468091965,0.55,0.02272727340459825,0,0,0,0,0,NA,NA,NA,NA, ,0,0.3814992502410392,0.12649949848040992,0.048259463826143864,joint_core_brt,leave_one_event_out,2020,-0.048259463826143864,0.048259463826143864
manta,4206353,16-028,Low Islands Reef (16-028),2020,Central GBR,5,5.54,0.012993436393178208,0.19090073961148074,6.156819010087552,2.957913637161255,0.5934065934065934,26.65400763146825,0.283558980368152,0.7,0.03480333942385705,0,0,0,0,0,NA,NA,NA,NA, ,0,0.3095938626808876,0.12310605869597151,0.03811288023110589,joint_core_brt,leave_one_event_out,2020,-0.03811288023110589,0.03811288023110589
manta,4068328,16-030,Norman Reef (16-030),2020,Central GBR,5,8.19,0.07948000599159179,0.17847494416577003,5.985742071087043,6.300243377685547,0.13186813186813187,60.09013295337378,0,0.3,0,0,0,0,0,0,NA,NA,NA,NA, ,0,0.529953396602183,0.19681879798532004,0.10430479050747925,joint_core_brt,leave_one_event_out,2020,-0.10430479050747925,0.10430479050747925
ltmp,3765533,16-049,Green Island Reef (16-049),2020,Central GBR,2,5.42,0.1243769366710853,0.10414285891277554,5.904156183918324,6.1203413009643555,0.14285714285714285,38.476277836573935,0.178386772898601,0.6,0.02062946255088948,0,0,0,3e-4,2.9995500899797546e-4,NA,NA,NA,NA, ,0,0.1799207544337041,0.06491463911100932,0.01167949084264443,joint_core_brt,leave_one_event_out,2020,-0.01167949084264443,0.01167949084264443
manta,4068396,16-049,Green Island Reef (16-049),2020,Central GBR,2,5.42,0.1243769366710853,0.06339257690264248,5.904156183918324,6.1203413009643555,0.14285714285714285,38.476277836573935,0.178386772898601,0.6,0.02062946255088948,0,0,0,3e-4,2.9995500899797546e-4,NA,NA,NA,NA, ,0,0.19343070086438774,0.11030807149403864,0.021336967580090883,joint_core_brt,leave_one_event_out,2020,-0.021336967580090883,0.021336967580090883
ltmp,4179545,16-057,Hastings Reef (16-057),2020,Central GBR,2,7.59,0.08777853151013362,0.12145711434946894,5.985742071087043,6.300243377685547,0.13186813186813187,60.09013295337378,0.0472906820034626,0.6,0.0472906820034626,0,0,0.00249999994412065,0.0012,0.00119928057548209,NA,NA,NA,NA, ,0,0.44150863407771734,0.09957395577423583,0.0439627612035979,joint_core_brt,leave_one_event_out,2020,-0.0439627612035979,0.0439627612035979
manta,4206250,16-057,Hastings Reef (16-057),2020,Central GBR,2,7.59,0.08777853151013362,0.066158798391563,5.985742071087043,6.300243377685547,0.13186813186813187,60.09013295337378,0.0472906820034626,0.6,0.0472906820034626,0,0,0.00249999994412065,0.0012,0.00119928057548209,NA,NA,NA,NA, ,0,0.46090418382827375,0.14802715552760418,0.06822633530287134,joint_core_brt,leave_one_event_out,2020,-0.06822633530287134,0.06822633530287134
ltmp,3755346,16-060,Michaelmas Reef (16-060),2020,Central GBR,1,7.51,0.09836110182053008,0.08391697573358502,5.985742071087043,6.300243377685547,0.13186813186813187,60.09013295337378,0.13498760609016,0.9,0.08191352733978075,0,0,0,7e-4,6.997551142733419e-4,NA,NA,NA,NA, ,0,0.44431947619450046,0.12252860834579953,0.05444184707904674,joint_core_brt,leave_one_event_out,2020,-0.05444184707904674,0.05444184707904674
manta,4206524,16-060,Michaelmas Reef (16-060),2020,Central GBR,1,7.51,0.09836110182053008,0.10120382631987114,5.985742071087043,6.300243377685547,0.13186813186813187,60.09013295337378,0.13498760609016,0.9,0.08191352733978075,0,0,0,7e-4,6.997551142733419e-4,NA,NA,NA,NA, ,0,0.36684822495017194,0.16792204072882883,0.06160190257138133,joint_core_brt,leave_one_event_out,2020,-0.06160190257138133,0.06160190257138133
ltmp,4178613,16-068,Thetford Reef (16-068),2020,Central GBR,5,6.23,0.0679327871628355,0.15793727343746522,5.904156183918324,6.19913911819458,0.12087912087912088,60.028158717834764,0.0465108104841061,0.5,-2.5987173502897695e-5,0,0,0,1e-4,9.999500033330834e-5,NA,NA,NA,NA, ,0,0.2236873183029544,0.04370757611003383,0.009776830489575743,joint_core_brt,leave_one_event_out,2020,-0.009776830489575743,0.009776830489575743
manta,4068554,16-068,Thetford Reef (16-068),2020,Central GBR,5,6.23,0.0679327871628355,0.1452405045111585,5.904156183918324,6.19913911819458,0.12087912087912088,60.028158717834764,0.0465108104841061,0.5,-2.5987173502897695e-5,0,0,0,1e-4,9.999500033330834e-5,NA,NA,NA,NA, ,0,0.2600581744117611,0.07787959293832172,0.02025322476347103,joint_core_brt,leave_one_event_out,2020,-0.02025322476347103,0.02025322476347103
manta,4068199,16-071,Moore Reef (16-071),2020,Central GBR,1,5.6000000000000005,0.15394716679562537,0.10524028202668174,5.904156183918324,6.19913911819458,0.12087912087912088,60.028158717834764,0.0461343850700136,0.5,-4.024125875954007e-4,0,0,0,7e-4,6.997551142733419e-4,NA,NA,NA,NA, ,0,0.2834050576219372,0.07359320399327994,0.02085668621829848,joint_core_brt,leave_one_event_out,2020,-0.02085668621829848,0.02085668621829848
manta,4068671,17-034,Feather Reef (17-034),2020,Central GBR,4,5.45,0.2533073042686672,0.10539142180833895,5.986470757508614,5.757254600524902,0.10989010989010987,53.02430121520352,0,0.1,-0.04777659931244085,0,0,0,6e-4,5.998200719676155e-4,NA,NA,NA,NA, ,0,0.13319585451728919,0.06656917279169279,0.008866737854498598,joint_core_brt,leave_one_event_out,2020,-0.008866737854498598,0.008866737854498598
manta,4066154,18-030,Kelso Reef (18-030),2020,Central GBR,5,5.4,0.3993468404130513,0.26561502022147016,6.032604992199209,5.73804235458374,0.07692307692307693,83.77527323363911,0,0.3,0,0,0,0.136000007390976,0.0722,0.0697126124113003,NA,NA,NA,NA, ,0.13828472788312293,0.5218783742886905,0.14247473754604795,0.07435448440773937,joint_core_brt,leave_one_event_out,2020,0.06393024347538356,0.06393024347538356
manta,4067873,18-031,Little Kelso Reef (18-031),2020,Central GBR,1,5.01,0.6403023434382549,0.1272730868038166,6.032604992199209,5.73804235458374,0.07692307692307693,83.77527323363911,0,0.35,0,0,0,0.0309999994933605,0.0432,0.04229291219025145,NA,NA,NA,NA, ,0,0.17799290139126456,0.09036097223404435,0.016083611620473053,joint_core_brt,leave_one_event_out,2020,-0.016083611620473053,0.016083611620473053
ltmp,4239587,18-032,Rib Reef (18-032),2020,Central GBR,3,5.11,0.07572010704512619,0.054556980921910476,6.032604992199209,5.560146331787109,0.08791208791208792,59.56981330964312,0,0.35,0,0,0,0.0489999987185001,0.0494,0.04821857227047433,NA,NA,NA,NA, ,0,0.15875552449990257,0.07083043336286006,0.011244722599076247,joint_core_brt,leave_one_event_out,2020,-0.011244722599076247,0.011244722599076247
manta,4068048,18-032,Rib Reef (18-032),2020,Central GBR,3,5.11,0.07572010704512619,0.11536865615161702,6.032604992199209,5.560146331787109,0.08791208791208792,59.56981330964312,0,0.35,0,0,0,0.0489999987185001,0.0494,0.04821857227047433,NA,NA,NA,NA, ,0,0.14096592630343133,0.08726503706813714,0.012301396784213223,joint_core_brt,leave_one_event_out,2020,-0.012301396784213223,0.012301396784213223
ltmp,4236109,18-034,Myrmidon Reef (18-034),2020,Central GBR,2,8.3,0.25502711519092813,0.34000027391479803,6.177046814539012,5.9899373054504395,0.0989010989010989,132.00208142190922,0,0.4,0,0,0,0,0,0,NA,NA,NA,NA, ,0,0.40966866700248394,0.14070851038561166,0.057643867885578695,joint_core_brt,leave_one_event_out,2020,-0.057643867885578695,0.057643867885578695
manta,4066116,18-034,Myrmidon Reef (18-034),2020,Central GBR,2,8.3,0.25502711519092813,0.15597335620178882,6.177046814539012,5.9899373054504395,0.0989010989010989,132.00208142190922,0,0.4,0,0,0,0,0,0,NA,NA,NA,NA, ,0,0.23397629331038908,0.14139743906411834,0.03308364867580402,joint_core_brt,leave_one_event_out,2020,-0.03308364867580402,0.03308364867580402
ltmp,4230874,18-039,Dip Reef (18-039),2020,Central GBR,1,6.91,0.3358751128341077,0.16570209074124886,6.011280471995126,6.012062072753906,0.08791208791208792,111.1950802335326,0,0.35,0,0,0,NA,0,0,NA,NA,NA,NA, ,0,0.28209983591316,0.08541087044632185,0.024094392538107565,joint_core_brt,leave_one_event_out,2020,-0.024094392538107565,0.024094392538107565
manta,4066270,18-039,Dip Reef (18-039),2020,Central GBR,1,6.91,0.3358751128341077,0.16078226510991372,6.011280471995126,6.012062072753906,0.08791208791208792,111.1950802335326,0,0.35,0,0,0,NA,0,0,NA,NA,NA,NA, ,0,0.2666470985571888,0.1059189545800915,0.028242981920992064,joint_core_brt,leave_one_event_out,2020,-0.028242981920992064,0.028242981920992064
ltmp,4236914,18-051,Pandora Reef (18-051),2020,Central GBR,3,8.97,0.03249614945099818,0.4022405202552219,6.032604992199209,4.50977087020874,0.25274725274725274,26.32349077361211,0.904761910438529,1,0.23302941284246204,0,0,NA,0.0481,0.0469790011939946,NA,NA,NA,NA, ,0,0.5996911254465073,0.13837116489190004,0.08297995960336778,joint_core_brt,leave_one_event_out,2020,-0.08297995960336778,0.08297995960336778
ltmp,4225911,18-065,Havannah Reef (18-065),2020,Central GBR,3,8.18,0.6882594454496512,0.18388524505970671,6.032604992199209,4.50977087020874,0.25274725274725274,26.32349077361211,0.535472299849474,0.6,0.08015784559205646,0,0,NA,0.0494,0.04821857227047433,b,NA,"bleaching at time of previous survey | DHW 8.81, MMP observations",coral bleaching at 2.0 m only | coral bleaching at 9.0 m only,"bleaching at time of previous survey | DHW 8.81, MMP observations  coral bleaching at 2.0 m only | coral bleaching at 9.0 m only",0.39380685419487826,0.4422611967568011,0.13599570147168044,0.06014562168664605,joint_core_brt,leave_one_event_out,2020,0.3336612325082322,0.3336612325082322
ltmp,4235333,18-075,John Brewer Reef (18-075),2020,Central GBR,2,4.21,0.5789656920003557,0.0903045785350731,5.770404985345434,5.603609085083008,0.07692307692307693,61.49749903428462,0,0.35,0,0,0,0.0842857137322426,0.0656,0.06353802080398764,NA,NA,NA,NA, ,0,0.18836972884136333,0.10566244069398288,0.01990360530224219,joint_core_brt,leave_one_event_out,2020,-0.01990360530224219,0.01990360530224219
manta,4068099,18-075,John Brewer Reef (18-075),2020,Central GBR,2,4.21,0.5789656920003557,0.11694797177863321,5.770404985345434,5.603609085083008,0.07692307692307693,61.49749903428462,0,0.35,0,0,0,0.0842857137322426,0.0656,0.06353802080398764,NA,NA,NA,NA, ,0,0.18183931118103694,0.12089075873383454,0.021982692296313396,joint_core_brt,leave_one_event_out,2020,-0.021982692296313396,0.021982692296313396
ltmp,4237695,18-086,Chicken Reef (18-086),2020,Central GBR,4,6.86,0.49055631428249896,0.3738055410716834,6.011280471995126,6.078682899475098,0.08791208791208792,87.43427334613949,0,0.35,0,0,0,0,0.0146,0.01449444615045256,NA,NA,NA,NA, ,0,0.5238955138929425,0.19393978976105902,0.10160418582115925,joint_core_brt,leave_one_event_out,2020,-0.10160418582115925,0.10160418582115925
manta,4066791,18-086,Chicken Reef (18-086),2020,Central GBR,4,6.86,0.49055631428249896,0.18834253761370987,6.011280471995126,6.078682899475098,0.08791208791208792,87.43427334613949,0,0.35,0,0,0,0,0.0146,0.01449444615045256,NA,NA,NA,NA, ,0,0.4559721026222583,0.1920928136440684,0.0875889641359115,joint_core_brt,leave_one_event_out,2020,-0.0875889641359115,0.0875889641359115
ltmp,4234583,18-096,Davies Reef (18-096),2020,Central GBR,5,5.17,0.3196697117045063,0.3825708405374669,6.011280471995126,6.078682899475098,0.08791208791208792,87.43427334613949,0,0.5,0,0,0,0.115000000223517,0.0702,0.0678455468950672,NA,NA,NA,NA, ,0,0.48114287733327715,0.254174395154783,0.12229419982921767,joint_core_brt,leave_one_event_out,2020,-0.12229419982921767,0.12229419982921767
manta,4068159,18-096,Davies Reef (18-096),2020,Central GBR,5,5.17,0.3196697117045063,0.3212586118283456,6.011280471995126,6.078682899475098,0.08791208791208792,87.43427334613949,0,0.5,0,0,0,0.115000000223517,0.0702,0.0678455468950672,NA,NA,NA,NA, ,0,0.47876009039163847,0.2848801435989301,0.13638924330020671,joint_core_brt,leave_one_event_out,2020,-0.13638924330020671,0.13638924330020671
ltmp,4233082,19-131a,U/N Reef (19-131a),2020,Central GBR,5,3.0700000000000003,0.10315989611630695,0.4139151847972261,6.177678834735393,6.4734978675842285,0.04395604395604396,61.428452679898,0.0908366560935975,1,0.0908366560935975,0,0,0,0.0153,0.01518413532503996,NA,NA,NA,NA, ,0.00978824470658098,0.2833885955246805,0.09236996273160626,0.02617659400717698,joint_core_brt,leave_one_event_out,2020,-0.016388349300596,0.016388349300596
manta,4067678,19-131a,U/N Reef (19-131a),2020,Central GBR,5,3.0700000000000003,0.10315989611630695,0.1587169933071737,6.177678834735393,6.4734978675842285,0.04395604395604396,61.428452679898,0.0908366560935975,1,0.0908366560935975,0,0,0,0.0153,0.01518413532503996,NA,NA,NA,NA, ,0,0.0746199791262531,0.0875719276640686,0.006534615414338545,joint_core_brt,leave_one_event_out,2020,-0.006534615414338545,0.006534615414338545
ltmp,4231593,19-138,U/N Reef (19-138),2020,Central GBR,3,3.52,0.07745145210877742,0.3413425659846269,6.177678834735393,6.471310138702393,0.04395604395604396,76.29258334678795,0.0897349909332921,1,0.0897349909332921,0,0,0,0.0153,0.01518413532503996,NA,NA,NA,NA, ,0,0.2692787205017374,0.12496538584247144,0.03365051920666664,joint_core_brt,leave_one_event_out,2020,-0.03365051920666664,0.03365051920666664
manta,4067383,19-138,U/N Reef (19-138),2020,Central GBR,3,3.52,0.07745145210877742,0.1829281422628002,6.177678834735393,6.471310138702393,0.04395604395604396,76.29258334678795,0.0897349909332921,1,0.0897349909332921,0,0,0,0.0153,0.01518413532503996,NA,NA,NA,NA, ,0,0.2044281351015252,0.13638440497297702,0.027880809565556868,joint_core_brt,leave_one_event_out,2020,-0.027880809565556868,0.027880809565556868
ltmp,4227306,19-159,Slate Reef (19-159),2020,Central GBR,1,5.73,0.4267011199361873,0.31176205255252765,6.177678834735393,6.479991912841797,0.02197802197802198,118.35940764116184,0.090909093618393,1,0.090909093618393,0,0,NA,0.0485,0.04736057135983759,NA,NA,NA,NA, ,0,0.8621975884337653,0.26768950143887066,0.23080124258963122,joint_core_brt,leave_one_event_out,2020,-0.23080124258963122,0.23080124258963122
manta,4067120,19-159,Slate Reef (19-159),2020,Central GBR,1,5.73,0.4267011199361873,0.2853069490583801,6.177678834735393,6.479991912841797,0.02197802197802198,118.35940764116184,0.090909093618393,1,0.090909093618393,0,0,NA,0.0485,0.04736057135983759,NA,NA,NA,NA, ,0,0.8639957204700975,0.2580747467140135,0.22297547672231202,joint_core_brt,leave_one_event_out,2020,-0.22297547672231202,0.22297547672231202
ltmp,4228741,19-207,Hyde Reef (19-207),2020,Central GBR,4,5.84,0.5149469119724659,0.21268437953974742,6.177678834735393,6.479991912841797,0.02197802197802198,118.35940764116184,0,0.5,0,0,0,NA,0.0353,0.03469123978993036,NA,NA,NA,NA, ,0,0.8088242434560184,0.19839939161442036,0.16047023782466788,joint_core_brt,leave_one_event_out,2020,-0.16047023782466788,0.16047023782466788
ltmp,4228048,19-209,Rebe Reef (19-209),2020,Central GBR,5,7.1000000000000005,0.5378055745744468,0.19738310010550875,6.177678834735393,6.433742046356201,0.04395604395604396,141.95146623793426,0,0.5,0,0,0,NA,0.0296,0.02917037729977985,NA,NA,NA,NA, ,0,0.6773563712886422,0.15480690732609811,0.10485944499682294,joint_core_brt,leave_one_event_out,2020,-0.10485944499682294,0.10485944499682294
manta,4067243,19-209,Rebe Reef (19-209),2020,Central GBR,5,7.1000000000000005,0.5378055745744468,0.35447061249917833,6.177678834735393,6.433742046356201,0.04395604395604396,141.95146623793426,0,0.5,0,0,0,NA,0.0296,0.02917037729977985,NA,NA,NA,NA, ,0,0.7471852983777915,0.1963732015204178,0.14672716917143555,joint_core_brt,leave_one_event_out,2020,-0.14672716917143555,0.14672716917143555
manta,4067508,20-113,Ben Reef (20-113),2020,Southern GBR,1,1.96,0.4095021337781647,0.3712366788851641,6.177678834735393,6.478888988494873,0.03296703296703297,133.43482982159227,0.0899723947143739,1,0.0899723947143739,0,0,0,8e-4,7.996801705643322e-4,NA,NA,NA,NA, ,0,0.2966131164619866,0.10543730740384595,0.03127408834041524,joint_core_brt,leave_one_event_out,2020,-0.03127408834041524,0.03127408834041524
manta,4067799,20-287,Credlin Reefs (East) (20-287),2020,Southern GBR,2,9.42,0.20111320881900838,0.13093079347843373,6.177678834735393,6.663402557373047,0.03296703296703297,107.88088100039306,0.0454545468091965,1,0.0454545468091965,0,0,NA,0.0895,0.08571887540253752,NA,NA,NA,NA, ,0,0.7543715553741069,0.3208880471062255,0.24206881519648302,joint_core_brt,leave_one_event_out,2020,-0.24206881519648302,0.24206881519648302
manta,4049481,20-297,Creal Reef (20-297),2020,Southern GBR,2,5.61,0.16137019063385213,0.2535244490127124,6.177678834735393,6.595123767852783,0.05494505494505494,158.8083169396554,0.0900262720081704,1,0.0900262720081704,0,0,NA,0.1394,0.13050180806415815,NA,NA,NA,NA, ,0,0.811239914240483,0.20862346870403883,0.16924368486001656,joint_core_brt,leave_one_event_out,2020,-0.16924368486001656,0.16924368486001656
ltmp,4238625,21-305,East Cay Reef (21-305),2020,Southern GBR,2,4.61,0.2609107525018889,0.20427112916375162,5.523931492475746,6.538366317749023,0.0989010989010989,222.5876216694933,0,0.5,0,0,0,NA,0.4605,0.3787788428456586,NA,NA,NA,NA, ,0,0.7922692514359829,0.20064282770131844,0.15896314290892247,joint_core_brt,leave_one_event_out,2020,-0.15896314290892247,0.15896314290892247
ltmp,4183355,21-529,U/N Reef (21-529),2020,Southern GBR,3,3.98,0.5822428167247238,0.29469552267284255,5.523931492475746,6.541072845458984,0.08791208791208792,188.7922667774775,0,0.5,0,0,0,NA,0,0,NA,NA,NA,NA, ,0.03949257900673553,0.7392808914765029,0.18197618444163208,0.13453151586150228,joint_core_brt,leave_one_event_out,2020,-0.09503893685476675,0.09503893685476675
manta,3989171,21-529,U/N Reef (21-529),2020,Southern GBR,3,3.98,0.5822428167247238,0.4025133136712928,5.523931492475746,6.541072845458984,0.08791208791208792,188.7922667774775,0,0.5,0,0,0,NA,0,0,NA,NA,NA,NA, ,0,0.7950196402127723,0.15555084807574635,0.12366597927197145,joint_core_brt,leave_one_event_out,2020,-0.12366597927197145,0.12366597927197145
ltmp,4184040,21-556,Gannett Cay Reef (21-556),2020,Southern GBR,1,6.8,0.34729302570042375,0.23330519507553893,5.572018815225582,6.538841724395752,0.08791208791208792,198.3246302201427,0,0.5,0,0,0,NA,0.8393,0.6093850644546149,m,NA,DHW2020 6.8.,"crown-of-thorns starfish, coral bleaching","DHW2020 6.8.  crown-of-thorns starfish, coral bleaching",0.5658792943952381,0.9200895612940344,0.3594017788246204,0.3306818250070406,joint_core_brt,leave_one_event_out,2020,0.23519746938819752,0.23519746938819752
ltmp,4232338,21-562,Turner Reef (21-562),2020,Southern GBR,1,6,0.17748734789558618,0.054479115033619116,5.572018815225582,6.531579494476318,0.08791208791208792,211.65905306044084,0,0.5,0,0,0,NA,0.6525,0.5022892927437043,NA,NA,NA,NA, ,0,0.8258703354818416,0.28105881506615543,0.23211813788881466,joint_core_brt,leave_one_event_out,2020,-0.23211813788881466,0.23211813788881466
manta,4284702,21-562,Turner Reef (21-562),2020,Southern GBR,1,6,0.17748734789558618,0.09364289505840233,5.572018815225582,6.531579494476318,0.08791208791208792,211.65905306044084,0,0.5,0,0,0,NA,0.6525,0.5022892927437043,NA,NA,NA,NA, ,0,0.8471016001699744,0.2469349428060488,0.20917898518888503,joint_core_brt,leave_one_event_out,2020,-0.20917898518888503,0.20917898518888503
manta,4284675,22-088a,U/N Reef (22-088a),2020,Southern GBR,3,4.86,0.5357885688203727,0.27732997449046903,5.572018815225582,6.562894344329834,0.08791208791208792,175.33603223489754,0,0.5,0,0,0,NA,0.4271,0.3556444131242084,c,NA,"Active outbreak COTS, DHW2020 4.9.  cots around, DHW2020 4.9",crown-of-thorns starfish,"Active outbreak COTS, DHW2020 4.9.  cots around, DHW2020 4.9  crown-of-thorns starfish",0,0.5879661358937991,0.19802268231637812,0.11643063134088619,joint_core_brt,leave_one_event_out,2020,-0.11643063134088619,0.11643063134088619
ltmp,4186343,22-102,Chinaman Reef (22-102),2020,Southern GBR,2,6.6000000000000005,0.09148329523475685,0.1544590375987282,5.572018815225582,6.516928672790527,0.0989010989010989,221.91002299353315,0,0.5,0,0,0,3.44700002670288,1.6281,0.9662611516487952,NA,NA,NA,NA, ,0,0.8568634186647117,0.30848244700096367,0.26432732413530147,joint_core_brt,leave_one_event_out,2020,-0.26432732413530147,0.26432732413530147
manta,4284639,22-102,Chinaman Reef (22-102),2020,Southern GBR,2,6.6000000000000005,0.09148329523475685,0.10468208108865018,5.572018815225582,6.516928672790527,0.0989010989010989,221.91002299353315,0,0.5,0,0,0,3.44700002670288,1.6281,0.9662611516487952,NA,NA,NA,NA, ,0,0.8266065652478822,0.24945261320279458,0.20619916779167055,joint_core_brt,leave_one_event_out,2020,-0.20619916779167055,0.20619916779167055
ltmp,4182005,22-104a,Horseshoe Reef (No 1) (22-104a),2020,Southern GBR,2,6.61,0.020447710875091594,0.05868770430175735,5.572018815225582,6.538841724395752,0.08791208791208792,198.3246302201427,0,0.5,0,0,0,0.949999988079071,0.7752,0.5739130926362471,NA,NA,NA,NA, ,0.04340310167121431,0.9080666125734324,0.25549736847515664,0.23200862991266155,joint_core_brt,leave_one_event_out,2020,-0.18860552824144725,0.18860552824144725
manta,3989234,22-104a,Horseshoe Reef (No 1) (22-104a),2020,Southern GBR,2,6.61,0.020447710875091594,0.08991300952928293,5.572018815225582,6.538841724395752,0.08791208791208792,198.3246302201427,0,0.5,0,0,0,0.949999988079071,0.7752,0.5739130926362471,NA,NA,NA,NA, ,0,0.915786677077081,0.21220914017486406,0.19433830332612323,joint_core_brt,leave_one_event_out,2020,-0.19433830332612323,0.19433830332612323
manta,4284488,23-045a,North Reef (North) (23-045a),2020,Southern GBR,1,7.42,0.5185425521202008,0.4340714641531534,5.545054949432337,6.6627068519592285,0.03296703296703297,94.55219552218418,0.318181812763214,1,0.29545453935861576,0,0,0,7e-4,6.997551142733419e-4,NA,NA,NA,NA, ,0,0.9566052257670292,0.3301550471650549,0.31582804343145154,joint_core_brt,leave_one_event_out,2020,-0.31582804343145154,0.31582804343145154
ltmp,4188172,23-048,Broomfield Reef (23-048),2020,Southern GBR,4,6.9,0.8188876738951109,0.5949326890939102,5.545054949432337,6.6627068519592285,0.03296703296703297,94.55219552218418,0.278052419008012,1,0.23259787219881548,0,0,0,0,0,NA,NA,NA,NA, ,0,0.9827038410507692,0.2718034841340655,0.267102327869528,joint_core_brt,leave_one_event_out,2020,-0.267102327869528,0.267102327869528
manta,4284729,23-048,Broomfield Reef (23-048),2020,Southern GBR,4,6.9,0.8188876738951109,0.5079956101326129,5.545054949432337,6.6627068519592285,0.03296703296703297,94.55219552218418,0.278052419008012,1,0.23259787219881548,0,0,0,0,0,NA,NA,NA,NA, ,0,0.9834394627360876,0.25936685744983695,0.2550716029420151,joint_core_brt,leave_one_event_out,2020,-0.2550716029420151,0.2550716029420151
manta,4284530,23-051,Wreck Island Reef (23-051),2020,Southern GBR,3,6.48,0.9454765295081774,0.5291629552580835,5.545054949432337,6.6627068519592285,0.03296703296703297,94.55219552218418,0.404689475373292,1,0.38196220196869374,0,0,NA,0,0,NA,NA,NA,NA, ,0,0.9572775684815854,0.2952604049918218,0.28264616255945935,joint_core_brt,leave_one_event_out,2020,-0.28264616255945935,0.28264616255945935
ltmp,4185537,23-055a,One Tree Island Reef (23-055a),2020,Southern GBR,1,5.34,0.8889220066516131,0.5764833385699617,5.325724245376243,6.62986946105957,0.03296703296703297,75.37078298757997,0.496293254226562,1,0.4735659808219638,0,0,NA,0.0717,0.06924617273681433,NA,NA,NA,NA, ,0,0.934412434318226,0.2203272438891295,0.20587651630906698,joint_core_brt,leave_one_event_out,2020,-0.20587651630906698,0.20587651630906698
manta,4284429,23-055a,One Tree Island Reef (23-055a),2020,Southern GBR,1,5.34,0.8889220066516131,0.4417325786544859,5.325724245376243,6.62986946105957,0.03296703296703297,75.37078298757997,0.496293254226562,1,0.4735659808219638,0,0,NA,0.0717,0.06924617273681433,NA,NA,NA,NA, ,0,0.9382239934259743,0.21115861788130727,0.19811408171490946,joint_core_brt,leave_one_event_out,2020,-0.19811408171490946,0.19811408171490946
manta,4284415,23-068,Erskine Reef (23-068),2020,Southern GBR,1,8.85,0.6463574733552038,0.41891770670918616,5.545054949432337,6.6470489501953125,0.04395604395604396,58.02948927544897,0.359053447852049,1,0.3135989010428525,0,0,0.0166666669150194,0,0,b,NA,DHW2020 8.7.  COTS culling in the region also,coral bleaching,DHW2020 8.7.  COTS culling in the region also  coral bleaching,0.1282197896106264,0.9421425560034078,0.36178883061699013,0.34085665361097506,joint_core_brt,leave_one_event_out,2020,-0.21263686400034865,0.21263686400034865
manta,4284517,23-069,Mast Head Reef (23-069),2020,Southern GBR,2,8.870000000000001,0.5168890543700682,0.3687693833880568,5.545054949432337,6.6470489501953125,0.04395604395604396,58.02948927544897,0.35868235606875,1,0.3132278092595535,0,0,0,0,0,b,NA,DHW2020 8.9,coral bleaching,DHW2020 8.9  coral bleaching,0.19578202558213337,0.929097127042652,0.38522784904320045,0.357914087802858,joint_core_brt,leave_one_event_out,2020,-0.16213206222072463,0.16213206222072463
manta,4284465,23-079,Boult Reef (23-079),2020,Southern GBR,2,3.69,0.8105745639212576,0.4830605824150165,5.4533243217087985,6.587196350097656,0.03296703296703297,75.30452287765046,0.181818187236785,1,0.181818187236785,0,0,0.202499996870756,0.1119,0.10607026372706647,NA,NA,NA,NA, ,0,0.646201612637578,0.10065565080519605,0.06504384387140262,joint_core_brt,leave_one_event_out,2020,-0.06504384387140262,0.06504384387140262
manta,4284552,23-080,Hoskyn Islands Reef (23-080),2020,Southern GBR,4,3.6,0.673505856232747,0.46745503668090443,5.4533243217087985,6.587196350097656,0.03296703296703297,75.30452287765046,0.181048326443982,1,0.181048326443982,0,0,0.0962499966844916,0.1119,0.10607026372706647,NA,NA,NA,NA, ,0,0.42901338220699903,0.15823838720428876,0.06788638568949264,joint_core_brt,leave_one_event_out,2020,-0.06788638568949264,0.06788638568949264
manta,4284502,23-081,Fairfax Islands Reef (23-081),2020,Southern GBR,3,4.55,0.8387996880898884,0.4013951176481543,5.4533243217087985,6.587196350097656,0.03296703296703297,75.30452287765046,0.0906756513383764,1,0.0906756513383764,0,0,0.021000000089407,0.2415,0.21632032596608425,NA,NA,NA,NA, ,0,0.7030981599016384,0.20178233747777566,0.14187279018127547,joint_core_brt,leave_one_event_out,2020,-0.14187279018127547,0.14187279018127547
ltmp,4187212,23-082a,Lady Musgrave Reef (23-082a),2020,Southern GBR,5,4.91,0.9383600886206768,0.6261353612748524,5.450797930900773,6.549958229064941,0.03296703296703297,75.2376810282473,0.0903493206534778,1,0.0903493206534778,0,0,0.251749996561557,0.2415,0.21632032596608425,NA,NA,NA,NA, ,0,0.8098726576430193,0.2607304822504204,0.21115848858869404,joint_core_brt,leave_one_event_out,2020,-0.21115848858869404,0.21115848858869404
manta,4284764,23-082a,Lady Musgrave Reef (23-082a),2020,Southern GBR,5,4.91,0.9383600886206768,0.4630601410169584,5.450797930900773,6.549958229064941,0.03296703296703297,75.2376810282473,0.0903493206534778,1,0.0903493206534778,0,0,0.251749996561557,0.2415,0.21632032596608425,NA,NA,NA,NA, ,0,0.8098899294643195,0.24935564721148443,0.20195062753163887,joint_core_brt,leave_one_event_out,2020,-0.20195062753163887,0.20195062753163887
ltmp,4241128,11-016,McSweeney Reef (11-016),2022,Northern GBR,2,6.72,0,0.10206708835116286,6.048990046254762,4.911509990692139,0.25555555555555554,61.227214056639745,0,0.3,0,0,0,0.194444447755814,0.197,0.1798184265758361,NA,NA,NA,NA, ,0,0.05086331133355378,0.034554364807075674,0.001757549415115484,joint_core_brt,leave_one_event_out,2022,-0.001757549415115484,0.001757549415115484
ltmp,4240948,11-029,Monsoon Reef (11-029),2022,Northern GBR,3,6.55,0.020203981877468212,0.12125299881007712,6.048990046254762,4.895129680633545,0.25555555555555554,54.52924238766865,0,0.3,0,0,0,0.200000002980232,0.2036,0.18531706577375312,NA,NA,NA,NA, ,0,0.0305313869324431,0.05799670094389098,0.0017707197173231232,joint_core_brt,leave_one_event_out,2022,-0.0017707197173231232,0.0017707197173231232
ltmp,4241525,11-049,U/N Reef (11-049),2022,Northern GBR,5,5.8100000000000005,0.048981308349736,0.19528219082275924,6.048990046254762,4.895129680633545,0.25555555555555554,54.52924238766865,0.0498473599041463,0.6,0.0498473599041463,0,0,0.780487775802612,0.691,0.5253200699164432,NA,NA,NA,NA, ,0,0.09837660692184912,0.18248137245937876,0.017951898248995846,joint_core_brt,leave_one_event_out,2022,-0.017951898248995846,0.017951898248995846
ltmp,4241315,12-056,Mantis Reef (12-056),2022,Northern GBR,3,10.45,0.21517474702332873,0.1723114487572831,6.150357064439301,5.042386054992676,0.2111111111111111,86.07130881755599,0.050152366259106,0.7,0.02529249889364944,0,0,0,0,0,NA,NA,NA,NA, ,0.014261294460282303,0.5030370370201631,0.156106168969614,0.07852718469904355,joint_core_brt,leave_one_event_out,2022,-0.06426589023876124,0.06426589023876124
manta,4285300,12-056,Mantis Reef (12-056),2022,Northern GBR,3,10.45,0.21517474702332873,0.33703276595027076,6.150357064439301,5.042386054992676,0.2111111111111111,86.07130881755599,0.050152366259106,0.7,0.02529249889364944,0,0,0,0,0,NA,NA,NA,NA, ,0,0.7031221121893616,0.20410781731949093,0.14351271962804082,joint_core_brt,leave_one_event_out,2022,-0.14351271962804082,0.14351271962804082
ltmp,4241952,12-061,Lagoon Reef (12-061),2022,Northern GBR,1,7.71,0.277758232567382,0.3012948558892937,6.150357064439301,5.084073066711426,0.13333333333333333,54.279648353109025,0.0484386681065906,0.5,0.02350020791324015,0,0,0,0,0,NA,NA,NA,NA, ,0,0.6627168141795696,0.17920006062898486,0.11875889328082657,joint_core_brt,leave_one_event_out,2022,-0.11875889328082657,0.11875889328082657
manta,4285500,12-061,Lagoon Reef (12-061),2022,Northern GBR,1,7.71,0.277758232567382,0.34639715606109467,6.150357064439301,5.084073066711426,0.13333333333333333,54.279648353109025,0.0484386681065906,0.5,0.02350020791324015,0,0,0,0,0,NA,NA,NA,NA, ,0,0.6494081797953439,0.1917695354623928,0.12453670496483117,joint_core_brt,leave_one_event_out,2022,-0.12453670496483117,0.12453670496483117
manta,4285460,12-098,Second Small Reef (12-098),2022,Northern GBR,1,8.46,0.32711814112678345,0.3511430866922869,6.150357064439301,5.084073066711426,0.13333333333333333,54.279648353109025,0.0462025976892283,0.6,0.0462025976892283,0,0,NA,0,0,NA,NA,NA,NA, ,0,0.40027863967791905,0.22110658126393237,0.0885042415721621,joint_core_brt,leave_one_event_out,2022,-0.0885042415721621,0.0885042415721621
manta,1273023,13-056,Sand Bank No 8 Reef (13-056),2022,Northern GBR,5,7.49,0.1960642027905039,0.23172291934248443,5.754086810743927,5.232616901397705,0.1,54.11748335007643,0.0947500755292494,0.6,0.0471310270232279,0,0,NA,0,0,NA,NA,NA,NA, ,0,0.505138324984212,0.1608041714777326,0.08122834983073583,joint_core_brt,leave_one_event_out,2022,-0.08122834983073583,0.08122834983073583
manta,1273190,13-118a,Creech Reef (North) (13-118a),2022,Northern GBR,2,7.94,0.18263395256926518,0.3979732078801178,5.825020814971268,5.049399375915527,0.08888888888888889,54.0042200125233,0.0512481090234852,0.8,0.02852083561888695,0,0,NA,0,0,NA,NA,NA,NA, ,0,0.8357250126914598,0.16509996427414567,0.13797816973836996,joint_core_brt,leave_one_event_out,2022,-0.13797816973836996,0.13797816973836996
manta,1273142,13-121,U/N Reef (13-121),2022,Northern GBR,3,9.34,0.1996493645654637,0.21666904425339273,6.23031663982748,5.2201762199401855,0.07777777777777778,61.79502527764437,0.0471606980463497,0.4,-0.02268434340843204,0,0,NA,0,0,NA,NA,NA,NA, ,0,0.74478240025649,0.19480251806483634,0.14508548698033708,joint_core_brt,leave_one_event_out,2022,-0.14508548698033708,0.14508548698033708
ltmp,4242162,13-124,U/N Reef (13-124),2022,Northern GBR,4,5.55,0.14891155162157527,0.29979917638459785,5.825020814971268,5.049399375915527,0.08888888888888889,54.0042200125233,0.19731509407121,0.6,0.01525386860281352,0,0,0,0,0,NA,NA,NA,NA, ,0.008363229155840207,0.7124332616659226,0.15036439597320145,0.10712459706161422,joint_core_brt,leave_one_event_out,2022,-0.09876136790577401,0.09876136790577401
manta,4285227,13-124,U/N Reef (13-124),2022,Northern GBR,4,5.55,0.14891155162157527,0.30157069902119826,5.825020814971268,5.049399375915527,0.08888888888888889,54.0042200125233,0.19731509407121,0.6,0.01525386860281352,0,0,0,0,0,NA,NA,NA,NA, ,0,0.7150864135002291,0.20968083737575338,0.14993991797875228,joint_core_brt,leave_one_event_out,2022,-0.14993991797875228,0.14993991797875228
ltmp,4184760,14-087,Snake Reef (14-087),2022,Northern GBR,1,3.63,0.47482565881965977,0.21698047006081578,6.269256244359847,5.450056076049805,0.13333333333333333,38.681727528550425,0.191775468301756,0.2,-0.1261442223542925,0,0,0,0.001,9.995003330835331e-4,NA,NA,NA,NA, ,0.015880626435146806,0.4740686931694671,0.26063727413430243,0.1235599719401009,joint_core_brt,leave_one_event_out,2022,-0.1076793455049541,0.1076793455049541
ltmp,4171458,14-114,MacGillivray Reef (14-114),2022,Northern GBR,4,3.88,0.09358090098874752,0.18257971587487679,6.228459588502013,6.290968894958496,0.08888888888888889,38.660259476645,0,0.35,0,0,0,0,0.0058,0.00578324475572733,NA,NA,NA,NA, ,0.04302678635595218,0.41725631754521403,0.21702912244588207,0.0905567724318381,joint_core_brt,leave_one_event_out,2022,-0.04752998607588592,0.04752998607588592
manta,4206377,14-114,MacGillivray Reef (14-114),2022,Northern GBR,4,3.88,0.09358090098874752,0.3045120088924622,6.228459588502013,6.290968894958496,0.08888888888888889,38.660259476645,0,0.35,0,0,0,0,0.0058,0.00578324475572733,NA,NA,NA,NA, ,0,0.6050875713865884,0.31530257959349606,0.19078567213815503,joint_core_brt,leave_one_event_out,2022,-0.19078567213815503,0.19078567213815503
ltmp,4169249,14-116a,Lizard Island Reef (North West) (14-116a),2022,Northern GBR,2,4.05,0.12788508563532167,0.16282802410731043,6.228459588502013,6.290968894958496,0.08888888888888889,38.660259476645,0,0.15,-0.046536797657609,0,0,0,0,0,NA,NA,NA,NA, ,0,0.09249008679642208,0.2093777936112326,0.019365370304346253,joint_core_brt,leave_one_event_out,2022,-0.019365370304346253,0.019365370304346253
manta,4285517,14-116a,Lizard Island Reef (North West) (14-116a),2022,Northern GBR,2,4.05,0.12788508563532167,0.19225103812166214,6.228459588502013,6.290968894958496,0.08888888888888889,38.660259476645,0,0.15,-0.046536797657609,0,0,0,0,0,NA,NA,NA,NA, ,0.013223289431955713,0.16774099387082367,0.30589870150498044,0.05131175221423984,joint_core_brt,leave_one_event_out,2022,-0.03808846278228413,0.03808846278228413
ltmp,4175201,14-126,Linnet Reef (14-126),2022,Northern GBR,5,5.14,0.7120799290486606,0.34855397477533034,6.228459588502013,5.682276725769043,0.1,27.798770058382857,0.131959415032725,0.2,-0.02501224849266598,0,0,0,0.0039,0.00389241471534383,NA,NA,NA,NA, ,0,0.8732429592745137,0.39166666199526085,0.3420201549699123,joint_core_brt,leave_one_event_out,2022,-0.3420201549699123,0.3420201549699123
manta,4285401,14-126,Linnet Reef (14-126),2022,Northern GBR,5,5.14,0.7120799290486606,0.26847883981301424,6.228459588502013,5.682276725769043,0.1,27.798770058382857,0.131959415032725,0.2,-0.02501224849266598,0,0,0,0.0039,0.00389241471534383,NA,NA,NA,NA, ,0,0.8928634572692749,0.42745672958085873,0.38166049340658303,joint_core_brt,leave_one_event_out,2022,-0.38166049340658303,0.38166049340658303
ltmp,4173744,14-137,Carter Reef (14-137),2022,Northern GBR,3,4.64,0.11162755510045248,0.28830740488365447,6.228459588502013,5.985509395599365,0.1111111111111111,61.75564549314031,0,0.35,0,0,0,0,0,0,NA,NA,NA,NA, ,0,0.22227102430990056,0.1662966750884637,0.036962932311243556,joint_core_brt,leave_one_event_out,2022,-0.036962932311243556,0.036962932311243556
manta,3988789,14-137,Carter Reef (14-137),2022,Northern GBR,3,4.64,0.11162755510045248,0.27333834081647773,6.228459588502013,5.985509395599365,0.1111111111111111,61.75564549314031,0,0.35,0,0,0,0,0,0,NA,NA,NA,NA, ,0,0.23592309795507344,0.22966684697777226,0.054183714036569824,joint_core_brt,leave_one_event_out,2022,-0.054183714036569824,0.054183714036569824
ltmp,4175970,14-138,Yonge Reef (14-138),2022,Northern GBR,1,4.65,0.1480934608370982,0.3026710530032551,6.228459588502013,5.985509395599365,0.1111111111111111,61.75564549314031,0,0.4,0,0,0,0,0,0,NA,NA,NA,NA, ,0,0.3186316185603807,0.2085573347771546,0.06645296114268394,joint_core_brt,leave_one_event_out,2022,-0.06645296114268394,0.06645296114268394
manta,4206461,14-138,Yonge Reef (14-138),2022,Northern GBR,1,4.65,0.1480934608370982,0.2530980472252443,6.228459588502013,5.985509395599365,0.1111111111111111,61.75564549314031,0,0.4,0,0,0,0,0,0,NA,NA,NA,NA, ,0,0.23048506711038533,0.2300736468811265,0.053028539941727536,joint_core_brt,leave_one_event_out,2022,-0.053028539941727536,0.053028539941727536
ltmp,4169993,14-139,No Name Reef (14-139),2022,Northern GBR,3,4.32,0.1782672759319418,0.29850797723535266,6.228459588502013,6.00985860824585,0.1111111111111111,60.49914788861235,0,0.4,0,0,0,0,0,0,NA,NA,NA,NA, ,0,0.12713163029455518,0.2297686499796303,0.029210863062489417,joint_core_brt,leave_one_event_out,2022,-0.029210863062489417,0.029210863062489417
manta,3988851,14-139,No Name Reef (14-139),2022,Northern GBR,3,4.32,0.1782672759319418,0.2310673985478165,6.228459588502013,6.00985860824585,0.1111111111111111,60.49914788861235,0,0.4,0,0,0,0,0,0,NA,NA,NA,NA, ,0.051974149260180035,0.08755713282869845,0.23771390632706435,0.020813548071507555,joint_core_brt,leave_one_event_out,2022,0.03116060118867248,0.03116060118867248
ltmp,4172232,14-143,North Direction Reef (14-143),2022,Northern GBR,5,4.36,0.40341642236557596,0.12012836820424704,6.228459588502013,6.290968894958496,0.08888888888888889,38.660259476645,0,0.35,0,0,0,0,0.0058,0.00578324475572733,NA,NA,NA,NA, ,0.025737524031269332,0.04780209055807162,0.0490788191681779,0.002346070158360461,joint_core_brt,leave_one_event_out,2022,0.02339145387290887,0.02339145387290887
manta,4206411,15-009,Forrester Reef (15-009),2022,Northern GBR,3,3.74,0.4434674341121681,0.2590405199034229,6.160607942896971,6.182407855987549,0.06666666666666667,26.81989949840036,0.0848162523506803,0.4,-0.0049077574864654,0,0,0,0.0017,0.00169855663558147,NA,NA,NA,NA, ,0,0.4352480481060119,0.13596367417165447,0.059177923796534394,joint_core_brt,leave_one_event_out,2022,-0.059177923796534394,0.059177923796534394
manta,4006063,15-012,Boulder Reef (15-012),2022,Northern GBR,4,2.64,0.4155479405924643,0.26032528409459676,6.13825371641662,6.421562194824219,0.05555555555555555,26.7877398724011,0.129174799261907,0.5,-0.01239515244757649,0,0,0,8e-4,7.996801705643322e-4,NA,NA,NA,NA, ,0,0.42005873579188,0.10600122357496443,0.044526739967291985,joint_core_brt,leave_one_event_out,2022,-0.044526739967291985,0.044526739967291985
manta,4006090,15-013,Egret Reef (15-013),2022,Northern GBR,5,2.8000000000000003,0.36464503927829445,0.11954703074719278,6.13825371641662,6.421562194824219,0.05555555555555555,26.7877398724011,0.0835661326723756,0.2,-0.1286077163660999,0,0,NA,0.0014,0.00139902091370734,NA,NA,NA,NA, ,0,0.10059656873762525,0.06887238064652665,0.006928325173832209,joint_core_brt,leave_one_event_out,2022,-0.006928325173832209,0.006928325173832209
manta,1273616,15-085,Lena Reef (15-085),2022,Northern GBR,2,3.3200000000000003,0.2681112390803129,0.36389346994541305,6.098781009362737,6.859919548034668,0.07777777777777778,53.51013110890626,0,0.4,0,0,0,0,0,0,NA,NA,NA,NA, ,0,0.40279636112231887,0.06363791196532755,0.02563311936905641,joint_core_brt,leave_one_event_out,2022,-0.02563311936905641,0.02563311936905641
ltmp,4176751,15-099c,Agincourt Reefs (No 1) (15-099c),2022,Central GBR,1,4.33,0.25797491087869023,0.23587484012350973,6.008514722857338,6.266332149505615,0.07777777777777778,53.443772818368494,0.0455829123835978,0.9,0.0455829123835978,0,0,0,0,0,NA,NA,NA,NA, ,0,0.13812622680145079,0.0755909665054549,0.010441094983673333,joint_core_brt,leave_one_event_out,2022,-0.010441094983673333,0.010441094983673333
manta,4206428,15-099c,Agincourt Reefs (No 1) (15-099c),2022,Central GBR,1,4.33,0.25797491087869023,0.31842898872164854,6.008514722857338,6.266332149505615,0.07777777777777778,53.443772818368494,0.0455829123835978,0.9,0.0455829123835978,0,0,0,0,0,NA,NA,NA,NA, ,0,0.19628417127610007,0.1593242395143491,0.03127282631726889,joint_core_brt,leave_one_event_out,2022,-0.03127282631726889,0.03127282631726889
manta,4206194,16-015,Mackay Reef (16-015),2022,Central GBR,4,4.14,0.08315407203687368,0.4508135826329015,6.008514722857338,6.266332149505615,0.07777777777777778,53.443772818368494,0.0454545468091965,0.45,-0.00108225084841249,0,0,0,4e-4,3.999200213269354e-4,u,NA,Aerial bl 4 in 2022,unknown,Aerial bl 4 in 2022  unknown,0.33138512291027894,0.5054797536487128,0.35847384987329617,0.1812012733234594,joint_core_brt,leave_one_event_out,2022,0.15018384958681955,0.15018384958681955
ltmp,4170713,16-028,Low Islands Reef (16-028),2022,Central GBR,5,4.33,0.07313090878400381,0.351152015296988,6.22644406812429,2.904274225234986,0.5666666666666667,26.65400763146825,0.126918001743471,0,-0.13167633207102647,0,0,0,3e-4,2.9995500899797546e-4,NA,NA,NA,NA, ,0.006709065866115191,0.2527844588996054,0.19764452762982387,0.04996146497137313,joint_core_brt,leave_one_event_out,2022,-0.04325239910525794,0.04325239910525794
manta,4206351,16-028,Low Islands Reef (16-028),2022,Central GBR,5,4.33,0.07313090878400381,0.3877109804880718,6.22644406812429,2.904274225234986,0.5666666666666667,26.65400763146825,0.126918001743471,0,-0.13167633207102647,0,0,0,3e-4,2.9995500899797546e-4,NA,NA,NA,NA, ,0,0.3481113882110841,0.2649219013880185,0.09222233085970306,joint_core_brt,leave_one_event_out,2022,-0.09222233085970306,0.09222233085970306
manta,4068394,16-049,Green Island Reef (16-049),2022,Central GBR,2,4.23,0.2622221473568544,0.16394949444706505,5.9714322021140145,6.466094493865967,0.04444444444444444,38.476277836573935,0.074243179949019,0,-0.091059177611562,0,0,0.0148809527357419,0.0161,0.01597176950969866,NA,NA,NA,NA, ,0,0.17272033465855302,0.28754226245560627,0.0496643957998098,joint_core_brt,leave_one_event_out,2022,-0.0496643957998098,0.0496643957998098
ltmp,4179543,16-057,Hastings Reef (16-057),2022,Central GBR,2,4.74,0.13685594143549068,0.13348873682117463,6.123609879110241,6.72470235824585,0.03333333333333333,60.09013295337378,0,0.25,-0.0236453410017313,0,0,0,0.003,0.00299550897979847,NA,NA,NA,NA, ,0,0.037982677984778446,0.18874207928058004,0.007168929619491796,joint_core_brt,leave_one_event_out,2022,-0.007168929619491796,0.007168929619491796
manta,4206248,16-057,Hastings Reef (16-057),2022,Central GBR,2,4.74,0.13685594143549068,0.17340000487170631,6.123609879110241,6.72470235824585,0.03333333333333333,60.09013295337378,0,0.25,-0.0236453410017313,0,0,0,0.003,0.00299550897979847,NA,NA,NA,NA, ,0,0.17860979694260956,0.3114976368652969,0.05563652966861341,joint_core_brt,leave_one_event_out,2022,-0.05563652966861341,0.05563652966861341
ltmp,4178611,16-068,Thetford Reef (16-068),2022,Central GBR,5,4.6000000000000005,0.1391397442593864,0.2056648669248214,5.9714322021140145,6.727018356323242,0.04444444444444444,60.028158717834764,0.0456819441095574,0.4,-0.0013829853855064,0,0,0.00342465750873089,0.0036,0.00359353551013017,NA,NA,NA,NA, ,0,0.0641144212920629,0.23211453504140084,0.014881889087655671,joint_core_brt,leave_one_event_out,2022,-0.014881889087655671,0.014881889087655671
manta,4068552,16-068,Thetford Reef (16-068),2022,Central GBR,5,4.6000000000000005,0.1391397442593864,0.3082641255354968,5.9714322021140145,6.727018356323242,0.04444444444444444,60.028158717834764,0.0456819441095574,0.4,-0.0013829853855064,0,0,0.00342465750873089,0.0036,0.00359353551013017,NA,NA,NA,NA, ,0.1317402536462841,0.12132274005900998,0.30927381535823983,0.03752194670776598,joint_core_brt,leave_one_event_out,2022,0.09421830693851813,0.09421830693851813
ltmp,3753787,17-024,Peart Reef (17-024),2022,Central GBR,3,4.48,0.28757915269354717,0.24000687783132776,6.284666861554833,6.148778438568115,0.05555555555555555,53.02430121520352,0.0455277726505272,0.5,8.985617695703163e-6,0,0,0,2e-4,1.9998000266626675e-4,NA,NA,NA,NA, ,0,0.39104894740577134,0.24958428785002684,0.09759967305277205,joint_core_brt,leave_one_event_out,2022,-0.09759967305277205,0.09759967305277205
manta,4067479,17-024,Peart Reef (17-024),2022,Central GBR,3,4.48,0.28757915269354717,0.12719263909223225,6.284666861554833,6.148778438568115,0.05555555555555555,53.02430121520352,0.0455277726505272,0.5,8.985617695703163e-6,0,0,0,2e-4,1.9998000266626675e-4,NA,NA,NA,NA, ,0,0.08976179322194278,0.2442668494599511,0.021925830432199558,joint_core_brt,leave_one_event_out,2022,-0.021925830432199558,0.021925830432199558
ltmp,3754967,17-034,Feather Reef (17-034),2022,Central GBR,4,4.65,0.3042376115459002,0.292014693498269,6.284666861554833,6.148778438568115,0.05555555555555555,53.02430121520352,0.0456530240923085,0.6,1.984772831120016e-4,0,0,0,2e-4,1.9998000266626675e-4,NA,NA,NA,NA, ,0,0.4689894686234354,0.1116309291403109,0.05235373013945478,joint_core_brt,leave_one_event_out,2022,-0.05235373013945478,0.05235373013945478
manta,4068669,17-034,Feather Reef (17-034),2022,Central GBR,4,4.65,0.3042376115459002,0.15191129623016722,6.284666861554833,6.148778438568115,0.05555555555555555,53.02430121520352,0.0456530240923085,0.6,1.984772831120016e-4,0,0,0,2e-4,1.9998000266626675e-4,NA,NA,NA,NA, ,0,0.16043264375495356,0.10291665745554987,0.016511191442016817,joint_core_brt,leave_one_event_out,2022,-0.016511191442016817,0.016511191442016817
ltmp,3802954,17-063a,Farquharson Reef (No 1) (17-063a),2022,Central GBR,1,5.1000000000000005,0.15948356377765885,0.07060503826758416,6.157238244302861,5.968624591827393,0.07777777777777778,52.950848061604326,0.045811266741732,0.6,0.02308399333713375,0,0,0,2e-4,1.9998000266626675e-4,b,NA,DHW 5,coral bleaching,DHW 5  coral bleaching,0,0.042672585445948596,0.11236196247686142,0.004794775444668339,joint_core_brt,leave_one_event_out,2022,-0.004794775444668339,0.004794775444668339
ltmp,3752583,17-064,Taylor Reef (17-064),2022,Central GBR,4,5.1000000000000005,0.19780815383919248,0.08642161922812694,6.157238244302861,5.968624591827393,0.07777777777777778,52.950848061604326,0.0454545468091965,0.55,0.02272727340459825,0,0,0,1e-4,9.999500033330834e-5,b,NA,Aerial bl 5 2022,coral bleaching,Aerial bl 5 2022  coral bleaching,0.034606223172175335,0.052503194378452904,0.11148758677580653,0.005853454439274806,joint_core_brt,leave_one_event_out,2022,0.02875276873290053,0.02875276873290053
manta,4067740,17-064,Taylor Reef (17-064),2022,Central GBR,4,5.1000000000000005,0.19780815383919248,0.17976974148809752,6.157238244302861,5.968624591827393,0.07777777777777778,52.950848061604326,0.0454545468091965,0.55,0.02272727340459825,0,0,0,1e-4,9.999500033330834e-5,b,NA,DHW 5.2 in 2022,coral bleaching,DHW 5.2 in 2022  coral bleaching,0,0.1830208790496463,0.21825922648954257,0.039945995492811935,joint_core_brt,leave_one_event_out,2022,-0.039945995492811935,0.039945995492811935
ltmp,4226572,18-030,Kelso Reef (18-030),2022,Central GBR,5,5.24,0.38025490391862365,0.1952648378937214,5.855806844803085,6.213714122772217,0.05555555555555555,83.77527323363911,0,0.4,0,0,0,0.00925925932824612,0.0061,0.00608147031586796,b,NA,DHW 5,coral bleaching,DHW 5  coral bleaching,0.003661896794402073,0.47094051410283017,0.1693785086285951,0.07976720193152123,joint_core_brt,leave_one_event_out,2022,-0.07610530513711916,0.07610530513711916
manta,4066152,18-030,Kelso Reef (18-030),2022,Central GBR,5,5.24,0.38025490391862365,0.3974596401457077,5.855806844803085,6.213714122772217,0.05555555555555555,83.77527323363911,0,0.4,0,0,0,0.00925925932824612,0.0061,0.00608147031586796,b,NA,DHW  5.2 in 2022 max bl obs 35% avg 5%,coral bleaching,DHW  5.2 in 2022 max bl obs 35% avg 5%  coral bleaching,0.12764122335033576,0.6996411476167523,0.199493096404263,0.13957357890989797,joint_core_brt,leave_one_event_out,2022,-0.011932355559562208,0.011932355559562208
manta,4067872,18-031,Little Kelso Reef (18-031),2022,Central GBR,1,5.11,0.6403023434382549,0.21921067973529001,5.855806844803085,6.213714122772217,0.05555555555555555,83.77527323363911,0,0.4,0,0,0,NA,0.0051,0.0050870390485571,NA,NA,NA,NA, ,0,0.4825078917170166,0.1915081379018207,0.09240418786565918,joint_core_brt,leave_one_event_out,2022,-0.09240418786565918,0.09240418786565918
ltmp,4239585,18-032,Rib Reef (18-032),2022,Central GBR,3,5.2,0.14359001595396717,0.0997242371122222,5.855806844803085,5.935077667236328,0.06666666666666667,59.56981330964312,0,0.45,0,0,0,0,4e-4,3.999200213269354e-4,NA,NA,NA,NA, ,0,0.09984111273478061,0.09360441860992455,0.009345569310907072,joint_core_brt,leave_one_event_out,2022,-0.009345569310907072,0.009345569310907072
manta,4068046,18-032,Rib Reef (18-032),2022,Central GBR,3,5.2,0.14359001595396717,0.24122436832919858,5.855806844803085,5.935077667236328,0.06666666666666667,59.56981330964312,0,0.45,0,0,0,0,4e-4,3.999200213269354e-4,NA,NA,NA,NA, ,0.0608903191997818,0.39974987516426014,0.16488166407793198,0.06591142463202879,joint_core_brt,leave_one_event_out,2022,-0.005021105432246986,0.005021105432246986
ltmp,4236107,18-034,Myrmidon Reef (18-034),2022,Central GBR,2,6.3,0.33819050843864445,0.3697596233721244,5.992377985825294,6.531012535095215,0.03333333333333333,132.00208142190922,0,0.45,0,0,0,0,0,0,NA,NA,NA,NA, ,0,0.47718376079259694,0.17087010991449936,0.0815364416560452,joint_core_brt,leave_one_event_out,2022,-0.0815364416560452,0.0815364416560452
manta,4066114,18-034,Myrmidon Reef (18-034),2022,Central GBR,2,6.3,0.33819050843864445,0.4558055097016767,5.992377985825294,6.531012535095215,0.03333333333333333,132.00208142190922,0,0.45,0,0,0,0,0,0,NA,NA,NA,NA, ,0,0.5812541768429683,0.21818775226619644,0.1268225423407055,joint_core_brt,leave_one_event_out,2022,-0.1268225423407055,0.1268225423407055
ltmp,4230872,18-039,Dip Reef (18-039),2022,Central GBR,1,5.36,0.5760877307329031,0.31689543213190297,5.695513886198068,6.561284065246582,0.02222222222222222,111.1950802335326,0,0.4,0,0,0,0,0,0,b,NA,"21% bleached on scuba in 2022, DHW 5",coral bleaching,"21% bleached on scuba in 2022, DHW 5  coral bleaching",0.2110656708765323,0.48261973190438573,0.2511252126784352,0.12119798281729824,joint_core_brt,leave_one_event_out,2022,0.08986768805923406,0.08986768805923406
manta,4066268,18-039,Dip Reef (18-039),2022,Central GBR,1,5.36,0.5760877307329031,0.23603623786272127,5.695513886198068,6.561284065246582,0.02222222222222222,111.1950802335326,0,0.4,0,0,0,0,0,0,b,NA,"21% bleached on scuba in 2022, DHW 5",NA,"21% bleached on scuba in 2022, DHW 5 ",0,0.3930187524075325,0.2148995499668465,0.0844595530209102,joint_core_brt,leave_one_event_out,2022,-0.0844595530209102,0.0844595530209102
mmp,4137925,18-049e,Orpheus (Goolboddi) Island Reef (No 5) (18-049e),2022,Central GBR,2,5.32,0.952450917852772,0.3851611837499122,5.855806844803085,4.865782260894775,0.17777777777777778,38.297776879451746,0.085844906492414,0,-0.3610111062851105,0,0,NA,0.0016,0.00159872136369702,NA,NA,NA,NA, ,0,0.5689618631603218,0.18792774858493383,0.10692372197440848,joint_core_brt,leave_one_event_out,2022,-0.10692372197440848,0.10692372197440848
mmp,4137941,18-049e,Orpheus (Goolboddi) Island Reef (No 5) (18-049e),2022,Central GBR,2,5.32,0.8918840412843337,0.5003421914661126,5.855806844803085,4.865782260894775,0.17777777777777778,38.297776879451746,0.085844906492414,0,-0.3610111062851105,0,0,NA,0.0016,0.00159872136369702,NA,NA,NA,NA, ,0,0.5792534203906978,0.13513748755037633,0.07827885188656084,joint_core_brt,leave_one_event_out,2022,-0.07827885188656084,0.07827885188656084
mmp,4148237,18-065,Havannah Reef (18-065),2022,Central GBR,3,7.62,0.23774567695213517,0.27437408589903456,5.855806844803085,4.72960901260376,0.17777777777777778,26.32349077361211,0.2214084500122,0,-0.29025431619532394,0,0,NA,0.0038,0.00379279823869623,b,NA,NA,NA, ,0,0.3356126662760198,0.20217276672591597,0.06785174128928444,joint_core_brt,leave_one_event_out,2022,-0.06785174128928444,0.06785174128928444
mmp,4148254,18-065,Havannah Reef (18-065),2022,Central GBR,3,7.62,0.2696576013949048,0.34581651181221046,5.855806844803085,4.72960901260376,0.17777777777777778,26.32349077361211,0.2214084500122,0,-0.29025431619532394,0,0,NA,0.0038,0.00379279823869623,b,NA,NA,NA, ,0,0.326981558844538,0.11905008449199984,0.03892718220776807,joint_core_brt,leave_one_event_out,2022,-0.03892718220776807,0.03892718220776807
ltmp,4235331,18-075,John Brewer Reef (18-075),2022,Central GBR,2,5.07,0.3274919913363907,0.09516622020338282,5.4877762332016085,6.064676761627197,0.06666666666666667,61.49749903428462,0,0.45,0,0,0,0.00287356320768595,0.0048,0.00478851673179717,NA,NA,NA,NA, ,0,0.11098386849428239,0.11848724392828894,0.01315017269838718,joint_core_brt,leave_one_event_out,2022,-0.01315017269838718,0.01315017269838718
manta,4068097,18-075,John Brewer Reef (18-075),2022,Central GBR,2,5.07,0.3274919913363907,0.21970358441731644,5.4877762332016085,6.064676761627197,0.06666666666666667,61.49749903428462,0,0.45,0,0,0,0.00287356320768595,0.0048,0.00478851673179717,NA,NA,NA,NA, ,0,0.4043032929801247,0.1811422844817357,0.07323642211390828,joint_core_brt,leave_one_event_out,2022,-0.07323642211390828,0.07323642211390828
manta,4068128,19-019,Bowden Reef (19-019),2022,Central GBR,4,5.46,0.4307029323829688,0.2715744325933211,5.695513886198068,6.938038349151611,0.02222222222222222,76.46017695595671,0.07834136437137,1,0.07834136437137,0,0,0.0447495554884275,0.0398,0.03902838696747834,NA,NA,NA,NA, ,0,0.3662082169921349,0.17784044360275608,0.06512663176085563,joint_core_brt,leave_one_event_out,2022,-0.06512663176085563,0.06512663176085563
ltmp,4233080,19-131a,U/N Reef (19-131a),2022,Central GBR,5,5.01,0.12377120797830181,0.4569332932822629,5.508089913956192,7.009622573852539,0.02222222222222222,61.428452679898,0,0.45,0,0,0,0,0.0167,0.01656208829897829,b,NA,Bleaching Feb Mar 2022,coral bleaching,Bleaching Feb Mar 2022  coral bleaching,0.05120229541017936,0.37877951442503716,0.2115446190864641,0.08012876809680032,joint_core_brt,leave_one_event_out,2022,-0.028926472686620963,0.028926472686620963
manta,4067676,19-131a,U/N Reef (19-131a),2022,Central GBR,5,5.01,0.12377120797830181,0.3325481924748038,5.508089913956192,7.009622573852539,0.02222222222222222,61.428452679898,0,0.45,0,0,0,0,0.0167,0.01656208829897829,b,NA,DHW 5  bl avg 20% surveyed Feb 2022,coral bleaching,DHW 5  bl avg 20% surveyed Feb 2022  coral bleaching,0.22874494410334925,0.3471378049283572,0.19225962463615365,0.06674058407254428,joint_core_brt,leave_one_event_out,2022,0.16200436003080498,0.16200436003080498
manta,4067704,19-135,Hardy Reef (19-135),2022,Central GBR,5,5.75,0.10560591585883483,0.35239193833274607,5.508089913956192,7.009622573852539,0.02222222222222222,61.428452679898,0,0.4,0,0,0,0.0525462981313467,0.0341,0.03353148320879232,NA,NA,NA,NA, ,0.0032213750165761223,0.22818786520250878,0.1801692320259155,0.04111243243116913,joint_core_brt,leave_one_event_out,2022,-0.03789105741459301,0.03789105741459301
ltmp,4231592,19-138,U/N Reef (19-138),2022,Central GBR,3,5.4,0.13171524539313872,0.39030569859564873,5.508089913956192,6.965577602386475,0.03333333333333333,76.29258334678795,0,0.45,0,0,0,0.0344827584922314,0.0167,0.01656208829897829,b,NA,DHW 5.2 surveyed Jan 2022,NA,DHW 5.2 surveyed Jan 2022 ,0,0.16131414591688534,0.232691670302745,0.03753645805686078,joint_core_brt,leave_one_event_out,2022,-0.03753645805686078,0.03753645805686078
manta,4067381,19-138,U/N Reef (19-138),2022,Central GBR,3,5.4,0.13171524539313872,0.23653896322951035,5.508089913956192,6.965577602386475,0.03333333333333333,76.29258334678795,0,0.45,0,0,0,0.0344827584922314,0.0167,0.01656208829897829,b,NA,DHW 5.2 surveyed Jan 2022,coral bleaching,DHW 5.2 surveyed Jan 2022  coral bleaching,0.1493955455903655,0.11599281181690166,0.2328230384019057,0.027005798879991518,joint_core_brt,leave_one_event_out,2022,0.12238974671037398,0.12238974671037398
ltmp,4227304,19-159,Slate Reef (19-159),2022,Central GBR,1,5.63,0.6665396773316883,0.500384492419732,5.508089913956192,6.930583953857422,0.04444444444444444,118.35940764116184,0,0.45,0,0,0,0,7e-4,6.997551142733419e-4,b,NA,Bleaching 4 from aerial survey in Mar 2022,coral bleaching,Bleaching 4 from aerial survey in Mar 2022  coral bleaching,0.07882366099461278,0.2606382136981399,0.18807311764396042,0.04901904142736196,joint_core_brt,leave_one_event_out,2022,0.029804619567250827,0.029804619567250827
manta,4067118,19-159,Slate Reef (19-159),2022,Central GBR,1,5.63,0.6665396773316883,0.5953545711068241,5.508089913956192,6.930583953857422,0.04444444444444444,118.35940764116184,0,0.45,0,0,0,0,7e-4,6.997551142733419e-4,b,NA,Bleaching 4 from aerial survey in Mar 2022,NA,Bleaching 4 from aerial survey in Mar 2022 ,0,0.2779220637922646,0.18235271829299557,0.050679843806118764,joint_core_brt,leave_one_event_out,2022,-0.050679843806118764,0.050679843806118764
ltmp,4228739,19-207,Hyde Reef (19-207),2022,Central GBR,4,5.25,0.753738774354097,0.3814819891518439,5.508089913956192,6.930583953857422,0.04444444444444444,118.35940764116184,0,0.5,0,0,0,0,2e-4,1.9998000266626675e-4,b,NA,Bleaching 4 from aerial survey in Mar 2022,coral bleaching,Bleaching 4 from aerial survey in Mar 2022  coral bleaching,0,0.14529628855738738,0.17403602521857106,0.02528678853953825,joint_core_brt,leave_one_event_out,2022,-0.02528678853953825,0.02528678853953825
manta,4066823,19-207,Hyde Reef (19-207),2022,Central GBR,4,5.25,0.753738774354097,0.5944273144565613,5.508089913956192,6.930583953857422,0.04444444444444444,118.35940764116184,0,0.5,0,0,0,0,2e-4,1.9998000266626675e-4,b,NA,Bleaching 4 from aerial survey in Mar 2022,coral bleaching,Bleaching 4 from aerial survey in Mar 2022  coral bleaching,0.07726692618489125,0.14582923606986498,0.20003476800484823,0.029170917405559688,joint_core_brt,leave_one_event_out,2022,0.04809600877933157,0.04809600877933157
ltmp,4228046,19-209,Rebe Reef (19-209),2022,Central GBR,5,6.8500000000000005,0.7434954451364487,0.368710670183207,5.508089913956192,6.890400409698486,0.06666666666666667,141.95146623793426,0,0.5,0,0,0,0,1e-4,9.999500033330834e-5,b,NA,Aerial bl 4,coral bleaching,Aerial bl 4  coral bleaching,0.06782948341534499,0.1018680520320468,0.14230578986514889,0.014496413606444504,joint_core_brt,leave_one_event_out,2022,0.053333069808900485,0.053333069808900485
manta,4067241,19-209,Rebe Reef (19-209),2022,Central GBR,5,6.8500000000000005,0.7434954451364487,0.5741580696324947,5.508089913956192,6.890400409698486,0.06666666666666667,141.95146623793426,0,0.5,0,0,0,0,1e-4,9.999500033330834e-5,b,NA,Aerial bl 4,NA,Aerial bl 4 ,0,0.1201510009289423,0.15324299072552802,0.018412298721016816,joint_core_brt,leave_one_event_out,2022,-0.018412298721016816,0.018412298721016816
ltmp,4229436,20-067a,Border Island Reef (No 1) (20-067a),2022,Central GBR,5,4.51,0.058608782757494114,0.16255069723460983,5.508089913956192,6.371947765350342,0.05555555555555555,0,0.0915118916772376,0.1,-0.15143144737256137,0,0,0,0,0,NA,NA,NA,NA, ,0,0.03027441078011046,0.050076570969114685,0.0015160386799783323,joint_core_brt,leave_one_event_out,2022,-0.0015160386799783323,0.0015160386799783323
manta,4067541,20-067a,Border Island Reef (No 1) (20-067a),2022,Central GBR,5,4.51,0.058608782757494114,0.12331520904575231,5.508089913956192,6.371947765350342,0.05555555555555555,0,0.0915118916772376,0.1,-0.15143144737256137,0,0,0,0,0,NA,NA,NA,NA, ,0.07748414173352586,0.01369028233310671,0.03939517979227843,5.393311339197919e-4,joint_core_brt,leave_one_event_out,2022,0.07694481059960606,0.07694481059960606
manta,4067755,20-104,U/N Reef (20-104),2022,Central GBR,4,4.07,0.20685377657459916,0.26785735123735,5.508089913956192,6.964337348937988,0.03333333333333333,83.09235604782566,0,0.35,0,0,0,0,8e-4,7.996801705643322e-4,b,NA,DHW 4 in 2022,coral bleaching,DHW 4 in 2022  coral bleaching,0.39437688158228135,0.0883779189728715,0.10541272582620062,0.009316157341777478,joint_core_brt,leave_one_event_out,2022,0.38506072424050386,0.38506072424050386
manta,4067798,20-287,Credlin Reefs (East) (20-287),2022,Southern GBR,2,6.51,0.20966956723622424,0.14328757398651668,5.508089913956192,7.123820781707764,0.04444444444444444,107.88088100039306,0,0.45,0,0,0,0,1e-4,9.999500033330834e-5,NA,NA,NA,NA, ,0.09457581203760122,0.018675037252649143,0.1543038450435662,0.0028816300544155997,joint_core_brt,leave_one_event_out,2022,0.09169418198318563,0.09169418198318563
manta,4066467,20-348,U/N Reef (20-348),2022,Southern GBR,3,2.22,0.3708205178152828,0.2746771328069593,4.680770370834313,7.1280903816223145,0.07777777777777778,148.29161899510453,0.0917561236384401,1,0.0917561236384401,0,0,0,0.0064,0.00637960696403902,NA,NA,NA,NA, ,0.010417185101924542,0.42428308761091876,0.0972705577835015,0.0412702525900203,joint_core_brt,leave_one_event_out,2022,-0.030853067488095756,0.030853067488095756
manta,4066909,20-351a,Pompey Reef (No 1) (20-351a),2022,Southern GBR,5,4.28,0.058722623793624355,0.2759387739125331,4.680770370834313,7.221946716308594,0.04444444444444444,138.99385029191623,0.0766016448298905,0.9,0.0766016448298905,0,0,0,0,0,NA,NA,NA,NA, ,0,0.34988106013379866,0.06340034708267941,0.022182580650138662,joint_core_brt,leave_one_event_out,2022,-0.022182580650138662,0.022182580650138662
manta,4067071,20-351b,Pompey Reef (No 2) (20-351b),2022,Southern GBR,1,3.54,0.22891578835787424,0.16119543476160914,4.680770370834313,7.221946716308594,0.04444444444444444,138.99385029191623,0.0497073454411604,0.9,0.0497073454411604,0,0,0,0,0,NA,NA,NA,NA, ,0,0.2622679311904402,0.21723164454465535,0.056972894003823826,joint_core_brt,leave_one_event_out,2022,-0.056972894003823826,0.056972894003823826
manta,4067592,20-354,U/N Reef (20-354),2022,Southern GBR,4,2.26,0.4313846662551198,0.38973927386568513,4.680770370834313,7.1280903816223145,0.07777777777777778,148.29161899510453,0.095238097012043,1,0.095238097012043,0,0,0.0384615398943424,0.0321,0.03159556158975056,NA,NA,NA,NA, ,0,0.2902507910504968,0.13888811773403328,0.04031238603981769,joint_core_brt,leave_one_event_out,2022,-0.04031238603981769,0.04031238603981769
manta,4067143,21-060,U/N Reef (21-060),2022,Southern GBR,3,3.47,0.20192871987990474,0.23358807516797667,4.680770370834313,7.221946716308594,0.04444444444444444,138.99385029191623,0.0842042966665529,0.9,0.0842042966665529,0,0,0,0,0,NA,NA,NA,NA, ,0,0.4713256795535834,0.2098370086367605,0.09890157069121229,joint_core_brt,leave_one_event_out,2022,-0.09890157069121229,0.09890157069121229
manta,4067088,21-139,U/N Reef (21-139),2022,Southern GBR,4,1.7,0.15529961611979165,0.6170571930111527,4.680770370834313,7.186666011810303,0.06666666666666667,132.67491596944663,0,0.45,0,0,0,0,0.0121,0.01202738021271845,NA,NA,NA,NA, ,0,0.34868174089208925,0.07155055542427201,0.024948372227131085,joint_core_brt,leave_one_event_out,2022,-0.024948372227131085,0.024948372227131085
ltmp,4180544,21-588,Wade Reef (21-588),2022,Southern GBR,5,0.35000000000000003,0.1966783568466646,0.05637651204605025,4.904269856819504,7.161059379577637,0.06666666666666667,221.91002299353315,0,0.5,0,0,0,0,0.7973,0.5862855387758519,NA,NA,NA,NA, ,0,0.013921809132249666,0.0871650840712804,0.0012134956634368614,joint_core_brt,leave_one_event_out,2022,-0.0012134956634368614,0.0012134956634368614
manta,3989108,21-588,Wade Reef (21-588),2022,Southern GBR,5,0.35000000000000003,0.1966783568466646,0.11624284478773304,4.904269856819504,7.161059379577637,0.06666666666666667,221.91002299353315,0,0.5,0,0,0,0,0.7973,0.5862855387758519,NA,NA,NA,NA, ,0,0.01302986759838417,0.11469617835311188,0.0014944760179817042,joint_core_brt,leave_one_event_out,2022,-0.0014944760179817042,0.0014944760179817042
manta,4067533,21-591,U/N Reef (21-591),2022,Southern GBR,2,4.39,0.20283455157690689,0.20412286640784397,4.834412533420393,7.288726806640625,0.03333333333333333,117.60569926842686,0.0476190485060215,1,0.0476190485060215,0,0,0,0,0,NA,NA,NA,NA, ,0,0.3786342654718111,0.13780964072199045,0.05217945208970504,joint_core_brt,leave_one_event_out,2022,-0.05217945208970504,0.05217945208970504
ltmp,4181247,23-068,Erskine Reef (23-068),2022,Southern GBR,1,0.3,0.7593164761552691,0.3722891432714571,4.998616526444868,7.21446418762207,0.03333333333333333,58.02948927544897,0.0917874996121685,0.8,0.046332952802972,0,0,0,0,0,NA,NA,NA,NA, ,0.0097366301817107,0.13720394212922912,0.24343873921202513,0.0334007546868592,joint_core_brt,leave_one_event_out,2022,-0.0236641245051485,0.0236641245051485
manta,4284413,23-068,Erskine Reef (23-068),2022,Southern GBR,1,0.3,0.7593164761552691,0.38618781451875744,4.998616526444868,7.21446418762207,0.03333333333333333,58.02948927544897,0.0917874996121685,0.8,0.046332952802972,0,0,0,0,0,NA,NA,NA,NA, ,0,0.15250884835781894,0.24069025555875223,0.03670739368621443,joint_core_brt,leave_one_event_out,2022,-0.03670739368621443,0.03670739368621443
ltmp,4181619,23-069,Mast Head Reef (23-069),2022,Southern GBR,2,0.3,0.6522506444934912,0.26627492154498017,4.998616526444868,7.21446418762207,0.03333333333333333,58.02948927544897,0.112514124622965,0.9,0.0670595778137685,0,0,0,0,0,NA,NA,NA,NA, ,0,0.41701667445876467,0.22995162382974482,0.09589366145587301,joint_core_brt,leave_one_event_out,2022,-0.09589366145587301,0.09589366145587301
manta,4284515,23-069,Mast Head Reef (23-069),2022,Southern GBR,2,0.3,0.6522506444934912,0.3550158388635014,4.998616526444868,7.21446418762207,0.03333333333333333,58.02948927544897,0.112514124622965,0.9,0.0670595778137685,0,0,0,0,0,NA,NA,NA,NA, ,0.03703252762917277,0.3321725070921902,0.236303989869262,0.07849368875076027,joint_core_brt,leave_one_event_out,2022,-0.04146116112158749,0.04146116112158749
manta,4284500,23-081,Fairfax Islands Reef (23-081),2022,Southern GBR,3,0.31,0.8164554968023345,0.5928227645153532,5.010595086378757,7.218351364135742,0.04444444444444444,75.30452287765046,0,0.35,0,0,0,0.0109609611332417,0.0433,0.04238876649178663,m,NA,NA,"coral disease, crown-of-thorns starfish","  coral disease, crown-of-thorns starfish",0.10754495163927952,0.29119351353513145,0.15199729676908963,0.044260626894033296,joint_core_brt,leave_one_event_out,2022,0.06328432474524623,0.06328432474524623
ltmp,4241126,11-016,McSweeney Reef (11-016),2024,Northern GBR,2,5.43,0,0.11197523789881832,6.492034321653199,5.674314975738525,0.14285714285714285,61.227214056639745,0.175338227942203,1,0.175338227942203,0,0,0,0.004,0.00399202126953745,NA,NA,NA,NA, ,0,0.2800095964343891,0.07020685461722442,0.01965859302829684,joint_core_brt,leave_one_event_out,2024,-0.01965859302829684,0.01965859302829684
ltmp,4240946,11-029,Monsoon Reef (11-029),2024,Northern GBR,3,5.4,0.04414182150574954,0.16594303089337115,6.492034321653199,5.711098670959473,0.14285714285714285,54.52924238766865,0.143377982925101,0.9,0.143377982925101,0,0,0.0740740746259689,0.0598,0.05808021107652465,NA,NA,NA,NA, ,0.04432306029797992,0.31493000748234445,0.07436207926386573,0.023418850178971926,joint_core_brt,leave_one_event_out,2024,0.020904210119007997,0.020904210119007997
ltmp,4241313,12-056,Mantis Reef (12-056),2024,Northern GBR,3,8.73,0.216141422466712,0.193189922320597,6.420027608820439,5.7271037101745605,0.15384615384615383,86.07130881755599,0.058949040699155,0.9,0.01226818083992944,0,0,0,0,0,b,NA,similar hc to prior but slightly lower,coral bleaching,similar hc to prior but slightly lower  coral bleaching,0.11879415194527741,0.1602530548875912,0.15702707962500345,0.025164069209983833,joint_core_brt,leave_one_event_out,2024,0.09363008273529358,0.09363008273529358
manta,4285298,12-056,Mantis Reef (12-056),2024,Northern GBR,3,8.73,0.216141422466712,0.42120549680955033,6.420027608820439,5.7271037101745605,0.15384615384615383,86.07130881755599,0.058949040699155,0.9,0.01226818083992944,0,0,0,0,0,b,NA,DHW 8.91,coral bleaching,DHW 8.91  coral bleaching,0.2638245588761013,0.1581746103829084,0.1459146017798446,0.023079985285704152,joint_core_brt,leave_one_event_out,2024,0.24074457359039714,0.24074457359039714
ltmp,4241950,12-061,Lagoon Reef (12-061),2024,Northern GBR,1,5.54,0.3241122180549288,0.32829276929333295,6.420027608820439,5.631319999694824,0.16483516483516483,54.279648353109025,0.033256764816276,0.6,0.01794252278248349,0,0,0,0,0,b,NA,decline hc abs 7% rel 25% DHW 5.54,coral bleaching,decline hc abs 7% rel 25% DHW 5.54  coral bleaching,0.20439217846985944,0.1881820382664341,0.11215984008397123,0.021106467318639,joint_core_brt,leave_one_event_out,2024,0.18328571115122044,0.18328571115122044
manta,4285498,12-061,Lagoon Reef (12-061),2024,Northern GBR,1,5.54,0.3241122180549288,0.5429476932960781,6.420027608820439,5.631319999694824,0.16483516483516483,54.279648353109025,0.033256764816276,0.6,0.01794252278248349,0,0,0,0,0,b,NA,DHW 5.54- cots prior,coral bleaching,DHW 5.54- cots prior  coral bleaching,0.1983460233310179,0.19182887598304327,0.10933769759238922,0.02097412763172192,joint_core_brt,leave_one_event_out,2024,0.17737189569929596,0.17737189569929596
ltmp,4242160,13-124,U/N Reef (13-124),2024,Northern GBR,4,7.65,0.1774292151097992,0.315898372616265,6.655036804576533,5.196862697601318,0.1868131868131868,54.0042200125233,0.289484885761631,0.8,0.10742366029323452,0,0,0,0,0,b,NA,DHW 7.65,NA,DHW 7.65 ,0,0.1910570897065693,0.09815712815585453,0.018753615239412318,joint_core_brt,leave_one_event_out,2024,-0.018753615239412318,0.018753615239412318
manta,4285225,13-124,U/N Reef (13-124),2024,Northern GBR,4,7.65,0.1774292151097992,0.3940946693282352,6.655036804576533,5.196862697601318,0.1868131868131868,54.0042200125233,0.289484885761631,0.8,0.10742366029323452,0,0,0,0,0,b,NA,DHW 7.65,coral bleaching,DHW 7.65  coral bleaching,0.38359369951258004,0.19474627814831405,0.08921015544649137,0.01737334574623674,joint_core_brt,leave_one_event_out,2024,0.3662203537663433,0.3662203537663433
manta,4285433,13-127,Rodda Reef (13-127),2024,Northern GBR,4,7.23,0.3284942720325735,0.4008909239757581,6.686516551675772,5.148830890655518,0.17582417582417584,38.723631859261,0.157033639186111,0.8,0.08343184913394575,0,0,0,0,0,b,NA,DHW 7.23,coral bleaching,DHW 7.23  coral bleaching,0.14416255797900124,0.1439291052643397,0.09540099501572956,0.013730979853941686,joint_core_brt,leave_one_event_out,2024,0.13043157812505957,0.13043157812505957
ltmp,4240550,13-130,Davie Reef (13-130),2024,Northern GBR,4,7.03,0.4165932314736618,0.5412236066213202,6.686516551675772,5.385504722595215,0.17582417582417584,27.79877005838321,0.19893148191917,0.9,0.07486658984324951,0,0,0,0,0,b,NA,Aerial bl 2 2024  DHW 7.03,NA,Aerial bl 2 2024  DHW 7.03 ,0.027744635881124392,0.15521696057645018,0.09853947896522791,0.015294998421769722,joint_core_brt,leave_one_event_out,2024,0.01244963745935467,0.01244963745935467
manta,4285380,13-130,Davie Reef (13-130),2024,Northern GBR,4,7.03,0.4165932314736618,0.3531554979789382,6.686516551675772,5.385504722595215,0.17582417582417584,27.79877005838321,0.19893148191917,0.9,0.07486658984324951,0,0,0,0,0,b,NA,Aerial bl 2 2024  DHW 7.03,coral bleaching,Aerial bl 2 2024  DHW 7.03  coral bleaching,7.179161652642996e-4,0.15521696057645018,0.09540099501572956,0.014807852482310615,joint_core_brt,leave_one_event_out,2024,-0.014089936317046315,0.014089936317046315
manta,4285342,13-133,Tydeman Reef (13-133),2024,Northern GBR,5,7.18,0.36088278135206137,0.38356413829938735,6.686516551675772,5.385504722595215,0.17582417582417584,27.79877005838321,0.154226945103219,0.9,0.06331785148482759,0,0,0,0,0,b,NA,Aerial bl 3 2024 DHW 7.18,coral bleaching,Aerial bl 3 2024 DHW 7.18  coral bleaching,0.26606508064600476,0.1378836745235293,0.09540099501572956,0.013154239745969694,joint_core_brt,leave_one_event_out,2024,0.25291084090003507,0.25291084090003507
ltmp,4242370,14-016,Corbett Reef (14-016),2024,Northern GBR,5,7.49,0.29881445006710233,0.21731972604234384,6.495755978645292,5.167435646057129,0.17582417582417584,53.946045548395595,0.580108750421401,1,0.296049051889948,0,0,0,0,0,b,NA,Aerial bl 3 2024 DHW 6.82,NA,Aerial bl 3 2024 DHW 6.82 ,0.09426476809555026,0.13509095650940842,0.11429611106148646,0.015440370968601782,joint_core_brt,leave_one_event_out,2024,0.07882439712694848,0.07882439712694848
manta,4285333,14-016,Corbett Reef (14-016),2024,Northern GBR,5,7.49,0.29881445006710233,0.32459695544892575,6.495755978645292,5.167435646057129,0.17582417582417584,53.946045548395595,0.580108750421401,1,0.296049051889948,0,0,0,0,0,b,NA,Aerial bl 3 2024 DHW 6.82,coral bleaching,Aerial bl 3 2024 DHW 6.82  coral bleaching,0.41992308186246713,0.13509095650940842,0.09822313750731157,0.01326905759721787,joint_core_brt,leave_one_event_out,2024,0.40665402426524927,0.40665402426524927
ltmp,4241733,14-045,Sand Bank No 1 Reef (14-045),2024,Northern GBR,4,7.16,0.35876184588002236,0.42214123311310725,6.686516551675772,5.571252822875977,0.2087912087912088,53.88684402433357,0.127170719473362,0.4,-0.00895666424692048,0,0,0,0,0,b,NA,DHW 8.19,NA,DHW 8.19 ,0.010579124127506553,0.131294498150026,0.1345380447402646,0.017664105066258786,joint_core_brt,leave_one_event_out,2024,-0.007084980938752233,0.007084980938752233
manta,4285211,14-045,Sand Bank No 1 Reef (14-045),2024,Northern GBR,4,7.16,0.35876184588002236,0.449334665923309,6.686516551675772,5.571252822875977,0.2087912087912088,53.88684402433357,0.127170719473362,0.4,-0.00895666424692048,0,0,0,0,0,b,NA,DHW 8.19,coral bleaching,DHW 8.19  coral bleaching,0.1631671639396755,0.131294498150026,0.13139956079076626,0.01725203939115749,joint_core_brt,leave_one_event_out,2024,0.14591512454851802,0.14591512454851802
ltmp,4184758,14-087,Snake Reef (14-087),2024,Northern GBR,1,6.91,0.49661045255586744,0.26604015820313404,6.721013396401132,5.019526481628418,0.24175824175824176,38.681727528550425,0.513612464304515,1,0.2588340779562835,0,0,NA,0.0042,0.00419120461846807,b,NA,hc declines,coral bleaching,hc declines  coral bleaching,0.13933691300676979,0.1362746658591547,0.1453336439161817,0.019805293762771032,joint_core_brt,leave_one_event_out,2024,0.11953161924399876,0.11953161924399876
ltmp,4171456,14-114,MacGillivray Reef (14-114),2024,Northern GBR,4,5.93,0.22238725883456137,0.16676184000596264,6.662192357426267,5.6041412353515625,0.1978021978021978,38.660259476645,0.0434454558104632,0.8,0.0434454558104632,0,0,0,0.0092,0.00915793778476562,b,NA,DHW 6.03,NA,DHW 6.03 ,0,0.1523456584841586,0.11598274237219687,0.017669467259490854,joint_core_brt,leave_one_event_out,2024,-0.017669467259490854,0.017669467259490854
manta,4206375,14-114,MacGillivray Reef (14-114),2024,Northern GBR,4,5.93,0.22238725883456137,0.4652605846420815,6.662192357426267,5.6041412353515625,0.1978021978021978,38.660259476645,0.0434454558104632,0.8,0.0434454558104632,0,0,0,0.0092,0.00915793778476562,b,NA,DHW 6.03,coral bleaching,DHW 6.03  coral bleaching,0.3889435143171571,0.20324126294805092,0.12463793735263866,0.02533157179879033,joint_core_brt,leave_one_event_out,2024,0.3636119425183668,0.3636119425183668
ltmp,4169247,14-116a,Lizard Island Reef (North West) (14-116a),2024,Northern GBR,2,6.2700000000000005,0.14877724148928995,0.16532056503156148,6.662192357426267,5.6041412353515625,0.1978021978021978,38.660259476645,0.0473388095731419,0.6,0.02459738366791302,0,0,0,0,0,b,NA,DHW 6.27  aerial bl 4,NA,DHW 6.27  aerial bl 4 ,0,0.1382670013426991,0.11201944250410904,0.015488592407124049,joint_core_brt,leave_one_event_out,2024,-0.015488592407124049,0.015488592407124049
manta,4285515,14-116a,Lizard Island Reef (North West) (14-116a),2024,Northern GBR,2,6.2700000000000005,0.14877724148928995,0.2133297856632696,6.662192357426267,5.6041412353515625,0.1978021978021978,38.660259476645,0.0473388095731419,0.6,0.02459738366791302,0,0,0,0,0,b,NA,DHW 6.27  aerial bl 4,coral bleaching,DHW 6.27  aerial bl 4  coral bleaching,0.46158023498627077,0.17348651369695942,0.12883348371855308,0.022350871937765755,joint_core_brt,leave_one_event_out,2024,0.439229363048505,0.439229363048505
manta,3988617,14-118,Eyrie Reef (14-118),2024,Northern GBR,1,6.2700000000000005,0.5154641976894707,0.32029059765378537,6.662192357426267,5.6041412353515625,0.1978021978021978,38.660259476645,0.387817227069386,1,0.2936125563709091,0,0,0.0737812916437785,0.0613,0.05949457178563976,b,NA,DHW 6.27 to 6.32,coral bleaching,DHW 6.27 to 6.32  coral bleaching,0.5256729155551548,0.13875684731058677,0.14349118365544977,0.019910384260894608,joint_core_brt,leave_one_event_out,2024,0.5057625312942602,0.5057625312942602
ltmp,4172974,14-123,Martin Reef (14-123),2024,Northern GBR,1,6.4,0.5837078855804666,0.20952153168187226,6.662192357426267,5.099393844604492,0.2307692307692308,27.798770058382857,0.530025205470943,1,0.3896797019922375,0,0,0.0158266127109528,0.0201,0.01990066170633616,b,NA,no decline,coral bleaching,no decline  coral bleaching,0.3676370188512778,0.14266899404413924,0.15074770351559824,0.021507023215034553,joint_core_brt,leave_one_event_out,2024,0.34612999563624325,0.34612999563624325
manta,4285469,14-123,Martin Reef (14-123),2024,Northern GBR,1,6.4,0.5837078855804666,0.2716942520166412,6.662192357426267,5.099393844604492,0.2307692307692308,27.798770058382857,0.530025205470943,1,0.3896797019922375,0,0,0.0158266127109528,0.0201,0.01990066170633616,b,NA,DHW 6.73 aerial bl 5,coral bleaching,DHW 6.73 aerial bl 5  coral bleaching,0.19967709485407348,0.1498888841474704,0.14993349954452645,0.02247336494305433,joint_core_brt,leave_one_event_out,2024,0.17720372991101915,0.17720372991101915
ltmp,4175199,14-126,Linnet Reef (14-126),2024,Northern GBR,5,6.73,0.6343256027311654,0.31732653959228374,6.662192357426267,5.099393844604492,0.2307692307692308,27.798770058382857,0.536864378405265,1,0.39753303003351054,0,0,0.024274891987443,0.0201,0.01990066170633616,b,NA,DHW 6.73,coral bleaching,DHW 6.73  coral bleaching,0.41417830964770835,0.13170554232064458,0.15237454876358708,0.02006857258077174,joint_core_brt,leave_one_event_out,2024,0.39410973706693664,0.39410973706693664
manta,4285399,14-126,Linnet Reef (14-126),2024,Northern GBR,5,6.73,0.6343256027311654,0.4278475351183221,6.662192357426267,5.099393844604492,0.2307692307692308,27.798770058382857,0.536864378405265,1,0.39753303003351054,0,0,0.024274891987443,0.0201,0.01990066170633616,b,NA,DHW 6.73,coral bleaching,DHW 6.73  coral bleaching,0.7147170912272767,0.13443915257477426,0.1341768674482679,0.01803862435488295,joint_core_brt,leave_one_event_out,2024,0.6966784668723938,0.6966784668723938
ltmp,4173742,14-137,Carter Reef (14-137),2024,Northern GBR,3,8.21,0.18196194788730014,0.37643575381068406,6.662192357426267,5.418431758880615,0.21978021978021975,61.75564549314031,0,0.4,0,0,0,0,0,0,b,NA,DHW 8.21,NA,DHW 8.21 ,0,0.18370918741363348,0.12449479643184545,0.022870837889720046,joint_core_brt,leave_one_event_out,2024,-0.022870837889720046,0.022870837889720046
manta,3988787,14-137,Carter Reef (14-137),2024,Northern GBR,3,8.21,0.18196194788730014,0.26646593358861137,6.662192357426267,5.418431758880615,0.21978021978021975,61.75564549314031,0,0.4,0,0,0,0,0,0,b,NA,DHW 8.21,coral bleaching,DHW 8.21  coral bleaching,0,0.1801822969802722,0.11956701537995558,0.021543859474235927,joint_core_brt,leave_one_event_out,2024,-0.021543859474235927,0.021543859474235927
ltmp,4175968,14-138,Yonge Reef (14-138),2024,Northern GBR,1,8.08,0.2688625059919296,0.3680986269041048,6.662192357426267,5.418431758880615,0.21978021978021975,61.75564549314031,0,0.45,0,4,1.6094379124341005,0,0,0,b,NA,Aerial bl 2 2024 DHW 8.08,NA,Aerial bl 2 2024 DHW 8.08 ,0,0.19207923980573105,0.13096040952855906,0.02515477590689284,joint_core_brt,leave_one_event_out,2024,-0.02515477590689284,0.02515477590689284
manta,4206459,14-138,Yonge Reef (14-138),2024,Northern GBR,1,8.08,0.2688625059919296,0.2873801234301697,6.662192357426267,5.418431758880615,0.21978021978021975,61.75564549314031,0,0.45,0,4,1.6094379124341005,0,0,0,b,NA,Aerial bl 2 2024 DHW 8.08,coral bleaching,Aerial bl 2 2024 DHW 8.08  coral bleaching,0.11897693253026977,0.18842875218135027,0.14094180473340437,0.02655748839610291,joint_core_brt,leave_one_event_out,2024,0.09241944413416686,0.09241944413416686
ltmp,4169991,14-139,No Name Reef (14-139),2024,Northern GBR,3,7.61,0.28556436252650325,0.44282285881471023,6.662192357426267,5.407689571380615,0.2087912087912088,60.49914788861235,0,0.45,0,0,0,0,0,0,b,NA,increase in hc,coral bleaching,increase in hc  coral bleaching,0,0.15327672853302376,0.12174812491758216,0.018661154292396908,joint_core_brt,leave_one_event_out,2024,-0.018661154292396908,0.018661154292396908
manta,3988849,14-139,No Name Reef (14-139),2024,Northern GBR,3,7.61,0.28556436252650325,0.2124716767376835,6.662192357426267,5.407689571380615,0.2087912087912088,60.49914788861235,0,0.45,0,0,0,0,0,0,b,NA,DHW 7.98 aerial bl 1,coral bleaching,DHW 7.98 aerial bl 1  coral bleaching,0,0.1429931450083293,0.12940524014400087,0.018504062268748792,joint_core_brt,leave_one_event_out,2024,-0.018504062268748792,0.018504062268748792
ltmp,4172230,14-143,North Direction Reef (14-143),2024,Northern GBR,5,6.23,0.4371273713667701,0.17564623667562165,6.662192357426267,5.6041412353515625,0.1978021978021978,38.660259476645,0.0201384624835262,0.8,0.0201384624835262,0,0,0,0.0092,0.00915793778476562,b,NA,decline in hc and sc,coral bleaching,decline in hc and sc  coral bleaching,0.27692573545021293,0.25017529126230165,0.11262670627032124,0.028176419045091314,joint_core_brt,leave_one_event_out,2024,0.2487493164051216,0.2487493164051216
manta,3988509,14-147a,South Direction Reef (North) (14-147a),2024,Northern GBR,2,6.4,0.41269945972762634,0.22989179569720097,6.662192357426267,5.6041412353515625,0.1978021978021978,38.660259476645,0.0447928826902812,0.5,0.02107278940083535,0,0,0,0.0076,0.00757126549631807,b,NA,DHW 6.4 aerial bl 5,coral bleaching,DHW 6.4 aerial bl 5  coral bleaching,0.22265891983111194,0.19206974618851885,0.144972466624185,0.027844824868830734,joint_core_brt,leave_one_event_out,2024,0.1948140949622812,0.1948140949622812
manta,4206312,15-030,Swinger Reef (15-030),2024,Northern GBR,1,3.87,0.5685984833602956,0.41001831853403453,6.7363531973548385,5.366098403930664,0.15384615384615383,26.81989949840036,0.149812788731616,1,0.10100326410607618,0,0,0,0.0025,0.00249688019858719,b,NA,DHW 3.87,coral bleaching,DHW 3.87  coral bleaching,0.34618830788839955,0.2548083214389027,0.04956255643558662,0.012628951811572711,joint_core_brt,leave_one_event_out,2024,0.33355935607682685,0.33355935607682685
ltmp,4176749,15-099c,Agincourt Reefs (No 1) (15-099c),2024,Central GBR,1,6.97,0.38200659369933787,0.3627972623729205,6.6724338344427165,5.55191707611084,0.15384615384615383,53.443772818368494,0.044311645741118,0.7,0.044311645741118,0,0,0,0,0,m,NA,declines hc and sc B Jasper,"coral bleaching, Cyclone Jasper","declines hc and sc B Jasper  coral bleaching, Cyclone Jasper",0.147059946921269,0.20204520622353037,0.17228636531656602,0.03480963420988807,joint_core_brt,leave_one_event_out,2024,0.11225031271138093,0.11225031271138093
manta,4206426,15-099c,Agincourt Reefs (No 1) (15-099c),2024,Central GBR,1,6.97,0.38200659369933787,0.44560178073362894,6.6724338344427165,5.55191707611084,0.15384615384615383,53.443772818368494,0.044311645741118,0.7,0.044311645741118,0,0,0,0,0,m,NA,Aerial bl 3 2024 DHW 6.97,"coral bleaching, Cyclone Jasper","Aerial bl 3 2024 DHW 6.97  coral bleaching, Cyclone Jasper",0.23551593127835632,0.20204520622353037,0.15810777420710048,0.03194491784521699,joint_core_brt,leave_one_event_out,2024,0.20357101343313933,0.20357101343313933
mmp,4160180,16-006,Snapper Reef (16-006),2024,Central GBR,5,6.93,0.2276483309360394,0.16863589480805166,6.812168274251864,3.162578821182251,0.5164835164835165,26.688203488870816,0.897197855579998,0.9,0.15894063309421047,0,0,NA,0.001,9.995003330835331e-4,m,Jasper,NA,"Cyclone Jasper, flood waters at 2.0 m only, coral bleaching at 5.0 m only | flood waters, Cyclone Jasper"," Jasper Cyclone Jasper, flood waters at 2.0 m only, coral bleaching at 5.0 m only | flood waters, Cyclone Jasper",0.6942901257684129,0.10648239690557494,0.12035763445053692,0.012815969402178173,joint_core_brt,leave_one_event_out,2024,0.6814741563662347,0.6814741563662347
mmp,4160201,16-006,Snapper Reef (16-006),2024,Central GBR,5,6.93,0.2276483309360394,0.5029984341764817,6.812168274251864,3.162578821182251,0.5164835164835165,26.688203488870816,0.897197855579998,0.9,0.15894063309421047,0,0,NA,0.001,9.995003330835331e-4,m,Jasper,NA,"Cyclone Jasper, flood waters at 2.0 m only, coral bleaching at 5.0 m only | flood waters, Cyclone Jasper"," Jasper Cyclone Jasper, flood waters at 2.0 m only, coral bleaching at 5.0 m only | flood waters, Cyclone Jasper",1,0.131294498150026,0.12376880600158853,0.016250163270606494,joint_core_brt,leave_one_event_out,2024,0.9837498367293935,0.9837498367293935
mmp,4160222,16-006,Snapper Reef (16-006),2024,Central GBR,5,6.93,0.13825214405281794,0.3378998441589269,6.812168274251864,3.162578821182251,0.5164835164835165,26.688203488870816,0.897197855579998,0.9,0.15894063309421047,0,0,NA,0.001,9.995003330835331e-4,m,Jasper,NA,"Cyclone Jasper, flood waters at 2.0 m only, coral bleaching at 5.0 m only | flood waters, Cyclone Jasper"," Jasper Cyclone Jasper, flood waters at 2.0 m only, coral bleaching at 5.0 m only | flood waters, Cyclone Jasper",0,0.128615328324316,0.1085010353885519,0.01395489629002683,joint_core_brt,leave_one_event_out,2024,-0.01395489629002683,0.01395489629002683
mmp,4160243,16-006,Snapper Reef (16-006),2024,Central GBR,5,6.93,0.13825214405281794,0.5789794313776275,6.812168274251864,3.162578821182251,0.5164835164835165,26.688203488870816,0.897197855579998,0.9,0.15894063309421047,0,0,NA,0.001,9.995003330835331e-4,m,Jasper,NA,"Cyclone Jasper, flood waters at 2.0 m only, coral bleaching at 5.0 m only | flood waters, Cyclone Jasper"," Jasper Cyclone Jasper, flood waters at 2.0 m only, coral bleaching at 5.0 m only | flood waters, Cyclone Jasper",1,0.131294498150026,0.10567889289696988,0.013875057207958008,joint_core_brt,leave_one_event_out,2024,0.986124942792042,0.986124942792042
ltmp,4174485,16-015,Mackay Reef (16-015),2024,Central GBR,4,3.52,0.11108575555250783,0.24202255587051924,6.6724338344427165,5.55191707611084,0.15384615384615383,53.443772818368494,0.0670124787248476,0.8,0.04428520532024935,0,0,0,4e-4,3.999200213269354e-4,m,Jasper,NA,"Cyclone Jasper, flood waters, coral bleaching"," Jasper Cyclone Jasper, flood waters, coral bleaching",0.2553628149610071,0.1601127956318193,0.07818647386467326,0.012518654911067009,joint_core_brt,leave_one_event_out,2024,0.24284416004994008,0.24284416004994008
manta,4206192,16-015,Mackay Reef (16-015),2024,Central GBR,4,3.52,0.11108575555250783,0.4251201626271228,6.6724338344427165,5.55191707611084,0.15384615384615383,53.443772818368494,0.0670124787248476,0.8,0.04428520532024935,0,0,0,4e-4,3.999200213269354e-4,m,NA,DHW 4.03,"coral bleaching, Cyclone Jasper, flood waters","DHW 4.03  coral bleaching, Cyclone Jasper, flood waters",0.6125403307582871,0.16332510761323996,0.07111291543349592,0.011614524565866953,joint_core_brt,leave_one_event_out,2024,0.6009258061924201,0.6009258061924201
ltmp,4177618,16-019,St Crispin Reef (16-019),2024,Central GBR,4,5.87,0.5909846656384597,0.3897013622185705,6.6724338344427165,5.55191707611084,0.15384615384615383,53.443772818368494,0.0118783666655456,0.5,-0.01084890673905264,28.6666666666667,3.3900240810640314,0.00590551178902388,0.002,0.00199800266267305,m,NA,DHW 6.98,"coral bleaching, Cyclone Jasper","DHW 6.98  coral bleaching, Cyclone Jasper",0.14925263511949396,0.24039939652296724,0.10934785078318561,0.02628715733936129,joint_core_brt,leave_one_event_out,2024,0.12296547778013267,0.12296547778013267
manta,4206488,16-019,St Crispin Reef (16-019),2024,Central GBR,4,5.87,0.5909846656384597,0.2113603665534798,6.6724338344427165,5.55191707611084,0.15384615384615383,53.443772818368494,0.0118783666655456,0.5,-0.01084890673905264,28.6666666666667,3.3900240810640314,0.00590551178902388,0.002,0.00199800266267305,m,NA,DHW 6.98,"coral bleaching, Cyclone Jasper","DHW 6.98  coral bleaching, Cyclone Jasper",0.20745558753288798,0.22582958596752023,0.11932924598803088,0.02694807421529339,joint_core_brt,leave_one_event_out,2024,0.1805075133175946,0.1805075133175946
ltmp,4170711,16-028,Low Islands Reef (16-028),2024,Central GBR,5,6.42,0.07365554786941506,0.37695421002497653,6.900914657280194,2.825014591217041,0.6263736263736264,26.65400763146825,0.564896066302209,1,0.289486881626768,0,0,0,1e-4,9.999500033330834e-5,m,Jasper,NA,"Cyclone Jasper, flood waters, coral bleaching"," Jasper Cyclone Jasper, flood waters, coral bleaching",0.17859848813708523,0.14567892405676833,0.1283472051710264,0.01869748275500842,joint_core_brt,leave_one_event_out,2024,0.1599010053820768,0.1599010053820768
manta,4206349,16-028,Low Islands Reef (16-028),2024,Central GBR,5,6.42,0.07365554786941506,0.5110399637147486,6.900914657280194,2.825014591217041,0.6263736263736264,26.65400763146825,0.564896066302209,1,0.289486881626768,0,0,0,1e-4,9.999500033330834e-5,m,Jasper,Jasper,"Cyclone Jasper, flood waters, coral bleaching","Jasper Jasper Cyclone Jasper, flood waters, coral bleaching",0.4177050324727606,0.14567892405676833,0.12520872122152807,0.018240271790076066,joint_core_brt,leave_one_event_out,2024,0.3994647606826845,0.3994647606826845
mmp,4162774,16-054a,Fitzroy Island Reef (No 1) (16-054a),2024,Central GBR,2,7.82,0.589862940713534,0.4612107630161933,6.977581085825649,4.643918514251709,0.2087912087912088,26.584094214082956,0.529954681473679,0.9,0.18146982260318445,0,0,0,1e-4,9.999500033330834e-5,b | m,NA,partial bleaching during bleaching surveys Feb24 | bleaching observed during targetted bleaching surveys,"coral bleaching at 2.0 m only | coral bleaching at 2.0 m only, Cyclone Jasper","partial bleaching during bleaching surveys Feb24 | bleaching observed during targetted bleaching surveys  coral bleaching at 2.0 m only | coral bleaching at 2.0 m only, Cyclone Jasper",0.5242365308289569,0.1486529807755207,0.12359840691202408,0.0183732716065781,joint_core_brt,leave_one_event_out,2024,0.5058632592223788,0.5058632592223788
mmp,4162795,16-054a,Fitzroy Island Reef (No 1) (16-054a),2024,Central GBR,2,7.82,0.24786093423705963,0.3867415894390473,6.977581085825649,4.643918514251709,0.2087912087912088,26.584094214082956,0.529954681473679,0.9,0.18146982260318445,0,0,0,1e-4,9.999500033330834e-5,b | m,NA,partial bleaching during bleaching surveys Feb24 | bleaching observed during targetted bleaching surveys,"coral bleaching at 2.0 m only | coral bleaching at 2.0 m only, Cyclone Jasper","partial bleaching during bleaching surveys Feb24 | bleaching observed during targetted bleaching surveys  coral bleaching at 2.0 m only | coral bleaching at 2.0 m only, Cyclone Jasper",0.07995491504811622,0.14041101837922507,0.11169933337664369,0.015683817151695104,joint_core_brt,leave_one_event_out,2024,0.06427109789642112,0.06427109789642112
mmp,4162816,16-054a,Fitzroy Island Reef (No 1) (16-054a),2024,Central GBR,2,7.82,0.589862940713534,0.3457760050245789,6.977581085825649,4.643918514251709,0.2087912087912088,26.584094214082956,0.529954681473679,0.9,0.18146982260318445,0,0,0,1e-4,9.999500033330834e-5,b | m,NA,partial bleaching during bleaching surveys Feb24 | bleaching observed during targetted bleaching surveys,"coral bleaching at 2.0 m only | coral bleaching at 2.0 m only, Cyclone Jasper","partial bleaching during bleaching surveys Feb24 | bleaching observed during targetted bleaching surveys  coral bleaching at 2.0 m only | coral bleaching at 2.0 m only, Cyclone Jasper",0.2690843862833956,0.14567899761697647,0.12359840691202408,0.018005692025998842,joint_core_brt,leave_one_event_out,2024,0.25107869425739676,0.25107869425739676
mmp,4162832,16-054a,Fitzroy Island Reef (No 1) (16-054a),2024,Central GBR,2,7.82,0.24786093423705963,0.3731568893226376,6.977581085825649,4.643918514251709,0.2087912087912088,26.584094214082956,0.529954681473679,0.9,0.18146982260318445,0,0,0,1e-4,9.999500033330834e-5,b | m,NA,partial bleaching during bleaching surveys Feb24 | bleaching observed during targetted bleaching surveys,"coral bleaching at 2.0 m only | coral bleaching at 2.0 m only, Cyclone Jasper","partial bleaching during bleaching surveys Feb24 | bleaching observed during targetted bleaching surveys  coral bleaching at 2.0 m only | coral bleaching at 2.0 m only, Cyclone Jasper",0,0.14041101837922507,0.11169933337664369,0.015683817151695104,joint_core_brt,leave_one_event_out,2024,-0.015683817151695104,0.015683817151695104
ltmp,4179541,16-057,Hastings Reef (16-057),2024,Central GBR,2,7.62,0.1802122772005963,0.16959245778756643,6.940920589169635,6.116461753845215,0.13186813186813187,60.09013295337378,0.08249482618129,0.9,0.05884948517955871,38,3.6635616461296463,0,2e-4,1.9998000266626675e-4,m,Jasper,small decline,"Cyclone Jasper, coral bleaching","small decline Jasper Cyclone Jasper, coral bleaching",0.1327893266155054,0.1223156664957575,0.09725143396320066,0.011895373962877036,joint_core_brt,leave_one_event_out,2024,0.12089395265262837,0.12089395265262837
manta,4206246,16-057,Hastings Reef (16-057),2024,Central GBR,2,7.62,0.1802122772005963,0.2675786329407455,6.940920589169635,6.116461753845215,0.13186813186813187,60.09013295337378,0.08249482618129,0.9,0.05884948517955871,38,3.6635616461296463,0,2e-4,1.9998000266626675e-4,m,Jasper,Jasper,"Cyclone Jasper, coral bleaching","Jasper Jasper Cyclone Jasper, coral bleaching",0.4288792674978628,0.16189229856119328,0.10730998876846709,0.01737266074030297,joint_core_brt,leave_one_event_out,2024,0.41150660675755985,0.41150660675755985
ltmp,4178609,16-068,Thetford Reef (16-068),2024,Central GBR,5,7.34,0.1800947025045891,0.22060182847007123,6.977581085825649,6.070464134216309,0.12087912087912088,60.028158717834764,0.0704767616531914,0.8,0.02438038435635965,34,3.5553480614894135,0,0,0,b,NA,Aerial bl 3 2024 DHW 7.63 2024,NA,Aerial bl 3 2024 DHW 7.63 2024 ,0.05542349117761327,0.18296267338968786,0.09815712815585453,0.017959090579649346,joint_core_brt,leave_one_event_out,2024,0.03746440059796392,0.03746440059796392
manta,4068550,16-068,Thetford Reef (16-068),2024,Central GBR,5,7.34,0.1800947025045891,0.2945187715384348,6.977581085825649,6.070464134216309,0.12087912087912088,60.028158717834764,0.0704767616531914,0.8,0.02438038435635965,34,3.5553480614894135,0,0,0,b,NA,Aerial bl 3 2024 DHW 7.63 2024,coral bleaching,Aerial bl 3 2024 DHW 7.63 2024  coral bleaching,0.22109938427513848,0.18296267338968786,0.09501864420635617,0.0173848651658585,joint_core_brt,leave_one_event_out,2024,0.20371451910927998,0.20371451910927998
mmp,4164846,17-009a,Tobias Spit (17-009a),2024,Central GBR,3,6.32,0.2715440227550341,0.3552809499113012,6.845372987621058,2.7769243717193604,0.6153846153846154,26.548377985167942,0.748991096360115,0.8,0.14855903622271094,0,0,NA,1e-4,9.999500033330834e-5,m,NA,clear depth limit to level of mortality,"flood waters at 2.0 m only, Cyclone Jasper at 2.0 m only, crown-of-thorns starfish at 5.0 m only","clear depth limit to level of mortality  flood waters at 2.0 m only, Cyclone Jasper at 2.0 m only, crown-of-thorns starfish at 5.0 m only",0.5493500371623812,0.13874569459843208,0.12684095347297653,0.017598636193135533,joint_core_brt,leave_one_event_out,2024,0.5317514009692457,0.5317514009692457
mmp,4164863,17-009a,Tobias Spit (17-009a),2024,Central GBR,3,6.32,0.2715440227550341,0.4636944779061943,6.845372987621058,2.7769243717193604,0.6153846153846154,26.548377985167942,0.748991096360115,0.8,0.14855903622271094,0,0,NA,1e-4,9.999500033330834e-5,m,NA,clear depth limit to level of mortality,"flood waters at 2.0 m only, Cyclone Jasper at 2.0 m only, crown-of-thorns starfish at 5.0 m only","clear depth limit to level of mortality  flood waters at 2.0 m only, Cyclone Jasper at 2.0 m only, crown-of-thorns starfish at 5.0 m only",0,0.13874569459843208,0.12684095347297653,0.017598636193135533,joint_core_brt,leave_one_event_out,2024,-0.017598636193135533,0.017598636193135533
mmp,4164883,17-009a,Tobias Spit (17-009a),2024,Central GBR,3,6.32,0.22859264013099512,0.36068740498006996,6.845372987621058,2.7769243717193604,0.6153846153846154,26.548377985167942,0.748991096360115,0.8,0.14855903622271094,0,0,NA,1e-4,9.999500033330834e-5,m,NA,clear depth limit to level of mortality,"flood waters at 2.0 m only, Cyclone Jasper at 2.0 m only, crown-of-thorns starfish at 5.0 m only","clear depth limit to level of mortality  flood waters at 2.0 m only, Cyclone Jasper at 2.0 m only, crown-of-thorns starfish at 5.0 m only",0.07674865937178825,0.13874569459843208,0.1149418799375961,0.015947690970391355,joint_core_brt,leave_one_event_out,2024,0.0608009684013969,0.0608009684013969
mmp,4164900,17-009a,Tobias Spit (17-009a),2024,Central GBR,3,6.32,0.22859264013099512,0.16238442810370077,6.845372987621058,2.7769243717193604,0.6153846153846154,26.548377985167942,0.748991096360115,0.8,0.14855903622271094,0,0,NA,1e-4,9.999500033330834e-5,m,NA,clear depth limit to level of mortality,"flood waters at 2.0 m only, Cyclone Jasper at 2.0 m only, crown-of-thorns starfish at 5.0 m only","clear depth limit to level of mortality  flood waters at 2.0 m only, Cyclone Jasper at 2.0 m only, crown-of-thorns starfish at 5.0 m only",0,0.10648239690557494,0.10314820100765588,0.01098346767979324,joint_core_brt,leave_one_event_out,2024,-0.01098346767979324,0.01098346767979324
ltmp,3753785,17-024,Peart Reef (17-024),2024,Central GBR,3,5.4,0.32131913917438787,0.29076822596685753,6.866384143143859,5.830949306488037,0.12087912087912088,53.02430121520352,0.0632850722604437,0.7,0.01779391253058185,8.526512829121199e-13,8.526512829117565e-13,0,0,0,b,NA,NA,coral bleaching,  coral bleaching,0.09176739690951513,0.1644521180688181,0.14961631070147202,0.02460471919249945,joint_core_brt,leave_one_event_out,2024,0.06716267771701567,0.06716267771701567
manta,4067477,17-024,Peart Reef (17-024),2024,Central GBR,3,5.4,0.32131913917438787,0.1935746109136898,6.866384143143859,5.830949306488037,0.12087912087912088,53.02430121520352,0.0632850722604437,0.7,0.01779391253058185,8.526512829121199e-13,8.526512829117565e-13,0,0,0,b,NA,DHW 5.4,coral bleaching,DHW 5.4  coral bleaching,0.16297797479960072,0.16991280685800178,0.13919691955895908,0.023651339308250224,joint_core_brt,leave_one_event_out,2024,0.1393266354913505,0.1393266354913505
ltmp,3754965,17-034,Feather Reef (17-034),2024,Central GBR,4,5.54,0.2671748848874488,0.32859426121616114,6.866384143143859,5.830949306488037,0.12087912087912088,53.02430121520352,0.14934229030886,0.9,0.1037885048581075,14,2.70805020110221,0,0,0,b,NA,DHW 5.54,NA,DHW 5.54 ,0,0.20578701484682455,0.13668182109679552,0.028127343947337277,joint_core_brt,leave_one_event_out,2024,-0.028127343947337277,0.028127343947337277
manta,4068667,17-034,Feather Reef (17-034),2024,Central GBR,4,5.54,0.2671748848874488,0.1944095826335418,6.866384143143859,5.830949306488037,0.12087912087912088,53.02430121520352,0.14934229030886,0.9,0.1037885048581075,14,2.70805020110221,0,0,0,b,NA,DHW 5.54,coral bleaching,DHW 5.54  coral bleaching,0,0.21227154838282267,0.13919691955895908,0.029547545644899455,joint_core_brt,leave_one_event_out,2024,-0.029547545644899455,0.029547545644899455
mmp,4167064,17-053,Stingaree Reefs (17-053),2024,Central GBR,1,4.15,0.616506583925962,0.33654597828120286,6.679407263235824,4.47112512588501,0.3076923076923077,26.438199406294544,0.939069623828006,0.5,-0.00537384389114203,0,0,NA,1e-4,9.999500033330834e-5,b,NA,partial bleaching at time of surveys,coral bleaching,partial bleaching at time of surveys  coral bleaching,0,0.16846221604159028,0.10493195384550295,0.0176770694783873,joint_core_brt,leave_one_event_out,2024,-0.0176770694783873,0.0176770694783873
mmp,4167081,17-053,Stingaree Reefs (17-053),2024,Central GBR,1,4.15,0.12818230888325138,0.34299737519484685,6.679407263235824,4.47112512588501,0.3076923076923077,26.438199406294544,0.939069623828006,0.5,-0.00537384389114203,0,0,NA,1e-4,9.999500033330834e-5,b,NA,partial bleaching at time of surveys,coral bleaching,partial bleaching at time of surveys  coral bleaching,0,0.15932749010144293,0.08105329688273534,0.012914018356773329,joint_core_brt,leave_one_event_out,2024,-0.012914018356773329,0.012914018356773329
mmp,4167098,17-053,Stingaree Reefs (17-053),2024,Central GBR,1,4.15,0.616506583925962,0.4806596238854858,6.679407263235824,4.47112512588501,0.3076923076923077,26.438199406294544,0.939069623828006,0.5,-0.00537384389114203,0,0,NA,1e-4,9.999500033330834e-5,b,NA,partial bleaching at time of surveys,coral bleaching,partial bleaching at time of surveys  coral bleaching,0.08448089989497658,0.17180777431785652,0.09914320998735394,0.017033574246655164,joint_core_brt,leave_one_event_out,2024,0.06744732564832141,0.06744732564832141
mmp,4167117,17-053,Stingaree Reefs (17-053),2024,Central GBR,1,4.15,0.12818230888325138,0.3419938741107149,6.679407263235824,4.47112512588501,0.3076923076923077,26.438199406294544,0.939069623828006,0.5,-0.00537384389114203,0,0,NA,1e-4,9.999500033330834e-5,b,NA,partial bleaching at time of surveys,coral bleaching,partial bleaching at time of surveys  coral bleaching,0.11474101713504835,0.15932749010144293,0.08401989824930237,0.013386679506639965,joint_core_brt,leave_one_event_out,2024,0.10135433762840838,0.10135433762840838
ltmp,3802952,17-063a,Farquharson Reef (No 1) (17-063a),2024,Central GBR,1,4.91,0.15402442656132434,0.08978364493751873,6.793622788043911,5.784509181976318,0.14285714285714285,52.950848061604326,0.0651378266978902,0.8,0.04241055329329195,10,2.3978952727983707,0,0,0,NA,NA,NA,NA, ,0,0.13187610253725965,0.08293501911656655,0.01093714708494592,joint_core_brt,leave_one_event_out,2024,-0.01093714708494592,0.01093714708494592
manta,4066960,17-063a,Farquharson Reef (No 1) (17-063a),2024,Central GBR,1,4.91,0.15402442656132434,0.07791532665248674,6.793622788043911,5.784509181976318,0.14285714285714285,52.950848061604326,0.0651378266978902,0.8,0.04241055329329195,10,2.3978952727983707,0,0,0,NA,NA,NA,NA, ,0,0.13187610253725965,0.08029826617465168,0.010589422383612532,joint_core_brt,leave_one_event_out,2024,-0.010589422383612532,0.010589422383612532
ltmp,3752581,17-064,Taylor Reef (17-064),2024,Central GBR,4,4.45,0.28264456502362123,0.12589356762072712,6.793622788043911,5.784509181976318,0.14285714285714285,52.950848061604326,0.0653108091876699,0.8,0.04258353578307165,10,2.3978952727983707,0,3e-4,2.9995500899797546e-4,b,NA,Aerial bl 1 2024 DHW 4.6,NA,Aerial bl 1 2024 DHW 4.6 ,0,0.1487287395702351,0.10974564567504319,0.016322331554570798,joint_core_brt,leave_one_event_out,2024,-0.016322331554570798,0.016322331554570798
manta,4067738,17-064,Taylor Reef (17-064),2024,Central GBR,4,4.45,0.28264456502362123,0.17051530949802596,6.793622788043911,5.784509181976318,0.14285714285714285,52.950848061604326,0.0653108091876699,0.8,0.04258353578307165,10,2.3978952727983707,0,3e-4,2.9995500899797546e-4,b,NA,Aerial bl 1 2024 DHW 4.6,coral bleaching,Aerial bl 1 2024 DHW 4.6  coral bleaching,0,0.15879548522000098,0.12300146873052163,0.01953207790983596,joint_core_brt,leave_one_event_out,2024,-0.01953207790983596,0.01953207790983596
mmp,4142980,18-001,Richards (Bedarra) Reef (18-001),2024,Central GBR,5,4.12,0.3256942657515102,0.12999759964029725,6.679407263235824,4.47112512588501,0.3076923076923077,26.438199406294544,0.691931621395728,0,-0.2128136208180611,0,0,NA,1e-4,9.999500033330834e-5,NA,NA,NA,NA, ,0,0.13000846780441178,0.09164515145923918,0.011914645722918938,joint_core_brt,leave_one_event_out,2024,-0.011914645722918938,0.011914645722918938
mmp,4142991,18-001,Richards (Bedarra) Reef (18-001),2024,Central GBR,5,4.12,0.02206680707521358,0.20138630567665236,6.679407263235824,4.47112512588501,0.3076923076923077,26.438199406294544,0.691931621395728,0,-0.2128136208180611,0,0,NA,1e-4,9.999500033330834e-5,NA,NA,NA,NA, ,0.04904518159865426,0.14979222798602432,0.08487688291909908,0.012713897396960782,joint_core_brt,leave_one_event_out,2024,0.03633128420169347,0.03633128420169347
ltmp,4226570,18-030,Kelso Reef (18-030),2024,Central GBR,5,6.72,0.233741827105771,0.17043083147705607,6.212002270133139,6.278666973114014,0.08791208791208792,83.77527323363911,0,0.45,0,7,2.0794415416798357,0.00285714287310839,0.0054,0.00538547227633781,b,NA,Aerial bl 4 2024 DHW6.56 2025 6.48 2024,NA,Aerial bl 4 2024 DHW6.56 2025 6.48 2024 ,0,0.1884188700868127,0.1653945332678106,0.031163451076856627,joint_core_brt,leave_one_event_out,2024,-0.031163451076856627,0.031163451076856627
manta,4066150,18-030,Kelso Reef (18-030),2024,Central GBR,5,6.72,0.233741827105771,0.2793191849642483,6.212002270133139,6.278666973114014,0.08791208791208792,83.77527323363911,0,0.45,0,7,2.0794415416798357,0.00285714287310839,0.0054,0.00538547227633781,b,NA,Aerial bl 4 2024 DHW6.56 2025 6.48 2024,coral bleaching,Aerial bl 4 2024 DHW6.56 2025 6.48 2024  coral bleaching,0,0.2434512422481193,0.16787915699017997,0.04087038931682635,joint_core_brt,leave_one_event_out,2024,-0.04087038931682635,0.04087038931682635
ltmp,4239584,18-032,Rib Reef (18-032),2024,Central GBR,3,6.7,0.25835783163767373,0.1740384528498136,6.212002270133139,6.034452438354492,0.12087912087912088,59.56981330964312,0.0708951209808588,1,0.0708951209808588,7,2.0794415416798357,0,7e-4,6.997551142733419e-4,b,NA,DHW 6.7,NA,DHW 6.7 ,0,0.22927692384950332,0.1707773164192231,0.03915529777187275,joint_core_brt,leave_one_event_out,2024,-0.03915529777187275,0.03915529777187275
manta,4068045,18-032,Rib Reef (18-032),2024,Central GBR,3,6.7,0.25835783163767373,0.22653613954286794,6.212002270133139,6.034452438354492,0.12087912087912088,59.56981330964312,0.0708951209808588,1,0.0708951209808588,7,2.0794415416798357,0,7e-4,6.997551142733419e-4,b,NA,DHW 6.7,coral bleaching,DHW 6.7  coral bleaching,0,0.22189928232615838,0.16830090722125104,0.037345850527236976,joint_core_brt,leave_one_event_out,2024,-0.037345850527236976,0.037345850527236976
ltmp,4236105,18-034,Myrmidon Reef (18-034),2024,Central GBR,2,8.73,0.15606337630475434,0.34901513726316913,6.416116296599418,6.501668930053711,0.04395604395604396,132.00208142190922,0,0.5,0,9,2.302585092994046,0,0,0,b,NA,DHW 7.18,NA,DHW 7.18 ,0,0.20277672419050624,0.1356066604890483,0.027497874392383367,joint_core_brt,leave_one_event_out,2024,-0.027497874392383367,0.027497874392383367
ltmp,4236106,18-034,Myrmidon Reef (18-034),2024,Central GBR,2,8.73,0.3299598280057257,0.3906512169424299,6.416116296599418,6.501668930053711,0.04395604395604396,132.00208142190922,0,0.5,0,9,2.302585092994046,0,0,0,b,NA,DHW 8.73 bleaching Kirrily,coral bleaching,DHW 8.73 bleaching Kirrily  coral bleaching,0.10658121074123428,0.20663440602309607,0.1417975000582865,0.029300242200103962,joint_core_brt,leave_one_event_out,2024,0.07728096854113031,0.07728096854113031
manta,4066112,18-034,Myrmidon Reef (18-034),2024,Central GBR,2,8.73,0.15606337630475434,0.46454341268106875,6.416116296599418,6.501668930053711,0.04395604395604396,132.00208142190922,0,0.5,0,9,2.302585092994046,0,0,0,b,NA,DHW 7.18,coral bleaching,DHW 7.18  coral bleaching,0.3643114357676447,0.20663440602309607,0.12142806937958273,0.025091216990781377,joint_core_brt,leave_one_event_out,2024,0.3392202187768633,0.3392202187768633
manta,4066113,18-034,Myrmidon Reef (18-034),2024,Central GBR,2,8.73,0.3299598280057257,0.4956128764543216,6.416116296599418,6.501668930053711,0.04395604395604396,132.00208142190922,0,0.5,0,9,2.302585092994046,0,0,0,m,NA,DHW 8.73,"coral bleaching, Cyclone Kirrily","DHW 8.73  coral bleaching, Cyclone Kirrily",0.06268897611282381,0.20663440602309607,0.12761890894882097,0.0263704574479552,joint_core_brt,leave_one_event_out,2024,0.03631851866486861,0.03631851866486861
ltmp,4230870,18-039,Dip Reef (18-039),2024,Central GBR,1,7.32,0.3069695489966417,0.24049936740079766,5.947264586791359,6.650827884674072,0.06593406593406594,111.1950802335326,0,0.45,0,8,2.1972245773362196,NA,0,0,NA,NA,NA,NA, ,0,0.21789341863952527,0.15662055385869456,0.03412658790948685,joint_core_brt,leave_one_event_out,2024,-0.03412658790948685,0.03412658790948685
ltmp,4230871,18-039,Dip Reef (18-039),2024,Central GBR,1,7.32,0.45118185460183396,0.25000968515127425,5.947264586791359,6.650827884674072,0.06593406593406594,111.1950802335326,0,0.45,0,8,2.1972245773362196,NA,0,0,b,NA,DHW 8.02 flat lining,coral bleaching,DHW 8.02 flat lining  coral bleaching,0.038039797317140515,0.23042086936979342,0.15662055385869456,0.03608864418129895,joint_core_brt,leave_one_event_out,2024,0.0019511531358415643,0.0019511531358415643
mmp,4137924,18-049e,Orpheus (Goolboddi) Island Reef (No 5) (18-049e),2024,Central GBR,2,5.37,0.9172638468175502,0.43251261921953915,6.212002270133139,4.993875026702881,0.2087912087912088,38.297776879451746,0.281607665198612,0.3,-0.049333424283445,0,0,NA,0.0011,0.00109939544330096,m,NA,bleaching observed during targetted bleaching surveys,"coral bleaching, Cyclone Kirrily","bleaching observed during targetted bleaching surveys  coral bleaching, Cyclone Kirrily",0.33651069129053574,0.21737448416490826,0.0815503770358343,0.01772697114161826,joint_core_brt,leave_one_event_out,2024,0.3187837201489175,0.3187837201489175
mmp,4137940,18-049e,Orpheus (Goolboddi) Island Reef (No 5) (18-049e),2024,Central GBR,2,5.37,0.8773050262564269,0.5071642460105452,6.212002270133139,4.993875026702881,0.2087912087912088,38.297776879451746,0.281607665198612,0.3,-0.049333424283445,0,0,NA,0.0011,0.00109939544330096,m,NA,bleaching observed during targetted bleaching surveys,"coral bleaching, Cyclone Kirrily","bleaching observed during targetted bleaching surveys  coral bleaching, Cyclone Kirrily",0.23408438029879564,0.21737448416490826,0.06965130350045394,0.015140416169824644,joint_core_brt,leave_one_event_out,2024,0.218943964128971,0.218943964128971
ltmp,4225908,18-065,Havannah Reef (18-065),2024,Central GBR,3,6.92,0.42131306586001627,0.1842318417004947,6.212002270133139,4.9304327964782715,0.2087912087912088,26.32349077361211,0.479253770957126,0.6,0.03043883859427348,0,0,NA,0.0107,0.01064316009847982,NA,NA,NA,NA, ,0,0.21776022064999317,0.13266888727299786,0.028890006165957084,joint_core_brt,leave_one_event_out,2024,-0.028890006165957084,0.028890006165957084
mmp,4148236,18-065,Havannah Reef (18-065),2024,Central GBR,3,6.92,0.22901103363301673,0.2898412964040436,6.212002270133139,4.9304327964782715,0.2087912087912088,26.32349077361211,0.479253770957126,0.6,0.03043883859427348,0,0,NA,0.0107,0.01064316009847982,NA,NA,NA,NA, ,0,0.1801822969802722,0.12634827478428937,0.02276572237012786,joint_core_brt,leave_one_event_out,2024,-0.02276572237012786,0.02276572237012786
mmp,4148253,18-065,Havannah Reef (18-065),2024,Central GBR,3,6.92,0.2126580124355757,0.3493907363963273,6.212002270133139,4.9304327964782715,0.2087912087912088,26.32349077361211,0.479253770957126,0.6,0.03043883859427348,0,0,NA,0.0107,0.01064316009847982,NA,NA,NA,NA, ,0.0028424062617554992,0.1801822969802722,0.09313093998143676,0.016780546685787143,joint_core_brt,leave_one_event_out,2024,-0.013938140424031643,0.013938140424031643
ltmp,4235330,18-075,John Brewer Reef (18-075),2024,Central GBR,2,5.79,0.2646118463495706,0.09894508667391134,6.096021794618455,6.205605506896973,0.08791208791208792,61.49749903428462,0,0.45,0,3.5000000000008,1.5040773967764518,0,0.0187,0.01852730461388362,m,Kirrily,Cyclone Kirrily,NA,Cyclone Kirrily Kirrily,0,0.2082603972174955,0.18063943654446823,0.03762004080789553,joint_core_brt,leave_one_event_out,2024,-0.03762004080789553,0.03762004080789553
manta,4068096,18-075,John Brewer Reef (18-075),2024,Central GBR,2,5.79,0.2646118463495706,0.23435897874287936,6.096021794618455,6.205605506896973,0.08791208791208792,61.49749903428462,0,0.45,0,3.5000000000008,1.5040773967764518,0,0.0187,0.01852730461388362,m,Kirrily,Cyclone Kirrily,"Cyclone Kirrily, coral bleaching","Cyclone Kirrily Kirrily Cyclone Kirrily, coral bleaching",0.26174312602717364,0.26534928602062796,0.19392440390796542,0.0514577021189545,joint_core_brt,leave_one_event_out,2024,0.21028542390821914,0.21028542390821914
ltmp,4222718,18-076,Helix Reef (18-076),2024,Central GBR,4,6.11,0.5054491943511117,0.3220764384215993,6.096021794618455,6.48448371887207,0.08791208791208792,98.60262415600752,0,0.5,0,1,0.6931471805599453,0,0.0257,0.02537530633122824,m,Kirrily,70 phys,"Cyclone Kirrily, coral bleaching","70 phys Kirrily Cyclone Kirrily, coral bleaching",0.106430452853776,0.259044369200121,0.2032655787492538,0.052654803627197974,joint_core_brt,leave_one_event_out,2024,0.05377564922657803,0.05377564922657803
manta,4067887,18-076,Helix Reef (18-076),2024,Central GBR,4,6.11,0.5054491943511117,0.5352957990953865,6.096021794618455,6.48448371887207,0.08791208791208792,98.60262415600752,0,0.5,0,1,0.6931471805599453,0,0.0257,0.02537530633122824,m,Kirrily,Cyclone Kirrily and DHW 6.11,"Cyclone Kirrily, coral bleaching","Cyclone Kirrily and DHW 6.11 Kirrily Cyclone Kirrily, coral bleaching",0.1797052706947009,0.26361853545241754,0.1735465688409524,0.04575009231064403,joint_core_brt,leave_one_event_out,2024,0.13395517838405688,0.13395517838405688
ltmp,4226931,18-081,Knife Reef (18-081),2024,Central GBR,2,6.54,0.570519458454164,0.44284851257291497,5.947264586791359,6.650827884674072,0.06593406593406594,111.1950802335326,0,0.4,0,9,2.302585092994046,0,0.0042,0.00419120461846807,m,NA,decline 5%  disease 60 DHW 6.54 Kirrily,"coral bleaching, coral disease","decline 5%  disease 60 DHW 6.54 Kirrily  coral bleaching, coral disease",0.09635988962854024,0.21197001872975155,0.1422814676296365,0.03015940535835059,joint_core_brt,leave_one_event_out,2024,0.06620048427018965,0.06620048427018965
ltmp,4237691,18-086,Chicken Reef (18-086),2024,Central GBR,4,6.640000000000001,0.43773493291083154,0.4221760679717542,5.947264586791359,6.851525783538818,0.06593406593406594,87.43427334613949,0,0.4,0,6.48529411764706,2.012940311374416,0,0.02,0.01980262729617971,NA,NA,NA,NA, ,0.04517456415014378,0.21197001872975155,0.1422814676296365,0.03015940535835059,joint_core_brt,leave_one_event_out,2024,0.01501515879179319,0.01501515879179319
manta,4066787,18-086,Chicken Reef (18-086),2024,Central GBR,4,6.640000000000001,0.43773493291083154,0.2640352540479171,5.947264586791359,6.851525783538818,0.06593406593406594,87.43427334613949,0,0.4,0,6.48529411764706,2.012940311374416,0,0.02,0.01980262729617971,NA,NA,NA,NA, ,0,0.20803884608007003,0.15806377013803866,0.032883404346582996,joint_core_brt,leave_one_event_out,2024,-0.032883404346582996,0.032883404346582996
ltmp,4234580,18-096,Davies Reef (18-096),2024,Central GBR,5,4.2700000000000005,0.30933731156813715,0.3628169523067178,5.947264586791359,6.851525783538818,0.06593406593406594,87.43427334613949,0,0.45,0,4.09523809523809,1.628306396738482,0.0175088650236527,0.0364,0.03575316970581786,m,Kirrily,DHW 4.27,NA,DHW 4.27 Kirrily,0,0.24919891292464955,0.17823968759294423,0.04441713638819085,joint_core_brt,leave_one_event_out,2024,-0.04441713638819085,0.04441713638819085
manta,4068156,18-096,Davies Reef (18-096),2024,Central GBR,5,4.2700000000000005,0.30933731156813715,0.49040533998214814,5.947264586791359,6.851525783538818,0.06593406593406594,87.43427334613949,0,0.45,0,4.09523809523809,1.628306396738482,0.0175088650236527,0.0364,0.03575316970581786,m,Kirrily,DHW 4.27,"Cyclone Kirrily, coral bleaching","DHW 4.27 Kirrily Cyclone Kirrily, coral bleaching",0,0.24919891292464955,0.16394007920789008,0.04085368952338715,joint_core_brt,leave_one_event_out,2024,-0.04085368952338715,0.04085368952338715
mmp,4150474,19-009c,Magnetic Island Reef (No 2) (19-009c),2024,Central GBR,1,9.07,0.18275253450005705,0.2701302451098475,6.096021794618455,2.8266942501068115,0.6043956043956044,0,0.996374213958009,0.4,-0.00362578604199104,0,0,NA,0.0197,0.01950846638804296,b,NA,partial bleaching at time of surveys,coral bleaching,partial bleaching at time of surveys  coral bleaching,0.3503963600443477,0.1076011025208129,0.17401719342448402,0.018724441870052032,joint_core_brt,leave_one_event_out,2024,0.3316719181742957,0.3316719181742957
mmp,4150494,19-009c,Magnetic Island Reef (No 2) (19-009c),2024,Central GBR,1,9.07,0.11902635288320192,0.2800670648981542,6.096021794618455,2.8266942501068115,0.6043956043956044,0,0.996374213958009,0.4,-0.00362578604199104,0,0,NA,0.0197,0.01950846638804296,b,NA,partial bleaching at time of surveys,coral bleaching,partial bleaching at time of surveys  coral bleaching,0.20057757443419322,0.1076011025208129,0.16211811988910368,0.017444088438668882,joint_core_brt,leave_one_event_out,2024,0.18313348599552434,0.18313348599552434
manta,4066204,19-098,Wansfell Reef (19-098),2024,Central GBR,5,3.37,0.18775765340217163,0.3150152243884395,5.8287453483906155,7.429059028625488,0.04395604395604396,83.39631017514978,0,0.45,0,17.6666666666667,2.9267394020670414,0,0,0,b,NA,Aerial bl 3 2024 DHW 3.37 2024 DHW 2.61 2025,coral bleaching,Aerial bl 3 2024 DHW 3.37 2024 DHW 2.61 2025  coral bleaching,0.19912105097139948,0.18946948286503099,0.11894560488638803,0.022536562246892242,joint_core_brt,leave_one_event_out,2024,0.17658448872450724,0.17658448872450724
ltmp,4233078,19-131a,U/N Reef (19-131a),2024,Central GBR,5,5.82,0.15580743050357476,0.4562967207282716,5.8287453483906155,7.407030582427979,0.02197802197802198,61.428452679898,0,0.45,0,18.8,2.9856819377004897,0.00555555569007993,0.0064,0.00637960696403902,NA,NA,NA,NA, ,0,0.2138258858033454,0.18064153755030096,0.03862583677957138,joint_core_brt,leave_one_event_out,2024,-0.03862583677957138,0.03862583677957138
ltmp,4233079,19-131a,U/N Reef (19-131a),2024,Central GBR,5,5.82,0.1289236137275135,0.43353725981687835,5.8287453483906155,7.407030582427979,0.02197802197802198,61.428452679898,0,0.45,0,18.8,2.9856819377004897,0.00555555569007993,0.0064,0.00637960696403902,NA,NA,NA,NA, ,0,0.2138258858033454,0.18064153755030096,0.03862583677957138,joint_core_brt,leave_one_event_out,2024,-0.03862583677957138,0.03862583677957138
manta,4067674,19-131a,U/N Reef (19-131a),2024,Central GBR,5,5.82,0.15580743050357476,0.29052989579115857,5.8287453483906155,7.407030582427979,0.02197802197802198,61.428452679898,0,0.45,0,18.8,2.9856819377004897,0.00555555569007993,0.0064,0.00637960696403902,NA,NA,NA,NA, ,0.021280260466417084,0.20986946089450195,0.17829427371272394,0.037418523104666146,joint_core_brt,leave_one_event_out,2024,-0.01613826263824906,0.01613826263824906
manta,4067675,19-131a,U/N Reef (19-131a),2024,Central GBR,5,5.82,0.1289236137275135,0.256479474775485,5.8287453483906155,7.407030582427979,0.02197802197802198,61.428452679898,0,0.45,0,18.8,2.9856819377004897,0.00555555569007993,0.0064,0.00637960696403902,NA,NA,NA,NA, ,0,0.20986946089450195,0.17829427371272394,0.037418523104666146,joint_core_brt,leave_one_event_out,2024,-0.037418523104666146,0.037418523104666146
manta,4067702,19-135,Hardy Reef (19-135),2024,Central GBR,5,5.28,0.1732226800728372,0.43699201717370284,5.8287453483906155,7.407030582427979,0.02197802197802198,61.428452679898,0,0.4,0,16.875,2.883403088580071,0,0,0,NA,NA,NA,NA, ,0,0.20315680853084536,0.14790246842367305,0.030047393458787548,joint_core_brt,leave_one_event_out,2024,-0.030047393458787548,0.030047393458787548
ltmp,4231590,19-138,U/N Reef (19-138),2024,Central GBR,3,5.78,0.2237363080890812,0.5036509690708734,5.8287453483906155,7.3713226318359375,0.01098901098901099,76.29258334678795,0,0.45,0,21,3.091042453358316,0,0.0064,0.00637960696403902,NA,NA,NA,NA, ,0,0.19722462249156866,0.1855525566480956,0.03659553293726606,joint_core_brt,leave_one_event_out,2024,-0.03659553293726606,0.03659553293726606
ltmp,4231591,19-138,U/N Reef (19-138),2024,Central GBR,3,5.78,0.19822604048299736,0.434265841284731,5.8287453483906155,7.3713226318359375,0.01098901098901099,76.29258334678795,0,0.45,0,21,3.091042453358316,0,0.0064,0.00637960696403902,NA,NA,NA,NA, ,0,0.19722462249156866,0.17147696434444534,0.03381947955883341,joint_core_brt,leave_one_event_out,2024,-0.03381947955883341,0.03381947955883341
manta,4067379,19-138,U/N Reef (19-138),2024,Central GBR,3,5.78,0.2237363080890812,0.38075191515937695,5.8287453483906155,7.3713226318359375,0.01098901098901099,76.29258334678795,0,0.45,0,21,3.091042453358316,0,0.0064,0.00637960696403902,NA,NA,NA,NA, ,0.1009258296179353,0.19722462249156866,0.17173295932601335,0.0338699680724329,joint_core_brt,leave_one_event_out,2024,0.06705586154550239,0.06705586154550239
manta,4067380,19-138,U/N Reef (19-138),2024,Central GBR,3,5.78,0.19822604048299736,0.20120109576445824,5.8287453483906155,7.3713226318359375,0.01098901098901099,76.29258334678795,0,0.45,0,21,3.091042453358316,0,0.0064,0.00637960696403902,NA,NA,NA,NA, ,0,0.1896684526920401,0.1747522720244644,0.033144993039298645,joint_core_brt,leave_one_event_out,2024,-0.033144993039298645,0.033144993039298645
ltmp,4227302,19-159,Slate Reef (19-159),2024,Central GBR,1,8.61,0.6136352481490801,0.40042831189585437,5.8287453483906155,7.366249084472656,0.01098901098901099,118.35940764116184,0,0.45,0,33,3.5263605246161616,0.0222222227603197,0.0198,0.01960652963891831,NA,NA,NA,NA, ,0.0636605992892416,0.3649866458904783,0.31482962991137237,0.1149086106482924,joint_core_brt,leave_one_event_out,2024,-0.0512480113590508,0.0512480113590508
ltmp,4227303,19-159,Slate Reef (19-159),2024,Central GBR,1,8.61,0.6586105214947701,0.4609423548222777,5.8287453483906155,7.366249084472656,0.01098901098901099,118.35940764116184,0,0.45,0,33,3.5263605246161616,0.0222222227603197,0.0198,0.01960652963891831,b,NA,NA,coral bleaching,  coral bleaching,0.13128332055698222,0.3649866458904783,0.31482962991137237,0.1149086106482924,joint_core_brt,leave_one_event_out,2024,0.01637470990868982,0.01637470990868982
manta,4067116,19-159,Slate Reef (19-159),2024,Central GBR,1,8.61,0.6136352481490801,0.5283413420729094,5.8287453483906155,7.366249084472656,0.01098901098901099,118.35940764116184,0,0.45,0,33,3.5263605246161616,0.0222222227603197,0.0198,0.01960652963891831,NA,NA,NA,NA, ,0,0.3649866458904783,0.2094008788541589,0.07642852441949784,joint_core_brt,leave_one_event_out,2024,-0.07642852441949784,0.07642852441949784
manta,4067117,19-159,Slate Reef (19-159),2024,Central GBR,1,8.61,0.6586105214947701,0.6189962599768563,5.8287453483906155,7.366249084472656,0.01098901098901099,118.35940764116184,0,0.45,0,33,3.5263605246161616,0.0222222227603197,0.0198,0.01960652963891831,b,NA,DHW 8.61,coral bleaching,DHW 8.61  coral bleaching,0.14645471025517404,0.3649866458904783,0.2094008788541589,0.07642852441949784,joint_core_brt,leave_one_event_out,2024,0.0700261858356762,0.0700261858356762
ltmp,4228737,19-207,Hyde Reef (19-207),2024,Central GBR,4,9.25,0.7162796368719883,0.29518550152676976,5.8287453483906155,7.366249084472656,0.01098901098901099,118.35940764116184,0,0.45,0,33,3.5263605246161616,0,8e-4,7.996801705643322e-4,NA,NA,NA,NA, ,0.015984087725189246,0.41795739880005567,0.39457204285357145,0.16491430467030282,joint_core_brt,leave_one_event_out,2024,-0.14893021694511357,0.14893021694511357
ltmp,4228738,19-207,Hyde Reef (19-207),2024,Central GBR,4,9.25,0.7299065476187283,0.3972470019737009,5.8287453483906155,7.366249084472656,0.01098901098901099,118.35940764116184,0,0.45,0,33,3.5263605246161616,0,8e-4,7.996801705643322e-4,b,NA,NA,coral bleaching,  coral bleaching,0.25692201562212913,0.4237329145550196,0.36108058409093585,0.15300172828608108,joint_core_brt,leave_one_event_out,2024,0.10392028733604805,0.10392028733604805
manta,4066821,19-207,Hyde Reef (19-207),2024,Central GBR,4,9.25,0.7162796368719883,0.44223878365323005,5.8287453483906155,7.366249084472656,0.01098901098901099,118.35940764116184,0,0.45,0,33,3.5263605246161616,0,8e-4,7.996801705643322e-4,NA,NA,NA,NA, ,0.058365513512148574,0.4237329145550196,0.2556518330337227,0.10832809632271255,joint_core_brt,leave_one_event_out,2024,-0.049962582810563975,0.049962582810563975
manta,4066822,19-207,Hyde Reef (19-207),2024,Central GBR,4,9.25,0.7299065476187283,0.548497743028163,5.8287453483906155,7.366249084472656,0.01098901098901099,118.35940764116184,0,0.45,0,33,3.5263605246161616,0,8e-4,7.996801705643322e-4,b,NA,DHW 9.2 to 10.15,coral bleaching,DHW 9.2 to 10.15  coral bleaching,0.1937272499760806,0.4237329145550196,0.2556518330337227,0.10832809632271255,joint_core_brt,leave_one_event_out,2024,0.08539915365336805,0.08539915365336805
ltmp,4228045,19-209,Rebe Reef (19-209),2024,Central GBR,5,11.14,0.6402774310653515,0.34370121589495445,5.8287453483906155,7.324434280395508,0.01098901098901099,141.95146623793426,0,0.45,0,33,3.5263605246161616,0,5e-4,4.99875041651048e-4,b,NA,Aerial bl 4,coral bleaching,Aerial bl 4  coral bleaching,0.3688870700792086,0.3721090689554,0.34932845305528704,0.12998828542603302,joint_core_brt,leave_one_event_out,2024,0.2388987846531756,0.2388987846531756
manta,4067239,19-209,Rebe Reef (19-209),2024,Central GBR,5,11.14,0.6402774310653515,0.46618035867601393,5.8287453483906155,7.324434280395508,0.01098901098901099,141.95146623793426,0,0.45,0,33,3.5263605246161616,0,5e-4,4.99875041651048e-4,b,NA,Aerial bl 4,NA,Aerial bl 4 ,0,0.37766211703034197,0.24297493611614215,0.09176242875893434,joint_core_brt,leave_one_event_out,2024,-0.09176242875893434,0.09176242875893434
manta,4067240,19-209,Rebe Reef (19-209),2024,Central GBR,5,11.14,0.6402774310653515,0.6158185078470628,5.8287453483906155,7.324434280395508,0.01098901098901099,141.95146623793426,0,0.45,0,33,3.5263605246161616,0,5e-4,4.99875041651048e-4,b,NA,DHW 9.3 to 11.1,coral bleaching,DHW 9.3 to 11.1  coral bleaching,0.2429906656982307,0.37766211703034197,0.24297493611614215,0.09176242875893434,joint_core_brt,leave_one_event_out,2024,0.15122823693929635,0.15122823693929635
ltmp,4233800,20-014,Hayman Island Reef (20-014),2024,Central GBR,3,5.8500000000000005,0.3996552510163357,0.165316693866412,5.8287453483906155,7.831005573272705,0.01098901098901099,27.798770058383298,0.205780518226557,0.3,-0.25473789843137007,12,2.5649493574615367,0,0,0,NA,NA,NA,NA, ,0.010111474745115426,0.14999955452570185,0.1213874215182017,0.01820805915275385,joint_core_brt,leave_one_event_out,2024,-0.008096584407638423,0.008096584407638423
ltmp,4233801,20-014,Hayman Island Reef (20-014),2024,Central GBR,3,5.8500000000000005,0.14030141659542145,0.13633728561380234,5.8287453483906155,7.831005573272705,0.01098901098901099,27.798770058383298,0.205780518226557,0.3,-0.25473789843137007,12,2.5649493574615367,0,0,0,b,NA,DHW 5.85,NA,DHW 5.85 ,0,0.13819444978845397,0.10109321396592842,0.013970521081367928,joint_core_brt,leave_one_event_out,2024,-0.013970521081367928,0.013970521081367928
manta,4067315,20-014,Hayman Island Reef (20-014),2024,Central GBR,3,5.8500000000000005,0.14030141659542145,0.15508503949186497,5.8287453483906155,7.831005573272705,0.01098901098901099,27.798770058383298,0.205780518226557,0.3,-0.25473789843137007,12,2.5649493574615367,0,0,0,b,NA,DHW 5.85,coral bleaching,DHW 5.85  coral bleaching,0,0.14104309648171753,0.09531797707451521,0.01344394263696299,joint_core_brt,leave_one_event_out,2024,-0.01344394263696299,0.01344394263696299
mmp,4139904,20-028d,Hook Island Reef (No 4) (20-028d),2024,Central GBR,1,6.61,0.1423214731378012,0.07448612680364963,5.8287453483906155,6.882554054260254,0.03296703296703297,0,0.214605554955516,0.1,-0.360890165177843,11.75,2.5455312716044354,NA,9e-4,8.99595242836093e-4,NA,NA,NA,NA, ,0,0.15197879990159574,0.10655947698472142,0.01619478143027967,joint_core_brt,leave_one_event_out,2024,-0.01619478143027967,0.01619478143027967
mmp,4139918,20-028d,Hook Island Reef (No 4) (20-028d),2024,Central GBR,1,6.61,0.03849021114891813,0.18146905175768832,5.8287453483906155,6.882554054260254,0.03296703296703297,0,0.214605554955516,0.1,-0.360890165177843,11.75,2.5455312716044354,NA,9e-4,8.99595242836093e-4,NA,NA,NA,NA, ,0,0.21396459905299692,0.124298154200552,0.026595404726548692,joint_core_brt,leave_one_event_out,2024,-0.026595404726548692,0.026595404726548692
mmp,4156652,20-035a,Daydream Reef (No 1) (20-035a),2024,Central GBR,2,8.78,0.2598230662382889,0.01538463975342603,5.8287453483906155,5.7756476402282715,0.0989010989010989,26.080562739584575,0.582045224237017,0.1,-0.1913181768069775,0,0,NA,0.0019,0.00189819728308025,NA,NA,NA,NA, ,0,0.13678654264217577,0.13625048238593376,0.018637232418900546,joint_core_brt,leave_one_event_out,2024,-0.018637232418900546,0.018637232418900546
mmp,4156671,20-035a,Daydream Reef (No 1) (20-035a),2024,Central GBR,2,8.78,0.3450043885487789,0.0619788555082298,5.8287453483906155,5.7756476402282715,0.0989010989010989,26.080562739584575,0.582045224237017,0.1,-0.1913181768069775,0,0,NA,0.0019,0.00189819728308025,NA,NA,NA,NA, ,0,0.13678654264217577,0.12435140885055342,0.01700959928935086,joint_core_brt,leave_one_event_out,2024,-0.01700959928935086,0.01700959928935086
mmp,4145380,20-058a,Dent Reef (No 1) (20-058a),2024,Central GBR,3,8.46,0.04684196083012745,0.20211926077969242,5.8287453483906155,6.882554054260254,0.03296703296703297,0,0.32629943114293,0,-0.3402678693695566,0,0,NA,0.0033,0.00329456694943003,NA,NA,NA,NA, ,0,0.17252440822855117,0.15713338932631052,0.02710934500646826,joint_core_brt,leave_one_event_out,2024,-0.02710934500646826,0.02710934500646826
mmp,4145395,20-058a,Dent Reef (No 1) (20-058a),2024,Central GBR,3,8.46,0.05247557858289701,0.27591806105767913,5.8287453483906155,6.882554054260254,0.03296703296703297,0,0.32629943114293,0,-0.3402678693695566,0,0,NA,0.0033,0.00329456694943003,NA,NA,NA,NA, ,0,0.18093629697132366,0.14771126114317393,0.026726328612210058,joint_core_brt,leave_one_event_out,2024,-0.026726328612210058,0.026726328612210058
mmp,4151714,20-061,Pine Island Reef (20-061),2024,Central GBR,4,9.17,0.054316214592486936,0.06317441071504845,5.8287453483906155,6.957430839538574,0.02197802197802198,27.79877005838312,0.581681122802904,0,-0.26131431948144157,8,2.1972245773362196,NA,0.0028,0.00279608730200127,NA,NA,NA,NA, ,0,0.10869712318982724,0.13265483623757068,0.01441919907624158,joint_core_brt,leave_one_event_out,2024,-0.01441919907624158,0.01441919907624158
mmp,4151734,20-061,Pine Island Reef (20-061),2024,Central GBR,4,9.17,0.04014192197989718,0.1528425783149248,5.8287453483906155,6.957430839538574,0.02197802197802198,27.79877005838312,0.581681122802904,0,-0.26131431948144157,8,2.1972245773362196,NA,0.0028,0.00279608730200127,NA,NA,NA,NA, ,0,0.11101605821018125,0.12854906222760282,0.014271010175123765,joint_core_brt,leave_one_event_out,2024,-0.014271010175123765,0.014271010175123765
mmp,4146310,20-095,Seaforth Reef (20-095),2024,Central GBR,1,9.47,0.05021782281804785,0.08750189043508103,5.8287453483906155,6.957430839538574,0.02197802197802198,27.79877005838312,0.348719914826354,0.1,-0.2366546377751485,0,0,NA,0.0041,0.00409161790325356,NA,NA,NA,NA, ,0.015026046394532625,0.13320567733360317,0.13265483623757068,0.01767037731260381,joint_core_brt,leave_one_event_out,2024,-0.0026443309180711836,0.0026443309180711836
mmp,4146325,20-095,Seaforth Reef (20-095),2024,Central GBR,1,9.47,0,0.09847645164875594,5.8287453483906155,6.957430839538574,0.02197802197802198,27.79877005838312,0.348719914826354,0.1,-0.2366546377751485,0,0,NA,0.0041,0.00409161790325356,NA,NA,NA,NA, ,0,0.12312228073069205,0.12854906222760282,0.015827253727254114,joint_core_brt,leave_one_event_out,2024,-0.015827253727254114,0.015827253727254114
manta,4067753,20-104,U/N Reef (20-104),2024,Central GBR,4,5.5600000000000005,0.3166147337257602,0.3954607791259235,5.8287453483906155,7.423409461975098,0,83.09235604782566,0,0.3,0,26,3.295836866004329,0,0.0038,0.00379279823869623,b,NA,Aerial bl 3 2024 DHW 2024 DHW 2.52 2025,coral bleaching,Aerial bl 3 2024 DHW 2024 DHW 2.52 2025  coral bleaching,0.05916872045396826,0.20152996512372423,0.18572947188153902,0.03743005399073428,joint_core_brt,leave_one_event_out,2024,0.021738666463233983,0.021738666463233983
manta,4067754,20-104,U/N Reef (20-104),2024,Central GBR,4,5.5600000000000005,0.20685377657459916,0.16222060434747407,5.8287453483906155,7.423409461975098,0,83.09235604782566,0,0.3,0,26,3.295836866004329,0,0.0038,0.00379279823869623,NA,NA,NA,NA, ,0,0.15527201795748066,0.18931956198126676,0.029396030427657625,joint_core_brt,leave_one_event_out,2024,-0.029396030427657625,0.029396030427657625
manta,4067796,20-287,Credlin Reefs (East) (20-287),2024,Southern GBR,2,8.14,0.1631631572030451,0.35058914094719495,5.8287453483906155,7.596888065338135,0.01098901098901099,107.88088100039306,0,0.45,0,14.2307692307692,2.7233176732329967,0,0.0261,0.02576520788602641,NA,NA,NA,NA, ,0,0.1882416126607457,0.13099511963801394,0.024658732571347063,joint_core_brt,leave_one_event_out,2024,-0.024658732571347063,0.024658732571347063
manta,4049479,20-297,Creal Reef (20-297),2024,Southern GBR,2,8.370000000000001,0.2396430089858636,0.6903771670175208,5.8287453483906155,7.628969192504883,0,158.8083169396554,0,0.35,0,30,3.4339872044851463,0,0.0078,0.00776973726436066,NA,NA,NA,NA, ,0.14353057103012326,0.6099299650415205,0.22565144678530064,0.13763157904932694,joint_core_brt,leave_one_event_out,2024,0.005898991980796325,0.005898991980796325
manta,4066466,20-348,U/N Reef (20-348),2024,Southern GBR,3,8.39,0.2769734684349537,0.2718157702712433,5.04829112437769,7.647981643676758,0.01098901098901099,148.29161899510453,0,0.35,0,18.0714285714286,2.948191328784993,NA,0.0303,0.0298500219688853,b,NA,Aerial bl 3 2024 DHW 8.39 2024,coral bleaching,Aerial bl 3 2024 DHW 8.39 2024  coral bleaching,0.3195506149689588,0.3873195242912695,0.24846296910846583,0.09623455899908737,joint_core_brt,leave_one_event_out,2024,0.22331605596987145,0.22331605596987145
ltmp,4225567,20-351a,Pompey Reef (No 1) (20-351a),2024,Southern GBR,5,8.63,0.22497349239822226,0.2705389010800665,5.04829112437769,7.65802526473999,0.01098901098901099,138.99385029191623,0,0.35,0,3.36,1.4724720573609429,0,0,0,NA,NA,NA,NA, ,0.07887795268029442,0.17672170610586801,0.2165100976178891,0.0382620338401814,joint_core_brt,leave_one_event_out,2024,0.04061591884011302,0.04061591884011302
manta,4066907,20-351a,Pompey Reef (No 1) (20-351a),2024,Southern GBR,5,8.63,0.22497349239822226,0.39403716523982174,5.04829112437769,7.65802526473999,0.01098901098901099,138.99385029191623,0,0.35,0,3.36,1.4724720573609429,0,0,0,NA,NA,NA,NA, ,0.07325807915336613,0.18019574761178964,0.18492341421161188,0.033322412874786045,joint_core_brt,leave_one_event_out,2024,0.039935666278580084,0.039935666278580084
ltmp,4223666,20-351b,Pompey Reef (No 2) (20-351b),2024,Southern GBR,1,8.63,0.26586271071453776,0.23601995395034991,5.04829112437769,7.65802526473999,0.01098901098901099,138.99385029191623,0,0.35,0,1.00000000000045,0.6931471805601703,0,0,0,NA,NA,NA,NA, ,0,0.17672170610586801,0.2225880409303638,0.03933613835197667,joint_core_brt,leave_one_event_out,2024,-0.03933613835197667,0.03933613835197667
manta,4067069,20-351b,Pompey Reef (No 2) (20-351b),2024,Southern GBR,1,8.63,0.26586271071453776,0.24979788892199734,5.04829112437769,7.65802526473999,0.01098901098901099,138.99385029191623,0,0.35,0,1.00000000000045,0.6931471805601703,0,0,0,NA,NA,NA,NA, ,0.04145156284186047,0.17672170610586801,0.20933421570282995,0.0369938997453379,joint_core_brt,leave_one_event_out,2024,0.004457663096522568,0.004457663096522568
manta,4066856,20-353,U/N Reef (20-353),2024,Southern GBR,2,8.51,0.28257324232113723,0.5957874377747552,5.04829112437769,7.647981643676758,0.01098901098901099,148.29161899510453,0,0.35,0,15.5555555555556,2.8067217286092423,NA,0.0051,0.0050870390485571,b,NA,DHW 8.51,coral bleaching,DHW 8.51  coral bleaching,0.18809007889069235,0.5701300315079836,0.19077300376238665,0.10876541864592217,joint_core_brt,leave_one_event_out,2024,0.07932466024477018,0.07932466024477018
manta,4067591,20-354,U/N Reef (20-354),2024,Southern GBR,4,8.24,0.2798883931931086,0.4883089395562144,5.04829112437769,7.647981643676758,0.01098901098901099,148.29161899510453,0,0.35,0,0,0,NA,0.0216,0.02137002573619248,b,NA,DHW 8.25,coral bleaching,DHW 8.25  coral bleaching,0.14510858480817607,0.5866614936981577,0.21155074567498452,0.1241086764506455,joint_core_brt,leave_one_event_out,2024,0.020999908357530572,0.020999908357530572
ltmp,4223966,21-025,Penrith Reef (21-025),2024,Southern GBR,2,8.25,0.02455375498852522,0.11074893260389602,5.410388454901543,7.600882530212402,0.01098901098901099,95.56334639855292,0,0.4,0,4,1.6094379124341005,0,0,0,NA,NA,NA,NA, ,0,0.10654826153609197,0.15655403935243625,0.01668056072945501,joint_core_brt,leave_one_event_out,2024,-0.01668056072945501,0.01668056072945501
manta,4067168,21-025,Penrith Reef (21-025),2024,Southern GBR,2,8.25,0.02455375498852522,0.363835749390651,5.410388454901543,7.600882530212402,0.01098901098901099,95.56334639855292,0,0.4,0,4,1.6094379124341005,0,0,0,NA,NA,NA,NA, ,0.42094133377513987,0.13410337599771255,0.15706092041310837,0.02106239966470588,joint_core_brt,leave_one_event_out,2024,0.399878934110434,0.399878934110434
ltmp,4224277,21-060,U/N Reef (21-060),2024,Southern GBR,3,8.99,0.4194754038758102,0.14667581543441732,5.04829112437769,7.65802526473999,0.01098901098901099,138.99385029191623,0,0.4,0,1,0.6931471805599453,0,0,0,NA,NA,NA,NA, ,0,0.16645461133902284,0.2252991776449154,0.037502087049885856,joint_core_brt,leave_one_event_out,2024,-0.037502087049885856,0.037502087049885856
manta,4067141,21-060,U/N Reef (21-060),2024,Southern GBR,3,8.99,0.4194754038758102,0.4183772154643925,5.04829112437769,7.65802526473999,0.01098901098901099,138.99385029191623,0,0.4,0,1,0.6931471805599453,0,0,0,NA,NA,NA,NA, ,0.3164588026273036,0.2249432576491671,0.21749174778090322,0.04892330225764738,joint_core_brt,leave_one_event_out,2024,0.26753550036965623,0.26753550036965623
manta,4066917,21-062,U/N Reef (21-062),2024,Southern GBR,3,8.21,0.28973125972355407,0.34548973298955477,5.04829112437769,7.64576530456543,0.01098901098901099,141.37563195977037,0,0.35,0,9.16666666666667,2.3191143949452564,0,0,0,b,NA,Aerial bl 4 2024 DHW 8.21 2024,coral bleaching,Aerial bl 4 2024 DHW 8.21 2024  coral bleaching,0.21636311448365322,0.27756242231409617,0.14507098031980226,0.040266252705044886,joint_core_brt,leave_one_event_out,2024,0.17609686177860834,0.17609686177860834
manta,4067305,21-064,U/N Reef (21-064),2024,Southern GBR,4,8.82,0.30248149893283544,0.2233901440513016,5.04829112437769,7.64576530456543,0.01098901098901099,141.37563195977037,0,0.4,0,2.66666666666667,1.2992829841302618,0,0,0,b,NA,Aerial bl 3 2024 DHW 8.82 2024,coral bleaching,Aerial bl 3 2024 DHW 8.82 2024  coral bleaching,0,0.20674368285973974,0.1717083873366431,0.03549962437588429,joint_core_brt,leave_one_event_out,2024,-0.03549962437588429,0.03549962437588429
ltmp,4223046,21-139,U/N Reef (21-139),2024,Southern GBR,4,8.6,0.161084953587778,0.24029573725924935,5.04829112437769,7.674178123474121,0.03296703296703297,132.67491596944663,0,0.4,0,1,0.6931471805599453,0.00833333345750968,0.0335,0.0329511001396859,NA,NA,NA,NA, ,0.17477970140301632,0.5621341644121454,0.32776899963177936,0.18425015272821507,joint_core_brt,leave_one_event_out,2024,-0.009470451325198748,0.009470451325198748
manta,4067086,21-139,U/N Reef (21-139),2024,Southern GBR,4,8.6,0.161084953587778,0.5779862545901678,5.04829112437769,7.674178123474121,0.03296703296703297,132.67491596944663,0,0.4,0,1,0.6931471805599453,0.00833333345750968,0.0335,0.0329511001396859,NA,NA,NA,NA, ,0.21994377052766942,0.5679578912812278,0.19879693314832392,0.11290828694409726,joint_core_brt,leave_one_event_out,2024,0.10703548358357216,0.10703548358357216
ltmp,4224936,21-187,U/N Reef (21-187),2024,Southern GBR,5,7.25,0.3136770924524844,0.26241106733981745,5.04829112437769,7.633310794830322,0.03296703296703297,153.59663174270304,0,0.4,0,0,0,0.420531406998634,0,0,b,NA,decline following bleaching,coral bleaching,decline following bleaching  coral bleaching,0.16372669436792,0.8026483061361914,0.39160816164089707,0.3143236276101739,joint_core_brt,leave_one_event_out,2024,-0.1505969332422539,0.1505969332422539
manta,4066635,21-187,U/N Reef (21-187),2024,Southern GBR,5,7.25,0.3136770924524844,0.6246600212356924,5.04829112437769,7.633310794830322,0.03296703296703297,153.59663174270304,0,0.4,0,0,0,0.420531406998634,0,0,b,NA,decline following bleaching,NA,decline following bleaching ,0.44183377601544943,0.8063749827115971,0.23394623057678157,0.18864838763679556,joint_core_brt,leave_one_event_out,2024,0.2531853883786539,0.2531853883786539
manta,4067277,21-245,U/N Reef (21-245),2024,Southern GBR,5,6.22,0.17480474460241177,0.39864326854235227,5.04829112437769,7.576849460601807,0.02197802197802198,234.58133252949253,0,0.5,0,7,2.0794415416798357,0.0325203239917755,0.0361,0.03546366427556904,NA,NA,NA,NA, ,0.14277996567627907,0.36719939947801794,0.16455403446928737,0.06042414263880739,joint_core_brt,leave_one_event_out,2024,0.08235582303747169,0.08235582303747169
manta,4067278,21-245,U/N Reef (21-245),2024,Southern GBR,5,6.22,0.19722631201351185,0.42713993183629156,5.04829112437769,7.576849460601807,0.02197802197802198,234.58133252949253,0,0.5,0,7,2.0794415416798357,0.0325203239917755,0.0361,0.03546366427556904,b,NA,DHW 6.56 0.03 COTS per tow,coral bleaching,DHW 6.56 0.03 COTS per tow  coral bleaching,0.06671505324129029,0.36719939947801794,0.16455403446928737,0.06042414263880739,joint_core_brt,leave_one_event_out,2024,0.006290910602482901,0.006290910602482901
manta,4049349,21-296,U/N Reef (21-296),2024,Southern GBR,5,6.8500000000000005,0.20738059167755873,0.2593232071269527,5.04829112437769,7.576849460601807,0.02197802197802198,234.58133252949253,0.0257730235339691,1,0.0257730235339691,5.83333333333333,1.9218125974762523,NA,0.0421,0.04123790801624474,b,NA,Aerial bl 5 2024 DHW 6.85 2024,coral bleaching,Aerial bl 5 2024 DHW 6.85 2024  coral bleaching,0,0.525251452502541,0.19583750986366102,0.10286393651036865,joint_core_brt,leave_one_event_out,2024,-0.10286393651036865,0.10286393651036865
ltmp,4238621,21-305,East Cay Reef (21-305),2024,Southern GBR,2,7.67,0.20939772152775202,0.1774025284140376,5.04829112437769,7.61787748336792,0.03296703296703297,222.5876216694933,0.0429008331167437,1,0.0429008331167437,4,1.6094379124341005,NA,0.0421,0.04123790801624474,b,NA,Aerial bl 5 2024 DHW 7.67,NA,Aerial bl 5 2024 DHW 7.67 ,0.17436133243673674,0.6421761664744816,0.3567335851784545,0.22908580618259786,joint_core_brt,leave_one_event_out,2024,-0.05472447374586112,0.05472447374586112
ltmp,4238622,21-305,East Cay Reef (21-305),2024,Southern GBR,2,7.67,0.21688656916806204,0.21909190697703518,5.04829112437769,7.61787748336792,0.03296703296703297,222.5876216694933,0.0429008331167437,1,0.0429008331167437,4,1.6094379124341005,NA,0.0421,0.04123790801624474,b,NA,DHW 7.67 mass loss of SC,coral bleaching,DHW 7.67 mass loss of SC  coral bleaching,0.19028260394560065,0.6166199790952658,0.3617828076792943,0.22308250730823304,joint_core_brt,leave_one_event_out,2024,-0.03279990336263239,0.03279990336263239
manta,4284380,21-305,East Cay Reef (21-305),2024,Southern GBR,2,7.67,0.21688656916806204,0.31352435423231356,5.04829112437769,7.61787748336792,0.03296703296703297,222.5876216694933,0.0429008331167437,1,0.0429008331167437,4,1.6094379124341005,NA,0.0421,0.04123790801624474,b,NA,Aerial bl 5 2024 DHW 7.67,coral bleaching,Aerial bl 5 2024 DHW 7.67  coral bleaching,0.2779171356313509,0.6166199790952658,0.23757632643031956,0.14649430943699368,joint_core_brt,leave_one_event_out,2024,0.13142282619435722,0.13142282619435722
ltmp,4183353,21-529,U/N Reef (21-529),2024,Southern GBR,3,7.19,0.38615538690823586,0.24402387862104383,5.04829112437769,7.627993583679199,0.04395604395604396,188.7922667774775,0,0.5,0,0,0,0,0,0,b,NA,Aerial bl 5 2024 DHW 7.19 2024,coral bleaching,Aerial bl 5 2024 DHW 7.19 2024  coral bleaching,0.07120233399391916,0.5621341644121454,0.3578815941155409,0.20117747086662613,joint_core_brt,leave_one_event_out,2024,-0.12997513687270695,0.12997513687270695
manta,3989168,21-529,U/N Reef (21-529),2024,Southern GBR,3,7.19,0.38615538690823586,0.6491509096157588,5.04829112437769,7.627993583679199,0.04395604395604396,188.7922667774775,0,0.5,0,0,0,0,0,0,b,NA,Aerial bl 5 2024 DHW 7.19 2024,coral bleaching,Aerial bl 5 2024 DHW 7.19 2024  coral bleaching,0.3674510897264907,0.5679578912812278,0.21107286114462634,0.11988049712239737,joint_core_brt,leave_one_event_out,2024,0.24757059260409334,0.24757059260409334
manta,4284566,21-550,U/N Reef (21-550),2024,Southern GBR,1,7.85,0.22806223341999204,0.5231246127836484,5.293126064302306,7.698933601379395,0.05494505494505494,175.33603223489754,0.023349571128696,1,0.023349571128696,0,0,0.526315808296204,0.1427,0.133393883170531,NA,NA,NA,NA, ,0.3105929180461531,0.5448815776673316,0.17733326478538422,0.09662562908915881,joint_core_brt,leave_one_event_out,2024,0.21396728895699427,0.21396728895699427
ltmp,4184037,21-556,Gannett Cay Reef (21-556),2024,Southern GBR,1,8.47,0.016120536276246076,0.07002682803684913,5.293126064302306,7.664971828460693,0.05494505494505494,198.3246302201427,0.0454545468091965,1,0.0454545468091965,0,0,0,0.0144,0.01429730470082442,b,NA,DHW 8.47,coral bleaching,DHW 8.47  coral bleaching,0.018989820056651716,0.22280924599705698,0.13474109520383215,0.03002156182718351,joint_core_brt,leave_one_event_out,2024,-0.011031741770531796,0.011031741770531796
manta,4284599,21-556,Gannett Cay Reef (21-556),2024,Southern GBR,1,8.47,0.016120536276246076,0.09896793855981655,5.293126064302306,7.664971828460693,0.05494505494505494,198.3246302201427,0.0454545468091965,1,0.0454545468091965,0,0,0,0.0144,0.01429730470082442,b,NA,DHW 8.47,coral bleaching,DHW 8.47  coral bleaching,0,0.22280924599705698,0.13008046738269952,0.028983130856484043,joint_core_brt,leave_one_event_out,2024,-0.028983130856484043,0.028983130856484043
ltmp,4224607,21-558,U/N Reef (21-558),2024,Southern GBR,4,7.54,0.07481468055436158,0.1101872950078745,5.04829112437769,7.61787748336792,0.03296703296703297,222.5876216694933,0.0448146287353424,1,0.0448146287353424,2.2,1.1631508098056809,0.0775834644834201,0.0275,0.02712866738825262,NA,NA,NA,NA, ,0.06769401672425976,0.5236639945263288,0.3051416050763485,0.15979167181045617,joint_core_brt,leave_one_event_out,2024,-0.09209765508619641,0.09209765508619641
ltmp,4224608,21-558,U/N Reef (21-558),2024,Southern GBR,4,7.54,0.1629579657459985,0.13576658866345692,5.04829112437769,7.61787748336792,0.03296703296703297,222.5876216694933,0.0448146287353424,1,0.0448146287353424,2.2,1.1631508098056809,0.0775834644834201,0.0275,0.02712866738825262,b,NA,NA,coral bleaching,  coral bleaching,0.18840639591371994,0.5310990225247275,0.3051416050763485,0.16206040818767514,joint_core_brt,leave_one_event_out,2024,0.026345987726044795,0.026345987726044795
manta,4284588,21-558,U/N Reef (21-558),2024,Southern GBR,4,7.54,0.07481468055436158,0.39090706771087363,5.04829112437769,7.61787748336792,0.03296703296703297,222.5876216694933,0.0448146287353424,1,0.0448146287353424,2.2,1.1631508098056809,0.0775834644834201,0.0275,0.02712866738825262,NA,NA,NA,NA, ,0.25960430422350816,0.5990670890241919,0.2036765720472991,0.12201593111880157,joint_core_brt,leave_one_event_out,2024,0.1375883731047066,0.1375883731047066
manta,4284589,21-558,U/N Reef (21-558),2024,Southern GBR,4,7.54,0.1629579657459985,0.36925742040330933,5.04829112437769,7.61787748336792,0.03296703296703297,222.5876216694933,0.0448146287353424,1,0.0448146287353424,2.2,1.1631508098056809,0.0775834644834201,0.0275,0.02712866738825262,b,NA,DHW 7.24 to 8.27,coral bleaching,DHW 7.24 to 8.27  coral bleaching,0,0.6062102207229233,0.2036765720472991,0.12347081969688159,joint_core_brt,leave_one_event_out,2024,-0.12347081969688159,0.12347081969688159
ltmp,4232334,21-562,Turner Reef (21-562),2024,Southern GBR,1,9.27,0.12813436740046336,0.12528128336068736,5.293126064302306,7.622081279754639,0.03296703296703297,211.65905306044084,0.0455957978304078,1,0.0455957978304078,0,0,0,0.0207,0.02048866642731566,NA,NA,NA,NA, ,0.10489837425504042,0.46764838442742224,0.31836975921194105,0.14888510354601167,joint_core_brt,leave_one_event_out,2024,-0.04398672929097125,0.04398672929097125
ltmp,4232335,21-562,Turner Reef (21-562),2024,Southern GBR,1,9.27,0.08656072859991064,0.08887790813431366,5.293126064302306,7.622081279754639,0.03296703296703297,211.65905306044084,0.0455957978304078,1,0.0455957978304078,0,0,0,0.0207,0.02048866642731566,b,NA,NA,coral bleaching,  coral bleaching,0,0.46764838442742224,0.3097765618055398,0.1448665086618422,joint_core_brt,leave_one_event_out,2024,-0.1448665086618422,0.1448665086618422
manta,4284698,21-562,Turner Reef (21-562),2024,Southern GBR,1,9.27,0.12813436740046336,0.21160583760646007,5.293126064302306,7.622081279754639,0.03296703296703297,211.65905306044084,0.0455957978304078,1,0.0455957978304078,0,0,0,0.0207,0.02048866642731566,NA,NA,NA,NA, ,0.3153081782272817,0.532163267636028,0.24350808343211533,0.12958605737502102,joint_core_brt,leave_one_event_out,2024,0.18572212085226067,0.18572212085226067
manta,4284699,21-562,Turner Reef (21-562),2024,Southern GBR,1,9.27,0.08656072859991064,0.1222713025202314,5.293126064302306,7.622081279754639,0.03296703296703297,211.65905306044084,0.0455957978304078,1,0.0455957978304078,0,0,0,0.0207,0.02048866642731566,b,NA,DHW 8.65 to 9.27,coral bleaching,DHW 8.65 to 9.27  coral bleaching,0,0.46764838442742224,0.21294100815472777,0.09958151844190499,joint_core_brt,leave_one_event_out,2024,-0.09958151844190499,0.09958151844190499
ltmp,4180542,21-588,Wade Reef (21-588),2024,Southern GBR,5,9.33,0.31761851319151824,0.13297648655713687,5.293126064302306,7.634066581726074,0.05494505494505494,221.91002299353315,0.0454545468091965,1,0.0454545468091965,0,0,0,0.0124,0.01232374968883193,b,NA,hc increase but sc decline,coral bleaching,hc increase but sc decline  coral bleaching,0,0.27770680364828276,0.334508742117573,0.0928953535658789,joint_core_brt,leave_one_event_out,2024,-0.0928953535658789,0.0928953535658789
manta,3989106,21-588,Wade Reef (21-588),2024,Southern GBR,5,9.33,0.31761851319151824,0.14304588581004424,5.293126064302306,7.634066581726074,0.05494505494505494,221.91002299353315,0.0454545468091965,1,0.0454545468091965,0,0,0,0.0124,0.01232374968883193,b,NA,Aerial bl 4 2024  DHW 9.57 2024,coral bleaching,Aerial bl 4 2024  DHW 9.57 2024  coral bleaching,0.006290804014536357,0.27770680364828276,0.22907999106035976,0.0636170720971497,joint_core_brt,leave_one_event_out,2024,-0.057326268082613346,0.057326268082613346
ltmp,4223356,21-591,U/N Reef (21-591),2024,Southern GBR,2,8.13,0.3441447761193373,0.19995291484269695,5.410388454901543,7.682434558868408,0,117.60569926842686,0,0.35,0,4,1.6094379124341005,0,0,0,NA,NA,NA,NA, ,0,0.21148393040136995,0.20865036911423285,0.04412620013997457,joint_core_brt,leave_one_event_out,2024,-0.04412620013997457,0.04412620013997457
manta,4067531,21-591,U/N Reef (21-591),2024,Southern GBR,2,8.13,0.3441447761193373,0.3794207532763258,5.410388454901543,7.682434558868408,0,117.60569926842686,0,0.35,0,4,1.6094379124341005,0,0,0,NA,NA,NA,NA, ,0,0.20890633126320535,0.17954063106019935,0.037507174547466944,joint_core_brt,leave_one_event_out,2024,-0.037507174547466944,0.037507174547466944
mmp,4140753,22-009,Barren Island Reef (22-009),2024,Southern GBR,1,11.06,0.53129173943683,0.2598804032895316,4.823371628795423,7.690150737762451,0.01098901098901099,27.798770058383468,1,0.55,0,0,0,NA,NA,NA,b,NA,further decline as a result of bleaching in 2024,coral bleaching,further decline as a result of bleaching in 2024  coral bleaching,0.17115624670633436,0.1628095825598502,0.21674856172876714,0.0352887428555085,joint_core_brt,leave_one_event_out,2024,0.13586750385082585,0.13586750385082585
mmp,4140754,22-009,Barren Island Reef (22-009),2024,Southern GBR,1,11.06,0.8432966093606045,0.5916565683895456,4.823371628795423,7.690150737762451,0.01098901098901099,27.798770058383468,1,0.55,0,0,0,NA,NA,NA,b,NA,bleaching still evident at time of surveys,coral bleaching,bleaching still evident at time of surveys  coral bleaching,0.5607580187998068,0.1660653018110114,0.19593296813825956,0.032537667488607355,joint_core_brt,leave_one_event_out,2024,0.5282203513111995,0.5282203513111995
mmp,4140772,22-009,Barren Island Reef (22-009),2024,Southern GBR,1,11.06,0.9188685148426851,0.6208482450147622,4.823371628795423,7.690150737762451,0.01098901098901099,27.798770058383468,1,0.55,0,0,0,NA,NA,NA,b,NA,further decline as a result of bleaching in 2024,coral bleaching,further decline as a result of bleaching in 2024  coral bleaching,0.2354543608301246,0.1660653018110114,0.18403389460287922,0.030561644250682998,joint_core_brt,leave_one_event_out,2024,0.2048927165794416,0.2048927165794416
mmp,4140773,22-009,Barren Island Reef (22-009),2024,Southern GBR,1,11.06,0.9329570973491906,0.7041189584586074,4.823371628795423,7.690150737762451,0.01098901098901099,27.798770058383468,1,0.55,0,0,0,NA,NA,NA,b,NA,bleaching still evident at time of surveys,coral bleaching,bleaching still evident at time of surveys  coral bleaching,0.1182622800359385,0.1660653018110114,0.18403389460287922,0.030561644250682998,joint_core_brt,leave_one_event_out,2024,0.0877006357852555,0.0877006357852555
manta,4284476,22-084,U/N Reef (22-084),2024,Southern GBR,2,8.47,0.10148678379185999,0.15022670123802098,5.293126064302306,7.664971828460693,0.05494505494505494,198.3246302201427,0.0454545468091965,1,0.0454545468091965,0,0,0,0.0144,0.01429730470082442,NA,NA,NA,NA, ,0.2971606639822993,0.2273388385977873,0.13008046738269952,0.029572342379040262,joint_core_brt,leave_one_event_out,2024,0.267588321603259,0.267588321603259
manta,4284672,22-088a,U/N Reef (22-088a),2024,Southern GBR,3,7.58,0.2864416104796866,0.29321535546036537,5.293126064302306,7.698933601379395,0.05494505494505494,175.33603223489754,0,0.5,0,0,0,0.0918367356061935,0.1239,0.11680477954208436,b,NA,DHW 7.58,coral bleaching,DHW 7.58  coral bleaching,0.3397865462448271,0.5301271473087175,0.20083995273412894,0.10647071120856143,joint_core_brt,leave_one_event_out,2024,0.23331583503626568,0.23331583503626568
ltmp,4186339,22-102,Chinaman Reef (22-102),2024,Southern GBR,2,9.41,0.14325013683013463,0.22135253766117685,5.293126064302306,7.634066581726074,0.05494505494505494,221.91002299353315,0.0454545468091965,1,0.0454545468091965,0,0,0,0.0124,0.01232374968883193,b,NA,decline hc,coral bleaching,decline hc  coral bleaching,0.1549831580635079,0.4898751719763079,0.21934520785758796,0.1074517714214149,joint_core_brt,leave_one_event_out,2024,0.047531386642093,0.047531386642093
manta,4284635,22-102,Chinaman Reef (22-102),2024,Southern GBR,2,9.41,0.14325013683013463,0.18136489645736498,5.293126064302306,7.634066581726074,0.05494505494505494,221.91002299353315,0.0454545468091965,1,0.0454545468091965,0,0,0,0.0124,0.01232374968883193,b,NA,Aerial bl 3 2024 DHW 9.57,coral bleaching,Aerial bl 3 2024 DHW 9.57  coral bleaching,0,0.5090002375169956,0.19946547881862686,0.10152797609512233,joint_core_brt,leave_one_event_out,2024,-0.10152797609512233,0.10152797609512233
ltmp,4182001,22-104a,Horseshoe Reef (No 1) (22-104a),2024,Southern GBR,2,9.08,0.4872440402232475,0.25910214651422714,5.293126064302306,7.664971828460693,0.05494505494505494,198.3246302201427,0.0440845602679131,1,0.0440845602679131,0,0,0.0352941192686558,0.0187,0.01852730461388362,b,NA,hc decline,coral bleaching,hc decline  coral bleaching,0.10896430189600032,0.514101513999981,0.22913472049729713,0.11779850671762294,joint_core_brt,leave_one_event_out,2024,-0.00883420482162263,0.00883420482162263
manta,3989230,22-104a,Horseshoe Reef (No 1) (22-104a),2024,Southern GBR,2,9.08,0.4872440402232475,0.13717349711137905,5.293126064302306,7.664971828460693,0.05494505494505494,198.3246302201427,0.0440845602679131,1,0.0440845602679131,0,0,0.0352941192686558,0.0187,0.01852730461388362,b,NA,DHW 9.19,coral bleaching,DHW 9.19  coral bleaching,0.0026179461240754035,0.4354075896272049,0.18998631689979745,0.0827214843034911,joint_core_brt,leave_one_event_out,2024,-0.0801035381794157,0.0801035381794157
mmp,4143649,23-004b,North Keppel (Ko-no-mie) Island Reef (No 2) (23-004b),2024,Southern GBR,3,12.41,0.9702392451266665,0.17797019321167112,5.3548966285573405,7.717053890228272,0,25.58889965967512,0.874654366947519,0.1,-0.09219169675271,0,0,NA,NA,NA,b,NA,further decline as a result of bleaching in 2024,coral bleaching,further decline as a result of bleaching in 2024  coral bleaching,0.649764667289415,0.3712613491981444,0.25269215711534376,0.09381483118243202,joint_core_brt,leave_one_event_out,2024,0.5559498361069829,0.5559498361069829
mmp,4143650,23-004b,North Keppel (Ko-no-mie) Island Reef (No 2) (23-004b),2024,Southern GBR,3,12.41,0.9831720862579035,0.4840089198869416,5.3548966285573405,7.717053890228272,0,25.58889965967512,0.874654366947519,0.1,-0.09219169675271,0,0,NA,NA,NA,b,NA,bleaching still evident at time of surveys,coral bleaching,bleaching still evident at time of surveys  coral bleaching,0.6322997657703442,0.3541754511260124,0.232434025487971,0.0823224258342372,joint_core_brt,leave_one_event_out,2024,0.549977339936107,0.549977339936107
mmp,4143665,23-004b,North Keppel (Ko-no-mie) Island Reef (No 2) (23-004b),2024,Southern GBR,3,12.41,0.8174194259823503,0.19953314021729673,5.3548966285573405,7.717053890228272,0,25.58889965967512,0.874654366947519,0.1,-0.09219169675271,0,0,NA,NA,NA,b,NA,further decline as a result of bleaching in 2024,coral bleaching,further decline as a result of bleaching in 2024  coral bleaching,0.2382175190368768,0.3577349264667312,0.24609877642831776,0.08803812768913678,joint_core_brt,leave_one_event_out,2024,0.15017939134774,0.15017939134774
mmp,4143666,23-004b,North Keppel (Ko-no-mie) Island Reef (No 2) (23-004b),2024,Southern GBR,3,12.41,0.855313419480824,0.26841942818408787,5.3548966285573405,7.717053890228272,0,25.58889965967512,0.874654366947519,0.1,-0.09219169675271,0,0,NA,NA,NA,b,NA,bleaching still evident at time of surveys,coral bleaching,bleaching still evident at time of surveys  coral bleaching,0.25663674359498084,0.34877420647723995,0.2510598093486592,0.08756318578390575,joint_core_brt,leave_one_event_out,2024,0.16907355781107508,0.16907355781107508
mmp,4138915,23-010,Middle (Ba-la-ba) Island Reef (23-010),2024,Southern GBR,4,12.23,0.45895037123979043,0.094141417582425,5.455125136460727,7.59745454788208,0,25.541262425425487,0.88543541568752,0.3,-0.04714947352788246,0,0,NA,NA,NA,b,NA,further decline as a result of bleaching in 2024,coral bleaching,further decline as a result of bleaching in 2024  coral bleaching,0.48766349684223503,0.29209701257154597,0.19466596452654422,0.05686134668756211,joint_core_brt,leave_one_event_out,2024,0.43080215015467294,0.43080215015467294
mmp,4138916,23-010,Middle (Ba-la-ba) Island Reef (23-010),2024,Southern GBR,4,12.23,0.7664047472610901,0.19386016389011806,5.455125136460727,7.59745454788208,0,25.541262425425487,0.88543541568752,0.3,-0.04714947352788246,0,0,NA,NA,NA,b,NA,bleaching still evident at time of surveys,coral bleaching,bleaching still evident at time of surveys  coral bleaching,0.5143849272933385,0.35443708714481303,0.21858886199878616,0.07747599952914928,joint_core_brt,leave_one_event_out,2024,0.4369089277641892,0.4369089277641892
mmp,4138931,23-010,Middle (Ba-la-ba) Island Reef (23-010),2024,Southern GBR,4,12.23,0.3533715797147019,0.12330852251969322,5.455125136460727,7.59745454788208,0,25.541262425425487,0.88543541568752,0.3,-0.04714947352788246,0,0,NA,NA,NA,b,NA,further decline as a result of bleaching in 2024,coral bleaching,further decline as a result of bleaching in 2024  coral bleaching,0.28856582591991914,0.2774251617832991,0.1827668909911639,0.050704134301854234,joint_core_brt,leave_one_event_out,2024,0.23786169161806492,0.23786169161806492
mmp,4138932,23-010,Middle (Ba-la-ba) Island Reef (23-010),2024,Southern GBR,4,12.23,0.48147352484178185,0.2096906034389076,5.455125136460727,7.59745454788208,0,25.541262425425487,0.88543541568752,0.3,-0.04714947352788246,0,0,NA,NA,NA,b,NA,bleaching still evident at time of surveys,coral bleaching,bleaching still evident at time of surveys  coral bleaching,0.41195017565191666,0.3325578893219495,0.21199548131176016,0.07050076981082976,joint_core_brt,leave_one_event_out,2024,0.3414494058410869,0.3414494058410869
mmp,4155453,23-016,Humpy (Bur-ye-Bur-ye) Reef (23-016),2024,Southern GBR,3,12.47,0.7075329405300055,0.22997353185720512,5.455125136460727,7.59745454788208,0,25.541262425425487,0.742819670261997,0.3,-0.06790996624503798,0,0,NA,0,0,b,NA,further decline as a result of bleaching in 2024,coral bleaching,further decline as a result of bleaching in 2024  coral bleaching,0.6554932597858075,0.30528570609838673,0.21769900354526986,0.06646039401423291,joint_core_brt,leave_one_event_out,2024,0.5890328657715747,0.5890328657715747
mmp,4155454,23-016,Humpy (Bur-ye-Bur-ye) Reef (23-016),2024,Southern GBR,3,12.47,0.8806702661451502,0.49687349743235776,5.455125136460727,7.59745454788208,0,25.541262425425487,0.742819670261997,0.3,-0.06790996624503798,0,0,NA,0,0,b,NA,bleaching still evident at time of surveys,coral bleaching,bleaching still evident at time of surveys  coral bleaching,0.5371587878089377,0.3103344107868927,0.19688340995476228,0.061099697022025404,joint_core_brt,leave_one_event_out,2024,0.4760590907869123,0.4760590907869123
mmp,4155473,23-016,Humpy (Bur-ye-Bur-ye) Reef (23-016),2024,Southern GBR,3,12.47,0.7596478225945502,0.13594107109759657,5.455125136460727,7.59745454788208,0,25.541262425425487,0.742819670261997,0.3,-0.06790996624503798,0,0,NA,0,0,b,NA,further decline as a result of bleaching in 2024,coral bleaching,further decline as a result of bleaching in 2024  coral bleaching,0.5474064906348262,0.24649712168073076,0.17657133968929326,0.043524327004721364,joint_core_brt,leave_one_event_out,2024,0.5038821636301047,0.5038821636301047
mmp,4155474,23-016,Humpy (Bur-ye-Bur-ye) Reef (23-016),2024,Southern GBR,3,12.47,0.901484765985602,0.27456883183503955,5.455125136460727,7.59745454788208,0,25.541262425425487,0.742819670261997,0.3,-0.06790996624503798,0,0,NA,0,0,b,NA,bleaching still evident at time of surveys,coral bleaching,bleaching still evident at time of surveys  coral bleaching,0.5048925612238839,0.30528570609838673,0.21076096293023097,0.06434230938613147,joint_core_brt,leave_one_event_out,2024,0.4405502518377524,0.4405502518377524
mmp,4149293,23-017,Pelican Island Reef (23-017),2024,Southern GBR,5,13.26,0.15284497105653488,0.04020428702893302,5.455125136460727,5.654933929443359,0.0989010989010989,0,0.982514254126998,0.3,-0.01725404792966256,0,0,NA,NA,NA,NA,NA,NA,NA, ,0,0.2176463914291438,0.16221078885795792,0.03530459284580931,joint_core_brt,leave_one_event_out,2024,-0.03530459284580931,0.03530459284580931
mmp,4149294,23-017,Pelican Island Reef (23-017),2024,Southern GBR,5,13.26,0.13438736512389293,0.06792091059527568,5.455125136460727,5.654933929443359,0.0989010989010989,0,0.982514254126998,0.3,-0.01725404792966256,0,0,NA,NA,NA,b,NA,bleaching still evident at time of surveys,coral bleaching,bleaching still evident at time of surveys  coral bleaching,0.40807202558722055,0.2176463914291438,0.16221078885795792,0.03530459284580931,joint_core_brt,leave_one_event_out,2024,0.3727674327414112,0.3727674327414112
mmp,4149312,23-017,Pelican Island Reef (23-017),2024,Southern GBR,5,13.26,0.004508986329815639,0.18529755917949564,5.455125136460727,5.654933929443359,0.0989010989010989,0,0.982514254126998,0.3,-0.01725404792966256,0,0,NA,NA,NA,NA,NA,NA,NA, ,0.02301944253341331,0.26612203569852344,0.182027912320232,0.04844163858061247,joint_core_brt,leave_one_event_out,2024,-0.02542219604719916,0.02542219604719916
mmp,4149313,23-017,Pelican Island Reef (23-017),2024,Southern GBR,5,13.26,0.0160741119416249,0.1888051471674132,5.455125136460727,5.654933929443359,0.0989010989010989,0,0.982514254126998,0.3,-0.01725404792966256,0,0,NA,NA,NA,b,NA,bleaching still evident at time of surveys,coral bleaching,bleaching still evident at time of surveys  coral bleaching,0.018577819728650656,0.25487340094107774,0.182027912320232,0.046394073079261834,joint_core_brt,leave_one_event_out,2024,-0.027816253350611178,0.027816253350611178
ltmp,4188168,23-048,Broomfield Reef (23-048),2024,Southern GBR,4,11.6,0.862233938344424,0.5750808079045714,5.301987044294902,7.902797222137451,0.03296703296703297,94.55219552218418,0.0430566355266609,0.7,0.0430566355266609,0,0,0,0,0,m,NA,Aerial bl 5 2024   DHW 11.6,"coral bleaching, unknown storm","Aerial bl 5 2024   DHW 11.6  coral bleaching, unknown storm",0.6883989417687074,0.6438359839558111,0.38694312833987365,0.24912790976964225,joint_core_brt,leave_one_event_out,2024,0.43927103199906514,0.43927103199906514
manta,4284725,23-048,Broomfield Reef (23-048),2024,Southern GBR,4,11.6,0.862233938344424,0.581105916624201,5.301987044294902,7.902797222137451,0.03296703296703297,94.55219552218418,0.0430566355266609,0.7,0.0430566355266609,0,0,0,0,0,m,NA,Aerial bl 5 2024   DHW 11.6,"coral bleaching, unknown storm","Aerial bl 5 2024   DHW 11.6  coral bleaching, unknown storm",0.5712917276690362,0.6438359839558111,0.2706611791894597,0.1742614066220859,joint_core_brt,leave_one_event_out,2024,0.39703032104695035,0.39703032104695035
ltmp,4182299,23-051,Wreck Island Reef (23-051),2024,Southern GBR,3,11.64,0.9797631868153628,0.6697295842357892,5.301987044294902,7.902797222137451,0.03296703296703297,94.55219552218418,0.0454611954935722,0.9,0.0454611954935722,0,0,0,0,0,b,NA,big hc decline,coral bleaching,big hc decline  coral bleaching,0.5446213063879788,0.6772268953762456,0.3896166205871961,0.2638588543472514,joint_core_brt,leave_one_event_out,2024,0.28076245204072736,0.28076245204072736
manta,4284526,23-051,Wreck Island Reef (23-051),2024,Southern GBR,3,11.64,0.9797631868153628,0.5789666427911073,5.301987044294902,7.902797222137451,0.03296703296703297,94.55219552218418,0.0454611954935722,0.9,0.0454611954935722,0,0,0,0,0,m,NA,Aerial bl 5 2024  DHW 11.64,"coral bleaching, unknown storm","Aerial bl 5 2024  DHW 11.64  coral bleaching, unknown storm",0.3704552530009853,0.6772268953762456,0.27333467143678214,0.1851095909358181,joint_core_brt,leave_one_event_out,2024,0.1853456620651672,0.1853456620651672
ltmp,4185533,23-055a,One Tree Island Reef (23-055a),2024,Southern GBR,1,11.53,0.9167527148244318,0.6465710923203194,5.509502913839823,7.843398094177246,0.02197802197802198,75.37078298757997,0.0455607442369428,0.9,0.0455607442369428,0,0,0.0428571440279484,0.0397,0.03893221000178747,m,NA,DHW 11,"coral bleaching, coral disease","DHW 11  coral bleaching, coral disease",0.7056209452888168,0.7286866429703512,0.4546480849762971,0.3312959867742769,joint_core_brt,leave_one_event_out,2024,0.3743249585145399,0.3743249585145399
manta,4284425,23-055a,One Tree Island Reef (23-055a),2024,Southern GBR,1,11.53,0.9167527148244318,0.6064749895445039,5.509502913839823,7.843398094177246,0.02197802197802198,75.37078298757997,0.0455607442369428,0.9,0.0455607442369428,0,0,0.0428571440279484,0.0397,0.03893221000178747,m,NA,Aerial bl 4 2024  DHW 11.81,"coral bleaching, coral disease, crown-of-thorns starfish, unknown storm","Aerial bl 4 2024  DHW 11.81  coral bleaching, coral disease, crown-of-thorns starfish, unknown storm",0.5107539897859481,0.7286866429703512,0.33047761267481773,0.24081462215686894,joint_core_brt,leave_one_event_out,2024,0.26993936762907916,0.26993936762907916
ltmp,4181245,23-068,Erskine Reef (23-068),2024,Southern GBR,1,11.17,0.8208239385774314,0.4638738443085885,5.301987044294902,7.857634544372559,0.01098901098901099,58.02948927544897,0.025341655981035,0.4,-0.0201128908281615,0,0,0,0,0,b,NA,Aerial bl 4 2024 DHW 11.17,coral bleaching,Aerial bl 4 2024 DHW 11.17  coral bleaching,0.14256428051898865,0.6293346946365007,0.2577605583420422,0.16221766227352305,joint_core_brt,leave_one_event_out,2024,-0.019653381754534405,0.019653381754534405
manta,4284411,23-068,Erskine Reef (23-068),2024,Southern GBR,1,11.17,0.8208239385774314,0.4084517150032933,5.301987044294902,7.857634544372559,0.01098901098901099,58.02948927544897,0.025341655981035,0.4,-0.0201128908281615,0,0,0,0,0,b,NA,Aerial bl 4 2024 DHW 11.17,coral bleaching,Aerial bl 4 2024 DHW 11.17  coral bleaching,0.06654453617104276,0.6293346946365007,0.24450673311450827,0.15387657022118745,joint_core_brt,leave_one_event_out,2024,-0.08733203405014468,0.08733203405014468
ltmp,4181617,23-069,Mast Head Reef (23-069),2024,Southern GBR,2,11.08,0.7967591332408196,0.4000561441690104,5.301987044294902,7.857634544372559,0.01098901098901099,58.02948927544897,0.00124849993778155,0.4,-0.04420604687141495,0,0,0,0,0,b,NA,decline in hc,coral bleaching,decline in hc  coral bleaching,0.2019468711406776,0.44117976762389954,0.2577605583420422,0.11371874323194878,joint_core_brt,leave_one_event_out,2024,0.08822812790872883,0.08822812790872883
manta,4284513,23-069,Mast Head Reef (23-069),2024,Southern GBR,2,11.08,0.7967591332408196,0.38230377464643,5.301987044294902,7.857634544372559,0.01098901098901099,58.02948927544897,0.00124849993778155,0.4,-0.04420604687141495,0,0,0,0,0,b,NA,DHW 11.17,coral bleaching,DHW 11.17  coral bleaching,0.27324709489204596,0.44117976762389954,0.24869100022152693,0.1097174376878884,joint_core_brt,leave_one_event_out,2024,0.16352965720415757,0.16352965720415757
manta,4284550,23-080,Hoskyn Islands Reef (23-080),2024,Southern GBR,4,11.2,0.8814544768695094,0.6184300829752357,5.784058808178996,7.760509014129639,0.01098901098901099,75.30452287765046,0.0454545468091965,0.85,0.0454545468091965,0,0,0.0161290317773819,0.0161,0.01597176950969866,b,NA,DHW 11.48,coral bleaching,DHW 11.48  coral bleaching,0.5478185490121976,0.7193249978631675,0.321741572424645,0.23143675589684992,joint_core_brt,leave_one_event_out,2024,0.3163817931153477,0.3163817931153477
ltmp,4180873,23-081,Fairfax Islands Reef (23-081),2024,Southern GBR,3,11.26,0.8421051184060283,0.33232469751541616,5.784058808178996,7.760509014129639,0.01098901098901099,75.30452287765046,0.0818748265521753,0.9,0.0818748265521753,0,0,0.00581395346671343,0.0202,0.01999868650668912,m,NA,"Aerial bl 4 2024 DHW 11.46 2024, moderate disease","coral bleaching, coral disease","Aerial bl 4 2024 DHW 11.46 2024, moderate disease  coral bleaching, coral disease",0.17622110261289636,0.8248316185008279,0.44554523969519866,0.36749980117313,joint_core_brt,leave_one_event_out,2024,-0.19127869856023366,0.19127869856023366
manta,4284498,23-081,Fairfax Islands Reef (23-081),2024,Southern GBR,3,11.26,0.8421051184060283,0.6500704629813622,5.784058808178996,7.760509014129639,0.01098901098901099,75.30452287765046,0.0818748265521753,0.9,0.0818748265521753,0,0,0.00581395346671343,0.0202,0.01999868650668912,b,NA,Aerial bl 4 2024 DHW 11.46 2024,coral bleaching,Aerial bl 4 2024 DHW 11.46 2024  coral bleaching,0.37356823802927674,0.8282290442434752,0.31140175642855156,0.2579119791025587,joint_core_brt,leave_one_event_out,2024,0.11565625892671805,0.11565625892671805
ltmp,4187208,23-082a,Lady Musgrave Reef (23-082a),2024,Southern GBR,5,11.12,0.9474516636293955,0.6333792303847722,5.801442997806395,7.673856258392334,0.01098901098901099,75.2376810282473,0.0530255667004531,0.8,0.0530255667004531,0,0,0.0214888722014924,0.0202,0.01999868650668912,m,NA,b s 34% decline hc abs 55% decline rel,"coral bleaching, coral disease, unknown storm","b s 34% decline hc abs 55% decline rel  coral bleaching, coral disease, unknown storm",0.5425304381746469,0.8330071924430698,0.43484581611701967,0.3622296924292539,joint_core_brt,leave_one_event_out,2024,0.18030074574539295,0.18030074574539295
manta,4284760,23-082a,Lady Musgrave Reef (23-082a),2024,Southern GBR,5,11.12,0.9474516636293955,0.6318089437365313,5.801442997806395,7.673856258392334,0.01098901098901099,75.2376810282473,0.0530255667004531,0.8,0.0530255667004531,0,0,0.0214888722014924,0.0202,0.01999868650668912,m,NA,Aerial bl 4 2024 DHW 11.42,"coral bleaching, unknown storm","Aerial bl 4 2024 DHW 11.42  coral bleaching, unknown storm",0.3784926956594735,0.8330071924430698,0.3106753438155403,0.25879479591306864,joint_core_brt,leave_one_event_out,2024,0.11969789974640488,0.11969789974640488
ltmp,4241950,12-061,Lagoon Reef (12-061),2024,Northern GBR,1,5.54,0.3241122180549288,0.32829276929333295,6.420027608820439,5.631319999694824,0.16483516483516483,54.279648353109025,0.033256764816276,0.6,0.01794252278248349,0,0,0,0,0,b,NA,decline hc abs 7% rel 25% DHW 5.54,coral bleaching,decline hc abs 7% rel 25% DHW 5.54  coral bleaching,0.20439217846985944,0.5393833411825183,0.15948059720330976,0.0860211773733046,joint_core_brt,reef_blocked_2024,1,0.11837100109655484,0.11837100109655484
manta,4285498,12-061,Lagoon Reef (12-061),2024,Northern GBR,1,5.54,0.3241122180549288,0.5429476932960781,6.420027608820439,5.631319999694824,0.16483516483516483,54.279648353109025,0.033256764816276,0.6,0.01794252278248349,0,0,0,0,0,b,NA,DHW 5.54- cots prior,coral bleaching,DHW 5.54- cots prior  coral bleaching,0.1983460233310179,0.716895871667556,0.300075728007843,0.21512305059645903,joint_core_brt,reef_blocked_2024,1,-0.01677702726544114,0.01677702726544114
ltmp,4184758,14-087,Snake Reef (14-087),2024,Northern GBR,1,6.91,0.49661045255586744,0.26604015820313404,6.721013396401132,5.019526481628418,0.24175824175824176,38.681727528550425,0.513612464304515,1,0.2588340779562835,0,0,NA,0.0042,0.00419120461846807,b,NA,hc declines,coral bleaching,hc declines  coral bleaching,0.13933691300676979,0.598745983106311,0.2778460868849004,0.1663592284441412,joint_core_brt,reef_blocked_2024,1,-0.027022315437371408,0.027022315437371408
manta,3988617,14-118,Eyrie Reef (14-118),2024,Northern GBR,1,6.2700000000000005,0.5154641976894707,0.32029059765378537,6.662192357426267,5.6041412353515625,0.1978021978021978,38.660259476645,0.387817227069386,1,0.2936125563709091,0,0,0.0737812916437785,0.0613,0.05949457178563976,b,NA,DHW 6.27 to 6.32,coral bleaching,DHW 6.27 to 6.32  coral bleaching,0.5256729155551548,0.6303555485773611,0.3041055545458835,0.191694623661193,joint_core_brt,reef_blocked_2024,1,0.33397829189396183,0.33397829189396183
ltmp,4172974,14-123,Martin Reef (14-123),2024,Northern GBR,1,6.4,0.5837078855804666,0.20952153168187226,6.662192357426267,5.099393844604492,0.2307692307692308,27.798770058382857,0.530025205470943,1,0.3896797019922375,0,0,0.0158266127109528,0.0201,0.01990066170633616,b,NA,no decline,coral bleaching,no decline  coral bleaching,0.3676370188512778,0.48191798153738075,0.21827224162111583,0.10518931810768761,joint_core_brt,reef_blocked_2024,1,0.2624477007435902,0.2624477007435902
manta,4285469,14-123,Martin Reef (14-123),2024,Northern GBR,1,6.4,0.5837078855804666,0.2716942520166412,6.662192357426267,5.099393844604492,0.2307692307692308,27.798770058382857,0.530025205470943,1,0.3896797019922375,0,0,0.0158266127109528,0.0201,0.01990066170633616,b,NA,DHW 6.73 aerial bl 5,coral bleaching,DHW 6.73 aerial bl 5  coral bleaching,0.19967709485407348,0.5865060196221593,0.2935722203719737,0.1721818744420057,joint_core_brt,reef_blocked_2024,1,0.027495220412067783,0.027495220412067783
ltmp,4175968,14-138,Yonge Reef (14-138),2024,Northern GBR,1,8.08,0.2688625059919296,0.3680986269041048,6.662192357426267,5.418431758880615,0.21978021978021975,61.75564549314031,0,0.45,0,4,1.6094379124341005,0,0,0,b,NA,Aerial bl 2 2024 DHW 8.08,NA,Aerial bl 2 2024 DHW 8.08 ,0,0.5426431075313458,0.14423106910228708,0.07826599554023334,joint_core_brt,reef_blocked_2024,1,-0.07826599554023334,0.07826599554023334
manta,4206459,14-138,Yonge Reef (14-138),2024,Northern GBR,1,8.08,0.2688625059919296,0.2873801234301697,6.662192357426267,5.418431758880615,0.21978021978021975,61.75564549314031,0,0.45,0,4,1.6094379124341005,0,0,0,b,NA,Aerial bl 2 2024 DHW 8.08,coral bleaching,Aerial bl 2 2024 DHW 8.08  coral bleaching,0.11897693253026977,0.4975887020135148,0.21592340394855641,0.10744104630510203,joint_core_brt,reef_blocked_2024,1,0.01153588622516774,0.01153588622516774
manta,4206312,15-030,Swinger Reef (15-030),2024,Northern GBR,1,3.87,0.5685984833602956,0.41001831853403453,6.7363531973548385,5.366098403930664,0.15384615384615383,26.81989949840036,0.149812788731616,1,0.10100326410607618,0,0,0,0.0025,0.00249688019858719,b,NA,DHW 3.87,coral bleaching,DHW 3.87  coral bleaching,0.34618830788839955,0.5956770145731896,0.14086665587473723,0.08391102902437234,joint_core_brt,reef_blocked_2024,1,0.2622772788640272,0.2622772788640272
ltmp,4176749,15-099c,Agincourt Reefs (No 1) (15-099c),2024,Central GBR,1,6.97,0.38200659369933787,0.3627972623729205,6.6724338344427165,5.55191707611084,0.15384615384615383,53.443772818368494,0.044311645741118,0.7,0.044311645741118,0,0,0,0,0,m,NA,declines hc and sc B Jasper,"coral bleaching, Cyclone Jasper","declines hc and sc B Jasper  coral bleaching, Cyclone Jasper",0.147059946921269,0.551069512484277,0.1617848229681799,0.08915468352042996,joint_core_brt,reef_blocked_2024,1,0.05790526340083904,0.05790526340083904
manta,4206426,15-099c,Agincourt Reefs (No 1) (15-099c),2024,Central GBR,1,6.97,0.38200659369933787,0.44560178073362894,6.6724338344427165,5.55191707611084,0.15384615384615383,53.443772818368494,0.044311645741118,0.7,0.044311645741118,0,0,0,0,0,m,NA,Aerial bl 3 2024 DHW 6.97,"coral bleaching, Cyclone Jasper","Aerial bl 3 2024 DHW 6.97  coral bleaching, Cyclone Jasper",0.23551593127835632,0.6607022647090632,0.2679398977261044,0.17702849723355193,joint_core_brt,reef_blocked_2024,1,0.05848743404480439,0.05848743404480439
mmp,4167064,17-053,Stingaree Reefs (17-053),2024,Central GBR,1,4.15,0.616506583925962,0.33654597828120286,6.679407263235824,4.47112512588501,0.3076923076923077,26.438199406294544,0.939069623828006,0.5,-0.00537384389114203,0,0,NA,1e-4,9.999500033330834e-5,b,NA,partial bleaching at time of surveys,coral bleaching,partial bleaching at time of surveys  coral bleaching,0,0.6249170194287802,0.44293029917625576,0.27679468237592364,joint_core_brt,reef_blocked_2024,1,-0.27679468237592364,0.27679468237592364
mmp,4167081,17-053,Stingaree Reefs (17-053),2024,Central GBR,1,4.15,0.12818230888325138,0.34299737519484685,6.679407263235824,4.47112512588501,0.3076923076923077,26.438199406294544,0.939069623828006,0.5,-0.00537384389114203,0,0,NA,1e-4,9.999500033330834e-5,b,NA,partial bleaching at time of surveys,coral bleaching,partial bleaching at time of surveys  coral bleaching,0,0.5530704174282111,0.2748247804600871,0.15199745604867684,joint_core_brt,reef_blocked_2024,1,-0.15199745604867684,0.15199745604867684
mmp,4167098,17-053,Stingaree Reefs (17-053),2024,Central GBR,1,4.15,0.616506583925962,0.4806596238854858,6.679407263235824,4.47112512588501,0.3076923076923077,26.438199406294544,0.939069623828006,0.5,-0.00537384389114203,0,0,NA,1e-4,9.999500033330834e-5,b,NA,partial bleaching at time of surveys,coral bleaching,partial bleaching at time of surveys  coral bleaching,0.08448089989497658,0.7140716933371573,0.4960216898831106,0.354195048026791,joint_core_brt,reef_blocked_2024,1,-0.26971414813181444,0.26971414813181444
mmp,4167117,17-053,Stingaree Reefs (17-053),2024,Central GBR,1,4.15,0.12818230888325138,0.3419938741107149,6.679407263235824,4.47112512588501,0.3076923076923077,26.438199406294544,0.939069623828006,0.5,-0.00537384389114203,0,0,NA,1e-4,9.999500033330834e-5,b,NA,partial bleaching at time of surveys,coral bleaching,partial bleaching at time of surveys  coral bleaching,0.11474101713504835,0.5530704174282111,0.2748247804600871,0.15199745604867684,joint_core_brt,reef_blocked_2024,1,-0.037256438913628495,0.037256438913628495
ltmp,3802952,17-063a,Farquharson Reef (No 1) (17-063a),2024,Central GBR,1,4.91,0.15402442656132434,0.08978364493751873,6.793622788043911,5.784509181976318,0.14285714285714285,52.950848061604326,0.0651378266978902,0.8,0.04241055329329195,10,2.3978952727983707,0,0,0,NA,NA,NA,NA, ,0,0.05769080265309723,0.08014324046622924,0.0046235278697169474,joint_core_brt,reef_blocked_2024,1,-0.0046235278697169474,0.0046235278697169474
manta,4066960,17-063a,Farquharson Reef (No 1) (17-063a),2024,Central GBR,1,4.91,0.15402442656132434,0.07791532665248674,6.793622788043911,5.784509181976318,0.14285714285714285,52.950848061604326,0.0651378266978902,0.8,0.04241055329329195,10,2.3978952727983707,0,0,0,NA,NA,NA,NA, ,0,0.06383421936141218,0.1370552111976115,0.008748812416213007,joint_core_brt,reef_blocked_2024,1,-0.008748812416213007,0.008748812416213007
ltmp,4230870,18-039,Dip Reef (18-039),2024,Central GBR,1,7.32,0.3069695489966417,0.24049936740079766,5.947264586791359,6.650827884674072,0.06593406593406594,111.1950802335326,0,0.45,0,8,2.1972245773362196,NA,0,0,NA,NA,NA,NA, ,0,0.5183554122079674,0.13897560457162672,0.07203875679457705,joint_core_brt,reef_blocked_2024,1,-0.07203875679457705,0.07203875679457705
ltmp,4230871,18-039,Dip Reef (18-039),2024,Central GBR,1,7.32,0.45118185460183396,0.25000968515127425,5.947264586791359,6.650827884674072,0.06593406593406594,111.1950802335326,0,0.45,0,8,2.1972245773362196,NA,0,0,b,NA,DHW 8.02 flat lining,coral bleaching,DHW 8.02 flat lining  coral bleaching,0.038039797317140515,0.5741277648622379,0.1537169583781486,0.08825317373506812,joint_core_brt,reef_blocked_2024,1,-0.050213376417927606,0.050213376417927606
mmp,4150474,19-009c,Magnetic Island Reef (No 2) (19-009c),2024,Central GBR,1,9.07,0.18275253450005705,0.2701302451098475,6.096021794618455,2.8266942501068115,0.6043956043956044,0,0.996374213958009,0.4,-0.00362578604199104,0,0,NA,0.0197,0.01950846638804296,b,NA,partial bleaching at time of surveys,coral bleaching,partial bleaching at time of surveys  coral bleaching,0.3503963600443477,0.2053982863209135,0.24734935038936098,0.050805132692565924,joint_core_brt,reef_blocked_2024,1,0.2995912273517818,0.2995912273517818
mmp,4150494,19-009c,Magnetic Island Reef (No 2) (19-009c),2024,Central GBR,1,9.07,0.11902635288320192,0.2800670648981542,6.096021794618455,2.8266942501068115,0.6043956043956044,0,0.996374213958009,0.4,-0.00362578604199104,0,0,NA,0.0197,0.01950846638804296,b,NA,partial bleaching at time of surveys,coral bleaching,partial bleaching at time of surveys  coral bleaching,0.20057757443419322,0.16961315338504077,0.11932780081851303,0.020239564583330046,joint_core_brt,reef_blocked_2024,1,0.18033800985086318,0.18033800985086318
ltmp,4227302,19-159,Slate Reef (19-159),2024,Central GBR,1,8.61,0.6136352481490801,0.40042831189585437,5.8287453483906155,7.366249084472656,0.01098901098901099,118.35940764116184,0,0.45,0,33,3.5263605246161616,0.0222222227603197,0.0198,0.01960652963891831,NA,NA,NA,NA, ,0.0636605992892416,0.8717376113352779,0.20649883470739736,0.18001280091134494,joint_core_brt,reef_blocked_2024,1,-0.11635220162210334,0.11635220162210334
ltmp,4227303,19-159,Slate Reef (19-159),2024,Central GBR,1,8.61,0.6586105214947701,0.4609423548222777,5.8287453483906155,7.366249084472656,0.01098901098901099,118.35940764116184,0,0.45,0,33,3.5263605246161616,0.0222222227603197,0.0198,0.01960652963891831,b,NA,NA,coral bleaching,  coral bleaching,0.13128332055698222,0.8776526597459552,0.22098029935152425,0.19394394747732263,joint_core_brt,reef_blocked_2024,1,-0.06266062692034041,0.06266062692034041
manta,4067116,19-159,Slate Reef (19-159),2024,Central GBR,1,8.61,0.6136352481490801,0.5283413420729094,5.8287453483906155,7.366249084472656,0.01098901098901099,118.35940764116184,0,0.45,0,33,3.5263605246161616,0.0222222227603197,0.0198,0.01960652963891831,NA,NA,NA,NA, ,0,0.8925529396967818,0.24857796782547484,0.22186899592647963,joint_core_brt,reef_blocked_2024,1,-0.22186899592647963,0.22186899592647963
manta,4067117,19-159,Slate Reef (19-159),2024,Central GBR,1,8.61,0.6586105214947701,0.6189962599768563,5.8287453483906155,7.366249084472656,0.01098901098901099,118.35940764116184,0,0.45,0,33,3.5263605246161616,0.0222222227603197,0.0198,0.01960652963891831,b,NA,DHW 8.61,coral bleaching,DHW 8.61  coral bleaching,0.14645471025517404,0.9206666602461545,0.2544025317100217,0.2342199292276321,joint_core_brt,reef_blocked_2024,1,-0.08776521897245806,0.08776521897245806
mmp,4139904,20-028d,Hook Island Reef (No 4) (20-028d),2024,Central GBR,1,6.61,0.1423214731378012,0.07448612680364963,5.8287453483906155,6.882554054260254,0.03296703296703297,0,0.214605554955516,0.1,-0.360890165177843,11.75,2.5455312716044354,NA,9e-4,8.99595242836093e-4,NA,NA,NA,NA, ,0,0.09776965290661449,0.16048044337013048,0.01569011724659726,joint_core_brt,reef_blocked_2024,1,-0.01569011724659726,0.01569011724659726
mmp,4139918,20-028d,Hook Island Reef (No 4) (20-028d),2024,Central GBR,1,6.61,0.03849021114891813,0.18146905175768832,5.8287453483906155,6.882554054260254,0.03296703296703297,0,0.214605554955516,0.1,-0.360890165177843,11.75,2.5455312716044354,NA,9e-4,8.99595242836093e-4,NA,NA,NA,NA, ,0,0.22998533701049495,0.06662402082883848,0.015322547883314651,joint_core_brt,reef_blocked_2024,1,-0.015322547883314651,0.015322547883314651
mmp,4146310,20-095,Seaforth Reef (20-095),2024,Central GBR,1,9.47,0.05021782281804785,0.08750189043508103,5.8287453483906155,6.957430839538574,0.02197802197802198,27.79877005838312,0.348719914826354,0.1,-0.2366546377751485,0,0,NA,0.0041,0.00409161790325356,NA,NA,NA,NA, ,0.015026046394532625,0.092818461703545,0.22786553924033415,0.021150128827536585,joint_core_brt,reef_blocked_2024,1,-0.00612408243300396,0.00612408243300396
mmp,4146325,20-095,Seaforth Reef (20-095),2024,Central GBR,1,9.47,0,0.09847645164875594,5.8287453483906155,6.957430839538574,0.02197802197802198,27.79877005838312,0.348719914826354,0.1,-0.2366546377751485,0,0,NA,0.0041,0.00409161790325356,NA,NA,NA,NA, ,0,0.06872064356589774,0.03553621887412807,0.002442071830928683,joint_core_brt,reef_blocked_2024,1,-0.002442071830928683,0.002442071830928683
ltmp,4223666,20-351b,Pompey Reef (No 2) (20-351b),2024,Southern GBR,1,8.63,0.26586271071453776,0.23601995395034991,5.04829112437769,7.65802526473999,0.01098901098901099,138.99385029191623,0,0.35,0,1.00000000000045,0.6931471805601703,0,0,0,NA,NA,NA,NA, ,0,0.5406921992840727,0.230016467995179,0.12436810995186787,joint_core_brt,reef_blocked_2024,1,-0.12436810995186787,0.12436810995186787
manta,4067069,20-351b,Pompey Reef (No 2) (20-351b),2024,Southern GBR,1,8.63,0.26586271071453776,0.24979788892199734,5.04829112437769,7.65802526473999,0.01098901098901099,138.99385029191623,0,0.35,0,1.00000000000045,0.6931471805601703,0,0,0,NA,NA,NA,NA, ,0.04145156284186047,0.5053287995178248,0.2802300356091904,0.1416083074832295,joint_core_brt,reef_blocked_2024,1,-0.10015674464136903,0.10015674464136903
manta,4284566,21-550,U/N Reef (21-550),2024,Southern GBR,1,7.85,0.22806223341999204,0.5231246127836484,5.293126064302306,7.698933601379395,0.05494505494505494,175.33603223489754,0.023349571128696,1,0.023349571128696,0,0,0.526315808296204,0.1427,0.133393883170531,NA,NA,NA,NA, ,0.3105929180461531,0.8904803987019355,0.19758040082303538,0.17594147410058478,joint_core_brt,reef_blocked_2024,1,0.1346514439455683,0.1346514439455683
ltmp,4184037,21-556,Gannett Cay Reef (21-556),2024,Southern GBR,1,8.47,0.016120536276246076,0.07002682803684913,5.293126064302306,7.664971828460693,0.05494505494505494,198.3246302201427,0.0454545468091965,1,0.0454545468091965,0,0,0,0.0144,0.01429730470082442,b,NA,DHW 8.47,coral bleaching,DHW 8.47  coral bleaching,0.018989820056651716,0.22908335047612371,0.023099722919641186,0.0052917619215015095,joint_core_brt,reef_blocked_2024,1,0.013698058135150206,0.013698058135150206
manta,4284599,21-556,Gannett Cay Reef (21-556),2024,Southern GBR,1,8.47,0.016120536276246076,0.09896793855981655,5.293126064302306,7.664971828460693,0.05494505494505494,198.3246302201427,0.0454545468091965,1,0.0454545468091965,0,0,0,0.0144,0.01429730470082442,b,NA,DHW 8.47,coral bleaching,DHW 8.47  coral bleaching,0,0.23292501311264424,0.05733928312304233,0.013355753273304256,joint_core_brt,reef_blocked_2024,1,-0.013355753273304256,0.013355753273304256
ltmp,4232334,21-562,Turner Reef (21-562),2024,Southern GBR,1,9.27,0.12813436740046336,0.12528128336068736,5.293126064302306,7.622081279754639,0.03296703296703297,211.65905306044084,0.0455957978304078,1,0.0455957978304078,0,0,0,0.0207,0.02048866642731566,NA,NA,NA,NA, ,0.10489837425504042,0.6318423886083628,0.11694226994549083,0.07388908317164289,joint_core_brt,reef_blocked_2024,1,0.031009291083397533,0.031009291083397533
ltmp,4232335,21-562,Turner Reef (21-562),2024,Southern GBR,1,9.27,0.08656072859991064,0.08887790813431366,5.293126064302306,7.622081279754639,0.03296703296703297,211.65905306044084,0.0455957978304078,1,0.0455957978304078,0,0,0,0.0207,0.02048866642731566,b,NA,NA,coral bleaching,  coral bleaching,0,0.5989809941952972,0.1138848506590149,0.06821486107151968,joint_core_brt,reef_blocked_2024,1,-0.06821486107151968,0.06821486107151968
manta,4284698,21-562,Turner Reef (21-562),2024,Southern GBR,1,9.27,0.12813436740046336,0.21160583760646007,5.293126064302306,7.622081279754639,0.03296703296703297,211.65905306044084,0.0455957978304078,1,0.0455957978304078,0,0,0,0.0207,0.02048866642731566,NA,NA,NA,NA, ,0.3153081782272817,0.7934280037351885,0.19977181006944864,0.15850454846596787,joint_core_brt,reef_blocked_2024,1,0.15680362976131382,0.15680362976131382
manta,4284699,21-562,Turner Reef (21-562),2024,Southern GBR,1,9.27,0.08656072859991064,0.1222713025202314,5.293126064302306,7.622081279754639,0.03296703296703297,211.65905306044084,0.0455957978304078,1,0.0455957978304078,0,0,0,0.0207,0.02048866642731566,b,NA,DHW 8.65 to 9.27,coral bleaching,DHW 8.65 to 9.27  coral bleaching,0,0.6329393056148015,0.14161168782498965,0.08963160335888899,joint_core_brt,reef_blocked_2024,1,-0.08963160335888899,0.08963160335888899
mmp,4140753,22-009,Barren Island Reef (22-009),2024,Southern GBR,1,11.06,0.53129173943683,0.2598804032895316,4.823371628795423,7.690150737762451,0.01098901098901099,27.798770058383468,1,0.55,0,0,0,NA,NA,NA,b,NA,further decline as a result of bleaching in 2024,coral bleaching,further decline as a result of bleaching in 2024  coral bleaching,0.17115624670633436,0.48324885688509767,0.3644080949444882,0.17609979532160008,joint_core_brt,reef_blocked_2024,1,-0.004943548615265719,0.004943548615265719
mmp,4140754,22-009,Barren Island Reef (22-009),2024,Southern GBR,1,11.06,0.8432966093606045,0.5916565683895456,4.823371628795423,7.690150737762451,0.01098901098901099,27.798770058383468,1,0.55,0,0,0,NA,NA,NA,b,NA,bleaching still evident at time of surveys,coral bleaching,bleaching still evident at time of surveys  coral bleaching,0.5607580187998068,0.7816166801763916,0.4284369358104266,0.33487345543309144,joint_core_brt,reef_blocked_2024,1,0.22588456336671536,0.22588456336671536
mmp,4140772,22-009,Barren Island Reef (22-009),2024,Southern GBR,1,11.06,0.9188685148426851,0.6208482450147622,4.823371628795423,7.690150737762451,0.01098901098901099,27.798770058383468,1,0.55,0,0,0,NA,NA,NA,b,NA,further decline as a result of bleaching in 2024,coral bleaching,further decline as a result of bleaching in 2024  coral bleaching,0.2354543608301246,0.7765895028754385,0.3346260662784737,0.25986709046036344,joint_core_brt,reef_blocked_2024,1,-0.024412729630238827,0.024412729630238827
mmp,4140773,22-009,Barren Island Reef (22-009),2024,Southern GBR,1,11.06,0.9329570973491906,0.7041189584586074,4.823371628795423,7.690150737762451,0.01098901098901099,27.798770058383468,1,0.55,0,0,0,NA,NA,NA,b,NA,bleaching still evident at time of surveys,coral bleaching,bleaching still evident at time of surveys  coral bleaching,0.1182622800359385,0.7765895028754385,0.3346260662784737,0.25986709046036344,joint_core_brt,reef_blocked_2024,1,-0.14160481042442494,0.14160481042442494
ltmp,4185533,23-055a,One Tree Island Reef (23-055a),2024,Southern GBR,1,11.53,0.9167527148244318,0.6465710923203194,5.509502913839823,7.843398094177246,0.02197802197802198,75.37078298757997,0.0455607442369428,0.9,0.0455607442369428,0,0,0.0428571440279484,0.0397,0.03893221000178747,m,NA,DHW 11,"coral bleaching, coral disease","DHW 11  coral bleaching, coral disease",0.7056209452888168,0.9286270497367356,0.5629327274473719,0.5227545578897068,joint_core_brt,reef_blocked_2024,1,0.18286638739911,0.18286638739911
manta,4284425,23-055a,One Tree Island Reef (23-055a),2024,Southern GBR,1,11.53,0.9167527148244318,0.6064749895445039,5.509502913839823,7.843398094177246,0.02197802197802198,75.37078298757997,0.0455607442369428,0.9,0.0455607442369428,0,0,0.0428571440279484,0.0397,0.03893221000178747,m,NA,Aerial bl 4 2024  DHW 11.81,"coral bleaching, coral disease, crown-of-thorns starfish, unknown storm","Aerial bl 4 2024  DHW 11.81  coral bleaching, coral disease, crown-of-thorns starfish, unknown storm",0.5107539897859481,0.9335720443668563,0.5368893498837807,0.5012248879697935,joint_core_brt,reef_blocked_2024,1,0.009529101816154628,0.009529101816154628
ltmp,4181245,23-068,Erskine Reef (23-068),2024,Southern GBR,1,11.17,0.8208239385774314,0.4638738443085885,5.301987044294902,7.857634544372559,0.01098901098901099,58.02948927544897,0.025341655981035,0.4,-0.0201128908281615,0,0,0,0,0,b,NA,Aerial bl 4 2024 DHW 11.17,coral bleaching,Aerial bl 4 2024 DHW 11.17  coral bleaching,0.14256428051898865,0.9530904439067556,0.3886682579737623,0.3704360025246785,joint_core_brt,reef_blocked_2024,1,-0.22787172200568986,0.22787172200568986
manta,4284411,23-068,Erskine Reef (23-068),2024,Southern GBR,1,11.17,0.8208239385774314,0.4084517150032933,5.301987044294902,7.857634544372559,0.01098901098901099,58.02948927544897,0.025341655981035,0.4,-0.0201128908281615,0,0,0,0,0,b,NA,Aerial bl 4 2024 DHW 11.17,coral bleaching,Aerial bl 4 2024 DHW 11.17  coral bleaching,0.06654453617104276,0.950916054731077,0.36345279870441843,0.34561310142497387,joint_core_brt,reef_blocked_2024,1,-0.2790685652539311,0.2790685652539311
ltmp,4241126,11-016,McSweeney Reef (11-016),2024,Northern GBR,2,5.43,0,0.11197523789881832,6.492034321653199,5.674314975738525,0.14285714285714285,61.227214056639745,0.175338227942203,1,0.175338227942203,0,0,0,0.004,0.00399202126953745,NA,NA,NA,NA, ,0,0.5808147536984111,0,0,joint_core_brt,reef_blocked_2024,2,0,0
ltmp,4169247,14-116a,Lizard Island Reef (North West) (14-116a),2024,Northern GBR,2,6.2700000000000005,0.14877724148928995,0.16532056503156148,6.662192357426267,5.6041412353515625,0.1978021978021978,38.660259476645,0.0473388095731419,0.6,0.02459738366791302,0,0,0,0,0,b,NA,DHW 6.27  aerial bl 4,NA,DHW 6.27  aerial bl 4 ,0,0.26807517550574245,0.1886409797552181,0.0505699637554553,joint_core_brt,reef_blocked_2024,2,-0.0505699637554553,0.0505699637554553
manta,4285515,14-116a,Lizard Island Reef (North West) (14-116a),2024,Northern GBR,2,6.2700000000000005,0.14877724148928995,0.2133297856632696,6.662192357426267,5.6041412353515625,0.1978021978021978,38.660259476645,0.0473388095731419,0.6,0.02459738366791302,0,0,0,0,0,b,NA,DHW 6.27  aerial bl 4,coral bleaching,DHW 6.27  aerial bl 4  coral bleaching,0.46158023498627077,0.3705868066974624,0.25185559811181124,0.09333436185313557,joint_core_brt,reef_blocked_2024,2,0.36824587313313517,0.36824587313313517
manta,3988509,14-147a,South Direction Reef (North) (14-147a),2024,Northern GBR,2,6.4,0.41269945972762634,0.22989179569720097,6.662192357426267,5.6041412353515625,0.1978021978021978,38.660259476645,0.0447928826902812,0.5,0.02107278940083535,0,0,0,0.0076,0.00757126549631807,b,NA,DHW 6.4 aerial bl 5,coral bleaching,DHW 6.4 aerial bl 5  coral bleaching,0.22265891983111194,0.561211379595713,0.26311306086020764,0.14766204387500792,joint_core_brt,reef_blocked_2024,2,0.07499687595610402,0.07499687595610402
mmp,4162774,16-054a,Fitzroy Island Reef (No 1) (16-054a),2024,Central GBR,2,7.82,0.589862940713534,0.4612107630161933,6.977581085825649,4.643918514251709,0.2087912087912088,26.584094214082956,0.529954681473679,0.9,0.18146982260318445,0,0,0,1e-4,9.999500033330834e-5,b | m,NA,partial bleaching during bleaching surveys Feb24 | bleaching observed during targetted bleaching surveys,"coral bleaching at 2.0 m only | coral bleaching at 2.0 m only, Cyclone Jasper","partial bleaching during bleaching surveys Feb24 | bleaching observed during targetted bleaching surveys  coral bleaching at 2.0 m only | coral bleaching at 2.0 m only, Cyclone Jasper",0.5242365308289569,0.844739092572371,0.39415824835197993,0.3329608810427668,joint_core_brt,reef_blocked_2024,2,0.19127564978619016,0.19127564978619016
mmp,4162795,16-054a,Fitzroy Island Reef (No 1) (16-054a),2024,Central GBR,2,7.82,0.24786093423705963,0.3867415894390473,6.977581085825649,4.643918514251709,0.2087912087912088,26.584094214082956,0.529954681473679,0.9,0.18146982260318445,0,0,0,1e-4,9.999500033330834e-5,b | m,NA,partial bleaching during bleaching surveys Feb24 | bleaching observed during targetted bleaching surveys,"coral bleaching at 2.0 m only | coral bleaching at 2.0 m only, Cyclone Jasper","partial bleaching during bleaching surveys Feb24 | bleaching observed during targetted bleaching surveys  coral bleaching at 2.0 m only | coral bleaching at 2.0 m only, Cyclone Jasper",0.07995491504811622,0.5525985031889054,0.1853500943096858,0.10242418468145481,joint_core_brt,reef_blocked_2024,2,-0.02246926963333859,0.02246926963333859
mmp,4162816,16-054a,Fitzroy Island Reef (No 1) (16-054a),2024,Central GBR,2,7.82,0.589862940713534,0.3457760050245789,6.977581085825649,4.643918514251709,0.2087912087912088,26.584094214082956,0.529954681473679,0.9,0.18146982260318445,0,0,0,1e-4,9.999500033330834e-5,b | m,NA,partial bleaching during bleaching surveys Feb24 | bleaching observed during targetted bleaching surveys,"coral bleaching at 2.0 m only | coral bleaching at 2.0 m only, Cyclone Jasper","partial bleaching during bleaching surveys Feb24 | bleaching observed during targetted bleaching surveys  coral bleaching at 2.0 m only | coral bleaching at 2.0 m only, Cyclone Jasper",0.2690843862833956,0.7560426205850496,0.3411425380494175,0.2579182984599166,joint_core_brt,reef_blocked_2024,2,0.011166087823478998,0.011166087823478998
mmp,4162832,16-054a,Fitzroy Island Reef (No 1) (16-054a),2024,Central GBR,2,7.82,0.24786093423705963,0.3731568893226376,6.977581085825649,4.643918514251709,0.2087912087912088,26.584094214082956,0.529954681473679,0.9,0.18146982260318445,0,0,0,1e-4,9.999500033330834e-5,b | m,NA,partial bleaching during bleaching surveys Feb24 | bleaching observed during targetted bleaching surveys,"coral bleaching at 2.0 m only | coral bleaching at 2.0 m only, Cyclone Jasper","partial bleaching during bleaching surveys Feb24 | bleaching observed during targetted bleaching surveys  coral bleaching at 2.0 m only | coral bleaching at 2.0 m only, Cyclone Jasper",0,0.5470486891902235,0.1843686003723778,0.10085860116154542,joint_core_brt,reef_blocked_2024,2,-0.10085860116154542,0.10085860116154542
ltmp,4179541,16-057,Hastings Reef (16-057),2024,Central GBR,2,7.62,0.1802122772005963,0.16959245778756643,6.940920589169635,6.116461753845215,0.13186813186813187,60.09013295337378,0.08249482618129,0.9,0.05884948517955871,38,3.6635616461296463,0,2e-4,1.9998000266626675e-4,m,Jasper,small decline,"Cyclone Jasper, coral bleaching","small decline Jasper Cyclone Jasper, coral bleaching",0.1327893266155054,0.17790482704360214,0.13588297950159497,0.02417423796640059,joint_core_brt,reef_blocked_2024,2,0.10861508864910482,0.10861508864910482
manta,4206246,16-057,Hastings Reef (16-057),2024,Central GBR,2,7.62,0.1802122772005963,0.2675786329407455,6.940920589169635,6.116461753845215,0.13186813186813187,60.09013295337378,0.08249482618129,0.9,0.05884948517955871,38,3.6635616461296463,0,2e-4,1.9998000266626675e-4,m,Jasper,Jasper,"Cyclone Jasper, coral bleaching","Jasper Jasper Cyclone Jasper, coral bleaching",0.4288792674978628,0.33451951386753465,0.19376742273193528,0.06481898405565208,joint_core_brt,reef_blocked_2024,2,0.36406028344221075,0.36406028344221075
ltmp,4236105,18-034,Myrmidon Reef (18-034),2024,Central GBR,2,8.73,0.15606337630475434,0.34901513726316913,6.416116296599418,6.501668930053711,0.04395604395604396,132.00208142190922,0,0.5,0,9,2.302585092994046,0,0,0,b,NA,DHW 7.18,NA,DHW 7.18 ,0,0.3712555767945657,0.08773918832483979,0.032573662969025426,joint_core_brt,reef_blocked_2024,2,-0.032573662969025426,0.032573662969025426
ltmp,4236106,18-034,Myrmidon Reef (18-034),2024,Central GBR,2,8.73,0.3299598280057257,0.3906512169424299,6.416116296599418,6.501668930053711,0.04395604395604396,132.00208142190922,0,0.5,0,9,2.302585092994046,0,0,0,b,NA,DHW 8.73 bleaching Kirrily,coral bleaching,DHW 8.73 bleaching Kirrily  coral bleaching,0.10658121074123428,0.5876247748265425,0.10288315715616167,0.06045669205733329,joint_core_brt,reef_blocked_2024,2,0.04612451868390099,0.04612451868390099
manta,4066112,18-034,Myrmidon Reef (18-034),2024,Central GBR,2,8.73,0.15606337630475434,0.46454341268106875,6.416116296599418,6.501668930053711,0.04395604395604396,132.00208142190922,0,0.5,0,9,2.302585092994046,0,0,0,b,NA,DHW 7.18,coral bleaching,DHW 7.18  coral bleaching,0.3643114357676447,0.4900842637553498,0.1433787370029291,0.07026766276225244,joint_core_brt,reef_blocked_2024,2,0.29404377300539225,0.29404377300539225
manta,4066113,18-034,Myrmidon Reef (18-034),2024,Central GBR,2,8.73,0.3299598280057257,0.4956128764543216,6.416116296599418,6.501668930053711,0.04395604395604396,132.00208142190922,0,0.5,0,9,2.302585092994046,0,0,0,m,NA,DHW 8.73,"coral bleaching, Cyclone Kirrily","DHW 8.73  coral bleaching, Cyclone Kirrily",0.06268897611282381,0.639192359528162,0.16002488637720633,0.10228668470667254,joint_core_brt,reef_blocked_2024,2,-0.03959770859384873,0.03959770859384873
mmp,4137924,18-049e,Orpheus (Goolboddi) Island Reef (No 5) (18-049e),2024,Central GBR,2,5.37,0.9172638468175502,0.43251261921953915,6.212002270133139,4.993875026702881,0.2087912087912088,38.297776879451746,0.281607665198612,0.3,-0.049333424283445,0,0,NA,0.0011,0.00109939544330096,m,NA,bleaching observed during targetted bleaching surveys,"coral bleaching, Cyclone Kirrily","bleaching observed during targetted bleaching surveys  coral bleaching, Cyclone Kirrily",0.33651069129053574,0.8057566833642599,0.19116606805642833,0.15403333696893406,joint_core_brt,reef_blocked_2024,2,0.18247735432160167,0.18247735432160167
mmp,4137940,18-049e,Orpheus (Goolboddi) Island Reef (No 5) (18-049e),2024,Central GBR,2,5.37,0.8773050262564269,0.5071642460105452,6.212002270133139,4.993875026702881,0.2087912087912088,38.297776879451746,0.281607665198612,0.3,-0.049333424283445,0,0,NA,0.0011,0.00109939544330096,m,NA,bleaching observed during targetted bleaching surveys,"coral bleaching, Cyclone Kirrily","bleaching observed during targetted bleaching surveys  coral bleaching, Cyclone Kirrily",0.23408438029879564,0.8361274784851817,0.12460070579227696,0.1041820739515705,joint_core_brt,reef_blocked_2024,2,0.12990230634722513,0.12990230634722513
ltmp,4235330,18-075,John Brewer Reef (18-075),2024,Central GBR,2,5.79,0.2646118463495706,0.09894508667391134,6.096021794618455,6.205605506896973,0.08791208791208792,61.49749903428462,0,0.45,0,3.5000000000008,1.5040773967764518,0,0.0187,0.01852730461388362,m,Kirrily,Cyclone Kirrily,NA,Cyclone Kirrily Kirrily,0,0.14294209983452283,0.10925613430814742,0.015617301257809243,joint_core_brt,reef_blocked_2024,2,-0.015617301257809243,0.015617301257809243
manta,4068096,18-075,John Brewer Reef (18-075),2024,Central GBR,2,5.79,0.2646118463495706,0.23435897874287936,6.096021794618455,6.205605506896973,0.08791208791208792,61.49749903428462,0,0.45,0,3.5000000000008,1.5040773967764518,0,0.0187,0.01852730461388362,m,Kirrily,Cyclone Kirrily,"Cyclone Kirrily, coral bleaching","Cyclone Kirrily Kirrily Cyclone Kirrily, coral bleaching",0.26174312602717364,0.2648954713593729,0.1575374947876374,0.04173096893854596,joint_core_brt,reef_blocked_2024,2,0.22001215708862767,0.22001215708862767
ltmp,4226931,18-081,Knife Reef (18-081),2024,Central GBR,2,6.54,0.570519458454164,0.44284851257291497,5.947264586791359,6.650827884674072,0.06593406593406594,111.1950802335326,0,0.4,0,9,2.302585092994046,0,0.0042,0.00419120461846807,m,NA,decline 5%  disease 60 DHW 6.54 Kirrily,"coral bleaching, coral disease","decline 5%  disease 60 DHW 6.54 Kirrily  coral bleaching, coral disease",0.09635988962854024,0.6115453986067765,0.13920819258150746,0.08513212962158688,joint_core_brt,reef_blocked_2024,2,0.011227760006953358,0.011227760006953358
mmp,4156652,20-035a,Daydream Reef (No 1) (20-035a),2024,Central GBR,2,8.78,0.2598230662382889,0.01538463975342603,5.8287453483906155,5.7756476402282715,0.0989010989010989,26.080562739584575,0.582045224237017,0.1,-0.1913181768069775,0,0,NA,0.0019,0.00189819728308025,NA,NA,NA,NA, ,0,0.1412359032790815,0.12999805805704476,0.018360393154213197,joint_core_brt,reef_blocked_2024,2,-0.018360393154213197,0.018360393154213197
mmp,4156671,20-035a,Daydream Reef (No 1) (20-035a),2024,Central GBR,2,8.78,0.3450043885487789,0.0619788555082298,5.8287453483906155,5.7756476402282715,0.0989010989010989,26.080562739584575,0.582045224237017,0.1,-0.1913181768069775,0,0,NA,0.0019,0.00189819728308025,NA,NA,NA,NA, ,0,0.22226663216057263,0.030166407093624968,0.00670498570908483,joint_core_brt,reef_blocked_2024,2,-0.00670498570908483,0.00670498570908483
manta,4067796,20-287,Credlin Reefs (East) (20-287),2024,Southern GBR,2,8.14,0.1631631572030451,0.35058914094719495,5.8287453483906155,7.596888065338135,0.01098901098901099,107.88088100039306,0,0.45,0,14.2307692307692,2.7233176732329967,0,0.0261,0.02576520788602641,NA,NA,NA,NA, ,0,0.33721277758114565,0.19276744745735938,0.06500364638432371,joint_core_brt,reef_blocked_2024,2,-0.06500364638432371,0.06500364638432371
manta,4049479,20-297,Creal Reef (20-297),2024,Southern GBR,2,8.370000000000001,0.2396430089858636,0.6903771670175208,5.8287453483906155,7.628969192504883,0,158.8083169396554,0,0.35,0,30,3.4339872044851463,0,0.0078,0.00776973726436066,NA,NA,NA,NA, ,0.14353057103012326,0.9363780300421288,0.26808499170313127,0.2510288964148385,joint_core_brt,reef_blocked_2024,2,-0.10749832538471524,0.10749832538471524
manta,4066856,20-353,U/N Reef (20-353),2024,Southern GBR,2,8.51,0.28257324232113723,0.5957874377747552,5.04829112437769,7.647981643676758,0.01098901098901099,148.29161899510453,0,0.35,0,15.5555555555556,2.8067217286092423,NA,0.0051,0.0050870390485571,b,NA,DHW 8.51,coral bleaching,DHW 8.51  coral bleaching,0.18809007889069235,0.8916343781938478,0.19249843120899696,0.1716382190143252,joint_core_brt,reef_blocked_2024,2,0.01645185987636716,0.01645185987636716
ltmp,4223966,21-025,Penrith Reef (21-025),2024,Southern GBR,2,8.25,0.02455375498852522,0.11074893260389602,5.410388454901543,7.600882530212402,0.01098901098901099,95.56334639855292,0,0.4,0,4,1.6094379124341005,0,0,0,NA,NA,NA,NA, ,0,0.11017565290947774,0.02290562537367851,0.00252364223084493,joint_core_brt,reef_blocked_2024,2,-0.00252364223084493,0.00252364223084493
manta,4067168,21-025,Penrith Reef (21-025),2024,Southern GBR,2,8.25,0.02455375498852522,0.363835749390651,5.410388454901543,7.600882530212402,0.01098901098901099,95.56334639855292,0,0.4,0,4,1.6094379124341005,0,0,0,NA,NA,NA,NA, ,0.42094133377513987,0.363164819027592,0.08877838170804415,0.03224118492656434,joint_core_brt,reef_blocked_2024,2,0.3887001488485755,0.3887001488485755
ltmp,4238621,21-305,East Cay Reef (21-305),2024,Southern GBR,2,7.67,0.20939772152775202,0.1774025284140376,5.04829112437769,7.61787748336792,0.03296703296703297,222.5876216694933,0.0429008331167437,1,0.0429008331167437,4,1.6094379124341005,NA,0.0421,0.04123790801624474,b,NA,Aerial bl 5 2024 DHW 7.67,NA,Aerial bl 5 2024 DHW 7.67 ,0.17436133243673674,0.7647652824622013,0.1950493329724728,0.14916695822475712,joint_core_brt,reef_blocked_2024,2,0.02519437421197962,0.02519437421197962
ltmp,4238622,21-305,East Cay Reef (21-305),2024,Southern GBR,2,7.67,0.21688656916806204,0.21909190697703518,5.04829112437769,7.61787748336792,0.03296703296703297,222.5876216694933,0.0429008331167437,1,0.0429008331167437,4,1.6094379124341005,NA,0.0421,0.04123790801624474,b,NA,DHW 7.67 mass loss of SC,coral bleaching,DHW 7.67 mass loss of SC  coral bleaching,0.19028260394560065,0.7463731144592376,0.1733341456281703,0.1293719461146285,joint_core_brt,reef_blocked_2024,2,0.06091065783097216,0.06091065783097216
manta,4284380,21-305,East Cay Reef (21-305),2024,Southern GBR,2,7.67,0.21688656916806204,0.31352435423231356,5.04829112437769,7.61787748336792,0.03296703296703297,222.5876216694933,0.0429008331167437,1,0.0429008331167437,4,1.6094379124341005,NA,0.0421,0.04123790801624474,b,NA,Aerial bl 5 2024 DHW 7.67,coral bleaching,Aerial bl 5 2024 DHW 7.67  coral bleaching,0.2779171356313509,0.7734468914280043,0.1950225252957552,0.1508395659484412,joint_core_brt,reef_blocked_2024,2,0.1270775696829097,0.1270775696829097
ltmp,4223356,21-591,U/N Reef (21-591),2024,Southern GBR,2,8.13,0.3441447761193373,0.19995291484269695,5.410388454901543,7.682434558868408,0,117.60569926842686,0,0.35,0,4,1.6094379124341005,0,0,0,NA,NA,NA,NA, ,0,0.5711167722697456,0.17879854831327227,0.10211484979919222,joint_core_brt,reef_blocked_2024,2,-0.10211484979919222,0.10211484979919222
manta,4067531,21-591,U/N Reef (21-591),2024,Southern GBR,2,8.13,0.3441447761193373,0.3794207532763258,5.410388454901543,7.682434558868408,0,117.60569926842686,0,0.35,0,4,1.6094379124341005,0,0,0,NA,NA,NA,NA, ,0,0.6669817363744293,0.21209501823184862,0.14146350353664464,joint_core_brt,reef_blocked_2024,2,-0.14146350353664464,0.14146350353664464
manta,4284476,22-084,U/N Reef (22-084),2024,Southern GBR,2,8.47,0.10148678379185999,0.15022670123802098,5.293126064302306,7.664971828460693,0.05494505494505494,198.3246302201427,0.0454545468091965,1,0.0454545468091965,0,0,0,0.0144,0.01429730470082442,NA,NA,NA,NA, ,0.2971606639822993,0.3902116140416584,0.10572804388467727,0.041256310653707204,joint_core_brt,reef_blocked_2024,2,0.25590435332859207,0.25590435332859207
ltmp,4186339,22-102,Chinaman Reef (22-102),2024,Southern GBR,2,9.41,0.14325013683013463,0.22135253766117685,5.293126064302306,7.634066581726074,0.05494505494505494,221.91002299353315,0.0454545468091965,1,0.0454545468091965,0,0,0,0.0124,0.01232374968883193,b,NA,decline hc,coral bleaching,decline hc  coral bleaching,0.1549831580635079,0.8513922499555281,0.09612382724252248,0.0818390815503477,joint_core_brt,reef_blocked_2024,2,0.0731440765131602,0.0731440765131602
manta,4284635,22-102,Chinaman Reef (22-102),2024,Southern GBR,2,9.41,0.14325013683013463,0.18136489645736498,5.293126064302306,7.634066581726074,0.05494505494505494,221.91002299353315,0.0454545468091965,1,0.0454545468091965,0,0,0,0.0124,0.01232374968883193,b,NA,Aerial bl 3 2024 DHW 9.57,coral bleaching,Aerial bl 3 2024 DHW 9.57  coral bleaching,0,0.8607007763585061,0.14798126640045522,0.12736759087738672,joint_core_brt,reef_blocked_2024,2,-0.12736759087738672,0.12736759087738672
ltmp,4182001,22-104a,Horseshoe Reef (No 1) (22-104a),2024,Southern GBR,2,9.08,0.4872440402232475,0.25910214651422714,5.293126064302306,7.664971828460693,0.05494505494505494,198.3246302201427,0.0440845602679131,1,0.0440845602679131,0,0,0.0352941192686558,0.0187,0.01852730461388362,b,NA,hc decline,coral bleaching,hc decline  coral bleaching,0.10896430189600032,0.8542392852889263,0.12853075188889335,0.10979601763121657,joint_core_brt,reef_blocked_2024,2,-8.317157352162596e-4,8.317157352162596e-4
manta,3989230,22-104a,Horseshoe Reef (No 1) (22-104a),2024,Southern GBR,2,9.08,0.4872440402232475,0.13717349711137905,5.293126064302306,7.664971828460693,0.05494505494505494,198.3246302201427,0.0440845602679131,1,0.0440845602679131,0,0,0.0352941192686558,0.0187,0.01852730461388362,b,NA,DHW 9.19,coral bleaching,DHW 9.19  coral bleaching,0.0026179461240754035,0.7376839209524512,0.14542189570756242,0.10727539421789307,joint_core_brt,reef_blocked_2024,2,-0.10465744809381768,0.10465744809381768
ltmp,4181617,23-069,Mast Head Reef (23-069),2024,Southern GBR,2,11.08,0.7967591332408196,0.4000561441690104,5.301987044294902,7.857634544372559,0.01098901098901099,58.02948927544897,0.00124849993778155,0.4,-0.04420604687141495,0,0,0,0,0,b,NA,decline in hc,coral bleaching,decline in hc  coral bleaching,0.2019468711406776,0.9086089575020817,0.16699244817457737,0.15173083424662315,joint_core_brt,reef_blocked_2024,2,0.05021603689405446,0.05021603689405446
manta,4284513,23-069,Mast Head Reef (23-069),2024,Southern GBR,2,11.08,0.7967591332408196,0.38230377464643,5.301987044294902,7.857634544372559,0.01098901098901099,58.02948927544897,0.00124849993778155,0.4,-0.04420604687141495,0,0,0,0,0,b,NA,DHW 11.17,coral bleaching,DHW 11.17  coral bleaching,0.27324709489204596,0.8944734240555452,0.19620996960714865,0.1755046033483407,joint_core_brt,reef_blocked_2024,2,0.09774249154370526,0.09774249154370526
ltmp,4240946,11-029,Monsoon Reef (11-029),2024,Northern GBR,3,5.4,0.04414182150574954,0.16594303089337115,6.492034321653199,5.711098670959473,0.14285714285714285,54.52924238766865,0.143377982925101,0.9,0.143377982925101,0,0,0.0740740746259689,0.0598,0.05808021107652465,NA,NA,NA,NA, ,0.04432306029797992,0.07026776341977595,0,0,joint_core_brt,reef_blocked_2024,3,0.04432306029797992,0.04432306029797992
ltmp,4241313,12-056,Mantis Reef (12-056),2024,Northern GBR,3,8.73,0.216141422466712,0.193189922320597,6.420027608820439,5.7271037101745605,0.15384615384615383,86.07130881755599,0.058949040699155,0.9,0.01226818083992944,0,0,0,0,0,b,NA,similar hc to prior but slightly lower,coral bleaching,similar hc to prior but slightly lower  coral bleaching,0.11879415194527741,0.2117145449699551,0.12712458677488575,0.026914124043538507,joint_core_brt,reef_blocked_2024,3,0.09188002790173891,0.09188002790173891
manta,4285298,12-056,Mantis Reef (12-056),2024,Northern GBR,3,8.73,0.216141422466712,0.42120549680955033,6.420027608820439,5.7271037101745605,0.15384615384615383,86.07130881755599,0.058949040699155,0.9,0.01226818083992944,0,0,0,0,0,b,NA,DHW 8.91,coral bleaching,DHW 8.91  coral bleaching,0.2638245588761013,0.5546143000138554,0.21624329156959124,0.11993162178656087,joint_core_brt,reef_blocked_2024,3,0.14389293708954043,0.14389293708954043
ltmp,4173742,14-137,Carter Reef (14-137),2024,Northern GBR,3,8.21,0.18196194788730014,0.37643575381068406,6.662192357426267,5.418431758880615,0.21978021978021975,61.75564549314031,0,0.4,0,0,0,0,0,0,b,NA,DHW 8.21,NA,DHW 8.21 ,0,0.7400919828177536,0.14811721117547672,0.10962036050829449,joint_core_brt,reef_blocked_2024,3,-0.10962036050829449,0.10962036050829449
manta,3988787,14-137,Carter Reef (14-137),2024,Northern GBR,3,8.21,0.18196194788730014,0.26646593358861137,6.662192357426267,5.418431758880615,0.21978021978021975,61.75564549314031,0,0.4,0,0,0,0,0,0,b,NA,DHW 8.21,coral bleaching,DHW 8.21  coral bleaching,0,0.7746281181050362,0.20823907474263664,0.16130784258382258,joint_core_brt,reef_blocked_2024,3,-0.16130784258382258,0.16130784258382258
ltmp,4169991,14-139,No Name Reef (14-139),2024,Northern GBR,3,7.61,0.28556436252650325,0.44282285881471023,6.662192357426267,5.407689571380615,0.2087912087912088,60.49914788861235,0,0.45,0,0,0,0,0,0,b,NA,increase in hc,coral bleaching,increase in hc  coral bleaching,0,0.7491106828143088,0.0682899110991349,0.05115670193280139,joint_core_brt,reef_blocked_2024,3,-0.05115670193280139,0.05115670193280139
manta,3988849,14-139,No Name Reef (14-139),2024,Northern GBR,3,7.61,0.28556436252650325,0.2124716767376835,6.662192357426267,5.407689571380615,0.2087912087912088,60.49914788861235,0,0.45,0,0,0,0,0,0,b,NA,DHW 7.98 aerial bl 1,coral bleaching,DHW 7.98 aerial bl 1  coral bleaching,0,0.36395636251030994,0.09608849753139147,0.034972020040606136,joint_core_brt,reef_blocked_2024,3,-0.034972020040606136,0.034972020040606136
mmp,4164846,17-009a,Tobias Spit (17-009a),2024,Central GBR,3,6.32,0.2715440227550341,0.3552809499113012,6.845372987621058,2.7769243717193604,0.6153846153846154,26.548377985167942,0.748991096360115,0.8,0.14855903622271094,0,0,NA,1e-4,9.999500033330834e-5,m,NA,clear depth limit to level of mortality,"flood waters at 2.0 m only, Cyclone Jasper at 2.0 m only, crown-of-thorns starfish at 5.0 m only","clear depth limit to level of mortality  flood waters at 2.0 m only, Cyclone Jasper at 2.0 m only, crown-of-thorns starfish at 5.0 m only",0.5493500371623812,0.515614666301769,0.31909954554384007,0.16453240569263325,joint_core_brt,reef_blocked_2024,3,0.3848176314697479,0.3848176314697479
mmp,4164863,17-009a,Tobias Spit (17-009a),2024,Central GBR,3,6.32,0.2715440227550341,0.4636944779061943,6.845372987621058,2.7769243717193604,0.6153846153846154,26.548377985167942,0.748991096360115,0.8,0.14855903622271094,0,0,NA,1e-4,9.999500033330834e-5,m,NA,clear depth limit to level of mortality,"flood waters at 2.0 m only, Cyclone Jasper at 2.0 m only, crown-of-thorns starfish at 5.0 m only","clear depth limit to level of mortality  flood waters at 2.0 m only, Cyclone Jasper at 2.0 m only, crown-of-thorns starfish at 5.0 m only",0,0.7274694316219499,0.40579132691927466,0.29520078595108157,joint_core_brt,reef_blocked_2024,3,-0.29520078595108157,0.29520078595108157
mmp,4164883,17-009a,Tobias Spit (17-009a),2024,Central GBR,3,6.32,0.22859264013099512,0.36068740498006996,6.845372987621058,2.7769243717193604,0.6153846153846154,26.548377985167942,0.748991096360115,0.8,0.14855903622271094,0,0,NA,1e-4,9.999500033330834e-5,m,NA,clear depth limit to level of mortality,"flood waters at 2.0 m only, Cyclone Jasper at 2.0 m only, crown-of-thorns starfish at 5.0 m only","clear depth limit to level of mortality  flood waters at 2.0 m only, Cyclone Jasper at 2.0 m only, crown-of-thorns starfish at 5.0 m only",0.07674865937178825,0.4433208061105321,0.25298300986396927,0.11215263186516354,joint_core_brt,reef_blocked_2024,3,-0.03540397249337529,0.03540397249337529
mmp,4164900,17-009a,Tobias Spit (17-009a),2024,Central GBR,3,6.32,0.22859264013099512,0.16238442810370077,6.845372987621058,2.7769243717193604,0.6153846153846154,26.548377985167942,0.748991096360115,0.8,0.14855903622271094,0,0,NA,1e-4,9.999500033330834e-5,m,NA,clear depth limit to level of mortality,"flood waters at 2.0 m only, Cyclone Jasper at 2.0 m only, crown-of-thorns starfish at 5.0 m only","clear depth limit to level of mortality  flood waters at 2.0 m only, Cyclone Jasper at 2.0 m only, crown-of-thorns starfish at 5.0 m only",0,0.12390839942221929,0.2273129077160032,0.0281659785631006,joint_core_brt,reef_blocked_2024,3,-0.0281659785631006,0.0281659785631006
ltmp,3753785,17-024,Peart Reef (17-024),2024,Central GBR,3,5.4,0.32131913917438787,0.29076822596685753,6.866384143143859,5.830949306488037,0.12087912087912088,53.02430121520352,0.0632850722604437,0.7,0.01779391253058185,8.526512829121199e-13,8.526512829117565e-13,0,0,0,b,NA,NA,coral bleaching,  coral bleaching,0.09176739690951513,0.382207499704701,0.22852710380501576,0.08734477296007175,joint_core_brt,reef_blocked_2024,3,0.0044226239494433855,0.0044226239494433855
manta,4067477,17-024,Peart Reef (17-024),2024,Central GBR,3,5.4,0.32131913917438787,0.1935746109136898,6.866384143143859,5.830949306488037,0.12087912087912088,53.02430121520352,0.0632850722604437,0.7,0.01779391253058185,8.526512829121199e-13,8.526512829117565e-13,0,0,0,b,NA,DHW 5.4,coral bleaching,DHW 5.4  coral bleaching,0.16297797479960072,0.20989231373747685,0.2861704954556656,0.06006498741458976,joint_core_brt,reef_blocked_2024,3,0.10291298738501095,0.10291298738501095
ltmp,4239584,18-032,Rib Reef (18-032),2024,Central GBR,3,6.7,0.25835783163767373,0.1740384528498136,6.212002270133139,6.034452438354492,0.12087912087912088,59.56981330964312,0.0708951209808588,1,0.0708951209808588,7,2.0794415416798357,0,7e-4,6.997551142733419e-4,b,NA,DHW 6.7,NA,DHW 6.7 ,0,0.2256065560174434,0.2249247019138754,0.050744487362039487,joint_core_brt,reef_blocked_2024,3,-0.050744487362039487,0.050744487362039487
manta,4068045,18-032,Rib Reef (18-032),2024,Central GBR,3,6.7,0.25835783163767373,0.22653613954286794,6.212002270133139,6.034452438354492,0.12087912087912088,59.56981330964312,0.0708951209808588,1,0.0708951209808588,7,2.0794415416798357,0,7e-4,6.997551142733419e-4,b,NA,DHW 6.7,coral bleaching,DHW 6.7  coral bleaching,0,0.28734552772745986,0.2543982769595209,0.07310020714589002,joint_core_brt,reef_blocked_2024,3,-0.07310020714589002,0.07310020714589002
ltmp,4225908,18-065,Havannah Reef (18-065),2024,Central GBR,3,6.92,0.42131306586001627,0.1842318417004947,6.212002270133139,4.9304327964782715,0.2087912087912088,26.32349077361211,0.479253770957126,0.6,0.03043883859427348,0,0,NA,0.0107,0.01064316009847982,NA,NA,NA,NA, ,0,0.2698184064337013,0.15524234884707117,0.04188724317694149,joint_core_brt,reef_blocked_2024,3,-0.04188724317694149,0.04188724317694149
mmp,4148236,18-065,Havannah Reef (18-065),2024,Central GBR,3,6.92,0.22901103363301673,0.2898412964040436,6.212002270133139,4.9304327964782715,0.2087912087912088,26.32349077361211,0.479253770957126,0.6,0.03043883859427348,0,0,NA,0.0107,0.01064316009847982,NA,NA,NA,NA, ,0,0.2698472602833891,0.22512985718719117,0.060750675169954194,joint_core_brt,reef_blocked_2024,3,-0.060750675169954194,0.060750675169954194
mmp,4148253,18-065,Havannah Reef (18-065),2024,Central GBR,3,6.92,0.2126580124355757,0.3493907363963273,6.212002270133139,4.9304327964782715,0.2087912087912088,26.32349077361211,0.479253770957126,0.6,0.03043883859427348,0,0,NA,0.0107,0.01064316009847982,NA,NA,NA,NA, ,0.0028424062617554992,0.16961479913404745,0.13183496862479266,0.022361161722137656,joint_core_brt,reef_blocked_2024,3,-0.019518755460382158,0.019518755460382158
ltmp,4231590,19-138,U/N Reef (19-138),2024,Central GBR,3,5.78,0.2237363080890812,0.5036509690708734,5.8287453483906155,7.3713226318359375,0.01098901098901099,76.29258334678795,0,0.45,0,21,3.091042453358316,0,0.0064,0.00637960696403902,NA,NA,NA,NA, ,0,0.5348830371864889,0.1183871143309698,0.06332325927709323,joint_core_brt,reef_blocked_2024,3,-0.06332325927709323,0.06332325927709323
ltmp,4231591,19-138,U/N Reef (19-138),2024,Central GBR,3,5.78,0.19822604048299736,0.434265841284731,5.8287453483906155,7.3713226318359375,0.01098901098901099,76.29258334678795,0,0.45,0,21,3.091042453358316,0,0.0064,0.00637960696403902,NA,NA,NA,NA, ,0,0.4738596472944405,0.09475936533127115,0.04490263943372118,joint_core_brt,reef_blocked_2024,3,-0.04490263943372118,0.04490263943372118
manta,4067379,19-138,U/N Reef (19-138),2024,Central GBR,3,5.78,0.2237363080890812,0.38075191515937695,5.8287453483906155,7.3713226318359375,0.01098901098901099,76.29258334678795,0,0.45,0,21,3.091042453358316,0,0.0064,0.00637960696403902,NA,NA,NA,NA, ,0.1009258296179353,0.2820918470872427,0.11659062287376751,0.03288926415951321,joint_core_brt,reef_blocked_2024,3,0.06803656545842209,0.06803656545842209
manta,4067380,19-138,U/N Reef (19-138),2024,Central GBR,3,5.78,0.19822604048299736,0.20120109576445824,5.8287453483906155,7.3713226318359375,0.01098901098901099,76.29258334678795,0,0.45,0,21,3.091042453358316,0,0.0064,0.00637960696403902,NA,NA,NA,NA, ,0,0.16148069984527672,0.1380429218312429,0.02229126762599593,joint_core_brt,reef_blocked_2024,3,-0.02229126762599593,0.02229126762599593
ltmp,4233800,20-014,Hayman Island Reef (20-014),2024,Central GBR,3,5.8500000000000005,0.3996552510163357,0.165316693866412,5.8287453483906155,7.831005573272705,0.01098901098901099,27.798770058383298,0.205780518226557,0.3,-0.25473789843137007,12,2.5649493574615367,0,0,0,NA,NA,NA,NA, ,0.010111474745115426,0.1761738575900467,0.11645151635918656,0.020515712859208324,joint_core_brt,reef_blocked_2024,3,-0.010404238114092898,0.010404238114092898
ltmp,4233801,20-014,Hayman Island Reef (20-014),2024,Central GBR,3,5.8500000000000005,0.14030141659542145,0.13633728561380234,5.8287453483906155,7.831005573272705,0.01098901098901099,27.798770058383298,0.205780518226557,0.3,-0.25473789843137007,12,2.5649493574615367,0,0,0,b,NA,DHW 5.85,NA,DHW 5.85 ,0,0.12020684034796769,0.07468453261976395,0.00897759168908655,joint_core_brt,reef_blocked_2024,3,-0.00897759168908655,0.00897759168908655
manta,4067315,20-014,Hayman Island Reef (20-014),2024,Central GBR,3,5.8500000000000005,0.14030141659542145,0.15508503949186497,5.8287453483906155,7.831005573272705,0.01098901098901099,27.798770058383298,0.205780518226557,0.3,-0.25473789843137007,12,2.5649493574615367,0,0,0,b,NA,DHW 5.85,coral bleaching,DHW 5.85  coral bleaching,0,0.1229587639456823,0.14833720648190607,0.018239359556170624,joint_core_brt,reef_blocked_2024,3,-0.018239359556170624,0.018239359556170624
mmp,4145380,20-058a,Dent Reef (No 1) (20-058a),2024,Central GBR,3,8.46,0.04684196083012745,0.20211926077969242,5.8287453483906155,6.882554054260254,0.03296703296703297,0,0.32629943114293,0,-0.3402678693695566,0,0,NA,0.0033,0.00329456694943003,NA,NA,NA,NA, ,0,0.2366546387635907,0.10282731847730119,0.024334561909274407,joint_core_brt,reef_blocked_2024,3,-0.024334561909274407,0.024334561909274407
mmp,4145395,20-058a,Dent Reef (No 1) (20-058a),2024,Central GBR,3,8.46,0.05247557858289701,0.27591806105767913,5.8287453483906155,6.882554054260254,0.03296703296703297,0,0.32629943114293,0,-0.3402678693695566,0,0,NA,0.0033,0.00329456694943003,NA,NA,NA,NA, ,0,0.3449163592909018,0.029517572574963857,0.010181093667661503,joint_core_brt,reef_blocked_2024,3,-0.010181093667661503,0.010181093667661503
manta,4066466,20-348,U/N Reef (20-348),2024,Southern GBR,3,8.39,0.2769734684349537,0.2718157702712433,5.04829112437769,7.647981643676758,0.01098901098901099,148.29161899510453,0,0.35,0,18.0714285714286,2.948191328784993,NA,0.0303,0.0298500219688853,b,NA,Aerial bl 3 2024 DHW 8.39 2024,coral bleaching,Aerial bl 3 2024 DHW 8.39 2024  coral bleaching,0.3195506149689588,0.5913166992781584,0.18827645015302158,0.11133100905629345,joint_core_brt,reef_blocked_2024,3,0.20821960591266536,0.20821960591266536
ltmp,4224277,21-060,U/N Reef (21-060),2024,Southern GBR,3,8.99,0.4194754038758102,0.14667581543441732,5.04829112437769,7.65802526473999,0.01098901098901099,138.99385029191623,0,0.4,0,1,0.6931471805599453,0,0,0,NA,NA,NA,NA, ,0,0.3056832173683266,0.06266649177950945,0.019156094828346237,joint_core_brt,reef_blocked_2024,3,-0.019156094828346237,0.019156094828346237
manta,4067141,21-060,U/N Reef (21-060),2024,Southern GBR,3,8.99,0.4194754038758102,0.4183772154643925,5.04829112437769,7.65802526473999,0.01098901098901099,138.99385029191623,0,0.4,0,1,0.6931471805599453,0,0,0,NA,NA,NA,NA, ,0.3164588026273036,0.7727770125564378,0.12824190762848584,0.09910239826167994,joint_core_brt,reef_blocked_2024,3,0.21735640436562365,0.21735640436562365
manta,4066917,21-062,U/N Reef (21-062),2024,Southern GBR,3,8.21,0.28973125972355407,0.34548973298955477,5.04829112437769,7.64576530456543,0.01098901098901099,141.37563195977037,0,0.35,0,9.16666666666667,2.3191143949452564,0,0,0,b,NA,Aerial bl 4 2024 DHW 8.21 2024,coral bleaching,Aerial bl 4 2024 DHW 8.21 2024  coral bleaching,0.21636311448365322,0.48828900129649644,0.14372352491460402,0.07017861644336412,joint_core_brt,reef_blocked_2024,3,0.1461844980402891,0.1461844980402891
ltmp,4183353,21-529,U/N Reef (21-529),2024,Southern GBR,3,7.19,0.38615538690823586,0.24402387862104383,5.04829112437769,7.627993583679199,0.04395604395604396,188.7922667774775,0,0.5,0,0,0,0,0,0,b,NA,Aerial bl 5 2024 DHW 7.19 2024,coral bleaching,Aerial bl 5 2024 DHW 7.19 2024  coral bleaching,0.07120233399391916,0.6440926302324131,0.2312414750390911,0.1489409298767511,joint_core_brt,reef_blocked_2024,3,-0.07773859588283193,0.07773859588283193
manta,3989168,21-529,U/N Reef (21-529),2024,Southern GBR,3,7.19,0.38615538690823586,0.6491509096157588,5.04829112437769,7.627993583679199,0.04395604395604396,188.7922667774775,0,0.5,0,0,0,0,0,0,b,NA,Aerial bl 5 2024 DHW 7.19 2024,coral bleaching,Aerial bl 5 2024 DHW 7.19 2024  coral bleaching,0.3674510897264907,0.8355246433476958,0.2443041706513401,0.20412215505181555,joint_core_brt,reef_blocked_2024,3,0.16332893467467516,0.16332893467467516
manta,4284672,22-088a,U/N Reef (22-088a),2024,Southern GBR,3,7.58,0.2864416104796866,0.29321535546036537,5.293126064302306,7.698933601379395,0.05494505494505494,175.33603223489754,0,0.5,0,0,0,0.0918367356061935,0.1239,0.11680477954208436,b,NA,DHW 7.58,coral bleaching,DHW 7.58  coral bleaching,0.3397865462448271,0.7031630028053747,0.19186271082925438,0.1349107598730778,joint_core_brt,reef_blocked_2024,3,0.20487578637174933,0.20487578637174933
mmp,4143649,23-004b,North Keppel (Ko-no-mie) Island Reef (No 2) (23-004b),2024,Southern GBR,3,12.41,0.9702392451266665,0.17797019321167112,5.3548966285573405,7.717053890228272,0,25.58889965967512,0.874654366947519,0.1,-0.09219169675271,0,0,NA,NA,NA,b,NA,further decline as a result of bleaching in 2024,coral bleaching,further decline as a result of bleaching in 2024  coral bleaching,0.649764667289415,0.7791795316310257,0.33627833566998666,0.2620211960850011,joint_core_brt,reef_blocked_2024,3,0.3877434712044139,0.3877434712044139
mmp,4143650,23-004b,North Keppel (Ko-no-mie) Island Reef (No 2) (23-004b),2024,Southern GBR,3,12.41,0.9831720862579035,0.4840089198869416,5.3548966285573405,7.717053890228272,0,25.58889965967512,0.874654366947519,0.1,-0.09219169675271,0,0,NA,NA,NA,b,NA,bleaching still evident at time of surveys,coral bleaching,bleaching still evident at time of surveys  coral bleaching,0.6322997657703442,0.9154721003887614,0.3912705234003131,0.35819724787749463,joint_core_brt,reef_blocked_2024,3,0.27410251789284956,0.27410251789284956
mmp,4143665,23-004b,North Keppel (Ko-no-mie) Island Reef (No 2) (23-004b),2024,Southern GBR,3,12.41,0.8174194259823503,0.19953314021729673,5.3548966285573405,7.717053890228272,0,25.58889965967512,0.874654366947519,0.1,-0.09219169675271,0,0,NA,NA,NA,b,NA,further decline as a result of bleaching in 2024,coral bleaching,further decline as a result of bleaching in 2024  coral bleaching,0.2382175190368768,0.7421522204301954,0.2105145215418992,0.15623381959512067,joint_core_brt,reef_blocked_2024,3,0.08198369944175612,0.08198369944175612
mmp,4143666,23-004b,North Keppel (Ko-no-mie) Island Reef (No 2) (23-004b),2024,Southern GBR,3,12.41,0.855313419480824,0.26841942818408787,5.3548966285573405,7.717053890228272,0,25.58889965967512,0.874654366947519,0.1,-0.09219169675271,0,0,NA,NA,NA,b,NA,bleaching still evident at time of surveys,coral bleaching,bleaching still evident at time of surveys  coral bleaching,0.25663674359498084,0.8281657694869046,0.26192950543984245,0.21692105042391147,joint_core_brt,reef_blocked_2024,3,0.03971569317106938,0.03971569317106938
mmp,4155453,23-016,Humpy (Bur-ye-Bur-ye) Reef (23-016),2024,Southern GBR,3,12.47,0.7075329405300055,0.22997353185720512,5.455125136460727,7.59745454788208,0,25.541262425425487,0.742819670261997,0.3,-0.06790996624503798,0,0,NA,0,0,b,NA,further decline as a result of bleaching in 2024,coral bleaching,further decline as a result of bleaching in 2024  coral bleaching,0.6554932597858075,0.8213077987331812,0.2842421470368233,0.23345029209000656,joint_core_brt,reef_blocked_2024,3,0.42204296769580096,0.42204296769580096
mmp,4155454,23-016,Humpy (Bur-ye-Bur-ye) Reef (23-016),2024,Southern GBR,3,12.47,0.8806702661451502,0.49687349743235776,5.455125136460727,7.59745454788208,0,25.541262425425487,0.742819670261997,0.3,-0.06790996624503798,0,0,NA,0,0,b,NA,bleaching still evident at time of surveys,coral bleaching,bleaching still evident at time of surveys  coral bleaching,0.5371587878089377,0.927542337801884,0.3882905086082562,0.36015588610078453,joint_core_brt,reef_blocked_2024,3,0.17700290170815314,0.17700290170815314
mmp,4155473,23-016,Humpy (Bur-ye-Bur-ye) Reef (23-016),2024,Southern GBR,3,12.47,0.7596478225945502,0.13594107109759657,5.455125136460727,7.59745454788208,0,25.541262425425487,0.742819670261997,0.3,-0.06790996624503798,0,0,NA,0,0,b,NA,further decline as a result of bleaching in 2024,coral bleaching,further decline as a result of bleaching in 2024  coral bleaching,0.5474064906348262,0.661744935579794,0.1602690005597639,0.10605719945085892,joint_core_brt,reef_blocked_2024,3,0.44134929118396726,0.44134929118396726
mmp,4155474,23-016,Humpy (Bur-ye-Bur-ye) Reef (23-016),2024,Southern GBR,3,12.47,0.901484765985602,0.27456883183503955,5.455125136460727,7.59745454788208,0,25.541262425425487,0.742819670261997,0.3,-0.06790996624503798,0,0,NA,0,0,b,NA,bleaching still evident at time of surveys,coral bleaching,bleaching still evident at time of surveys  coral bleaching,0.5048925612238839,0.8451616310682212,0.25674040728420267,0.21698714138143613,joint_core_brt,reef_blocked_2024,3,0.2879054198424478,0.2879054198424478
ltmp,4182299,23-051,Wreck Island Reef (23-051),2024,Southern GBR,3,11.64,0.9797631868153628,0.6697295842357892,5.301987044294902,7.902797222137451,0.03296703296703297,94.55219552218418,0.0454611954935722,0.9,0.0454611954935722,0,0,0,0,0,b,NA,big hc decline,coral bleaching,big hc decline  coral bleaching,0.5446213063879788,0.9402544561776122,0.5799649712142056,0.5453146486110775,joint_core_brt,reef_blocked_2024,3,-6.933422230986919e-4,6.933422230986919e-4
manta,4284526,23-051,Wreck Island Reef (23-051),2024,Southern GBR,3,11.64,0.9797631868153628,0.5789666427911073,5.301987044294902,7.902797222137451,0.03296703296703297,94.55219552218418,0.0454611954935722,0.9,0.0454611954935722,0,0,0,0,0,m,NA,Aerial bl 5 2024  DHW 11.64,"coral bleaching, unknown storm","Aerial bl 5 2024  DHW 11.64  coral bleaching, unknown storm",0.3704552530009853,0.9347737467440532,0.5145992774914703,0.4810338946924844,joint_core_brt,reef_blocked_2024,3,-0.11057864169149911,0.11057864169149911
ltmp,4180873,23-081,Fairfax Islands Reef (23-081),2024,Southern GBR,3,11.26,0.8421051184060283,0.33232469751541616,5.784058808178996,7.760509014129639,0.01098901098901099,75.30452287765046,0.0818748265521753,0.9,0.0818748265521753,0,0,0.00581395346671343,0.0202,0.01999868650668912,m,NA,"Aerial bl 4 2024 DHW 11.46 2024, moderate disease","coral bleaching, coral disease","Aerial bl 4 2024 DHW 11.46 2024, moderate disease  coral bleaching, coral disease",0.17622110261289636,0.9070082584947174,0.5453697375642939,0.49465485590391123,joint_core_brt,reef_blocked_2024,3,-0.31843375329101486,0.31843375329101486
manta,4284498,23-081,Fairfax Islands Reef (23-081),2024,Southern GBR,3,11.26,0.8421051184060283,0.6500704629813622,5.784058808178996,7.760509014129639,0.01098901098901099,75.30452287765046,0.0818748265521753,0.9,0.0818748265521753,0,0,0.00581395346671343,0.0202,0.01999868650668912,b,NA,Aerial bl 4 2024 DHW 11.46 2024,coral bleaching,Aerial bl 4 2024 DHW 11.46 2024  coral bleaching,0.37356823802927674,0.9452170823400975,0.5143444480967376,0.48616715854782605,joint_core_brt,reef_blocked_2024,3,-0.1125989205185493,0.1125989205185493
ltmp,4242160,13-124,U/N Reef (13-124),2024,Northern GBR,4,7.65,0.1774292151097992,0.315898372616265,6.655036804576533,5.196862697601318,0.1868131868131868,54.0042200125233,0.289484885761631,0.8,0.10742366029323452,0,0,0,0,0,b,NA,DHW 7.65,NA,DHW 7.65 ,0,0.9114952666961417,0.19703809620032017,0.17959929204541086,joint_core_brt,reef_blocked_2024,4,-0.17959929204541086,0.17959929204541086
manta,4285225,13-124,U/N Reef (13-124),2024,Northern GBR,4,7.65,0.1774292151097992,0.3940946693282352,6.655036804576533,5.196862697601318,0.1868131868131868,54.0042200125233,0.289484885761631,0.8,0.10742366029323452,0,0,0,0,0,b,NA,DHW 7.65,coral bleaching,DHW 7.65  coral bleaching,0.38359369951258004,0.9069351498620132,0.22696196705137076,0.20583978560071223,joint_core_brt,reef_blocked_2024,4,0.17775391391186782,0.17775391391186782
manta,4285433,13-127,Rodda Reef (13-127),2024,Northern GBR,4,7.23,0.3284942720325735,0.4008909239757581,6.686516551675772,5.148830890655518,0.17582417582417584,38.723631859261,0.157033639186111,0.8,0.08343184913394575,0,0,0,0,0,b,NA,DHW 7.23,coral bleaching,DHW 7.23  coral bleaching,0.14416255797900124,0.7105254166535951,0.2618727998957515,0.1860672802561724,joint_core_brt,reef_blocked_2024,4,-0.04190472227717115,0.04190472227717115
ltmp,4240550,13-130,Davie Reef (13-130),2024,Northern GBR,4,7.03,0.4165932314736618,0.5412236066213202,6.686516551675772,5.385504722595215,0.17582417582417584,27.79877005838321,0.19893148191917,0.9,0.07486658984324951,0,0,0,0,0,b,NA,Aerial bl 2 2024  DHW 7.03,NA,Aerial bl 2 2024  DHW 7.03 ,0.027744635881124392,0.9614137765994745,0.27800758791071956,0.2672803250165553,joint_core_brt,reef_blocked_2024,4,-0.2395356891354309,0.2395356891354309
manta,4285380,13-130,Davie Reef (13-130),2024,Northern GBR,4,7.03,0.4165932314736618,0.3531554979789382,6.686516551675772,5.385504722595215,0.17582417582417584,27.79877005838321,0.19893148191917,0.9,0.07486658984324951,0,0,0,0,0,b,NA,Aerial bl 2 2024  DHW 7.03,coral bleaching,Aerial bl 2 2024  DHW 7.03  coral bleaching,7.179161652642996e-4,0.9540802464254821,0.2721152616810925,0.2596197959208313,joint_core_brt,reef_blocked_2024,4,-0.258901879755567,0.258901879755567
ltmp,4241733,14-045,Sand Bank No 1 Reef (14-045),2024,Northern GBR,4,7.16,0.35876184588002236,0.42214123311310725,6.686516551675772,5.571252822875977,0.2087912087912088,53.88684402433357,0.127170719473362,0.4,-0.00895666424692048,0,0,0,0,0,b,NA,DHW 8.19,NA,DHW 8.19 ,0.010579124127506553,0.7930682582144245,0.26455858873393495,0.20981301916288805,joint_core_brt,reef_blocked_2024,4,-0.1992338950353815,0.1992338950353815
manta,4285211,14-045,Sand Bank No 1 Reef (14-045),2024,Northern GBR,4,7.16,0.35876184588002236,0.449334665923309,6.686516551675772,5.571252822875977,0.2087912087912088,53.88684402433357,0.127170719473362,0.4,-0.00895666424692048,0,0,0,0,0,b,NA,DHW 8.19,coral bleaching,DHW 8.19  coral bleaching,0.1631671639396755,0.7912147358290553,0.3542058179470623,0.28025286267609933,joint_core_brt,reef_blocked_2024,4,-0.11708569873642383,0.11708569873642383
ltmp,4171456,14-114,MacGillivray Reef (14-114),2024,Northern GBR,4,5.93,0.22238725883456137,0.16676184000596264,6.662192357426267,5.6041412353515625,0.1978021978021978,38.660259476645,0.0434454558104632,0.8,0.0434454558104632,0,0,0,0.0092,0.00915793778476562,b,NA,DHW 6.03,NA,DHW 6.03 ,0,0.4221480610908871,0.16975234000076858,0.0716606211969655,joint_core_brt,reef_blocked_2024,4,-0.0716606211969655,0.0716606211969655
manta,4206375,14-114,MacGillivray Reef (14-114),2024,Northern GBR,4,5.93,0.22238725883456137,0.4652605846420815,6.662192357426267,5.6041412353515625,0.1978021978021978,38.660259476645,0.0434454558104632,0.8,0.0434454558104632,0,0,0,0.0092,0.00915793778476562,b,NA,DHW 6.03,coral bleaching,DHW 6.03  coral bleaching,0.3889435143171571,0.5957601577810723,0.27184588595066284,0.16195494790610226,joint_core_brt,reef_blocked_2024,4,0.22698856641105486,0.22698856641105486
ltmp,4174485,16-015,Mackay Reef (16-015),2024,Central GBR,4,3.52,0.11108575555250783,0.24202255587051924,6.6724338344427165,5.55191707611084,0.15384615384615383,53.443772818368494,0.0670124787248476,0.8,0.04428520532024935,0,0,0,4e-4,3.999200213269354e-4,m,Jasper,NA,"Cyclone Jasper, flood waters, coral bleaching"," Jasper Cyclone Jasper, flood waters, coral bleaching",0.2553628149610071,0.5700413899253488,0.07951691064986585,0.0453279302694193,joint_core_brt,reef_blocked_2024,4,0.2100348846915878,0.2100348846915878
manta,4206192,16-015,Mackay Reef (16-015),2024,Central GBR,4,3.52,0.11108575555250783,0.4251201626271228,6.6724338344427165,5.55191707611084,0.15384615384615383,53.443772818368494,0.0670124787248476,0.8,0.04428520532024935,0,0,0,4e-4,3.999200213269354e-4,m,NA,DHW 4.03,"coral bleaching, Cyclone Jasper, flood waters","DHW 4.03  coral bleaching, Cyclone Jasper, flood waters",0.6125403307582871,0.6315269836453961,0.1661424420586859,0.10492343528880188,joint_core_brt,reef_blocked_2024,4,0.5076168954694852,0.5076168954694852
ltmp,4177618,16-019,St Crispin Reef (16-019),2024,Central GBR,4,5.87,0.5909846656384597,0.3897013622185705,6.6724338344427165,5.55191707611084,0.15384615384615383,53.443772818368494,0.0118783666655456,0.5,-0.01084890673905264,28.6666666666667,3.3900240810640314,0.00590551178902388,0.002,0.00199800266267305,m,NA,DHW 6.98,"coral bleaching, Cyclone Jasper","DHW 6.98  coral bleaching, Cyclone Jasper",0.14925263511949396,0.7606893969682917,0.1920196698929341,0.1460673268969065,joint_core_brt,reef_blocked_2024,4,0.003185308222587474,0.003185308222587474
manta,4206488,16-019,St Crispin Reef (16-019),2024,Central GBR,4,5.87,0.5909846656384597,0.2113603665534798,6.6724338344427165,5.55191707611084,0.15384615384615383,53.443772818368494,0.0118783666655456,0.5,-0.01084890673905264,28.6666666666667,3.3900240810640314,0.00590551178902388,0.002,0.00199800266267305,m,NA,DHW 6.98,"coral bleaching, Cyclone Jasper","DHW 6.98  coral bleaching, Cyclone Jasper",0.20745558753288798,0.7322222269405553,0.24348558079754992,0.17828555419949652,joint_core_brt,reef_blocked_2024,4,0.029170033333391465,0.029170033333391465
ltmp,3754965,17-034,Feather Reef (17-034),2024,Central GBR,4,5.54,0.2671748848874488,0.32859426121616114,6.866384143143859,5.830949306488037,0.12087912087912088,53.02430121520352,0.14934229030886,0.9,0.1037885048581075,14,2.70805020110221,0,0,0,b,NA,DHW 5.54,NA,DHW 5.54 ,0,0.5023359833113201,0.17966937940376196,0.090254394373723415,joint_core_brt,reef_blocked_2024,4,-0.090254394373723415,0.090254394373723415
manta,4068667,17-034,Feather Reef (17-034),2024,Central GBR,4,5.54,0.2671748848874488,0.1944095826335418,6.866384143143859,5.830949306488037,0.12087912087912088,53.02430121520352,0.14934229030886,0.9,0.1037885048581075,14,2.70805020110221,0,0,0,b,NA,DHW 5.54,coral bleaching,DHW 5.54  coral bleaching,0,0.44834855365558535,0.1976917173298641,0.08863479553453338,joint_core_brt,reef_blocked_2024,4,-0.08863479553453338,0.08863479553453338
ltmp,3752581,17-064,Taylor Reef (17-064),2024,Central GBR,4,4.45,0.28264456502362123,0.12589356762072712,6.793622788043911,5.784509181976318,0.14285714285714285,52.950848061604326,0.0653108091876699,0.8,0.04258353578307165,10,2.3978952727983707,0,3e-4,2.9995500899797546e-4,b,NA,Aerial bl 1 2024 DHW 4.6,NA,Aerial bl 1 2024 DHW 4.6 ,0,0.07446939768302409,0.09040025800385913,0.006732052763937367,joint_core_brt,reef_blocked_2024,4,-0.006732052763937367,0.006732052763937367
manta,4067738,17-064,Taylor Reef (17-064),2024,Central GBR,4,4.45,0.28264456502362123,0.17051530949802596,6.793622788043911,5.784509181976318,0.14285714285714285,52.950848061604326,0.0653108091876699,0.8,0.04258353578307165,10,2.3978952727983707,0,3e-4,2.9995500899797546e-4,b,NA,Aerial bl 1 2024 DHW 4.6,coral bleaching,Aerial bl 1 2024 DHW 4.6  coral bleaching,0,0.2536334685438807,0.14027642052098196,0.03557879509165666,joint_core_brt,reef_blocked_2024,4,-0.03557879509165666,0.03557879509165666
ltmp,4222718,18-076,Helix Reef (18-076),2024,Central GBR,4,6.11,0.5054491943511117,0.3220764384215993,6.096021794618455,6.48448371887207,0.08791208791208792,98.60262415600752,0,0.5,0,1,0.6931471805599453,0,0.0257,0.02537530633122824,m,Kirrily,70 phys,"Cyclone Kirrily, coral bleaching","70 phys Kirrily Cyclone Kirrily, coral bleaching",0.106430452853776,0.5251567195054794,0.2786397154987546,0.14632951891526605,joint_core_brt,reef_blocked_2024,4,-0.039899066061490046,0.039899066061490046
manta,4067887,18-076,Helix Reef (18-076),2024,Central GBR,4,6.11,0.5054491943511117,0.5352957990953865,6.096021794618455,6.48448371887207,0.08791208791208792,98.60262415600752,0,0.5,0,1,0.6931471805599453,0,0.0257,0.02537530633122824,m,Kirrily,Cyclone Kirrily and DHW 6.11,"Cyclone Kirrily, coral bleaching","Cyclone Kirrily and DHW 6.11 Kirrily Cyclone Kirrily, coral bleaching",0.1797052706947009,0.5819130313328765,0.29832422210981246,0.1735987524079433,joint_core_brt,reef_blocked_2024,4,0.006106518286757595,0.006106518286757595
ltmp,4237691,18-086,Chicken Reef (18-086),2024,Central GBR,4,6.640000000000001,0.43773493291083154,0.4221760679717542,5.947264586791359,6.851525783538818,0.06593406593406594,87.43427334613949,0,0.4,0,6.48529411764706,2.012940311374416,0,0.02,0.01980262729617971,NA,NA,NA,NA, ,0.04517456415014378,0.6610196369348975,0.16930904243842598,0.1119166017624435,joint_core_brt,reef_blocked_2024,4,-0.06674203761229971,0.06674203761229971
manta,4066787,18-086,Chicken Reef (18-086),2024,Central GBR,4,6.640000000000001,0.43773493291083154,0.2640352540479171,5.947264586791359,6.851525783538818,0.06593406593406594,87.43427334613949,0,0.4,0,6.48529411764706,2.012940311374416,0,0.02,0.01980262729617971,NA,NA,NA,NA, ,0,0.6039575217654606,0.19852278855701586,0.11989933139086384,joint_core_brt,reef_blocked_2024,4,-0.11989933139086384,0.11989933139086384
ltmp,4228737,19-207,Hyde Reef (19-207),2024,Central GBR,4,9.25,0.7162796368719883,0.29518550152676976,5.8287453483906155,7.366249084472656,0.01098901098901099,118.35940764116184,0,0.45,0,33,3.5263605246161616,0,8e-4,7.996801705643322e-4,NA,NA,NA,NA, ,0.015984087725189246,0.8530662712854901,0.27608048424810894,0.23551494927222677,joint_core_brt,reef_blocked_2024,4,-0.21953086154703752,0.21953086154703752
ltmp,4228738,19-207,Hyde Reef (19-207),2024,Central GBR,4,9.25,0.7299065476187283,0.3972470019737009,5.8287453483906155,7.366249084472656,0.01098901098901099,118.35940764116184,0,0.45,0,33,3.5263605246161616,0,8e-4,7.996801705643322e-4,b,NA,NA,coral bleaching,  coral bleaching,0.25692201562212913,0.8440794804704876,0.2481973921117375,0.2094983257878053,joint_core_brt,reef_blocked_2024,4,0.04742368983432382,0.04742368983432382
manta,4066821,19-207,Hyde Reef (19-207),2024,Central GBR,4,9.25,0.7162796368719883,0.44223878365323005,5.8287453483906155,7.366249084472656,0.01098901098901099,118.35940764116184,0,0.45,0,33,3.5263605246161616,0,8e-4,7.996801705643322e-4,NA,NA,NA,NA, ,0.058365513512148574,0.8391146574955123,0.23171017830773005,0.19443140690891497,joint_core_brt,reef_blocked_2024,4,-0.1360658933967664,0.1360658933967664
manta,4066822,19-207,Hyde Reef (19-207),2024,Central GBR,4,9.25,0.7299065476187283,0.548497743028163,5.8287453483906155,7.366249084472656,0.01098901098901099,118.35940764116184,0,0.45,0,33,3.5263605246161616,0,8e-4,7.996801705643322e-4,b,NA,DHW 9.2 to 10.15,coral bleaching,DHW 9.2 to 10.15  coral bleaching,0.1937272499760806,0.8577958836545575,0.2541328619118857,0.21799412284936764,joint_core_brt,reef_blocked_2024,4,-0.02426687287328705,0.02426687287328705
mmp,4151714,20-061,Pine Island Reef (20-061),2024,Central GBR,4,9.17,0.054316214592486936,0.06317441071504845,5.8287453483906155,6.957430839538574,0.02197802197802198,27.79877005838312,0.581681122802904,0,-0.26131431948144157,8,2.1972245773362196,NA,0.0028,0.00279608730200127,NA,NA,NA,NA, ,0,0.07196639338027887,0.1468343343601076,0.010567137468290902,joint_core_brt,reef_blocked_2024,4,-0.010567137468290902,0.010567137468290902
mmp,4151734,20-061,Pine Island Reef (20-061),2024,Central GBR,4,9.17,0.04014192197989718,0.1528425783149248,5.8287453483906155,6.957430839538574,0.02197802197802198,27.79877005838312,0.581681122802904,0,-0.26131431948144157,8,2.1972245773362196,NA,0.0028,0.00279608730200127,NA,NA,NA,NA, ,0,0.15514937786052843,0.07976086770204352,0.012374849001587968,joint_core_brt,reef_blocked_2024,4,-0.012374849001587968,0.012374849001587968
manta,4067753,20-104,U/N Reef (20-104),2024,Central GBR,4,5.5600000000000005,0.3166147337257602,0.3954607791259235,5.8287453483906155,7.423409461975098,0,83.09235604782566,0,0.3,0,26,3.295836866004329,0,0.0038,0.00379279823869623,b,NA,Aerial bl 3 2024 DHW 2024 DHW 2.52 2025,coral bleaching,Aerial bl 3 2024 DHW 2024 DHW 2.52 2025  coral bleaching,0.05916872045396826,0.32007729880611413,0.17292654781415584,0.05534986231622134,joint_core_brt,reef_blocked_2024,4,0.0038188581377469194,0.0038188581377469194
manta,4067754,20-104,U/N Reef (20-104),2024,Central GBR,4,5.5600000000000005,0.20685377657459916,0.16222060434747407,5.8287453483906155,7.423409461975098,0,83.09235604782566,0,0.3,0,26,3.295836866004329,0,0.0038,0.00379279823869623,NA,NA,NA,NA, ,0,0.12522369567525285,0.14060792487170903,0.017607443993663707,joint_core_brt,reef_blocked_2024,4,-0.017607443993663707,0.017607443993663707
manta,4067591,20-354,U/N Reef (20-354),2024,Southern GBR,4,8.24,0.2798883931931086,0.4883089395562144,5.04829112437769,7.647981643676758,0.01098901098901099,148.29161899510453,0,0.35,0,0,0,NA,0.0216,0.02137002573619248,b,NA,DHW 8.25,coral bleaching,DHW 8.25  coral bleaching,0.14510858480817607,0.8543379998062274,0.24058227739462998,0.20553858165815514,joint_core_brt,reef_blocked_2024,4,-0.06042999684997907,0.06042999684997907
manta,4067305,21-064,U/N Reef (21-064),2024,Southern GBR,4,8.82,0.30248149893283544,0.2233901440513016,5.04829112437769,7.64576530456543,0.01098901098901099,141.37563195977037,0,0.4,0,2.66666666666667,1.2992829841302618,0,0,0,b,NA,Aerial bl 3 2024 DHW 8.82 2024,coral bleaching,Aerial bl 3 2024 DHW 8.82 2024  coral bleaching,0,0.5223722636687191,0.17125116009713656,0.08945685615583546,joint_core_brt,reef_blocked_2024,4,-0.08945685615583546,0.08945685615583546
ltmp,4223046,21-139,U/N Reef (21-139),2024,Southern GBR,4,8.6,0.161084953587778,0.24029573725924935,5.04829112437769,7.674178123474121,0.03296703296703297,132.67491596944663,0,0.4,0,1,0.6931471805599453,0.00833333345750968,0.0335,0.0329511001396859,NA,NA,NA,NA, ,0.17477970140301632,0.8166235501063114,0.2446964032322991,0.1998248455058056,joint_core_brt,reef_blocked_2024,4,-0.02504514410278927,0.02504514410278927
manta,4067086,21-139,U/N Reef (21-139),2024,Southern GBR,4,8.6,0.161084953587778,0.5779862545901678,5.04829112437769,7.674178123474121,0.03296703296703297,132.67491596944663,0,0.4,0,1,0.6931471805599453,0.00833333345750968,0.0335,0.0329511001396859,NA,NA,NA,NA, ,0.21994377052766942,0.8721640380606005,0.26370916446114817,0.229997649750022,joint_core_brt,reef_blocked_2024,4,-0.010053879222352569,0.010053879222352569
ltmp,4224607,21-558,U/N Reef (21-558),2024,Southern GBR,4,7.54,0.07481468055436158,0.1101872950078745,5.04829112437769,7.61787748336792,0.03296703296703297,222.5876216694933,0.0448146287353424,1,0.0448146287353424,2.2,1.1631508098056809,0.0775834644834201,0.0275,0.02712866738825262,NA,NA,NA,NA, ,0.06769401672425976,0.4799819866711682,0.22671852184365662,0.10882080652966895,joint_core_brt,reef_blocked_2024,4,-0.041126789805409195,0.041126789805409195
ltmp,4224608,21-558,U/N Reef (21-558),2024,Southern GBR,4,7.54,0.1629579657459985,0.13576658866345692,5.04829112437769,7.61787748336792,0.03296703296703297,222.5876216694933,0.0448146287353424,1,0.0448146287353424,2.2,1.1631508098056809,0.0775834644834201,0.0275,0.02712866738825262,b,NA,NA,coral bleaching,  coral bleaching,0.18840639591371994,0.560335635207279,0.23003320234159436,0.1288958005528418,joint_core_brt,reef_blocked_2024,4,0.05951059536087813,0.05951059536087813
manta,4284588,21-558,U/N Reef (21-558),2024,Southern GBR,4,7.54,0.07481468055436158,0.39090706771087363,5.04829112437769,7.61787748336792,0.03296703296703297,222.5876216694933,0.0448146287353424,1,0.0448146287353424,2.2,1.1631508098056809,0.0775834644834201,0.0275,0.02712866738825262,NA,NA,NA,NA, ,0.25960430422350816,0.7218417847866639,0.218676349610098,0.15784972649318563,joint_core_brt,reef_blocked_2024,4,0.10175457773032254,0.10175457773032254
manta,4284589,21-558,U/N Reef (21-558),2024,Southern GBR,4,7.54,0.1629579657459985,0.36925742040330933,5.04829112437769,7.61787748336792,0.03296703296703297,222.5876216694933,0.0448146287353424,1,0.0448146287353424,2.2,1.1631508098056809,0.0775834644834201,0.0275,0.02712866738825262,b,NA,DHW 7.24 to 8.27,coral bleaching,DHW 7.24 to 8.27  coral bleaching,0,0.7509551600690724,0.22199103010803573,0.16670530954867824,joint_core_brt,reef_blocked_2024,4,-0.16670530954867824,0.16670530954867824
mmp,4138915,23-010,Middle (Ba-la-ba) Island Reef (23-010),2024,Southern GBR,4,12.23,0.45895037123979043,0.094141417582425,5.455125136460727,7.59745454788208,0,25.541262425425487,0.88543541568752,0.3,-0.04714947352788246,0,0,NA,NA,NA,b,NA,further decline as a result of bleaching in 2024,coral bleaching,further decline as a result of bleaching in 2024  coral bleaching,0.48766349684223503,0.6359452636750862,0.5117392343559274,0.32543814232536694,joint_core_brt,reef_blocked_2024,4,0.1622253545168681,0.1622253545168681
mmp,4138916,23-010,Middle (Ba-la-ba) Island Reef (23-010),2024,Southern GBR,4,12.23,0.7664047472610901,0.19386016389011806,5.455125136460727,7.59745454788208,0,25.541262425425487,0.88543541568752,0.3,-0.04714947352788246,0,0,NA,NA,NA,b,NA,bleaching still evident at time of surveys,coral bleaching,bleaching still evident at time of surveys  coral bleaching,0.5143849272933385,0.8670961316373283,0.5380367454128924,0.46652958062625705,joint_core_brt,reef_blocked_2024,4,0.047855346667081466,0.047855346667081466
mmp,4138931,23-010,Middle (Ba-la-ba) Island Reef (23-010),2024,Southern GBR,4,12.23,0.3533715797147019,0.12330852251969322,5.455125136460727,7.59745454788208,0,25.541262425425487,0.88543541568752,0.3,-0.04714947352788246,0,0,NA,NA,NA,b,NA,further decline as a result of bleaching in 2024,coral bleaching,further decline as a result of bleaching in 2024  coral bleaching,0.28856582591991914,0.5819084746839964,0.3733664254968697,0.21726508715909945,joint_core_brt,reef_blocked_2024,4,0.07130073876081969,0.07130073876081969
mmp,4138932,23-010,Middle (Ba-la-ba) Island Reef (23-010),2024,Southern GBR,4,12.23,0.48147352484178185,0.2096906034389076,5.455125136460727,7.59745454788208,0,25.541262425425487,0.88543541568752,0.3,-0.04714947352788246,0,0,NA,NA,NA,b,NA,bleaching still evident at time of surveys,coral bleaching,bleaching still evident at time of surveys  coral bleaching,0.41195017565191666,0.8591566489377103,0.3938081482285731,0.33834288895642595,joint_core_brt,reef_blocked_2024,4,0.07360728669549071,0.07360728669549071
ltmp,4188168,23-048,Broomfield Reef (23-048),2024,Southern GBR,4,11.6,0.862233938344424,0.5750808079045714,5.301987044294902,7.902797222137451,0.03296703296703297,94.55219552218418,0.0430566355266609,0.7,0.0430566355266609,0,0,0,0,0,m,NA,Aerial bl 5 2024   DHW 11.6,"coral bleaching, unknown storm","Aerial bl 5 2024   DHW 11.6  coral bleaching, unknown storm",0.6883989417687074,0.9394205500812555,0.5077954967885746,0.47703352492190715,joint_core_brt,reef_blocked_2024,4,0.21136541684680027,0.21136541684680027
manta,4284725,23-048,Broomfield Reef (23-048),2024,Southern GBR,4,11.6,0.862233938344424,0.581105916624201,5.301987044294902,7.902797222137451,0.03296703296703297,94.55219552218418,0.0430566355266609,0.7,0.0430566355266609,0,0,0,0,0,m,NA,Aerial bl 5 2024   DHW 11.6,"coral bleaching, unknown storm","Aerial bl 5 2024   DHW 11.6  coral bleaching, unknown storm",0.5712917276690362,0.9443458198034835,0.45818274972617457,0.43268296440997867,joint_core_brt,reef_blocked_2024,4,0.13860876325905758,0.13860876325905758
manta,4284550,23-080,Hoskyn Islands Reef (23-080),2024,Southern GBR,4,11.2,0.8814544768695094,0.6184300829752357,5.784058808178996,7.760509014129639,0.01098901098901099,75.30452287765046,0.0454545468091965,0.85,0.0454545468091965,0,0,0.0161290317773819,0.0161,0.01597176950969866,b,NA,DHW 11.48,coral bleaching,DHW 11.48  coral bleaching,0.5478185490121976,0.9153779872478995,0.3459655039780301,0.3166892066886144,joint_core_brt,reef_blocked_2024,4,0.23112934232358323,0.23112934232358323
manta,4285342,13-133,Tydeman Reef (13-133),2024,Northern GBR,5,7.18,0.36088278135206137,0.38356413829938735,6.686516551675772,5.385504722595215,0.17582417582417584,27.79877005838321,0.154226945103219,0.9,0.06331785148482759,0,0,0,0,0,b,NA,Aerial bl 3 2024 DHW 7.18,coral bleaching,Aerial bl 3 2024 DHW 7.18  coral bleaching,0.26606508064600476,0.8251907553988307,0.12258567316420947,0.10115656423944819,joint_core_brt,reef_blocked_2024,5,0.16490851640655657,0.16490851640655657
ltmp,4242370,14-016,Corbett Reef (14-016),2024,Northern GBR,5,7.49,0.29881445006710233,0.21731972604234384,6.495755978645292,5.167435646057129,0.17582417582417584,53.946045548395595,0.580108750421401,1,0.296049051889948,0,0,0,0,0,b,NA,Aerial bl 3 2024 DHW 6.82,NA,Aerial bl 3 2024 DHW 6.82 ,0.09426476809555026,0.7425820660195893,0.1540226714722981,0.11437447359575557,joint_core_brt,reef_blocked_2024,5,-0.020109705500205313,0.020109705500205313
manta,4285333,14-016,Corbett Reef (14-016),2024,Northern GBR,5,7.49,0.29881445006710233,0.32459695544892575,6.495755978645292,5.167435646057129,0.17582417582417584,53.946045548395595,0.580108750421401,1,0.296049051889948,0,0,0,0,0,b,NA,Aerial bl 3 2024 DHW 6.82,coral bleaching,Aerial bl 3 2024 DHW 6.82  coral bleaching,0.41992308186246713,0.7934969416172862,0.20684963863569003,0.1641345556320609,joint_core_brt,reef_blocked_2024,5,0.25578852623040627,0.25578852623040627
ltmp,4175199,14-126,Linnet Reef (14-126),2024,Northern GBR,5,6.73,0.6343256027311654,0.31732653959228374,6.662192357426267,5.099393844604492,0.2307692307692308,27.798770058382857,0.536864378405265,1,0.39753303003351054,0,0,0.024274891987443,0.0201,0.01990066170633616,b,NA,DHW 6.73,coral bleaching,DHW 6.73  coral bleaching,0.41417830964770835,0.8609313771029444,0.21413202684895039,0.18435298075691153,joint_core_brt,reef_blocked_2024,5,0.22982532889079682,0.22982532889079682
manta,4285399,14-126,Linnet Reef (14-126),2024,Northern GBR,5,6.73,0.6343256027311654,0.4278475351183221,6.662192357426267,5.099393844604492,0.2307692307692308,27.798770058382857,0.536864378405265,1,0.39753303003351054,0,0,0.024274891987443,0.0201,0.01990066170633616,b,NA,DHW 6.73,coral bleaching,DHW 6.73  coral bleaching,0.7147170912272767,0.938869869727316,0.25790606985783604,0.24214023820931058,joint_core_brt,reef_blocked_2024,5,0.4725768530179661,0.4725768530179661
ltmp,4172230,14-143,North Direction Reef (14-143),2024,Northern GBR,5,6.23,0.4371273713667701,0.17564623667562165,6.662192357426267,5.6041412353515625,0.1978021978021978,38.660259476645,0.0201384624835262,0.8,0.0201384624835262,0,0,0,0.0092,0.00915793778476562,b,NA,decline in hc and sc,coral bleaching,decline in hc and sc  coral bleaching,0.27692573545021293,0.5384383001724498,0.07750190221727607,0.04172999249000154,joint_core_brt,reef_blocked_2024,5,0.2351957429602114,0.2351957429602114
mmp,4160180,16-006,Snapper Reef (16-006),2024,Central GBR,5,6.93,0.2276483309360394,0.16863589480805166,6.812168274251864,3.162578821182251,0.5164835164835165,26.688203488870816,0.897197855579998,0.9,0.15894063309421047,0,0,NA,0.001,9.995003330835331e-4,m,Jasper,NA,"Cyclone Jasper, flood waters at 2.0 m only, coral bleaching at 5.0 m only | flood waters, Cyclone Jasper"," Jasper Cyclone Jasper, flood waters at 2.0 m only, coral bleaching at 5.0 m only | flood waters, Cyclone Jasper",0.6942901257684129,0.4168459797333973,0.25496415386054594,0.10628078251289592,joint_core_brt,reef_blocked_2024,5,0.5880093432555169,0.5880093432555169
mmp,4160201,16-006,Snapper Reef (16-006),2024,Central GBR,5,6.93,0.2276483309360394,0.5029984341764817,6.812168274251864,3.162578821182251,0.5164835164835165,26.688203488870816,0.897197855579998,0.9,0.15894063309421047,0,0,NA,0.001,9.995003330835331e-4,m,Jasper,NA,"Cyclone Jasper, flood waters at 2.0 m only, coral bleaching at 5.0 m only | flood waters, Cyclone Jasper"," Jasper Cyclone Jasper, flood waters at 2.0 m only, coral bleaching at 5.0 m only | flood waters, Cyclone Jasper",1,0.8775567483586209,0.3052145647116428,0.26784310096004116,joint_core_brt,reef_blocked_2024,5,0.7321568990399588,0.7321568990399588
mmp,4160222,16-006,Snapper Reef (16-006),2024,Central GBR,5,6.93,0.13825214405281794,0.3378998441589269,6.812168274251864,3.162578821182251,0.5164835164835165,26.688203488870816,0.897197855579998,0.9,0.15894063309421047,0,0,NA,0.001,9.995003330835331e-4,m,Jasper,NA,"Cyclone Jasper, flood waters at 2.0 m only, coral bleaching at 5.0 m only | flood waters, Cyclone Jasper"," Jasper Cyclone Jasper, flood waters at 2.0 m only, coral bleaching at 5.0 m only | flood waters, Cyclone Jasper",0,0.7201540871346873,0.20102847978441957,0.14477148134722262,joint_core_brt,reef_blocked_2024,5,-0.14477148134722262,0.14477148134722262
mmp,4160243,16-006,Snapper Reef (16-006),2024,Central GBR,5,6.93,0.13825214405281794,0.5789794313776275,6.812168274251864,3.162578821182251,0.5164835164835165,26.688203488870816,0.897197855579998,0.9,0.15894063309421047,0,0,NA,0.001,9.995003330835331e-4,m,Jasper,NA,"Cyclone Jasper, flood waters at 2.0 m only, coral bleaching at 5.0 m only | flood waters, Cyclone Jasper"," Jasper Cyclone Jasper, flood waters at 2.0 m only, coral bleaching at 5.0 m only | flood waters, Cyclone Jasper",1,0.8757808364488094,0.21723907552635324,0.19025381927383572,joint_core_brt,reef_blocked_2024,5,0.8097461807261643,0.8097461807261643
ltmp,4170711,16-028,Low Islands Reef (16-028),2024,Central GBR,5,6.42,0.07365554786941506,0.37695421002497653,6.900914657280194,2.825014591217041,0.6263736263736264,26.65400763146825,0.564896066302209,1,0.289486881626768,0,0,0,1e-4,9.999500033330834e-5,m,Jasper,NA,"Cyclone Jasper, flood waters, coral bleaching"," Jasper Cyclone Jasper, flood waters, coral bleaching",0.17859848813708523,0.6680439341885295,0.2587871857073756,0.17288120965753276,joint_core_brt,reef_blocked_2024,5,0.005717278479552473,0.005717278479552473
manta,4206349,16-028,Low Islands Reef (16-028),2024,Central GBR,5,6.42,0.07365554786941506,0.5110399637147486,6.900914657280194,2.825014591217041,0.6263736263736264,26.65400763146825,0.564896066302209,1,0.289486881626768,0,0,0,1e-4,9.999500033330834e-5,m,Jasper,Jasper,"Cyclone Jasper, flood waters, coral bleaching","Jasper Jasper Cyclone Jasper, flood waters, coral bleaching",0.4177050324727606,0.840784837273372,0.32293281357361303,0.2715170131107224,joint_core_brt,reef_blocked_2024,5,0.14618801936203818,0.14618801936203818
ltmp,4178609,16-068,Thetford Reef (16-068),2024,Central GBR,5,7.34,0.1800947025045891,0.22060182847007123,6.977581085825649,6.070464134216309,0.12087912087912088,60.028158717834764,0.0704767616531914,0.8,0.02438038435635965,34,3.5553480614894135,0,0,0,b,NA,Aerial bl 3 2024 DHW 7.63 2024,NA,Aerial bl 3 2024 DHW 7.63 2024 ,0.05542349117761327,0.3614977232437644,0.1459697079247491,0.052767717077354066,joint_core_brt,reef_blocked_2024,5,0.0026557741002592034,0.0026557741002592034
manta,4068550,16-068,Thetford Reef (16-068),2024,Central GBR,5,7.34,0.1800947025045891,0.2945187715384348,6.977581085825649,6.070464134216309,0.12087912087912088,60.028158717834764,0.0704767616531914,0.8,0.02438038435635965,34,3.5553480614894135,0,0,0,b,NA,Aerial bl 3 2024 DHW 7.63 2024,coral bleaching,Aerial bl 3 2024 DHW 7.63 2024  coral bleaching,0.22109938427513848,0.40600081274273486,0.21232467195588745,0.08620398937942486,joint_core_brt,reef_blocked_2024,5,0.13489539489571362,0.13489539489571362
mmp,4142980,18-001,Richards (Bedarra) Reef (18-001),2024,Central GBR,5,4.12,0.3256942657515102,0.12999759964029725,6.679407263235824,4.47112512588501,0.3076923076923077,26.438199406294544,0.691931621395728,0,-0.2128136208180611,0,0,NA,1e-4,9.999500033330834e-5,NA,NA,NA,NA, ,0,0.12250547812050554,0.16262116266772045,0.0199219832851216,joint_core_brt,reef_blocked_2024,5,-0.0199219832851216,0.0199219832851216
mmp,4142991,18-001,Richards (Bedarra) Reef (18-001),2024,Central GBR,5,4.12,0.02206680707521358,0.20138630567665236,6.679407263235824,4.47112512588501,0.3076923076923077,26.438199406294544,0.691931621395728,0,-0.2128136208180611,0,0,NA,1e-4,9.999500033330834e-5,NA,NA,NA,NA, ,0.04904518159865426,0.18119227315198883,0.136601411433926,0.024751120253483132,joint_core_brt,reef_blocked_2024,5,0.024294061345171127,0.024294061345171127
ltmp,4226570,18-030,Kelso Reef (18-030),2024,Central GBR,5,6.72,0.233741827105771,0.17043083147705607,6.212002270133139,6.278666973114014,0.08791208791208792,83.77527323363911,0,0.45,0,7,2.0794415416798357,0.00285714287310839,0.0054,0.00538547227633781,b,NA,Aerial bl 4 2024 DHW6.56 2025 6.48 2024,NA,Aerial bl 4 2024 DHW6.56 2025 6.48 2024 ,0,0.25488130817063076,0.1567133560690814,0.03994330520269732,joint_core_brt,reef_blocked_2024,5,-0.03994330520269732,0.03994330520269732
manta,4066150,18-030,Kelso Reef (18-030),2024,Central GBR,5,6.72,0.233741827105771,0.2793191849642483,6.212002270133139,6.278666973114014,0.08791208791208792,83.77527323363911,0,0.45,0,7,2.0794415416798357,0.00285714287310839,0.0054,0.00538547227633781,b,NA,Aerial bl 4 2024 DHW6.56 2025 6.48 2024,coral bleaching,Aerial bl 4 2024 DHW6.56 2025 6.48 2024  coral bleaching,0,0.4259820278564766,0.2261312648258183,0.09632785475225202,joint_core_brt,reef_blocked_2024,5,-0.09632785475225202,0.09632785475225202
ltmp,4234580,18-096,Davies Reef (18-096),2024,Central GBR,5,4.2700000000000005,0.30933731156813715,0.3628169523067178,5.947264586791359,6.851525783538818,0.06593406593406594,87.43427334613949,0,0.45,0,4.09523809523809,1.628306396738482,0.0175088650236527,0.0364,0.03575316970581786,m,Kirrily,DHW 4.27,NA,DHW 4.27 Kirrily,0,0.43570320318579936,0.1303050532881067,0.05677432910892437,joint_core_brt,reef_blocked_2024,5,-0.05677432910892437,0.05677432910892437
manta,4068156,18-096,Davies Reef (18-096),2024,Central GBR,5,4.2700000000000005,0.30933731156813715,0.49040533998214814,5.947264586791359,6.851525783538818,0.06593406593406594,87.43427334613949,0,0.45,0,4.09523809523809,1.628306396738482,0.0175088650236527,0.0364,0.03575316970581786,m,Kirrily,DHW 4.27,"Cyclone Kirrily, coral bleaching","DHW 4.27 Kirrily Cyclone Kirrily, coral bleaching",0,0.6938920124412202,0.16830483193145448,0.11678537853249829,joint_core_brt,reef_blocked_2024,5,-0.11678537853249829,0.11678537853249829
manta,4066204,19-098,Wansfell Reef (19-098),2024,Central GBR,5,3.37,0.18775765340217163,0.3150152243884395,5.8287453483906155,7.429059028625488,0.04395604395604396,83.39631017514978,0,0.45,0,17.6666666666667,2.9267394020670414,0,0,0,b,NA,Aerial bl 3 2024 DHW 3.37 2024 DHW 2.61 2025,coral bleaching,Aerial bl 3 2024 DHW 3.37 2024 DHW 2.61 2025  coral bleaching,0.19912105097139948,0.2779789066755847,0.18652366994288294,0.051849645839840225,joint_core_brt,reef_blocked_2024,5,0.14727140513155926,0.14727140513155926
ltmp,4233078,19-131a,U/N Reef (19-131a),2024,Central GBR,5,5.82,0.15580743050357476,0.4562967207282716,5.8287453483906155,7.407030582427979,0.02197802197802198,61.428452679898,0,0.45,0,18.8,2.9856819377004897,0.00555555569007993,0.0064,0.00637960696403902,NA,NA,NA,NA, ,0,0.5579920445827438,0.17920330687114308,0.09999401959701798,joint_core_brt,reef_blocked_2024,5,-0.09999401959701798,0.09999401959701798
ltmp,4233079,19-131a,U/N Reef (19-131a),2024,Central GBR,5,5.82,0.1289236137275135,0.43353725981687835,5.8287453483906155,7.407030582427979,0.02197802197802198,61.428452679898,0,0.45,0,18.8,2.9856819377004897,0.00555555569007993,0.0064,0.00637960696403902,NA,NA,NA,NA, ,0,0.5579920445827438,0.17681065604965865,0.0986589394731653,joint_core_brt,reef_blocked_2024,5,-0.0986589394731653,0.0986589394731653
manta,4067674,19-131a,U/N Reef (19-131a),2024,Central GBR,5,5.82,0.15580743050357476,0.29052989579115857,5.8287453483906155,7.407030582427979,0.02197802197802198,61.428452679898,0,0.45,0,18.8,2.9856819377004897,0.00555555569007993,0.0064,0.00637960696403902,NA,NA,NA,NA, ,0.021280260466417084,0.32845744797268195,0.2043143397139069,0.06710856660665344,joint_core_brt,reef_blocked_2024,5,-0.04582830614023636,0.04582830614023636
manta,4067675,19-131a,U/N Reef (19-131a),2024,Central GBR,5,5.82,0.1289236137275135,0.256479474775485,5.8287453483906155,7.407030582427979,0.02197802197802198,61.428452679898,0,0.45,0,18.8,2.9856819377004897,0.00555555569007993,0.0064,0.00637960696403902,NA,NA,NA,NA, ,0,0.2671426295877353,0.19017423643508405,0.05080364560110806,joint_core_brt,reef_blocked_2024,5,-0.05080364560110806,0.05080364560110806
manta,4067702,19-135,Hardy Reef (19-135),2024,Central GBR,5,5.28,0.1732226800728372,0.43699201717370284,5.8287453483906155,7.407030582427979,0.02197802197802198,61.428452679898,0,0.4,0,16.875,2.883403088580071,0,0,0,NA,NA,NA,NA, ,0,0.5166398556542374,0.18619793515416627,0.09619727434116553,joint_core_brt,reef_blocked_2024,5,-0.09619727434116553,0.09619727434116553
ltmp,4228045,19-209,Rebe Reef (19-209),2024,Central GBR,5,11.14,0.6402774310653515,0.34370121589495445,5.8287453483906155,7.324434280395508,0.01098901098901099,141.95146623793426,0,0.45,0,33,3.5263605246161616,0,5e-4,4.99875041651048e-4,b,NA,Aerial bl 4,coral bleaching,Aerial bl 4  coral bleaching,0.3688870700792086,0.8047545440642507,0.2532003202990827,0.20376410831921055,joint_core_brt,reef_blocked_2024,5,0.16512296175999808,0.16512296175999808
manta,4067239,19-209,Rebe Reef (19-209),2024,Central GBR,5,11.14,0.6402774310653515,0.46618035867601393,5.8287453483906155,7.324434280395508,0.01098901098901099,141.95146623793426,0,0.45,0,33,3.5263605246161616,0,5e-4,4.99875041651048e-4,b,NA,Aerial bl 4,NA,Aerial bl 4 ,0,0.8738205761403446,0.28169765818635845,0.2461532099737896,joint_core_brt,reef_blocked_2024,5,-0.2461532099737896,0.2461532099737896
manta,4067240,19-209,Rebe Reef (19-209),2024,Central GBR,5,11.14,0.6402774310653515,0.6158185078470628,5.8287453483906155,7.324434280395508,0.01098901098901099,141.95146623793426,0,0.45,0,33,3.5263605246161616,0,5e-4,4.99875041651048e-4,b,NA,DHW 9.3 to 11.1,coral bleaching,DHW 9.3 to 11.1  coral bleaching,0.2429906656982307,0.8798810812017861,0.2901009428513636,0.2552543312537154,joint_core_brt,reef_blocked_2024,5,-0.012263665555484693,0.012263665555484693
ltmp,4225567,20-351a,Pompey Reef (No 1) (20-351a),2024,Southern GBR,5,8.63,0.22497349239822226,0.2705389010800665,5.04829112437769,7.65802526473999,0.01098901098901099,138.99385029191623,0,0.35,0,3.36,1.4724720573609429,0,0,0,NA,NA,NA,NA, ,0.07887795268029442,0.49477423828877926,0.20164984184489326,0.09977114689985987,joint_core_brt,reef_blocked_2024,5,-0.020893194219565453,0.020893194219565453
manta,4066907,20-351a,Pompey Reef (No 1) (20-351a),2024,Southern GBR,5,8.63,0.22497349239822226,0.39403716523982174,5.04829112437769,7.65802526473999,0.01098901098901099,138.99385029191623,0,0.35,0,3.36,1.4724720573609429,0,0,0,NA,NA,NA,NA, ,0.07325807915336613,0.6170859544078274,0.22489705324515233,0.1387808127452928,joint_core_brt,reef_blocked_2024,5,-0.06552273359192667,0.06552273359192667
ltmp,4224936,21-187,U/N Reef (21-187),2024,Southern GBR,5,7.25,0.3136770924524844,0.26241106733981745,5.04829112437769,7.633310794830322,0.03296703296703297,153.59663174270304,0,0.4,0,0,0,0.420531406998634,0,0,b,NA,decline following bleaching,coral bleaching,decline following bleaching  coral bleaching,0.16372669436792,0.8211686316990837,0.3685035777660776,0.30260357873038685,joint_core_brt,reef_blocked_2024,5,-0.13887688436246684,0.13887688436246684
manta,4066635,21-187,U/N Reef (21-187),2024,Southern GBR,5,7.25,0.3136770924524844,0.6246600212356924,5.04829112437769,7.633310794830322,0.03296703296703297,153.59663174270304,0,0.4,0,0,0,0.420531406998634,0,0,b,NA,decline following bleaching,NA,decline following bleaching ,0.44183377601544943,0.9109877397407733,0.31357440331352016,0.28566243691514537,joint_core_brt,reef_blocked_2024,5,0.15617133910030406,0.15617133910030406
manta,4067277,21-245,U/N Reef (21-245),2024,Southern GBR,5,6.22,0.17480474460241177,0.39864326854235227,5.04829112437769,7.576849460601807,0.02197802197802198,234.58133252949253,0,0.5,0,7,2.0794415416798357,0.0325203239917755,0.0361,0.03546366427556904,NA,NA,NA,NA, ,0.14277996567627907,0.73074667550915,0.2507395168600948,0.18322706836428473,joint_core_brt,reef_blocked_2024,5,-0.040447102688005665,0.040447102688005665
manta,4067278,21-245,U/N Reef (21-245),2024,Southern GBR,5,6.22,0.19722631201351185,0.42713993183629156,5.04829112437769,7.576849460601807,0.02197802197802198,234.58133252949253,0,0.5,0,7,2.0794415416798357,0.0325203239917755,0.0361,0.03546366427556904,b,NA,DHW 6.56 0.03 COTS per tow,coral bleaching,DHW 6.56 0.03 COTS per tow  coral bleaching,0.06671505324129029,0.7788132029428458,0.2577195570088633,0.20071539365508417,joint_core_brt,reef_blocked_2024,5,-0.13400034041379388,0.13400034041379388
manta,4049349,21-296,U/N Reef (21-296),2024,Southern GBR,5,6.8500000000000005,0.20738059167755873,0.2593232071269527,5.04829112437769,7.576849460601807,0.02197802197802198,234.58133252949253,0.0257730235339691,1,0.0257730235339691,5.83333333333333,1.9218125974762523,NA,0.0421,0.04123790801624474,b,NA,Aerial bl 5 2024 DHW 6.85 2024,coral bleaching,Aerial bl 5 2024 DHW 6.85 2024  coral bleaching,0,0.6956794664667895,0.2283909664442051,0.15888690568173902,joint_core_brt,reef_blocked_2024,5,-0.15888690568173902,0.15888690568173902
ltmp,4180542,21-588,Wade Reef (21-588),2024,Southern GBR,5,9.33,0.31761851319151824,0.13297648655713687,5.293126064302306,7.634066581726074,0.05494505494505494,221.91002299353315,0.0454545468091965,1,0.0454545468091965,0,0,0,0.0124,0.01232374968883193,b,NA,hc increase but sc decline,coral bleaching,hc increase but sc decline  coral bleaching,0,0.5317782295750814,0.15952395022137994,0.08483136382354883,joint_core_brt,reef_blocked_2024,5,-0.08483136382354883,0.08483136382354883
manta,3989106,21-588,Wade Reef (21-588),2024,Southern GBR,5,9.33,0.31761851319151824,0.14304588581004424,5.293126064302306,7.634066581726074,0.05494505494505494,221.91002299353315,0.0454545468091965,1,0.0454545468091965,0,0,0,0.0124,0.01232374968883193,b,NA,Aerial bl 4 2024  DHW 9.57 2024,coral bleaching,Aerial bl 4 2024  DHW 9.57 2024  coral bleaching,0.006290804014536357,0.5860604947391871,0.17695461577958074,0.10370610967016385,joint_core_brt,reef_blocked_2024,5,-0.09741530565562749,0.09741530565562749
mmp,4149293,23-017,Pelican Island Reef (23-017),2024,Southern GBR,5,13.26,0.15284497105653488,0.04020428702893302,5.455125136460727,5.654933929443359,0.0989010989010989,0,0.982514254126998,0.3,-0.01725404792966256,0,0,NA,NA,NA,NA,NA,NA,NA, ,0,0.6397909367992152,0.4106351915748319,0.2627206739003869,joint_core_brt,reef_blocked_2024,5,-0.2627206739003869,0.2627206739003869
mmp,4149294,23-017,Pelican Island Reef (23-017),2024,Southern GBR,5,13.26,0.13438736512389293,0.06792091059527568,5.455125136460727,5.654933929443359,0.0989010989010989,0,0.982514254126998,0.3,-0.01725404792966256,0,0,NA,NA,NA,b,NA,bleaching still evident at time of surveys,coral bleaching,bleaching still evident at time of surveys  coral bleaching,0.40807202558722055,0.6397909367992152,0.4106351915748319,0.2627206739003869,joint_core_brt,reef_blocked_2024,5,0.14535135168683366,0.14535135168683366
mmp,4149312,23-017,Pelican Island Reef (23-017),2024,Southern GBR,5,13.26,0.004508986329815639,0.18529755917949564,5.455125136460727,5.654933929443359,0.0989010989010989,0,0.982514254126998,0.3,-0.01725404792966256,0,0,NA,NA,NA,NA,NA,NA,NA, ,0.02301944253341331,0.7373338993641171,0.3891389355448943,0.28692532873971877,joint_core_brt,reef_blocked_2024,5,-0.26390588620630545,0.26390588620630545
mmp,4149313,23-017,Pelican Island Reef (23-017),2024,Southern GBR,5,13.26,0.0160741119416249,0.1888051471674132,5.455125136460727,5.654933929443359,0.0989010989010989,0,0.982514254126998,0.3,-0.01725404792966256,0,0,NA,NA,NA,b,NA,bleaching still evident at time of surveys,coral bleaching,bleaching still evident at time of surveys  coral bleaching,0.018577819728650656,0.7439047946836918,0.3891389355448943,0.28948231994995494,joint_core_brt,reef_blocked_2024,5,-0.2709045002213043,0.2709045002213043
ltmp,4187208,23-082a,Lady Musgrave Reef (23-082a),2024,Southern GBR,5,11.12,0.9474516636293955,0.6333792303847722,5.801442997806395,7.673856258392334,0.01098901098901099,75.2376810282473,0.0530255667004531,0.8,0.0530255667004531,0,0,0.0214888722014924,0.0202,0.01999868650668912,m,NA,b s 34% decline hc abs 55% decline rel,"coral bleaching, coral disease, unknown storm","b s 34% decline hc abs 55% decline rel  coral bleaching, coral disease, unknown storm",0.5425304381746469,0.9695127451888558,0.40256332740836687,0.3902902766680459,joint_core_brt,reef_blocked_2024,5,0.15224016150660097,0.15224016150660097
manta,4284760,23-082a,Lady Musgrave Reef (23-082a),2024,Southern GBR,5,11.12,0.9474516636293955,0.6318089437365313,5.801442997806395,7.673856258392334,0.01098901098901099,75.2376810282473,0.0530255667004531,0.8,0.0530255667004531,0,0,0.0214888722014924,0.0202,0.01999868650668912,m,NA,Aerial bl 4 2024 DHW 11.42,"coral bleaching, unknown storm","Aerial bl 4 2024 DHW 11.42  coral bleaching, unknown storm",0.3784926956594735,0.9695127451888558,0.3513275232134446,0.34061651149106814,joint_core_brt,reef_blocked_2024,5,0.03787618416840538,0.03787618416840538
