programme_key,modifier,modifier_label,modifier_level,modifier_value,modifier_units,ann_maxdhw,occurrence,positive_mortality,mortality,q05,q95,learner,observed_dhw_min,observed_dhw_max,outside_observed_dhw
manta,acropora_composition,Pre-event Acropora composition,Low (10th percentile),0.08205185222328912,proportion of pre-event hard coral,0,0.07636361801398718,0.21486888253299796,0.01640816526884214,,,BRT,0,11.64,FALSE
manta,acropora_composition,Pre-event Acropora composition,Median (50th percentile),0.27908342553874005,proportion of pre-event hard coral,0,0.12413955909887321,0.22506196370158424,0.027939092943841275,,,BRT,0,11.64,FALSE
manta,acropora_composition,Pre-event Acropora composition,High (90th percentile),0.668629531002006,proportion of pre-event hard coral,0,0.15897744667544195,0.22546278111965615,0.03584349726274697,,,BRT,0,11.64,FALSE
manta,acropora_composition,Pre-event Acropora composition,Low (10th percentile),0.08205185222328912,proportion of pre-event hard coral,0.25,0.07636361801398718,0.21486888253299796,0.01640816526884214,,,BRT,0,11.64,FALSE
manta,acropora_composition,Pre-event Acropora composition,Median (50th percentile),0.27908342553874005,proportion of pre-event hard coral,0.25,0.12413955909887321,0.22506196370158424,0.027939092943841275,,,BRT,0,11.64,FALSE
manta,acropora_composition,Pre-event Acropora composition,High (90th percentile),0.668629531002006,proportion of pre-event hard coral,0.25,0.15897744667544195,0.22546278111965615,0.03584349726274697,,,BRT,0,11.64,FALSE
manta,acropora_composition,Pre-event Acropora composition,Low (10th percentile),0.08205185222328912,proportion of pre-event hard coral,0.5,0.07636361801398718,0.21486888253299796,0.01640816526884214,,,BRT,0,11.64,FALSE
manta,acropora_composition,Pre-event Acropora composition,Median (50th percentile),0.27908342553874005,proportion of pre-event hard coral,0.5,0.12413955909887321,0.22506196370158424,0.027939092943841275,,,BRT,0,11.64,FALSE
manta,acropora_composition,Pre-event Acropora composition,High (90th percentile),0.668629531002006,proportion of pre-event hard coral,0.5,0.15897744667544195,0.22546278111965615,0.03584349726274697,,,BRT,0,11.64,FALSE
manta,acropora_composition,Pre-event Acropora composition,Low (10th percentile),0.08205185222328912,proportion of pre-event hard coral,0.75,0.07636361801398718,0.21486888253299796,0.01640816526884214,,,BRT,0,11.64,FALSE
manta,acropora_composition,Pre-event Acropora composition,Median (50th percentile),0.27908342553874005,proportion of pre-event hard coral,0.75,0.12413955909887321,0.22506196370158424,0.027939092943841275,,,BRT,0,11.64,FALSE
manta,acropora_composition,Pre-event Acropora composition,High (90th percentile),0.668629531002006,proportion of pre-event hard coral,0.75,0.15897744667544195,0.22546278111965615,0.03584349726274697,,,BRT,0,11.64,FALSE
manta,acropora_composition,Pre-event Acropora composition,Low (10th percentile),0.08205185222328912,proportion of pre-event hard coral,1,0.07636361801398718,0.21486888253299796,0.01640816526884214,,,BRT,0,11.64,FALSE
manta,acropora_composition,Pre-event Acropora composition,Median (50th percentile),0.27908342553874005,proportion of pre-event hard coral,1,0.12413955909887321,0.22506196370158424,0.027939092943841275,,,BRT,0,11.64,FALSE
manta,acropora_composition,Pre-event Acropora composition,High (90th percentile),0.668629531002006,proportion of pre-event hard coral,1,0.15897744667544195,0.22546278111965615,0.03584349726274697,,,BRT,0,11.64,FALSE
manta,acropora_composition,Pre-event Acropora composition,Low (10th percentile),0.08205185222328912,proportion of pre-event hard coral,1.25,0.07636361801398718,0.21486888253299796,0.01640816526884214,,,BRT,0,11.64,FALSE
manta,acropora_composition,Pre-event Acropora composition,Median (50th percentile),0.27908342553874005,proportion of pre-event hard coral,1.25,0.12413955909887321,0.22506196370158424,0.027939092943841275,,,BRT,0,11.64,FALSE
manta,acropora_composition,Pre-event Acropora composition,High (90th percentile),0.668629531002006,proportion of pre-event hard coral,1.25,0.15897744667544195,0.22546278111965615,0.03584349726274697,,,BRT,0,11.64,FALSE
manta,acropora_composition,Pre-event Acropora composition,Low (10th percentile),0.08205185222328912,proportion of pre-event hard coral,1.5,0.07636361801398718,0.21486888253299796,0.01640816526884214,,,BRT,0,11.64,FALSE
manta,acropora_composition,Pre-event Acropora composition,Median (50th percentile),0.27908342553874005,proportion of pre-event hard coral,1.5,0.12413955909887321,0.22506196370158424,0.027939092943841275,,,BRT,0,11.64,FALSE
manta,acropora_composition,Pre-event Acropora composition,High (90th percentile),0.668629531002006,proportion of pre-event hard coral,1.5,0.15897744667544195,0.22546278111965615,0.03584349726274697,,,BRT,0,11.64,FALSE
manta,acropora_composition,Pre-event Acropora composition,Low (10th percentile),0.08205185222328912,proportion of pre-event hard coral,1.75,0.07636361801398718,0.21486888253299796,0.01640816526884214,,,BRT,0,11.64,FALSE
manta,acropora_composition,Pre-event Acropora composition,Median (50th percentile),0.27908342553874005,proportion of pre-event hard coral,1.75,0.12413955909887321,0.22506196370158424,0.027939092943841275,,,BRT,0,11.64,FALSE
manta,acropora_composition,Pre-event Acropora composition,High (90th percentile),0.668629531002006,proportion of pre-event hard coral,1.75,0.15897744667544195,0.22546278111965615,0.03584349726274697,,,BRT,0,11.64,FALSE
manta,acropora_composition,Pre-event Acropora composition,Low (10th percentile),0.08205185222328912,proportion of pre-event hard coral,2,0.07636361801398718,0.21486888253299796,0.01640816526884214,,,BRT,0,11.64,FALSE
manta,acropora_composition,Pre-event Acropora composition,Median (50th percentile),0.27908342553874005,proportion of pre-event hard coral,2,0.12413955909887321,0.22506196370158424,0.027939092943841275,,,BRT,0,11.64,FALSE
manta,acropora_composition,Pre-event Acropora composition,High (90th percentile),0.668629531002006,proportion of pre-event hard coral,2,0.15897744667544195,0.22546278111965615,0.03584349726274697,,,BRT,0,11.64,FALSE
manta,acropora_composition,Pre-event Acropora composition,Low (10th percentile),0.08205185222328912,proportion of pre-event hard coral,2.25,0.07636361801398718,0.21486888253299796,0.01640816526884214,,,BRT,0,11.64,FALSE
manta,acropora_composition,Pre-event Acropora composition,Median (50th percentile),0.27908342553874005,proportion of pre-event hard coral,2.25,0.12413955909887321,0.22506196370158424,0.027939092943841275,,,BRT,0,11.64,FALSE
manta,acropora_composition,Pre-event Acropora composition,High (90th percentile),0.668629531002006,proportion of pre-event hard coral,2.25,0.15897744667544195,0.22546278111965615,0.03584349726274697,,,BRT,0,11.64,FALSE
manta,acropora_composition,Pre-event Acropora composition,Low (10th percentile),0.08205185222328912,proportion of pre-event hard coral,2.5,0.07636361801398718,0.21486888253299796,0.01640816526884214,,,BRT,0,11.64,FALSE
manta,acropora_composition,Pre-event Acropora composition,Median (50th percentile),0.27908342553874005,proportion of pre-event hard coral,2.5,0.12413955909887321,0.22506196370158424,0.027939092943841275,,,BRT,0,11.64,FALSE
manta,acropora_composition,Pre-event Acropora composition,High (90th percentile),0.668629531002006,proportion of pre-event hard coral,2.5,0.15897744667544195,0.22546278111965615,0.03584349726274697,,,BRT,0,11.64,FALSE
manta,acropora_composition,Pre-event Acropora composition,Low (10th percentile),0.08205185222328912,proportion of pre-event hard coral,2.75,0.07636361801398718,0.21486888253299796,0.01640816526884214,,,BRT,0,11.64,FALSE
manta,acropora_composition,Pre-event Acropora composition,Median (50th percentile),0.27908342553874005,proportion of pre-event hard coral,2.75,0.12413955909887321,0.22506196370158424,0.027939092943841275,,,BRT,0,11.64,FALSE
manta,acropora_composition,Pre-event Acropora composition,High (90th percentile),0.668629531002006,proportion of pre-event hard coral,2.75,0.15897744667544195,0.22546278111965615,0.03584349726274697,,,BRT,0,11.64,FALSE
manta,acropora_composition,Pre-event Acropora composition,Low (10th percentile),0.08205185222328912,proportion of pre-event hard coral,3,0.07636361801398718,0.21486888253299796,0.01640816526884214,,,BRT,0,11.64,FALSE
manta,acropora_composition,Pre-event Acropora composition,Median (50th percentile),0.27908342553874005,proportion of pre-event hard coral,3,0.12413955909887321,0.22506196370158424,0.027939092943841275,,,BRT,0,11.64,FALSE
manta,acropora_composition,Pre-event Acropora composition,High (90th percentile),0.668629531002006,proportion of pre-event hard coral,3,0.15897744667544195,0.22546278111965615,0.03584349726274697,,,BRT,0,11.64,FALSE
manta,acropora_composition,Pre-event Acropora composition,Low (10th percentile),0.08205185222328912,proportion of pre-event hard coral,3.25,0.07788134368327558,0.21486888253299796,0.016734277287393785,,,BRT,0,11.64,FALSE
manta,acropora_composition,Pre-event Acropora composition,Median (50th percentile),0.27908342553874005,proportion of pre-event hard coral,3.25,0.13042146004318786,0.22506196370158424,0.029352909906147567,,,BRT,0,11.64,FALSE
manta,acropora_composition,Pre-event Acropora composition,High (90th percentile),0.668629531002006,proportion of pre-event hard coral,3.25,0.16668676307564537,0.22546278111965615,0.037581661178868214,,,BRT,0,11.64,FALSE
manta,acropora_composition,Pre-event Acropora composition,Low (10th percentile),0.08205185222328912,proportion of pre-event hard coral,3.5,0.08363668487963989,0.21711301684253112,0.018158612972926723,,,BRT,0,11.64,FALSE
manta,acropora_composition,Pre-event Acropora composition,Median (50th percentile),0.27908342553874005,proportion of pre-event hard coral,3.5,0.13947219629826574,0.2273060980111174,0.031702880721599394,,,BRT,0,11.64,FALSE
manta,acropora_composition,Pre-event Acropora composition,High (90th percentile),0.668629531002006,proportion of pre-event hard coral,3.5,0.1706728089833541,0.2277069154291893,0.03886337888123479,,,BRT,0,11.64,FALSE
manta,acropora_composition,Pre-event Acropora composition,Low (10th percentile),0.08205185222328912,proportion of pre-event hard coral,3.75,0.08363668487963989,0.21711301684253112,0.018158612972926723,,,BRT,0,11.64,FALSE
manta,acropora_composition,Pre-event Acropora composition,Median (50th percentile),0.27908342553874005,proportion of pre-event hard coral,3.75,0.13947219629826574,0.2273060980111174,0.031702880721599394,,,BRT,0,11.64,FALSE
manta,acropora_composition,Pre-event Acropora composition,High (90th percentile),0.668629531002006,proportion of pre-event hard coral,3.75,0.1706728089833541,0.2277069154291893,0.03886337888123479,,,BRT,0,11.64,FALSE
manta,acropora_composition,Pre-event Acropora composition,Low (10th percentile),0.08205185222328912,proportion of pre-event hard coral,4,0.08549932336078915,0.21711301684253112,0.01856301603285603,,,BRT,0,11.64,FALSE
manta,acropora_composition,Pre-event Acropora composition,Median (50th percentile),0.27908342553874005,proportion of pre-event hard coral,4,0.14238511042629115,0.2273060980111174,0.03236500386588231,,,BRT,0,11.64,FALSE
manta,acropora_composition,Pre-event Acropora composition,High (90th percentile),0.668629531002006,proportion of pre-event hard coral,4,0.17410551516305425,0.2277069154291893,0.03964502981698903,,,BRT,0,11.64,FALSE
manta,acropora_composition,Pre-event Acropora composition,Low (10th percentile),0.08205185222328912,proportion of pre-event hard coral,4.25,0.08839589793303343,0.21219259443406943,0.018756954919739558,,,BRT,0,11.64,FALSE
manta,acropora_composition,Pre-event Acropora composition,Median (50th percentile),0.27908342553874005,proportion of pre-event hard coral,4.25,0.14689930875475388,0.2223856756026557,0.03266830202298906,,,BRT,0,11.64,FALSE
manta,acropora_composition,Pre-event Acropora composition,High (90th percentile),0.668629531002006,proportion of pre-event hard coral,4.25,0.1794149937200177,0.22278649302072762,0.039971237246218615,,,BRT,0,11.64,FALSE
manta,acropora_composition,Pre-event Acropora composition,Low (10th percentile),0.08205185222328912,proportion of pre-event hard coral,4.5,0.09064513011130068,0.198237742538404,0.017969285965364158,,,BRT,0,11.64,FALSE
manta,acropora_composition,Pre-event Acropora composition,Median (50th percentile),0.27908342553874005,proportion of pre-event hard coral,4.5,0.1503915749650216,0.2062825300853554,0.031023154587306048,,,BRT,0,11.64,FALSE
manta,acropora_composition,Pre-event Acropora composition,High (90th percentile),0.668629531002006,proportion of pre-event hard coral,4.5,0.1835139781405375,0.20584211583689496,0.03777490554609393,,,BRT,0,11.64,FALSE
manta,acropora_composition,Pre-event Acropora composition,Low (10th percentile),0.08205185222328912,proportion of pre-event hard coral,4.75,0.09064513011130068,0.198237742538404,0.017969285965364158,,,BRT,0,11.64,FALSE
manta,acropora_composition,Pre-event Acropora composition,Median (50th percentile),0.27908342553874005,proportion of pre-event hard coral,4.75,0.1503915749650216,0.2062825300853554,0.031023154587306048,,,BRT,0,11.64,FALSE
manta,acropora_composition,Pre-event Acropora composition,High (90th percentile),0.668629531002006,proportion of pre-event hard coral,4.75,0.1835139781405375,0.20584211583689496,0.03777490554609393,,,BRT,0,11.64,FALSE
manta,acropora_composition,Pre-event Acropora composition,Low (10th percentile),0.08205185222328912,proportion of pre-event hard coral,5,0.09064513011130068,0.198237742538404,0.017969285965364158,,,BRT,0,11.64,FALSE
manta,acropora_composition,Pre-event Acropora composition,Median (50th percentile),0.27908342553874005,proportion of pre-event hard coral,5,0.1503915749650216,0.2062825300853554,0.031023154587306048,,,BRT,0,11.64,FALSE
manta,acropora_composition,Pre-event Acropora composition,High (90th percentile),0.668629531002006,proportion of pre-event hard coral,5,0.1835139781405375,0.20584211583689496,0.03777490554609393,,,BRT,0,11.64,FALSE
manta,acropora_composition,Pre-event Acropora composition,Low (10th percentile),0.08205185222328912,proportion of pre-event hard coral,5.25,0.1107860606940413,0.19159899526707583,0.021226497918575594,,,BRT,0,11.64,FALSE
manta,acropora_composition,Pre-event Acropora composition,Median (50th percentile),0.27908342553874005,proportion of pre-event hard coral,5.25,0.20535706063228307,0.19964378281402723,0.04099826041219854,,,BRT,0,11.64,FALSE
manta,acropora_composition,Pre-event Acropora composition,High (90th percentile),0.668629531002006,proportion of pre-event hard coral,5.25,0.2470648152158768,0.20059524365857828,0.04956002680769043,,,BRT,0,11.64,FALSE
manta,acropora_composition,Pre-event Acropora composition,Low (10th percentile),0.08205185222328912,proportion of pre-event hard coral,5.5,0.1069239833899936,0.19159899526707583,0.020486527787476276,,,BRT,0,11.64,FALSE
manta,acropora_composition,Pre-event Acropora composition,Median (50th percentile),0.27908342553874005,proportion of pre-event hard coral,5.5,0.20671833355375482,0.19964378281402723,0.041270030087683464,,,BRT,0,11.64,FALSE
manta,acropora_composition,Pre-event Acropora composition,High (90th percentile),0.668629531002006,proportion of pre-event hard coral,5.5,0.24861606222486468,0.20059524365857828,0.04987119957943299,,,BRT,0,11.64,FALSE
manta,acropora_composition,Pre-event Acropora composition,Low (10th percentile),0.08205185222328912,proportion of pre-event hard coral,5.75,0.11900920862994055,0.19424036100812775,0.023116391647571243,,,BRT,0,11.64,FALSE
manta,acropora_composition,Pre-event Acropora composition,Median (50th percentile),0.27908342553874005,proportion of pre-event hard coral,5.75,0.23647835319977115,0.20228514855507915,0.047836058807076184,,,BRT,0,11.64,FALSE
manta,acropora_composition,Pre-event Acropora composition,High (90th percentile),0.668629531002006,proportion of pre-event hard coral,5.75,0.28226165589759017,0.2032366093996302,0.05736590190815136,,,BRT,0,11.64,FALSE
manta,acropora_composition,Pre-event Acropora composition,Low (10th percentile),0.08205185222328912,proportion of pre-event hard coral,6,0.12382926659455944,0.2119818730578738,0.02624955987209751,,,BRT,0,11.64,FALSE
manta,acropora_composition,Pre-event Acropora composition,Median (50th percentile),0.27908342553874005,proportion of pre-event hard coral,6,0.24473443576426407,0.2200266606048252,0.053848100636217124,,,BRT,0,11.64,FALSE
manta,acropora_composition,Pre-event Acropora composition,High (90th percentile),0.668629531002006,proportion of pre-event hard coral,6,0.291505893053256,0.22097812144937626,0.06441642463833129,,,BRT,0,11.64,FALSE
manta,acropora_composition,Pre-event Acropora composition,Low (10th percentile),0.08205185222328912,proportion of pre-event hard coral,6.25,0.12382926659455944,0.2141115343102326,0.026513274263071953,,,BRT,0,11.64,FALSE
manta,acropora_composition,Pre-event Acropora composition,Median (50th percentile),0.27908342553874005,proportion of pre-event hard coral,6.25,0.24473443576426407,0.222156321857184,0.05436930208118217,,,BRT,0,11.64,FALSE
manta,acropora_composition,Pre-event Acropora composition,High (90th percentile),0.668629531002006,proportion of pre-event hard coral,6.25,0.291505893053256,0.22310778270173506,0.06503723344360107,,,BRT,0,11.64,FALSE
manta,acropora_composition,Pre-event Acropora composition,Low (10th percentile),0.08205185222328912,proportion of pre-event hard coral,6.5,0.12382926659455944,0.2141115343102326,0.026513274263071953,,,BRT,0,11.64,FALSE
manta,acropora_composition,Pre-event Acropora composition,Median (50th percentile),0.27908342553874005,proportion of pre-event hard coral,6.5,0.24473443576426407,0.222156321857184,0.05436930208118217,,,BRT,0,11.64,FALSE
manta,acropora_composition,Pre-event Acropora composition,High (90th percentile),0.668629531002006,proportion of pre-event hard coral,6.5,0.291505893053256,0.22310778270173506,0.06503723344360107,,,BRT,0,11.64,FALSE
manta,acropora_composition,Pre-event Acropora composition,Low (10th percentile),0.08205185222328912,proportion of pre-event hard coral,6.75,0.1201455683067261,0.21084584497073156,0.02533219386912041,,,BRT,0,11.64,FALSE
manta,acropora_composition,Pre-event Acropora composition,Median (50th percentile),0.27908342553874005,proportion of pre-event hard coral,6.75,0.23843280085921562,0.21889063251768295,0.05219070659303644,,,BRT,0,11.64,FALSE
manta,acropora_composition,Pre-event Acropora composition,High (90th percentile),0.668629531002006,proportion of pre-event hard coral,6.75,0.28445352267717366,0.219842093362234,0.06253485788961156,,,BRT,0,11.64,FALSE
manta,acropora_composition,Pre-event Acropora composition,Low (10th percentile),0.08205185222328912,proportion of pre-event hard coral,7,0.13209682413967022,0.21432643241587573,0.028311841051322853,,,BRT,0,11.64,FALSE
manta,acropora_composition,Pre-event Acropora composition,Median (50th percentile),0.27908342553874005,proportion of pre-event hard coral,7,0.25869095217989013,0.22237121996282713,0.05752542262958754,,,BRT,0,11.64,FALSE
manta,acropora_composition,Pre-event Acropora composition,High (90th percentile),0.668629531002006,proportion of pre-event hard coral,7,0.3070453137032639,0.2233226808073782,0.0685701825855553,,,BRT,0,11.64,FALSE
manta,acropora_composition,Pre-event Acropora composition,Low (10th percentile),0.08205185222328912,proportion of pre-event hard coral,7.25,0.13209682413967022,0.24008386110489038,0.03171431557914572,,,BRT,0,11.64,FALSE
manta,acropora_composition,Pre-event Acropora composition,Median (50th percentile),0.27908342553874005,proportion of pre-event hard coral,7.25,0.25869095217989013,0.24812864865184178,0.06418863638285437,,,BRT,0,11.64,FALSE
manta,acropora_composition,Pre-event Acropora composition,High (90th percentile),0.668629531002006,proportion of pre-event hard coral,7.25,0.3070453137032639,0.24908010949639298,0.0764788803575633,,,BRT,0,11.64,FALSE
manta,acropora_composition,Pre-event Acropora composition,Low (10th percentile),0.08205185222328912,proportion of pre-event hard coral,7.5,0.13209682413967022,0.24008386110489038,0.03171431557914572,,,BRT,0,11.64,FALSE
manta,acropora_composition,Pre-event Acropora composition,Median (50th percentile),0.27908342553874005,proportion of pre-event hard coral,7.5,0.25869095217989013,0.24812864865184178,0.06418863638285437,,,BRT,0,11.64,FALSE
manta,acropora_composition,Pre-event Acropora composition,High (90th percentile),0.668629531002006,proportion of pre-event hard coral,7.5,0.3070453137032639,0.24908010949639298,0.0764788803575633,,,BRT,0,11.64,FALSE
manta,acropora_composition,Pre-event Acropora composition,Low (10th percentile),0.08205185222328912,proportion of pre-event hard coral,7.75,0.143070353306907,0.24008386110489038,0.03434888283156306,,,BRT,0,11.64,FALSE
manta,acropora_composition,Pre-event Acropora composition,Median (50th percentile),0.27908342553874005,proportion of pre-event hard coral,7.75,0.27682657502563024,0.24812864865184178,0.06868860397202732,,,BRT,0,11.64,FALSE
manta,acropora_composition,Pre-event Acropora composition,High (90th percentile),0.668629531002006,proportion of pre-event hard coral,7.75,0.32707516870297293,0.24908010949639298,0.0814679188340877,,,BRT,0,11.64,FALSE
manta,acropora_composition,Pre-event Acropora composition,Low (10th percentile),0.08205185222328912,proportion of pre-event hard coral,8,0.143070353306907,0.24008386110489038,0.03434888283156306,,,BRT,0,11.64,FALSE
manta,acropora_composition,Pre-event Acropora composition,Median (50th percentile),0.27908342553874005,proportion of pre-event hard coral,8,0.27682657502563024,0.24812864865184178,0.06868860397202732,,,BRT,0,11.64,FALSE
manta,acropora_composition,Pre-event Acropora composition,High (90th percentile),0.668629531002006,proportion of pre-event hard coral,8,0.32707516870297293,0.24908010949639298,0.0814679188340877,,,BRT,0,11.64,FALSE
manta,acropora_composition,Pre-event Acropora composition,Low (10th percentile),0.08205185222328912,proportion of pre-event hard coral,8.25,0.24770132120323782,0.24008386110489038,0.059469089595255986,,,BRT,0,11.64,FALSE
manta,acropora_composition,Pre-event Acropora composition,Median (50th percentile),0.27908342553874005,proportion of pre-event hard coral,8.25,0.4179423045873649,0.24812864865184178,0.10370345925169931,,,BRT,0,11.64,FALSE
manta,acropora_composition,Pre-event Acropora composition,High (90th percentile),0.668629531002006,proportion of pre-event hard coral,8.25,0.4897641561379744,0.24908010949639298,0.12199050963825517,,,BRT,0,11.64,FALSE
manta,acropora_composition,Pre-event Acropora composition,Low (10th percentile),0.08205185222328912,proportion of pre-event hard coral,8.5,0.3102589092466911,0.24008386110489038,0.07448815687413737,,,BRT,0,11.64,FALSE
manta,acropora_composition,Pre-event Acropora composition,Median (50th percentile),0.27908342553874005,proportion of pre-event hard coral,8.5,0.4951937524115241,0.24812864865184178,0.12287175660670618,,,BRT,0,11.64,FALSE
manta,acropora_composition,Pre-event Acropora composition,High (90th percentile),0.668629531002006,proportion of pre-event hard coral,8.5,0.5736747296141828,0.24908010949639298,0.14289096446761426,,,BRT,0,11.64,FALSE
manta,acropora_composition,Pre-event Acropora composition,Low (10th percentile),0.08205185222328912,proportion of pre-event hard coral,8.75,0.32094213430238583,0.24362126701924017,0.07818832939860637,,,BRT,0,11.64,FALSE
manta,acropora_composition,Pre-event Acropora composition,Median (50th percentile),0.27908342553874005,proportion of pre-event hard coral,8.75,0.5348262409612005,0.25166605456619157,0.1345976099411726,,,BRT,0,11.64,FALSE
manta,acropora_composition,Pre-event Acropora composition,High (90th percentile),0.668629531002006,proportion of pre-event hard coral,8.75,0.6119737611458717,0.2504935758714342,0.15329549576892038,,,BRT,0,11.64,FALSE
manta,acropora_composition,Pre-event Acropora composition,Low (10th percentile),0.08205185222328912,proportion of pre-event hard coral,9,0.32094213430238583,0.24521721502629992,0.07870053635822777,,,BRT,0,11.64,FALSE
manta,acropora_composition,Pre-event Acropora composition,Median (50th percentile),0.27908342553874005,proportion of pre-event hard coral,9,0.5348262409612005,0.2565177963559456,0.13719244876470113,,,BRT,0,11.64,FALSE
manta,acropora_composition,Pre-event Acropora composition,High (90th percentile),0.668629531002006,proportion of pre-event hard coral,9,0.6119737611458717,0.2553453176611884,0.15626463444010483,,,BRT,0,11.64,FALSE
manta,acropora_composition,Pre-event Acropora composition,Low (10th percentile),0.08205185222328912,proportion of pre-event hard coral,9.25,0.32094213430238583,0.24521721502629992,0.07870053635822777,,,BRT,0,11.64,FALSE
manta,acropora_composition,Pre-event Acropora composition,Median (50th percentile),0.27908342553874005,proportion of pre-event hard coral,9.25,0.5348262409612005,0.2565177963559456,0.13719244876470113,,,BRT,0,11.64,FALSE
manta,acropora_composition,Pre-event Acropora composition,High (90th percentile),0.668629531002006,proportion of pre-event hard coral,9.25,0.6119737611458717,0.2553453176611884,0.15626463444010483,,,BRT,0,11.64,FALSE
manta,acropora_composition,Pre-event Acropora composition,Low (10th percentile),0.08205185222328912,proportion of pre-event hard coral,9.5,0.31117222251999505,0.2593588244898017,0.0807052618466649,,,BRT,0,11.64,FALSE
manta,acropora_composition,Pre-event Acropora composition,Median (50th percentile),0.27908342553874005,proportion of pre-event hard coral,9.5,0.5235654416915557,0.2706594058194476,0.1417079113558331,,,BRT,0,11.64,FALSE
manta,acropora_composition,Pre-event Acropora composition,High (90th percentile),0.668629531002006,proportion of pre-event hard coral,9.5,0.6011879113070151,0.2694869271246904,0.1620122828426384,,,BRT,0,11.64,FALSE
manta,acropora_composition,Pre-event Acropora composition,Low (10th percentile),0.08205185222328912,proportion of pre-event hard coral,9.75,0.31117222251999505,0.27211760612672076,0.08467544028527232,,,BRT,0,11.64,FALSE
manta,acropora_composition,Pre-event Acropora composition,Median (50th percentile),0.27908342553874005,proportion of pre-event hard coral,9.75,0.5235654416915557,0.2834181874563665,0.14838796849901265,,,BRT,0,11.64,FALSE
manta,acropora_composition,Pre-event Acropora composition,High (90th percentile),0.668629531002006,proportion of pre-event hard coral,9.75,0.6011879113070151,0.2822457087616092,0.16968270812575992,,,BRT,0,11.64,FALSE
manta,acropora_composition,Pre-event Acropora composition,Low (10th percentile),0.08205185222328912,proportion of pre-event hard coral,10,0.31117222251999505,0.27211760612672076,0.08467544028527232,,,BRT,0,11.64,FALSE
manta,acropora_composition,Pre-event Acropora composition,Median (50th percentile),0.27908342553874005,proportion of pre-event hard coral,10,0.5235654416915557,0.2834181874563665,0.14838796849901265,,,BRT,0,11.64,FALSE
manta,acropora_composition,Pre-event Acropora composition,High (90th percentile),0.668629531002006,proportion of pre-event hard coral,10,0.6011879113070151,0.2822457087616092,0.16968270812575992,,,BRT,0,11.64,FALSE
manta,acropora_composition,Pre-event Acropora composition,Low (10th percentile),0.08205185222328912,proportion of pre-event hard coral,10.25,0.31117222251999505,0.27695806418068974,0.08618165637594066,,,BRT,0,11.64,FALSE
manta,acropora_composition,Pre-event Acropora composition,Median (50th percentile),0.27908342553874005,proportion of pre-event hard coral,10.25,0.5235654416915557,0.2882586455103355,0.1509222650580284,,,BRT,0,11.64,FALSE
manta,acropora_composition,Pre-event Acropora composition,High (90th percentile),0.668629531002006,proportion of pre-event hard coral,10.25,0.6011879113070151,0.2870861668155782,0.17259273299299477,,,BRT,0,11.64,FALSE
manta,acropora_composition,Pre-event Acropora composition,Low (10th percentile),0.08205185222328912,proportion of pre-event hard coral,10.5,0.31117222251999505,0.27695806418068974,0.08618165637594066,,,BRT,0,11.64,FALSE
manta,acropora_composition,Pre-event Acropora composition,Median (50th percentile),0.27908342553874005,proportion of pre-event hard coral,10.5,0.5235654416915557,0.2882586455103355,0.1509222650580284,,,BRT,0,11.64,FALSE
manta,acropora_composition,Pre-event Acropora composition,High (90th percentile),0.668629531002006,proportion of pre-event hard coral,10.5,0.6011879113070151,0.2870861668155782,0.17259273299299477,,,BRT,0,11.64,FALSE
manta,acropora_composition,Pre-event Acropora composition,Low (10th percentile),0.08205185222328912,proportion of pre-event hard coral,10.75,0.31117222251999505,0.27695806418068974,0.08618165637594066,,,BRT,0,11.64,FALSE
manta,acropora_composition,Pre-event Acropora composition,Median (50th percentile),0.27908342553874005,proportion of pre-event hard coral,10.75,0.5235654416915557,0.2882586455103355,0.1509222650580284,,,BRT,0,11.64,FALSE
manta,acropora_composition,Pre-event Acropora composition,High (90th percentile),0.668629531002006,proportion of pre-event hard coral,10.75,0.6011879113070151,0.2870861668155782,0.17259273299299477,,,BRT,0,11.64,FALSE
manta,acropora_composition,Pre-event Acropora composition,Low (10th percentile),0.08205185222328912,proportion of pre-event hard coral,11,0.31117222251999505,0.28788204411567864,0.08958089549107498,,,BRT,0,11.64,FALSE
manta,acropora_composition,Pre-event Acropora composition,Median (50th percentile),0.27908342553874005,proportion of pre-event hard coral,11,0.5235654416915557,0.2991826254453243,0.1566416834377205,,,BRT,0,11.64,FALSE
manta,acropora_composition,Pre-event Acropora composition,High (90th percentile),0.668629531002006,proportion of pre-event hard coral,11,0.6011879113070151,0.2980101467505672,0.17916009767327054,,,BRT,0,11.64,FALSE
manta,acropora_composition,Pre-event Acropora composition,Low (10th percentile),0.08205185222328912,proportion of pre-event hard coral,11.25,0.31117222251999505,0.29216059595286137,0.09091226197541814,,,BRT,0,11.64,FALSE
manta,acropora_composition,Pre-event Acropora composition,Median (50th percentile),0.27908342553874005,proportion of pre-event hard coral,11.25,0.5235654416915557,0.303461177282507,0.15888178532015526,,,BRT,0,11.64,FALSE
manta,acropora_composition,Pre-event Acropora composition,High (90th percentile),0.668629531002006,proportion of pre-event hard coral,11.25,0.6011879113070151,0.3022886985877498,0.18173231131568515,,,BRT,0,11.64,FALSE
manta,acropora_composition,Pre-event Acropora composition,Low (10th percentile),0.08205185222328912,proportion of pre-event hard coral,11.5,0.31117222251999505,0.29216059595286137,0.09091226197541814,,,BRT,0,11.64,FALSE
manta,acropora_composition,Pre-event Acropora composition,Median (50th percentile),0.27908342553874005,proportion of pre-event hard coral,11.5,0.5235654416915557,0.303461177282507,0.15888178532015526,,,BRT,0,11.64,FALSE
manta,acropora_composition,Pre-event Acropora composition,High (90th percentile),0.668629531002006,proportion of pre-event hard coral,11.5,0.6011879113070151,0.3022886985877498,0.18173231131568515,,,BRT,0,11.64,FALSE
manta,acropora_composition,Pre-event Acropora composition,Low (10th percentile),0.08205185222328912,proportion of pre-event hard coral,11.75,0.31117222251999505,0.29216059595286137,0.09091226197541814,,,BRT,0,11.64,TRUE
manta,acropora_composition,Pre-event Acropora composition,Median (50th percentile),0.27908342553874005,proportion of pre-event hard coral,11.75,0.5235654416915557,0.303461177282507,0.15888178532015526,,,BRT,0,11.64,TRUE
manta,acropora_composition,Pre-event Acropora composition,High (90th percentile),0.668629531002006,proportion of pre-event hard coral,11.75,0.6011879113070151,0.3022886985877498,0.18173231131568515,,,BRT,0,11.64,TRUE
manta,acropora_composition,Pre-event Acropora composition,Low (10th percentile),0.08205185222328912,proportion of pre-event hard coral,12,0.31117222251999505,0.29216059595286137,0.09091226197541814,,,BRT,0,11.64,TRUE
manta,acropora_composition,Pre-event Acropora composition,Median (50th percentile),0.27908342553874005,proportion of pre-event hard coral,12,0.5235654416915557,0.303461177282507,0.15888178532015526,,,BRT,0,11.64,TRUE
manta,acropora_composition,Pre-event Acropora composition,High (90th percentile),0.668629531002006,proportion of pre-event hard coral,12,0.6011879113070151,0.3022886985877498,0.18173231131568515,,,BRT,0,11.64,TRUE
manta,acropora_composition,Pre-event Acropora composition,Low (10th percentile),0.08205185222328912,proportion of pre-event hard coral,12.25,0.31117222251999505,0.29216059595286137,0.09091226197541814,,,BRT,0,11.64,TRUE
manta,acropora_composition,Pre-event Acropora composition,Median (50th percentile),0.27908342553874005,proportion of pre-event hard coral,12.25,0.5235654416915557,0.303461177282507,0.15888178532015526,,,BRT,0,11.64,TRUE
manta,acropora_composition,Pre-event Acropora composition,High (90th percentile),0.668629531002006,proportion of pre-event hard coral,12.25,0.6011879113070151,0.3022886985877498,0.18173231131568515,,,BRT,0,11.64,TRUE
manta,acropora_composition,Pre-event Acropora composition,Low (10th percentile),0.08205185222328912,proportion of pre-event hard coral,12.5,0.31117222251999505,0.29216059595286137,0.09091226197541814,,,BRT,0,11.64,TRUE
manta,acropora_composition,Pre-event Acropora composition,Median (50th percentile),0.27908342553874005,proportion of pre-event hard coral,12.5,0.5235654416915557,0.303461177282507,0.15888178532015526,,,BRT,0,11.64,TRUE
manta,acropora_composition,Pre-event Acropora composition,High (90th percentile),0.668629531002006,proportion of pre-event hard coral,12.5,0.6011879113070151,0.3022886985877498,0.18173231131568515,,,BRT,0,11.64,TRUE
manta,acropora_composition,Pre-event Acropora composition,Low (10th percentile),0.08205185222328912,proportion of pre-event hard coral,12.75,0.31117222251999505,0.29216059595286137,0.09091226197541814,,,BRT,0,11.64,TRUE
manta,acropora_composition,Pre-event Acropora composition,Median (50th percentile),0.27908342553874005,proportion of pre-event hard coral,12.75,0.5235654416915557,0.303461177282507,0.15888178532015526,,,BRT,0,11.64,TRUE
manta,acropora_composition,Pre-event Acropora composition,High (90th percentile),0.668629531002006,proportion of pre-event hard coral,12.75,0.6011879113070151,0.3022886985877498,0.18173231131568515,,,BRT,0,11.64,TRUE
manta,acropora_composition,Pre-event Acropora composition,Low (10th percentile),0.08205185222328912,proportion of pre-event hard coral,13,0.31117222251999505,0.29216059595286137,0.09091226197541814,,,BRT,0,11.64,TRUE
manta,acropora_composition,Pre-event Acropora composition,Median (50th percentile),0.27908342553874005,proportion of pre-event hard coral,13,0.5235654416915557,0.303461177282507,0.15888178532015526,,,BRT,0,11.64,TRUE
manta,acropora_composition,Pre-event Acropora composition,High (90th percentile),0.668629531002006,proportion of pre-event hard coral,13,0.6011879113070151,0.3022886985877498,0.18173231131568515,,,BRT,0,11.64,TRUE
manta,acropora_composition,Pre-event Acropora composition,Low (10th percentile),0.08205185222328912,proportion of pre-event hard coral,13.25,0.31117222251999505,0.29216059595286137,0.09091226197541814,,,BRT,0,11.64,TRUE
manta,acropora_composition,Pre-event Acropora composition,Median (50th percentile),0.27908342553874005,proportion of pre-event hard coral,13.25,0.5235654416915557,0.303461177282507,0.15888178532015526,,,BRT,0,11.64,TRUE
manta,acropora_composition,Pre-event Acropora composition,High (90th percentile),0.668629531002006,proportion of pre-event hard coral,13.25,0.6011879113070151,0.3022886985877498,0.18173231131568515,,,BRT,0,11.64,TRUE
manta,acropora_composition,Pre-event Acropora composition,Low (10th percentile),0.08205185222328912,proportion of pre-event hard coral,13.5,0.31117222251999505,0.29216059595286137,0.09091226197541814,,,BRT,0,11.64,TRUE
manta,acropora_composition,Pre-event Acropora composition,Median (50th percentile),0.27908342553874005,proportion of pre-event hard coral,13.5,0.5235654416915557,0.303461177282507,0.15888178532015526,,,BRT,0,11.64,TRUE
manta,acropora_composition,Pre-event Acropora composition,High (90th percentile),0.668629531002006,proportion of pre-event hard coral,13.5,0.6011879113070151,0.3022886985877498,0.18173231131568515,,,BRT,0,11.64,TRUE
manta,acropora_composition,Pre-event Acropora composition,Low (10th percentile),0.08205185222328912,proportion of pre-event hard coral,13.75,0.31117222251999505,0.29216059595286137,0.09091226197541814,,,BRT,0,11.64,TRUE
manta,acropora_composition,Pre-event Acropora composition,Median (50th percentile),0.27908342553874005,proportion of pre-event hard coral,13.75,0.5235654416915557,0.303461177282507,0.15888178532015526,,,BRT,0,11.64,TRUE
manta,acropora_composition,Pre-event Acropora composition,High (90th percentile),0.668629531002006,proportion of pre-event hard coral,13.75,0.6011879113070151,0.3022886985877498,0.18173231131568515,,,BRT,0,11.64,TRUE
manta,acropora_composition,Pre-event Acropora composition,Low (10th percentile),0.08205185222328912,proportion of pre-event hard coral,14,0.31117222251999505,0.29216059595286137,0.09091226197541814,,,BRT,0,11.64,TRUE
manta,acropora_composition,Pre-event Acropora composition,Median (50th percentile),0.27908342553874005,proportion of pre-event hard coral,14,0.5235654416915557,0.303461177282507,0.15888178532015526,,,BRT,0,11.64,TRUE
manta,acropora_composition,Pre-event Acropora composition,High (90th percentile),0.668629531002006,proportion of pre-event hard coral,14,0.6011879113070151,0.3022886985877498,0.18173231131568515,,,BRT,0,11.64,TRUE
manta,acropora_composition,Pre-event Acropora composition,Low (10th percentile),0.08205185222328912,proportion of pre-event hard coral,14.25,0.31117222251999505,0.29216059595286137,0.09091226197541814,,,BRT,0,11.64,TRUE
manta,acropora_composition,Pre-event Acropora composition,Median (50th percentile),0.27908342553874005,proportion of pre-event hard coral,14.25,0.5235654416915557,0.303461177282507,0.15888178532015526,,,BRT,0,11.64,TRUE
manta,acropora_composition,Pre-event Acropora composition,High (90th percentile),0.668629531002006,proportion of pre-event hard coral,14.25,0.6011879113070151,0.3022886985877498,0.18173231131568515,,,BRT,0,11.64,TRUE
manta,acropora_composition,Pre-event Acropora composition,Low (10th percentile),0.08205185222328912,proportion of pre-event hard coral,14.5,0.31117222251999505,0.29216059595286137,0.09091226197541814,,,BRT,0,11.64,TRUE
manta,acropora_composition,Pre-event Acropora composition,Median (50th percentile),0.27908342553874005,proportion of pre-event hard coral,14.5,0.5235654416915557,0.303461177282507,0.15888178532015526,,,BRT,0,11.64,TRUE
manta,acropora_composition,Pre-event Acropora composition,High (90th percentile),0.668629531002006,proportion of pre-event hard coral,14.5,0.6011879113070151,0.3022886985877498,0.18173231131568515,,,BRT,0,11.64,TRUE
manta,acropora_composition,Pre-event Acropora composition,Low (10th percentile),0.08205185222328912,proportion of pre-event hard coral,14.75,0.31117222251999505,0.29216059595286137,0.09091226197541814,,,BRT,0,11.64,TRUE
manta,acropora_composition,Pre-event Acropora composition,Median (50th percentile),0.27908342553874005,proportion of pre-event hard coral,14.75,0.5235654416915557,0.303461177282507,0.15888178532015526,,,BRT,0,11.64,TRUE
manta,acropora_composition,Pre-event Acropora composition,High (90th percentile),0.668629531002006,proportion of pre-event hard coral,14.75,0.6011879113070151,0.3022886985877498,0.18173231131568515,,,BRT,0,11.64,TRUE
manta,acropora_composition,Pre-event Acropora composition,Low (10th percentile),0.08205185222328912,proportion of pre-event hard coral,15,0.31117222251999505,0.29216059595286137,0.09091226197541814,,,BRT,0,11.64,TRUE
manta,acropora_composition,Pre-event Acropora composition,Median (50th percentile),0.27908342553874005,proportion of pre-event hard coral,15,0.5235654416915557,0.303461177282507,0.15888178532015526,,,BRT,0,11.64,TRUE
manta,acropora_composition,Pre-event Acropora composition,High (90th percentile),0.668629531002006,proportion of pre-event hard coral,15,0.6011879113070151,0.3022886985877498,0.18173231131568515,,,BRT,0,11.64,TRUE
manta,acropora_composition,Pre-event Acropora composition,Low (10th percentile),0.08205185222328912,proportion of pre-event hard coral,15.25,0.31117222251999505,0.29216059595286137,0.09091226197541814,,,BRT,0,11.64,TRUE
manta,acropora_composition,Pre-event Acropora composition,Median (50th percentile),0.27908342553874005,proportion of pre-event hard coral,15.25,0.5235654416915557,0.303461177282507,0.15888178532015526,,,BRT,0,11.64,TRUE
manta,acropora_composition,Pre-event Acropora composition,High (90th percentile),0.668629531002006,proportion of pre-event hard coral,15.25,0.6011879113070151,0.3022886985877498,0.18173231131568515,,,BRT,0,11.64,TRUE
manta,acropora_composition,Pre-event Acropora composition,Low (10th percentile),0.08205185222328912,proportion of pre-event hard coral,15.5,0.31117222251999505,0.29216059595286137,0.09091226197541814,,,BRT,0,11.64,TRUE
manta,acropora_composition,Pre-event Acropora composition,Median (50th percentile),0.27908342553874005,proportion of pre-event hard coral,15.5,0.5235654416915557,0.303461177282507,0.15888178532015526,,,BRT,0,11.64,TRUE
manta,acropora_composition,Pre-event Acropora composition,High (90th percentile),0.668629531002006,proportion of pre-event hard coral,15.5,0.6011879113070151,0.3022886985877498,0.18173231131568515,,,BRT,0,11.64,TRUE
manta,acropora_composition,Pre-event Acropora composition,Low (10th percentile),0.08205185222328912,proportion of pre-event hard coral,15.75,0.31117222251999505,0.29216059595286137,0.09091226197541814,,,BRT,0,11.64,TRUE
manta,acropora_composition,Pre-event Acropora composition,Median (50th percentile),0.27908342553874005,proportion of pre-event hard coral,15.75,0.5235654416915557,0.303461177282507,0.15888178532015526,,,BRT,0,11.64,TRUE
manta,acropora_composition,Pre-event Acropora composition,High (90th percentile),0.668629531002006,proportion of pre-event hard coral,15.75,0.6011879113070151,0.3022886985877498,0.18173231131568515,,,BRT,0,11.64,TRUE
manta,acropora_composition,Pre-event Acropora composition,Low (10th percentile),0.08205185222328912,proportion of pre-event hard coral,16,0.31117222251999505,0.29216059595286137,0.09091226197541814,,,BRT,0,11.64,TRUE
manta,acropora_composition,Pre-event Acropora composition,Median (50th percentile),0.27908342553874005,proportion of pre-event hard coral,16,0.5235654416915557,0.303461177282507,0.15888178532015526,,,BRT,0,11.64,TRUE
manta,acropora_composition,Pre-event Acropora composition,High (90th percentile),0.668629531002006,proportion of pre-event hard coral,16,0.6011879113070151,0.3022886985877498,0.18173231131568515,,,BRT,0,11.64,TRUE
manta,acropora_composition,Pre-event Acropora composition,Low (10th percentile),0.08205185222328912,proportion of pre-event hard coral,0,0.24019139298016912,0.1870497131227841,0.044641816403094954,0.0060004400970443145,0.12392492543176224,Bayesian beta + Bernoulli boundary,0,11.64,FALSE
manta,acropora_composition,Pre-event Acropora composition,Median (50th percentile),0.27908342553874005,proportion of pre-event hard coral,0,0.2495531710411679,0.1707772352341431,0.04253206420897121,0.006496863435534637,0.1140506717435038,Bayesian beta + Bernoulli boundary,0,11.64,FALSE
manta,acropora_composition,Pre-event Acropora composition,High (90th percentile),0.668629531002006,proportion of pre-event hard coral,0,0.27468027128106354,0.15664278935697123,0.04329345066732152,0.005632495510800324,0.12462318821998672,Bayesian beta + Bernoulli boundary,0,11.64,FALSE
manta,acropora_composition,Pre-event Acropora composition,Low (10th percentile),0.08205185222328912,proportion of pre-event hard coral,0.25,0.24550794951398824,0.1867536743541828,0.04555942443100605,0.006553774626262913,0.12411205525521914,Bayesian beta + Bernoulli boundary,0,11.64,FALSE
manta,acropora_composition,Pre-event Acropora composition,Median (50th percentile),0.27908342553874005,proportion of pre-event hard coral,0.25,0.25509535534192124,0.17046499813963484,0.043392805766912776,0.00695365131578685,0.11375650851442563,Bayesian beta + Bernoulli boundary,0,11.64,FALSE
manta,acropora_composition,Pre-event Acropora composition,High (90th percentile),0.668629531002006,proportion of pre-event hard coral,0.25,0.2806700363477516,0.1555669060277573,0.04391621704628214,0.0061567205661805,0.12495826146191408,Bayesian beta + Bernoulli boundary,0,11.64,FALSE
manta,acropora_composition,Pre-event Acropora composition,Low (10th percentile),0.08205185222328912,proportion of pre-event hard coral,0.5,0.2510026033052856,0.18651441586352127,0.046521684347853226,0.00707623164485158,0.12472277946802801,Bayesian beta + Bernoulli boundary,0,11.64,FALSE
manta,acropora_composition,Pre-event Acropora composition,Median (50th percentile),0.27908342553874005,proportion of pre-event hard coral,0.5,0.2608198161702216,0.1701993656100606,0.04429348066795985,0.00759816638009627,0.1136065372860827,Bayesian beta + Bernoulli boundary,0,11.64,FALSE
manta,acropora_composition,Pre-event Acropora composition,High (90th percentile),0.668629531002006,proportion of pre-event hard coral,0.5,0.28683890679271506,0.15453545646393788,0.04456628215410788,0.006660572757680165,0.12418194242433934,Bayesian beta + Bernoulli boundary,0,11.64,FALSE
manta,acropora_composition,Pre-event Acropora composition,Low (10th percentile),0.08205185222328912,proportion of pre-event hard coral,0.75,0.25667866083567226,0.1863294960965097,0.04752954242704582,0.007676657495565483,0.12451536871664363,Bayesian beta + Bernoulli boundary,0,11.64,FALSE
manta,acropora_composition,Pre-event Acropora composition,Median (50th percentile),0.27908342553874005,proportion of pre-event hard coral,0.75,0.2667295767678376,0.16997660853382568,0.045234373491954465,0.008144481384581272,0.11483922478873551,Bayesian beta + Bernoulli boundary,0,11.64,FALSE
manta,acropora_composition,Pre-event Acropora composition,High (90th percentile),0.668629531002006,proportion of pre-event hard coral,0.75,0.2931884308566599,0.15354396103711965,0.04524292389811165,0.007073753747453152,0.12483774446761252,Bayesian beta + Bernoulli boundary,0,11.64,FALSE
manta,acropora_composition,Pre-event Acropora composition,Low (10th percentile),0.08205185222328912,proportion of pre-event hard coral,1,0.26253908385317726,0.18619515071868134,0.048583530937349496,0.008299836348152017,0.12469743604139202,Bayesian beta + Bernoulli boundary,0,11.64,FALSE
manta,acropora_composition,Pre-event Acropora composition,Median (50th percentile),0.27908342553874005,proportion of pre-event hard coral,1,0.2728272696385796,0.16979181871878984,0.04621533541802115,0.00883883734371549,0.11475381494708452,Bayesian beta + Bernoulli boundary,0,11.64,FALSE
manta,acropora_composition,Pre-event Acropora composition,High (90th percentile),0.668629531002006,proportion of pre-event hard coral,1,0.2997196683695766,0.15258711017002055,0.0459450260838935,0.007518619841383987,0.12434690964825951,Bayesian beta + Bernoulli boundary,0,11.64,FALSE
manta,acropora_composition,Pre-event Acropora composition,Low (10th percentile),0.08205185222328912,proportion of pre-event hard coral,1.25,0.26858643332500126,0.18610630341735296,0.04968371662082107,0.009025948105869843,0.12442926938944991,Bayesian beta + Bernoulli boundary,0,11.64,FALSE
manta,acropora_composition,Pre-event Acropora composition,Median (50th percentile),0.27908342553874005,proportion of pre-event hard coral,1.25,0.2791150777726945,0.16963894927103876,0.0472357423165121,0.00957156027965658,0.11439619331944939,Bayesian beta + Bernoulli boundary,0,11.64,FALSE
manta,acropora_composition,Pre-event Acropora composition,High (90th percentile),0.668629531002006,proportion of pre-event hard coral,1.25,0.3064331369786538,0.15165881196594927,0.046671051279960074,0.00791873714838543,0.12338608802207952,Bayesian beta + Bernoulli boundary,0,11.64,FALSE
manta,acropora_composition,Pre-event Acropora composition,Low (10th percentile),0.08205185222328912,proportion of pre-event hard coral,1.5,0.27482281047719515,0.18605661241636773,0.050829654749248054,0.00959569748272715,0.12456016534842948,Bayesian beta + Bernoulli boundary,0,11.64,FALSE
manta,acropora_composition,Pre-event Acropora composition,Median (50th percentile),0.27908342553874005,proportion of pre-event hard coral,1.5,0.2855946730648021,0.16951088666667252,0.04829445924619135,0.010247978300144267,0.11523986041729087,Bayesian beta + Bernoulli boundary,0,11.64,FALSE
manta,acropora_composition,Pre-event Acropora composition,High (90th percentile),0.668629531002006,proportion of pre-event hard coral,1.5,0.31332875744238464,0.15075226766348007,0.04741902174757161,0.008420084263295425,0.12491277396852221,Bayesian beta + Bernoulli boundary,0,11.64,FALSE
manta,acropora_composition,Pre-event Acropora composition,Low (10th percentile),0.08205185222328912,proportion of pre-event hard coral,1.75,0.2812497954578666,0.1860385530170503,0.05202035050162684,0.010430152565041012,0.1250709235842915,Bayesian beta + Bernoulli boundary,0,11.64,FALSE
manta,acropora_composition,Pre-event Acropora composition,Median (50th percentile),0.27908342553874005,proportion of pre-event hard coral,1.75,0.29226715250094565,0.16939955408657958,0.049389812941903366,0.010952403244357232,0.11538407714016577,Bayesian beta + Bernoulli boundary,0,11.64,FALSE
manta,acropora_composition,Pre-event Acropora composition,High (90th percentile),0.668629531002006,proportion of pre-event hard coral,1.75,0.32040579864835655,0.14986007439003082,0.04818651002404561,0.008858156697354735,0.12586104792745287,Bayesian beta + Bernoulli boundary,0,11.64,FALSE
manta,acropora_composition,Pre-event Acropora composition,Low (10th percentile),0.08205185222328912,proportion of pre-event hard coral,2,0.28786838432015227,0.18604353566572263,0.05325422945589,0.011087529895388176,0.12620760820522134,Bayesian beta + Bernoulli boundary,0,11.64,FALSE
manta,acropora_composition,Pre-event Acropora composition,Median (50th percentile),0.27908342553874005,proportion of pre-event hard coral,2,0.29913297286063606,0.16929604512610882,0.050519573977697914,0.011657551042890322,0.11486223154507727,Bayesian beta + Bernoulli boundary,0,11.64,FALSE
manta,acropora_composition,Pre-event Acropora composition,High (90th percentile),0.668629531002006,proportion of pre-event hard coral,2,0.32766282313490763,0.1489743544582369,0.048970640855634476,0.009428295428968152,0.12555575422246484,Bayesian beta + Bernoulli boundary,0,11.64,FALSE
manta,acropora_composition,Pre-event Acropora composition,Low (10th percentile),0.08205185222328912,proportion of pre-event hard coral,2.25,0.2946789251952035,0.18606205838866793,0.05452911905469596,0.011684732062932114,0.12680509033450515,Bayesian beta + Bernoulli boundary,0,11.64,FALSE
manta,acropora_composition,Pre-event Acropora composition,Median (50th percentile),0.27908342553874005,proportion of pre-event hard coral,2.25,0.3061918848692401,0.1691907866668567,0.05168095040866783,0.012452921080917027,0.11707022323514943,Bayesian beta + Bernoulli boundary,0,11.64,FALSE
manta,acropora_composition,Pre-event Acropora composition,High (90th percentile),0.668629531002006,proportion of pre-event hard coral,2.25,0.33509763403500836,0.14808691032194557,0.04976810629584487,0.010035272219503349,0.12674763428599048,Bayesian beta + Bernoulli boundary,0,11.64,FALSE
manta,acropora_composition,Pre-event Acropora composition,Low (10th percentile),0.08205185222328912,proportion of pre-event hard coral,2.5,0.30168105470992124,0.186083891981472,0.055842243001524045,0.012531726036257584,0.12853658550618505,Bayesian beta + Bernoulli boundary,0,11.64,FALSE
manta,acropora_composition,Pre-event Acropora composition,Median (50th percentile),0.27908342553874005,proportion of pre-event hard coral,2.5,0.3134428679408284,0.16907372953204372,0.05287059483877257,0.01331799443157081,0.1189691180769454,Bayesian beta + Bernoulli boundary,0,11.64,FALSE
manta,acropora_composition,Pre-event Acropora composition,High (90th percentile),0.668629531002006,proportion of pre-event hard coral,2.5,0.34270722451674596,0.14718940427807717,0.050575195914358245,0.01057763183606811,0.12644287209294938,Bayesian beta + Bernoulli boundary,0,11.64,FALSE
manta,acropora_composition,Pre-event Acropora composition,Low (10th percentile),0.08205185222328912,proportion of pre-event hard coral,2.75,0.3088736358927047,0.18609829612352827,0.05719023068076438,0.013300932465021412,0.12982584791984603,Bayesian beta + Bernoulli boundary,0,11.64,FALSE
manta,acropora_composition,Pre-event Acropora composition,Median (50th percentile),0.27908342553874005,proportion of pre-event hard coral,2.75,0.32088406686435617,0.16893456555317332,0.054084627036908826,0.014058827515312622,0.12048487262714254,Bayesian beta + Bernoulli boundary,0,11.64,FALSE
manta,acropora_composition,Pre-event Acropora composition,High (90th percentile),0.668629531002006,proportion of pre-event hard coral,2.75,0.3504877309689638,0.14627356205000658,0.05138784419435584,0.011067471637029817,0.12642652621394976,Bayesian beta + Bernoulli boundary,0,11.64,FALSE
manta,acropora_composition,Pre-event Acropora composition,Low (10th percentile),0.08205185222328912,proportion of pre-event hard coral,3,0.31625469899358605,0.18609426462053189,0.058569143880797515,0.013994148041250624,0.1309729332082005,Bayesian beta + Bernoulli boundary,0,11.64,FALSE
manta,acropora_composition,Pre-event Acropora composition,Median (50th percentile),0.27908342553874005,proportion of pre-event hard coral,3,0.32851273199556247,0.16876296985124892,0.05531867443104036,0.014731179648360425,0.12272829927269699,Bayesian beta + Bernoulli boundary,0,11.64,FALSE
manta,acropora_composition,Pre-event Acropora composition,High (90th percentile),0.668629531002006,proportion of pre-event hard coral,3,0.3584343913691509,0.14533139949063292,0.052201697320372144,0.011667725050314232,0.12691634408108396,Bayesian beta + Bernoulli boundary,0,11.64,FALSE
manta,acropora_composition,Pre-event Acropora composition,Low (10th percentile),0.08205185222328912,proportion of pre-event hard coral,3.25,0.32382138681007677,0.1860607982449061,0.059974523332937145,0.014809747931375662,0.1332663204658508,Bayesian beta + Bernoulli boundary,0,11.64,FALSE
manta,acropora_composition,Pre-event Acropora composition,Median (50th percentile),0.27908342553874005,proportion of pre-event hard coral,3.25,0.33632516470808566,0.1685488674596937,0.056567933046125264,0.015395153858631697,0.12246956419736636,Bayesian beta + Bernoulli boundary,0,11.64,FALSE
manta,acropora_composition,Pre-event Acropora composition,High (90th percentile),0.668629531002006,proportion of pre-event hard coral,3.25,0.3665415104632468,0.14435547176127575,0.053012201655722374,0.012223863942957375,0.12747978769467333,Bayesian beta + Bernoulli boundary,0,11.64,FALSE
manta,acropora_composition,Pre-event Acropora composition,Low (10th percentile),0.08205185222328912,proportion of pre-event hard coral,3.5,0.3315699062411618,0.18598720410852856,0.06140145785415722,0.015656967415096295,0.13392650685731705,Bayesian beta + Bernoulli boundary,0,11.64,FALSE
manta,acropora_composition,Pre-event Acropora composition,Median (50th percentile),0.27908342553874005,proportion of pre-event hard coral,3.5,0.34431667001181915,0.16828272384618526,0.05782725170345758,0.0161928513278594,0.12430745743768969,Bayesian beta + Bernoulli boundary,0,11.64,FALSE
manta,acropora_composition,Pre-event Acropora composition,High (90th percentile),0.668629531002006,proportion of pre-event hard coral,3.5,0.374802433564441,0.14333914442725684,0.053814716249874835,0.012708141017091716,0.1277023230083144,Bayesian beta + Bernoulli boundary,0,11.64,FALSE
manta,acropora_composition,Pre-event Acropora composition,Low (10th percentile),0.08205185222328912,proportion of pre-event hard coral,3.75,0.33949548787155986,0.18586342110001158,0.0628446791799047,0.016585092755023498,0.13455098315165684,Bayesian beta + Bernoulli boundary,0,11.64,FALSE
manta,acropora_composition,Pre-event Acropora composition,Median (50th percentile),0.27908342553874005,proportion of pre-event hard coral,3.75,0.3524815183449589,0.16795585936179883,0.05909124254347102,0.016955150466054843,0.12636855070451897,Bayesian beta + Bernoulli boundary,0,11.64,FALSE
manta,acropora_composition,Pre-event Acropora composition,High (90th percentile),0.668629531002006,proportion of pre-event hard coral,3.75,0.38320953091106574,0.14227688590310927,0.05460465166377298,0.013206133277494429,0.12751739494357453,Bayesian beta + Bernoulli boundary,0,11.64,FALSE
manta,acropora_composition,Pre-event Acropora composition,Low (10th percentile),0.08205185222328912,proportion of pre-event hard coral,4,0.34759235539910516,0.18568037155842376,0.06429868586395276,0.01740949333326893,0.13599619098546592,Bayesian beta + Bernoulli boundary,0,11.64,FALSE
manta,acropora_composition,Pre-event Acropora composition,Median (50th percentile),0.27908342553874005,proportion of pre-event hard coral,4,0.36081291857000886,0.16756078806882638,0.060354421133701604,0.017653229876519044,0.12707760075918292,Bayesian beta + Bernoulli boundary,0,11.64,FALSE
manta,acropora_composition,Pre-event Acropora composition,High (90th percentile),0.668629531002006,proportion of pre-event hard coral,4,0.39175419457412197,0.1411645805115479,0.055377637208057426,0.013773964083645118,0.12809124459613755,Bayesian beta + Bernoulli boundary,0,11.64,FALSE
manta,acropora_composition,Pre-event Acropora composition,Low (10th percentile),0.08205185222328912,proportion of pre-event hard coral,4.25,0.35585370664511506,0.18543033991494998,0.06575789985749919,0.018122069945348793,0.13751696082933682,Bayesian beta + Bernoulli boundary,0,11.64,FALSE
manta,acropora_composition,Pre-event Acropora composition,Median (50th percentile),0.27908342553874005,proportion of pre-event hard coral,4.25,0.36930300413817674,0.16709158165965018,0.06161137952420739,0.01833209951634962,0.12818268091703727,Bayesian beta + Bernoulli boundary,0,11.64,FALSE
manta,acropora_composition,Pre-event Acropora composition,High (90th percentile),0.668629531002006,proportion of pre-event hard coral,4.25,0.40042684983026466,0.13999986101769757,0.056129718302964426,0.014544850462430214,0.12846773677473886,Bayesian beta + Bernoulli boundary,0,11.64,FALSE
manta,acropora_composition,Pre-event Acropora composition,Low (10th percentile),0.08205185222328912,proportion of pre-event hard coral,4.5,0.36427170772199685,0.18510737935961843,0.06721685949118986,0.019082175748391553,0.1387512756772163,Bayesian beta + Bernoulli boundary,0,11.64,FALSE
manta,acropora_composition,Pre-event Acropora composition,Median (50th percentile),0.27908342553874005,proportion of pre-event hard coral,4.5,0.37794283422140357,0.16654425914121856,0.06285699554041953,0.019099704880286953,0.1293911061863077,Bayesian beta + Bernoulli boundary,0,11.64,FALSE
manta,acropora_composition,Pre-event Acropora composition,High (90th percentile),0.668629531002006,proportion of pre-event hard coral,4.5,0.4092169826777063,0.13878245879340698,0.05685758503766646,0.015262754334132428,0.12867109531833068,Bayesian beta + Bernoulli boundary,0,11.64,FALSE
manta,acropora_composition,Pre-event Acropora composition,Low (10th percentile),0.08205185222328912,proportion of pre-event hard coral,4.75,0.3728375016737899,0.18470774749450533,0.06867045247780054,0.019976764932772353,0.13997252127392137,Bayesian beta + Bernoulli boundary,0,11.64,FALSE
manta,acropora_composition,Pre-event Acropora composition,Median (50th percentile),0.27908342553874005,proportion of pre-event hard coral,4.75,0.3867224113431285,0.1659172024666188,0.06408668126304749,0.019886038262914883,0.13049722259467636,Bayesian beta + Bernoulli boundary,0,11.64,FALSE
manta,acropora_composition,Pre-event Acropora composition,High (90th percentile),0.668629531002006,proportion of pre-event hard coral,4.75,0.4181131847472183,0.13751456869962198,0.05755883208830413,0.0158376754269087,0.12896627295320304,Bayesian beta + Bernoulli boundary,0,11.64,FALSE
manta,acropora_composition,Pre-event Acropora composition,Low (10th percentile),0.08205185222328912,proportion of pre-event hard coral,5,0.3815412325636254,0.18423037119788566,0.07011419210651154,0.02093270357342272,0.14150109321004078,Bayesian beta + Bernoulli boundary,0,11.64,FALSE
manta,acropora_composition,Pre-event Acropora composition,Median (50th percentile),0.27908342553874005,proportion of pre-event hard coral,5,0.3956307166697096,0.16521159717798706,0.06529667292052782,0.020728531431649384,0.13180753375766474,Bayesian beta + Bernoulli boundary,0,11.64,FALSE
manta,acropora_composition,Pre-event Acropora composition,High (90th percentile),0.668629531002006,proportion of pre-event hard coral,5,0.4271032162510558,0.13620122432048493,0.05823224892357439,0.016360092906785553,0.12945855125460434,Bayesian beta + Bernoulli boundary,0,11.64,FALSE
manta,acropora_composition,Pre-event Acropora composition,Low (10th percentile),0.08205185222328912,proportion of pre-event hard coral,5.25,0.390372085576423,0.1836773392981752,0.07154453885564181,0.022043576408197707,0.1424195735905783,Bayesian beta + Bernoulli boundary,0,11.64,FALSE
manta,acropora_composition,Pre-event Acropora composition,Median (50th percentile),0.27908342553874005,proportion of pre-event hard coral,5.25,0.4046557636602293,0.1644318952132508,0.06648436317935053,0.021666145056324543,0.13284091939566683,Bayesian beta + Bernoulli boundary,0,11.64,FALSE
manta,acropora_composition,Pre-event Acropora composition,High (90th percentile),0.668629531002006,proportion of pre-event hard coral,5.25,0.4361740868542525,0.13485067735886241,0.05887813768677987,0.016895683307989077,0.1292889433806179,Bayesian beta + Bernoulli boundary,0,11.64,FALSE
manta,acropora_composition,Pre-event Acropora composition,Low (10th percentile),0.08205185222328912,proportion of pre-event hard coral,5.5,0.3993183432609404,0.18305837763962948,0.0729608204391846,0.022910996631662208,0.14418375791010143,Bayesian beta + Bernoulli boundary,0,11.64,FALSE
manta,acropora_composition,Pre-event Acropora composition,Median (50th percentile),0.27908342553874005,proportion of pre-event hard coral,5.5,0.413784670222301,0.1635900683645132,0.06765021774204133,0.022690551782891595,0.13429467172120613,Bayesian beta + Bernoulli boundary,0,11.64,FALSE
manta,acropora_composition,Pre-event Acropora composition,High (90th percentile),0.668629531002006,proportion of pre-event hard coral,5.5,0.4453121535103426,0.13347818323909733,0.059500164975868096,0.017315689494947793,0.12931663879800714,Bayesian beta + Bernoulli boundary,0,11.64,FALSE
manta,acropora_composition,Pre-event Acropora composition,Low (10th percentile),0.08205185222328912,proportion of pre-event hard coral,5.75,0.40836745757879284,0.18241599246867155,0.07437570677027139,0.023837004794874706,0.14530317583752367,Bayesian beta + Bernoulli boundary,0,11.64,FALSE
manta,acropora_composition,Pre-event Acropora composition,Median (50th percentile),0.27908342553874005,proportion of pre-event hard coral,5.75,0.4230037488982044,0.16272911181118227,0.06880798797399457,0.023466141933664378,0.13535976504616895,Bayesian beta + Bernoulli boundary,0,11.64,FALSE
manta,acropora_composition,Pre-event Acropora composition,High (90th percentile),0.668629531002006,proportion of pre-event hard coral,5.75,0.4545032334606687,0.1321264388443412,0.06011495505131509,0.0176058023265056,0.12925895397999917,Bayesian beta + Bernoulli boundary,0,11.64,FALSE
manta,acropora_composition,Pre-event Acropora composition,Low (10th percentile),0.08205185222328912,proportion of pre-event hard coral,6,0.41750613698021255,0.18180360676475113,0.07580780178285004,0.02468382946134967,0.1478913129086017,Bayesian beta + Bernoulli boundary,0,11.64,FALSE
manta,acropora_composition,Pre-event Acropora composition,Median (50th percentile),0.27908342553874005,proportion of pre-event hard coral,6,0.43229861392857927,0.16190101738072943,0.06997679743784428,0.023912957265621773,0.1365361906577355,Bayesian beta + Bernoulli boundary,0,11.64,FALSE
manta,acropora_composition,Pre-event Acropora composition,High (90th percentile),0.668629531002006,proportion of pre-event hard coral,6,0.4637327298377353,0.13084377652775897,0.0607433280861649,0.018047281650302886,0.12991073992215815,Bayesian beta + Bernoulli boundary,0,11.64,FALSE
manta,acropora_composition,Pre-event Acropora composition,Low (10th percentile),0.08205185222328912,proportion of pre-event hard coral,6.25,0.42672044729840114,0.18126878358806225,0.0772751745624799,0.025261713897473337,0.1498395703723644,Bayesian beta + Bernoulli boundary,0,11.64,FALSE
manta,acropora_composition,Pre-event Acropora composition,Median (50th percentile),0.27908342553874005,proportion of pre-event hard coral,6.25,0.4416543033404277,0.16115050479965012,0.07117451871204107,0.0245689953548911,0.1382288347374203,Bayesian beta + Bernoulli boundary,0,11.64,FALSE
manta,acropora_composition,Pre-event Acropora composition,High (90th percentile),0.668629531002006,proportion of pre-event hard coral,6.25,0.4729857667077023,0.12966910530400552,0.061403506819375085,0.018438413191344823,0.13020126065954435,Bayesian beta + Bernoulli boundary,0,11.64,FALSE
manta,acropora_composition,Pre-event Acropora composition,Low (10th percentile),0.08205185222328912,proportion of pre-event hard coral,6.5,0.43599592484754257,0.18085245314909787,0.07879481318917324,0.025842957294780006,0.15306393721253064,Bayesian beta + Bernoulli boundary,0,11.64,FALSE
manta,acropora_composition,Pre-event Acropora composition,Median (50th percentile),0.27908342553874005,proportion of pre-event hard coral,6.5,0.4510554135271514,0.1605143320611603,0.07241717136434982,0.02533234286262538,0.13998780486725995,Bayesian beta + Bernoulli boundary,0,11.64,FALSE
manta,acropora_composition,Pre-event Acropora composition,High (90th percentile),0.668629531002006,proportion of pre-event hard coral,6.5,0.4822473299784189,0.12863144616785774,0.06211047619116578,0.018759466799511796,0.13080445384881986,Bayesian beta + Bernoulli boundary,0,11.64,FALSE
manta,acropora_composition,Pre-event Acropora composition,Low (10th percentile),0.08205185222328912,proportion of pre-event hard coral,6.75,0.4453176997200187,0.18058926699462732,0.08038251129680846,0.026570370642614246,0.1554157131334163,Bayesian beta + Bernoulli boundary,0,11.64,FALSE
manta,acropora_composition,Pre-event Acropora composition,Median (50th percentile),0.27908342553874005,proportion of pre-event hard coral,6.75,0.46048624318875236,0.1600217115014605,0.0737187654461225,0.025953652289573737,0.14251794966011247,Bayesian beta + Bernoulli boundary,0,11.64,FALSE
manta,acropora_composition,Pre-event Acropora composition,High (90th percentile),0.668629531002006,proportion of pre-event hard coral,6.75,0.4915024104036313,0.1277504925799971,0.06287580343503098,0.019014762133399827,0.13295694187632812,Bayesian beta + Bernoulli boundary,0,11.64,FALSE
manta,acropora_composition,Pre-event Acropora composition,Low (10th percentile),0.08205185222328912,proportion of pre-event hard coral,7,0.45467062690621257,0.18050899067020834,0.08205322384546751,0.027203889202195537,0.1587483293948256,Bayesian beta + Bernoulli boundary,0,11.64,FALSE
manta,acropora_composition,Pre-event Acropora composition,Median (50th percentile),0.27908342553874005,proportion of pre-event hard coral,7,0.4699309430432871,0.15969572579170532,0.07509161853677654,0.02646250283893602,0.1454026241758583,Bayesian beta + Bernoulli boundary,0,11.64,FALSE
manta,acropora_composition,Pre-event Acropora composition,High (90th percentile),0.668629531002006,proportion of pre-event hard coral,7,0.5007361449258672,0.12703805695004788,0.06370792119917669,0.019188209873516115,0.1342667431982811,Bayesian beta + Bernoulli boundary,0,11.64,FALSE
manta,acropora_composition,Pre-event Acropora composition,Low (10th percentile),0.08205185222328912,proportion of pre-event hard coral,7.25,0.46403942251890584,0.1806389118083947,0.08382195377727565,0.02779762866220992,0.16244699268625573,Bayesian beta + Bernoulli boundary,0,11.64,FALSE
manta,acropora_composition,Pre-event Acropora composition,Median (50th percentile),0.27908342553874005,proportion of pre-event hard coral,7.25,0.47937366746072185,0.1595557040965423,0.07654719893903754,0.0268740860734866,0.14752301161572945,Bayesian beta + Bernoulli boundary,0,11.64,FALSE
manta,acropora_composition,Pre-event Acropora composition,High (90th percentile),0.668629531002006,proportion of pre-event hard coral,7.25,0.5099339528006568,0.12650032933128874,0.06461289917530377,0.019355780427565222,0.13679397633542495,Bayesian beta + Bernoulli boundary,0,11.64,FALSE
manta,acropora_composition,Pre-event Acropora composition,Low (10th percentile),0.08205185222328912,proportion of pre-event hard coral,7.5,0.4734088021246954,0.18099950224555844,0.08570158623788417,0.028690056148142955,0.16568913400752955,Bayesian beta + Bernoulli boundary,0,11.64,FALSE
manta,acropora_composition,Pre-event Acropora composition,Median (50th percentile),0.27908342553874005,proportion of pre-event hard coral,7.5,0.4887987241387828,0.15961390750781482,0.07809431573259357,0.02753845725307319,0.1504010761549016,Bayesian beta + Bernoulli boundary,0,11.64,FALSE
manta,acropora_composition,Pre-event Acropora composition,High (90th percentile),0.668629531002006,proportion of pre-event hard coral,7.5,0.5190816633053262,0.1261361247506116,0.06559324154338947,0.01951086670264045,0.1390788334388966,Bayesian beta + Bernoulli boundary,0,11.64,FALSE
manta,acropora_composition,Pre-event Acropora composition,Low (10th percentile),0.08205185222328912,proportion of pre-event hard coral,7.75,0.48276361801116985,0.18158761133871884,0.0876944593389339,0.02935926095190297,0.16967351586007787,Bayesian beta + Bernoulli boundary,0,11.64,FALSE
manta,acropora_composition,Pre-event Acropora composition,Median (50th percentile),0.27908342553874005,proportion of pre-event hard coral,7.75,0.498190718135928,0.15986223130836202,0.07973213272296968,0.028044892833476408,0.15474911651268694,Bayesian beta + Bernoulli boundary,0,11.64,FALSE
manta,acropora_composition,Pre-event Acropora composition,High (90th percentile),0.668629531002006,proportion of pre-event hard coral,7.75,0.5281656323226269,0.1259291502266171,0.06664340118864519,0.01967172636797702,0.1407683111871832,Bayesian beta + Bernoulli boundary,0,11.64,FALSE
manta,acropora_composition,Pre-event Acropora composition,Low (10th percentile),0.08205185222328912,proportion of pre-event hard coral,8,0.49208899219501195,0.18239987164791346,0.08980265992386721,0.030124264065539162,0.1740569897214851,Bayesian beta + Bernoulli boundary,0,11.64,FALSE
manta,acropora_composition,Pre-event Acropora composition,Median (50th percentile),0.27908342553874005,proportion of pre-event hard coral,8,0.5075346869658452,0.16029342139536715,0.08145993226276978,0.028347193235783715,0.15868262994612958,Bayesian beta + Bernoulli boundary,0,11.64,FALSE
manta,acropora_composition,Pre-event Acropora composition,High (90th percentile),0.668629531002006,proportion of pre-event hard coral,8,0.5371728456637979,0.1258654116589564,0.06775847526183995,0.020096437245442886,0.1445512997351906,Bayesian beta + Bernoulli boundary,0,11.64,FALSE
manta,acropora_composition,Pre-event Acropora composition,Low (10th percentile),0.08205185222328912,proportion of pre-event hard coral,8.25,0.5013704421307436,0.18343815413250592,0.09203071762848657,0.030971702164122452,0.1786803029397745,Bayesian beta + Bernoulli boundary,0,11.64,FALSE
manta,acropora_composition,Pre-event Acropora composition,Median (50th percentile),0.27908342553874005,proportion of pre-event hard coral,8.25,0.5168162239855796,0.16090575768855617,0.08327956807696749,0.028799436867032704,0.16284109618564827,Bayesian beta + Bernoulli boundary,0,11.64,FALSE
manta,acropora_composition,Pre-event Acropora composition,High (90th percentile),0.668629531002006,proportion of pre-event hard coral,8.25,0.5460910076147097,0.12593658078745243,0.06893616494289272,0.020233246594669047,0.1474994159390763,Bayesian beta + Bernoulli boundary,0,11.64,FALSE
manta,acropora_composition,Pre-event Acropora composition,Low (10th percentile),0.08205185222328912,proportion of pre-event hard coral,8.5,0.5105939964121975,0.18470826747789001,0.09438517503728967,0.031365953331011207,0.18305765078542074,Bayesian beta + Bernoulli boundary,0,11.64,FALSE
manta,acropora_composition,Pre-event Acropora composition,Median (50th percentile),0.27908342553874005,proportion of pre-event hard coral,8.5,0.5260215879132649,0.16170183680206873,0.08519508003115339,0.02948838944246013,0.16704769911244718,Bayesian beta + Bernoulli boundary,0,11.64,FALSE
manta,acropora_composition,Pre-event Acropora composition,High (90th percentile),0.668629531002006,proportion of pre-event hard coral,8.5,0.554908613810014,0.12613886803827484,0.070176407337378,0.02047870564888078,0.15056980147088725,Bayesian beta + Bernoulli boundary,0,11.64,FALSE
manta,acropora_composition,Pre-event Acropora composition,Low (10th percentile),0.08205185222328912,proportion of pre-event hard coral,8.75,0.519746298238167,0.18621870321078532,0.09687410480952936,0.03208477031593508,0.18976992736236564,Bayesian beta + Bernoulli boundary,0,11.64,FALSE
manta,acropora_composition,Pre-event Acropora composition,Median (50th percentile),0.27908342553874005,proportion of pre-event hard coral,8.75,0.5351377969358142,0.16268743398769334,0.0872122780362871,0.029962698428287523,0.17181760814225636,Bayesian beta + Bernoulli boundary,0,11.64,FALSE
manta,acropora_composition,Pre-event Acropora composition,High (90th percentile),0.668629531002006,proportion of pre-event hard coral,8.75,0.5636150081259349,0.12647200668352507,0.07148100405975198,0.020701258918546097,0.1527601910395288,Bayesian beta + Bernoulli boundary,0,11.64,FALSE
manta,acropora_composition,Pre-event Acropora composition,Low (10th percentile),0.08205185222328912,proportion of pre-event hard coral,9,0.5288146949870375,0.18797940965156162,0.09950656807556774,0.03271364211145706,0.19656644837023335,Bayesian beta + Bernoulli boundary,0,11.64,FALSE
manta,acropora_composition,Pre-event Acropora composition,Median (50th percentile),0.27908342553874005,proportion of pre-event hard coral,9,0.5441527064704755,0.16387042407441263,0.0893382892073147,0.030304147186108233,0.1757469629185158,Bayesian beta + Bernoulli boundary,0,11.64,FALSE
manta,acropora_composition,Pre-event Acropora composition,High (90th percentile),0.668629531002006,proportion of pre-event hard coral,9,0.572200423803491,0.12693832898128898,0.07285324264377291,0.020890562905332217,0.15612360314786866,Bayesian beta + Bernoulli boundary,0,11.64,FALSE
manta,acropora_composition,Pre-event Acropora composition,Low (10th percentile),0.08205185222328912,proportion of pre-event hard coral,9.25,0.5377873128517843,0.1900005851432084,0.10229201237682586,0.033183664292499755,0.2044310740957797,Bayesian beta + Bernoulli boundary,0,11.64,FALSE
manta,acropora_composition,Pre-event Acropora composition,Median (50th percentile),0.27908342553874005,proportion of pre-event hard coral,9.25,0.5530550702008914,0.1652597454873668,0.09158106428116923,0.030539852618131576,0.18084278208587054,Bayesian beta + Bernoulli boundary,0,11.64,FALSE
manta,acropora_composition,Pre-event Acropora composition,High (90th percentile),0.668629531002006,proportion of pre-event hard coral,9.25,0.5806560094522316,0.12754191748078764,0.07429750761239365,0.02117863362686244,0.15883721639876827,Bayesian beta + Bernoulli boundary,0,11.64,FALSE
manta,acropora_composition,Pre-event Acropora composition,Low (10th percentile),0.08205185222328912,proportion of pre-event hard coral,9.5,0.5466531160720466,0.19229149137483886,0.10523961355546729,0.03375693513673167,0.2105705905494239,Bayesian beta + Bernoulli boundary,0,11.64,FALSE
manta,acropora_composition,Pre-event Acropora composition,Median (50th percentile),0.27908342553874005,proportion of pre-event hard coral,9.5,0.5618345845042164,0.16686439771276892,0.09394884255039797,0.030695423488845585,0.1875207217284562,Bayesian beta + Bernoulli boundary,0,11.64,FALSE
manta,acropora_composition,Pre-event Acropora composition,High (90th percentile),0.668629531002006,proportion of pre-event hard coral,9.5,0.5889738409320918,0.1282878180326238,0.07581887930803122,0.02139644641604303,0.16258440985832298,Bayesian beta + Bernoulli boundary,0,11.64,FALSE
manta,acropora_composition,Pre-event Acropora composition,Low (10th percentile),0.08205185222328912,proportion of pre-event hard coral,9.75,0.55540195082453,0.1948593002303429,0.10835757407847149,0.03387846378806843,0.2189089166831913,Bayesian beta + Bernoulli boundary,0,11.64,FALSE
manta,acropora_composition,Pre-event Acropora composition,Median (50th percentile),0.27908342553874005,proportion of pre-event hard coral,9.75,0.5704819168144214,0.16869247032065143,0.09644957909009261,0.031344992241462435,0.19487975643153568,Bayesian beta + Bernoulli boundary,0,11.64,FALSE
manta,acropora_composition,Pre-event Acropora composition,High (90th percentile),0.668629531002006,proportion of pre-event hard coral,9.75,0.5971469203679798,0.1291813048941482,0.0774227203177864,0.0213201335791538,0.16612160788479208,Bayesian beta + Bernoulli boundary,0,11.64,FALSE
manta,acropora_composition,Pre-event Acropora composition,Low (10th percentile),0.08205185222328912,proportion of pre-event hard coral,10,0.5640245742743188,0.1977080014423155,0.11165239981787867,0.03396103198307945,0.22817725604668251,Bayesian beta + Bernoulli boundary,0,11.64,FALSE
manta,acropora_composition,Pre-event Acropora composition,Median (50th percentile),0.27908342553874005,proportion of pre-event hard coral,10,0.5789887188255659,0.1707502104790313,0.09909034372365182,0.031367370588173,0.2042231941387167,Bayesian beta + Bernoulli boundary,0,11.64,FALSE
manta,acropora_composition,Pre-event Acropora composition,High (90th percentile),0.668629531002006,proportion of pre-event hard coral,10,0.6051691637240084,0.13022719249666184,0.07911425148334716,0.021467358440359997,0.17111235950032921,Bayesian beta + Bernoulli boundary,0,11.64,FALSE
manta,acropora_composition,Pre-event Acropora composition,Low (10th percentile),0.08205185222328912,proportion of pre-event hard coral,10.25,0.5725126696398245,0.20083741186605453,0.11512818734445837,0.034129319166135916,0.23840654311332088,Bayesian beta + Bernoulli boundary,0,11.64,FALSE
manta,acropora_composition,Pre-event Acropora composition,Median (50th percentile),0.27908342553874005,proportion of pre-event hard coral,10.25,0.5873476257271126,0.1730411452835974,0.10187670771110915,0.03167738524297637,0.21148882156544116,Bayesian beta + Bernoulli boundary,0,11.64,FALSE
manta,acropora_composition,Pre-event Acropora composition,High (90th percentile),0.668629531002006,proportion of pre-event hard coral,10.25,0.6130353784608027,0.13142919285088903,0.08089812203756053,0.021163132645385777,0.17818063402184,Bayesian beta + Bernoulli boundary,0,11.64,FALSE
manta,acropora_composition,Pre-event Acropora composition,Low (10th percentile),0.08205185222328912,proportion of pre-event hard coral,10.5,0.5808588483850817,0.204242338116999,0.11878596275581374,0.03399681199476957,0.2496315812469861,Bayesian beta + Bernoulli boundary,0,11.64,FALSE
manta,acropora_composition,Pre-event Acropora composition,Median (50th percentile),0.27908342553874005,proportion of pre-event hard coral,10.5,0.5955522428823409,0.1755652843763248,0.10481214100294896,0.03181882174427994,0.21824463110898007,Bayesian beta + Bernoulli boundary,0,11.64,FALSE
manta,acropora_composition,Pre-event Acropora composition,High (90th percentile),0.668629531002006,proportion of pre-event hard coral,10.5,0.6207412328305423,0.13278932210384187,0.08277798130194759,0.021144632063007065,0.18343104398819723,Bayesian beta + Bernoulli boundary,0,11.64,FALSE
manta,acropora_composition,Pre-event Acropora composition,Low (10th percentile),0.08205185222328912,proportion of pre-event hard coral,10.75,0.589056640832893,0.2079119497082514,0.12262311882002569,0.03338870899786422,0.26225334385310756,Bayesian beta + Bernoulli boundary,0,11.64,FALSE
manta,acropora_composition,Pre-event Acropora composition,Median (50th percentile),0.27908342553874005,proportion of pre-event hard coral,10.75,0.6035971215129978,0.17831843600686112,0.10789744917485669,0.03119704904279382,0.22848565283122227,Bayesian beta + Bernoulli boundary,0,11.64,FALSE
manta,acropora_composition,Pre-event Acropora composition,High (90th percentile),0.668629531002006,proportion of pre-event hard coral,10.75,0.6282832183413946,0.13430736422538767,0.08475606246682424,0.020817335638449536,0.19063829497964355,Bayesian beta + Bernoulli boundary,0,11.64,FALSE
manta,acropora_composition,Pre-event Acropora composition,Low (10th percentile),0.08205185222328912,proportion of pre-event hard coral,11,0.597100476601862,0.21182941667901795,0.12663299744496143,0.03309954256604493,0.2773245728394728,Bayesian beta + Bernoulli boundary,0,11.64,FALSE
manta,acropora_composition,Pre-event Acropora composition,Median (50th percentile),0.27908342553874005,proportion of pre-event hard coral,11,0.6114777250419742,0.1812916742822311,0.11113028358946628,0.03089319424106589,0.2389115063400496,Bayesian beta + Bernoulli boundary,0,11.64,FALSE
manta,acropora_composition,Pre-event Acropora composition,High (90th percentile),0.668629531002006,proportion of pre-event hard coral,11,0.6356586068569063,0.13598040384338042,0.08683279197756746,0.0206056414427299,0.1966340254808352,Bayesian beta + Bernoulli boundary,0,11.64,FALSE
manta,acropora_composition,Pre-event Acropora composition,Low (10th percentile),0.08205185222328912,proportion of pre-event hard coral,11.25,0.6049856563216532,0.2159718520034438,0.13080465739158492,0.03206810159367548,0.29180723839054845,Bayesian beta + Bernoulli boundary,0,11.64,FALSE
manta,acropora_composition,Pre-event Acropora composition,Median (50th percentile),0.27908342553874005,proportion of pre-event hard coral,11.25,0.619190387775428,0.18447099508467166,0.11450475948479316,0.03057358381209213,0.2502970417803833,Bayesian beta + Bernoulli boundary,0,11.64,FALSE
manta,acropora_composition,Pre-event Acropora composition,High (90th percentile),0.668629531002006,proportion of pre-event hard coral,11.25,0.6428654036975312,0.13780244333426986,0.08900644053139702,0.02060128916358426,0.20407430143593303,Bayesian beta + Bernoulli boundary,0,11.64,FALSE
manta,acropora_composition,Pre-event Acropora composition,Low (10th percentile),0.08205185222328912,proportion of pre-event hard coral,11.5,0.6127083160854313,0.2203105750524279,0.13512285240999947,0.03150810670517215,0.30838848563571003,Bayesian beta + Bernoulli boundary,0,11.64,FALSE
manta,acropora_composition,Pre-event Acropora composition,Median (50th percentile),0.27908342553874005,proportion of pre-event hard coral,11.5,0.6267322675816334,0.18783719158674492,0.11801121330390854,0.03026989358854844,0.26313808149823736,Bayesian beta + Bernoulli boundary,0,11.64,FALSE
manta,acropora_composition,Pre-event Acropora composition,High (90th percentile),0.668629531002006,proportion of pre-event hard coral,11.5,0.6499022979908301,0.1397641207599519,0.09127283309246197,0.0206750973856609,0.21098131121775307,Bayesian beta + Bernoulli boundary,0,11.64,FALSE
manta,acropora_composition,Pre-event Acropora composition,Low (10th percentile),0.08205185222328912,proportion of pre-event hard coral,11.75,0.620265386066419,0.22481201999582634,0.13956843347115708,0.030855279443303567,0.3237224841395616,Bayesian beta + Bernoulli boundary,0,11.64,TRUE
manta,acropora_composition,Pre-event Acropora composition,Median (50th percentile),0.27908342553874005,proportion of pre-event hard coral,11.75,0.6341012941521394,0.19136626820907873,0.12163631304439414,0.02931280053345155,0.27735425431165633,Bayesian beta + Bernoulli boundary,0,11.64,TRUE
manta,acropora_composition,Pre-event Acropora composition,High (90th percentile),0.668629531002006,proportion of pre-event hard coral,11.75,0.6567686113829253,0.1418527524258162,0.09362527290197882,0.02048271266409,0.2187685997709931,Bayesian beta + Bernoulli boundary,0,11.64,TRUE
manta,acropora_composition,Pre-event Acropora composition,Low (10th percentile),0.08205185222328912,proportion of pre-event hard coral,12,0.6276545446647084,0.22944910933480003,0.14412533368814517,0.029895473099137777,0.3380301407297706,Bayesian beta + Bernoulli boundary,0,11.64,TRUE
manta,acropora_composition,Pre-event Acropora composition,Median (50th percentile),0.27908342553874005,proportion of pre-event hard coral,12,0.6412961143190457,0.19503927305233867,0.1253692367069755,0.028179611182606215,0.29081158667529183,Bayesian beta + Bernoulli boundary,0,11.64,TRUE
manta,acropora_composition,Pre-event Acropora composition,High (90th percentile),0.668629531002006,proportion of pre-event hard coral,12,0.6634642460840867,0.14405892734390355,0.09605886144979892,0.020366883072751744,0.228830590347965,Bayesian beta + Bernoulli boundary,0,11.64,TRUE
manta,acropora_composition,Pre-event Acropora composition,Low (10th percentile),0.08205185222328912,proportion of pre-event hard coral,12.25,0.6348741694665324,0.2342055823154988,0.14878357610728488,0.028927979546776783,0.3568844445770164,Bayesian beta + Bernoulli boundary,0,11.64,TRUE
manta,acropora_composition,Pre-event Acropora composition,Median (50th percentile),0.27908342553874005,proportion of pre-event hard coral,12.25,0.6483160357590563,0.19884634777156512,0.12920450550336593,0.027092159230531994,0.30442320274637064,Bayesian beta + Bernoulli boundary,0,11.64,TRUE
manta,acropora_composition,Pre-event Acropora composition,High (90th percentile),0.668629531002006,proportion of pre-event hard coral,12.25,0.6699896330819269,0.1463794577277076,0.09857261052719493,0.01985551293209478,0.23995700369938916,Bayesian beta + Bernoulli boundary,0,11.64,TRUE
manta,acropora_composition,Pre-event Acropora composition,Low (10th percentile),0.08205185222328912,proportion of pre-event hard coral,12.5,0.6419232861952636,0.2390656116009376,0.15353305309615156,0.028131026272810306,0.37566480261589524,Bayesian beta + Bernoulli boundary,0,11.64,TRUE
manta,acropora_composition,Pre-event Acropora composition,Median (50th percentile),0.27908342553874005,proportion of pre-event hard coral,12.5,0.6551609702502089,0.20277758921396705,0.1331363362653416,0.026497883317907863,0.32017808081499066,Bayesian beta + Bernoulli boundary,0,11.64,TRUE
manta,acropora_composition,Pre-event Acropora composition,High (90th percentile),0.668629531002006,proportion of pre-event hard coral,12.5,0.6763456812211434,0.14881114113319943,0.10116539453819616,0.01934675634422406,0.25234607488300564,Bayesian beta + Bernoulli boundary,0,11.64,TRUE
manta,acropora_composition,Pre-event Acropora composition,Low (10th percentile),0.08205185222328912,proportion of pre-event hard coral,12.75,0.648801516714942,0.24401337113063762,0.15836328595294985,0.027241062715330187,0.3920490974395098,Bayesian beta + Bernoulli boundary,0,11.64,TRUE
manta,acropora_composition,Pre-event Acropora composition,Median (50th percentile),0.27908342553874005,proportion of pre-event hard coral,12.75,0.6618313774708456,0.20682259265980815,0.1371583592739387,0.025831987475430418,0.3347007724180639,Bayesian beta + Bernoulli boundary,0,11.64,TRUE
manta,acropora_composition,Pre-event Acropora composition,High (90th percentile),0.668629531002006,proportion of pre-event hard coral,12.75,0.6825337277222827,0.15135037167473187,0.1038356894655572,0.018606908309851216,0.26258550549764487,Bayesian beta + Bernoulli boundary,0,11.64,TRUE
manta,acropora_composition,Pre-event Acropora composition,Low (10th percentile),0.08205185222328912,proportion of pre-event hard coral,13,0.6555090270169217,0.24903325582247343,0.16326358880165545,0.02630728655765945,0.4082368442141142,Bayesian beta + Bernoulli boundary,0,11.64,TRUE
manta,acropora_composition,Pre-event Acropora composition,Median (50th percentile),0.27908342553874005,proportion of pre-event hard coral,13,0.6683282101521217,0.210970594946981,0.14126371803209772,0.025443594470603185,0.3507211658434897,Bayesian beta + Bernoulli boundary,0,11.64,TRUE
manta,acropora_composition,Pre-event Acropora composition,High (90th percentile),0.668629531002006,proportion of pre-event hard coral,13,0.6885554905956535,0.15399316473844524,0.10658158576323162,0.018299423761692177,0.27421222785957805,Bayesian beta + Bernoulli boundary,0,11.64,TRUE
manta,acropora_composition,Pre-event Acropora composition,Low (10th percentile),0.08205185222328912,proportion of pre-event hard coral,13.25,0.6620464759827137,0.25411007330785707,0.16822322036389603,0.025356491631705603,0.42547407142245525,Bayesian beta + Bernoulli boundary,0,11.64,TRUE
manta,acropora_composition,Pre-event Acropora composition,Median (50th percentile),0.27908342553874005,proportion of pre-event hard coral,13.25,0.6746528612234506,0.2152106169563971,0.1454451733309529,0.0247191364288954,0.3650557509074425,Bayesian beta + Bernoulli boundary,0,11.64,TRUE
manta,acropora_composition,Pre-event Acropora composition,High (90th percentile),0.668629531002006,proportion of pre-event hard coral,13.25,0.6944130233014323,0.15673518814197465,0.10940080792021796,0.017935536229090655,0.2870971657061081,Bayesian beta + Bernoulli boundary,0,11.64,TRUE
manta,acropora_composition,Pre-event Acropora composition,Low (10th percentile),0.08205185222328912,proportion of pre-event hard coral,13.5,0.6684149655764292,0.25922920485971124,0.1732315204372345,0.024263756338273153,0.44559055548929155,Bayesian beta + Bernoulli boundary,0,11.64,TRUE
manta,acropora_composition,Pre-event Acropora composition,Median (50th percentile),0.27908342553874005,proportion of pre-event hard coral,13.5,0.6808071134312301,0.21953159980054116,0.14969520697468555,0.02403672076101073,0.38220702223610464,Bayesian beta + Bernoulli boundary,0,11.64,TRUE
manta,acropora_composition,Pre-event Acropora composition,High (90th percentile),0.668629531002006,proportion of pre-event hard coral,13.5,0.7001086719135922,0.1595717982685674,0.11229073951057184,0.017459600549629247,0.2988183006648798,Bayesian beta + Bernoulli boundary,0,11.64,TRUE
manta,acropora_composition,Pre-event Acropora composition,Low (10th percentile),0.08205185222328912,proportion of pre-event hard coral,13.75,0.674615992983679,0.2643767349287729,0.17827802937567677,0.02354340887268427,0.46617282055191905,Bayesian beta + Bernoulli boundary,0,11.64,TRUE
manta,acropora_composition,Pre-event Acropora composition,Median (50th percentile),0.27908342553874005,proportion of pre-event hard coral,13.75,0.6867930917693538,0.2239225303520505,0.15400612135754685,0.02314751573646189,0.39904572983118847,Bayesian beta + Bernoulli boundary,0,11.64,TRUE
manta,acropora_composition,Pre-event Acropora composition,High (90th percentile),0.668629531002006,proportion of pre-event hard coral,13.75,0.7056450349634672,0.16249807962043492,0.1152484524088958,0.016894060971730216,0.3106704188117921,Bayesian beta + Bernoulli boundary,0,11.64,TRUE
manta,acropora_composition,Pre-event Acropora composition,Low (10th percentile),0.08205185222328912,proportion of pre-event hard coral,14,0.680651405085265,0.2695395503507114,0.18335258997430318,0.02270998764490118,0.48531245259623007,Bayesian beta + Bernoulli boundary,0,11.64,TRUE
manta,acropora_composition,Pre-event Acropora composition,Median (50th percentile),0.27908342553874005,proportion of pre-event hard coral,14,0.6926132189377098,0.22837255323134667,0.15837013212752832,0.02217731103039995,0.41863233340403017,Bayesian beta + Bernoulli boundary,0,11.64,TRUE
manta,acropora_composition,Pre-event Acropora composition,High (90th percentile),0.668629531002006,proportion of pre-event hard coral,14,0.711024926068098,0.1655088863397955,0.11827073888544916,0.015992902249473397,0.32339005933110493,Bayesian beta + Bernoulli boundary,0,11.64,TRUE
manta,acropora_composition,Pre-event Acropora composition,Low (10th percentile),0.08205185222328912,proportion of pre-event hard coral,14.25,0.6865233555373952,0.2747054113720637,0.18844543193330057,0.021778573329567973,0.5055092716584664,Bayesian beta + Bernoulli boundary,0,11.64,TRUE
manta,acropora_composition,Pre-event Acropora composition,Median (50th percentile),0.27908342553874005,proportion of pre-event hard coral,14.25,0.6982701739426775,0.23287106779015862,0.16277945222477844,0.0214976124895774,0.43526056362263305,Bayesian beta + Bernoulli boundary,0,11.64,TRUE
manta,acropora_composition,Pre-event Acropora composition,High (90th percentile),0.668629531002006,proportion of pre-event hard coral,14.25,0.7162513393883242,0.16859888447848334,0.12135414545914462,0.015506692871255012,0.33835248947336954,Bayesian beta + Bernoulli boundary,0,11.64,TRUE
manta,acropora_composition,Pre-event Acropora composition,Low (10th percentile),0.08205185222328912,proportion of pre-event hard coral,14.5,0.6922342646280993,0.27986299728075453,0.19354723959235925,0.020793649500405215,0.5259633104045828,Bayesian beta + Bernoulli boundary,0,11.64,TRUE
manta,acropora_composition,Pre-event Acropora composition,Median (50th percentile),0.27908342553874005,proportion of pre-event hard coral,14.5,0.7037668538708092,0.23740780980246817,0.16722636649635803,0.02053849261284501,0.45290982849696193,Bayesian beta + Bernoulli boundary,0,11.64,TRUE
manta,acropora_composition,Pre-event Acropora composition,High (90th percentile),0.668629531002006,proportion of pre-event hard coral,14.5,0.7213274179111088,0.17176259407983618,0.12449500761507493,0.01493099766319888,0.3523484605026984,Bayesian beta + Bernoulli boundary,0,11.64,TRUE
manta,acropora_composition,Pre-event Acropora composition,Low (10th percentile),0.08205185222328912,proportion of pre-event hard coral,14.75,0.6977867819932612,0.28500192974019517,0.19864920396464522,0.019964297388085715,0.5436120398831924,Bayesian beta + Bernoulli boundary,0,11.64,TRUE
manta,acropora_composition,Pre-event Acropora composition,Median (50th percentile),0.27908342553874005,proportion of pre-event hard coral,14.75,0.7091063388017906,0.24197291842158916,0.17170329677896243,0.019680350475729226,0.4725592441294691,Bayesian beta + Bernoulli boundary,0,11.64,TRUE
manta,acropora_composition,Pre-event Acropora composition,High (90th percentile),0.668629531002006,proportion of pre-event hard coral,14.75,0.7262564245089509,0.17499443039777848,0.12768948471960662,0.014331071856074398,0.36771535062969407,Bayesian beta + Bernoulli boundary,0,11.64,TRUE
manta,acropora_composition,Pre-event Acropora composition,Low (10th percentile),0.08205185222328912,proportion of pre-event hard coral,15,0.7031837522052744,0.29011277701695,0.20374306032259035,0.019059150088131038,0.5626509710561782,Bayesian beta + Bernoulli boundary,0,11.64,TRUE
manta,acropora_composition,Pre-event Acropora composition,Median (50th percentile),0.27908342553874005,proportion of pre-event hard coral,15,0.7142918597772923,0.2465569894814644,0.1762028577916253,0.01894974148173352,0.48923434458237786,Bayesian beta + Bernoulli boundary,0,11.64,TRUE
manta,acropora_composition,Pre-event Acropora composition,High (90th percentile),0.668629531002006,proportion of pre-event hard coral,15,0.7310417156956073,0.17828874377212453,0.13093359464308077,0.013768483407525728,0.38077053636641545,Bayesian beta + Bernoulli boundary,0,11.64,TRUE
manta,acropora_composition,Pre-event Acropora composition,Low (10th percentile),0.08205185222328912,proportion of pre-event hard coral,15.25,0.7084281831918798,0.29518704223376485,0.20882111273361376,0.018352145719336316,0.5788657564209672,Bayesian beta + Bernoulli boundary,0,11.64,TRUE
manta,acropora_composition,Pre-event Acropora composition,Median (50th percentile),0.27908342553874005,proportion of pre-event hard coral,15.25,0.7193267697061452,0.25115111646684846,0.18071790442289326,0.018025766129882884,0.5076398043210085,Bayesian beta + Bernoulli boundary,0,11.64,TRUE
manta,acropora_composition,Pre-event Acropora composition,High (90th percentile),0.668629531002006,proportion of pre-event hard coral,15.25,0.7356867179708625,0.18163985779429015,0.13422324770895044,0.01334211636174813,0.3924603008855755,Bayesian beta + Bernoulli boundary,0,11.64,TRUE
manta,acropora_composition,Pre-event Acropora composition,Low (10th percentile),0.08205185222328912,proportion of pre-event hard coral,15.5,0.7135232174007499,0.3002171386207575,0.21387624703106353,0.017512475735628478,0.5985097590827185,Bayesian beta + Bernoulli boundary,0,11.64,TRUE
manta,acropora_composition,Pre-event Acropora composition,Median (50th percentile),0.27908342553874005,proportion of pre-event hard coral,15.5,0.7242145170611531,0.2557469205290927,0.18524157108666503,0.01747614663868562,0.5263890400260115,Bayesian beta + Bernoulli boundary,0,11.64,TRUE
manta,acropora_composition,Pre-event Acropora composition,High (90th percentile),0.668629531002006,proportion of pre-event hard coral,15.5,0.7401949066269603,0.18504210544964206,0.13755427963645625,0.013009556698688507,0.40613445961352496,Bayesian beta + Bernoulli boundary,0,11.64,TRUE
manta,acropora_composition,Pre-event Acropora composition,Low (10th percentile),0.08205185222328912,proportion of pre-event hard coral,15.75,0.7184721055950442,0.3051963545106599,0.21890193374157546,0.01672465601755111,0.6148929526445133,Bayesian beta + Bernoulli boundary,0,11.64,TRUE
manta,acropora_composition,Pre-event Acropora composition,Median (50th percentile),0.27908342553874005,proportion of pre-event hard coral,15.75,0.7289586222066843,0.26033657085835504,0.18976730381574355,0.016835383598677256,0.5433811112678999,Bayesian beta + Bernoulli boundary,0,11.64,TRUE
manta,acropora_composition,Pre-event Acropora composition,High (90th percentile),0.668629531002006,proportion of pre-event hard coral,15.75,0.7445697868747793,0.18848986294165687,0.14092248315569073,0.012357531446063217,0.41937572723970856,Bayesian beta + Bernoulli boundary,0,11.64,TRUE
manta,acropora_composition,Pre-event Acropora composition,Low (10th percentile),0.08205185222328912,proportion of pre-event hard coral,16,0.7232781831445402,0.310118810554332,0.22389222247886706,0.015978762817788747,0.6340109656497251,Bayesian beta + Bernoulli boundary,0,11.64,TRUE
manta,acropora_composition,Pre-event Acropora composition,Median (50th percentile),0.27908342553874005,proportion of pre-event hard coral,16,0.733562656187151,0.2649127966003725,0.1942888857101871,0.015966376487814484,0.5609449575599385,Bayesian beta + Bernoulli boundary,0,11.64,TRUE
manta,acropora_composition,Pre-event Acropora composition,High (90th percentile),0.668629531002006,proportion of pre-event hard coral,16,0.7488148771381822,0.1919775809190913,0.1443236379769135,0.011736126476364659,0.43445852255975237,Bayesian beta + Bernoulli boundary,0,11.64,TRUE
manta,dhw_novelty10,Thermal novelty relative to prior decade,Low (10th percentile),-5.005,DHW anomaly,0,0.15521614170390613,0.16341472406638202,0.02536460296719227,,,BRT,0,11.64,FALSE
manta,dhw_novelty10,Thermal novelty relative to prior decade,Median (50th percentile),-0.44499999999999995,DHW anomaly,0,0.12413955909887321,0.22506196370158424,0.027939092943841275,,,BRT,0,11.64,FALSE
manta,dhw_novelty10,Thermal novelty relative to prior decade,High (90th percentile),4.182,DHW anomaly,0,0.41464884989791156,0.2622671696010737,0.10874878024106573,,,BRT,0,11.64,FALSE
manta,dhw_novelty10,Thermal novelty relative to prior decade,Low (10th percentile),-5.005,DHW anomaly,0.25,0.15521614170390613,0.16341472406638202,0.02536460296719227,,,BRT,0,11.64,FALSE
manta,dhw_novelty10,Thermal novelty relative to prior decade,Median (50th percentile),-0.44499999999999995,DHW anomaly,0.25,0.12413955909887321,0.22506196370158424,0.027939092943841275,,,BRT,0,11.64,FALSE
manta,dhw_novelty10,Thermal novelty relative to prior decade,High (90th percentile),4.182,DHW anomaly,0.25,0.41464884989791156,0.2622671696010737,0.10874878024106573,,,BRT,0,11.64,FALSE
manta,dhw_novelty10,Thermal novelty relative to prior decade,Low (10th percentile),-5.005,DHW anomaly,0.5,0.15521614170390613,0.16341472406638202,0.02536460296719227,,,BRT,0,11.64,FALSE
manta,dhw_novelty10,Thermal novelty relative to prior decade,Median (50th percentile),-0.44499999999999995,DHW anomaly,0.5,0.12413955909887321,0.22506196370158424,0.027939092943841275,,,BRT,0,11.64,FALSE
manta,dhw_novelty10,Thermal novelty relative to prior decade,High (90th percentile),4.182,DHW anomaly,0.5,0.41464884989791156,0.2622671696010737,0.10874878024106573,,,BRT,0,11.64,FALSE
manta,dhw_novelty10,Thermal novelty relative to prior decade,Low (10th percentile),-5.005,DHW anomaly,0.75,0.15521614170390613,0.16341472406638202,0.02536460296719227,,,BRT,0,11.64,FALSE
manta,dhw_novelty10,Thermal novelty relative to prior decade,Median (50th percentile),-0.44499999999999995,DHW anomaly,0.75,0.12413955909887321,0.22506196370158424,0.027939092943841275,,,BRT,0,11.64,FALSE
manta,dhw_novelty10,Thermal novelty relative to prior decade,High (90th percentile),4.182,DHW anomaly,0.75,0.41464884989791156,0.2622671696010737,0.10874878024106573,,,BRT,0,11.64,FALSE
manta,dhw_novelty10,Thermal novelty relative to prior decade,Low (10th percentile),-5.005,DHW anomaly,1,0.15521614170390613,0.16341472406638202,0.02536460296719227,,,BRT,0,11.64,FALSE
manta,dhw_novelty10,Thermal novelty relative to prior decade,Median (50th percentile),-0.44499999999999995,DHW anomaly,1,0.12413955909887321,0.22506196370158424,0.027939092943841275,,,BRT,0,11.64,FALSE
manta,dhw_novelty10,Thermal novelty relative to prior decade,High (90th percentile),4.182,DHW anomaly,1,0.41464884989791156,0.2622671696010737,0.10874878024106573,,,BRT,0,11.64,FALSE
manta,dhw_novelty10,Thermal novelty relative to prior decade,Low (10th percentile),-5.005,DHW anomaly,1.25,0.15521614170390613,0.16341472406638202,0.02536460296719227,,,BRT,0,11.64,FALSE
manta,dhw_novelty10,Thermal novelty relative to prior decade,Median (50th percentile),-0.44499999999999995,DHW anomaly,1.25,0.12413955909887321,0.22506196370158424,0.027939092943841275,,,BRT,0,11.64,FALSE
manta,dhw_novelty10,Thermal novelty relative to prior decade,High (90th percentile),4.182,DHW anomaly,1.25,0.41464884989791156,0.2622671696010737,0.10874878024106573,,,BRT,0,11.64,FALSE
manta,dhw_novelty10,Thermal novelty relative to prior decade,Low (10th percentile),-5.005,DHW anomaly,1.5,0.15521614170390613,0.16341472406638202,0.02536460296719227,,,BRT,0,11.64,FALSE
manta,dhw_novelty10,Thermal novelty relative to prior decade,Median (50th percentile),-0.44499999999999995,DHW anomaly,1.5,0.12413955909887321,0.22506196370158424,0.027939092943841275,,,BRT,0,11.64,FALSE
manta,dhw_novelty10,Thermal novelty relative to prior decade,High (90th percentile),4.182,DHW anomaly,1.5,0.41464884989791156,0.2622671696010737,0.10874878024106573,,,BRT,0,11.64,FALSE
manta,dhw_novelty10,Thermal novelty relative to prior decade,Low (10th percentile),-5.005,DHW anomaly,1.75,0.15521614170390613,0.16341472406638202,0.02536460296719227,,,BRT,0,11.64,FALSE
manta,dhw_novelty10,Thermal novelty relative to prior decade,Median (50th percentile),-0.44499999999999995,DHW anomaly,1.75,0.12413955909887321,0.22506196370158424,0.027939092943841275,,,BRT,0,11.64,FALSE
manta,dhw_novelty10,Thermal novelty relative to prior decade,High (90th percentile),4.182,DHW anomaly,1.75,0.41464884989791156,0.2622671696010737,0.10874878024106573,,,BRT,0,11.64,FALSE
manta,dhw_novelty10,Thermal novelty relative to prior decade,Low (10th percentile),-5.005,DHW anomaly,2,0.15521614170390613,0.16341472406638202,0.02536460296719227,,,BRT,0,11.64,FALSE
manta,dhw_novelty10,Thermal novelty relative to prior decade,Median (50th percentile),-0.44499999999999995,DHW anomaly,2,0.12413955909887321,0.22506196370158424,0.027939092943841275,,,BRT,0,11.64,FALSE
manta,dhw_novelty10,Thermal novelty relative to prior decade,High (90th percentile),4.182,DHW anomaly,2,0.41464884989791156,0.2622671696010737,0.10874878024106573,,,BRT,0,11.64,FALSE
manta,dhw_novelty10,Thermal novelty relative to prior decade,Low (10th percentile),-5.005,DHW anomaly,2.25,0.15521614170390613,0.16341472406638202,0.02536460296719227,,,BRT,0,11.64,FALSE
manta,dhw_novelty10,Thermal novelty relative to prior decade,Median (50th percentile),-0.44499999999999995,DHW anomaly,2.25,0.12413955909887321,0.22506196370158424,0.027939092943841275,,,BRT,0,11.64,FALSE
manta,dhw_novelty10,Thermal novelty relative to prior decade,High (90th percentile),4.182,DHW anomaly,2.25,0.41464884989791156,0.2622671696010737,0.10874878024106573,,,BRT,0,11.64,FALSE
manta,dhw_novelty10,Thermal novelty relative to prior decade,Low (10th percentile),-5.005,DHW anomaly,2.5,0.15521614170390613,0.16341472406638202,0.02536460296719227,,,BRT,0,11.64,FALSE
manta,dhw_novelty10,Thermal novelty relative to prior decade,Median (50th percentile),-0.44499999999999995,DHW anomaly,2.5,0.12413955909887321,0.22506196370158424,0.027939092943841275,,,BRT,0,11.64,FALSE
manta,dhw_novelty10,Thermal novelty relative to prior decade,High (90th percentile),4.182,DHW anomaly,2.5,0.41464884989791156,0.2622671696010737,0.10874878024106573,,,BRT,0,11.64,FALSE
manta,dhw_novelty10,Thermal novelty relative to prior decade,Low (10th percentile),-5.005,DHW anomaly,2.75,0.15521614170390613,0.16341472406638202,0.02536460296719227,,,BRT,0,11.64,FALSE
manta,dhw_novelty10,Thermal novelty relative to prior decade,Median (50th percentile),-0.44499999999999995,DHW anomaly,2.75,0.12413955909887321,0.22506196370158424,0.027939092943841275,,,BRT,0,11.64,FALSE
manta,dhw_novelty10,Thermal novelty relative to prior decade,High (90th percentile),4.182,DHW anomaly,2.75,0.41464884989791156,0.2622671696010737,0.10874878024106573,,,BRT,0,11.64,FALSE
manta,dhw_novelty10,Thermal novelty relative to prior decade,Low (10th percentile),-5.005,DHW anomaly,3,0.15521614170390613,0.16341472406638202,0.02536460296719227,,,BRT,0,11.64,FALSE
manta,dhw_novelty10,Thermal novelty relative to prior decade,Median (50th percentile),-0.44499999999999995,DHW anomaly,3,0.12413955909887321,0.22506196370158424,0.027939092943841275,,,BRT,0,11.64,FALSE
manta,dhw_novelty10,Thermal novelty relative to prior decade,High (90th percentile),4.182,DHW anomaly,3,0.41464884989791156,0.2622671696010737,0.10874878024106573,,,BRT,0,11.64,FALSE
manta,dhw_novelty10,Thermal novelty relative to prior decade,Low (10th percentile),-5.005,DHW anomaly,3.25,0.16277836329720638,0.16341472406638202,0.026600381322190267,,,BRT,0,11.64,FALSE
manta,dhw_novelty10,Thermal novelty relative to prior decade,Median (50th percentile),-0.44499999999999995,DHW anomaly,3.25,0.13042146004318786,0.22506196370158424,0.029352909906147567,,,BRT,0,11.64,FALSE
manta,dhw_novelty10,Thermal novelty relative to prior decade,High (90th percentile),4.182,DHW anomaly,3.25,0.42844043036513907,0.2622671696010737,0.11236585901453094,,,BRT,0,11.64,FALSE
manta,dhw_novelty10,Thermal novelty relative to prior decade,Low (10th percentile),-5.005,DHW anomaly,3.5,0.173626200559959,0.16565885837591518,0.028762718168910493,,,BRT,0,11.64,FALSE
manta,dhw_novelty10,Thermal novelty relative to prior decade,Median (50th percentile),-0.44499999999999995,DHW anomaly,3.5,0.13947219629826574,0.2273060980111174,0.031702880721599394,,,BRT,0,11.64,FALSE
manta,dhw_novelty10,Thermal novelty relative to prior decade,High (90th percentile),4.182,DHW anomaly,3.5,0.4475288509294709,0.2645113039106068,0.11837643989696993,,,BRT,0,11.64,FALSE
manta,dhw_novelty10,Thermal novelty relative to prior decade,Low (10th percentile),-5.005,DHW anomaly,3.75,0.173626200559959,0.16565885837591518,0.028762718168910493,,,BRT,0,11.64,FALSE
manta,dhw_novelty10,Thermal novelty relative to prior decade,Median (50th percentile),-0.44499999999999995,DHW anomaly,3.75,0.13947219629826574,0.2273060980111174,0.031702880721599394,,,BRT,0,11.64,FALSE
manta,dhw_novelty10,Thermal novelty relative to prior decade,High (90th percentile),4.182,DHW anomaly,3.75,0.4475288509294709,0.2645113039106068,0.11837643989696993,,,BRT,0,11.64,FALSE
manta,dhw_novelty10,Thermal novelty relative to prior decade,Low (10th percentile),-5.005,DHW anomaly,4,0.17710562240937586,0.16565885837591518,0.029339115220293106,,,BRT,0,11.64,FALSE
manta,dhw_novelty10,Thermal novelty relative to prior decade,Median (50th percentile),-0.44499999999999995,DHW anomaly,4,0.14238511042629115,0.2273060980111174,0.03236500386588231,,,BRT,0,11.64,FALSE
manta,dhw_novelty10,Thermal novelty relative to prior decade,High (90th percentile),4.182,DHW anomaly,4,0.45348507184293735,0.2645113039106068,0.11995192765717055,,,BRT,0,11.64,FALSE
manta,dhw_novelty10,Thermal novelty relative to prior decade,Low (10th percentile),-5.005,DHW anomaly,4.25,0.18248637610756702,0.1607384359674535,0.029332574680898796,,,BRT,0,11.64,FALSE
manta,dhw_novelty10,Thermal novelty relative to prior decade,Median (50th percentile),-0.44499999999999995,DHW anomaly,4.25,0.14689930875475388,0.2223856756026557,0.03266830202298906,,,BRT,0,11.64,FALSE
manta,dhw_novelty10,Thermal novelty relative to prior decade,High (90th percentile),4.182,DHW anomaly,4.25,0.4625428689861852,0.262829238284993,0.12156978992979436,,,BRT,0,11.64,FALSE
manta,dhw_novelty10,Thermal novelty relative to prior decade,Low (10th percentile),-5.005,DHW anomaly,4.5,0.18663957056774758,0.14123579570266703,0.026360188258739904,,,BRT,0,11.64,FALSE
manta,dhw_novelty10,Thermal novelty relative to prior decade,Median (50th percentile),-0.44499999999999995,DHW anomaly,4.5,0.1503915749650216,0.2062825300853554,0.031023154587306048,,,BRT,0,11.64,FALSE
manta,dhw_novelty10,Thermal novelty relative to prior decade,High (90th percentile),4.182,DHW anomaly,4.5,0.46941007019381076,0.2467260927676927,0.11581571252472729,,,BRT,0,11.64,FALSE
manta,dhw_novelty10,Thermal novelty relative to prior decade,Low (10th percentile),-5.005,DHW anomaly,4.75,0.18663957056774758,0.14123579570266703,0.026360188258739904,,,BRT,0,11.64,FALSE
manta,dhw_novelty10,Thermal novelty relative to prior decade,Median (50th percentile),-0.44499999999999995,DHW anomaly,4.75,0.1503915749650216,0.2062825300853554,0.031023154587306048,,,BRT,0,11.64,FALSE
manta,dhw_novelty10,Thermal novelty relative to prior decade,High (90th percentile),4.182,DHW anomaly,4.75,0.46941007019381076,0.2467260927676927,0.11581571252472729,,,BRT,0,11.64,FALSE
manta,dhw_novelty10,Thermal novelty relative to prior decade,Low (10th percentile),-5.005,DHW anomaly,5,0.18663957056774758,0.14123579570266703,0.026360188258739904,,,BRT,0,11.64,FALSE
manta,dhw_novelty10,Thermal novelty relative to prior decade,Median (50th percentile),-0.44499999999999995,DHW anomaly,5,0.1503915749650216,0.2062825300853554,0.031023154587306048,,,BRT,0,11.64,FALSE
manta,dhw_novelty10,Thermal novelty relative to prior decade,High (90th percentile),4.182,DHW anomaly,5,0.46941007019381076,0.2467260927676927,0.11581571252472729,,,BRT,0,11.64,FALSE
manta,dhw_novelty10,Thermal novelty relative to prior decade,Low (10th percentile),-5.005,DHW anomaly,5.25,0.25094013535771753,0.13459704843133885,0.033775801552109436,,,BRT,0,11.64,FALSE
manta,dhw_novelty10,Thermal novelty relative to prior decade,Median (50th percentile),-0.44499999999999995,DHW anomaly,5.25,0.20535706063228307,0.19964378281402723,0.04099826041219854,,,BRT,0,11.64,FALSE
manta,dhw_novelty10,Thermal novelty relative to prior decade,High (90th percentile),4.182,DHW anomaly,5.25,0.5636226928143869,0.2400873454963645,0.13531867617931903,,,BRT,0,11.64,FALSE
manta,dhw_novelty10,Thermal novelty relative to prior decade,Low (10th percentile),-5.005,DHW anomaly,5.5,0.2525075542772269,0.13459704843133885,0.03398677151233083,,,BRT,0,11.64,FALSE
manta,dhw_novelty10,Thermal novelty relative to prior decade,Median (50th percentile),-0.44499999999999995,DHW anomaly,5.5,0.20671833355375482,0.19964378281402723,0.041270030087683464,,,BRT,0,11.64,FALSE
manta,dhw_novelty10,Thermal novelty relative to prior decade,High (90th percentile),4.182,DHW anomaly,5.5,0.5656682808093032,0.2400873454963645,0.1358097959709977,,,BRT,0,11.64,FALSE
manta,dhw_novelty10,Thermal novelty relative to prior decade,Low (10th percentile),-5.005,DHW anomaly,5.75,0.2864789977164743,0.13723841417239077,0.039315923340304884,,,BRT,0,11.64,FALSE
manta,dhw_novelty10,Thermal novelty relative to prior decade,Median (50th percentile),-0.44499999999999995,DHW anomaly,5.75,0.23647835319977115,0.20228514855507915,0.047836058807076184,,,BRT,0,11.64,FALSE
manta,dhw_novelty10,Thermal novelty relative to prior decade,High (90th percentile),4.182,DHW anomaly,5.75,0.6075286147833475,0.24272871123741643,0.14746463770621476,,,BRT,0,11.64,FALSE
manta,dhw_novelty10,Thermal novelty relative to prior decade,Low (10th percentile),-5.005,DHW anomaly,6,0.2958044311798359,0.15497992622213683,0.045843748920432116,,,BRT,0,11.64,FALSE
manta,dhw_novelty10,Thermal novelty relative to prior decade,Median (50th percentile),-0.44499999999999995,DHW anomaly,6,0.24473443576426407,0.2200266606048252,0.053848100636217124,,,BRT,0,11.64,FALSE
manta,dhw_novelty10,Thermal novelty relative to prior decade,High (90th percentile),4.182,DHW anomaly,6,0.6182494677697205,0.26047022328716246,0.16103557691714843,,,BRT,0,11.64,FALSE
manta,dhw_novelty10,Thermal novelty relative to prior decade,Low (10th percentile),-5.005,DHW anomaly,6.25,0.2958044311798359,0.15710958747449563,0.04647371215579185,,,BRT,0,11.64,FALSE
manta,dhw_novelty10,Thermal novelty relative to prior decade,Median (50th percentile),-0.44499999999999995,DHW anomaly,6.25,0.24473443576426407,0.222156321857184,0.05436930208118217,,,BRT,0,11.64,FALSE
manta,dhw_novelty10,Thermal novelty relative to prior decade,High (90th percentile),4.182,DHW anomaly,6.25,0.6182494677697205,0.26259988453952116,0.162352238852949,,,BRT,0,11.64,FALSE
manta,dhw_novelty10,Thermal novelty relative to prior decade,Low (10th percentile),-5.005,DHW anomaly,6.5,0.2958044311798359,0.15710958747449563,0.04647371215579185,,,BRT,0,11.64,FALSE
manta,dhw_novelty10,Thermal novelty relative to prior decade,Median (50th percentile),-0.44499999999999995,DHW anomaly,6.5,0.24473443576426407,0.222156321857184,0.05436930208118217,,,BRT,0,11.64,FALSE
manta,dhw_novelty10,Thermal novelty relative to prior decade,High (90th percentile),4.182,DHW anomaly,6.5,0.6182494677697205,0.26259988453952116,0.162352238852949,,,BRT,0,11.64,FALSE
manta,dhw_novelty10,Thermal novelty relative to prior decade,Low (10th percentile),-5.005,DHW anomaly,6.75,0.28869044125111126,0.15384389813499458,0.0444132628363826,,,BRT,0,11.64,FALSE
manta,dhw_novelty10,Thermal novelty relative to prior decade,Median (50th percentile),-0.44499999999999995,DHW anomaly,6.75,0.23843280085921562,0.21889063251768295,0.05219070659303644,,,BRT,0,11.64,FALSE
manta,dhw_novelty10,Thermal novelty relative to prior decade,High (90th percentile),4.182,DHW anomaly,6.75,0.6100992780920849,0.2593341952000202,0.15821960527612416,,,BRT,0,11.64,FALSE
manta,dhw_novelty10,Thermal novelty relative to prior decade,Low (10th percentile),-5.005,DHW anomaly,7,0.311472258159562,0.15732448558013876,0.049002212787437265,,,BRT,0,11.64,FALSE
manta,dhw_novelty10,Thermal novelty relative to prior decade,Median (50th percentile),-0.44499999999999995,DHW anomaly,7,0.25869095217989013,0.22237121996282713,0.05752542262958754,,,BRT,0,11.64,FALSE
manta,dhw_novelty10,Thermal novelty relative to prior decade,High (90th percentile),4.182,DHW anomaly,7,0.6355813981880032,0.2628147826451644,0.16704018701808973,,,BRT,0,11.64,FALSE
manta,dhw_novelty10,Thermal novelty relative to prior decade,Low (10th percentile),-5.005,DHW anomaly,7.25,0.311472258159562,0.18308191426915338,0.057024937265588535,,,BRT,0,11.64,FALSE
manta,dhw_novelty10,Thermal novelty relative to prior decade,Median (50th percentile),-0.44499999999999995,DHW anomaly,7.25,0.25869095217989013,0.24812864865184178,0.06418863638285437,,,BRT,0,11.64,FALSE
manta,dhw_novelty10,Thermal novelty relative to prior decade,High (90th percentile),4.182,DHW anomaly,7.25,0.6355813981880032,0.2885722113341792,0.18341112955798156,,,BRT,0,11.64,FALSE
manta,dhw_novelty10,Thermal novelty relative to prior decade,Low (10th percentile),-5.005,DHW anomaly,7.5,0.311472258159562,0.18308191426915338,0.057024937265588535,,,BRT,0,11.64,FALSE
manta,dhw_novelty10,Thermal novelty relative to prior decade,Median (50th percentile),-0.44499999999999995,DHW anomaly,7.5,0.25869095217989013,0.24812864865184178,0.06418863638285437,,,BRT,0,11.64,FALSE
manta,dhw_novelty10,Thermal novelty relative to prior decade,High (90th percentile),4.182,DHW anomaly,7.5,0.6355813981880032,0.2885722113341792,0.18341112955798156,,,BRT,0,11.64,FALSE
manta,dhw_novelty10,Thermal novelty relative to prior decade,Low (10th percentile),-5.005,DHW anomaly,7.75,0.3316526854077126,0.18308191426915338,0.06071960851694933,,,BRT,0,11.64,FALSE
manta,dhw_novelty10,Thermal novelty relative to prior decade,Median (50th percentile),-0.44499999999999995,DHW anomaly,7.75,0.27682657502563024,0.24812864865184178,0.06868860397202732,,,BRT,0,11.64,FALSE
manta,dhw_novelty10,Thermal novelty relative to prior decade,High (90th percentile),4.182,DHW anomaly,7.75,0.6567315663207512,0.2885722113341792,0.18951448034613835,,,BRT,0,11.64,FALSE
manta,dhw_novelty10,Thermal novelty relative to prior decade,Low (10th percentile),-5.005,DHW anomaly,8,0.3316526854077126,0.18308191426915338,0.06071960851694933,,,BRT,0,11.64,FALSE
manta,dhw_novelty10,Thermal novelty relative to prior decade,Median (50th percentile),-0.44499999999999995,DHW anomaly,8,0.27682657502563024,0.24812864865184178,0.06868860397202732,,,BRT,0,11.64,FALSE
manta,dhw_novelty10,Thermal novelty relative to prior decade,High (90th percentile),4.182,DHW anomaly,8,0.6567315663207512,0.2885722113341792,0.18951448034613835,,,BRT,0,11.64,FALSE
manta,dhw_novelty10,Thermal novelty relative to prior decade,Low (10th percentile),-5.005,DHW anomaly,8.25,0.4794122528650917,0.18308191426915338,0.0877717129786284,,,BRT,0,11.64,FALSE
manta,dhw_novelty10,Thermal novelty relative to prior decade,Median (50th percentile),-0.44499999999999995,DHW anomaly,8.25,0.4179423045873649,0.24812864865184178,0.10370345925169931,,,BRT,0,11.64,FALSE
manta,dhw_novelty10,Thermal novelty relative to prior decade,High (90th percentile),4.182,DHW anomaly,8.25,0.7820740781649155,0.2885722113341792,0.22568484616318937,,,BRT,0,11.64,FALSE
manta,dhw_novelty10,Thermal novelty relative to prior decade,Low (10th percentile),-5.005,DHW anomaly,8.5,0.5571499088481218,0.18308191426915338,0.10200407184679845,,,BRT,0,11.64,FALSE
manta,dhw_novelty10,Thermal novelty relative to prior decade,Median (50th percentile),-0.44499999999999995,DHW anomaly,8.5,0.4951937524115241,0.24812864865184178,0.12287175660670618,,,BRT,0,11.64,FALSE
manta,dhw_novelty10,Thermal novelty relative to prior decade,High (90th percentile),4.182,DHW anomaly,8.5,0.8305872401700691,0.2885722113341792,0.23968439660182986,,,BRT,0,11.64,FALSE
manta,dhw_novelty10,Thermal novelty relative to prior decade,Low (10th percentile),-5.005,DHW anomaly,8.75,0.595887721000949,0.18661932018350316,0.11120416139889411,,,BRT,0,11.64,FALSE
manta,dhw_novelty10,Thermal novelty relative to prior decade,Median (50th percentile),-0.44499999999999995,DHW anomaly,8.75,0.5348262409612005,0.25166605456619157,0.1345976099411726,,,BRT,0,11.64,FALSE
manta,dhw_novelty10,Thermal novelty relative to prior decade,High (90th percentile),4.182,DHW anomaly,8.75,0.8517699914527207,0.29382863631157397,0.25027441503967396,,,BRT,0,11.64,FALSE
manta,dhw_novelty10,Thermal novelty relative to prior decade,Low (10th percentile),-5.005,DHW anomaly,9,0.595887721000949,0.19400959522020603,0.11560793554808518,,,BRT,0,11.64,FALSE
manta,dhw_novelty10,Thermal novelty relative to prior decade,Median (50th percentile),-0.44499999999999995,DHW anomaly,9,0.5348262409612005,0.2565177963559456,0.13719244876470113,,,BRT,0,11.64,FALSE
manta,dhw_novelty10,Thermal novelty relative to prior decade,High (90th percentile),4.182,DHW anomaly,9,0.8517699914527207,0.298680378101328,0.25440698310246357,,,BRT,0,11.64,FALSE
manta,dhw_novelty10,Thermal novelty relative to prior decade,Low (10th percentile),-5.005,DHW anomaly,9.25,0.595887721000949,0.19400959522020603,0.11560793554808518,,,BRT,0,11.64,FALSE
manta,dhw_novelty10,Thermal novelty relative to prior decade,Median (50th percentile),-0.44499999999999995,DHW anomaly,9.25,0.5348262409612005,0.2565177963559456,0.13719244876470113,,,BRT,0,11.64,FALSE
manta,dhw_novelty10,Thermal novelty relative to prior decade,High (90th percentile),4.182,DHW anomaly,9.25,0.8517699914527207,0.298680378101328,0.25440698310246357,,,BRT,0,11.64,FALSE
manta,dhw_novelty10,Thermal novelty relative to prior decade,Low (10th percentile),-5.005,DHW anomaly,9.5,0.5849579829059999,0.2081512046837077,0.12175970883123557,,,BRT,0,11.64,FALSE
manta,dhw_novelty10,Thermal novelty relative to prior decade,Median (50th percentile),-0.44499999999999995,DHW anomaly,9.5,0.5235654416915557,0.2706594058194476,0.1417079113558331,,,BRT,0,11.64,FALSE
manta,dhw_novelty10,Thermal novelty relative to prior decade,High (90th percentile),4.182,DHW anomaly,9.5,0.8459720319790687,0.3150752864858945,0.26654488033485935,,,BRT,0,11.64,FALSE
manta,dhw_novelty10,Thermal novelty relative to prior decade,Low (10th percentile),-5.005,DHW anomaly,9.75,0.5849579829059999,0.22090998632062656,0.12922306000190573,,,BRT,0,11.64,FALSE
manta,dhw_novelty10,Thermal novelty relative to prior decade,Median (50th percentile),-0.44499999999999995,DHW anomaly,9.75,0.5235654416915557,0.2834181874563665,0.14838796849901265,,,BRT,0,11.64,FALSE
manta,dhw_novelty10,Thermal novelty relative to prior decade,High (90th percentile),4.182,DHW anomaly,9.75,0.8459720319790687,0.32783406812281335,0.27733845276182084,,,BRT,0,11.64,FALSE
manta,dhw_novelty10,Thermal novelty relative to prior decade,Low (10th percentile),-5.005,DHW anomaly,10,0.5849579829059999,0.22090998632062656,0.12922306000190573,,,BRT,0,11.64,FALSE
manta,dhw_novelty10,Thermal novelty relative to prior decade,Median (50th percentile),-0.44499999999999995,DHW anomaly,10,0.5235654416915557,0.2834181874563665,0.14838796849901265,,,BRT,0,11.64,FALSE
manta,dhw_novelty10,Thermal novelty relative to prior decade,High (90th percentile),4.182,DHW anomaly,10,0.8459720319790687,0.32783406812281335,0.27733845276182084,,,BRT,0,11.64,FALSE
manta,dhw_novelty10,Thermal novelty relative to prior decade,Low (10th percentile),-5.005,DHW anomaly,10.25,0.5849579829059999,0.22749594585737984,0.13307556960802547,,,BRT,0,11.64,FALSE
manta,dhw_novelty10,Thermal novelty relative to prior decade,Median (50th percentile),-0.44499999999999995,DHW anomaly,10.25,0.5235654416915557,0.2882586455103355,0.1509222650580284,,,BRT,0,11.64,FALSE
manta,dhw_novelty10,Thermal novelty relative to prior decade,High (90th percentile),4.182,DHW anomaly,10.25,0.8459720319790687,0.33267452617678234,0.2814333448974464,,,BRT,0,11.64,FALSE
manta,dhw_novelty10,Thermal novelty relative to prior decade,Low (10th percentile),-5.005,DHW anomaly,10.5,0.5849579829059999,0.22749594585737984,0.13307556960802547,,,BRT,0,11.64,FALSE
manta,dhw_novelty10,Thermal novelty relative to prior decade,Median (50th percentile),-0.44499999999999995,DHW anomaly,10.5,0.5235654416915557,0.2882586455103355,0.1509222650580284,,,BRT,0,11.64,FALSE
manta,dhw_novelty10,Thermal novelty relative to prior decade,High (90th percentile),4.182,DHW anomaly,10.5,0.8459720319790687,0.33267452617678234,0.2814333448974464,,,BRT,0,11.64,FALSE
manta,dhw_novelty10,Thermal novelty relative to prior decade,Low (10th percentile),-5.005,DHW anomaly,10.75,0.5849579829059999,0.22749594585737984,0.13307556960802547,,,BRT,0,11.64,FALSE
manta,dhw_novelty10,Thermal novelty relative to prior decade,Median (50th percentile),-0.44499999999999995,DHW anomaly,10.75,0.5235654416915557,0.2882586455103355,0.1509222650580284,,,BRT,0,11.64,FALSE
manta,dhw_novelty10,Thermal novelty relative to prior decade,High (90th percentile),4.182,DHW anomaly,10.75,0.8459720319790687,0.33267452617678234,0.2814333448974464,,,BRT,0,11.64,FALSE
manta,dhw_novelty10,Thermal novelty relative to prior decade,Low (10th percentile),-5.005,DHW anomaly,11,0.5849579829059999,0.23841992579236873,0.1394656388761022,,,BRT,0,11.64,FALSE
manta,dhw_novelty10,Thermal novelty relative to prior decade,Median (50th percentile),-0.44499999999999995,DHW anomaly,11,0.5235654416915557,0.2991826254453243,0.1566416834377205,,,BRT,0,11.64,FALSE
manta,dhw_novelty10,Thermal novelty relative to prior decade,High (90th percentile),4.182,DHW anomaly,11,0.8459720319790687,0.34359850611177123,0.2906747264003475,,,BRT,0,11.64,FALSE
manta,dhw_novelty10,Thermal novelty relative to prior decade,Low (10th percentile),-5.005,DHW anomaly,11.25,0.5849579829059999,0.2426984776295514,0.14196841192853932,,,BRT,0,11.64,FALSE
manta,dhw_novelty10,Thermal novelty relative to prior decade,Median (50th percentile),-0.44499999999999995,DHW anomaly,11.25,0.5235654416915557,0.303461177282507,0.15888178532015526,,,BRT,0,11.64,FALSE
manta,dhw_novelty10,Thermal novelty relative to prior decade,High (90th percentile),4.182,DHW anomaly,11.25,0.8459720319790687,0.3478770579489539,0.29429426159197675,,,BRT,0,11.64,FALSE
manta,dhw_novelty10,Thermal novelty relative to prior decade,Low (10th percentile),-5.005,DHW anomaly,11.5,0.5849579829059999,0.2426984776295514,0.14196841192853932,,,BRT,0,11.64,FALSE
manta,dhw_novelty10,Thermal novelty relative to prior decade,Median (50th percentile),-0.44499999999999995,DHW anomaly,11.5,0.5235654416915557,0.303461177282507,0.15888178532015526,,,BRT,0,11.64,FALSE
manta,dhw_novelty10,Thermal novelty relative to prior decade,High (90th percentile),4.182,DHW anomaly,11.5,0.8459720319790687,0.3478770579489539,0.29429426159197675,,,BRT,0,11.64,FALSE
manta,dhw_novelty10,Thermal novelty relative to prior decade,Low (10th percentile),-5.005,DHW anomaly,11.75,0.5849579829059999,0.2426984776295514,0.14196841192853932,,,BRT,0,11.64,TRUE
manta,dhw_novelty10,Thermal novelty relative to prior decade,Median (50th percentile),-0.44499999999999995,DHW anomaly,11.75,0.5235654416915557,0.303461177282507,0.15888178532015526,,,BRT,0,11.64,TRUE
manta,dhw_novelty10,Thermal novelty relative to prior decade,High (90th percentile),4.182,DHW anomaly,11.75,0.8459720319790687,0.3478770579489539,0.29429426159197675,,,BRT,0,11.64,TRUE
manta,dhw_novelty10,Thermal novelty relative to prior decade,Low (10th percentile),-5.005,DHW anomaly,12,0.5849579829059999,0.2426984776295514,0.14196841192853932,,,BRT,0,11.64,TRUE
manta,dhw_novelty10,Thermal novelty relative to prior decade,Median (50th percentile),-0.44499999999999995,DHW anomaly,12,0.5235654416915557,0.303461177282507,0.15888178532015526,,,BRT,0,11.64,TRUE
manta,dhw_novelty10,Thermal novelty relative to prior decade,High (90th percentile),4.182,DHW anomaly,12,0.8459720319790687,0.3478770579489539,0.29429426159197675,,,BRT,0,11.64,TRUE
manta,dhw_novelty10,Thermal novelty relative to prior decade,Low (10th percentile),-5.005,DHW anomaly,12.25,0.5849579829059999,0.2426984776295514,0.14196841192853932,,,BRT,0,11.64,TRUE
manta,dhw_novelty10,Thermal novelty relative to prior decade,Median (50th percentile),-0.44499999999999995,DHW anomaly,12.25,0.5235654416915557,0.303461177282507,0.15888178532015526,,,BRT,0,11.64,TRUE
manta,dhw_novelty10,Thermal novelty relative to prior decade,High (90th percentile),4.182,DHW anomaly,12.25,0.8459720319790687,0.3478770579489539,0.29429426159197675,,,BRT,0,11.64,TRUE
manta,dhw_novelty10,Thermal novelty relative to prior decade,Low (10th percentile),-5.005,DHW anomaly,12.5,0.5849579829059999,0.2426984776295514,0.14196841192853932,,,BRT,0,11.64,TRUE
manta,dhw_novelty10,Thermal novelty relative to prior decade,Median (50th percentile),-0.44499999999999995,DHW anomaly,12.5,0.5235654416915557,0.303461177282507,0.15888178532015526,,,BRT,0,11.64,TRUE
manta,dhw_novelty10,Thermal novelty relative to prior decade,High (90th percentile),4.182,DHW anomaly,12.5,0.8459720319790687,0.3478770579489539,0.29429426159197675,,,BRT,0,11.64,TRUE
manta,dhw_novelty10,Thermal novelty relative to prior decade,Low (10th percentile),-5.005,DHW anomaly,12.75,0.5849579829059999,0.2426984776295514,0.14196841192853932,,,BRT,0,11.64,TRUE
manta,dhw_novelty10,Thermal novelty relative to prior decade,Median (50th percentile),-0.44499999999999995,DHW anomaly,12.75,0.5235654416915557,0.303461177282507,0.15888178532015526,,,BRT,0,11.64,TRUE
manta,dhw_novelty10,Thermal novelty relative to prior decade,High (90th percentile),4.182,DHW anomaly,12.75,0.8459720319790687,0.3478770579489539,0.29429426159197675,,,BRT,0,11.64,TRUE
manta,dhw_novelty10,Thermal novelty relative to prior decade,Low (10th percentile),-5.005,DHW anomaly,13,0.5849579829059999,0.2426984776295514,0.14196841192853932,,,BRT,0,11.64,TRUE
manta,dhw_novelty10,Thermal novelty relative to prior decade,Median (50th percentile),-0.44499999999999995,DHW anomaly,13,0.5235654416915557,0.303461177282507,0.15888178532015526,,,BRT,0,11.64,TRUE
manta,dhw_novelty10,Thermal novelty relative to prior decade,High (90th percentile),4.182,DHW anomaly,13,0.8459720319790687,0.3478770579489539,0.29429426159197675,,,BRT,0,11.64,TRUE
manta,dhw_novelty10,Thermal novelty relative to prior decade,Low (10th percentile),-5.005,DHW anomaly,13.25,0.5849579829059999,0.2426984776295514,0.14196841192853932,,,BRT,0,11.64,TRUE
manta,dhw_novelty10,Thermal novelty relative to prior decade,Median (50th percentile),-0.44499999999999995,DHW anomaly,13.25,0.5235654416915557,0.303461177282507,0.15888178532015526,,,BRT,0,11.64,TRUE
manta,dhw_novelty10,Thermal novelty relative to prior decade,High (90th percentile),4.182,DHW anomaly,13.25,0.8459720319790687,0.3478770579489539,0.29429426159197675,,,BRT,0,11.64,TRUE
manta,dhw_novelty10,Thermal novelty relative to prior decade,Low (10th percentile),-5.005,DHW anomaly,13.5,0.5849579829059999,0.2426984776295514,0.14196841192853932,,,BRT,0,11.64,TRUE
manta,dhw_novelty10,Thermal novelty relative to prior decade,Median (50th percentile),-0.44499999999999995,DHW anomaly,13.5,0.5235654416915557,0.303461177282507,0.15888178532015526,,,BRT,0,11.64,TRUE
manta,dhw_novelty10,Thermal novelty relative to prior decade,High (90th percentile),4.182,DHW anomaly,13.5,0.8459720319790687,0.3478770579489539,0.29429426159197675,,,BRT,0,11.64,TRUE
manta,dhw_novelty10,Thermal novelty relative to prior decade,Low (10th percentile),-5.005,DHW anomaly,13.75,0.5849579829059999,0.2426984776295514,0.14196841192853932,,,BRT,0,11.64,TRUE
manta,dhw_novelty10,Thermal novelty relative to prior decade,Median (50th percentile),-0.44499999999999995,DHW anomaly,13.75,0.5235654416915557,0.303461177282507,0.15888178532015526,,,BRT,0,11.64,TRUE
manta,dhw_novelty10,Thermal novelty relative to prior decade,High (90th percentile),4.182,DHW anomaly,13.75,0.8459720319790687,0.3478770579489539,0.29429426159197675,,,BRT,0,11.64,TRUE
manta,dhw_novelty10,Thermal novelty relative to prior decade,Low (10th percentile),-5.005,DHW anomaly,14,0.5849579829059999,0.2426984776295514,0.14196841192853932,,,BRT,0,11.64,TRUE
manta,dhw_novelty10,Thermal novelty relative to prior decade,Median (50th percentile),-0.44499999999999995,DHW anomaly,14,0.5235654416915557,0.303461177282507,0.15888178532015526,,,BRT,0,11.64,TRUE
manta,dhw_novelty10,Thermal novelty relative to prior decade,High (90th percentile),4.182,DHW anomaly,14,0.8459720319790687,0.3478770579489539,0.29429426159197675,,,BRT,0,11.64,TRUE
manta,dhw_novelty10,Thermal novelty relative to prior decade,Low (10th percentile),-5.005,DHW anomaly,14.25,0.5849579829059999,0.2426984776295514,0.14196841192853932,,,BRT,0,11.64,TRUE
manta,dhw_novelty10,Thermal novelty relative to prior decade,Median (50th percentile),-0.44499999999999995,DHW anomaly,14.25,0.5235654416915557,0.303461177282507,0.15888178532015526,,,BRT,0,11.64,TRUE
manta,dhw_novelty10,Thermal novelty relative to prior decade,High (90th percentile),4.182,DHW anomaly,14.25,0.8459720319790687,0.3478770579489539,0.29429426159197675,,,BRT,0,11.64,TRUE
manta,dhw_novelty10,Thermal novelty relative to prior decade,Low (10th percentile),-5.005,DHW anomaly,14.5,0.5849579829059999,0.2426984776295514,0.14196841192853932,,,BRT,0,11.64,TRUE
manta,dhw_novelty10,Thermal novelty relative to prior decade,Median (50th percentile),-0.44499999999999995,DHW anomaly,14.5,0.5235654416915557,0.303461177282507,0.15888178532015526,,,BRT,0,11.64,TRUE
manta,dhw_novelty10,Thermal novelty relative to prior decade,High (90th percentile),4.182,DHW anomaly,14.5,0.8459720319790687,0.3478770579489539,0.29429426159197675,,,BRT,0,11.64,TRUE
manta,dhw_novelty10,Thermal novelty relative to prior decade,Low (10th percentile),-5.005,DHW anomaly,14.75,0.5849579829059999,0.2426984776295514,0.14196841192853932,,,BRT,0,11.64,TRUE
manta,dhw_novelty10,Thermal novelty relative to prior decade,Median (50th percentile),-0.44499999999999995,DHW anomaly,14.75,0.5235654416915557,0.303461177282507,0.15888178532015526,,,BRT,0,11.64,TRUE
manta,dhw_novelty10,Thermal novelty relative to prior decade,High (90th percentile),4.182,DHW anomaly,14.75,0.8459720319790687,0.3478770579489539,0.29429426159197675,,,BRT,0,11.64,TRUE
manta,dhw_novelty10,Thermal novelty relative to prior decade,Low (10th percentile),-5.005,DHW anomaly,15,0.5849579829059999,0.2426984776295514,0.14196841192853932,,,BRT,0,11.64,TRUE
manta,dhw_novelty10,Thermal novelty relative to prior decade,Median (50th percentile),-0.44499999999999995,DHW anomaly,15,0.5235654416915557,0.303461177282507,0.15888178532015526,,,BRT,0,11.64,TRUE
manta,dhw_novelty10,Thermal novelty relative to prior decade,High (90th percentile),4.182,DHW anomaly,15,0.8459720319790687,0.3478770579489539,0.29429426159197675,,,BRT,0,11.64,TRUE
manta,dhw_novelty10,Thermal novelty relative to prior decade,Low (10th percentile),-5.005,DHW anomaly,15.25,0.5849579829059999,0.2426984776295514,0.14196841192853932,,,BRT,0,11.64,TRUE
manta,dhw_novelty10,Thermal novelty relative to prior decade,Median (50th percentile),-0.44499999999999995,DHW anomaly,15.25,0.5235654416915557,0.303461177282507,0.15888178532015526,,,BRT,0,11.64,TRUE
manta,dhw_novelty10,Thermal novelty relative to prior decade,High (90th percentile),4.182,DHW anomaly,15.25,0.8459720319790687,0.3478770579489539,0.29429426159197675,,,BRT,0,11.64,TRUE
manta,dhw_novelty10,Thermal novelty relative to prior decade,Low (10th percentile),-5.005,DHW anomaly,15.5,0.5849579829059999,0.2426984776295514,0.14196841192853932,,,BRT,0,11.64,TRUE
manta,dhw_novelty10,Thermal novelty relative to prior decade,Median (50th percentile),-0.44499999999999995,DHW anomaly,15.5,0.5235654416915557,0.303461177282507,0.15888178532015526,,,BRT,0,11.64,TRUE
manta,dhw_novelty10,Thermal novelty relative to prior decade,High (90th percentile),4.182,DHW anomaly,15.5,0.8459720319790687,0.3478770579489539,0.29429426159197675,,,BRT,0,11.64,TRUE
manta,dhw_novelty10,Thermal novelty relative to prior decade,Low (10th percentile),-5.005,DHW anomaly,15.75,0.5849579829059999,0.2426984776295514,0.14196841192853932,,,BRT,0,11.64,TRUE
manta,dhw_novelty10,Thermal novelty relative to prior decade,Median (50th percentile),-0.44499999999999995,DHW anomaly,15.75,0.5235654416915557,0.303461177282507,0.15888178532015526,,,BRT,0,11.64,TRUE
manta,dhw_novelty10,Thermal novelty relative to prior decade,High (90th percentile),4.182,DHW anomaly,15.75,0.8459720319790687,0.3478770579489539,0.29429426159197675,,,BRT,0,11.64,TRUE
manta,dhw_novelty10,Thermal novelty relative to prior decade,Low (10th percentile),-5.005,DHW anomaly,16,0.5849579829059999,0.2426984776295514,0.14196841192853932,,,BRT,0,11.64,TRUE
manta,dhw_novelty10,Thermal novelty relative to prior decade,Median (50th percentile),-0.44499999999999995,DHW anomaly,16,0.5235654416915557,0.303461177282507,0.15888178532015526,,,BRT,0,11.64,TRUE
manta,dhw_novelty10,Thermal novelty relative to prior decade,High (90th percentile),4.182,DHW anomaly,16,0.8459720319790687,0.3478770579489539,0.29429426159197675,,,BRT,0,11.64,TRUE
manta,dhw_novelty10,Thermal novelty relative to prior decade,Low (10th percentile),-5.005,DHW anomaly,0,0.19211218268490307,0.2344403901275883,0.04511842301335259,0.007064575110680866,0.12617322766445022,Bayesian beta + Bernoulli boundary,0,11.64,FALSE
manta,dhw_novelty10,Thermal novelty relative to prior decade,Median (50th percentile),-0.44499999999999995,DHW anomaly,0,0.2437279437505778,0.16674374616746807,0.04056119784214208,0.006165141446236077,0.10965396813970087,Bayesian beta + Bernoulli boundary,0,11.64,FALSE
manta,dhw_novelty10,Thermal novelty relative to prior decade,High (90th percentile),4.182,DHW anomaly,0,0.30988060601034184,0.1410611620877843,0.043513669645395055,0.0023971617756681873,0.15595944335982573,Bayesian beta + Bernoulli boundary,0,11.64,FALSE
manta,dhw_novelty10,Thermal novelty relative to prior decade,Low (10th percentile),-5.005,DHW anomaly,0.25,0.19742117284675573,0.22949986031982683,0.04537331425544755,0.007470592194977323,0.12611813857269752,Bayesian beta + Bernoulli boundary,0,11.64,FALSE
manta,dhw_novelty10,Thermal novelty relative to prior decade,Median (50th percentile),-0.44499999999999995,DHW anomaly,0.25,0.24915707324994452,0.1664305175779894,0.041382425233402596,0.006591927318941706,0.10931595038451443,Bayesian beta + Bernoulli boundary,0,11.64,FALSE
manta,dhw_novelty10,Thermal novelty relative to prior decade,High (90th percentile),4.182,DHW anomaly,0.25,0.3155162835720341,0.14244634974487067,0.044742363684676247,0.002716578581820429,0.15624941842796639,Bayesian beta + Bernoulli boundary,0,11.64,FALSE
manta,dhw_novelty10,Thermal novelty relative to prior decade,Low (10th percentile),-5.005,DHW anomaly,0.5,0.20292232973043062,0.22464815929669402,0.04563735898324074,0.007833850112705053,0.12486909835422907,Bayesian beta + Bernoulli boundary,0,11.64,FALSE
manta,dhw_novelty10,Thermal novelty relative to prior decade,Median (50th percentile),-0.44499999999999995,DHW anomaly,0.5,0.25476729766275,0.16616377855054815,0.042242380954553765,0.007107882833968576,0.10963206312103273,Bayesian beta + Bernoulli boundary,0,11.64,FALSE
manta,dhw_novelty10,Thermal novelty relative to prior decade,High (90th percentile),4.182,DHW anomaly,0.5,0.321308592484895,0.14392690342644185,0.046039909146246186,0.003059236206911416,0.1564865361077611,Bayesian beta + Bernoulli boundary,0,11.64,FALSE
manta,dhw_novelty10,Thermal novelty relative to prior decade,Low (10th percentile),-5.005,DHW anomaly,0.75,0.20861808949573263,0.219887085246687,0.045910194668527034,0.008251001215672469,0.12265742072520713,Bayesian beta + Bernoulli boundary,0,11.64,FALSE
manta,dhw_novelty10,Thermal novelty relative to prior decade,Median (50th percentile),-0.44499999999999995,DHW anomaly,0.75,0.2605618394399866,0.16593984922625993,0.04314138495745821,0.007692723678281287,0.11003948970466831,Bayesian beta + Bernoulli boundary,0,11.64,FALSE
manta,dhw_novelty10,Thermal novelty relative to prior decade,High (90th percentile),4.182,DHW anomaly,0.75,0.3272599103085785,0.1455021218975485,0.047408925215065366,0.003416136808695781,0.155369876059179,Bayesian beta + Bernoulli boundary,0,11.64,FALSE
manta,dhw_novelty10,Thermal novelty relative to prior decade,Low (10th percentile),-5.005,DHW anomaly,1,0.21451030873707835,0.2152171775593329,0.046191163490359975,0.008522933088887807,0.12052196179019312,Bayesian beta + Bernoulli boundary,0,11.64,FALSE
manta,dhw_novelty10,Thermal novelty relative to prior decade,Median (50th percentile),-0.44499999999999995,DHW anomaly,1,0.2665435559837846,0.16575387918087478,0.04407934191731038,0.008265655462406611,0.11003281270322748,Bayesian beta + Bernoulli boundary,0,11.64,FALSE
manta,dhw_novelty10,Thermal novelty relative to prior decade,High (90th percentile),4.182,DHW anomaly,1,0.33337236212908455,0.14717022260013152,0.04885172336040007,0.0038082618074265096,0.15823947056429774,Bayesian beta + Bernoulli boundary,0,11.64,FALSE
manta,dhw_novelty10,Thermal novelty relative to prior decade,Low (10th percentile),-5.005,DHW anomaly,1.25,0.22060019804731149,0.21063768156219628,0.04647927016321201,0.00881198053195903,0.12050475525877001,Bayesian beta + Bernoulli boundary,0,11.64,FALSE
manta,dhw_novelty10,Thermal novelty relative to prior decade,Median (50th percentile),-0.44499999999999995,DHW anomaly,1.25,0.2727148821316781,0.16559988787868002,0.04505570071678999,0.008920530731539863,0.1098466877674033,Bayesian beta + Bernoulli boundary,0,11.64,FALSE
manta,dhw_novelty10,Thermal novelty relative to prior decade,High (90th percentile),4.182,DHW anomaly,1.25,0.3396477835591162,0.14892830013318442,0.050370251939369434,0.004343375970076959,0.1607609994127843,Bayesian beta + Bernoulli boundary,0,11.64,FALSE
manta,dhw_novelty10,Thermal novelty relative to prior decade,Low (10th percentile),-5.005,DHW anomaly,1.5,0.2268882572505897,0.20614656902787412,0.046773148604330496,0.009189707570397198,0.11952888771419184,Bayesian beta + Bernoulli boundary,0,11.64,FALSE
manta,dhw_novelty10,Thermal novelty relative to prior decade,Median (50th percentile),-0.44499999999999995,DHW anomaly,1.5,0.2790777696321866,0.1654708364061657,0.04606941998278105,0.00963817238536769,0.11110692836484602,Bayesian beta + Bernoulli boundary,0,11.64,FALSE
manta,dhw_novelty10,Thermal novelty relative to prior decade,High (90th percentile),4.182,DHW anomaly,1.5,0.34608768157989495,0.15077231024729498,0.05196604417483363,0.004874366443879723,0.1617460768696316,Bayesian beta + Bernoulli boundary,0,11.64,FALSE
manta,dhw_novelty10,Thermal novelty relative to prior decade,Low (10th percentile),-5.005,DHW anomaly,1.75,0.23337421388788523,0.20174061462158002,0.047071040013854606,0.009559919252154353,0.1194609971934737,Bayesian beta + Bernoulli boundary,0,11.64,FALSE
manta,dhw_novelty10,Thermal novelty relative to prior decade,Median (50th percentile),-0.44499999999999995,DHW anomaly,1.75,0.2856336241207814,0.1653587300916453,0.047118941201066314,0.010227396671864413,0.11102154470992857,Bayesian beta + Bernoulli boundary,0,11.64,FALSE
manta,dhw_novelty10,Thermal novelty relative to prior decade,High (90th percentile),4.182,DHW anomaly,1.75,0.35269319339041433,0.15269708223934492,0.053640171458963076,0.005443328929885839,0.164359541551851,Bayesian beta + Bernoulli boundary,0,11.64,FALSE
manta,dhw_novelty10,Thermal novelty relative to prior decade,Low (10th percentile),-5.005,DHW anomaly,2,0.24005696662379197,0.19741552611606125,0.047370784723225895,0.009925117618447308,0.11942003915341723,Bayesian beta + Bernoulli boundary,0,11.64,FALSE
manta,dhw_novelty10,Thermal novelty relative to prior decade,Median (50th percentile),-0.44499999999999995,DHW anomaly,2,0.29238324026684037,0.1652547511805548,0.048202171040435046,0.01093633602556836,0.11095278238309927,Bayesian beta + Bernoulli boundary,0,11.64,FALSE
manta,dhw_novelty10,Thermal novelty relative to prior decade,High (90th percentile),4.182,DHW anomaly,2,0.359465043486256,0.1546963623766042,0.05539320414760304,0.006127276353304101,0.164561090826297,Bayesian beta + Bernoulli boundary,0,11.64,FALSE
manta,dhw_novelty10,Thermal novelty relative to prior decade,Low (10th percentile),-5.005,DHW anomaly,2.25,0.2469345352591517,0.1931661242488885,0.047669829899973204,0.010290228631961806,0.11853452086063067,Bayesian beta + Bernoulli boundary,0,11.64,FALSE
manta,dhw_novelty10,Thermal novelty relative to prior decade,Median (50th percentile),-0.44499999999999995,DHW anomaly,2.25,0.2993267359437967,0.16514942042416736,0.04931647464161733,0.011686035362176052,0.11243229227016699,Bayesian beta + Bernoulli boundary,0,11.64,FALSE
manta,dhw_novelty10,Thermal novelty relative to prior decade,High (90th percentile),4.182,DHW anomaly,2.25,0.36640349925191085,0.15676289065912985,0.057225182209354214,0.006900109514393436,0.16587927028598481,Bayesian beta + Bernoulli boundary,0,11.64,FALSE
manta,dhw_novelty10,Thermal novelty relative to prior decade,Low (10th percentile),-5.005,DHW anomaly,2.5,0.25400401897523284,0.18898656666010832,0.04796525490913802,0.010620249608792315,0.11777822846514067,Bayesian beta + Bernoulli boundary,0,11.64,FALSE
manta,dhw_novelty10,Thermal novelty relative to prior decade,Median (50th percentile),-0.44499999999999995,DHW anomaly,2.5,0.3064634864736403,0.165032786275987,0.05045868177477173,0.01248885392901689,0.11453510074588982,Bayesian beta + Bernoulli boundary,0,11.64,FALSE
manta,dhw_novelty10,Thermal novelty relative to prior decade,High (90th percentile),4.182,DHW anomaly,2.5,0.37350832541864337,0.15888851286385175,0.05913559827666907,0.007562372525145307,0.16625474274903712,Bayesian beta + Bernoulli boundary,0,11.64,FALSE
manta,dhw_novelty10,Thermal novelty relative to prior decade,Low (10th percentile),-5.005,DHW anomaly,2.75,0.26126156430492775,0.18487060945958952,0.0482538158422693,0.010911187963242485,0.11730678407575143,Bayesian beta + Bernoulli boundary,0,11.64,FALSE
manta,dhw_novelty10,Thermal novelty relative to prior decade,Median (50th percentile),-0.44499999999999995,DHW anomaly,2.75,0.3137920602073748,0.1648946403876804,0.05162510794663071,0.013180864863028082,0.11582559930219032,Bayesian beta + Bernoulli boundary,0,11.64,FALSE
manta,dhw_novelty10,Thermal novelty relative to prior decade,High (90th percentile),4.182,DHW anomaly,2.75,0.38077873781515237,0.1610643294305165,0.06112339581812649,0.008470723151856577,0.16744525972705263,Bayesian beta + Bernoulli boundary,0,11.64,FALSE
manta,dhw_novelty10,Thermal novelty relative to prior decade,Low (10th percentile),-5.005,DHW anomaly,3,0.2687023441359632,0.18081189958464192,0.04853201043958961,0.011290327286583529,0.11617447140672135,Bayesian beta + Bernoulli boundary,0,11.64,FALSE
manta,dhw_novelty10,Thermal novelty relative to prior decade,Median (50th percentile),-0.44499999999999995,DHW anomaly,3,0.32131015691532955,0.16472475825309804,0.05281159274625827,0.0138399802998743,0.11777820656406585,Bayesian beta + Bernoulli boundary,0,11.64,FALSE
manta,dhw_novelty10,Thermal novelty relative to prior decade,High (90th percentile),4.182,DHW anomaly,3,0.3882133569215348,0.16328088238482183,0.06318698532037458,0.00950789711376897,0.17015213512093502,Bayesian beta + Bernoulli boundary,0,11.64,FALSE
manta,dhw_novelty10,Thermal novelty relative to prior decade,Low (10th percentile),-5.005,DHW anomaly,3.25,0.2763205488174831,0.17680429110840212,0.04879616434118937,0.01155781123546943,0.11586206227536022,Bayesian beta + Bernoulli boundary,0,11.64,FALSE
manta,dhw_novelty10,Thermal novelty relative to prior decade,Median (50th percentile),-0.44499999999999995,DHW anomaly,3.25,0.32901455066175106,0.16451316414520292,0.05401355795270694,0.01444081670427097,0.11859762471256757,Bayesian beta + Bernoulli boundary,0,11.64,FALSE
manta,dhw_novelty10,Thermal novelty relative to prior decade,High (90th percentile),4.182,DHW anomaly,3.25,0.3958101618291571,0.16552838118878416,0.06532428154842984,0.010368897068784313,0.1719324714327145,Bayesian beta + Bernoulli boundary,0,11.64,FALSE
manta,dhw_novelty10,Thermal novelty relative to prior decade,Low (10th percentile),-5.005,DHW anomaly,3.5,0.28410939018306297,0.1728421789000198,0.04904253928783905,0.011838380006787068,0.1155858258997116,Bayesian beta + Bernoulli boundary,0,11.64,FALSE
manta,dhw_novelty10,Thermal novelty relative to prior decade,Median (50th percentile),-0.44499999999999995,DHW anomaly,3.5,0.33690103900983753,0.16425041988679825,0.05522608817684923,0.015244807090622413,0.11974637480508664,Bayesian beta + Bernoulli boundary,0,11.64,FALSE
manta,dhw_novelty10,Thermal novelty relative to prior decade,High (90th percentile),4.182,DHW anomaly,3.5,0.40356644531029584,0.16779696820167056,0.06753276515928311,0.011502617652661066,0.1746938365351533,Bayesian beta + Bernoulli boundary,0,11.64,FALSE
manta,dhw_novelty10,Thermal novelty relative to prior decade,Low (10th percentile),-5.005,DHW anomaly,3.75,0.2920611190349119,0.1689208433605314,0.04926746352025559,0.0118257021537068,0.11540098515632718,Bayesian beta + Bernoulli boundary,0,11.64,FALSE
manta,dhw_novelty10,Thermal novelty relative to prior decade,Median (50th percentile),-0.44499999999999995,DHW anomaly,3.75,0.34496440052728106,0.16392793742972997,0.05644403705093376,0.01598973504402226,0.12184845773293979,Bayesian beta + Bernoulli boundary,0,11.64,FALSE
manta,dhw_novelty10,Thermal novelty relative to prior decade,High (90th percentile),4.182,DHW anomaly,3.75,0.41147877081122597,0.17007702435221286,0.06980957218802444,0.012552014312240534,0.1772121958353939,Bayesian beta + Bernoulli boundary,0,11.64,FALSE
manta,dhw_novelty10,Thermal novelty relative to prior decade,Low (10th percentile),-5.005,DHW anomaly,4,0.3001670563618439,0.16503680021831213,0.049467484160928735,0.012036466246737472,0.11592488541387523,Bayesian beta + Bernoulli boundary,0,11.64,FALSE
manta,dhw_novelty10,Thermal novelty relative to prior decade,Median (50th percentile),-0.44499999999999995,DHW anomaly,4,0.3531983626195358,0.1635383156030602,0.057662162177190106,0.016602820678148347,0.12251106096685142,Bayesian beta + Bernoulli boundary,0,11.64,FALSE
manta,dhw_novelty10,Thermal novelty relative to prior decade,High (90th percentile),4.182,DHW anomaly,4,0.4195429322988034,0.17235951566139013,0.07215161520900944,0.013789781259314902,0.1796972487677076,Bayesian beta + Bernoulli boundary,0,11.64,FALSE
manta,dhw_novelty10,Thermal novelty relative to prior decade,Low (10th percentile),-5.005,DHW anomaly,4.25,0.3084176382831178,0.16118814945183466,0.04963954076896726,0.012094526332803425,0.11542446528790914,Bayesian beta + Bernoulli boundary,0,11.64,FALSE
manta,dhw_novelty10,Thermal novelty relative to prior decade,Median (50th percentile),-0.44499999999999995,DHW anomaly,4.25,0.3615955816919836,0.16307570161926627,0.05887529214901724,0.017343045005453177,0.12341701660469045,Bayesian beta + Bernoulli boundary,0,11.64,FALSE
manta,dhw_novelty10,Thermal novelty relative to prior decade,High (90th percentile),4.182,DHW anomaly,4.25,0.4277539180096451,0.17463638136604645,0.07455574027697072,0.015092170974698902,0.1814993123110928,Bayesian beta + Bernoulli boundary,0,11.64,FALSE
manta,dhw_novelty10,Thermal novelty relative to prior decade,Low (10th percentile),-5.005,DHW anomaly,4.5,0.3168024744085615,0.15737491724777522,0.049781158508516554,0.01221868938528609,0.11560922330585419,Bayesian beta + Bernoulli boundary,0,11.64,FALSE
manta,dhw_novelty10,Thermal novelty relative to prior decade,Median (50th percentile),-0.44499999999999995,DHW anomaly,4.5,0.370147637521046,0.16253617786751406,0.06007852889413579,0.018082846678577087,0.12460387504482005,Bayesian beta + Bernoulli boundary,0,11.64,FALSE
manta,dhw_novelty10,Thermal novelty relative to prior decade,High (90th percentile),4.182,DHW anomaly,4.5,0.4361058792667452,0.17690096446376444,0.07701892402088817,0.016523803599800033,0.18328759951021817,Bayesian beta + Bernoulli boundary,0,11.64,FALSE
manta,dhw_novelty10,Thermal novelty relative to prior decade,Low (10th percentile),-5.005,DHW anomaly,4.75,0.32531041896811674,0.15359938448793103,0.04989065845591777,0.012317283458419655,0.11512295092220627,Bayesian beta + Bernoulli boundary,0,11.64,FALSE
manta,dhw_novelty10,Thermal novelty relative to prior decade,Median (50th percentile),-0.44499999999999995,DHW anomaly,4.75,0.37884504349184206,0.16191817402522696,0.06126748826766747,0.018919216278092,0.12553504867253268,Bayesian beta + Bernoulli boundary,0,11.64,FALSE
manta,dhw_novelty10,Thermal novelty relative to prior decade,High (90th percentile),4.182,DHW anomaly,4.75,0.4445921056325755,0.17914848533233668,0.07953851539487537,0.018130239932580106,0.18594380126094037,Bayesian beta + Bernoulli boundary,0,11.64,FALSE
manta,dhw_novelty10,Thermal novelty relative to prior decade,Low (10th percentile),-5.005,DHW anomaly,5,0.33392965368522426,0.14986639463963183,0.04996738150851449,0.012336648530411512,0.11526439710241183,Bayesian beta + Bernoulli boundary,0,11.64,FALSE
manta,dhw_novelty10,Thermal novelty relative to prior decade,Median (50th percentile),-0.44499999999999995,DHW anomaly,5,0.38767727403543,0.16122290342371126,0.062438581134239016,0.01970435156037331,0.12686157108221685,Bayesian beta + Bernoulli boundary,0,11.64,FALSE
manta,dhw_novelty10,Thermal novelty relative to prior decade,High (90th percentile),4.182,DHW anomaly,5,0.4532050077503465,0.18137655837555533,0.08211252641765457,0.019385177181516597,0.18883598955929567,Bayesian beta + Bernoulli boundary,0,11.64,FALSE
manta,dhw_novelty10,Thermal novelty relative to prior decade,Low (10th percentile),-5.005,DHW anomaly,5.25,0.3426477809606457,0.14618363321478983,0.05001192120250184,0.012352221234741334,0.11472521080399298,Bayesian beta + Bernoulli boundary,0,11.64,FALSE
manta,dhw_novelty10,Thermal novelty relative to prior decade,Median (50th percentile),-0.44499999999999995,DHW anomaly,5.25,0.3966328101755234,0.16045482075181478,0.06358933599673668,0.020348876978701864,0.12784833027540538,Bayesian beta + Bernoulli boundary,0,11.64,FALSE
manta,dhw_novelty10,Thermal novelty relative to prior decade,High (90th percentile),4.182,DHW anomaly,5.25,0.4619361092749022,0.18358574999740454,0.08473997550294554,0.02089159746834267,0.18994142735097047,Bayesian beta + Bernoulli boundary,0,11.64,FALSE
manta,dhw_novelty10,Thermal novelty relative to prior decade,Low (10th percentile),-5.005,DHW anomaly,5.5,0.351451925531036,0.14256446522819433,0.05002728211398302,0.012433183433156886,0.11481015800541454,Bayesian beta + Bernoulli boundary,0,11.64,FALSE
manta,dhw_novelty10,Thermal novelty relative to prior decade,Median (50th percentile),-0.44499999999999995,DHW anomaly,5.5,0.4056992035795321,0.1596258072154304,0.06472025007467684,0.021275728029772924,0.12970983658886157,Bayesian beta + Bernoulli boundary,0,11.64,FALSE
manta,dhw_novelty10,Thermal novelty relative to prior decade,High (90th percentile),4.182,DHW anomaly,5.5,0.4707760493001308,0.1857850572367415,0.08742353513049,0.022520817294041595,0.19079333391646625,Bayesian beta + Bernoulli boundary,0,11.64,FALSE
manta,dhw_novelty10,Thermal novelty relative to prior decade,Low (10th percentile),-5.005,DHW anomaly,5.75,0.36032884242190233,0.13904332575200515,0.050024778470649595,0.012291352991650868,0.11455269067196246,Bayesian beta + Bernoulli boundary,0,11.64,FALSE
manta,dhw_novelty10,Thermal novelty relative to prior decade,Median (50th percentile),-0.44499999999999995,DHW anomaly,5.75,0.41486315891191755,0.15877826545225052,0.06584463723512654,0.022065861443877115,0.13034443796999437,Bayesian beta + Bernoulli boundary,0,11.64,FALSE
manta,dhw_novelty10,Thermal novelty relative to prior decade,High (90th percentile),4.182,DHW anomaly,5.75,0.47971459663979465,0.1880232869573218,0.09018464368990946,0.024397068949545138,0.1925046571684795,Bayesian beta + Bernoulli boundary,0,11.64,FALSE
manta,dhw_novelty10,Thermal novelty relative to prior decade,Low (10th percentile),-5.005,DHW anomaly,6,0.3692650287828865,0.13565875627903273,0.05001870675255628,0.011927638304053589,0.1147036951299884,Bayesian beta + Bernoulli boundary,0,11.64,FALSE
manta,dhw_novelty10,Thermal novelty relative to prior decade,Median (50th percentile),-0.44499999999999995,DHW anomaly,6,0.4241106336251118,0.1579633974100492,0.06698098889103175,0.02262233617697961,0.1311161810876181,Bayesian beta + Bernoulli boundary,0,11.64,FALSE
manta,dhw_novelty10,Thermal novelty relative to prior decade,High (90th percentile),4.182,DHW anomaly,6,0.48874067720331005,0.19036316583327972,0.09305291845397588,0.02636009696682204,0.1945285379469234,Bayesian beta + Bernoulli boundary,0,11.64,FALSE
manta,dhw_novelty10,Thermal novelty relative to prior decade,Low (10th percentile),-5.005,DHW anomaly,6.25,0.3782468371148333,0.13244180388387147,0.05002213544460708,0.011734602697093683,0.11483662977829756,Bayesian beta + Bernoulli boundary,0,11.64,FALSE
manta,dhw_novelty10,Thermal novelty relative to prior decade,Median (50th percentile),-0.44499999999999995,DHW anomaly,6.25,0.43342695362086536,0.15722518476994268,0.06814658037554225,0.0232301589045808,0.1332949202894095,Bayesian beta + Bernoulli boundary,0,11.64,FALSE
manta,dhw_novelty10,Thermal novelty relative to prior decade,High (90th percentile),4.182,DHW anomaly,6.25,0.4978424155181815,0.19286094559728204,0.09605687968737624,0.027885485207443435,0.1968096726481031,Bayesian beta + Bernoulli boundary,0,11.64,FALSE
manta,dhw_novelty10,Thermal novelty relative to prior decade,Low (10th percentile),-5.005,DHW anomaly,6.5,0.3872605874830596,0.12941584860409766,0.05004651614087936,0.011482266001909583,0.11526050386663678,Bayesian beta + Bernoulli boundary,0,11.64,FALSE
manta,dhw_novelty10,Thermal novelty relative to prior decade,Median (50th percentile),-0.44499999999999995,DHW anomaly,6.5,0.4427969425135573,0.15659971247594354,0.06935688639672447,0.0239389373815851,0.13478478669432997,Bayesian beta + Bernoulli boundary,0,11.64,FALSE
manta,dhw_novelty10,Thermal novelty relative to prior decade,High (90th percentile),4.182,DHW anomaly,6.5,0.5070071911779985,0.19556525678632466,0.09922312454930453,0.02997729489249746,0.20068708970672214,Bayesian beta + Bernoulli boundary,0,11.64,FALSE
manta,dhw_novelty10,Thermal novelty relative to prior decade,Low (10th percentile),-5.005,DHW anomaly,6.75,0.3962926765353784,0.12659744995238045,0.05010167392258452,0.011120209962764908,0.11713814155050153,Bayesian beta + Bernoulli boundary,0,11.64,FALSE
manta,dhw_novelty10,Thermal novelty relative to prior decade,Median (50th percentile),-0.44499999999999995,DHW anomaly,6.75,0.45220506158240875,0.15611558745269327,0.07062542866728702,0.024587064698102845,0.13672120984339778,Bayesian beta + Bernoulli boundary,0,11.64,FALSE
manta,dhw_novelty10,Thermal novelty relative to prior decade,High (90th percentile),4.182,DHW anomaly,6.75,0.5162217106311994,0.19851713307107485,0.10257601439305115,0.032111315406535945,0.20314385569487264,Bayesian beta + Bernoulli boundary,0,11.64,FALSE
manta,dhw_novelty10,Thermal novelty relative to prior decade,Low (10th percentile),-5.005,DHW anomaly,7,0.4053296814564685,0.12399803720692322,0.05019617454512345,0.010942795233098105,0.11870166900633096,Bayesian beta + Bernoulli boundary,0,11.64,FALSE
manta,dhw_novelty10,Thermal novelty relative to prior decade,Median (50th percentile),-0.44499999999999995,DHW anomaly,7,0.4616355569763219,0.15579534657886107,0.07196408348953719,0.025253293655985366,0.1397161990987576,Bayesian beta + Bernoulli boundary,0,11.64,FALSE
manta,dhw_novelty10,Thermal novelty relative to prior decade,High (90th percentile),4.182,DHW anomaly,7,0.5254720942655143,0.20175116839955312,0.10613793251029324,0.03407313642531497,0.20596771176967177,Bayesian beta + Bernoulli boundary,0,11.64,FALSE
manta,dhw_novelty10,Thermal novelty relative to prior decade,Low (10th percentile),-5.005,DHW anomaly,7.25,0.41435845733290155,0.1216263251625571,0.05033807691536042,0.010709279304536154,0.12004074566844868,Bayesian beta + Bernoulli boundary,0,11.64,FALSE
manta,dhw_novelty10,Thermal novelty relative to prior decade,Median (50th percentile),-0.44499999999999995,DHW anomaly,7.25,0.47107261039418574,0.15565781422028524,0.07338390145237014,0.02540036383631135,0.14250590211878184,Bayesian beta + Bernoulli boundary,0,11.64,FALSE
manta,dhw_novelty10,Thermal novelty relative to prior decade,High (90th percentile),4.182,DHW anomaly,7.25,0.5347439781867667,0.20529782295700758,0.10993019754935304,0.03617907450600698,0.2113591547201979,Bayesian beta + Bernoulli boundary,0,11.64,FALSE
manta,dhw_novelty10,Thermal novelty relative to prior decade,Low (10th percentile),-5.005,DHW anomaly,7.5,0.42336622672576557,0.11948714465220828,0.05053425985070831,0.010407134907119956,0.1221393272500149,Bayesian beta + Bernoulli boundary,0,11.64,FALSE
manta,dhw_novelty10,Thermal novelty relative to prior decade,Median (50th percentile),-0.44499999999999995,DHW anomaly,7.5,0.4805004893466881,0.15571489960732907,0.07489338146575938,0.02602136222458541,0.14592447392162888,Bayesian beta + Bernoulli boundary,0,11.64,FALSE
manta,dhw_novelty10,Thermal novelty relative to prior decade,High (90th percentile),4.182,DHW anomaly,7.5,0.5440226294518898,0.2091774227433339,0.11396962938469216,0.038102265973136096,0.21730684171745399,Bayesian beta + Bernoulli boundary,0,11.64,FALSE
manta,dhw_novelty10,Thermal novelty relative to prior decade,Low (10th percentile),-5.005,DHW anomaly,7.75,0.4323406605221319,0.11757368182510303,0.050786766882387153,0.010183161061721133,0.12430024866696426,Bayesian beta + Bernoulli boundary,0,11.64,FALSE
manta,dhw_novelty10,Thermal novelty relative to prior decade,Median (50th percentile),-0.44499999999999995,DHW anomaly,7.75,0.4899036932233933,0.1559586359581242,0.07649176648319767,0.026514150005116897,0.14962119158905463,Bayesian beta + Bernoulli boundary,0,11.64,FALSE
manta,dhw_novelty10,Thermal novelty relative to prior decade,High (90th percentile),4.182,DHW anomaly,7.75,0.5532930728271023,0.21337952328720802,0.11825675294587482,0.04048250177707089,0.22350267635883841,Bayesian beta + Bernoulli boundary,0,11.64,FALSE
manta,dhw_novelty10,Thermal novelty relative to prior decade,Low (10th percentile),-5.005,DHW anomaly,8,0.44126994935865604,0.11588084226668952,0.05109824412267733,0.009960454788277465,0.12577740718808114,Bayesian beta + Bernoulli boundary,0,11.64,FALSE
manta,dhw_novelty10,Thermal novelty relative to prior decade,Median (50th percentile),-0.44499999999999995,DHW anomaly,8,0.4992670917172094,0.1563819767805597,0.07817844835792144,0.02678998708301088,0.15307087176276596,Bayesian beta + Bernoulli boundary,0,11.64,FALSE
manta,dhw_novelty10,Thermal novelty relative to prior decade,High (90th percentile),4.182,DHW anomaly,8,0.562540226457687,0.21789225853657776,0.12279063183588194,0.04306141023605555,0.22914283607851538,Bayesian beta + Bernoulli boundary,0,11.64,FALSE
manta,dhw_novelty10,Thermal novelty relative to prior decade,Low (10th percentile),-5.005,DHW anomaly,8.25,0.45014286509490953,0.11440772416939422,0.05147313876695678,0.009895465963076899,0.12730378870371978,Bayesian beta + Bernoulli boundary,0,11.64,FALSE
manta,dhw_novelty10,Thermal novelty relative to prior decade,Median (50th percentile),-0.44499999999999995,DHW anomaly,8.25,0.5085760526466195,0.15698336974479493,0.07995533034801698,0.027313513850942456,0.15755448867548696,Bayesian beta + Bernoulli boundary,0,11.64,FALSE
manta,dhw_novelty10,Thermal novelty relative to prior decade,High (90th percentile),4.182,DHW anomaly,8.25,0.571749043228123,0.22270942200100483,0.1275727740960458,0.0456355797331349,0.23577177684665343,Bayesian beta + Bernoulli boundary,0,11.64,FALSE
manta,dhw_novelty10,Thermal novelty relative to prior decade,Low (10th percentile),-5.005,DHW anomaly,8.5,0.45894881198346577,0.1131564068834233,0.05191730809191771,0.009632130599050291,0.12962626782055917,Bayesian beta + Bernoulli boundary,0,11.64,FALSE
manta,dhw_novelty10,Thermal novelty relative to prior decade,Median (50th percentile),-0.44499999999999995,DHW anomaly,8.5,0.5178165568010777,0.15776555307557638,0.0818264578059168,0.027866261866928872,0.1614200495882991,Bayesian beta + Bernoulli boundary,0,11.64,FALSE
manta,dhw_novelty10,Thermal novelty relative to prior decade,High (90th percentile),4.182,DHW anomaly,8.5,0.5809046541382173,0.22782914898644518,0.13260661477420652,0.04835869934243197,0.24323063753335059,Bayesian beta + Bernoulli boundary,0,11.64,FALSE
manta,dhw_novelty10,Thermal novelty relative to prior decade,Low (10th percentile),-5.005,DHW anomaly,8.75,0.4676778673593246,0.11213087542524032,0.05243762348950446,0.00931012402155928,0.13408839650300058,Bayesian beta + Bernoulli boundary,0,11.64,FALSE
manta,dhw_novelty10,Thermal novelty relative to prior decade,Median (50th percentile),-0.44499999999999995,DHW anomaly,8.75,0.5269752980564549,0.15873443155485295,0.08379761866238335,0.02823784905617286,0.16531593502854725,Bayesian beta + Bernoulli boundary,0,11.64,FALSE
manta,dhw_novelty10,Thermal novelty relative to prior decade,High (90th percentile),4.182,DHW anomaly,8.75,0.5899925097879832,0.23325260415200458,0.13789693212349458,0.050645486254810954,0.25158299093226194,Bayesian beta + Bernoulli boundary,0,11.64,FALSE
manta,dhw_novelty10,Thermal novelty relative to prior decade,Low (10th percentile),-5.005,DHW anomaly,9,0.47632081186507275,0.11133605927575121,0.05304156815040397,0.009138980918656635,0.136332342267328,Bayesian beta + Bernoulli boundary,0,11.64,FALSE
manta,dhw_novelty10,Thermal novelty relative to prior decade,Median (50th percentile),-0.44499999999999995,DHW anomaly,9,0.5360397676180889,0.15989801169084764,0.08587590768554455,0.028657771640797705,0.16954398664391324,Bayesian beta + Bernoulli boundary,0,11.64,FALSE
manta,dhw_novelty10,Thermal novelty relative to prior decade,High (90th percentile),4.182,DHW anomaly,9,0.5989985160881249,0.23898267630128012,0.14344919866556394,0.05303306508923151,0.2613434441264977,Bayesian beta + Bernoulli boundary,0,11.64,FALSE
manta,dhw_novelty10,Thermal novelty relative to prior decade,Low (10th percentile),-5.005,DHW anomaly,9.25,0.4848691494406981,0.1107769678811308,0.05373682796211067,0.008986936255547227,0.13957791961334048,Bayesian beta + Bernoulli boundary,0,11.64,FALSE
manta,dhw_novelty10,Thermal novelty relative to prior decade,Median (50th percentile),-0.44499999999999995,DHW anomaly,9.25,0.544998321817912,0.16126537987890785,0.08806925028427431,0.0289070701380808,0.17449743857399053,Bayesian beta + Bernoulli boundary,0,11.64,FALSE
manta,dhw_novelty10,Thermal novelty relative to prior decade,High (90th percentile),4.182,DHW anomaly,9.25,0.6079091605929989,0.24502268518280232,0.14926887145244103,0.05637953550199241,0.2703183231413206,Bayesian beta + Bernoulli boundary,0,11.64,FALSE
manta,dhw_novelty10,Thermal novelty relative to prior decade,Low (10th percentile),-5.005,DHW anomaly,9.5,0.4933151175281211,0.11045790990738924,0.054530876715888986,0.008696716307576801,0.1431980846212963,Bayesian beta + Bernoulli boundary,0,11.64,FALSE
manta,dhw_novelty10,Thermal novelty relative to prior decade,Median (50th percentile),-0.44499999999999995,DHW anomaly,9.5,0.5538402334023265,0.1628457134564805,0.09038588469435929,0.02905250529174172,0.18159354322697058,Bayesian beta + Bernoulli boundary,0,11.64,FALSE
manta,dhw_novelty10,Thermal novelty relative to prior decade,High (90th percentile),4.182,DHW anomaly,9.5,0.616711626351633,0.25137511257140926,0.15536063201593062,0.05842314389853452,0.2809445292973551,Bayesian beta + Bernoulli boundary,0,11.64,FALSE
manta,dhw_novelty10,Thermal novelty relative to prior decade,Low (10th percentile),-5.005,DHW anomaly,9.75,0.5016516881534139,0.11038178859231419,0.055430558952940315,0.008332995860805215,0.14958496055890796,Bayesian beta + Bernoulli boundary,0,11.64,FALSE
manta,dhw_novelty10,Thermal novelty relative to prior decade,Median (50th percentile),-0.44499999999999995,DHW anomaly,9.75,0.5625557266913517,0.16464732203603094,0.09283380567515001,0.02969211837645008,0.18799883671124176,Bayesian beta + Bernoulli boundary,0,11.64,FALSE
manta,dhw_novelty10,Thermal novelty relative to prior decade,High (90th percentile),4.182,DHW anomaly,9.75,0.6253938908273416,0.25804038082905784,0.1617275952183159,0.061012001729104044,0.2922073131128534,Bayesian beta + Bernoulli boundary,0,11.64,FALSE
manta,dhw_novelty10,Thermal novelty relative to prior decade,Low (10th percentile),-5.005,DHW anomaly,10,0.5098725607355313,0.11054947146304091,0.05644167674604376,0.00798957656985796,0.15690654429489567,Bayesian beta + Bernoulli boundary,0,11.64,FALSE
manta,dhw_novelty10,Thermal novelty relative to prior decade,Median (50th percentile),-0.44499999999999995,DHW anomaly,10,0.5711359973645074,0.16667672506261,0.09542017826970832,0.029793199898684158,0.1964825191145831,Bayesian beta + Bernoulli boundary,0,11.64,FALSE
manta,dhw_novelty10,Thermal novelty relative to prior decade,High (90th percentile),4.182,DHW anomaly,10,0.6339448081750179,0.26501571479343083,0.16837051653632332,0.0637588547404188,0.30579971645701987,Bayesian beta + Bernoulli boundary,0,11.64,FALSE
manta,dhw_novelty10,Thermal novelty relative to prior decade,Low (10th percentile),-5.005,DHW anomaly,10.25,0.5179721476129558,0.11095923888146712,0.05756859019667493,0.00750751289773511,0.16208994340547267,Bayesian beta + Bernoulli boundary,0,11.64,FALSE
manta,dhw_novelty10,Thermal novelty relative to prior decade,Median (50th percentile),-0.44499999999999995,DHW anomaly,10.25,0.5795732179348696,0.16893778074892607,0.09815073651846068,0.029998702435486035,0.2049485924894383,Bayesian beta + Bernoulli boundary,0,11.64,FALSE
manta,dhw_novelty10,Thermal novelty relative to prior decade,High (90th percentile),4.182,DHW anomaly,10.25,0.6423541739178744,0.27229413489119897,0.17528703765493672,0.06678040533552311,0.31610496401756677,Bayesian beta + Bernoulli boundary,0,11.64,FALSE
manta,dhw_novelty10,Thermal novelty relative to prior decade,Low (10th percentile),-5.005,DHW anomaly,10.5,0.5259455533685308,0.11160632156629624,0.058813844924837856,0.007165732159045637,0.1676535803362795,Bayesian beta + Bernoulli boundary,0,11.64,FALSE
manta,dhw_novelty10,Thermal novelty relative to prior decade,Median (50th percentile),-0.44499999999999995,DHW anomaly,10.5,0.5878605302111414,0.17143089065435937,0.10102918877717008,0.029884884040229907,0.21138252381983424,Bayesian beta + Bernoulli boundary,0,11.64,FALSE
manta,dhw_novelty10,Thermal novelty relative to prior decade,High (90th percentile),4.182,DHW anomaly,10.5,0.650612771774883,0.27986363799141767,0.1824710185387532,0.06987362337627222,0.32780961294368244,Bayesian beta + Bernoulli boundary,0,11.64,FALSE
manta,dhw_novelty10,Thermal novelty relative to prior decade,Low (10th percentile),-5.005,DHW anomaly,10.75,0.5337885490648008,0.11248254135479614,0.06017784260335433,0.006667586134468663,0.17568883779804678,Bayesian beta + Bernoulli boundary,0,11.64,FALSE
manta,dhw_novelty10,Thermal novelty relative to prior decade,Median (50th percentile),-0.44499999999999995,DHW anomaly,10.75,0.5959920262208738,0.17415231203623854,0.10405665763023769,0.029423961587034243,0.2219036131418862,Bayesian beta + Bernoulli boundary,0,11.64,FALSE
manta,dhw_novelty10,Thermal novelty relative to prior decade,High (90th percentile),4.182,DHW anomaly,10.75,0.6587124030149433,0.287706624779876,0.18991200810560102,0.07222400683887346,0.34225357890256425,Bayesian beta + Bernoulli boundary,0,11.64,FALSE
manta,dhw_novelty10,Thermal novelty relative to prior decade,Low (10th percentile),-5.005,DHW anomaly,11,0.541497542481198,0.11357607096830245,0.061658571853237185,0.006359934223513835,0.1835241586270518,Bayesian beta + Bernoulli boundary,0,11.64,FALSE
manta,dhw_novelty10,Thermal novelty relative to prior decade,Median (50th percentile),-0.44499999999999995,DHW anomaly,11,0.6039627191795154,0.17709361513567143,0.10723118710434534,0.02931687208077065,0.23110561308779665,Bayesian beta + Bernoulli boundary,0,11.64,FALSE
manta,dhw_novelty10,Thermal novelty relative to prior decade,High (90th percentile),4.182,DHW anomaly,11,0.6666458992286912,0.29579962599086507,0.19759490328182347,0.07481535164301441,0.3569842660438362,Bayesian beta + Bernoulli boundary,0,11.64,FALSE
manta,dhw_novelty10,Thermal novelty relative to prior decade,Low (10th percentile),-5.005,DHW anomaly,11.25,0.5490695453796064,0.11487132679747787,0.06325141598058455,0.005962991797646462,0.1936923501892702,Bayesian beta + Bernoulli boundary,0,11.64,FALSE
manta,dhw_novelty10,Thermal novelty relative to prior decade,Median (50th percentile),-0.44499999999999995,DHW anomaly,11.25,0.6117685061436788,0.18024132299090745,0.11054735155481245,0.02906831866858875,0.24392018626704326,Bayesian beta + Bernoulli boundary,0,11.64,FALSE
manta,dhw_novelty10,Thermal novelty relative to prior decade,High (90th percentile),4.182,DHW anomaly,11.25,0.6744071198034144,0.30411336363857483,0.20549983649001963,0.07639367894768012,0.37277060187145217,Bayesian beta + Bernoulli boundary,0,11.64,FALSE
manta,dhw_novelty10,Thermal novelty relative to prior decade,Low (10th percentile),-5.005,DHW anomaly,11.5,0.556502138728393,0.11634900375794316,0.06494905090680463,0.005539096863926148,0.20128163981247651,Bayesian beta + Bernoulli boundary,0,11.64,FALSE
manta,dhw_novelty10,Thermal novelty relative to prior decade,Median (50th percentile),-0.44499999999999995,DHW anomaly,11.5,0.6194061239873587,0.1835767656902344,0.11399599791359094,0.028609951479566374,0.25630271728610093,Bayesian beta + Bernoulli boundary,0,11.64,FALSE
manta,dhw_novelty10,Thermal novelty relative to prior decade,High (90th percentile),4.182,DHW anomaly,11.5,0.6819909356628235,0.31261315832098174,0.21360231476701297,0.07788185241099956,0.39146478529857626,Bayesian beta + Bernoulli boundary,0,11.64,FALSE
manta,dhw_novelty10,Thermal novelty relative to prior decade,Low (10th percentile),-5.005,DHW anomaly,11.75,0.5637934366998155,0.11798649153161478,0.06674157641857112,0.0052359143719435215,0.21201482782544515,Bayesian beta + Bernoulli boundary,0,11.64,TRUE
manta,dhw_novelty10,Thermal novelty relative to prior decade,Median (50th percentile),-0.44499999999999995,DHW anomaly,11.75,0.6268731002918863,0.18707646696516414,0.11756433231668532,0.02787075369394081,0.2686698170398096,Bayesian beta + Bernoulli boundary,0,11.64,TRUE
manta,dhw_novelty10,Thermal novelty relative to prior decade,High (90th percentile),4.182,DHW anomaly,11.75,0.6893932010028908,0.3212599763578854,0.22187382660124041,0.0796924913670977,0.4111162117963032,Bayesian beta + Bernoulli boundary,0,11.64,TRUE
manta,dhw_novelty10,Thermal novelty relative to prior decade,Low (10th percentile),-5.005,DHW anomaly,12,0.5709420501334942,0.11976566735158296,0.06862091448124197,0.0048985381536374014,0.22502430451750904,Bayesian beta + Bernoulli boundary,0,11.64,TRUE
manta,dhw_novelty10,Thermal novelty relative to prior decade,Median (50th percentile),-0.44499999999999995,DHW anomaly,12,0.6341677006502957,0.19072187173326371,0.12124195857543175,0.02701460325129981,0.28310569348524683,Bayesian beta + Bernoulli boundary,0,11.64,TRUE
manta,dhw_novelty10,Thermal novelty relative to prior decade,High (90th percentile),4.182,DHW anomaly,12,0.6966107148348548,0.3300210971497082,0.23028916435032998,0.08084588807885329,0.42922531721770985,Bayesian beta + Bernoulli boundary,0,11.64,TRUE
manta,dhw_novelty10,Thermal novelty relative to prior decade,Low (10th percentile),-5.005,DHW anomaly,12.25,0.577947050038667,0.12167604951545313,0.07058283086527385,0.004540780659241065,0.2356962901531938,Bayesian beta + Bernoulli boundary,0,11.64,TRUE
manta,dhw_novelty10,Thermal novelty relative to prior decade,Median (50th percentile),-0.44499999999999995,DHW anomaly,12.25,0.6412888737618935,0.19450338417009966,0.12502367305267237,0.02632063724538678,0.296946401071394,Bayesian beta + Bernoulli boundary,0,11.64,TRUE
manta,dhw_novelty10,Thermal novelty relative to prior decade,High (90th percentile),4.182,DHW anomaly,12.25,0.7036411741559695,0.33887384036073,0.23882932655733913,0.08191936450684867,0.44807018188457803,Bayesian beta + Bernoulli boundary,0,11.64,TRUE
manta,dhw_novelty10,Thermal novelty relative to prior decade,Low (10th percentile),-5.005,DHW anomaly,12.5,0.5848079315966683,0.12370754116453261,0.07262295464664477,0.0042020965235902924,0.2497273127991392,Bayesian beta + Bernoulli boundary,0,11.64,TRUE
manta,dhw_novelty10,Thermal novelty relative to prior decade,Median (50th percentile),-0.44499999999999995,DHW anomaly,12.5,0.6482361955418745,0.1984113281091687,0.12890394328448365,0.02544287439341813,0.3128294357296203,Bayesian beta + Bernoulli boundary,0,11.64,TRUE
manta,dhw_novelty10,Thermal novelty relative to prior decade,High (90th percentile),4.182,DHW anomaly,12.5,0.7104831205253659,0.3477958381827459,0.24747504889343105,0.08310247551766592,0.4663195571670795,Bayesian beta + Bernoulli boundary,0,11.64,TRUE
manta,dhw_novelty10,Thermal novelty relative to prior decade,Low (10th percentile),-5.005,DHW anomaly,12.75,0.5915245790262087,0.12585003793318025,0.0747365809536197,0.003906331197227036,0.2638572283930411,Bayesian beta + Bernoulli boundary,0,11.64,TRUE
manta,dhw_novelty10,Thermal novelty relative to prior decade,Median (50th percentile),-0.44499999999999995,DHW anomaly,12.75,0.6550098133033724,0.20243549254515622,0.13287662927570712,0.024713850145484155,0.32807724939491345,Bayesian beta + Bernoulli boundary,0,11.64,TRUE
manta,dhw_novelty10,Thermal novelty relative to prior decade,High (90th percentile),4.182,DHW anomaly,12.75,0.7171358817406368,0.3567647305003092,0.2562066466771761,0.08357769611325364,0.48506715761316116,Bayesian beta + Bernoulli boundary,0,11.64,TRUE
manta,dhw_novelty10,Thermal novelty relative to prior decade,Low (10th percentile),-5.005,DHW anomaly,13,0.5980972315889995,0.12809350502744216,0.07691874003694187,0.0036767651460490693,0.274987091209439,Bayesian beta + Bernoulli boundary,0,11.64,TRUE
manta,dhw_novelty10,Thermal novelty relative to prior decade,Median (50th percentile),-0.44499999999999995,DHW anomaly,13,0.6616103908950163,0.20656527262594415,0.13693507985316677,0.02433470695208795,0.342234252787167,Bayesian beta + Bernoulli boundary,0,11.64,TRUE
manta,dhw_novelty10,Thermal novelty relative to prior decade,High (90th percentile),4.182,DHW anomaly,13,0.7235995102003767,0.3657584713886582,0.2650042807581514,0.08337982188032207,0.5036070992211267,Bayesian beta + Bernoulli boundary,0,11.64,TRUE
manta,dhw_novelty10,Thermal novelty relative to prior decade,Low (10th percentile),-5.005,DHW anomaly,13.25,0.6045264509419099,0.13042805209178396,0.07916426746305928,0.0033884620450423033,0.29052042983575005,Bayesian beta + Bernoulli boundary,0,11.64,TRUE
manta,dhw_novelty10,Thermal novelty relative to prior decade,Median (50th percentile),-0.44499999999999995,DHW anomaly,13.25,0.6680390555047813,0.2107898115534361,0.14107223449728515,0.02347792835390632,0.35683143462904127,Bayesian beta + Bernoulli boundary,0,11.64,TRUE
manta,dhw_novelty10,Thermal novelty relative to prior decade,High (90th percentile),4.182,DHW anomaly,13.25,0.7298747194053923,0.3747556073439109,0.27384821057071224,0.08364676268557587,0.5240229677307324,Bayesian beta + Bernoulli boundary,0,11.64,TRUE
manta,dhw_novelty10,Thermal novelty relative to prior decade,Low (10th percentile),-5.005,DHW anomaly,13.5,0.610813089982957,0.1328440036501843,0.08146787334117236,0.0031343004826685024,0.3050785746950678,Bayesian beta + Bernoulli boundary,0,11.64,TRUE
manta,dhw_novelty10,Thermal novelty relative to prior decade,Median (50th percentile),-0.44499999999999995,DHW anomaly,13.5,0.67429734667803,0.21509813751730003,0.14528072593200372,0.02307647186223611,0.374783098272928,Bayesian beta + Bernoulli boundary,0,11.64,TRUE
manta,dhw_novelty10,Thermal novelty relative to prior decade,High (90th percentile),4.182,DHW anomaly,13.5,0.7359628199012092,0.38373552030824065,0.28271902739388594,0.08350132137972723,0.5436308222991213,Bayesian beta + Bernoulli boundary,0,11.64,TRUE
manta,dhw_novelty10,Thermal novelty relative to prior decade,Low (10th percentile),-5.005,DHW anomaly,13.75,0.6169582632903775,0.13533196307949988,0.0838242085466131,0.0029441982711829974,0.31925470749250784,Bayesian beta + Bernoulli boundary,0,11.64,TRUE
manta,dhw_novelty10,Thermal novelty relative to prior decade,Median (50th percentile),-0.44499999999999995,DHW anomaly,13.75,0.6803871679495885,0.21947929099681412,0.1495529794981364,0.022071872531930898,0.39189520345529705,Bayesian beta + Bernoulli boundary,0,11.64,TRUE
manta,dhw_novelty10,Thermal novelty relative to prior decade,High (90th percentile),4.182,DHW anomaly,13.75,0.7418656558009443,0.39267863124798386,0.29159786262375476,0.08490266767182911,0.5648066970158878,Bayesian beta + Bernoulli boundary,0,11.64,TRUE
manta,dhw_novelty10,Thermal novelty relative to prior decade,Low (10th percentile),-5.005,DHW anomaly,14,0.6229633192150287,0.13788286846825226,0.08622792612261133,0.0026538261085316157,0.33555919731796313,Bayesian beta + Bernoulli boundary,0,11.64,TRUE
manta,dhw_novelty10,Thermal novelty relative to prior decade,Median (50th percentile),-0.44499999999999995,DHW anomaly,14,0.6863107413597983,0.22392243922507563,0.15388130633739852,0.021345165908539344,0.40980835301547286,Bayesian beta + Bernoulli boundary,0,11.64,TRUE
manta,dhw_novelty10,Thermal novelty relative to prior decade,High (90th percentile),4.182,DHW anomaly,14,0.7475855428553057,0.4015665625778326,0.3004665676820157,0.08455731356298901,0.5836329245958609,Bayesian beta + Bernoulli boundary,0,11.64,TRUE
manta,dhw_novelty10,Thermal novelty relative to prior decade,Low (10th percentile),-5.005,DHW anomaly,14.25,0.6288298136547971,0.1404880392839499,0.08867373643206809,0.002420586453789995,0.3518316332299967,Bayesian beta + Bernoulli boundary,0,11.64,TRUE
manta,dhw_novelty10,Thermal novelty relative to prior decade,Median (50th percentile),-0.44499999999999995,DHW anomaly,14.25,0.692070565014219,0.2284169760551723,0.15825798847012953,0.02050029694028622,0.427735408324327,Bayesian beta + Bernoulli boundary,0,11.64,TRUE
manta,dhw_novelty10,Thermal novelty relative to prior decade,High (90th percentile),4.182,DHW anomaly,14.25,0.7531252088609487,0.4103822598967313,0.3093078638841102,0.08493313949100914,0.6031733763931966,Bayesian beta + Bernoulli boundary,0,11.64,TRUE
manta,dhw_novelty10,Thermal novelty relative to prior decade,Low (10th percentile),-5.005,DHW anomaly,14.5,0.6345594855141795,0.14313921340684954,0.09115645513161544,0.0022118385678352483,0.3673763653593406,Bayesian beta + Bernoulli boundary,0,11.64,TRUE
manta,dhw_novelty10,Thermal novelty relative to prior decade,Median (50th percentile),-0.44499999999999995,DHW anomaly,14.5,0.6976693737559064,0.2329526067015878,0.1626753547936184,0.019518663835790886,0.444088516352479,Bayesian beta + Bernoulli boundary,0,11.64,TRUE
manta,dhw_novelty10,Thermal novelty relative to prior decade,High (90th percentile),4.182,DHW anomaly,14.5,0.7584877370257431,0.4191100752022242,0.31810546206147977,0.08448600524173978,0.6228069113441698,Bayesian beta + Bernoulli boundary,0,11.64,TRUE
manta,dhw_novelty10,Thermal novelty relative to prior decade,Low (10th percentile),-5.005,DHW anomaly,14.75,0.6401542338316091,0.14582857466843477,0.0936710435613533,0.0020343755897930726,0.3824602103150036,Bayesian beta + Bernoulli boundary,0,11.64,TRUE
manta,dhw_novelty10,Thermal novelty relative to prior decade,Median (50th percentile),-0.44499999999999995,DHW anomaly,14.75,0.7031101029467758,0.23751941774704752,0.16712584776108924,0.01883040681441106,0.4652556467010433,Bayesian beta + Bernoulli boundary,0,11.64,TRUE
manta,dhw_novelty10,Thermal novelty relative to prior decade,High (90th percentile),4.182,DHW anomaly,14.75,0.7636765127455426,0.4277358149540834,0.326844152917827,0.0835850326877729,0.6402336693202982,Bayesian beta + Bernoulli boundary,0,11.64,TRUE
manta,dhw_novelty10,Thermal novelty relative to prior decade,Low (10th percentile),-5.005,DHW anomaly,15,0.6456160965406045,0.14854877147498183,0.09621264160099587,0.0018823228733659135,0.4015217245606927,Bayesian beta + Bernoulli boundary,0,11.64,TRUE
manta,dhw_novelty10,Thermal novelty relative to prior decade,Median (50th percentile),-0.44499999999999995,DHW anomaly,15,0.7083958552986008,0.24210793338881137,0.1716020809944781,0.017984104380047713,0.48098652296068906,Bayesian beta + Bernoulli boundary,0,11.64,TRUE
manta,dhw_novelty10,Thermal novelty relative to prior decade,High (90th percentile),4.182,DHW anomaly,15,0.7686951740968998,0.4362467570995778,0.33550986998533977,0.08296101434116701,0.6578231235494524,Bayesian beta + Bernoulli boundary,0,11.64,TRUE
manta,dhw_novelty10,Thermal novelty relative to prior decade,Low (10th percentile),-5.005,DHW anomaly,15.25,0.6509472308177544,0.1512929273712188,0.0987765933857189,0.0016825026843677985,0.41671741397776996,Bayesian beta + Bernoulli boundary,0,11.64,TRUE
manta,dhw_novelty10,Thermal novelty relative to prior decade,Median (50th percentile),-0.44499999999999995,DHW anomaly,15.25,0.713529870652481,0.24670915919524133,0.17609688836084736,0.017242015075496955,0.49917570465851663,Bayesian beta + Bernoulli boundary,0,11.64,TRUE
manta,dhw_novelty10,Thermal novelty relative to prior decade,High (90th percentile),4.182,DHW anomaly,15.25,0.7735475662175166,0.4446316415215466,0.3440897276507365,0.0830446880132075,0.6755108082630559,Bayesian beta + Bernoulli boundary,0,11.64,TRUE
manta,dhw_novelty10,Thermal novelty relative to prior decade,Low (10th percentile),-5.005,DHW anomaly,15.5,0.6561498949604206,0.1540546445244492,0.10135846649139403,0.001536222192276979,0.4292345938179075,Bayesian beta + Bernoulli boundary,0,11.64,TRUE
manta,dhw_novelty10,Thermal novelty relative to prior decade,Median (50th percentile),-0.44499999999999995,DHW anomaly,15.5,0.7185154985758682,0.25131461472934175,0.1806033651550468,0.016626022219852838,0.5171903623931827,Bayesian beta + Bernoulli boundary,0,11.64,TRUE
manta,dhw_novelty10,Thermal novelty relative to prior decade,High (90th percentile),4.182,DHW anomaly,15.5,0.7782376996332507,0.4528806384107232,0.35257203707764384,0.08179721174200326,0.691100373040807,Bayesian beta + Bernoulli boundary,0,11.64,TRUE
manta,dhw_novelty10,Thermal novelty relative to prior decade,Low (10th percentile),-5.005,DHW anomaly,15.75,0.6612264317294656,0.15682800112872303,0.10395406530709397,0.0013969943308987211,0.44863408266617183,Bayesian beta + Bernoulli boundary,0,11.64,TRUE
manta,dhw_novelty10,Thermal novelty relative to prior decade,Median (50th percentile),-0.44499999999999995,DHW anomaly,15.75,0.7233561736263241,0.2559163563495864,0.18511490203896924,0.015943681460599525,0.5350594096505965,Bayesian beta + Bernoulli boundary,0,11.64,TRUE
manta,dhw_novelty10,Thermal novelty relative to prior decade,High (90th percentile),4.182,DHW anomaly,15.75,0.7827697124978732,0.46098529887944584,0.36094630300425645,0.08049199189475938,0.7084755433005666,Bayesian beta + Bernoulli boundary,0,11.64,TRUE
manta,dhw_novelty10,Thermal novelty relative to prior decade,Low (10th percentile),-5.005,DHW anomaly,16,0.6661792530869404,0.15960754368691696,0.10655943934337755,0.0012738709826556642,0.46339349469149765,Bayesian beta + Bernoulli boundary,0,11.64,TRUE
manta,dhw_novelty10,Thermal novelty relative to prior decade,Median (50th percentile),-0.44499999999999995,DHW anomaly,16,0.72805539311912,0.26050699138473304,0.18962521234128335,0.015337823989750905,0.5533097801719239,Bayesian beta + Bernoulli boundary,0,11.64,TRUE
manta,dhw_novelty10,Thermal novelty relative to prior decade,High (90th percentile),4.182,DHW anomaly,16,0.7871478366388921,0.46893849180021874,0.36920320438814325,0.07964571600592919,0.7238274913092493,Bayesian beta + Bernoulli boundary,0,11.64,TRUE
manta,cloudp_90,Peak-season cloud fraction,Low (10th percentile),0.54024335,fraction,0,0.1752422828074379,0.19381364275596227,0.03396434519578008,,,BRT,0,11.64,FALSE
manta,cloudp_90,Peak-season cloud fraction,Median (50th percentile),0.6959865000000001,fraction,0,0.12413955909887321,0.22506196370158424,0.027939092943841275,,,BRT,0,11.64,FALSE
manta,cloudp_90,Peak-season cloud fraction,High (90th percentile),0.8638448679999999,fraction,0,0.13396096648100578,0.3039889572217125,0.04072265450897373,,,BRT,0,11.64,FALSE
manta,cloudp_90,Peak-season cloud fraction,Low (10th percentile),0.54024335,fraction,0.25,0.1752422828074379,0.19381364275596227,0.03396434519578008,,,BRT,0,11.64,FALSE
manta,cloudp_90,Peak-season cloud fraction,Median (50th percentile),0.6959865000000001,fraction,0.25,0.12413955909887321,0.22506196370158424,0.027939092943841275,,,BRT,0,11.64,FALSE
manta,cloudp_90,Peak-season cloud fraction,High (90th percentile),0.8638448679999999,fraction,0.25,0.13396096648100578,0.3039889572217125,0.04072265450897373,,,BRT,0,11.64,FALSE
manta,cloudp_90,Peak-season cloud fraction,Low (10th percentile),0.54024335,fraction,0.5,0.1752422828074379,0.19381364275596227,0.03396434519578008,,,BRT,0,11.64,FALSE
manta,cloudp_90,Peak-season cloud fraction,Median (50th percentile),0.6959865000000001,fraction,0.5,0.12413955909887321,0.22506196370158424,0.027939092943841275,,,BRT,0,11.64,FALSE
manta,cloudp_90,Peak-season cloud fraction,High (90th percentile),0.8638448679999999,fraction,0.5,0.13396096648100578,0.3039889572217125,0.04072265450897373,,,BRT,0,11.64,FALSE
manta,cloudp_90,Peak-season cloud fraction,Low (10th percentile),0.54024335,fraction,0.75,0.1752422828074379,0.19381364275596227,0.03396434519578008,,,BRT,0,11.64,FALSE
manta,cloudp_90,Peak-season cloud fraction,Median (50th percentile),0.6959865000000001,fraction,0.75,0.12413955909887321,0.22506196370158424,0.027939092943841275,,,BRT,0,11.64,FALSE
manta,cloudp_90,Peak-season cloud fraction,High (90th percentile),0.8638448679999999,fraction,0.75,0.13396096648100578,0.3039889572217125,0.04072265450897373,,,BRT,0,11.64,FALSE
manta,cloudp_90,Peak-season cloud fraction,Low (10th percentile),0.54024335,fraction,1,0.1752422828074379,0.19381364275596227,0.03396434519578008,,,BRT,0,11.64,FALSE
manta,cloudp_90,Peak-season cloud fraction,Median (50th percentile),0.6959865000000001,fraction,1,0.12413955909887321,0.22506196370158424,0.027939092943841275,,,BRT,0,11.64,FALSE
manta,cloudp_90,Peak-season cloud fraction,High (90th percentile),0.8638448679999999,fraction,1,0.13396096648100578,0.3039889572217125,0.04072265450897373,,,BRT,0,11.64,FALSE
manta,cloudp_90,Peak-season cloud fraction,Low (10th percentile),0.54024335,fraction,1.25,0.1752422828074379,0.19381364275596227,0.03396434519578008,,,BRT,0,11.64,FALSE
manta,cloudp_90,Peak-season cloud fraction,Median (50th percentile),0.6959865000000001,fraction,1.25,0.12413955909887321,0.22506196370158424,0.027939092943841275,,,BRT,0,11.64,FALSE
manta,cloudp_90,Peak-season cloud fraction,High (90th percentile),0.8638448679999999,fraction,1.25,0.13396096648100578,0.3039889572217125,0.04072265450897373,,,BRT,0,11.64,FALSE
manta,cloudp_90,Peak-season cloud fraction,Low (10th percentile),0.54024335,fraction,1.5,0.1752422828074379,0.19381364275596227,0.03396434519578008,,,BRT,0,11.64,FALSE
manta,cloudp_90,Peak-season cloud fraction,Median (50th percentile),0.6959865000000001,fraction,1.5,0.12413955909887321,0.22506196370158424,0.027939092943841275,,,BRT,0,11.64,FALSE
manta,cloudp_90,Peak-season cloud fraction,High (90th percentile),0.8638448679999999,fraction,1.5,0.13396096648100578,0.3039889572217125,0.04072265450897373,,,BRT,0,11.64,FALSE
manta,cloudp_90,Peak-season cloud fraction,Low (10th percentile),0.54024335,fraction,1.75,0.1752422828074379,0.19381364275596227,0.03396434519578008,,,BRT,0,11.64,FALSE
manta,cloudp_90,Peak-season cloud fraction,Median (50th percentile),0.6959865000000001,fraction,1.75,0.12413955909887321,0.22506196370158424,0.027939092943841275,,,BRT,0,11.64,FALSE
manta,cloudp_90,Peak-season cloud fraction,High (90th percentile),0.8638448679999999,fraction,1.75,0.13396096648100578,0.3039889572217125,0.04072265450897373,,,BRT,0,11.64,FALSE
manta,cloudp_90,Peak-season cloud fraction,Low (10th percentile),0.54024335,fraction,2,0.1752422828074379,0.19381364275596227,0.03396434519578008,,,BRT,0,11.64,FALSE
manta,cloudp_90,Peak-season cloud fraction,Median (50th percentile),0.6959865000000001,fraction,2,0.12413955909887321,0.22506196370158424,0.027939092943841275,,,BRT,0,11.64,FALSE
manta,cloudp_90,Peak-season cloud fraction,High (90th percentile),0.8638448679999999,fraction,2,0.13396096648100578,0.3039889572217125,0.04072265450897373,,,BRT,0,11.64,FALSE
manta,cloudp_90,Peak-season cloud fraction,Low (10th percentile),0.54024335,fraction,2.25,0.1752422828074379,0.19381364275596227,0.03396434519578008,,,BRT,0,11.64,FALSE
manta,cloudp_90,Peak-season cloud fraction,Median (50th percentile),0.6959865000000001,fraction,2.25,0.12413955909887321,0.22506196370158424,0.027939092943841275,,,BRT,0,11.64,FALSE
manta,cloudp_90,Peak-season cloud fraction,High (90th percentile),0.8638448679999999,fraction,2.25,0.13396096648100578,0.3039889572217125,0.04072265450897373,,,BRT,0,11.64,FALSE
manta,cloudp_90,Peak-season cloud fraction,Low (10th percentile),0.54024335,fraction,2.5,0.1752422828074379,0.19381364275596227,0.03396434519578008,,,BRT,0,11.64,FALSE
manta,cloudp_90,Peak-season cloud fraction,Median (50th percentile),0.6959865000000001,fraction,2.5,0.12413955909887321,0.22506196370158424,0.027939092943841275,,,BRT,0,11.64,FALSE
manta,cloudp_90,Peak-season cloud fraction,High (90th percentile),0.8638448679999999,fraction,2.5,0.13396096648100578,0.3039889572217125,0.04072265450897373,,,BRT,0,11.64,FALSE
manta,cloudp_90,Peak-season cloud fraction,Low (10th percentile),0.54024335,fraction,2.75,0.1752422828074379,0.19381364275596227,0.03396434519578008,,,BRT,0,11.64,FALSE
manta,cloudp_90,Peak-season cloud fraction,Median (50th percentile),0.6959865000000001,fraction,2.75,0.12413955909887321,0.22506196370158424,0.027939092943841275,,,BRT,0,11.64,FALSE
manta,cloudp_90,Peak-season cloud fraction,High (90th percentile),0.8638448679999999,fraction,2.75,0.13396096648100578,0.3039889572217125,0.04072265450897373,,,BRT,0,11.64,FALSE
manta,cloudp_90,Peak-season cloud fraction,Low (10th percentile),0.54024335,fraction,3,0.1752422828074379,0.19381364275596227,0.03396434519578008,,,BRT,0,11.64,FALSE
manta,cloudp_90,Peak-season cloud fraction,Median (50th percentile),0.6959865000000001,fraction,3,0.12413955909887321,0.22506196370158424,0.027939092943841275,,,BRT,0,11.64,FALSE
manta,cloudp_90,Peak-season cloud fraction,High (90th percentile),0.8638448679999999,fraction,3,0.13396096648100578,0.3039889572217125,0.04072265450897373,,,BRT,0,11.64,FALSE
manta,cloudp_90,Peak-season cloud fraction,Low (10th percentile),0.54024335,fraction,3.25,0.18356817720502985,0.19381364275596227,0.03557801711817883,,,BRT,0,11.64,FALSE
manta,cloudp_90,Peak-season cloud fraction,Median (50th percentile),0.6959865000000001,fraction,3.25,0.13042146004318786,0.22506196370158424,0.029352909906147567,,,BRT,0,11.64,FALSE
manta,cloudp_90,Peak-season cloud fraction,High (90th percentile),0.8638448679999999,fraction,3.25,0.14066004929789652,0.3039889572217125,0.04275910170882224,,,BRT,0,11.64,FALSE
manta,cloudp_90,Peak-season cloud fraction,Low (10th percentile),0.54024335,fraction,3.5,0.19547799905570098,0.19605777706549543,0.03832498196007175,,,BRT,0,11.64,FALSE
manta,cloudp_90,Peak-season cloud fraction,Median (50th percentile),0.6959865000000001,fraction,3.5,0.13947219629826574,0.2273060980111174,0.031702880721599394,,,BRT,0,11.64,FALSE
manta,cloudp_90,Peak-season cloud fraction,High (90th percentile),0.8638448679999999,fraction,3.5,0.150298497026771,0.30623309153124567,0.04602637339700782,,,BRT,0,11.64,FALSE
manta,cloudp_90,Peak-season cloud fraction,Low (10th percentile),0.54024335,fraction,3.75,0.19547799905570098,0.19605777706549543,0.03832498196007175,,,BRT,0,11.64,FALSE
manta,cloudp_90,Peak-season cloud fraction,Median (50th percentile),0.6959865000000001,fraction,3.75,0.13947219629826574,0.2273060980111174,0.031702880721599394,,,BRT,0,11.64,FALSE
manta,cloudp_90,Peak-season cloud fraction,High (90th percentile),0.8638448679999999,fraction,3.75,0.150298497026771,0.30623309153124567,0.04602637339700782,,,BRT,0,11.64,FALSE
manta,cloudp_90,Peak-season cloud fraction,Low (10th percentile),0.54024335,fraction,4,0.19928971930334416,0.19605777706549543,0.03907229935862021,,,BRT,0,11.64,FALSE
manta,cloudp_90,Peak-season cloud fraction,Median (50th percentile),0.6959865000000001,fraction,4,0.14238511042629115,0.2273060980111174,0.03236500386588231,,,BRT,0,11.64,FALSE
manta,cloudp_90,Peak-season cloud fraction,High (90th percentile),0.8638448679999999,fraction,4,0.15339721506344403,0.30623309153124567,0.046975303401161836,,,BRT,0,11.64,FALSE
manta,cloudp_90,Peak-season cloud fraction,Low (10th percentile),0.54024335,fraction,4.25,0.20517641258022545,0.19113735465703374,0.03921687673860443,,,BRT,0,11.64,FALSE
manta,cloudp_90,Peak-season cloud fraction,Median (50th percentile),0.6959865000000001,fraction,4.25,0.14689930875475388,0.2223856756026557,0.03266830202298906,,,BRT,0,11.64,FALSE
manta,cloudp_90,Peak-season cloud fraction,High (90th percentile),0.8638448679999999,fraction,4.25,0.1581961421574728,0.30131266912278387,0.04766650183839548,,,BRT,0,11.64,FALSE
manta,cloudp_90,Peak-season cloud fraction,Low (10th percentile),0.54024335,fraction,4.5,0.20971353767930168,0.17330675566956308,0.036344772835186445,,,BRT,0,11.64,FALSE
manta,cloudp_90,Peak-season cloud fraction,Median (50th percentile),0.6959865000000001,fraction,4.5,0.1503915749650216,0.2062825300853554,0.031023154587306048,,,BRT,0,11.64,FALSE
manta,cloudp_90,Peak-season cloud fraction,High (90th percentile),0.8638448679999999,fraction,4.5,0.16190600111384945,0.28663252110934756,0.0464075252819955,,,BRT,0,11.64,FALSE
manta,cloudp_90,Peak-season cloud fraction,Low (10th percentile),0.54024335,fraction,4.75,0.20971353767930168,0.17330675566956308,0.036344772835186445,,,BRT,0,11.64,FALSE
manta,cloudp_90,Peak-season cloud fraction,Median (50th percentile),0.6959865000000001,fraction,4.75,0.1503915749650216,0.2062825300853554,0.031023154587306048,,,BRT,0,11.64,FALSE
manta,cloudp_90,Peak-season cloud fraction,High (90th percentile),0.8638448679999999,fraction,4.75,0.16190600111384945,0.28663252110934756,0.0464075252819955,,,BRT,0,11.64,FALSE
manta,cloudp_90,Peak-season cloud fraction,Low (10th percentile),0.54024335,fraction,5,0.20971353767930168,0.17330675566956308,0.036344772835186445,,,BRT,0,11.64,FALSE
manta,cloudp_90,Peak-season cloud fraction,Median (50th percentile),0.6959865000000001,fraction,5,0.1503915749650216,0.2062825300853554,0.031023154587306048,,,BRT,0,11.64,FALSE
manta,cloudp_90,Peak-season cloud fraction,High (90th percentile),0.8638448679999999,fraction,5,0.16190600111384945,0.28663252110934756,0.0464075252819955,,,BRT,0,11.64,FALSE
manta,cloudp_90,Peak-season cloud fraction,Low (10th percentile),0.54024335,fraction,5.25,0.2676231771640312,0.1666680083982349,0.04460422193913706,,,BRT,0,11.64,FALSE
manta,cloudp_90,Peak-season cloud fraction,Median (50th percentile),0.6959865000000001,fraction,5.25,0.20535706063228307,0.19964378281402723,0.04099826041219854,,,BRT,0,11.64,FALSE
manta,cloudp_90,Peak-season cloud fraction,High (90th percentile),0.8638448679999999,fraction,5.25,0.21999014212106688,0.2799937738380193,0.06159587009963973,,,BRT,0,11.64,FALSE
manta,cloudp_90,Peak-season cloud fraction,Low (10th percentile),0.54024335,fraction,5.5,0.26925734376619104,0.1666680083982349,0.044876585232109946,,,BRT,0,11.64,FALSE
manta,cloudp_90,Peak-season cloud fraction,Median (50th percentile),0.6959865000000001,fraction,5.5,0.20671833355375482,0.19964378281402723,0.041270030087683464,,,BRT,0,11.64,FALSE
manta,cloudp_90,Peak-season cloud fraction,High (90th percentile),0.8638448679999999,fraction,5.5,0.22142138664813482,0.2799937738380193,0.06199660965605849,,,BRT,0,11.64,FALSE
manta,cloudp_90,Peak-season cloud fraction,Low (10th percentile),0.54024335,fraction,5.75,0.28852745482733344,0.1693093741392868,0.048850402798817166,,,BRT,0,11.64,FALSE
manta,cloudp_90,Peak-season cloud fraction,Median (50th percentile),0.6959865000000001,fraction,5.75,0.23647835319977115,0.20228514855507915,0.047836058807076184,,,BRT,0,11.64,FALSE
manta,cloudp_90,Peak-season cloud fraction,High (90th percentile),0.8638448679999999,fraction,5.75,0.2526240419380291,0.2826351395790712,0.071400431354184,,,BRT,0,11.64,FALSE
manta,cloudp_90,Peak-season cloud fraction,Low (10th percentile),0.54024335,fraction,6,0.2811065880025363,0.18705088618903287,0.05258123639944977,,,BRT,0,11.64,FALSE
manta,cloudp_90,Peak-season cloud fraction,Median (50th percentile),0.6959865000000001,fraction,6,0.24473443576426407,0.2200266606048252,0.053848100636217124,,,BRT,0,11.64,FALSE
manta,cloudp_90,Peak-season cloud fraction,High (90th percentile),0.8638448679999999,fraction,6,0.2612509381488496,0.3003766516288173,0.07847368203603869,,,BRT,0,11.64,FALSE
manta,cloudp_90,Peak-season cloud fraction,Low (10th percentile),0.54024335,fraction,6.25,0.2811065880025363,0.18918054744139168,0.05317989820770156,,,BRT,0,11.64,FALSE
manta,cloudp_90,Peak-season cloud fraction,Median (50th percentile),0.6959865000000001,fraction,6.25,0.24473443576426407,0.222156321857184,0.05436930208118217,,,BRT,0,11.64,FALSE
manta,cloudp_90,Peak-season cloud fraction,High (90th percentile),0.8638448679999999,fraction,6.25,0.2612509381488496,0.30250631288117613,0.07903005803615669,,,BRT,0,11.64,FALSE
manta,cloudp_90,Peak-season cloud fraction,Low (10th percentile),0.54024335,fraction,6.5,0.2811065880025363,0.18918054744139168,0.05317989820770156,,,BRT,0,11.64,FALSE
manta,cloudp_90,Peak-season cloud fraction,Median (50th percentile),0.6959865000000001,fraction,6.5,0.24473443576426407,0.222156321857184,0.05436930208118217,,,BRT,0,11.64,FALSE
manta,cloudp_90,Peak-season cloud fraction,High (90th percentile),0.8638448679999999,fraction,6.5,0.2612509381488496,0.30250631288117613,0.07903005803615669,,,BRT,0,11.64,FALSE
manta,cloudp_90,Peak-season cloud fraction,Low (10th percentile),0.54024335,fraction,6.75,0.27420843430712405,0.18591485810189062,0.05097942215455056,,,BRT,0,11.64,FALSE
manta,cloudp_90,Peak-season cloud fraction,Median (50th percentile),0.6959865000000001,fraction,6.75,0.23843280085921562,0.21889063251768295,0.05219070659303644,,,BRT,0,11.64,FALSE
manta,cloudp_90,Peak-season cloud fraction,High (90th percentile),0.8638448679999999,fraction,6.75,0.25466742225245526,0.2992406235416751,0.07620683823057577,,,BRT,0,11.64,FALSE
manta,cloudp_90,Peak-season cloud fraction,Low (10th percentile),0.54024335,fraction,7,0.2963235065348019,0.1893954455470348,0.05612232254621848,,,BRT,0,11.64,FALSE
manta,cloudp_90,Peak-season cloud fraction,Median (50th percentile),0.6959865000000001,fraction,7,0.25869095217989013,0.22237121996282713,0.05752542262958754,,,BRT,0,11.64,FALSE
manta,cloudp_90,Peak-season cloud fraction,High (90th percentile),0.8638448679999999,fraction,7,0.27580538807017463,0.3027212109868192,0.08349214107329288,,,BRT,0,11.64,FALSE
manta,cloudp_90,Peak-season cloud fraction,Low (10th percentile),0.54024335,fraction,7.25,0.2963235065348019,0.21515287423604942,0.0637548541346674,,,BRT,0,11.64,FALSE
manta,cloudp_90,Peak-season cloud fraction,Median (50th percentile),0.6959865000000001,fraction,7.25,0.25869095217989013,0.24812864865184178,0.06418863638285437,,,BRT,0,11.64,FALSE
manta,cloudp_90,Peak-season cloud fraction,High (90th percentile),0.8638448679999999,fraction,7.25,0.27580538807017463,0.32847863967583396,0.09059617868855645,,,BRT,0,11.64,FALSE
manta,cloudp_90,Peak-season cloud fraction,Low (10th percentile),0.54024335,fraction,7.5,0.2963235065348019,0.21515287423604942,0.0637548541346674,,,BRT,0,11.64,FALSE
manta,cloudp_90,Peak-season cloud fraction,Median (50th percentile),0.6959865000000001,fraction,7.5,0.25869095217989013,0.24812864865184178,0.06418863638285437,,,BRT,0,11.64,FALSE
manta,cloudp_90,Peak-season cloud fraction,High (90th percentile),0.8638448679999999,fraction,7.5,0.27580538807017463,0.32847863967583396,0.09059617868855645,,,BRT,0,11.64,FALSE
manta,cloudp_90,Peak-season cloud fraction,Low (10th percentile),0.54024335,fraction,7.75,0.31597285781659695,0.21515287423604942,0.06798246853981942,,,BRT,0,11.64,FALSE
manta,cloudp_90,Peak-season cloud fraction,Median (50th percentile),0.6959865000000001,fraction,7.75,0.27682657502563024,0.24812864865184178,0.06868860397202732,,,BRT,0,11.64,FALSE
manta,cloudp_90,Peak-season cloud fraction,High (90th percentile),0.8638448679999999,fraction,7.75,0.29466390910319834,0.32847863967583396,0.09679080002378218,,,BRT,0,11.64,FALSE
manta,cloudp_90,Peak-season cloud fraction,Low (10th percentile),0.54024335,fraction,8,0.31597285781659695,0.21515287423604942,0.06798246853981942,,,BRT,0,11.64,FALSE
manta,cloudp_90,Peak-season cloud fraction,Median (50th percentile),0.6959865000000001,fraction,8,0.27682657502563024,0.24812864865184178,0.06868860397202732,,,BRT,0,11.64,FALSE
manta,cloudp_90,Peak-season cloud fraction,High (90th percentile),0.8638448679999999,fraction,8,0.29466390910319834,0.32847863967583396,0.09679080002378218,,,BRT,0,11.64,FALSE
manta,cloudp_90,Peak-season cloud fraction,Low (10th percentile),0.54024335,fraction,8.25,0.46423378518212943,0.21515287423604942,0.09988123319941587,,,BRT,0,11.64,FALSE
manta,cloudp_90,Peak-season cloud fraction,Median (50th percentile),0.6959865000000001,fraction,8.25,0.4179423045873649,0.24812864865184178,0.10370345925169931,,,BRT,0,11.64,FALSE
manta,cloudp_90,Peak-season cloud fraction,High (90th percentile),0.8638448679999999,fraction,8.25,0.4218376295872446,0.32847863967583396,0.13856465073089644,,,BRT,0,11.64,FALSE
manta,cloudp_90,Peak-season cloud fraction,Low (10th percentile),0.54024335,fraction,8.5,0.5420730185774242,0.21515287423604942,0.11662856799274422,,,BRT,0,11.64,FALSE
manta,cloudp_90,Peak-season cloud fraction,Median (50th percentile),0.6959865000000001,fraction,8.5,0.4951937524115241,0.24812864865184178,0.12287175660670618,,,BRT,0,11.64,FALSE
manta,cloudp_90,Peak-season cloud fraction,High (90th percentile),0.8638448679999999,fraction,8.5,0.4991915823819543,0.32847863967583396,0.16397377191845136,,,BRT,0,11.64,FALSE
manta,cloudp_90,Peak-season cloud fraction,Low (10th percentile),0.54024335,fraction,8.75,0.5811381735469728,0.2186902801503992,0.1270892699790788,,,BRT,0,11.64,FALSE
manta,cloudp_90,Peak-season cloud fraction,Median (50th percentile),0.6959865000000001,fraction,8.75,0.5348262409612005,0.25166605456619157,0.1345976099411726,,,BRT,0,11.64,FALSE
manta,cloudp_90,Peak-season cloud fraction,High (90th percentile),0.8638448679999999,fraction,8.75,0.5388025229239242,0.3288971911109313,0.17721063635316184,,,BRT,0,11.64,FALSE
manta,cloudp_90,Peak-season cloud fraction,Low (10th percentile),0.54024335,fraction,9,0.5811381735469728,0.22354202194015332,0.12990880234129804,,,BRT,0,11.64,FALSE
manta,cloudp_90,Peak-season cloud fraction,Median (50th percentile),0.6959865000000001,fraction,9,0.5348262409612005,0.2565177963559456,0.13719244876470113,,,BRT,0,11.64,FALSE
manta,cloudp_90,Peak-season cloud fraction,High (90th percentile),0.8638448679999999,fraction,9,0.5388025229239242,0.33374893290068536,0.17982476707005676,,,BRT,0,11.64,FALSE
manta,cloudp_90,Peak-season cloud fraction,Low (10th percentile),0.54024335,fraction,9.25,0.5811381735469728,0.22354202194015332,0.12990880234129804,,,BRT,0,11.64,FALSE
manta,cloudp_90,Peak-season cloud fraction,Median (50th percentile),0.6959865000000001,fraction,9.25,0.5348262409612005,0.2565177963559456,0.13719244876470113,,,BRT,0,11.64,FALSE
manta,cloudp_90,Peak-season cloud fraction,High (90th percentile),0.8638448679999999,fraction,9.25,0.5388025229239242,0.33374893290068536,0.17982476707005676,,,BRT,0,11.64,FALSE
manta,cloudp_90,Peak-season cloud fraction,Low (10th percentile),0.54024335,fraction,9.5,0.5700973157913038,0.23768363140365506,0.1355028002707534,,,BRT,0,11.64,FALSE
manta,cloudp_90,Peak-season cloud fraction,Median (50th percentile),0.6959865000000001,fraction,9.5,0.5235654416915557,0.2706594058194476,0.1417079113558331,,,BRT,0,11.64,FALSE
manta,cloudp_90,Peak-season cloud fraction,High (90th percentile),0.8638448679999999,fraction,9.5,0.5275529505119332,0.3478905423641872,0.18353068207942363,,,BRT,0,11.64,FALSE
manta,cloudp_90,Peak-season cloud fraction,Low (10th percentile),0.54024335,fraction,9.75,0.5700973157913038,0.25044241304057385,0.14277654743472817,,,BRT,0,11.64,FALSE
manta,cloudp_90,Peak-season cloud fraction,Median (50th percentile),0.6959865000000001,fraction,9.75,0.5235654416915557,0.2834181874563665,0.14838796849901265,,,BRT,0,11.64,FALSE
manta,cloudp_90,Peak-season cloud fraction,High (90th percentile),0.8638448679999999,fraction,9.75,0.5275529505119332,0.35749261787920417,0.18859628534840925,,,BRT,0,11.64,FALSE
manta,cloudp_90,Peak-season cloud fraction,Low (10th percentile),0.54024335,fraction,10,0.5700973157913038,0.25044241304057385,0.14277654743472817,,,BRT,0,11.64,FALSE
manta,cloudp_90,Peak-season cloud fraction,Median (50th percentile),0.6959865000000001,fraction,10,0.5235654416915557,0.2834181874563665,0.14838796849901265,,,BRT,0,11.64,FALSE
manta,cloudp_90,Peak-season cloud fraction,High (90th percentile),0.8638448679999999,fraction,10,0.5275529505119332,0.35749261787920417,0.18859628534840925,,,BRT,0,11.64,FALSE
manta,cloudp_90,Peak-season cloud fraction,Low (10th percentile),0.54024335,fraction,10.25,0.5700973157913038,0.25528287109454284,0.1455360795784963,,,BRT,0,11.64,FALSE
manta,cloudp_90,Peak-season cloud fraction,Median (50th percentile),0.6959865000000001,fraction,10.25,0.5235654416915557,0.2882586455103355,0.1509222650580284,,,BRT,0,11.64,FALSE
manta,cloudp_90,Peak-season cloud fraction,High (90th percentile),0.8638448679999999,fraction,10.25,0.5275529505119332,0.36233307593317315,0.19114988327660984,,,BRT,0,11.64,FALSE
manta,cloudp_90,Peak-season cloud fraction,Low (10th percentile),0.54024335,fraction,10.5,0.5700973157913038,0.25528287109454284,0.1455360795784963,,,BRT,0,11.64,FALSE
manta,cloudp_90,Peak-season cloud fraction,Median (50th percentile),0.6959865000000001,fraction,10.5,0.5235654416915557,0.2882586455103355,0.1509222650580284,,,BRT,0,11.64,FALSE
manta,cloudp_90,Peak-season cloud fraction,High (90th percentile),0.8638448679999999,fraction,10.5,0.5275529505119332,0.36233307593317315,0.19114988327660984,,,BRT,0,11.64,FALSE
manta,cloudp_90,Peak-season cloud fraction,Low (10th percentile),0.54024335,fraction,10.75,0.5700973157913038,0.25528287109454284,0.1455360795784963,,,BRT,0,11.64,FALSE
manta,cloudp_90,Peak-season cloud fraction,Median (50th percentile),0.6959865000000001,fraction,10.75,0.5235654416915557,0.2882586455103355,0.1509222650580284,,,BRT,0,11.64,FALSE
manta,cloudp_90,Peak-season cloud fraction,High (90th percentile),0.8638448679999999,fraction,10.75,0.5275529505119332,0.36233307593317315,0.19114988327660984,,,BRT,0,11.64,FALSE
manta,cloudp_90,Peak-season cloud fraction,Low (10th percentile),0.54024335,fraction,11,0.5700973157913038,0.2662068510295319,0.15176381121719162,,,BRT,0,11.64,FALSE
manta,cloudp_90,Peak-season cloud fraction,Median (50th percentile),0.6959865000000001,fraction,11,0.5235654416915557,0.2991826254453243,0.1566416834377205,,,BRT,0,11.64,FALSE
manta,cloudp_90,Peak-season cloud fraction,High (90th percentile),0.8638448679999999,fraction,11,0.5275529505119332,0.3696610293626353,0.1950157667295366,,,BRT,0,11.64,FALSE
manta,cloudp_90,Peak-season cloud fraction,Low (10th percentile),0.54024335,fraction,11.25,0.5700973157913038,0.2704854028667146,0.15420300213504343,,,BRT,0,11.64,FALSE
manta,cloudp_90,Peak-season cloud fraction,Median (50th percentile),0.6959865000000001,fraction,11.25,0.5235654416915557,0.303461177282507,0.15888178532015526,,,BRT,0,11.64,FALSE
manta,cloudp_90,Peak-season cloud fraction,High (90th percentile),0.8638448679999999,fraction,11.25,0.5275529505119332,0.3739395811998181,0.19727292937516067,,,BRT,0,11.64,FALSE
manta,cloudp_90,Peak-season cloud fraction,Low (10th percentile),0.54024335,fraction,11.5,0.5700973157913038,0.2704854028667146,0.15420300213504343,,,BRT,0,11.64,FALSE
manta,cloudp_90,Peak-season cloud fraction,Median (50th percentile),0.6959865000000001,fraction,11.5,0.5235654416915557,0.303461177282507,0.15888178532015526,,,BRT,0,11.64,FALSE
manta,cloudp_90,Peak-season cloud fraction,High (90th percentile),0.8638448679999999,fraction,11.5,0.5275529505119332,0.3739395811998181,0.19727292937516067,,,BRT,0,11.64,FALSE
manta,cloudp_90,Peak-season cloud fraction,Low (10th percentile),0.54024335,fraction,11.75,0.5700973157913038,0.2704854028667146,0.15420300213504343,,,BRT,0,11.64,TRUE
manta,cloudp_90,Peak-season cloud fraction,Median (50th percentile),0.6959865000000001,fraction,11.75,0.5235654416915557,0.303461177282507,0.15888178532015526,,,BRT,0,11.64,TRUE
manta,cloudp_90,Peak-season cloud fraction,High (90th percentile),0.8638448679999999,fraction,11.75,0.5275529505119332,0.3739395811998181,0.19727292937516067,,,BRT,0,11.64,TRUE
manta,cloudp_90,Peak-season cloud fraction,Low (10th percentile),0.54024335,fraction,12,0.5700973157913038,0.2704854028667146,0.15420300213504343,,,BRT,0,11.64,TRUE
manta,cloudp_90,Peak-season cloud fraction,Median (50th percentile),0.6959865000000001,fraction,12,0.5235654416915557,0.303461177282507,0.15888178532015526,,,BRT,0,11.64,TRUE
manta,cloudp_90,Peak-season cloud fraction,High (90th percentile),0.8638448679999999,fraction,12,0.5275529505119332,0.3739395811998181,0.19727292937516067,,,BRT,0,11.64,TRUE
manta,cloudp_90,Peak-season cloud fraction,Low (10th percentile),0.54024335,fraction,12.25,0.5700973157913038,0.2704854028667146,0.15420300213504343,,,BRT,0,11.64,TRUE
manta,cloudp_90,Peak-season cloud fraction,Median (50th percentile),0.6959865000000001,fraction,12.25,0.5235654416915557,0.303461177282507,0.15888178532015526,,,BRT,0,11.64,TRUE
manta,cloudp_90,Peak-season cloud fraction,High (90th percentile),0.8638448679999999,fraction,12.25,0.5275529505119332,0.3739395811998181,0.19727292937516067,,,BRT,0,11.64,TRUE
manta,cloudp_90,Peak-season cloud fraction,Low (10th percentile),0.54024335,fraction,12.5,0.5700973157913038,0.2704854028667146,0.15420300213504343,,,BRT,0,11.64,TRUE
manta,cloudp_90,Peak-season cloud fraction,Median (50th percentile),0.6959865000000001,fraction,12.5,0.5235654416915557,0.303461177282507,0.15888178532015526,,,BRT,0,11.64,TRUE
manta,cloudp_90,Peak-season cloud fraction,High (90th percentile),0.8638448679999999,fraction,12.5,0.5275529505119332,0.3739395811998181,0.19727292937516067,,,BRT,0,11.64,TRUE
manta,cloudp_90,Peak-season cloud fraction,Low (10th percentile),0.54024335,fraction,12.75,0.5700973157913038,0.2704854028667146,0.15420300213504343,,,BRT,0,11.64,TRUE
manta,cloudp_90,Peak-season cloud fraction,Median (50th percentile),0.6959865000000001,fraction,12.75,0.5235654416915557,0.303461177282507,0.15888178532015526,,,BRT,0,11.64,TRUE
manta,cloudp_90,Peak-season cloud fraction,High (90th percentile),0.8638448679999999,fraction,12.75,0.5275529505119332,0.3739395811998181,0.19727292937516067,,,BRT,0,11.64,TRUE
manta,cloudp_90,Peak-season cloud fraction,Low (10th percentile),0.54024335,fraction,13,0.5700973157913038,0.2704854028667146,0.15420300213504343,,,BRT,0,11.64,TRUE
manta,cloudp_90,Peak-season cloud fraction,Median (50th percentile),0.6959865000000001,fraction,13,0.5235654416915557,0.303461177282507,0.15888178532015526,,,BRT,0,11.64,TRUE
manta,cloudp_90,Peak-season cloud fraction,High (90th percentile),0.8638448679999999,fraction,13,0.5275529505119332,0.3739395811998181,0.19727292937516067,,,BRT,0,11.64,TRUE
manta,cloudp_90,Peak-season cloud fraction,Low (10th percentile),0.54024335,fraction,13.25,0.5700973157913038,0.2704854028667146,0.15420300213504343,,,BRT,0,11.64,TRUE
manta,cloudp_90,Peak-season cloud fraction,Median (50th percentile),0.6959865000000001,fraction,13.25,0.5235654416915557,0.303461177282507,0.15888178532015526,,,BRT,0,11.64,TRUE
manta,cloudp_90,Peak-season cloud fraction,High (90th percentile),0.8638448679999999,fraction,13.25,0.5275529505119332,0.3739395811998181,0.19727292937516067,,,BRT,0,11.64,TRUE
manta,cloudp_90,Peak-season cloud fraction,Low (10th percentile),0.54024335,fraction,13.5,0.5700973157913038,0.2704854028667146,0.15420300213504343,,,BRT,0,11.64,TRUE
manta,cloudp_90,Peak-season cloud fraction,Median (50th percentile),0.6959865000000001,fraction,13.5,0.5235654416915557,0.303461177282507,0.15888178532015526,,,BRT,0,11.64,TRUE
manta,cloudp_90,Peak-season cloud fraction,High (90th percentile),0.8638448679999999,fraction,13.5,0.5275529505119332,0.3739395811998181,0.19727292937516067,,,BRT,0,11.64,TRUE
manta,cloudp_90,Peak-season cloud fraction,Low (10th percentile),0.54024335,fraction,13.75,0.5700973157913038,0.2704854028667146,0.15420300213504343,,,BRT,0,11.64,TRUE
manta,cloudp_90,Peak-season cloud fraction,Median (50th percentile),0.6959865000000001,fraction,13.75,0.5235654416915557,0.303461177282507,0.15888178532015526,,,BRT,0,11.64,TRUE
manta,cloudp_90,Peak-season cloud fraction,High (90th percentile),0.8638448679999999,fraction,13.75,0.5275529505119332,0.3739395811998181,0.19727292937516067,,,BRT,0,11.64,TRUE
manta,cloudp_90,Peak-season cloud fraction,Low (10th percentile),0.54024335,fraction,14,0.5700973157913038,0.2704854028667146,0.15420300213504343,,,BRT,0,11.64,TRUE
manta,cloudp_90,Peak-season cloud fraction,Median (50th percentile),0.6959865000000001,fraction,14,0.5235654416915557,0.303461177282507,0.15888178532015526,,,BRT,0,11.64,TRUE
manta,cloudp_90,Peak-season cloud fraction,High (90th percentile),0.8638448679999999,fraction,14,0.5275529505119332,0.3739395811998181,0.19727292937516067,,,BRT,0,11.64,TRUE
manta,cloudp_90,Peak-season cloud fraction,Low (10th percentile),0.54024335,fraction,14.25,0.5700973157913038,0.2704854028667146,0.15420300213504343,,,BRT,0,11.64,TRUE
manta,cloudp_90,Peak-season cloud fraction,Median (50th percentile),0.6959865000000001,fraction,14.25,0.5235654416915557,0.303461177282507,0.15888178532015526,,,BRT,0,11.64,TRUE
manta,cloudp_90,Peak-season cloud fraction,High (90th percentile),0.8638448679999999,fraction,14.25,0.5275529505119332,0.3739395811998181,0.19727292937516067,,,BRT,0,11.64,TRUE
manta,cloudp_90,Peak-season cloud fraction,Low (10th percentile),0.54024335,fraction,14.5,0.5700973157913038,0.2704854028667146,0.15420300213504343,,,BRT,0,11.64,TRUE
manta,cloudp_90,Peak-season cloud fraction,Median (50th percentile),0.6959865000000001,fraction,14.5,0.5235654416915557,0.303461177282507,0.15888178532015526,,,BRT,0,11.64,TRUE
manta,cloudp_90,Peak-season cloud fraction,High (90th percentile),0.8638448679999999,fraction,14.5,0.5275529505119332,0.3739395811998181,0.19727292937516067,,,BRT,0,11.64,TRUE
manta,cloudp_90,Peak-season cloud fraction,Low (10th percentile),0.54024335,fraction,14.75,0.5700973157913038,0.2704854028667146,0.15420300213504343,,,BRT,0,11.64,TRUE
manta,cloudp_90,Peak-season cloud fraction,Median (50th percentile),0.6959865000000001,fraction,14.75,0.5235654416915557,0.303461177282507,0.15888178532015526,,,BRT,0,11.64,TRUE
manta,cloudp_90,Peak-season cloud fraction,High (90th percentile),0.8638448679999999,fraction,14.75,0.5275529505119332,0.3739395811998181,0.19727292937516067,,,BRT,0,11.64,TRUE
manta,cloudp_90,Peak-season cloud fraction,Low (10th percentile),0.54024335,fraction,15,0.5700973157913038,0.2704854028667146,0.15420300213504343,,,BRT,0,11.64,TRUE
manta,cloudp_90,Peak-season cloud fraction,Median (50th percentile),0.6959865000000001,fraction,15,0.5235654416915557,0.303461177282507,0.15888178532015526,,,BRT,0,11.64,TRUE
manta,cloudp_90,Peak-season cloud fraction,High (90th percentile),0.8638448679999999,fraction,15,0.5275529505119332,0.3739395811998181,0.19727292937516067,,,BRT,0,11.64,TRUE
manta,cloudp_90,Peak-season cloud fraction,Low (10th percentile),0.54024335,fraction,15.25,0.5700973157913038,0.2704854028667146,0.15420300213504343,,,BRT,0,11.64,TRUE
manta,cloudp_90,Peak-season cloud fraction,Median (50th percentile),0.6959865000000001,fraction,15.25,0.5235654416915557,0.303461177282507,0.15888178532015526,,,BRT,0,11.64,TRUE
manta,cloudp_90,Peak-season cloud fraction,High (90th percentile),0.8638448679999999,fraction,15.25,0.5275529505119332,0.3739395811998181,0.19727292937516067,,,BRT,0,11.64,TRUE
manta,cloudp_90,Peak-season cloud fraction,Low (10th percentile),0.54024335,fraction,15.5,0.5700973157913038,0.2704854028667146,0.15420300213504343,,,BRT,0,11.64,TRUE
manta,cloudp_90,Peak-season cloud fraction,Median (50th percentile),0.6959865000000001,fraction,15.5,0.5235654416915557,0.303461177282507,0.15888178532015526,,,BRT,0,11.64,TRUE
manta,cloudp_90,Peak-season cloud fraction,High (90th percentile),0.8638448679999999,fraction,15.5,0.5275529505119332,0.3739395811998181,0.19727292937516067,,,BRT,0,11.64,TRUE
manta,cloudp_90,Peak-season cloud fraction,Low (10th percentile),0.54024335,fraction,15.75,0.5700973157913038,0.2704854028667146,0.15420300213504343,,,BRT,0,11.64,TRUE
manta,cloudp_90,Peak-season cloud fraction,Median (50th percentile),0.6959865000000001,fraction,15.75,0.5235654416915557,0.303461177282507,0.15888178532015526,,,BRT,0,11.64,TRUE
manta,cloudp_90,Peak-season cloud fraction,High (90th percentile),0.8638448679999999,fraction,15.75,0.5275529505119332,0.3739395811998181,0.19727292937516067,,,BRT,0,11.64,TRUE
manta,cloudp_90,Peak-season cloud fraction,Low (10th percentile),0.54024335,fraction,16,0.5700973157913038,0.2704854028667146,0.15420300213504343,,,BRT,0,11.64,TRUE
manta,cloudp_90,Peak-season cloud fraction,Median (50th percentile),0.6959865000000001,fraction,16,0.5235654416915557,0.303461177282507,0.15888178532015526,,,BRT,0,11.64,TRUE
manta,cloudp_90,Peak-season cloud fraction,High (90th percentile),0.8638448679999999,fraction,16,0.5275529505119332,0.3739395811998181,0.19727292937516067,,,BRT,0,11.64,TRUE
manta,cloudp_90,Peak-season cloud fraction,Low (10th percentile),0.54024335,fraction,0,0.2341182183743487,0.13392514040640874,0.030932635786836735,0.003173185333444543,0.09261558246684609,Bayesian beta + Bernoulli boundary,0,11.64,FALSE
manta,cloudp_90,Peak-season cloud fraction,Median (50th percentile),0.6959865000000001,fraction,0,0.2437279437505778,0.16674374616746807,0.04056119784214208,0.006165141446236077,0.10965396813970087,Bayesian beta + Bernoulli boundary,0,11.64,FALSE
manta,cloudp_90,Peak-season cloud fraction,High (90th percentile),0.8638448679999999,fraction,0,0.2642203160391965,0.2366347311886105,0.0631022693768144,0.006525116412698925,0.18861928576527137,Bayesian beta + Bernoulli boundary,0,11.64,FALSE
manta,cloudp_90,Peak-season cloud fraction,Low (10th percentile),0.54024335,fraction,0.25,0.23944118686350352,0.13486908933101863,0.03188711403469974,0.0035201589713012146,0.09404409301103002,Bayesian beta + Bernoulli boundary,0,11.64,FALSE
manta,cloudp_90,Peak-season cloud fraction,Median (50th percentile),0.6959865000000001,fraction,0.25,0.24915707324994452,0.1664305175779894,0.041382425233402596,0.006591927318941706,0.10931595038451443,Bayesian beta + Bernoulli boundary,0,11.64,FALSE
manta,cloudp_90,Peak-season cloud fraction,High (90th percentile),0.8638448679999999,fraction,0.25,0.269778273611254,0.23275081214275295,0.06334521905036009,0.0071104115745116705,0.18645976737437334,Bayesian beta + Bernoulli boundary,0,11.64,FALSE
manta,cloudp_90,Peak-season cloud fraction,Low (10th percentile),0.54024335,fraction,0.5,0.24493933177112961,0.13588588346375308,0.03289352755748268,0.0038686996626705362,0.094904640770614,Bayesian beta + Bernoulli boundary,0,11.64,FALSE
manta,cloudp_90,Peak-season cloud fraction,Median (50th percentile),0.6959865000000001,fraction,0.5,0.25476729766275,0.16616377855054815,0.042242380954553765,0.007107882833968576,0.10963206312103273,Bayesian beta + Bernoulli boundary,0,11.64,FALSE
manta,cloudp_90,Peak-season cloud fraction,High (90th percentile),0.8638448679999999,fraction,0.5,0.27550837306385506,0.22894128880174375,0.06360448929810736,0.0075929618622086895,0.18527575511160366,Bayesian beta + Bernoulli boundary,0,11.64,FALSE
manta,cloudp_90,Peak-season cloud fraction,Low (10th percentile),0.54024335,fraction,0.75,0.2506154041175453,0.13697378613886405,0.033953595902982525,0.004228051012047135,0.09614266974653647,Bayesian beta + Bernoulli boundary,0,11.64,FALSE
manta,cloudp_90,Peak-season cloud fraction,Median (50th percentile),0.6959865000000001,fraction,0.75,0.2605618394399866,0.16593984922625993,0.04314138495745821,0.007692723678281287,0.11003948970466831,Bayesian beta + Bernoulli boundary,0,11.64,FALSE
manta,cloudp_90,Peak-season cloud fraction,High (90th percentile),0.8638448679999999,fraction,0.75,0.28141314595862027,0.225207023750171,0.06388032503889608,0.008170912718611662,0.18326557666336823,Bayesian beta + Bernoulli boundary,0,11.64,FALSE
manta,cloudp_90,Peak-season cloud fraction,Low (10th percentile),0.54024335,fraction,1,0.2564717784467079,0.13813001936476407,0.03506876295653851,0.0046147447472843755,0.09713711512047017,Bayesian beta + Bernoulli boundary,0,11.64,FALSE
manta,cloudp_90,Peak-season cloud fraction,Median (50th percentile),0.6959865000000001,fraction,1,0.2665435559837846,0.16575387918087478,0.04407934191731038,0.008265655462406611,0.11003281270322748,Bayesian beta + Bernoulli boundary,0,11.64,FALSE
manta,cloudp_90,Peak-season cloud fraction,High (90th percentile),0.8638448679999999,fraction,1,0.2874947652471001,0.22154765194974646,0.06417259527939394,0.008645260666268452,0.18028232407191289,Bayesian beta + Bernoulli boundary,0,11.64,FALSE
manta,cloudp_90,Peak-season cloud fraction,Low (10th percentile),0.54024335,fraction,1.25,0.2625104002201271,0.13935075533436087,0.03624015129759877,0.005020316044657116,0.09886613701472359,Bayesian beta + Bernoulli boundary,0,11.64,FALSE
manta,cloudp_90,Peak-season cloud fraction,Median (50th percentile),0.6959865000000001,fraction,1.25,0.2727148821316781,0.16559988787868002,0.04505570071678999,0.008920530731539863,0.1098466877674033,Bayesian beta + Bernoulli boundary,0,11.64,FALSE
manta,cloudp_90,Peak-season cloud fraction,High (90th percentile),0.8638448679999999,fraction,1.25,0.29375499518394993,0.21796153310130606,0.0644807408645549,0.009240268884634844,0.17768524550320225,Bayesian beta + Bernoulli boundary,0,11.64,FALSE
manta,cloudp_90,Peak-season cloud fraction,Low (10th percentile),0.54024335,fraction,1.5,0.2687327312305814,0.1406311350411957,0.03746851944824376,0.005542787380316912,0.1009253113139375,Bayesian beta + Bernoulli boundary,0,11.64,FALSE
manta,cloudp_90,Peak-season cloud fraction,Median (50th percentile),0.6959865000000001,fraction,1.5,0.2790777696321866,0.1654708364061657,0.04606941998278105,0.00963817238536769,0.11110692836484602,Bayesian beta + Bernoulli boundary,0,11.64,FALSE
manta,cloudp_90,Peak-season cloud fraction,High (90th percentile),0.8638448679999999,fraction,1.5,0.3001951388146012,0.2144457512738643,0.06480373230334915,0.009928719336972838,0.1758274124743518,Bayesian beta + Bernoulli boundary,0,11.64,FALSE
manta,cloudp_90,Peak-season cloud fraction,Low (10th percentile),0.54024335,fraction,1.75,0.27513969365428215,0.14196531586506003,0.03875422374661469,0.006079512696591666,0.10255743118967192,Bayesian beta + Bernoulli boundary,0,11.64,FALSE
manta,cloudp_90,Peak-season cloud fraction,Median (50th percentile),0.6959865000000001,fraction,1.75,0.2856336241207814,0.1653587300916453,0.047118941201066314,0.010227396671864413,0.11102154470992857,Bayesian beta + Bernoulli boundary,0,11.64,FALSE
manta,cloudp_90,Peak-season cloud fraction,High (90th percentile),0.8638448679999999,fraction,1.75,0.3068159834274354,0.21099616373926472,0.0651400399900303,0.010474004523377798,0.17295946263039935,Bayesian beta + Bernoulli boundary,0,11.64,FALSE
manta,cloudp_90,Peak-season cloud fraction,Low (10th percentile),0.54024335,fraction,2,0.28173161352374354,0.1433465497210947,0.04009718681833023,0.0065985421085843175,0.104188812361173,Bayesian beta + Bernoulli boundary,0,11.64,FALSE
manta,cloudp_90,Peak-season cloud fraction,Median (50th percentile),0.6959865000000001,fraction,2,0.29238324026684037,0.1652547511805548,0.048202171040435046,0.01093633602556836,0.11095278238309927,Bayesian beta + Bernoulli boundary,0,11.64,FALSE
manta,cloudp_90,Peak-season cloud fraction,High (90th percentile),0.8638448679999999,fraction,2,0.31361774449071517,0.2076074991782386,0.0654876189132148,0.011069954897655833,0.17125664238740976,Bayesian beta + Bernoulli boundary,0,11.64,FALSE
manta,cloudp_90,Peak-season cloud fraction,Low (10th percentile),0.54024335,fraction,2.25,0.2885081645755849,0.14476729307437333,0.04149687485406593,0.007234702525027626,0.10659966317975436,Bayesian beta + Bernoulli boundary,0,11.64,FALSE
manta,cloudp_90,Peak-season cloud fraction,Median (50th percentile),0.6959865000000001,fraction,2.25,0.2993267359437967,0.16514942042416736,0.04931647464161733,0.011686035362176052,0.11243229227016699,Bayesian beta + Bernoulli boundary,0,11.64,FALSE
manta,cloudp_90,Peak-season cloud fraction,High (90th percentile),0.8638448679999999,fraction,2.25,0.32060000874570954,0.20427350380564385,0.06584390974774032,0.011717305616648417,0.16907723997082552,Bayesian beta + Bernoulli boundary,0,11.64,FALSE
manta,cloudp_90,Peak-season cloud fraction,Low (10th percentile),0.54024335,fraction,2.5,0.29546831359839565,0.14621934982273255,0.04295228612739318,0.007774662238639569,0.10827247113790092,Bayesian beta + Bernoulli boundary,0,11.64,FALSE
manta,cloudp_90,Peak-season cloud fraction,Median (50th percentile),0.6959865000000001,fraction,2.5,0.3064634864736403,0.165032786275987,0.05045868177477173,0.01248885392901689,0.11453510074588982,Bayesian beta + Bernoulli boundary,0,11.64,FALSE
manta,cloudp_90,Peak-season cloud fraction,High (90th percentile),0.8638448679999999,fraction,2.5,0.32776167729865785,0.20098713259557477,0.06620585807119682,0.012229576020664674,0.1685134535012004,Bayesian beta + Bernoulli boundary,0,11.64,FALSE
manta,cloudp_90,Peak-season cloud fraction,Low (10th percentile),0.54024335,fraction,2.75,0.30261026856327133,0.14769404776261283,0.044461953400725056,0.008403566646280246,0.11034727649616222,Bayesian beta + Bernoulli boundary,0,11.64,FALSE
manta,cloudp_90,Peak-season cloud fraction,Median (50th percentile),0.6959865000000001,fraction,2.75,0.3137920602073748,0.1648946403876804,0.05162510794663071,0.013180864863028082,0.11582559930219032,Bayesian beta + Bernoulli boundary,0,11.64,FALSE
manta,cloudp_90,Peak-season cloud fraction,High (90th percentile),0.8638448679999999,fraction,2.75,0.3351009097423211,0.19774078173723414,0.06656995333714556,0.012785818841049177,0.16763994357927692,Bayesian beta + Bernoulli boundary,0,11.64,FALSE
manta,cloudp_90,Peak-season cloud fraction,Low (10th percentile),0.54024335,fraction,3,0.3099314309492763,0.14918244909605086,0.04602396306678611,0.009100011708440296,0.11312107951927135,Bayesian beta + Bernoulli boundary,0,11.64,FALSE
manta,cloudp_90,Peak-season cloud fraction,Median (50th percentile),0.6959865000000001,fraction,3,0.32131015691532955,0.16472475825309804,0.05281159274625827,0.0138399802998743,0.11777820656406585,Bayesian beta + Bernoulli boundary,0,11.64,FALSE
manta,cloudp_90,Peak-season cloud fraction,High (90th percentile),0.8638448679999999,fraction,3,0.3426150705369457,0.19452655775523234,0.0669322891598342,0.0133161370687857,0.166345171222022,Bayesian beta + Bernoulli boundary,0,11.64,FALSE
manta,cloudp_90,Peak-season cloud fraction,Low (10th percentile),0.54024335,fraction,3.25,0.3174283537628703,0.15067559522956034,0.04763599405649147,0.009766395644767568,0.11631339511438951,Bayesian beta + Bernoulli boundary,0,11.64,FALSE
manta,cloudp_90,Peak-season cloud fraction,Median (50th percentile),0.6959865000000001,fraction,3.25,0.32901455066175106,0.16451316414520292,0.05401355795270694,0.01444081670427097,0.11859762471256757,Bayesian beta + Bernoulli boundary,0,11.64,FALSE
manta,cloudp_90,Peak-season cloud fraction,High (90th percentile),0.8638448679999999,fraction,3.25,0.3503006790814494,0.19133657838245482,0.06728864640455776,0.013752984403632875,0.1647470640608981,Bayesian beta + Bernoulli boundary,0,11.64,FALSE
manta,cloudp_90,Peak-season cloud fraction,Low (10th percentile),0.54024335,fraction,3.5,0.325096706780613,0.1521647859667011,0.04929537970773662,0.010564281909687449,0.11942812015495555,Bayesian beta + Bernoulli boundary,0,11.64,FALSE
manta,cloudp_90,Peak-season cloud fraction,Median (50th percentile),0.6959865000000001,fraction,3.5,0.33690103900983753,0.16425041988679825,0.05522608817684923,0.015244807090622413,0.11974637480508664,Bayesian beta + Bernoulli boundary,0,11.64,FALSE
manta,cloudp_90,Peak-season cloud fraction,High (90th percentile),0.8638448679999999,fraction,3.5,0.35815336509607665,0.18816330023638866,0.06763460051286789,0.01440878970240735,0.16195981562789863,Bayesian beta + Bernoulli boundary,0,11.64,FALSE
manta,cloudp_90,Peak-season cloud fraction,Low (10th percentile),0.54024335,fraction,3.75,0.33293125050819433,0.15364189309782372,0.050999195924633055,0.011280180382306207,0.12144733647652532,Bayesian beta + Bernoulli boundary,0,11.64,FALSE
manta,cloudp_90,Peak-season cloud fraction,Median (50th percentile),0.6959865000000001,fraction,3.75,0.34496440052728106,0.16392793742972997,0.05644403705093376,0.01598973504402226,0.12184845773293979,Bayesian beta + Bernoulli boundary,0,11.64,FALSE
manta,cloudp_90,Peak-season cloud fraction,High (90th percentile),0.8638448679999999,fraction,3.75,0.3661678311018879,0.18499986853256295,0.06796565439519889,0.01492992391922675,0.1604484609372029,Bayesian beta + Bernoulli boundary,0,11.64,FALSE
manta,cloudp_90,Peak-season cloud fraction,Low (10th percentile),0.54024335,fraction,4,0.34092582024163026,0.15509970830794567,0.05274437904496806,0.012051923137318959,0.12447445734580678,Bayesian beta + Bernoulli boundary,0,11.64,FALSE
manta,cloudp_90,Peak-season cloud fraction,Median (50th percentile),0.6959865000000001,fraction,4,0.3531983626195358,0.1635383156030602,0.057662162177190106,0.016602820678148347,0.12251106096685142,Bayesian beta + Bernoulli boundary,0,11.64,FALSE
manta,cloudp_90,Peak-season cloud fraction,High (90th percentile),0.8638448679999999,fraction,4,0.3743378239013808,0.18184048434430913,0.06827739805833657,0.015444167326322911,0.15934866298724293,Bayesian beta + Bernoulli boundary,0,11.64,FALSE
manta,cloudp_90,Peak-season cloud fraction,Low (10th percentile),0.54024335,fraction,4.25,0.34907332144081715,0.1565323251846092,0.05452787684151179,0.012795747588955086,0.1281655364755474,Bayesian beta + Bernoulli boundary,0,11.64,FALSE
manta,cloudp_90,Peak-season cloud fraction,Median (50th percentile),0.6959865000000001,fraction,4.25,0.3615955816919836,0.16307570161926627,0.05887529214901724,0.017343045005453177,0.12341701660469045,Bayesian beta + Bernoulli boundary,0,11.64,FALSE
manta,cloudp_90,Peak-season cloud fraction,High (90th percentile),0.8638448679999999,fraction,4.25,0.38265611701680874,0.1786807851345758,0.06856569585350396,0.015910358352607186,0.15868150293855396,Bayesian beta + Bernoulli boundary,0,11.64,FALSE
manta,cloudp_90,Peak-season cloud fraction,Low (10th percentile),0.54024335,fraction,4.5,0.3573657373910707,0.15793555479208382,0.05634683595395812,0.013709498833654726,0.1315365910860588,Bayesian beta + Bernoulli boundary,0,11.64,FALSE
manta,cloudp_90,Peak-season cloud fraction,Median (50th percentile),0.6959865000000001,fraction,4.5,0.370147637521046,0.16253617786751406,0.06007852889413579,0.018082846678577087,0.12460387504482005,Bayesian beta + Bernoulli boundary,0,11.64,FALSE
manta,cloudp_90,Peak-season cloud fraction,High (90th percentile),0.8638448679999999,fraction,4.5,0.39111450600507913,0.17551823428661092,0.06882690177453554,0.016322213716992377,0.1566764738348121,Bayesian beta + Bernoulli boundary,0,11.64,FALSE
manta,cloudp_90,Peak-season cloud fraction,Low (10th percentile),0.54024335,fraction,4.75,0.36579414984983327,0.15930737361086938,0.0581988286954408,0.01452383561291893,0.13395363433981536,Bayesian beta + Bernoulli boundary,0,11.64,FALSE
manta,cloudp_90,Peak-season cloud fraction,Median (50th percentile),0.6959865000000001,fraction,4.75,0.37884504349184206,0.16191817402522696,0.06126748826766747,0.018919216278092,0.12553504867253268,Bayesian beta + Bernoulli boundary,0,11.64,FALSE
manta,cloudp_90,Peak-season cloud fraction,High (90th percentile),0.8638448679999999,fraction,4.75,0.39970381841689767,0.17235251500641677,0.06905810254095814,0.01688596040474685,0.1556785371063782,Bayesian beta + Bernoulli boundary,0,11.64,FALSE
manta,cloudp_90,Peak-season cloud fraction,Low (10th percentile),0.54024335,fraction,5,0.3743487730711534,0.16064840138546205,0.06008212147356181,0.015281296117000812,0.13502647765157272,Bayesian beta + Bernoulli boundary,0,11.64,FALSE
manta,cloudp_90,Peak-season cloud fraction,Median (50th percentile),0.6959865000000001,fraction,5,0.38767727403543,0.16122290342371126,0.062438581134239016,0.01970435156037331,0.12686157108221685,Bayesian beta + Bernoulli boundary,0,11.64,FALSE
manta,cloudp_90,Peak-season cloud fraction,High (90th percentile),0.8638448679999999,fraction,5,0.408413939881889,0.16918592315821004,0.06925738720657962,0.01730026090591199,0.1547875601977838,Bayesian beta + Bernoulli boundary,0,11.64,FALSE
manta,cloudp_90,Peak-season cloud fraction,Low (10th percentile),0.54024335,fraction,5.25,0.3830190012862733,0.16196240427989606,0.061995985835784986,0.016111015876241534,0.13799752137212778,Bayesian beta + Bernoulli boundary,0,11.64,FALSE
manta,cloudp_90,Peak-season cloud fraction,Median (50th percentile),0.6959865000000001,fraction,5.25,0.3966328101755234,0.16045482075181478,0.06358933599673668,0.020348876978701864,0.12784833027540538,Bayesian beta + Bernoulli boundary,0,11.64,FALSE
manta,cloudp_90,Peak-season cloud fraction,High (90th percentile),0.8638448679999999,fraction,5.25,0.4172338573665932,0.1660237522755015,0.06942414069244593,0.017641692336876593,0.15384625507004973,Bayesian beta + Bernoulli boundary,0,11.64,FALSE
manta,cloudp_90,Peak-season cloud fraction,Low (10th percentile),0.54024335,fraction,5.5,0.3917934694059487,0.1632606258119524,0.06394254936020677,0.017041922926161513,0.13990237312384685,Bayesian beta + Bernoulli boundary,0,11.64,FALSE
manta,cloudp_90,Peak-season cloud fraction,Median (50th percentile),0.6959865000000001,fraction,5.5,0.4056992035795321,0.1596258072154304,0.06472025007467684,0.021275728029772924,0.12970983658886157,Bayesian beta + Bernoulli boundary,0,11.64,FALSE
manta,cloudp_90,Peak-season cloud fraction,High (90th percentile),0.8638448679999999,fraction,5.5,0.42615172006777496,0.1628782851198526,0.0695608583887135,0.01793306317632159,0.15201347003323323,Bayesian beta + Bernoulli boundary,0,11.64,FALSE
manta,cloudp_90,Peak-season cloud fraction,Low (10th percentile),0.54024335,fraction,5.75,0.4006601264022014,0.16458589220664,0.06593685289604834,0.017912623212006543,0.1430652257233135,Bayesian beta + Bernoulli boundary,0,11.64,FALSE
manta,cloudp_90,Peak-season cloud fraction,Median (50th percentile),0.6959865000000001,fraction,5.75,0.41486315891191755,0.15877826545225052,0.06584463723512654,0.022065861443877115,0.13034443796999437,Bayesian beta + Bernoulli boundary,0,11.64,FALSE
manta,cloudp_90,Peak-season cloud fraction,High (90th percentile),0.8638448679999999,fraction,5.75,0.43515491768940856,0.15979097995316333,0.0696828698916427,0.0183353473176904,0.15128592332608,Bayesian beta + Bernoulli boundary,0,11.64,FALSE
manta,cloudp_90,Peak-season cloud fraction,Low (10th percentile),0.54024335,fraction,6,0.40960632051925105,0.16599124990839556,0.0679995555109476,0.018702838880969075,0.14585116574748014,Bayesian beta + Bernoulli boundary,0,11.64,FALSE
manta,cloudp_90,Peak-season cloud fraction,Median (50th percentile),0.6959865000000001,fraction,6,0.4241106336251118,0.1579633974100492,0.06698098889103175,0.02262233617697961,0.1311161810876181,Bayesian beta + Bernoulli boundary,0,11.64,FALSE
manta,cloudp_90,Peak-season cloud fraction,High (90th percentile),0.8638448679999999,fraction,6,0.4442301750541707,0.15681062242772836,0.06981020488521941,0.018468255991357624,0.15137868781633676,Bayesian beta + Bernoulli boundary,0,11.64,FALSE
manta,cloudp_90,Peak-season cloud fraction,Low (10th percentile),0.54024335,fraction,6.25,0.41861889514596623,0.1675236544439087,0.07015060222962459,0.01956625102007867,0.14977191177635493,Bayesian beta + Bernoulli boundary,0,11.64,FALSE
manta,cloudp_90,Peak-season cloud fraction,Median (50th percentile),0.6959865000000001,fraction,6.25,0.43342695362086536,0.15722518476994268,0.06814658037554225,0.0232301589045808,0.1332949202894095,Bayesian beta + Bernoulli boundary,0,11.64,FALSE
manta,cloudp_90,Peak-season cloud fraction,High (90th percentile),0.8638448679999999,fraction,6.25,0.45336366119132404,0.15397768205121157,0.06996105305554759,0.018586394456771165,0.15143427171472867,Bayesian beta + Bernoulli boundary,0,11.64,FALSE
manta,cloudp_90,Peak-season cloud fraction,Low (10th percentile),0.54024335,fraction,6.5,0.42768429384814516,0.16922313258077679,0.07240862709116018,0.020369449930336313,0.15364320196132164,Bayesian beta + Bernoulli boundary,0,11.64,FALSE
manta,cloudp_90,Peak-season cloud fraction,Median (50th percentile),0.6959865000000001,fraction,6.5,0.4427969425135573,0.15659971247594354,0.06935688639672447,0.0239389373815851,0.13478478669432997,Bayesian beta + Bernoulli boundary,0,11.64,FALSE
manta,cloudp_90,Peak-season cloud fraction,High (90th percentile),0.8638448679999999,fraction,6.5,0.4625411103114403,0.15132387726382063,0.07015122546688182,0.01858947311354312,0.15180861995150574,Bayesian beta + Bernoulli boundary,0,11.64,FALSE
manta,cloudp_90,Peak-season cloud fraction,Low (10th percentile),0.54024335,fraction,6.75,0.4367886727116087,0.17112306018793533,0.07479077810157639,0.020788107522795377,0.15826980545293018,Bayesian beta + Bernoulli boundary,0,11.64,FALSE
manta,cloudp_90,Peak-season cloud fraction,Median (50th percentile),0.6959865000000001,fraction,6.75,0.45220506158240875,0.15611558745269327,0.07062542866728702,0.024587064698102845,0.13672120984339778,Bayesian beta + Bernoulli boundary,0,11.64,FALSE
manta,cloudp_90,Peak-season cloud fraction,High (90th percentile),0.8638448679999999,fraction,6.75,0.471747951512587,0.148872839137283,0.07039408280309196,0.01851737913354231,0.15420222352483975,Bayesian beta + Bernoulli boundary,0,11.64,FALSE
manta,cloudp_90,Peak-season cloud fraction,Low (10th percentile),0.54024335,fraction,7,0.4459180178064674,0.17325148383785333,0.0773130063733718,0.02136342645619918,0.16315667259721298,Bayesian beta + Bernoulli boundary,0,11.64,FALSE
manta,cloudp_90,Peak-season cloud fraction,Median (50th percentile),0.6959865000000001,fraction,7,0.4616355569763219,0.15579534657886107,0.07196408348953719,0.025253293655985366,0.1397161990987576,Bayesian beta + Bernoulli boundary,0,11.64,FALSE
manta,cloudp_90,Peak-season cloud fraction,High (90th percentile),0.8638448679999999,fraction,7,0.4809694437278256,0.14664171531502646,0.07070093017207117,0.018398850200221594,0.1558046492438535,Bayesian beta + Bernoulli boundary,0,11.64,FALSE
manta,cloudp_90,Peak-season cloud fraction,Low (10th percentile),0.54024335,fraction,7.25,0.4550582652861721,0.17563346587196874,0.07999088188539558,0.02214107254782637,0.1683798569882886,Bayesian beta + Bernoulli boundary,0,11.64,FALSE
manta,cloudp_90,Peak-season cloud fraction,Median (50th percentile),0.6959865000000001,fraction,7.25,0.47107261039418574,0.15565781422028524,0.07338390145237014,0.02540036383631135,0.14250590211878184,Bayesian beta + Bernoulli boundary,0,11.64,FALSE
manta,cloudp_90,Peak-season cloud fraction,High (90th percentile),0.8638448679999999,fraction,7.25,0.4901908123450309,0.1446436182371988,0.07108189766185542,0.018316448119156357,0.15782510912052203,Bayesian beta + Bernoulli boundary,0,11.64,FALSE
manta,cloudp_90,Peak-season cloud fraction,Low (10th percentile),0.54024335,fraction,7.5,0.4641954214291935,0.17828718965030793,0.08283760112043942,0.022822669180622986,0.17556694033690678,Bayesian beta + Bernoulli boundary,0,11.64,FALSE
manta,cloudp_90,Peak-season cloud fraction,Median (50th percentile),0.6959865000000001,fraction,7.5,0.4805004893466881,0.15571489960732907,0.07489338146575938,0.02602136222458541,0.14592447392162888,Bayesian beta + Bernoulli boundary,0,11.64,FALSE
manta,cloudp_90,Peak-season cloud fraction,High (90th percentile),0.8638448679999999,fraction,7.5,0.49939738408563,0.14288479489383635,0.0715443558928142,0.018466994643226216,0.16075728378335985,Bayesian beta + Bernoulli boundary,0,11.64,FALSE
manta,cloudp_90,Peak-season cloud fraction,Low (10th percentile),0.54024335,fraction,7.75,0.47331567986029216,0.1812085885317271,0.08585627324967454,0.023296532211609378,0.18141229355380328,Bayesian beta + Bernoulli boundary,0,11.64,FALSE
manta,cloudp_90,Peak-season cloud fraction,Median (50th percentile),0.6959865000000001,fraction,7.75,0.4899036932233933,0.1559586359581242,0.07649176648319767,0.026514150005116897,0.14962119158905463,Bayesian beta + Bernoulli boundary,0,11.64,FALSE
manta,cloudp_90,Peak-season cloud fraction,High (90th percentile),0.8638448679999999,fraction,7.75,0.5085747170601734,0.14135284082357466,0.07208668687901294,0.018463345112200068,0.1633891420323697,Bayesian beta + Bernoulli boundary,0,11.64,FALSE
manta,cloudp_90,Peak-season cloud fraction,Low (10th percentile),0.54024335,fraction,8,0.4824055332788153,0.18439348891992438,0.08904964006589612,0.023597567293917047,0.1886180132716521,Bayesian beta + Bernoulli boundary,0,11.64,FALSE
manta,cloudp_90,Peak-season cloud fraction,Median (50th percentile),0.6959865000000001,fraction,8,0.4992670917172094,0.1563819767805597,0.07817844835792144,0.02678998708301088,0.15307087176276596,Bayesian beta + Bernoulli boundary,0,11.64,FALSE
manta,cloudp_90,Peak-season cloud fraction,High (90th percentile),0.8638448679999999,fraction,8,0.5177087233505477,0.1400364043462161,0.07270745567861199,0.018258176785650494,0.1649858890821496,Bayesian beta + Bernoulli boundary,0,11.64,FALSE
manta,cloudp_90,Peak-season cloud fraction,Low (10th percentile),0.54024335,fraction,8.25,0.49145187727339756,0.18784262133975219,0.09242254650640597,0.024303999491517354,0.19611117852962176,Bayesian beta + Bernoulli boundary,0,11.64,FALSE
manta,cloudp_90,Peak-season cloud fraction,Median (50th percentile),0.6959865000000001,fraction,8.25,0.5085760526466195,0.15698336974479493,0.07995533034801698,0.027313513850942456,0.15755448867548696,Bayesian beta + Bernoulli boundary,0,11.64,FALSE
manta,cloudp_90,Peak-season cloud fraction,High (90th percentile),0.8638448679999999,fraction,8.25,0.5267857819326832,0.13892932803286703,0.07340758786363953,0.018242371086549674,0.1694812541627172,Bayesian beta + Bernoulli boundary,0,11.64,FALSE
manta,cloudp_90,Peak-season cloud fraction,Low (10th percentile),0.54024335,fraction,8.5,0.5004421041896294,0.19156024986899203,0.09598146452154713,0.025181710365330706,0.20410195885795496,Bayesian beta + Bernoulli boundary,0,11.64,FALSE
manta,cloudp_90,Peak-season cloud fraction,Median (50th percentile),0.6959865000000001,fraction,8.5,0.5178165568010777,0.15776555307557638,0.0818264578059168,0.027866261866928872,0.1614200495882991,Bayesian beta + Bernoulli boundary,0,11.64,FALSE
manta,cloudp_90,Peak-season cloud fraction,High (90th percentile),0.8638448679999999,fraction,8.5,0.5357928402045684,0.1380293840454832,0.07418991815459651,0.018232664182262003,0.17265821049674818,Bayesian beta + Bernoulli boundary,0,11.64,FALSE
manta,cloudp_90,Peak-season cloud fraction,Low (10th percentile),0.54024335,fraction,8.75,0.5093641854956042,0.19555282534082996,0.09973395200597883,0.025754110410756415,0.21428302139208147,Bayesian beta + Bernoulli boundary,0,11.64,FALSE
manta,cloudp_90,Peak-season cloud fraction,Median (50th percentile),0.6959865000000001,fraction,8.75,0.5269752980564549,0.15873443155485295,0.08379761866238335,0.02823784905617286,0.16531593502854725,Bayesian beta + Bernoulli boundary,0,11.64,FALSE
manta,cloudp_90,Peak-season cloud fraction,High (90th percentile),0.8638448679999999,fraction,8.75,0.5447175028046414,0.13733713227236802,0.07505873337825092,0.01826439795895416,0.17505898641894396,Bayesian beta + Bernoulli boundary,0,11.64,FALSE
manta,cloudp_90,Peak-season cloud fraction,Low (10th percentile),0.54024335,fraction,9,0.5182067416100458,0.19982765706054753,0.10368804587240349,0.02631603637445087,0.2255855142657394,Bayesian beta + Bernoulli boundary,0,11.64,FALSE
manta,cloudp_90,Peak-season cloud fraction,Median (50th percentile),0.6959865000000001,fraction,9,0.5360397676180889,0.15989801169084764,0.08587590768554455,0.028657771640797705,0.16954398664391324,Bayesian beta + Bernoulli boundary,0,11.64,FALSE
manta,cloudp_90,Peak-season cloud fraction,High (90th percentile),0.8638448679999999,fraction,9,0.5535481067986537,0.13685488489387726,0.07601930895429473,0.018131497132513094,0.1789779118596183,Bayesian beta + Bernoulli boundary,0,11.64,FALSE
manta,cloudp_90,Peak-season cloud fraction,Low (10th percentile),0.54024335,fraction,9.25,0.5269590986742374,0.20439160691713898,0.10785159415097355,0.026529576813146463,0.23500482827438365,Bayesian beta + Bernoulli boundary,0,11.64,FALSE
manta,cloudp_90,Peak-season cloud fraction,Median (50th percentile),0.6959865000000001,fraction,9.25,0.544998321817912,0.16126537987890785,0.08806925028427431,0.0289070701380808,0.17449743857399053,Bayesian beta + Bernoulli boundary,0,11.64,FALSE
manta,cloudp_90,Peak-season cloud fraction,High (90th percentile),0.8638448679999999,fraction,9.25,0.5622737826910806,0.136585764004563,0.07707743941514676,0.017507346864669336,0.1831193561129747,Bayesian beta + Bernoulli boundary,0,11.64,FALSE
manta,cloudp_90,Peak-season cloud fraction,Low (10th percentile),0.54024335,fraction,9.5,0.5356113322280251,0.20924982256733277,0.11223154045631598,0.026920449720622124,0.24538770103857147,Bayesian beta + Bernoulli boundary,0,11.64,FALSE
manta,cloudp_90,Peak-season cloud fraction,Median (50th percentile),0.6959865000000001,fraction,9.5,0.5538402334023265,0.1628457134564805,0.09038588469435929,0.02905250529174172,0.18159354322697058,Bayesian beta + Bernoulli boundary,0,11.64,FALSE
manta,cloudp_90,Peak-season cloud fraction,High (90th percentile),0.8638448679999999,fraction,9.5,0.570884501089197,0.13653284298596705,0.07823896545416839,0.01733901393341053,0.18921814765289527,Bayesian beta + Bernoulli boundary,0,11.64,FALSE
manta,cloudp_90,Peak-season cloud fraction,Low (10th percentile),0.54024335,fraction,9.75,0.544154298168609,0.21440454117985225,0.11683318452753899,0.027308321444299476,0.25605468865394965,Bayesian beta + Bernoulli boundary,0,11.64,FALSE
manta,cloudp_90,Peak-season cloud fraction,Median (50th percentile),0.6959865000000001,fraction,9.75,0.5625557266913517,0.16464732203603094,0.09283380567515001,0.02969211837645008,0.18799883671124176,Bayesian beta + Bernoulli boundary,0,11.64,FALSE
manta,cloudp_90,Peak-season cloud fraction,High (90th percentile),0.8638448679999999,fraction,9.75,0.5793711052133597,0.13669836693755566,0.07950930246633701,0.016917835480815976,0.19543589344247664,Bayesian beta + Bernoulli boundary,0,11.64,FALSE
manta,cloudp_90,Peak-season cloud fraction,Low (10th percentile),0.54024335,fraction,10,0.5525796517142135,0.21985400957161316,0.12165945335672086,0.027757181221439442,0.27045914419539874,Bayesian beta + Bernoulli boundary,0,11.64,FALSE
manta,cloudp_90,Peak-season cloud fraction,Median (50th percentile),0.6959865000000001,fraction,10,0.5711359973645074,0.16667672506261,0.09542017826970832,0.029793199898684158,0.1964825191145831,Bayesian beta + Bernoulli boundary,0,11.64,FALSE
manta,cloudp_90,Peak-season cloud fraction,High (90th percentile),0.8638448679999999,fraction,10,0.5877253297946489,0.13708305228512363,0.08089297830144088,0.016584709893764503,0.20206159721620823,Bayesian beta + Bernoulli boundary,0,11.64,FALSE
manta,cloudp_90,Peak-season cloud fraction,Low (10th percentile),0.54024335,fraction,10.25,0.5608798553548725,0.22559157725769755,0.1267102265547058,0.028074313157102033,0.2837071709316019,Bayesian beta + Bernoulli boundary,0,11.64,FALSE
manta,cloudp_90,Peak-season cloud fraction,Median (50th percentile),0.6959865000000001,fraction,10.25,0.5795732179348696,0.16893778074892607,0.09815073651846068,0.029998702435486035,0.2049485924894383,Bayesian beta + Bernoulli boundary,0,11.64,FALSE
manta,cloudp_90,Peak-season cloud fraction,High (90th percentile),0.8638448679999999,fraction,10.25,0.5959398072132791,0.13768547036961296,0.08239319076040465,0.016164052802205012,0.20941679417431996,Bayesian beta + Bernoulli boundary,0,11.64,FALSE
manta,cloudp_90,Peak-season cloud fraction,Low (10th percentile),0.54024335,fraction,10.5,0.5690481769464687,0.23160502268545113,0.13198176466705067,0.028258827806658178,0.3000479419019354,Bayesian beta + Bernoulli boundary,0,11.64,FALSE
manta,cloudp_90,Peak-season cloud fraction,Median (50th percentile),0.6959865000000001,fraction,10.5,0.5878605302111414,0.17143089065435937,0.10102918877717008,0.029884884040229907,0.21138252381983424,Bayesian beta + Bernoulli boundary,0,11.64,FALSE
manta,cloudp_90,Peak-season cloud fraction,High (90th percentile),0.8638448679999999,fraction,10.5,0.6040080619899884,0.13850152396474547,0.08401139791919045,0.015704018212792496,0.21686704085718805,Bayesian beta + Bernoulli boundary,0,11.64,FALSE
manta,cloudp_90,Peak-season cloud fraction,Low (10th percentile),0.54024335,fraction,10.75,0.5770786791941618,0.23787616729750666,0.13746628817463788,0.028367332206574208,0.31887077126717717,Bayesian beta + Bernoulli boundary,0,11.64,FALSE
manta,cloudp_90,Peak-season cloud fraction,Median (50th percentile),0.6959865000000001,fraction,10.75,0.5959920262208738,0.17415231203623854,0.10405665763023769,0.029423961587034243,0.2219036131418862,Bayesian beta + Bernoulli boundary,0,11.64,FALSE
manta,cloudp_90,Peak-season cloud fraction,High (90th percentile),0.8638448679999999,fraction,10.75,0.6119244949344796,0.1395240287474545,0.08574695626953213,0.01517827051213852,0.2257452817641959,Bayesian beta + Bernoulli boundary,0,11.64,FALSE
manta,cloudp_90,Peak-season cloud fraction,Low (10th percentile),0.54024335,fraction,11,0.5849662017857167,0.24438081637019152,0.1431517470120413,0.02830828815018714,0.3366986940427233,Bayesian beta + Bernoulli boundary,0,11.64,FALSE
manta,cloudp_90,Peak-season cloud fraction,Median (50th percentile),0.6959865000000001,fraction,11,0.6039627191795154,0.17709361513567143,0.10723118710434534,0.02931687208077065,0.23110561308779665,Bayesian beta + Bernoulli boundary,0,11.64,FALSE
manta,cloudp_90,Peak-season cloud fraction,High (90th percentile),0.8638448679999999,fraction,11,0.6196843583739374,0.14074241313221017,0.08759682248147098,0.014546678072536632,0.23408933465024198,Bayesian beta + Bernoulli boundary,0,11.64,FALSE
manta,cloudp_90,Peak-season cloud fraction,Low (10th percentile),0.54024335,fraction,11.25,0.5927063373880725,0.25108904118845105,0.1490218061226768,0.02798997227842367,0.35213956455479867,Bayesian beta + Bernoulli boundary,0,11.64,FALSE
manta,cloudp_90,Peak-season cloud fraction,Median (50th percentile),0.6959865000000001,fraction,11.25,0.6117685061436788,0.18024132299090745,0.11054735155481245,0.02906831866858875,0.24392018626704326,Bayesian beta + Bernoulli boundary,0,11.64,FALSE
manta,cloudp_90,Peak-season cloud fraction,High (90th percentile),0.8638448679999999,fraction,11.25,0.6272837239325937,0.14214254898669293,0.08955533389991327,0.01379691391670642,0.24353229554557623,Bayesian beta + Bernoulli boundary,0,11.64,FALSE
manta,cloudp_90,Peak-season cloud fraction,Low (10th percentile),0.54024335,fraction,11.5,0.6002954026302055,0.25796578726038094,0.1550560535874281,0.027513735087925213,0.3702123155787446,Bayesian beta + Bernoulli boundary,0,11.64,FALSE
manta,cloudp_90,Peak-season cloud fraction,Median (50th percentile),0.6959865000000001,fraction,11.5,0.6194061239873587,0.1835767656902344,0.11399599791359094,0.028609951479566374,0.25630271728610093,Bayesian beta + Bernoulli boundary,0,11.64,FALSE
manta,cloudp_90,Peak-season cloud fraction,High (90th percentile),0.8638448679999999,fraction,11.5,0.6347194443185336,0.14370672218626437,0.09161408038738378,0.013248419404820496,0.25469442490823146,Bayesian beta + Bernoulli boundary,0,11.64,FALSE
manta,cloudp_90,Peak-season cloud fraction,Low (10th percentile),0.54024335,fraction,11.75,0.607730405082082,0.2649720665287598,0.16123060181418944,0.027596298555442857,0.3911901429874717,Bayesian beta + Bernoulli boundary,0,11.64,TRUE
manta,cloudp_90,Peak-season cloud fraction,Median (50th percentile),0.6959865000000001,fraction,11.75,0.6268731002918863,0.18707646696516414,0.11756433231668532,0.02787075369394081,0.2686698170398096,Bayesian beta + Bernoulli boundary,0,11.64,TRUE
manta,cloudp_90,Peak-season cloud fraction,High (90th percentile),0.8638448679999999,fraction,11.75,0.6419891105086211,0.14541399313167472,0.09376203387307722,0.01260642098231126,0.2659924281398431,Bayesian beta + Bernoulli boundary,0,11.64,TRUE
manta,cloudp_90,Peak-season cloud fraction,Low (10th percentile),0.54024335,fraction,12,0.615009007121853,0.2720754487160892,0.16752446881486613,0.027396562473513037,0.4090285138172543,Bayesian beta + Bernoulli boundary,0,11.64,TRUE
manta,cloudp_90,Peak-season cloud fraction,Median (50th percentile),0.6959865000000001,fraction,12,0.6341677006502957,0.19072187173326371,0.12124195857543175,0.02701460325129981,0.28310569348524683,Bayesian beta + Bernoulli boundary,0,11.64,TRUE
manta,cloudp_90,Peak-season cloud fraction,High (90th percentile),0.8638448679999999,fraction,12,0.6490910056202227,0.14724821312513311,0.09599064506819213,0.0120582276318944,0.2774356576304491,Bayesian beta + Bernoulli boundary,0,11.64,TRUE
manta,cloudp_90,Peak-season cloud fraction,Low (10th percentile),0.54024335,fraction,12.25,0.6221294874755198,0.2792538693486766,0.17392223620346814,0.02697904640882607,0.4274305449075089,Bayesian beta + Bernoulli boundary,0,11.64,TRUE
manta,cloudp_90,Peak-season cloud fraction,Median (50th percentile),0.6959865000000001,fraction,12.25,0.6412888737618935,0.19450338417009966,0.12502367305267237,0.02632063724538678,0.296946401071394,Bayesian beta + Bernoulli boundary,0,11.64,TRUE
manta,cloudp_90,Peak-season cloud fraction,High (90th percentile),0.8638448679999999,fraction,12.25,0.6560240566323848,0.14920117414930623,0.0982960830368526,0.01154311200856273,0.28998621060583524,Bayesian beta + Bernoulli boundary,0,11.64,TRUE
manta,cloudp_90,Peak-season cloud fraction,Low (10th percentile),0.54024335,fraction,12.5,0.6290907011228872,0.2864862716319221,0.18040856565727667,0.026893996573425515,0.4478756974070475,Bayesian beta + Bernoulli boundary,0,11.64,TRUE
manta,cloudp_90,Peak-season cloud fraction,Median (50th percentile),0.6959865000000001,fraction,12.5,0.6482361955418745,0.1984113281091687,0.12890394328448365,0.02544287439341813,0.3128294357296203,Bayesian beta + Bernoulli boundary,0,11.64,TRUE
manta,cloudp_90,Peak-season cloud fraction,High (90th percentile),0.8638448679999999,fraction,12.5,0.662787784980568,0.15126499901403506,0.1006744968648656,0.010897871939877004,0.3027076329199036,Bayesian beta + Bernoulli boundary,0,11.64,TRUE
manta,cloudp_90,Peak-season cloud fraction,Low (10th percentile),0.54024335,fraction,12.75,0.635892038192072,0.29375228606291814,0.18696806670029986,0.026776725237322992,0.46776578565524124,Bayesian beta + Bernoulli boundary,0,11.64,TRUE
manta,cloudp_90,Peak-season cloud fraction,Median (50th percentile),0.6959865000000001,fraction,12.75,0.6550098133033724,0.20243549254515622,0.13287662927570712,0.024713850145484155,0.32807724939491345,Bayesian beta + Bernoulli boundary,0,11.64,TRUE
manta,cloudp_90,Peak-season cloud fraction,High (90th percentile),0.8638448679999999,fraction,12.75,0.6693822569068844,0.15343171422698856,0.10312175267909336,0.010456192537720975,0.3168266122785924,Bayesian beta + Bernoulli boundary,0,11.64,TRUE
manta,cloudp_90,Peak-season cloud fraction,Low (10th percentile),0.54024335,fraction,13,0.6425333824082943,0.3010324713285937,0.19358550876532452,0.02662691408755709,0.49021551142029735,Bayesian beta + Bernoulli boundary,0,11.64,TRUE
manta,cloudp_90,Peak-season cloud fraction,Median (50th percentile),0.6959865000000001,fraction,13,0.6616103908950163,0.20656527262594415,0.13693507985316677,0.02433470695208795,0.342234252787167,Bayesian beta + Bernoulli boundary,0,11.64,TRUE
manta,cloudp_90,Peak-season cloud fraction,High (90th percentile),0.8638448679999999,fraction,13,0.6758080343085487,0.15569331197700975,0.10563348222674682,0.009812319836369918,0.32724384764642317,Bayesian beta + Bernoulli boundary,0,11.64,TRUE
manta,cloudp_90,Peak-season cloud fraction,Low (10th percentile),0.54024335,fraction,13.25,0.6490150696145559,0.3083085038802768,0.200246006127031,0.02593241761149714,0.5119288709326746,Bayesian beta + Bernoulli boundary,0,11.64,TRUE
manta,cloudp_90,Peak-season cloud fraction,Median (50th percentile),0.6959865000000001,fraction,13.25,0.6680390555047813,0.2107898115534361,0.14107223449728515,0.02347792835390632,0.35683143462904127,Bayesian beta + Bernoulli boundary,0,11.64,TRUE
manta,cloudp_90,Peak-season cloud fraction,High (90th percentile),0.8638448679999999,fraction,13.25,0.6820661266953658,0.15804180964100342,0.10820513180752195,0.009201413971658072,0.3398717630426792,Bayesian beta + Bernoulli boundary,0,11.64,TRUE
manta,cloudp_90,Peak-season cloud fraction,Low (10th percentile),0.54024335,fraction,13.5,0.6553378468351748,0.3155633165076136,0.2069351730348888,0.025839895770751613,0.5305885442491283,Bayesian beta + Bernoulli boundary,0,11.64,TRUE
manta,cloudp_90,Peak-season cloud fraction,Median (50th percentile),0.6959865000000001,fraction,13.5,0.67429734667803,0.21509813751730003,0.14528072593200372,0.02307647186223611,0.374783098272928,Bayesian beta + Bernoulli boundary,0,11.64,TRUE
manta,cloudp_90,Peak-season cloud fraction,High (90th percentile),0.8638448679999999,fraction,13.5,0.6881579447452816,0.1604693050473876,0.1108320100804317,0.00865568388284476,0.3537788681877752,Bayesian beta + Bernoulli boundary,0,11.64,TRUE
manta,cloudp_90,Peak-season cloud fraction,Low (10th percentile),0.54024335,fraction,13.75,0.661502832302833,0.32278118924744315,0.21363924860636435,0.025221437168600477,0.5536712280332452,Bayesian beta + Bernoulli boundary,0,11.64,TRUE
manta,cloudp_90,Peak-season cloud fraction,Median (50th percentile),0.6959865000000001,fraction,13.75,0.6803871679495885,0.21947929099681412,0.1495529794981364,0.022071872531930898,0.39189520345529705,Bayesian beta + Bernoulli boundary,0,11.64,TRUE
manta,cloudp_90,Peak-season cloud fraction,High (90th percentile),0.8638448679999999,fraction,13.75,0.6940852558367866,0.1629680262547019,0.1135093335753393,0.008030646846508126,0.3682852675406636,Bayesian beta + Bernoulli boundary,0,11.64,TRUE
manta,cloudp_90,Peak-season cloud fraction,Low (10th percentile),0.54024335,fraction,14,0.6675114768133447,0.3299477980381773,0.2203451927988318,0.02465132735304521,0.574573723992555,Bayesian beta + Bernoulli boundary,0,11.64,TRUE
manta,cloudp_90,Peak-season cloud fraction,Median (50th percentile),0.6959865000000001,fraction,14,0.6863107413597983,0.22392243922507563,0.15388130633739852,0.021345165908539344,0.40980835301547286,Bayesian beta + Bernoulli boundary,0,11.64,TRUE
manta,cloudp_90,Peak-season cloud fraction,High (90th percentile),0.8638448679999999,fraction,14,0.6998501418388978,0.16553037515611665,0.1162322690990229,0.007438918357414188,0.38266408505570326,Bayesian beta + Bernoulli boundary,0,11.64,TRUE
manta,cloudp_90,Peak-season cloud fraction,Low (10th percentile),0.54024335,fraction,14.25,0.6733655267100882,0.33705022763511566,0.22704075596219242,0.02422596841281959,0.5949502219893005,Bayesian beta + Bernoulli boundary,0,11.64,TRUE
manta,cloudp_90,Peak-season cloud fraction,Median (50th percentile),0.6959865000000001,fraction,14.25,0.692070565014219,0.2284169760551723,0.15825798847012953,0.02050029694028622,0.427735408324327,Bayesian beta + Bernoulli boundary,0,11.64,TRUE
manta,cloudp_90,Peak-season cloud fraction,High (90th percentile),0.8638448679999999,fraction,14.25,0.7054549593535648,0.1681489647141775,0.11899597257463133,0.006893282675025325,0.3982054120211522,Bayesian beta + Bernoulli boundary,0,11.64,TRUE
manta,cloudp_90,Peak-season cloud fraction,Low (10th percentile),0.54024335,fraction,14.5,0.679066988734367,0.34407695557162943,0.2337145251101589,0.023355741195430227,0.61428903989425,Bayesian beta + Bernoulli boundary,0,11.64,TRUE
manta,cloudp_90,Peak-season cloud fraction,Median (50th percentile),0.6959865000000001,fraction,14.5,0.6976693737559064,0.2329526067015878,0.1626753547936184,0.019518663835790886,0.444088516352479,Bayesian beta + Bernoulli boundary,0,11.64,TRUE
manta,cloudp_90,Peak-season cloud fraction,High (90th percentile),0.8638448679999999,fraction,14.5,0.7109023025313091,0.17081665001071303,0.12179562414455923,0.006382217913426408,0.4153343812784191,Bayesian beta + Bernoulli boundary,0,11.64,TRUE
manta,cloudp_90,Peak-season cloud fraction,Low (10th percentile),0.54024335,fraction,14.75,0.684618096912281,0.35101781360869433,0.24035595024407605,0.022797675346903298,0.6321236924115021,Bayesian beta + Bernoulli boundary,0,11.64,TRUE
manta,cloudp_90,Peak-season cloud fraction,Median (50th percentile),0.6959865000000001,fraction,14.75,0.7031101029467758,0.23751941774704752,0.16712584776108924,0.01883040681441106,0.4652556467010433,Bayesian beta + Bernoulli boundary,0,11.64,TRUE
manta,cloudp_90,Peak-season cloud fraction,High (90th percentile),0.8638448679999999,fraction,14.75,0.7161949685181058,0.1735265535457713,0.12462645957659609,0.005930683030857814,0.43254437934183354,Bayesian beta + Bernoulli boundary,0,11.64,TRUE
manta,cloudp_90,Peak-season cloud fraction,Low (10th percentile),0.54024335,fraction,15,0.6900212815865031,0.357863932399979,0.24695535395667229,0.022272119772986616,0.6511799666127381,Bayesian beta + Bernoulli boundary,0,11.64,TRUE
manta,cloudp_90,Peak-season cloud fraction,Median (50th percentile),0.6959865000000001,fraction,15,0.7083958552986008,0.24210793338881137,0.1716020809944781,0.017984104380047713,0.48098652296068906,Bayesian beta + Bernoulli boundary,0,11.64,TRUE
manta,cloudp_90,Peak-season cloud fraction,High (90th percentile),0.8638448679999999,fraction,15,0.7213359255392348,0.1762720853474552,0.12748379814067726,0.005479729101972074,0.4465530083540731,Bayesian beta + Bernoulli boundary,0,11.64,TRUE
manta,cloudp_90,Peak-season cloud fraction,Low (10th percentile),0.54024335,fraction,15.25,0.6952791406454869,0.3646076742175499,0.2535039272634186,0.0215016507083226,0.6696548177260356,Bayesian beta + Bernoulli boundary,0,11.64,TRUE
manta,cloudp_90,Peak-season cloud fraction,Median (50th percentile),0.6959865000000001,fraction,15.25,0.713529870652481,0.24670915919524133,0.17609688836084736,0.017242015075496955,0.49917570465851663,Bayesian beta + Bernoulli boundary,0,11.64,TRUE
manta,cloudp_90,Peak-season cloud fraction,High (90th percentile),0.8638448679999999,fraction,15.25,0.7263282835832304,0.17904695848926128,0.13036306718274165,0.0050506787482330825,0.46080172654813395,Bayesian beta + Bernoulli boundary,0,11.64,TRUE
manta,cloudp_90,Peak-season cloud fraction,Low (10th percentile),0.54024335,fraction,15.5,0.7003944129549139,0.37124255768526404,0.2599937142567218,0.021116258405478296,0.6867250589168916,Bayesian beta + Bernoulli boundary,0,11.64,TRUE
manta,cloudp_90,Peak-season cloud fraction,Median (50th percentile),0.6959865000000001,fraction,15.5,0.7185154985758682,0.25131461472934175,0.1806033651550468,0.016626022219852838,0.5171903623931827,Bayesian beta + Bernoulli boundary,0,11.64,TRUE
manta,cloudp_90,Peak-season cloud fraction,High (90th percentile),0.8638448679999999,fraction,15.5,0.7311752676152643,0.1818452005851899,0.1332598236333046,0.004695638679243803,0.4769133291766831,Bayesian beta + Bernoulli boundary,0,11.64,TRUE
manta,cloudp_90,Peak-season cloud fraction,Low (10th percentile),0.54024335,fraction,15.75,0.7053699539574037,0.37776317764760026,0.26641758782007563,0.02048238465274889,0.7034690926822094,Bayesian beta + Bernoulli boundary,0,11.64,TRUE
manta,cloudp_90,Peak-season cloud fraction,Median (50th percentile),0.6959865000000001,fraction,15.75,0.7233561736263241,0.2559163563495864,0.18511490203896924,0.015943681460599525,0.5350594096505965,Bayesian beta + Bernoulli boundary,0,11.64,TRUE
manta,cloudp_90,Peak-season cloud fraction,High (90th percentile),0.8638448679999999,fraction,15.75,0.7358801932233944,0.18466116177386938,0.1361697726709838,0.0043727192834129075,0.4934587229061135,Bayesian beta + Bernoulli boundary,0,11.64,TRUE
manta,cloudp_90,Peak-season cloud fraction,Low (10th percentile),0.54024335,fraction,16,0.7102087133765446,0.38416512260826474,0.27276921831336226,0.019773899958996866,0.7189600649402041,Bayesian beta + Bernoulli boundary,0,11.64,TRUE
manta,cloudp_90,Peak-season cloud fraction,Median (50th percentile),0.6959865000000001,fraction,16,0.72805539311912,0.26050699138473304,0.18962521234128335,0.015337823989750905,0.5533097801719239,Bayesian beta + Bernoulli boundary,0,11.64,TRUE
manta,cloudp_90,Peak-season cloud fraction,High (90th percentile),0.8638448679999999,fraction,16,0.7404464445821788,0.1874895196321465,0.1390887837309214,0.00405862565299225,0.5125796070461569,Bayesian beta + Bernoulli boundary,0,11.64,TRUE
ltmp,acropora_composition,Pre-event Acropora composition,Low (10th percentile),0.04416278783401122,proportion of pre-event hard coral,0,0.18682309462753804,0.007888184679738222,0.0014736950728622296,,,BRT,0,11.64,FALSE
ltmp,acropora_composition,Pre-event Acropora composition,Median (50th percentile),0.2688625059919296,proportion of pre-event hard coral,0,0.3762599417674589,0.016140332345458832,0.006072960508409774,,,BRT,0,11.64,FALSE
ltmp,acropora_composition,Pre-event Acropora composition,High (90th percentile),0.6708836309552813,proportion of pre-event hard coral,0,0.9880884906739191,0.018959181466614756,0.018733348999760313,,,BRT,0,11.64,FALSE
ltmp,acropora_composition,Pre-event Acropora composition,Low (10th percentile),0.04416278783401122,proportion of pre-event hard coral,0.25,0.18682309462753804,0.007888184679738222,0.0014736950728622296,,,BRT,0,11.64,FALSE
ltmp,acropora_composition,Pre-event Acropora composition,Median (50th percentile),0.2688625059919296,proportion of pre-event hard coral,0.25,0.3762599417674589,0.016140332345458832,0.006072960508409774,,,BRT,0,11.64,FALSE
ltmp,acropora_composition,Pre-event Acropora composition,High (90th percentile),0.6708836309552813,proportion of pre-event hard coral,0.25,0.9880884906739191,0.018959181466614756,0.018733348999760313,,,BRT,0,11.64,FALSE
ltmp,acropora_composition,Pre-event Acropora composition,Low (10th percentile),0.04416278783401122,proportion of pre-event hard coral,0.5,0.18682309462753804,0.007888184679738222,0.0014736950728622296,,,BRT,0,11.64,FALSE
ltmp,acropora_composition,Pre-event Acropora composition,Median (50th percentile),0.2688625059919296,proportion of pre-event hard coral,0.5,0.3762599417674589,0.016140332345458832,0.006072960508409774,,,BRT,0,11.64,FALSE
ltmp,acropora_composition,Pre-event Acropora composition,High (90th percentile),0.6708836309552813,proportion of pre-event hard coral,0.5,0.9880884906739191,0.018959181466614756,0.018733348999760313,,,BRT,0,11.64,FALSE
ltmp,acropora_composition,Pre-event Acropora composition,Low (10th percentile),0.04416278783401122,proportion of pre-event hard coral,0.75,0.18682309462753804,0.007888184679738222,0.0014736950728622296,,,BRT,0,11.64,FALSE
ltmp,acropora_composition,Pre-event Acropora composition,Median (50th percentile),0.2688625059919296,proportion of pre-event hard coral,0.75,0.3762599417674589,0.016140332345458832,0.006072960508409774,,,BRT,0,11.64,FALSE
ltmp,acropora_composition,Pre-event Acropora composition,High (90th percentile),0.6708836309552813,proportion of pre-event hard coral,0.75,0.9880884906739191,0.018959181466614756,0.018733348999760313,,,BRT,0,11.64,FALSE
ltmp,acropora_composition,Pre-event Acropora composition,Low (10th percentile),0.04416278783401122,proportion of pre-event hard coral,1,0.18682309462753804,0.007888184679738222,0.0014736950728622296,,,BRT,0,11.64,FALSE
ltmp,acropora_composition,Pre-event Acropora composition,Median (50th percentile),0.2688625059919296,proportion of pre-event hard coral,1,0.3762599417674589,0.016140332345458832,0.006072960508409774,,,BRT,0,11.64,FALSE
ltmp,acropora_composition,Pre-event Acropora composition,High (90th percentile),0.6708836309552813,proportion of pre-event hard coral,1,0.9880884906739191,0.018959181466614756,0.018733348999760313,,,BRT,0,11.64,FALSE
ltmp,acropora_composition,Pre-event Acropora composition,Low (10th percentile),0.04416278783401122,proportion of pre-event hard coral,1.25,0.18682309462753804,0.007888184679738222,0.0014736950728622296,,,BRT,0,11.64,FALSE
ltmp,acropora_composition,Pre-event Acropora composition,Median (50th percentile),0.2688625059919296,proportion of pre-event hard coral,1.25,0.3762599417674589,0.016140332345458832,0.006072960508409774,,,BRT,0,11.64,FALSE
ltmp,acropora_composition,Pre-event Acropora composition,High (90th percentile),0.6708836309552813,proportion of pre-event hard coral,1.25,0.9880884906739191,0.018959181466614756,0.018733348999760313,,,BRT,0,11.64,FALSE
ltmp,acropora_composition,Pre-event Acropora composition,Low (10th percentile),0.04416278783401122,proportion of pre-event hard coral,1.5,0.18682309462753804,0.007888184679738222,0.0014736950728622296,,,BRT,0,11.64,FALSE
ltmp,acropora_composition,Pre-event Acropora composition,Median (50th percentile),0.2688625059919296,proportion of pre-event hard coral,1.5,0.3762599417674589,0.016140332345458832,0.006072960508409774,,,BRT,0,11.64,FALSE
ltmp,acropora_composition,Pre-event Acropora composition,High (90th percentile),0.6708836309552813,proportion of pre-event hard coral,1.5,0.9880884906739191,0.018959181466614756,0.018733348999760313,,,BRT,0,11.64,FALSE
ltmp,acropora_composition,Pre-event Acropora composition,Low (10th percentile),0.04416278783401122,proportion of pre-event hard coral,1.75,0.18682309462753804,0.007888184679738222,0.0014736950728622296,,,BRT,0,11.64,FALSE
ltmp,acropora_composition,Pre-event Acropora composition,Median (50th percentile),0.2688625059919296,proportion of pre-event hard coral,1.75,0.3762599417674589,0.016140332345458832,0.006072960508409774,,,BRT,0,11.64,FALSE
ltmp,acropora_composition,Pre-event Acropora composition,High (90th percentile),0.6708836309552813,proportion of pre-event hard coral,1.75,0.9880884906739191,0.018959181466614756,0.018733348999760313,,,BRT,0,11.64,FALSE
ltmp,acropora_composition,Pre-event Acropora composition,Low (10th percentile),0.04416278783401122,proportion of pre-event hard coral,2,0.18682309462753804,0.007888184679738222,0.0014736950728622296,,,BRT,0,11.64,FALSE
ltmp,acropora_composition,Pre-event Acropora composition,Median (50th percentile),0.2688625059919296,proportion of pre-event hard coral,2,0.3762599417674589,0.016140332345458832,0.006072960508409774,,,BRT,0,11.64,FALSE
ltmp,acropora_composition,Pre-event Acropora composition,High (90th percentile),0.6708836309552813,proportion of pre-event hard coral,2,0.9880884906739191,0.018959181466614756,0.018733348999760313,,,BRT,0,11.64,FALSE
ltmp,acropora_composition,Pre-event Acropora composition,Low (10th percentile),0.04416278783401122,proportion of pre-event hard coral,2.25,0.18682309462753804,0.007888184679738222,0.0014736950728622296,,,BRT,0,11.64,FALSE
ltmp,acropora_composition,Pre-event Acropora composition,Median (50th percentile),0.2688625059919296,proportion of pre-event hard coral,2.25,0.3762599417674589,0.016140332345458832,0.006072960508409774,,,BRT,0,11.64,FALSE
ltmp,acropora_composition,Pre-event Acropora composition,High (90th percentile),0.6708836309552813,proportion of pre-event hard coral,2.25,0.9880884906739191,0.018959181466614756,0.018733348999760313,,,BRT,0,11.64,FALSE
ltmp,acropora_composition,Pre-event Acropora composition,Low (10th percentile),0.04416278783401122,proportion of pre-event hard coral,2.5,0.18682309462753804,0.007888184679738222,0.0014736950728622296,,,BRT,0,11.64,FALSE
ltmp,acropora_composition,Pre-event Acropora composition,Median (50th percentile),0.2688625059919296,proportion of pre-event hard coral,2.5,0.3762599417674589,0.016140332345458832,0.006072960508409774,,,BRT,0,11.64,FALSE
ltmp,acropora_composition,Pre-event Acropora composition,High (90th percentile),0.6708836309552813,proportion of pre-event hard coral,2.5,0.9880884906739191,0.018959181466614756,0.018733348999760313,,,BRT,0,11.64,FALSE
ltmp,acropora_composition,Pre-event Acropora composition,Low (10th percentile),0.04416278783401122,proportion of pre-event hard coral,2.75,0.18682309462753804,0.007888184679738222,0.0014736950728622296,,,BRT,0,11.64,FALSE
ltmp,acropora_composition,Pre-event Acropora composition,Median (50th percentile),0.2688625059919296,proportion of pre-event hard coral,2.75,0.3762599417674589,0.016140332345458832,0.006072960508409774,,,BRT,0,11.64,FALSE
ltmp,acropora_composition,Pre-event Acropora composition,High (90th percentile),0.6708836309552813,proportion of pre-event hard coral,2.75,0.9880884906739191,0.018959181466614756,0.018733348999760313,,,BRT,0,11.64,FALSE
ltmp,acropora_composition,Pre-event Acropora composition,Low (10th percentile),0.04416278783401122,proportion of pre-event hard coral,3,0.18682309462753804,0.007888184679738222,0.0014736950728622296,,,BRT,0,11.64,FALSE
ltmp,acropora_composition,Pre-event Acropora composition,Median (50th percentile),0.2688625059919296,proportion of pre-event hard coral,3,0.3762599417674589,0.016140332345458832,0.006072960508409774,,,BRT,0,11.64,FALSE
ltmp,acropora_composition,Pre-event Acropora composition,High (90th percentile),0.6708836309552813,proportion of pre-event hard coral,3,0.9880884906739191,0.018959181466614756,0.018733348999760313,,,BRT,0,11.64,FALSE
ltmp,acropora_composition,Pre-event Acropora composition,Low (10th percentile),0.04416278783401122,proportion of pre-event hard coral,3.25,0.16429320066590175,0.007888184679738222,0.0012959751084779237,,,BRT,0,11.64,FALSE
ltmp,acropora_composition,Pre-event Acropora composition,Median (50th percentile),0.2688625059919296,proportion of pre-event hard coral,3.25,0.34044941196794715,0.016140332345458832,0.005494966655978696,,,BRT,0,11.64,FALSE
ltmp,acropora_composition,Pre-event Acropora composition,High (90th percentile),0.6708836309552813,proportion of pre-event hard coral,3.25,0.9861076677553273,0.018959181466614756,0.018695794218593503,,,BRT,0,11.64,FALSE
ltmp,acropora_composition,Pre-event Acropora composition,Low (10th percentile),0.04416278783401122,proportion of pre-event hard coral,3.5,0.16429320066590175,0.007888184679738222,0.0012959751084779237,,,BRT,0,11.64,FALSE
ltmp,acropora_composition,Pre-event Acropora composition,Median (50th percentile),0.2688625059919296,proportion of pre-event hard coral,3.5,0.3318893069825464,0.016140332345458832,0.005356803716602309,,,BRT,0,11.64,FALSE
ltmp,acropora_composition,Pre-event Acropora composition,High (90th percentile),0.6708836309552813,proportion of pre-event hard coral,3.5,0.9855722394301941,0.018959181466614756,0.018685642935814938,,,BRT,0,11.64,FALSE
ltmp,acropora_composition,Pre-event Acropora composition,Low (10th percentile),0.04416278783401122,proportion of pre-event hard coral,3.75,0.16429320066590175,0.008246504895670368,0.001354844683616713,,,BRT,0,11.64,FALSE
ltmp,acropora_composition,Pre-event Acropora composition,Median (50th percentile),0.2688625059919296,proportion of pre-event hard coral,3.75,0.3318893069825464,0.016867132799510152,0.005598021015612002,,,BRT,0,11.64,FALSE
ltmp,acropora_composition,Pre-event Acropora composition,High (90th percentile),0.6708836309552813,proportion of pre-event hard coral,3.75,0.9855722394301941,0.019810359081187154,0.019524539963561904,,,BRT,0,11.64,FALSE
ltmp,acropora_composition,Pre-event Acropora composition,Low (10th percentile),0.04416278783401122,proportion of pre-event hard coral,4,0.15448765638081785,0.008409492215660057,0.0012991627437500535,,,BRT,0,11.64,FALSE
ltmp,acropora_composition,Pre-event Acropora composition,Median (50th percentile),0.2688625059919296,proportion of pre-event hard coral,4,0.3158616757082541,0.017542371099723245,0.005540962731454632,,,BRT,0,11.64,FALSE
ltmp,acropora_composition,Pre-event Acropora composition,High (90th percentile),0.6708836309552813,proportion of pre-event hard coral,4,0.9850349955840214,0.020600953963265632,0.02029266059623199,,,BRT,0,11.64,FALSE
ltmp,acropora_composition,Pre-event Acropora composition,Low (10th percentile),0.04416278783401122,proportion of pre-event hard coral,4.25,0.06884150131017114,0.00859225651120025,5.915038378731185e-4,,,BRT,0,11.64,FALSE
ltmp,acropora_composition,Pre-event Acropora composition,Median (50th percentile),0.2688625059919296,proportion of pre-event hard coral,4.25,0.15437044387714297,0.018308272687012357,0.0028262561813178705,,,BRT,0,11.64,FALSE
ltmp,acropora_composition,Pre-event Acropora composition,High (90th percentile),0.6708836309552813,proportion of pre-event hard coral,4.25,0.9648084161599062,0.02149747158033579,0.02074094150686637,,,BRT,0,11.64,FALSE
ltmp,acropora_composition,Pre-event Acropora composition,Low (10th percentile),0.04416278783401122,proportion of pre-event hard coral,4.5,0.0495361542078694,0.011608787631692295,5.750546942899165e-4,,,BRT,0,11.64,FALSE
ltmp,acropora_composition,Pre-event Acropora composition,Median (50th percentile),0.2688625059919296,proportion of pre-event hard coral,4.5,0.1140169399218975,0.0246510446264802,0.0028106366741894075,,,BRT,0,11.64,FALSE
ltmp,acropora_composition,Pre-event Acropora composition,High (90th percentile),0.6708836309552813,proportion of pre-event hard coral,4.5,0.9523775679427193,0.0299732043588845,0.02854580747076453,,,BRT,0,11.64,FALSE
ltmp,acropora_composition,Pre-event Acropora composition,Low (10th percentile),0.04416278783401122,proportion of pre-event hard coral,4.75,0.049330414567857174,0.012109189406092187,5.973513334832318e-4,,,BRT,0,11.64,FALSE
ltmp,acropora_composition,Pre-event Acropora composition,Median (50th percentile),0.2688625059919296,proportion of pre-event hard coral,4.75,0.11499616424187505,0.02569902101011185,0.00295528884093422,,,BRT,0,11.64,FALSE
ltmp,acropora_composition,Pre-event Acropora composition,High (90th percentile),0.6708836309552813,proportion of pre-event hard coral,4.75,0.9528136748554287,0.031240191818304446,0.029766081969587153,,,BRT,0,11.64,FALSE
ltmp,acropora_composition,Pre-event Acropora composition,Low (10th percentile),0.04416278783401122,proportion of pre-event hard coral,5,0.047551536567920154,0.012471635066491587,5.9304541092603e-4,,,BRT,0,11.64,FALSE
ltmp,acropora_composition,Pre-event Acropora composition,Median (50th percentile),0.2688625059919296,proportion of pre-event hard coral,5,0.11112614253289693,0.026457336314528863,0.0029401017263291245,,,BRT,0,11.64,FALSE
ltmp,acropora_composition,Pre-event Acropora composition,High (90th percentile),0.6708836309552813,proportion of pre-event hard coral,5,0.9510477570290287,0.03173546057989058,0.030181938602788092,,,BRT,0,11.64,FALSE
ltmp,acropora_composition,Pre-event Acropora composition,Low (10th percentile),0.04416278783401122,proportion of pre-event hard coral,5.25,0.04527006232822163,0.012724292532726875,5.760295160390707e-4,,,BRT,0,11.64,FALSE
ltmp,acropora_composition,Pre-event Acropora composition,Median (50th percentile),0.2688625059919296,proportion of pre-event hard coral,5.25,0.10613432187055905,0.026873241537226002,0.0028521732670172216,,,BRT,0,11.64,FALSE
ltmp,acropora_composition,Pre-event Acropora composition,High (90th percentile),0.6708836309552813,proportion of pre-event hard coral,5.25,0.9485907044402448,0.032296172558062795,0.03063584907757649,,,BRT,0,11.64,FALSE
ltmp,acropora_composition,Pre-event Acropora composition,Low (10th percentile),0.04416278783401122,proportion of pre-event hard coral,5.5,0.036856741286305,0.015799835901929564,5.823304642034913e-4,,,BRT,0,11.64,FALSE
ltmp,acropora_composition,Pre-event Acropora composition,Median (50th percentile),0.2688625059919296,proportion of pre-event hard coral,5.5,0.08971477811775622,0.0335522485981531,0.0030101325383351026,,,BRT,0,11.64,FALSE
ltmp,acropora_composition,Pre-event Acropora composition,High (90th percentile),0.6708836309552813,proportion of pre-event hard coral,5.5,0.9446143095063874,0.040267210142415646,0.03803698290442655,,,BRT,0,11.64,FALSE
ltmp,acropora_composition,Pre-event Acropora composition,Low (10th percentile),0.04416278783401122,proportion of pre-event hard coral,5.75,0.025824857798666754,0.015919638901346556,4.1112241083339826e-4,,,BRT,0,11.64,FALSE
ltmp,acropora_composition,Pre-event Acropora composition,Median (50th percentile),0.2688625059919296,proportion of pre-event hard coral,5.75,0.06391139597585158,0.03384114516611752,0.002162834828988012,,,BRT,0,11.64,FALSE
ltmp,acropora_composition,Pre-event Acropora composition,High (90th percentile),0.6708836309552813,proportion of pre-event hard coral,5.75,0.9325477406470813,0.04061149527178317,0.03787215816000102,,,BRT,0,11.64,FALSE
ltmp,acropora_composition,Pre-event Acropora composition,Low (10th percentile),0.04416278783401122,proportion of pre-event hard coral,6,0.023854643157929574,0.017450806707455076,4.1628276682434477e-4,,,BRT,0,11.64,FALSE
ltmp,acropora_composition,Pre-event Acropora composition,Median (50th percentile),0.2688625059919296,proportion of pre-event hard coral,6,0.059212118073752935,0.03703115894463024,0.0021926933558373577,,,BRT,0,11.64,FALSE
ltmp,acropora_composition,Pre-event Acropora composition,High (90th percentile),0.6708836309552813,proportion of pre-event hard coral,6,0.9272450705507226,0.04441037617634385,0.04117930239081808,,,BRT,0,11.64,FALSE
ltmp,acropora_composition,Pre-event Acropora composition,Low (10th percentile),0.04416278783401122,proportion of pre-event hard coral,6.25,0.023854643157929574,0.018145361492105272,4.328511233658078e-4,,,BRT,0,11.64,FALSE
ltmp,acropora_composition,Pre-event Acropora composition,Median (50th percentile),0.2688625059919296,proportion of pre-event hard coral,6.25,0.059212118073752935,0.03847450978443025,0.0022781572161854466,,,BRT,0,11.64,FALSE
ltmp,acropora_composition,Pre-event Acropora composition,High (90th percentile),0.6708836309552813,proportion of pre-event hard coral,6.25,0.9272450705507226,0.04646085745278812,0.043080601046657584,,,BRT,0,11.64,FALSE
ltmp,acropora_composition,Pre-event Acropora composition,Low (10th percentile),0.04416278783401122,proportion of pre-event hard coral,6.5,0.024832063189601905,0.018326661737782628,4.5508882232707767e-4,,,BRT,0,11.64,FALSE
ltmp,acropora_composition,Pre-event Acropora composition,Median (50th percentile),0.2688625059919296,proportion of pre-event hard coral,6.5,0.06154693080724119,0.03885089246772952,0.0023911531905109165,,,BRT,0,11.64,FALSE
ltmp,acropora_composition,Pre-event Acropora composition,High (90th percentile),0.6708836309552813,proportion of pre-event hard coral,6.5,0.929973337482743,0.0469115560397394,0.04362649633678518,,,BRT,0,11.64,FALSE
ltmp,acropora_composition,Pre-event Acropora composition,Low (10th percentile),0.04416278783401122,proportion of pre-event hard coral,6.75,0.02508696079532782,0.01798719393945525,4.5124402917707206e-4,,,BRT,0,11.64,FALSE
ltmp,acropora_composition,Pre-event Acropora composition,Median (50th percentile),0.2688625059919296,proportion of pre-event hard coral,6.75,0.06215468041662367,0.03814602378912333,0.0023709539177778844,,,BRT,0,11.64,FALSE
ltmp,acropora_composition,Pre-event Acropora composition,High (90th percentile),0.6708836309552813,proportion of pre-event hard coral,6.75,0.9306523678649337,0.046181719010387735,0.042979126149090364,,,BRT,0,11.64,FALSE
ltmp,acropora_composition,Pre-event Acropora composition,Low (10th percentile),0.04416278783401122,proportion of pre-event hard coral,7,0.026915350248633813,0.016899016664729406,4.5484295238869157e-4,,,BRT,0,11.64,FALSE
ltmp,acropora_composition,Pre-event Acropora composition,Median (50th percentile),0.2688625059919296,proportion of pre-event hard coral,7,0.0637582900411205,0.03588285374506935,0.002287829396581239,,,BRT,0,11.64,FALSE
ltmp,acropora_composition,Pre-event Acropora composition,High (90th percentile),0.6708836309552813,proportion of pre-event hard coral,7,0.9301016526738062,0.043573530975204576,0.04052781317287106,,,BRT,0,11.64,FALSE
ltmp,acropora_composition,Pre-event Acropora composition,Low (10th percentile),0.04416278783401122,proportion of pre-event hard coral,7.25,0.03726411653523634,0.016899016664729406,6.297269263253776e-4,,,BRT,0,11.64,FALSE
ltmp,acropora_composition,Pre-event Acropora composition,Median (50th percentile),0.2688625059919296,proportion of pre-event hard coral,7.25,0.09445286253965604,0.03588285374506935,0.0033892382523136176,,,BRT,0,11.64,FALSE
ltmp,acropora_composition,Pre-event Acropora composition,High (90th percentile),0.6708836309552813,proportion of pre-event hard coral,7.25,0.9550682396887485,0.043573530975204576,0.041615695525511795,,,BRT,0,11.64,FALSE
ltmp,acropora_composition,Pre-event Acropora composition,Low (10th percentile),0.04416278783401122,proportion of pre-event hard coral,7.5,0.05877214880594825,0.017445391076361737,0.0010253031203178936,,,BRT,0,11.64,FALSE
ltmp,acropora_composition,Pre-event Acropora composition,Median (50th percentile),0.2688625059919296,proportion of pre-event hard coral,7.5,0.154601589192664,0.03701989575265912,0.005723334715107852,,,BRT,0,11.64,FALSE
ltmp,acropora_composition,Pre-event Acropora composition,High (90th percentile),0.6708836309552813,proportion of pre-event hard coral,7.5,0.9744624045574276,0.044942912003805215,0.043795178099040905,,,BRT,0,11.64,FALSE
ltmp,acropora_composition,Pre-event Acropora composition,Low (10th percentile),0.04416278783401122,proportion of pre-event hard coral,7.75,0.055261775453272335,0.01728669881066164,9.552936680031336e-4,,,BRT,0,11.64,FALSE
ltmp,acropora_composition,Pre-event Acropora composition,Median (50th percentile),0.2688625059919296,proportion of pre-event hard coral,7.75,0.14625687579930807,0.036670616290018644,0.00536332977221334,,,BRT,0,11.64,FALSE
ltmp,acropora_composition,Pre-event Acropora composition,High (90th percentile),0.6708836309552813,proportion of pre-event hard coral,7.75,0.9727857988877298,0.0445867791077527,0.04337338553416595,,,BRT,0,11.64,FALSE
ltmp,acropora_composition,Pre-event Acropora composition,Low (10th percentile),0.04416278783401122,proportion of pre-event hard coral,8,0.055261775453272335,0.017929042798294666,9.907907372114692e-4,,,BRT,0,11.64,FALSE
ltmp,acropora_composition,Pre-event Acropora composition,Median (50th percentile),0.2688625059919296,proportion of pre-event hard coral,8,0.14625687579930807,0.03774521997306549,0.005520497949618202,,,BRT,0,11.64,FALSE
ltmp,acropora_composition,Pre-event Acropora composition,High (90th percentile),0.6708836309552813,proportion of pre-event hard coral,8,0.9727857988877298,0.04598422723964299,0.04473280323155101,,,BRT,0,11.64,FALSE
ltmp,acropora_composition,Pre-event Acropora composition,Low (10th percentile),0.04416278783401122,proportion of pre-event hard coral,8.25,0.05976790207748442,0.01788502664561625,0.0010689505212083917,,,BRT,0,11.64,FALSE
ltmp,acropora_composition,Pre-event Acropora composition,Median (50th percentile),0.2688625059919296,proportion of pre-event hard coral,8.25,0.16435314123575304,0.037654420012507704,0.006188622210466044,,,BRT,0,11.64,FALSE
ltmp,acropora_composition,Pre-event Acropora composition,High (90th percentile),0.6708836309552813,proportion of pre-event hard coral,8.25,0.9762120839980802,0.04587455239827192,0.044783292399196165,,,BRT,0,11.64,FALSE
ltmp,acropora_composition,Pre-event Acropora composition,Low (10th percentile),0.04416278783401122,proportion of pre-event hard coral,8.5,0.09241417372168056,0.017884143547909556,0.0016527483486999863,,,BRT,0,11.64,FALSE
ltmp,acropora_composition,Pre-event Acropora composition,Median (50th percentile),0.2688625059919296,proportion of pre-event hard coral,8.5,0.2660179761988135,0.03765259819746682,0.010016267971117218,,,BRT,0,11.64,FALSE
ltmp,acropora_composition,Pre-event Acropora composition,High (90th percentile),0.6708836309552813,proportion of pre-event hard coral,8.5,0.9872754271131574,0.04587235183042449,0.04528864574606737,,,BRT,0,11.64,FALSE
ltmp,acropora_composition,Pre-event Acropora composition,Low (10th percentile),0.04416278783401122,proportion of pre-event hard coral,8.75,0.05586407450928017,0.019066760990140354,0.0010651469566038373,,,BRT,0,11.64,FALSE
ltmp,acropora_composition,Pre-event Acropora composition,Median (50th percentile),0.2688625059919296,proportion of pre-event hard coral,8.75,0.23319531112672642,0.04028840385803979,0.009395066872474794,,,BRT,0,11.64,FALSE
ltmp,acropora_composition,Pre-event Acropora composition,High (90th percentile),0.6708836309552813,proportion of pre-event hard coral,8.75,0.9870363198003462,0.04905423660553623,0.04841831316974391,,,BRT,0,11.64,FALSE
ltmp,acropora_composition,Pre-event Acropora composition,Low (10th percentile),0.04416278783401122,proportion of pre-event hard coral,9,0.04945872384914379,0.018813106465931546,9.304722374430499e-4,,,BRT,0,11.64,FALSE
ltmp,acropora_composition,Pre-event Acropora composition,Median (50th percentile),0.2688625059919296,proportion of pre-event hard coral,9,0.2110013197969643,0.03954125011280483,0.008343255960223683,,,BRT,0,11.64,FALSE
ltmp,acropora_composition,Pre-event Acropora composition,High (90th percentile),0.6708836309552813,proportion of pre-event hard coral,9,0.9855300984759089,0.048152675819845614,0.047455911342610964,,,BRT,0,11.64,FALSE
ltmp,acropora_composition,Pre-event Acropora composition,Low (10th percentile),0.04416278783401122,proportion of pre-event hard coral,9.25,0.05097394195873919,0.017588362049135692,8.965481462419338e-4,,,BRT,0,11.64,FALSE
ltmp,acropora_composition,Pre-event Acropora composition,Median (50th percentile),0.2688625059919296,proportion of pre-event hard coral,9.25,0.22568774168559594,0.036898875860141074,0.00832762396361239,,,BRT,0,11.64,FALSE
ltmp,acropora_composition,Pre-event Acropora composition,High (90th percentile),0.6708836309552813,proportion of pre-event hard coral,9.25,0.9867076660277768,0.0449617756043337,0.044364128667016736,,,BRT,0,11.64,FALSE
ltmp,acropora_composition,Pre-event Acropora composition,Low (10th percentile),0.04416278783401122,proportion of pre-event hard coral,9.5,0.0531372037728122,0.020831568554107685,0.001106931303166927,,,BRT,0,11.64,FALSE
ltmp,acropora_composition,Pre-event Acropora composition,Median (50th percentile),0.2688625059919296,proportion of pre-event hard coral,9.5,0.2334417620523049,0.04076648915179321,0.00951660106028078,,,BRT,0,11.64,FALSE
ltmp,acropora_composition,Pre-event Acropora composition,High (90th percentile),0.6708836309552813,proportion of pre-event hard coral,9.5,0.9872706158751863,0.04895439948643393,0.04833124013077153,,,BRT,0,11.64,FALSE
ltmp,acropora_composition,Pre-event Acropora composition,Low (10th percentile),0.04416278783401122,proportion of pre-event hard coral,9.75,0.0531372037728122,0.020831568554107685,0.001106931303166927,,,BRT,0,11.64,FALSE
ltmp,acropora_composition,Pre-event Acropora composition,Median (50th percentile),0.2688625059919296,proportion of pre-event hard coral,9.75,0.2334417620523049,0.04076648915179321,0.00951660106028078,,,BRT,0,11.64,FALSE
ltmp,acropora_composition,Pre-event Acropora composition,High (90th percentile),0.6708836309552813,proportion of pre-event hard coral,9.75,0.9872706158751863,0.04895439948643393,0.04833124013077153,,,BRT,0,11.64,FALSE
ltmp,acropora_composition,Pre-event Acropora composition,Low (10th percentile),0.04416278783401122,proportion of pre-event hard coral,10,0.05724546326705125,0.021316441587497063,0.0012202695738813068,,,BRT,0,11.64,FALSE
ltmp,acropora_composition,Pre-event Acropora composition,Median (50th percentile),0.2688625059919296,proportion of pre-event hard coral,10,0.24784130061545523,0.041695606473987186,0.01033389333846318,,,BRT,0,11.64,FALSE
ltmp,acropora_composition,Pre-event Acropora composition,High (90th percentile),0.6708836309552813,proportion of pre-event hard coral,10,0.9882240540864274,0.05006039022681821,0.049470881779094866,,,BRT,0,11.64,FALSE
ltmp,acropora_composition,Pre-event Acropora composition,Low (10th percentile),0.04416278783401122,proportion of pre-event hard coral,10.25,0.06470641716305149,0.02219597425708174,0.001436221969619083,,,BRT,0,11.64,FALSE
ltmp,acropora_composition,Pre-event Acropora composition,Median (50th percentile),0.2688625059919296,proportion of pre-event hard coral,10.25,0.27295106566851485,0.04337872916406752,0.011840270352678114,,,BRT,0,11.64,FALSE
ltmp,acropora_composition,Pre-event Acropora composition,High (90th percentile),0.6708836309552813,proportion of pre-event hard coral,10.25,0.9896494173048328,0.052062828928041247,0.05152394831187721,,,BRT,0,11.64,FALSE
ltmp,acropora_composition,Pre-event Acropora composition,Low (10th percentile),0.04416278783401122,proportion of pre-event hard coral,10.5,0.09382356628373069,0.021883222785375644,0.0020531620035053374,,,BRT,0,11.64,FALSE
ltmp,acropora_composition,Pre-event Acropora composition,Median (50th percentile),0.2688625059919296,proportion of pre-event hard coral,10.5,0.3597339362215943,0.042304242021769474,0.015218271501362108,,,BRT,0,11.64,FALSE
ltmp,acropora_composition,Pre-event Acropora composition,High (90th percentile),0.6708836309552813,proportion of pre-event hard coral,10.5,0.993060005230272,0.05078465678923623,0.0504322115367365,,,BRT,0,11.64,FALSE
ltmp,acropora_composition,Pre-event Acropora composition,Low (10th percentile),0.04416278783401122,proportion of pre-event hard coral,10.75,0.09382356628373069,0.02300899697846727,0.002158786153131383,,,BRT,0,11.64,FALSE
ltmp,acropora_composition,Pre-event Acropora composition,Median (50th percentile),0.2688625059919296,proportion of pre-event hard coral,10.75,0.3597339362215943,0.044432844554536104,0.015984002069125505,,,BRT,0,11.64,FALSE
ltmp,acropora_composition,Pre-event Acropora composition,High (90th percentile),0.6708836309552813,proportion of pre-event hard coral,10.75,0.993060005230272,0.053316209098546646,0.05294619488626101,,,BRT,0,11.64,FALSE
ltmp,acropora_composition,Pre-event Acropora composition,Low (10th percentile),0.04416278783401122,proportion of pre-event hard coral,11,0.09382356628373069,0.022740716930565036,0.0021336151622744254,,,BRT,0,11.64,FALSE
ltmp,acropora_composition,Pre-event Acropora composition,Median (50th percentile),0.2688625059919296,proportion of pre-event hard coral,11,0.3597339362215943,0.04379317522504064,0.015753891303345872,,,BRT,0,11.64,FALSE
ltmp,acropora_composition,Pre-event Acropora composition,High (90th percentile),0.6708836309552813,proportion of pre-event hard coral,11,0.993060005230272,0.05242557160830875,0.052061738415547086,,,BRT,0,11.64,FALSE
ltmp,acropora_composition,Pre-event Acropora composition,Low (10th percentile),0.04416278783401122,proportion of pre-event hard coral,11.25,0.09382356628373069,0.022740716930565036,0.0021336151622744254,,,BRT,0,11.64,FALSE
ltmp,acropora_composition,Pre-event Acropora composition,Median (50th percentile),0.2688625059919296,proportion of pre-event hard coral,11.25,0.3597339362215943,0.04379317522504064,0.015753891303345872,,,BRT,0,11.64,FALSE
ltmp,acropora_composition,Pre-event Acropora composition,High (90th percentile),0.6708836309552813,proportion of pre-event hard coral,11.25,0.993060005230272,0.05242557160830875,0.052061738415547086,,,BRT,0,11.64,FALSE
ltmp,acropora_composition,Pre-event Acropora composition,Low (10th percentile),0.04416278783401122,proportion of pre-event hard coral,11.5,0.09382356628373069,0.022740716930565036,0.0021336151622744254,,,BRT,0,11.64,FALSE
ltmp,acropora_composition,Pre-event Acropora composition,Median (50th percentile),0.2688625059919296,proportion of pre-event hard coral,11.5,0.3597339362215943,0.04379317522504064,0.015753891303345872,,,BRT,0,11.64,FALSE
ltmp,acropora_composition,Pre-event Acropora composition,High (90th percentile),0.6708836309552813,proportion of pre-event hard coral,11.5,0.993060005230272,0.05242557160830875,0.052061738415547086,,,BRT,0,11.64,FALSE
ltmp,acropora_composition,Pre-event Acropora composition,Low (10th percentile),0.04416278783401122,proportion of pre-event hard coral,11.75,0.09382356628373069,0.022740716930565036,0.0021336151622744254,,,BRT,0,11.64,TRUE
ltmp,acropora_composition,Pre-event Acropora composition,Median (50th percentile),0.2688625059919296,proportion of pre-event hard coral,11.75,0.3597339362215943,0.04379317522504064,0.015753891303345872,,,BRT,0,11.64,TRUE
ltmp,acropora_composition,Pre-event Acropora composition,High (90th percentile),0.6708836309552813,proportion of pre-event hard coral,11.75,0.993060005230272,0.05242557160830875,0.052061738415547086,,,BRT,0,11.64,TRUE
ltmp,acropora_composition,Pre-event Acropora composition,Low (10th percentile),0.04416278783401122,proportion of pre-event hard coral,12,0.09382356628373069,0.022740716930565036,0.0021336151622744254,,,BRT,0,11.64,TRUE
ltmp,acropora_composition,Pre-event Acropora composition,Median (50th percentile),0.2688625059919296,proportion of pre-event hard coral,12,0.3597339362215943,0.04379317522504064,0.015753891303345872,,,BRT,0,11.64,TRUE
ltmp,acropora_composition,Pre-event Acropora composition,High (90th percentile),0.6708836309552813,proportion of pre-event hard coral,12,0.993060005230272,0.05242557160830875,0.052061738415547086,,,BRT,0,11.64,TRUE
ltmp,acropora_composition,Pre-event Acropora composition,Low (10th percentile),0.04416278783401122,proportion of pre-event hard coral,12.25,0.09382356628373069,0.022740716930565036,0.0021336151622744254,,,BRT,0,11.64,TRUE
ltmp,acropora_composition,Pre-event Acropora composition,Median (50th percentile),0.2688625059919296,proportion of pre-event hard coral,12.25,0.3597339362215943,0.04379317522504064,0.015753891303345872,,,BRT,0,11.64,TRUE
ltmp,acropora_composition,Pre-event Acropora composition,High (90th percentile),0.6708836309552813,proportion of pre-event hard coral,12.25,0.993060005230272,0.05242557160830875,0.052061738415547086,,,BRT,0,11.64,TRUE
ltmp,acropora_composition,Pre-event Acropora composition,Low (10th percentile),0.04416278783401122,proportion of pre-event hard coral,12.5,0.09382356628373069,0.022740716930565036,0.0021336151622744254,,,BRT,0,11.64,TRUE
ltmp,acropora_composition,Pre-event Acropora composition,Median (50th percentile),0.2688625059919296,proportion of pre-event hard coral,12.5,0.3597339362215943,0.04379317522504064,0.015753891303345872,,,BRT,0,11.64,TRUE
ltmp,acropora_composition,Pre-event Acropora composition,High (90th percentile),0.6708836309552813,proportion of pre-event hard coral,12.5,0.993060005230272,0.05242557160830875,0.052061738415547086,,,BRT,0,11.64,TRUE
ltmp,acropora_composition,Pre-event Acropora composition,Low (10th percentile),0.04416278783401122,proportion of pre-event hard coral,12.75,0.09382356628373069,0.022740716930565036,0.0021336151622744254,,,BRT,0,11.64,TRUE
ltmp,acropora_composition,Pre-event Acropora composition,Median (50th percentile),0.2688625059919296,proportion of pre-event hard coral,12.75,0.3597339362215943,0.04379317522504064,0.015753891303345872,,,BRT,0,11.64,TRUE
ltmp,acropora_composition,Pre-event Acropora composition,High (90th percentile),0.6708836309552813,proportion of pre-event hard coral,12.75,0.993060005230272,0.05242557160830875,0.052061738415547086,,,BRT,0,11.64,TRUE
ltmp,acropora_composition,Pre-event Acropora composition,Low (10th percentile),0.04416278783401122,proportion of pre-event hard coral,13,0.09382356628373069,0.022740716930565036,0.0021336151622744254,,,BRT,0,11.64,TRUE
ltmp,acropora_composition,Pre-event Acropora composition,Median (50th percentile),0.2688625059919296,proportion of pre-event hard coral,13,0.3597339362215943,0.04379317522504064,0.015753891303345872,,,BRT,0,11.64,TRUE
ltmp,acropora_composition,Pre-event Acropora composition,High (90th percentile),0.6708836309552813,proportion of pre-event hard coral,13,0.993060005230272,0.05242557160830875,0.052061738415547086,,,BRT,0,11.64,TRUE
ltmp,acropora_composition,Pre-event Acropora composition,Low (10th percentile),0.04416278783401122,proportion of pre-event hard coral,13.25,0.09382356628373069,0.022740716930565036,0.0021336151622744254,,,BRT,0,11.64,TRUE
ltmp,acropora_composition,Pre-event Acropora composition,Median (50th percentile),0.2688625059919296,proportion of pre-event hard coral,13.25,0.3597339362215943,0.04379317522504064,0.015753891303345872,,,BRT,0,11.64,TRUE
ltmp,acropora_composition,Pre-event Acropora composition,High (90th percentile),0.6708836309552813,proportion of pre-event hard coral,13.25,0.993060005230272,0.05242557160830875,0.052061738415547086,,,BRT,0,11.64,TRUE
ltmp,acropora_composition,Pre-event Acropora composition,Low (10th percentile),0.04416278783401122,proportion of pre-event hard coral,13.5,0.09382356628373069,0.022740716930565036,0.0021336151622744254,,,BRT,0,11.64,TRUE
ltmp,acropora_composition,Pre-event Acropora composition,Median (50th percentile),0.2688625059919296,proportion of pre-event hard coral,13.5,0.3597339362215943,0.04379317522504064,0.015753891303345872,,,BRT,0,11.64,TRUE
ltmp,acropora_composition,Pre-event Acropora composition,High (90th percentile),0.6708836309552813,proportion of pre-event hard coral,13.5,0.993060005230272,0.05242557160830875,0.052061738415547086,,,BRT,0,11.64,TRUE
ltmp,acropora_composition,Pre-event Acropora composition,Low (10th percentile),0.04416278783401122,proportion of pre-event hard coral,13.75,0.09382356628373069,0.022740716930565036,0.0021336151622744254,,,BRT,0,11.64,TRUE
ltmp,acropora_composition,Pre-event Acropora composition,Median (50th percentile),0.2688625059919296,proportion of pre-event hard coral,13.75,0.3597339362215943,0.04379317522504064,0.015753891303345872,,,BRT,0,11.64,TRUE
ltmp,acropora_composition,Pre-event Acropora composition,High (90th percentile),0.6708836309552813,proportion of pre-event hard coral,13.75,0.993060005230272,0.05242557160830875,0.052061738415547086,,,BRT,0,11.64,TRUE
ltmp,acropora_composition,Pre-event Acropora composition,Low (10th percentile),0.04416278783401122,proportion of pre-event hard coral,14,0.09382356628373069,0.022740716930565036,0.0021336151622744254,,,BRT,0,11.64,TRUE
ltmp,acropora_composition,Pre-event Acropora composition,Median (50th percentile),0.2688625059919296,proportion of pre-event hard coral,14,0.3597339362215943,0.04379317522504064,0.015753891303345872,,,BRT,0,11.64,TRUE
ltmp,acropora_composition,Pre-event Acropora composition,High (90th percentile),0.6708836309552813,proportion of pre-event hard coral,14,0.993060005230272,0.05242557160830875,0.052061738415547086,,,BRT,0,11.64,TRUE
ltmp,acropora_composition,Pre-event Acropora composition,Low (10th percentile),0.04416278783401122,proportion of pre-event hard coral,14.25,0.09382356628373069,0.022740716930565036,0.0021336151622744254,,,BRT,0,11.64,TRUE
ltmp,acropora_composition,Pre-event Acropora composition,Median (50th percentile),0.2688625059919296,proportion of pre-event hard coral,14.25,0.3597339362215943,0.04379317522504064,0.015753891303345872,,,BRT,0,11.64,TRUE
ltmp,acropora_composition,Pre-event Acropora composition,High (90th percentile),0.6708836309552813,proportion of pre-event hard coral,14.25,0.993060005230272,0.05242557160830875,0.052061738415547086,,,BRT,0,11.64,TRUE
ltmp,acropora_composition,Pre-event Acropora composition,Low (10th percentile),0.04416278783401122,proportion of pre-event hard coral,14.5,0.09382356628373069,0.022740716930565036,0.0021336151622744254,,,BRT,0,11.64,TRUE
ltmp,acropora_composition,Pre-event Acropora composition,Median (50th percentile),0.2688625059919296,proportion of pre-event hard coral,14.5,0.3597339362215943,0.04379317522504064,0.015753891303345872,,,BRT,0,11.64,TRUE
ltmp,acropora_composition,Pre-event Acropora composition,High (90th percentile),0.6708836309552813,proportion of pre-event hard coral,14.5,0.993060005230272,0.05242557160830875,0.052061738415547086,,,BRT,0,11.64,TRUE
ltmp,acropora_composition,Pre-event Acropora composition,Low (10th percentile),0.04416278783401122,proportion of pre-event hard coral,14.75,0.09382356628373069,0.022740716930565036,0.0021336151622744254,,,BRT,0,11.64,TRUE
ltmp,acropora_composition,Pre-event Acropora composition,Median (50th percentile),0.2688625059919296,proportion of pre-event hard coral,14.75,0.3597339362215943,0.04379317522504064,0.015753891303345872,,,BRT,0,11.64,TRUE
ltmp,acropora_composition,Pre-event Acropora composition,High (90th percentile),0.6708836309552813,proportion of pre-event hard coral,14.75,0.993060005230272,0.05242557160830875,0.052061738415547086,,,BRT,0,11.64,TRUE
ltmp,acropora_composition,Pre-event Acropora composition,Low (10th percentile),0.04416278783401122,proportion of pre-event hard coral,15,0.09382356628373069,0.022740716930565036,0.0021336151622744254,,,BRT,0,11.64,TRUE
ltmp,acropora_composition,Pre-event Acropora composition,Median (50th percentile),0.2688625059919296,proportion of pre-event hard coral,15,0.3597339362215943,0.04379317522504064,0.015753891303345872,,,BRT,0,11.64,TRUE
ltmp,acropora_composition,Pre-event Acropora composition,High (90th percentile),0.6708836309552813,proportion of pre-event hard coral,15,0.993060005230272,0.05242557160830875,0.052061738415547086,,,BRT,0,11.64,TRUE
ltmp,acropora_composition,Pre-event Acropora composition,Low (10th percentile),0.04416278783401122,proportion of pre-event hard coral,15.25,0.09382356628373069,0.022740716930565036,0.0021336151622744254,,,BRT,0,11.64,TRUE
ltmp,acropora_composition,Pre-event Acropora composition,Median (50th percentile),0.2688625059919296,proportion of pre-event hard coral,15.25,0.3597339362215943,0.04379317522504064,0.015753891303345872,,,BRT,0,11.64,TRUE
ltmp,acropora_composition,Pre-event Acropora composition,High (90th percentile),0.6708836309552813,proportion of pre-event hard coral,15.25,0.993060005230272,0.05242557160830875,0.052061738415547086,,,BRT,0,11.64,TRUE
ltmp,acropora_composition,Pre-event Acropora composition,Low (10th percentile),0.04416278783401122,proportion of pre-event hard coral,15.5,0.09382356628373069,0.022740716930565036,0.0021336151622744254,,,BRT,0,11.64,TRUE
ltmp,acropora_composition,Pre-event Acropora composition,Median (50th percentile),0.2688625059919296,proportion of pre-event hard coral,15.5,0.3597339362215943,0.04379317522504064,0.015753891303345872,,,BRT,0,11.64,TRUE
ltmp,acropora_composition,Pre-event Acropora composition,High (90th percentile),0.6708836309552813,proportion of pre-event hard coral,15.5,0.993060005230272,0.05242557160830875,0.052061738415547086,,,BRT,0,11.64,TRUE
ltmp,acropora_composition,Pre-event Acropora composition,Low (10th percentile),0.04416278783401122,proportion of pre-event hard coral,15.75,0.09382356628373069,0.022740716930565036,0.0021336151622744254,,,BRT,0,11.64,TRUE
ltmp,acropora_composition,Pre-event Acropora composition,Median (50th percentile),0.2688625059919296,proportion of pre-event hard coral,15.75,0.3597339362215943,0.04379317522504064,0.015753891303345872,,,BRT,0,11.64,TRUE
ltmp,acropora_composition,Pre-event Acropora composition,High (90th percentile),0.6708836309552813,proportion of pre-event hard coral,15.75,0.993060005230272,0.05242557160830875,0.052061738415547086,,,BRT,0,11.64,TRUE
ltmp,acropora_composition,Pre-event Acropora composition,Low (10th percentile),0.04416278783401122,proportion of pre-event hard coral,16,0.09382356628373069,0.022740716930565036,0.0021336151622744254,,,BRT,0,11.64,TRUE
ltmp,acropora_composition,Pre-event Acropora composition,Median (50th percentile),0.2688625059919296,proportion of pre-event hard coral,16,0.3597339362215943,0.04379317522504064,0.015753891303345872,,,BRT,0,11.64,TRUE
ltmp,acropora_composition,Pre-event Acropora composition,High (90th percentile),0.6708836309552813,proportion of pre-event hard coral,16,0.993060005230272,0.05242557160830875,0.052061738415547086,,,BRT,0,11.64,TRUE
ltmp,acropora_composition,Pre-event Acropora composition,Low (10th percentile),0.04416278783401122,proportion of pre-event hard coral,0,0.22676070738422982,0.23659382451028166,0.0537342678578588,0.0055008352901704475,0.15939867045382472,Bayesian beta + Bernoulli boundary,0,11.64,FALSE
ltmp,acropora_composition,Pre-event Acropora composition,Median (50th percentile),0.2688625059919296,proportion of pre-event hard coral,0,0.3095513603594115,0.18107168646563188,0.05596176847463846,0.008507179426817139,0.14842457263177142,Bayesian beta + Bernoulli boundary,0,11.64,FALSE
ltmp,acropora_composition,Pre-event Acropora composition,High (90th percentile),0.6708836309552813,proportion of pre-event hard coral,0,0.4900998176702197,0.1216286202835255,0.059549991642799206,0.009833693604493366,0.15494429137664517,Bayesian beta + Bernoulli boundary,0,11.64,FALSE
ltmp,acropora_composition,Pre-event Acropora composition,Low (10th percentile),0.04416278783401122,proportion of pre-event hard coral,0.25,0.22848233381174252,0.2326326801819899,0.05323449835251179,0.005730924133734283,0.15478893235000418,Bayesian beta + Bernoulli boundary,0,11.64,FALSE
ltmp,acropora_composition,Pre-event Acropora composition,Median (50th percentile),0.2688625059919296,proportion of pre-event hard coral,0.25,0.3122264916902209,0.18056535634499896,0.05629295815836862,0.008993300646755705,0.14662798442349204,Bayesian beta + Bernoulli boundary,0,11.64,FALSE
ltmp,acropora_composition,Pre-event Acropora composition,High (90th percentile),0.6708836309552813,proportion of pre-event hard coral,0.25,0.4945082802509704,0.1242657509310517,0.061385408498516425,0.010839773757164129,0.15672610279882468,Bayesian beta + Bernoulli boundary,0,11.64,FALSE
ltmp,acropora_composition,Pre-event Acropora composition,Low (10th percentile),0.04416278783401122,proportion of pre-event hard coral,0.5,0.23028336951332626,0.22873346828822055,0.052753037873247165,0.006150855809563422,0.15267332819073184,Bayesian beta + Bernoulli boundary,0,11.64,FALSE
ltmp,acropora_composition,Pre-event Acropora composition,Median (50th percentile),0.2688625059919296,proportion of pre-event hard coral,0.5,0.31499023323846187,0.1801083887530168,0.05665266613267828,0.0094590703224628,0.1450248209500386,Bayesian beta + Bernoulli boundary,0,11.64,FALSE
ltmp,acropora_composition,Pre-event Acropora composition,High (90th percentile),0.6708836309552813,proportion of pre-event hard coral,0.5,0.49898273465986426,0.1270256864049577,0.06331413802980576,0.011925567121610876,0.1584763025832839,Bayesian beta + Bernoulli boundary,0,11.64,FALSE
ltmp,acropora_composition,Pre-event Acropora composition,Low (10th percentile),0.04416278783401122,proportion of pre-event hard coral,0.75,0.23216646402011348,0.2248940520767185,0.052289375031267925,0.006433186379525846,0.14926503508613914,Bayesian beta + Bernoulli boundary,0,11.64,FALSE
ltmp,acropora_composition,Pre-event Acropora composition,Median (50th percentile),0.2688625059919296,proportion of pre-event hard coral,0.75,0.31784448732526727,0.17969573160967064,0.057039897465546295,0.010063238552620275,0.14323663896155783,Bayesian beta + Bernoulli boundary,0,11.64,FALSE
ltmp,acropora_composition,Pre-event Acropora composition,High (90th percentile),0.6708836309552813,proportion of pre-event hard coral,0.75,0.5035209288418059,0.129908347099904,0.06533802646377239,0.01308913038857209,0.16054534290957045,Bayesian beta + Bernoulli boundary,0,11.64,FALSE
ltmp,acropora_composition,Pre-event Acropora composition,Low (10th percentile),0.04416278783401122,proportion of pre-event hard coral,1,0.23413426671173718,0.22111118467796742,0.051842726048435296,0.006866993584349393,0.14569223995100966,Bayesian beta + Bernoulli boundary,0,11.64,FALSE
ltmp,acropora_composition,Pre-event Acropora composition,Median (50th percentile),0.2688625059919296,proportion of pre-event hard coral,1,0.32079105295995114,0.1793210868666378,0.057453208972921964,0.0107010750214217,0.14118573242025403,Bayesian beta + Bernoulli boundary,0,11.64,FALSE
ltmp,acropora_composition,Pre-event Acropora composition,High (90th percentile),0.6708836309552813,proportion of pre-event hard coral,1,0.5081203043722724,0.1329122461567112,0.06745816775584303,0.014333510102292729,0.16392479245292202,Bayesian beta + Bernoulli boundary,0,11.64,FALSE
ltmp,acropora_composition,Pre-event Acropora composition,Low (10th percentile),0.04416278783401122,proportion of pre-event hard coral,1.25,0.23618941447434727,0.21738047999208748,0.05141201575975316,0.007175000681895912,0.142806884991424,Bayesian beta + Bernoulli boundary,0,11.64,FALSE
ltmp,acropora_composition,Pre-event Acropora composition,Median (50th percentile),0.2688625059919296,proportion of pre-event hard coral,1.25,0.32383160579679016,0.17897693944984805,0.057890693021694056,0.011441553132443721,0.14079623305702735,Bayesian beta + Bernoulli boundary,0,11.64,FALSE
ltmp,acropora_composition,Pre-event Acropora composition,High (90th percentile),0.6708836309552813,proportion of pre-event hard coral,1.25,0.5127779888769889,0.13603440882942908,0.06967482103370581,0.015781770272312687,0.16632753235063474,Bayesian beta + Bernoulli boundary,0,11.64,FALSE
ltmp,acropora_composition,Pre-event Acropora composition,Low (10th percentile),0.04416278783401122,proportion of pre-event hard coral,1.5,0.23833451793815993,0.21369642961842605,0.0509958666661091,0.007505797001016117,0.1398473225166792,Bayesian beta + Bernoulli boundary,0,11.64,FALSE
ltmp,acropora_composition,Pre-event Acropora composition,Median (50th percentile),0.2688625059919296,proportion of pre-event hard coral,1.5,0.32696767670244925,0.17865461980302677,0.05834997039478962,0.012104255973302667,0.14088936665523236,Bayesian beta + Bernoulli boundary,0,11.64,FALSE
ltmp,acropora_composition,Pre-event Acropora composition,High (90th percentile),0.6708836309552813,proportion of pre-event hard coral,1.5,0.5174907904444533,0.13927032185322674,0.07198734024121198,0.01715149567978116,0.16865135293452496,Bayesian beta + Bernoulli boundary,0,11.64,FALSE
ltmp,acropora_composition,Pre-event Acropora composition,Low (10th percentile),0.04416278783401122,proportion of pre-event hard coral,1.75,0.24057214624518622,0.21005246685522852,0.05059259677520897,0.00791932779893887,0.13636495836225934,Bayesian beta + Bernoulli boundary,0,11.64,FALSE
ltmp,acropora_composition,Pre-event Acropora composition,Median (50th percentile),0.2688625059919296,proportion of pre-event hard coral,1.75,0.33020062901507935,0.17834439975321073,0.05882819295447012,0.012706751778607474,0.14021210259826672,Bayesian beta + Bernoulli boundary,0,11.64,FALSE
ltmp,acropora_composition,Pre-event Acropora composition,High (90th percentile),0.6708836309552813,proportion of pre-event hard coral,1.75,0.5222551942128225,0.1426139180301601,0.07439411991850688,0.018601897343251732,0.1714440278944265,Bayesian beta + Bernoulli boundary,0,11.64,FALSE
ltmp,acropora_composition,Pre-event Acropora composition,Low (10th percentile),0.04416278783401122,proportion of pre-event hard coral,2,0.2429048103135591,0.20644107702543546,0.05020022678861775,0.008230633734732326,0.13341897777089884,Bayesian beta + Bernoulli boundary,0,11.64,FALSE
ltmp,acropora_composition,Pre-event Acropora composition,Median (50th percentile),0.2688625059919296,proportion of pre-event hard coral,2,0.33353163461076163,0.1780356208088694,0.05932205675500077,0.01340133231402949,0.13987321857327148,Bayesian beta + Bernoulli boundary,0,11.64,FALSE
ltmp,acropora_composition,Pre-event Acropora composition,High (90th percentile),0.6708836309552813,proportion of pre-event hard coral,2,0.5270673613039575,0.14605760072174656,0.07689256104280931,0.020080056631427777,0.17409003733157286,Bayesian beta + Bernoulli boundary,0,11.64,FALSE
ltmp,acropora_composition,Pre-event Acropora composition,Low (10th percentile),0.04416278783401122,proportion of pre-event hard coral,2.25,0.24533494458394378,0.2028539519309348,0.04981649705034887,0.008655342137175944,0.1315419438834108,Bayesian beta + Bernoulli boundary,0,11.64,FALSE
ltmp,acropora_composition,Pre-event Acropora composition,Median (50th percentile),0.2688625059919296,proportion of pre-event hard coral,2.25,0.3369616489301252,0.17771685353177172,0.059827826196830504,0.013970621611860582,0.13978883341485532,Bayesian beta + Bernoulli boundary,0,11.64,FALSE
ltmp,acropora_composition,Pre-event Acropora composition,High (90th percentile),0.6708836309552813,proportion of pre-event hard coral,2.25,0.5319231302782984,0.14959231208905024,0.07947906064079906,0.021466692192176905,0.176705480352234,Bayesian beta + Bernoulli boundary,0,11.64,FALSE
ltmp,acropora_composition,Pre-event Acropora composition,Low (10th percentile),0.04416278783401122,proportion of pre-event hard coral,2.5,0.24786488725575484,0.19928218521187588,0.049438894582032836,0.008981926482069079,0.12859630655601245,Bayesian beta + Bernoulli boundary,0,11.64,FALSE
ltmp,acropora_composition,Pre-event Acropora composition,Median (50th percentile),0.2688625059919296,proportion of pre-event hard coral,2.5,0.34049138515714306,0.17737608632537907,0.06034136979288838,0.014743083499686699,0.13908962732419605,Bayesian beta + Bernoulli boundary,0,11.64,FALSE
ltmp,acropora_composition,Pre-event Acropora composition,High (90th percentile),0.6708836309552813,proportion of pre-event hard coral,2.5,0.5368180212968857,0.15320764779150292,0.08214902847075137,0.022822503942328955,0.17998530770013288,Bayesian beta + Bernoulli boundary,0,11.64,FALSE
ltmp,acropora_composition,Pre-event Acropora composition,Low (10th percentile),0.04416278783401122,proportion of pre-event hard coral,2.75,0.2504968590460408,0.1957165048186802,0.04906469049779466,0.009310103116910462,0.12713183569897132,Bayesian beta + Bernoulli boundary,0,11.64,FALSE
ltmp,acropora_composition,Pre-event Acropora composition,Median (50th percentile),0.2688625059919296,proportion of pre-event hard coral,2.75,0.34412128778293294,0.17700094187532034,0.06085820814380395,0.015563270123731696,0.1387490441156052,Bayesian beta + Bernoulli boundary,0,11.64,FALSE
ltmp,acropora_composition,Pre-event Acropora composition,High (90th percentile),0.6708836309552813,proportion of pre-event hard coral,2.75,0.5417472432014423,0.15689201952418966,0.08489693348772802,0.024559041724682047,0.18398601132963774,Bayesian beta + Bernoulli boundary,0,11.64,FALSE
ltmp,acropora_composition,Pre-event Acropora composition,Low (10th percentile),0.04416278783401122,proportion of pre-event hard coral,3,0.2532329405315232,0.1921475386434886,0.048690988115723456,0.009599547415076291,0.12419141824954508,Bayesian beta + Bernoulli boundary,0,11.64,FALSE
ltmp,acropora_composition,Pre-event Acropora composition,Median (50th percentile),0.2688625059919296,proportion of pre-event hard coral,3,0.34785150582963653,0.17657891956811558,0.061373574800159675,0.016259672138970546,0.13818299367535591,Bayesian beta + Bernoulli boundary,0,11.64,FALSE
ltmp,acropora_composition,Pre-event Acropora composition,High (90th percentile),0.6708836309552813,proportion of pre-event hard coral,3,0.5467057037575782,0.16063286535388321,0.08771638210011853,0.026365379841079162,0.1892956380824449,Bayesian beta + Bernoulli boundary,0,11.64,FALSE
ltmp,acropora_composition,Pre-event Acropora composition,Low (10th percentile),0.04416278783401122,proportion of pre-event hard coral,3.25,0.2560750481638864,0.18856610949601704,0.048314782149662075,0.00999913822530396,0.12033645693463582,Bayesian beta + Bernoulli boundary,0,11.64,FALSE
ltmp,acropora_composition,Pre-event Acropora composition,Median (50th percentile),0.2688625059919296,proportion of pre-event hard coral,3.25,0.35168186605321944,0.17609766249174857,0.061882490828719626,0.01685474089483428,0.13795942456541135,Bayesian beta + Bernoulli boundary,0,11.64,FALSE
ltmp,acropora_composition,Pre-event Acropora composition,High (90th percentile),0.6708836309552813,proportion of pre-event hard coral,3.25,0.5516880233446726,0.164416906441926,0.09060022947111061,0.0282982487302,0.1925662867148642,Bayesian beta + Bernoulli boundary,0,11.64,FALSE
ltmp,acropora_composition,Pre-event Acropora composition,Low (10th percentile),0.04416278783401122,proportion of pre-event hard coral,3.5,0.259024909079497,0.18496355589974384,0.04793302945311643,0.010357071334014489,0.11778968755242068,Bayesian beta + Bernoulli boundary,0,11.64,FALSE
ltmp,acropora_composition,Pre-event Acropora composition,Median (50th percentile),0.2688625059919296,proportion of pre-event hard coral,3.5,0.35561184648974437,0.17554524805231203,0.062379854090916446,0.0174883887664816,0.1377445780770244,Bayesian beta + Bernoulli boundary,0,11.64,FALSE
ltmp,acropora_composition,Pre-event Acropora composition,High (90th percentile),0.6708836309552813,proportion of pre-event hard coral,3.5,0.5566885524109909,0.16823044755274066,0.09354072439249841,0.02977297868029879,0.1966353989718328,Bayesian beta + Bernoulli boundary,0,11.64,FALSE
ltmp,acropora_composition,Pre-event Acropora composition,Low (10th percentile),0.04416278783401122,proportion of pre-event hard coral,3.75,0.26208403485688697,0.181332075465648,0.04754273186617447,0.010516803810702777,0.11541456884560773,Bayesian beta + Bernoulli boundary,0,11.64,FALSE
ltmp,acropora_composition,Pre-event Acropora composition,Median (50th percentile),0.2688625059919296,proportion of pre-event hard coral,3.75,0.3596405507580848,0.17491050176402706,0.06286054447043388,0.018272996564220878,0.13797137109886762,Bayesian beta + Bernoulli boundary,0,11.64,FALSE
ltmp,acropora_composition,Pre-event Acropora composition,High (90th percentile),0.6708836309552813,proportion of pre-event hard coral,3.75,0.5617013930340858,0.1720597178512726,0.09652968763174789,0.031463893317300685,0.2016396532468403,Bayesian beta + Bernoulli boundary,0,11.64,FALSE
ltmp,acropora_composition,Pre-event Acropora composition,Low (10th percentile),0.04416278783401122,proportion of pre-event hard coral,4,0.2652536944083953,0.1776650877102654,0.047141031749073116,0.010838073697304681,0.11340270912917366,Bayesian beta + Bernoulli boundary,0,11.64,FALSE
ltmp,acropora_composition,Pre-event Acropora composition,Median (50th percentile),0.2688625059919296,proportion of pre-event hard coral,4,0.3637666835841163,0.17418333429454685,0.06331954652422006,0.018847949811028133,0.13797026804625223,Bayesian beta + Bernoulli boundary,0,11.64,FALSE
ltmp,acropora_composition,Pre-event Acropora composition,High (90th percentile),0.6708836309552813,proportion of pre-event hard coral,4,0.5667204249229113,0.175891247951752,0.09955872317357457,0.033294444640645536,0.20562034284313105,Bayesian beta + Bernoulli boundary,0,11.64,FALSE
ltmp,acropora_composition,Pre-event Acropora composition,Low (10th percentile),0.04416278783401122,proportion of pre-event hard coral,4.25,0.2685348862265676,0.1739576129716441,0.04672532072927229,0.011173038767141453,0.11159800659861852,Bayesian beta + Bernoulli boundary,0,11.64,FALSE
ltmp,acropora_composition,Pre-event Acropora composition,Median (50th percentile),0.2688625059919296,proportion of pre-event hard coral,4.25,0.36798852806798865,0.173355102251322,0.06375209123395702,0.019453575261727935,0.13659411949102232,Bayesian beta + Bernoulli boundary,0,11.64,FALSE
ltmp,acropora_composition,Pre-event Acropora composition,High (90th percentile),0.6708836309552813,proportion of pre-event hard coral,4.25,0.5717393361567418,0.17971227898145198,0.10261946145082271,0.035374123499236555,0.20817673702752473,Bayesian beta + Bernoulli boundary,0,11.64,FALSE
ltmp,acropora_composition,Pre-event Acropora composition,Low (10th percentile),0.04416278783401122,proportion of pre-event hard coral,4.5,0.2719283102419963,0.17020666340929408,0.04629336199530913,0.011430850821882086,0.10847272512180654,Bayesian beta + Bernoulli boundary,0,11.64,FALSE
ltmp,acropora_composition,Pre-event Acropora composition,Median (50th percentile),0.2688625059919296,proportion of pre-event hard coral,4.5,0.3723039252774304,0.17241899332557056,0.06415381864169571,0.020011412124112917,0.13609545088549854,Bayesian beta + Bernoulli boundary,0,11.64,FALSE
ltmp,acropora_composition,Pre-event Acropora composition,High (90th percentile),0.6708836309552813,proportion of pre-event hard coral,4.5,0.5767516588642513,0.1835111994634106,0.10570383343700433,0.03731916957412052,0.21219857012388982,Bayesian beta + Bernoulli boundary,0,11.64,FALSE
ltmp,acropora_composition,Pre-event Acropora composition,Low (10th percentile),0.04416278783401122,proportion of pre-event hard coral,4.75,0.2754343395885629,0.16641164085032872,0.04584342609175852,0.011579149739712954,0.10646365339877958,Bayesian beta + Bernoulli boundary,0,11.64,FALSE
ltmp,acropora_composition,Pre-event Acropora composition,Median (50th percentile),0.2688625059919296,proportion of pre-event hard coral,4.75,0.37671025681521475,0.17137043608976218,0.06452096308425091,0.020529547293343883,0.13559871601718979,Bayesian beta + Bernoulli boundary,0,11.64,FALSE
ltmp,acropora_composition,Pre-event Acropora composition,High (90th percentile),0.6708836309552813,proportion of pre-event hard coral,4.75,0.5817508098929,0.1872780058952381,0.10880437423820172,0.03923786051841948,0.21643084710300028,Bayesian beta + Bernoulli boundary,0,11.64,FALSE
ltmp,acropora_composition,Pre-event Acropora composition,Low (10th percentile),0.04416278783401122,proportion of pre-event hard coral,5,0.2790529926163699,0.1625747344070082,0.0453744395604061,0.01183071310598979,0.10535523889386357,Bayesian beta + Bernoulli boundary,0,11.64,FALSE
ltmp,acropora_composition,Pre-event Acropora composition,Median (50th percentile),0.2688625059919296,proportion of pre-event hard coral,5,0.38120443107507235,0.17020753377638148,0.0648505623979925,0.021057876174989665,0.13491268163709344,Bayesian beta + Bernoulli boundary,0,11.64,FALSE
ltmp,acropora_composition,Pre-event Acropora composition,High (90th percentile),0.6708836309552813,proportion of pre-event hard coral,5,0.5867301362979136,0.19100478269121063,0.11191455438390967,0.04110168413089961,0.21933911041417736,Bayesian beta + Bernoulli boundary,0,11.64,FALSE
ltmp,acropora_composition,Pre-event Acropora composition,Low (10th percentile),0.04416278783401122,proportion of pre-event hard coral,5.25,0.2827839055442112,0.1587013083542739,0.044886144900158825,0.011959107299334307,0.1034423425639367,Bayesian beta + Bernoulli boundary,0,11.64,FALSE
ltmp,acropora_composition,Pre-event Acropora composition,Median (50th percentile),0.2688625059919296,proportion of pre-event hard coral,5.25,0.3857828739619572,0.16893151955006036,0.06514069173551833,0.021644208802828364,0.13406974585533224,Bayesian beta + Bernoulli boundary,0,11.64,FALSE
ltmp,acropora_composition,Pre-event Acropora composition,High (90th percentile),0.6708836309552813,proportion of pre-event hard coral,5.25,0.5916829651949994,0.19468619623415462,0.11502913610439144,0.04309933484851176,0.22459658350184938,Bayesian beta + Bernoulli boundary,0,11.64,FALSE
ltmp,acropora_composition,Pre-event Acropora composition,Low (10th percentile),0.04416278783401122,proportion of pre-event hard coral,5.5,0.28662630620438306,0.15480042468809047,0.04437931054729794,0.012067466665281187,0.10049886570776105,Bayesian beta + Bernoulli boundary,0,11.64,FALSE
ltmp,acropora_composition,Pre-event Acropora composition,Median (50th percentile),0.2688625059919296,proportion of pre-event hard coral,5.5,0.3904415249010782,0.16754738812203376,0.06539078083835048,0.022194628103869785,0.13340261864563607,Bayesian beta + Bernoulli boundary,0,11.64,FALSE
ltmp,acropora_composition,Pre-event Acropora composition,High (90th percentile),0.6708836309552813,proportion of pre-event hard coral,5.5,0.5966026571893409,0.19832016126583454,0.11814464771796505,0.04504353707433538,0.22835849260565372,Bayesian beta + Bernoulli boundary,0,11.64,FALSE
ltmp,acropora_composition,Pre-event Acropora composition,Low (10th percentile),0.04416278783401122,proportion of pre-event hard coral,5.75,0.2905789894044887,0.1508945205107532,0.043858397341666855,0.012053182842634406,0.09860270075359438,Bayesian beta + Bernoulli boundary,0,11.64,FALSE
ltmp,acropora_composition,Pre-event Acropora composition,Median (50th percentile),0.2688625059919296,proportion of pre-event hard coral,5.75,0.3951758389837313,0.16607398160024878,0.06560549847117715,0.022532694917014567,0.13319879910582455,Bayesian beta + Bernoulli boundary,0,11.64,FALSE
ltmp,acropora_composition,Pre-event Acropora composition,High (90th percentile),0.6708836309552813,proportion of pre-event hard coral,5.75,0.601482662249915,0.2019184117808568,0.12126576356045592,0.046391135258625614,0.23260599672722082,Bayesian beta + Bernoulli boundary,0,11.64,FALSE
ltmp,acropora_composition,Pre-event Acropora composition,Low (10th percentile),0.04416278783401122,proportion of pre-event hard coral,6,0.2946402945136911,0.14702035024899957,0.043332024160528684,0.012137581733346416,0.0971633019786377,Bayesian beta + Bernoulli boundary,0,11.64,FALSE
ltmp,acropora_composition,Pre-event Acropora composition,Median (50th percentile),0.2688625059919296,proportion of pre-event hard coral,6,0.39998079608228265,0.16454544490445394,0.06579559656263882,0.023024509654591477,0.1318533513679866,Bayesian beta + Bernoulli boundary,0,11.64,FALSE
ltmp,acropora_composition,Pre-event Acropora composition,High (90th percentile),0.6708836309552813,proportion of pre-event hard coral,6,0.6063165765911197,0.20550880554108916,0.12440705033867444,0.04804830900906556,0.23796220820283912,Bayesian beta + Bernoulli boundary,0,11.64,FALSE
ltmp,acropora_composition,Pre-event Acropora composition,Low (10th percentile),0.04416278783401122,proportion of pre-event hard coral,6.25,0.2988080859722453,0.14320945716441916,0.04280784844500206,0.01218464770932119,0.09531905091350759,Bayesian beta + Bernoulli boundary,0,11.64,FALSE
ltmp,acropora_composition,Pre-event Acropora composition,Median (50th percentile),0.2688625059919296,proportion of pre-event hard coral,6.25,0.40485091769574044,0.16299149928012033,0.06597065560480696,0.023240826655164082,0.1319788941358698,Bayesian beta + Bernoulli boundary,0,11.64,FALSE
ltmp,acropora_composition,Pre-event Acropora composition,High (90th percentile),0.6708836309552813,proportion of pre-event hard coral,6.25,0.611098198905735,0.20911536215775184,0.12758131771923076,0.04908976646904327,0.24461898536154336,Bayesian beta + Bernoulli boundary,0,11.64,FALSE
ltmp,acropora_composition,Pre-event Acropora composition,Low (10th percentile),0.04416278783401122,proportion of pre-event hard coral,6.5,0.3030797375173205,0.13948556922737765,0.042291760098864276,0.011998725046361722,0.09386176402884777,Bayesian beta + Bernoulli boundary,0,11.64,FALSE
ltmp,acropora_composition,Pre-event Acropora composition,Median (50th percentile),0.2688625059919296,proportion of pre-event hard coral,6.5,0.4097802921457026,0.1614346820145552,0.06613791728662817,0.02337583340850654,0.13132704738565681,Bayesian beta + Bernoulli boundary,0,11.64,FALSE
ltmp,acropora_composition,Pre-event Acropora composition,High (90th percentile),0.6708836309552813,proportion of pre-event hard coral,6.5,0.6158215842076731,0.21275538921264178,0.13079776833509374,0.050508190523901736,0.2502927105076887,Bayesian beta + Bernoulli boundary,0,11.64,FALSE
ltmp,acropora_composition,Pre-event Acropora composition,Low (10th percentile),0.04416278783401122,proportion of pre-event hard coral,6.75,0.3074521210051468,0.13586460344703002,0.04178775579314571,0.011916329698334225,0.09232619756503946,Bayesian beta + Bernoulli boundary,0,11.64,FALSE
ltmp,acropora_composition,Pre-event Acropora composition,Median (50th percentile),0.2688625059919296,proportion of pre-event hard coral,6.75,0.4147626085177003,0.15989017256336863,0.06630206177793907,0.023340603683263173,0.13182826895313599,Bayesian beta + Bernoulli boundary,0,11.64,FALSE
ltmp,acropora_composition,Pre-event Acropora composition,High (90th percentile),0.6708836309552813,proportion of pre-event hard coral,6.75,0.6204810936107722,0.2164392955211193,0.1340617122251966,0.05207247480539465,0.25450668045751423,Bayesian beta + Bernoulli boundary,0,11.64,FALSE
ltmp,acropora_composition,Pre-event Acropora composition,Low (10th percentile),0.04416278783401122,proportion of pre-event hard coral,7,0.3119216007749506,0.13235561856553216,0.04129808796255363,0.011687962548003836,0.09093665784339999,Bayesian beta + Bernoulli boundary,0,11.64,FALSE
ltmp,acropora_composition,Pre-event Acropora composition,Median (50th percentile),0.2688625059919296,proportion of pre-event hard coral,7,0.41979119942938314,0.15836656434071764,0.0664653608674692,0.023197033415999758,0.13225568264414098,Bayesian beta + Bernoulli boundary,0,11.64,FALSE
ltmp,acropora_composition,Pre-event Acropora composition,High (90th percentile),0.6708836309552813,proportion of pre-event hard coral,7,0.625071438582982,0.2201714251875501,0.13737491061369742,0.05300790272356452,0.2611412589616644,Bayesian beta + Bernoulli boundary,0,11.64,FALSE
ltmp,acropora_composition,Pre-event Acropora composition,Low (10th percentile),0.04416278783401122,proportion of pre-event hard coral,7.25,0.3164840345255449,0.12896262784538146,0.04082369250034883,0.011453325886539774,0.08955455863333613,Bayesian beta + Bernoulli boundary,0,11.64,FALSE
ltmp,acropora_composition,Pre-event Acropora composition,Median (50th percentile),0.2688625059919296,proportion of pre-event hard coral,7.25,0.42485909230982105,0.1568675508198536,0.06662822934395848,0.02333959706722569,0.13183770313945836,Bayesian beta + Bernoulli boundary,0,11.64,FALSE
ltmp,acropora_composition,Pre-event Acropora composition,High (90th percentile),0.6708836309552813,proportion of pre-event hard coral,7.25,0.6295877185390922,0.22395187061563365,0.14073655961189768,0.05403128306793863,0.2667450834134745,Bayesian beta + Bernoulli boundary,0,11.64,FALSE
ltmp,acropora_composition,Pre-event Acropora composition,Low (10th percentile),0.04416278783401122,proportion of pre-event hard coral,7.5,0.321134781639893,0.12568670653709077,0.040364784008930774,0.011147676493560639,0.08899208227975854,Bayesian beta + Bernoulli boundary,0,11.64,FALSE
ltmp,acropora_composition,Pre-event Acropora composition,Median (50th percentile),0.2688625059919296,proportion of pre-event hard coral,7.5,0.42995906841363346,0.1553940539208652,0.06679004040665684,0.02308440400840447,0.13347283506372765,Bayesian beta + Bernoulli boundary,0,11.64,FALSE
ltmp,acropora_composition,Pre-event Acropora composition,High (90th percentile),0.6708836309552813,proportion of pre-event hard coral,7.5,0.6340254510191178,0.22777871017786583,0.1441446006541355,0.05488820370541641,0.2732108852500497,Bayesian beta + Bernoulli boundary,0,11.64,FALSE
ltmp,acropora_composition,Pre-event Acropora composition,Low (10th percentile),0.04416278783401122,proportion of pre-event hard coral,7.75,0.3258687197758092,0.12252571098360461,0.03992100066436551,0.01088763924028512,0.08788010028635615,Bayesian beta + Bernoulli boundary,0,11.64,FALSE
ltmp,acropora_composition,Pre-event Acropora composition,Median (50th percentile),0.2688625059919296,proportion of pre-event hard coral,7.75,0.43508372830725334,0.15394442505594977,0.06694940020542402,0.0230191443815066,0.13403416110100477,Bayesian beta + Bernoulli boundary,0,11.64,FALSE
ltmp,acropora_composition,Pre-event Acropora composition,High (90th percentile),0.6708836309552813,proportion of pre-event hard coral,7.75,0.6383805940910298,0.2316477857255173,0.14759555022457518,0.056025061113376684,0.28087329691851665,Bayesian beta + Bernoulli boundary,0,11.64,FALSE
ltmp,acropora_composition,Pre-event Acropora composition,Low (10th percentile),0.04416278783401122,proportion of pre-event hard coral,8,0.33068027032572134,0.11947945138384873,0.039492819990617545,0.010673546192032651,0.08793319090026101,Bayesian beta + Bernoulli boundary,0,11.64,FALSE
ltmp,acropora_composition,Pre-event Acropora composition,Median (50th percentile),0.2688625059919296,proportion of pre-event hard coral,8,0.440225562105703,0.15251986816595883,0.0671062869166026,0.023046289764262578,0.13510505839662787,Bayesian beta + Bernoulli boundary,0,11.64,FALSE
ltmp,acropora_composition,Pre-event Acropora composition,High (90th percentile),0.6708836309552813,proportion of pre-event hard coral,8,0.6426495609730819,0.23555794774868874,0.1510877704911564,0.0569482761989125,0.28762596822357717,Bayesian beta + Bernoulli boundary,0,11.64,FALSE
ltmp,acropora_composition,Pre-event Acropora composition,Low (10th percentile),0.04416278783401122,proportion of pre-event hard coral,8.25,0.3355634330277179,0.11655168690239656,0.03908206154309796,0.010394320747695952,0.08683779251479912,Bayesian beta + Bernoulli boundary,0,11.64,FALSE
ltmp,acropora_composition,Pre-event Acropora composition,Median (50th percentile),0.2688625059919296,proportion of pre-event hard coral,8.25,0.4453770223686801,0.15112643230476688,0.0672628385454259,0.02279905230209594,0.13597720567743946,Bayesian beta + Bernoulli boundary,0,11.64,FALSE
ltmp,acropora_composition,Pre-event Acropora composition,High (90th percentile),0.6708836309552813,proportion of pre-event hard coral,8.25,0.646829227166222,0.23951310350648256,0.15462284294587678,0.05761401563948877,0.2946833716102023,Bayesian beta + Bernoulli boundary,0,11.64,FALSE
ltmp,acropora_composition,Pre-event Acropora composition,Low (10th percentile),0.04416278783401122,proportion of pre-event hard coral,8.5,0.3405118295908098,0.11374894709862406,0.03869158907111179,0.010274545541111086,0.08676795773997051,Bayesian beta + Bernoulli boundary,0,11.64,FALSE
ltmp,acropora_composition,Pre-event Acropora composition,Median (50th percentile),0.2688625059919296,proportion of pre-event hard coral,8.5,0.450530597342513,0.1497738940365726,0.06742298873074226,0.022518864282325423,0.13657430927733263,Bayesian beta + Bernoulli boundary,0,11.64,FALSE
ltmp,acropora_composition,Pre-event Acropora composition,High (90th percentile),0.6708836309552813,proportion of pre-event hard coral,8.5,0.6509169306112103,0.24352098699890648,0.15820488916209502,0.05854962740971188,0.3042235244874469,Bayesian beta + Bernoulli boundary,0,11.64,FALSE
ltmp,acropora_composition,Pre-event Acropora composition,Low (10th percentile),0.04416278783401122,proportion of pre-event hard coral,8.75,0.3455187557047082,0.1110794482693274,0.03832501632327802,0.009855243123076613,0.08720070922878044,Bayesian beta + Bernoulli boundary,0,11.64,FALSE
ltmp,acropora_composition,Pre-event Acropora composition,Median (50th percentile),0.2688625059919296,proportion of pre-event hard coral,8.75,0.45567888219909214,0.14847468904995703,0.06759209198342905,0.022618905228143596,0.13797465053347982,Bayesian beta + Bernoulli boundary,0,11.64,FALSE
ltmp,acropora_composition,Pre-event Acropora composition,High (90th percentile),0.6708836309552813,proportion of pre-event hard coral,8.75,0.6549104655408291,0.24759197130884833,0.16183988001019967,0.06020072504313293,0.31169288365037584,Bayesian beta + Bernoulli boundary,0,11.64,FALSE
ltmp,acropora_composition,Pre-event Acropora composition,Low (10th percentile),0.04416278783401122,proportion of pre-event hard coral,9,0.35057724028336085,0.10855214045893083,0.03798642781390743,0.009555917077218819,0.0879373199879944,Bayesian beta + Bernoulli boundary,0,11.64,FALSE
ltmp,acropora_composition,Pre-event Acropora composition,Median (50th percentile),0.2688625059919296,proportion of pre-event hard coral,9,0.4608146460836102,0.14724291860779629,0.067776548818624,0.02232198276474258,0.13916050236868274,Bayesian beta + Bernoulli boundary,0,11.64,FALSE
ltmp,acropora_composition,Pre-event Acropora composition,High (90th percentile),0.6708836309552813,proportion of pre-event hard coral,9,0.6588080707946009,0.2517379530537609,0.16553495614600036,0.06058955441559481,0.3187731949649327,Bayesian beta + Bernoulli boundary,0,11.64,FALSE
ltmp,acropora_composition,Pre-event Acropora composition,Low (10th percentile),0.04416278783401122,proportion of pre-event hard coral,9.25,0.3556801103028502,0.10617588759531238,0.03768011816526024,0.009240772892984328,0.08758845436090994,Bayesian beta + Bernoulli boundary,0,11.64,FALSE
ltmp,acropora_composition,Pre-event Acropora composition,Median (50th percentile),0.2688625059919296,proportion of pre-event hard coral,9.25,0.46593089311551644,0.1460934296859169,0.06798343215554974,0.022030748971509802,0.1410920409621903,Bayesian beta + Bernoulli boundary,0,11.64,FALSE
ltmp,acropora_composition,Pre-event Acropora composition,High (90th percentile),0.6708836309552813,proportion of pre-event hard coral,9.25,0.6626084134134397,0.2559713088929835,0.16929776426447157,0.06173270571130279,0.3276378306647631,Bayesian beta + Bernoulli boundary,0,11.64,FALSE
ltmp,acropora_composition,Pre-event Acropora composition,Low (10th percentile),0.04416278783401122,proportion of pre-event hard coral,9.5,0.3608200592053511,0.10395878034176936,0.037410353096535245,0.00880997858740788,0.08830541367551137,Bayesian beta + Bernoulli boundary,0,11.64,FALSE
ltmp,acropora_composition,Pre-event Acropora composition,Median (50th percentile),0.2688625059919296,proportion of pre-event hard coral,9.5,0.47102091593955075,0.1450409706753464,0.0682201180267646,0.021382767629938824,0.14316742562436816,Bayesian beta + Bernoulli boundary,0,11.64,FALSE
ltmp,acropora_composition,Pre-event Acropora composition,High (90th percentile),0.6708836309552813,proportion of pre-event hard coral,9.5,0.6663105683453258,0.2603039293368483,0.17313581709686432,0.062004662798591396,0.3374213748454441,Bayesian beta + Bernoulli boundary,0,11.64,FALSE
ltmp,acropora_composition,Pre-event Acropora composition,Low (10th percentile),0.04416278783401122,proportion of pre-event hard coral,9.75,0.3659897166112068,0.10190757805418885,0.03718115434497862,0.008436497670897944,0.08918522921970364,Bayesian beta + Bernoulli boundary,0,11.64,FALSE
ltmp,acropora_composition,Pre-event Acropora composition,Median (50th percentile),0.2688625059919296,proportion of pre-event hard coral,9.75,0.47607834093003554,0.1440994272369169,0.06849392528245388,0.0211177941218249,0.1447799559849278,Bayesian beta + Bernoulli boundary,0,11.64,FALSE
ltmp,acropora_composition,Pre-event Acropora composition,High (90th percentile),0.6708836309552813,proportion of pre-event hard coral,9.75,0.6699139950788573,0.26474634215609977,0.1770558898708389,0.06260648132493142,0.34672190846976436,Bayesian beta + Bernoulli boundary,0,11.64,FALSE
ltmp,acropora_composition,Pre-event Acropora composition,Low (10th percentile),0.04416278783401122,proportion of pre-event hard coral,10,0.371181717047595,0.1000272730475182,0.03699610988021306,0.00812642746565075,0.09009289149007342,Bayesian beta + Bernoulli boundary,0,11.64,FALSE
ltmp,acropora_composition,Pre-event Acropora composition,Median (50th percentile),0.2688625059919296,proportion of pre-event hard coral,10,0.4810971646474595,0.14328114478773846,0.06881177033842166,0.020574459351379512,0.1485705201319003,Bayesian beta + Bernoulli boundary,0,11.64,FALSE
ltmp,acropora_composition,Pre-event Acropora composition,High (90th percentile),0.6708836309552813,proportion of pre-event hard coral,10,0.6734185119856815,0.2693069445091381,0.18106347068551787,0.06206138584146844,0.35757139705474406,Bayesian beta + Bernoulli boundary,0,11.64,FALSE
ltmp,acropora_composition,Pre-event Acropora composition,Low (10th percentile),0.04416278783401122,proportion of pre-event hard coral,10.25,0.37638876556825895,0.09832076772943989,0.03685820988735174,0.007703516014672743,0.09100346238581021,Bayesian beta + Bernoulli boundary,0,11.64,FALSE
ltmp,acropora_composition,Pre-event Acropora composition,Median (50th percentile),0.2688625059919296,proportion of pre-event hard coral,10.25,0.48607178158187536,0.14259634498772442,0.06917984396664136,0.020015670910433023,0.15096277586477996,Bayesian beta + Bernoulli boundary,0,11.64,FALSE
ltmp,acropora_composition,Pre-event Acropora composition,High (90th percentile),0.6708836309552813,proportion of pre-event hard coral,10.25,0.6768242691001308,0.27399136756221915,0.18516228565392917,0.061968624365151305,0.367257270555007,Bayesian beta + Bernoulli boundary,0,11.64,FALSE
ltmp,acropora_composition,Pre-event Acropora composition,Low (10th percentile),0.04416278783401122,proportion of pre-event hard coral,10.5,0.3816036984730907,0.09678865350682918,0.03676970832706703,0.007330565821421435,0.09128399155672112,Bayesian beta + Bernoulli boundary,0,11.64,FALSE
ltmp,acropora_composition,Pre-event Acropora composition,Median (50th percentile),0.2688625059919296,proportion of pre-event hard coral,10.5,0.49099700356346593,0.14205264351932712,0.06960331762031073,0.019460339375617638,0.15426982946497814,Bayesian beta + Bernoulli boundary,0,11.64,FALSE
ltmp,acropora_composition,Pre-event Acropora composition,High (90th percentile),0.6708836309552813,proportion of pre-event hard coral,10.5,0.6801317199988982,0.27880199830490654,0.18935392058194273,0.06133580983415386,0.3782872261181142,Bayesian beta + Bernoulli boundary,0,11.64,FALSE
ltmp,acropora_composition,Pre-event Acropora composition,Low (10th percentile),0.04416278783401122,proportion of pre-event hard coral,10.75,0.38681953778122236,0.09542907993592767,0.03673200955212991,0.006849459859992767,0.09262092379073202,Bayesian beta + Bernoulli boundary,0,11.64,FALSE
ltmp,acropora_composition,Pre-event Acropora composition,Median (50th percentile),0.2688625059919296,proportion of pre-event hard coral,10.75,0.4958680714678438,0.14165467554160022,0.0700860868172661,0.018889853726972987,0.15639329169580207,Bayesian beta + Bernoulli boundary,0,11.64,FALSE
ltmp,acropora_composition,Pre-event Acropora composition,High (90th percentile),0.6708836309552813,proportion of pre-event hard coral,10.75,0.6833415933690017,0.28373767962310925,0.19363755868911173,0.060805244666850986,0.389122053269329,Bayesian beta + Bernoulli boundary,0,11.64,FALSE
ltmp,acropora_composition,Pre-event Acropora composition,Low (10th percentile),0.04416278783401122,proportion of pre-event hard coral,11,0.39202953859760864,0.09423770329260885,0.036745579493053966,0.0063974845723010045,0.09502720661102629,Bayesian beta + Bernoulli boundary,0,11.64,FALSE
ltmp,acropora_composition,Pre-event Acropora composition,Median (50th percentile),0.2688625059919296,proportion of pre-event hard coral,11,0.5006806599987154,0.1414038335644441,0.07063055867140494,0.017684688208914574,0.1592536921624031,Bayesian beta + Bernoulli boundary,0,11.64,FALSE
ltmp,acropora_composition,Pre-event Acropora composition,High (90th percentile),0.6708836309552813,proportion of pre-event hard coral,11,0.6864548647722315,0.2887936016478859,0.1980098484112782,0.0603539134301978,0.40282674114490685,Bayesian beta + Bernoulli boundary,0,11.64,FALSE
ltmp,acropora_composition,Pre-event Acropora composition,Low (10th percentile),0.04416278783401122,proportion of pre-event hard coral,11.25,0.3972272289768676,0.09320770522905734,0.03680988123450426,0.005946562777707247,0.09761546915080317,Bayesian beta + Bernoulli boundary,0,11.64,FALSE
ltmp,acropora_composition,Pre-event Acropora composition,Median (50th percentile),0.2688625059919296,proportion of pre-event hard coral,11.25,0.5054308764088523,0.14129812019066,0.07123748973865934,0.016813469727053183,0.16386127205826528,Bayesian beta + Bernoulli boundary,0,11.64,FALSE
ltmp,acropora_composition,Pre-event Acropora composition,High (90th percentile),0.6708836309552813,proportion of pre-event hard coral,11.25,0.6894727290322329,0.29396138609480366,0.20246490733225145,0.05926002736421958,0.41574971721664217,Bayesian beta + Bernoulli boundary,0,11.64,FALSE
ltmp,acropora_composition,Pre-event Acropora composition,Low (10th percentile),0.04416278783401122,proportion of pre-event hard coral,11.5,0.40240644228265116,0.09232987392555361,0.036923335213351956,0.005538103503746471,0.10014546830787582,Bayesian beta + Bernoulli boundary,0,11.64,FALSE
ltmp,acropora_composition,Pre-event Acropora composition,Median (50th percentile),0.2688625059919296,proportion of pre-event hard coral,11.5,0.5101152540402935,0.1413321152463115,0.0719058789060865,0.015935550038239144,0.1685125451988396,Bayesian beta + Bernoulli boundary,0,11.64,FALSE
ltmp,acropora_composition,Pre-event Acropora composition,High (90th percentile),0.6708836309552813,proportion of pre-event hard coral,11.5,0.6923965735895299,0.29922935253527766,0.20699445893643473,0.0583201234369405,0.42916155982827436,Bayesian beta + Bernoulli boundary,0,11.64,FALSE
ltmp,acropora_composition,Pre-event Acropora composition,Low (10th percentile),0.04416278783401122,proportion of pre-event hard coral,11.75,0.4075613423417793,0.0915928384515311,0.037083342046277196,0.005176717539283474,0.10313579403706129,Bayesian beta + Bernoulli boundary,0,11.64,TRUE
ltmp,acropora_composition,Pre-event Acropora composition,Median (50th percentile),0.2688625059919296,proportion of pre-event hard coral,11.75,0.5147307415437201,0.14149716090413075,0.0726329717637054,0.015153368573907238,0.17306202522394531,Bayesian beta + Bernoulli boundary,0,11.64,TRUE
ltmp,acropora_composition,Pre-event Acropora composition,High (90th percentile),0.6708836309552813,proportion of pre-event hard coral,11.75,0.6952279530928662,0.3045830106648549,0.21158813727822703,0.05750818969432765,0.44529498428026,Bayesian beta + Bernoulli boundary,0,11.64,TRUE
ltmp,acropora_composition,Pre-event Acropora composition,Low (10th percentile),0.04416278783401122,proportion of pre-event hard coral,12,0.4126864418963451,0.09098642688817139,0.03728754422257821,0.0047963811995277855,0.10748718680067262,Bayesian beta + Bernoulli boundary,0,11.64,TRUE
ltmp,acropora_composition,Pre-event Acropora composition,Median (50th percentile),0.2688625059919296,proportion of pre-event hard coral,12,0.5192746885892724,0.1417851210888614,0.0734160797397388,0.014260516474953595,0.17908594817435058,Bayesian beta + Bernoulli boundary,0,11.64,TRUE
ltmp,acropora_composition,Pre-event Acropora composition,High (90th percentile),0.6708836309552813,proportion of pre-event hard coral,12,0.6979685654243467,0.3100078507641124,0.2162354367494017,0.05632118524450687,0.4603868542320628,Bayesian beta + Bernoulli boundary,0,11.64,TRUE
ltmp,acropora_composition,Pre-event Acropora composition,Low (10th percentile),0.04416278783401122,proportion of pre-event hard coral,12.25,0.41777661497538604,0.09050356815025715,0.03753463342830373,0.004437808998974027,0.11105891970889603,Bayesian beta + Bernoulli boundary,0,11.64,TRUE
ltmp,acropora_composition,Pre-event Acropora composition,Median (50th percentile),0.2688625059919296,proportion of pre-event hard coral,12.25,0.523744828817362,0.14219078446645342,0.07425383870758304,0.013486354089424958,0.18576730256825294,Bayesian beta + Bernoulli boundary,0,11.64,TRUE
ltmp,acropora_composition,Pre-event Acropora composition,High (90th percentile),0.6708836309552813,proportion of pre-event hard coral,12.25,0.7006202292924567,0.315491216172328,0.22092704939235716,0.055265918897237185,0.47426466466951567,Bayesian beta + Bernoulli boundary,0,11.64,TRUE
ltmp,acropora_composition,Pre-event Acropora composition,Low (10th percentile),0.04416278783401122,proportion of pre-event hard coral,12.5,0.4228271038594579,0.09013759424750464,0.03782335130840387,0.0040629835016624235,0.11556821734255909,Bayesian beta + Bernoulli boundary,0,11.64,TRUE
ltmp,acropora_composition,Pre-event Acropora composition,Median (50th percentile),0.2688625059919296,proportion of pre-event hard coral,12.5,0.5281392607057537,0.14270903070591975,0.07514483435191631,0.012869463039547202,0.19224714351724476,Bayesian beta + Bernoulli boundary,0,11.64,TRUE
ltmp,acropora_composition,Pre-event Acropora composition,High (90th percentile),0.6708836309552813,proportion of pre-event hard coral,12.5,0.7031848634719723,0.32102069923253396,0.2256537463879221,0.05440131820038192,0.48958116742449037,Bayesian beta + Bernoulli boundary,0,11.64,TRUE
ltmp,acropora_composition,Pre-event Acropora composition,Low (10th percentile),0.04416278783401122,proportion of pre-event hard coral,12.75,0.42783352131680596,0.08988205387731961,0.03815241890782234,0.0036740493333359795,0.12095891229440854,Bayesian beta + Bernoulli boundary,0,11.64,TRUE
ltmp,acropora_composition,Pre-event Acropora composition,Median (50th percentile),0.2688625059919296,proportion of pre-event hard coral,12.75,0.5324564269533623,0.14333465657937228,0.07608751242723086,0.012220886641053618,0.1994092884914973,Bayesian beta + Bernoulli boundary,0,11.64,TRUE
ltmp,acropora_composition,Pre-event Acropora composition,High (90th percentile),0.6708836309552813,proportion of pre-event hard coral,12.75,0.7056644677232939,0.3265841399844019,0.23040639028695584,0.05275528140031207,0.5031476421533979,Bayesian beta + Bernoulli boundary,0,11.64,TRUE
ltmp,acropora_composition,Pre-event Acropora composition,Low (10th percentile),0.04416278783401122,proportion of pre-event hard coral,13,0.4327918487663441,0.08973071041897751,0.03852053685374347,0.0034019582318001564,0.12479674361564361,Bayesian beta + Bernoulli boundary,0,11.64,TRUE
ltmp,acropora_composition,Pre-event Acropora composition,Median (50th percentile),0.2688625059919296,proportion of pre-event hard coral,13,0.5366950929052178,0.14406240198412024,0.0770801890027911,0.011600622426081515,0.20885540968526123,Bayesian beta + Bernoulli boundary,0,11.64,TRUE
ltmp,acropora_composition,Pre-event Acropora composition,High (90th percentile),0.6708836309552813,proportion of pre-event hard coral,13,0.7080611053856737,0.3321697348425272,0.235176025955071,0.05183575515394368,0.5203408746154241,Bayesian beta + Bernoulli boundary,0,11.64,TRUE
ltmp,acropora_composition,Pre-event Acropora composition,Low (10th percentile),0.04416278783401122,proportion of pre-event hard coral,13.25,0.4376984309833769,0.08967754067660079,0.0389263864333418,0.0030681680076434376,0.12924749191523274,Bayesian beta + Bernoulli boundary,0,11.64,TRUE
ltmp,acropora_composition,Pre-event Acropora composition,Median (50th percentile),0.2688625059919296,proportion of pre-event hard coral,13.25,0.5408543244692052,0.1448869751300467,0.07812106175110643,0.01087340689122931,0.21782813285364097,Bayesian beta + Bernoulli boundary,0,11.64,TRUE
ltmp,acropora_composition,Pre-event Acropora composition,High (90th percentile),0.6708836309552813,proportion of pre-event hard coral,13.25,0.7103768876086208,0.3377661294269394,0.23995396059080193,0.04999925663945723,0.539031498384303,Bayesian beta + Bernoulli boundary,0,11.64,TRUE
ltmp,acropora_composition,Pre-event Acropora composition,Low (10th percentile),0.04416278783401122,proportion of pre-event hard coral,13.5,0.442549967917454,0.08971673425344022,0.03936863145290223,0.0028309212811232698,0.13404309945541015,Bayesian beta + Bernoulli boundary,0,11.64,TRUE
ltmp,acropora_composition,Pre-event Acropora composition,Median (50th percentile),0.2688625059919296,proportion of pre-event hard coral,13.5,0.5449334659050769,0.14580307670848144,0.07920822208319128,0.010043260733666135,0.22672679011896008,Bayesian beta + Bernoulli boundary,0,11.64,TRUE
ltmp,acropora_composition,Pre-event Acropora composition,High (90th percentile),0.6708836309552813,proportion of pre-event hard coral,13.5,0.7126139591627285,0.343362495254042,0.24473183200688392,0.04922480353884854,0.555084600503859,Bayesian beta + Bernoulli boundary,0,11.64,TRUE
ltmp,acropora_composition,Pre-event Acropora composition,Low (10th percentile),0.04416278783401122,proportion of pre-event hard coral,13.75,0.4473435041427556,0.08984269330628923,0.039845920701933185,0.0025684216839158085,0.137271740508452,Bayesian beta + Bernoulli boundary,0,11.64,TRUE
ltmp,acropora_composition,Pre-event Acropora composition,Median (50th percentile),0.2688625059919296,proportion of pre-event hard coral,13.75,0.5489321178010445,0.14680542287344742,0.08033966791964607,0.009384472857304059,0.23553250065535675,Bayesian beta + Bernoulli boundary,0,11.64,TRUE
ltmp,acropora_composition,Pre-event Acropora composition,High (90th percentile),0.6708836309552813,proportion of pre-event hard coral,13.75,0.7147744857543735,0.3489485905616698,0.24950166488802528,0.047683811292989146,0.5700740166082132,Bayesian beta + Bernoulli boundary,0,11.64,TRUE
ltmp,acropora_composition,Pre-event Acropora composition,Low (10th percentile),0.04416278783401122,proportion of pre-event hard coral,14,0.4520764164123626,0.0900500323794738,0.04035689082916895,0.002328180547657149,0.14255560153765776,Bayesian beta + Bernoulli boundary,0,11.64,TRUE
ltmp,acropora_composition,Pre-event Acropora composition,Median (50th percentile),0.2688625059919296,proportion of pre-event hard coral,14,0.5528501154937319,0.14788876688878907,0.08151331688195619,0.008801034591301351,0.24388094431154886,Bayesian beta + Bernoulli boundary,0,11.64,TRUE
ltmp,acropora_composition,Pre-event Acropora composition,High (90th percentile),0.6708836309552813,proportion of pre-event hard coral,14,0.7168606427572998,0.3545148060167166,0.2542559152136651,0.04600937116737667,0.5832594807644219,Bayesian beta + Bernoulli boundary,0,11.64,TRUE
ltmp,acropora_composition,Pre-event Acropora composition,Low (10th percentile),0.04416278783401122,proportion of pre-event hard coral,14.25,0.45674639973963277,0.09033357803130633,0.04090016945527585,0.0021149417597576257,0.14862576465073302,Bayesian beta + Bernoulli boundary,0,11.64,TRUE
ltmp,acropora_composition,Pre-event Acropora composition,Median (50th percentile),0.2688625059919296,proportion of pre-event hard coral,14.25,0.556687508133895,0.14904791932179953,0.08272701969244489,0.008218060596915499,0.25273664609373037,Bayesian beta + Bernoulli boundary,0,11.64,TRUE
ltmp,acropora_composition,Pre-event Acropora composition,High (90th percentile),0.6708836309552813,proportion of pre-event hard coral,14.25,0.7188746052670878,0.36005219641069364,0.25898750342320626,0.04427277712944159,0.5993938064996984,Bayesian beta + Bernoulli boundary,0,11.64,TRUE
ltmp,acropora_composition,Pre-event Acropora composition,Low (10th percentile),0.04416278783401122,proportion of pre-event hard coral,14.5,0.46135145238307496,0.09068836801824989,0.041474378385138136,0.0019266476188349322,0.1544378092320153,Bayesian beta + Bernoulli boundary,0,11.64,TRUE
ltmp,acropora_composition,Pre-event Acropora composition,Median (50th percentile),0.2688625059919296,proportion of pre-event hard coral,14.5,0.5604445385532567,0.15027776669365803,0.08397857358333587,0.00761791005635842,0.26085236416173035,Bayesian beta + Bernoulli boundary,0,11.64,TRUE
ltmp,acropora_composition,Pre-event Acropora composition,High (90th percentile),0.6708836309552813,proportion of pre-event hard coral,14.5,0.7208185393810974,0.36555249967900966,0.26368983718377625,0.042896805707439624,0.6109910080145047,Bayesian beta + Bernoulli boundary,0,11.64,TRUE
ltmp,acropora_composition,Pre-event Acropora composition,Low (10th percentile),0.04416278783401122,proportion of pre-event hard coral,14.75,0.46588986006585087,0.09110964987179311,0.042078136826680684,0.0017458724639609498,0.16033514634157695,Bayesian beta + Bernoulli boundary,0,11.64,TRUE
ltmp,acropora_composition,Pre-event Acropora composition,Median (50th percentile),0.2688625059919296,proportion of pre-event hard coral,14.75,0.564121624047007,0.15157328852777616,0.08526573553421593,0.007124101015371011,0.27114609477156604,Bayesian beta + Bernoulli boundary,0,11.64,TRUE
ltmp,acropora_composition,Pre-event Acropora composition,High (90th percentile),0.6708836309552813,proportion of pre-event hard coral,14.75,0.7226945946058888,0.3710081446949751,0.2683568247962108,0.04108457929002556,0.6261844319797069,Bayesian beta + Bernoulli boundary,0,11.64,TRUE
ltmp,acropora_composition,Pre-event Acropora composition,Low (10th percentile),0.04416278783401122,proportion of pre-event hard coral,15,0.4703601797176457,0.09159287877412596,0.04271006456257357,0.0015968147959558071,0.16712978969216982,Bayesian beta + Bernoulli boundary,0,11.64,TRUE
ltmp,acropora_composition,Pre-event Acropora composition,Median (50th percentile),0.2688625059919296,proportion of pre-event hard coral,15,0.5677193381517075,0.1529295727672448,0.08658623518091342,0.0065589431171969356,0.28058482800712997,Bayesian beta + Bernoulli boundary,0,11.64,TRUE
ltmp,acropora_composition,Pre-event Acropora composition,High (90th percentile),0.6708836309552813,proportion of pre-event hard coral,15,0.7245048972956983,0.3764122493141315,0.2729828803584669,0.03953892601543483,0.6400820849914977,Bayesian beta + Bernoulli boundary,0,11.64,TRUE
ltmp,acropora_composition,Pre-event Acropora composition,Low (10th percentile),0.04416278783401122,proportion of pre-event hard coral,15.25,0.47476122298557816,0.0921337147013735,0.043368785049921366,0.0014692884890690021,0.1714282246754861,Bayesian beta + Bernoulli boundary,0,11.64,TRUE
ltmp,acropora_composition,Pre-event Acropora composition,Median (50th percentile),0.2688625059919296,proportion of pre-event hard coral,15.25,0.5712383934690981,0.15434182955989323,0.0879377872649219,0.006131885300575602,0.2909689013601951,Bayesian beta + Bernoulli boundary,0,11.64,TRUE
ltmp,acropora_composition,Pre-event Acropora composition,High (90th percentile),0.6708836309552813,proportion of pre-event hard coral,15.25,0.7262515450287204,0.38175861010722356,0.2775629218193902,0.03787080648785701,0.6523644728499965,Bayesian beta + Bernoulli boundary,0,11.64,TRUE
ltmp,acropora_composition,Pre-event Acropora composition,Low (10th percentile),0.04416278783401122,proportion of pre-event hard coral,15.5,0.4790920397225148,0.09272801885303783,0.04405292843973165,0.001332310943328296,0.17703573735779096,Bayesian beta + Bernoulli boundary,0,11.64,TRUE
ltmp,acropora_composition,Pre-event Acropora composition,Median (50th percentile),0.2688625059919296,proportion of pre-event hard coral,15.5,0.5746796255621248,0.1558054034320718,0.08931810351839858,0.005663918794083526,0.30224532399272236,Bayesian beta + Bernoulli boundary,0,11.64,TRUE
ltmp,acropora_composition,Pre-event Acropora composition,High (90th percentile),0.6708836309552813,proportion of pre-event hard coral,15.5,0.7279366018322365,0.38704168514636184,0.2820923630225126,0.036717339599051935,0.6668789142147189,Bayesian beta + Bernoulli boundary,0,11.64,TRUE
ltmp,acropora_composition,Pre-event Acropora composition,Low (10th percentile),0.04416278783401122,proportion of pre-event hard coral,15.75,0.48335190162603137,0.09337184942273549,0.044761134514315036,0.0012133911627281513,0.1839503893739446,Bayesian beta + Bernoulli boundary,0,11.64,TRUE
ltmp,acropora_composition,Pre-event Acropora composition,Median (50th percentile),0.2688625059919296,proportion of pre-event hard coral,15.75,0.5780439779298099,0.15731578388888393,0.09072490390327734,0.005286497813590157,0.3121880857913318,Bayesian beta + Bernoulli boundary,0,11.64,TRUE
ltmp,acropora_composition,Pre-event Acropora composition,High (90th percentile),0.6708836309552813,proportion of pre-event hard coral,15.75,0.7295620941726662,0.3922565711168897,0.28656710077815134,0.03547801455303056,0.6794515673114648,Bayesian beta + Bernoulli boundary,0,11.64,TRUE
ltmp,acropora_composition,Pre-event Acropora composition,Low (10th percentile),0.04416278783401122,proportion of pre-event hard coral,16,0.48754028616962214,0.09406145678955576,0.04549205554005728,0.0010930278933146116,0.19063073613649487,Bayesian beta + Bernoulli boundary,0,11.64,TRUE
ltmp,acropora_composition,Pre-event Acropora composition,Median (50th percentile),0.2688625059919296,proportion of pre-event hard coral,16,0.581332488051811,0.15886861448896986,0.09215592714278635,0.004936569087731514,0.32337349835089335,Bayesian beta + Bernoulli boundary,0,11.64,TRUE
ltmp,acropora_composition,Pre-event Acropora composition,High (90th percentile),0.6708836309552813,proportion of pre-event hard coral,16,0.7311300076320788,0.3973989759278678,0.29098349792571926,0.033897974865284786,0.6908543452115458,Bayesian beta + Bernoulli boundary,0,11.64,TRUE
ltmp,dhw_novelty10,Thermal novelty relative to prior decade,Low (10th percentile),-4.960000000000001,DHW anomaly,0,0.16843761788788975,0.007530697754675692,0.0012684527908312536,,,BRT,0,11.64,FALSE
ltmp,dhw_novelty10,Thermal novelty relative to prior decade,Median (50th percentile),-0.31,DHW anomaly,0,0.34251000136364534,0.016140332345458832,0.0055282252536527935,,,BRT,0,11.64,FALSE
ltmp,dhw_novelty10,Thermal novelty relative to prior decade,High (90th percentile),4.178000000000001,DHW anomaly,0,0.8807749920050413,0.141212570383974,0.12437650055095603,,,BRT,0,11.64,FALSE
ltmp,dhw_novelty10,Thermal novelty relative to prior decade,Low (10th percentile),-4.960000000000001,DHW anomaly,0.25,0.16843761788788975,0.007530697754675692,0.0012684527908312536,,,BRT,0,11.64,FALSE
ltmp,dhw_novelty10,Thermal novelty relative to prior decade,Median (50th percentile),-0.31,DHW anomaly,0.25,0.34251000136364534,0.016140332345458832,0.0055282252536527935,,,BRT,0,11.64,FALSE
ltmp,dhw_novelty10,Thermal novelty relative to prior decade,High (90th percentile),4.178000000000001,DHW anomaly,0.25,0.8807749920050413,0.141212570383974,0.12437650055095603,,,BRT,0,11.64,FALSE
ltmp,dhw_novelty10,Thermal novelty relative to prior decade,Low (10th percentile),-4.960000000000001,DHW anomaly,0.5,0.16843761788788975,0.007530697754675692,0.0012684527908312536,,,BRT,0,11.64,FALSE
ltmp,dhw_novelty10,Thermal novelty relative to prior decade,Median (50th percentile),-0.31,DHW anomaly,0.5,0.34251000136364534,0.016140332345458832,0.0055282252536527935,,,BRT,0,11.64,FALSE
ltmp,dhw_novelty10,Thermal novelty relative to prior decade,High (90th percentile),4.178000000000001,DHW anomaly,0.5,0.8807749920050413,0.141212570383974,0.12437650055095603,,,BRT,0,11.64,FALSE
ltmp,dhw_novelty10,Thermal novelty relative to prior decade,Low (10th percentile),-4.960000000000001,DHW anomaly,0.75,0.16843761788788975,0.007530697754675692,0.0012684527908312536,,,BRT,0,11.64,FALSE
ltmp,dhw_novelty10,Thermal novelty relative to prior decade,Median (50th percentile),-0.31,DHW anomaly,0.75,0.34251000136364534,0.016140332345458832,0.0055282252536527935,,,BRT,0,11.64,FALSE
ltmp,dhw_novelty10,Thermal novelty relative to prior decade,High (90th percentile),4.178000000000001,DHW anomaly,0.75,0.8807749920050413,0.141212570383974,0.12437650055095603,,,BRT,0,11.64,FALSE
ltmp,dhw_novelty10,Thermal novelty relative to prior decade,Low (10th percentile),-4.960000000000001,DHW anomaly,1,0.16843761788788975,0.007530697754675692,0.0012684527908312536,,,BRT,0,11.64,FALSE
ltmp,dhw_novelty10,Thermal novelty relative to prior decade,Median (50th percentile),-0.31,DHW anomaly,1,0.34251000136364534,0.016140332345458832,0.0055282252536527935,,,BRT,0,11.64,FALSE
ltmp,dhw_novelty10,Thermal novelty relative to prior decade,High (90th percentile),4.178000000000001,DHW anomaly,1,0.8807749920050413,0.141212570383974,0.12437650055095603,,,BRT,0,11.64,FALSE
ltmp,dhw_novelty10,Thermal novelty relative to prior decade,Low (10th percentile),-4.960000000000001,DHW anomaly,1.25,0.16843761788788975,0.007530697754675692,0.0012684527908312536,,,BRT,0,11.64,FALSE
ltmp,dhw_novelty10,Thermal novelty relative to prior decade,Median (50th percentile),-0.31,DHW anomaly,1.25,0.34251000136364534,0.016140332345458832,0.0055282252536527935,,,BRT,0,11.64,FALSE
ltmp,dhw_novelty10,Thermal novelty relative to prior decade,High (90th percentile),4.178000000000001,DHW anomaly,1.25,0.8807749920050413,0.141212570383974,0.12437650055095603,,,BRT,0,11.64,FALSE
ltmp,dhw_novelty10,Thermal novelty relative to prior decade,Low (10th percentile),-4.960000000000001,DHW anomaly,1.5,0.16843761788788975,0.007530697754675692,0.0012684527908312536,,,BRT,0,11.64,FALSE
ltmp,dhw_novelty10,Thermal novelty relative to prior decade,Median (50th percentile),-0.31,DHW anomaly,1.5,0.34251000136364534,0.016140332345458832,0.0055282252536527935,,,BRT,0,11.64,FALSE
ltmp,dhw_novelty10,Thermal novelty relative to prior decade,High (90th percentile),4.178000000000001,DHW anomaly,1.5,0.8807749920050413,0.141212570383974,0.12437650055095603,,,BRT,0,11.64,FALSE
ltmp,dhw_novelty10,Thermal novelty relative to prior decade,Low (10th percentile),-4.960000000000001,DHW anomaly,1.75,0.16843761788788975,0.007530697754675692,0.0012684527908312536,,,BRT,0,11.64,FALSE
ltmp,dhw_novelty10,Thermal novelty relative to prior decade,Median (50th percentile),-0.31,DHW anomaly,1.75,0.34251000136364534,0.016140332345458832,0.0055282252536527935,,,BRT,0,11.64,FALSE
ltmp,dhw_novelty10,Thermal novelty relative to prior decade,High (90th percentile),4.178000000000001,DHW anomaly,1.75,0.8807749920050413,0.141212570383974,0.12437650055095603,,,BRT,0,11.64,FALSE
ltmp,dhw_novelty10,Thermal novelty relative to prior decade,Low (10th percentile),-4.960000000000001,DHW anomaly,2,0.16843761788788975,0.007530697754675692,0.0012684527908312536,,,BRT,0,11.64,FALSE
ltmp,dhw_novelty10,Thermal novelty relative to prior decade,Median (50th percentile),-0.31,DHW anomaly,2,0.34251000136364534,0.016140332345458832,0.0055282252536527935,,,BRT,0,11.64,FALSE
ltmp,dhw_novelty10,Thermal novelty relative to prior decade,High (90th percentile),4.178000000000001,DHW anomaly,2,0.8807749920050413,0.141212570383974,0.12437650055095603,,,BRT,0,11.64,FALSE
ltmp,dhw_novelty10,Thermal novelty relative to prior decade,Low (10th percentile),-4.960000000000001,DHW anomaly,2.25,0.16843761788788975,0.007530697754675692,0.0012684527908312536,,,BRT,0,11.64,FALSE
ltmp,dhw_novelty10,Thermal novelty relative to prior decade,Median (50th percentile),-0.31,DHW anomaly,2.25,0.34251000136364534,0.016140332345458832,0.0055282252536527935,,,BRT,0,11.64,FALSE
ltmp,dhw_novelty10,Thermal novelty relative to prior decade,High (90th percentile),4.178000000000001,DHW anomaly,2.25,0.8807749920050413,0.141212570383974,0.12437650055095603,,,BRT,0,11.64,FALSE
ltmp,dhw_novelty10,Thermal novelty relative to prior decade,Low (10th percentile),-4.960000000000001,DHW anomaly,2.5,0.16843761788788975,0.007530697754675692,0.0012684527908312536,,,BRT,0,11.64,FALSE
ltmp,dhw_novelty10,Thermal novelty relative to prior decade,Median (50th percentile),-0.31,DHW anomaly,2.5,0.34251000136364534,0.016140332345458832,0.0055282252536527935,,,BRT,0,11.64,FALSE
ltmp,dhw_novelty10,Thermal novelty relative to prior decade,High (90th percentile),4.178000000000001,DHW anomaly,2.5,0.8807749920050413,0.141212570383974,0.12437650055095603,,,BRT,0,11.64,FALSE
ltmp,dhw_novelty10,Thermal novelty relative to prior decade,Low (10th percentile),-4.960000000000001,DHW anomaly,2.75,0.16843761788788975,0.007530697754675692,0.0012684527908312536,,,BRT,0,11.64,FALSE
ltmp,dhw_novelty10,Thermal novelty relative to prior decade,Median (50th percentile),-0.31,DHW anomaly,2.75,0.34251000136364534,0.016140332345458832,0.0055282252536527935,,,BRT,0,11.64,FALSE
ltmp,dhw_novelty10,Thermal novelty relative to prior decade,High (90th percentile),4.178000000000001,DHW anomaly,2.75,0.8807749920050413,0.141212570383974,0.12437650055095603,,,BRT,0,11.64,FALSE
ltmp,dhw_novelty10,Thermal novelty relative to prior decade,Low (10th percentile),-4.960000000000001,DHW anomaly,3,0.16843761788788975,0.007530697754675692,0.0012684527908312536,,,BRT,0,11.64,FALSE
ltmp,dhw_novelty10,Thermal novelty relative to prior decade,Median (50th percentile),-0.31,DHW anomaly,3,0.34251000136364534,0.016140332345458832,0.0055282252536527935,,,BRT,0,11.64,FALSE
ltmp,dhw_novelty10,Thermal novelty relative to prior decade,High (90th percentile),4.178000000000001,DHW anomaly,3,0.8807749920050413,0.141212570383974,0.12437650055095603,,,BRT,0,11.64,FALSE
ltmp,dhw_novelty10,Thermal novelty relative to prior decade,Low (10th percentile),-4.960000000000001,DHW anomaly,3.25,0.1477221404191187,0.007530697754675692,0.0011124507911701447,,,BRT,0,11.64,FALSE
ltmp,dhw_novelty10,Thermal novelty relative to prior decade,Median (50th percentile),-0.31,DHW anomaly,3.25,0.30832380879747384,0.016140332345458832,0.004976448744008931,,,BRT,0,11.64,FALSE
ltmp,dhw_novelty10,Thermal novelty relative to prior decade,High (90th percentile),4.178000000000001,DHW anomaly,3.25,0.8598746803582032,0.141212570383974,0.12142511382147993,,,BRT,0,11.64,FALSE
ltmp,dhw_novelty10,Thermal novelty relative to prior decade,Low (10th percentile),-4.960000000000001,DHW anomaly,3.5,0.14295754523265922,0.007530697754675692,0.0010765700648975355,,,BRT,0,11.64,FALSE
ltmp,dhw_novelty10,Thermal novelty relative to prior decade,Median (50th percentile),-0.31,DHW anomaly,3.5,0.3002037957915056,0.016140332345458832,0.004845389035443156,,,BRT,0,11.64,FALSE
ltmp,dhw_novelty10,Thermal novelty relative to prior decade,High (90th percentile),4.178000000000001,DHW anomaly,3.5,0.8551885301768422,0.141212570383974,0.1207633705091646,,,BRT,0,11.64,FALSE
ltmp,dhw_novelty10,Thermal novelty relative to prior decade,Low (10th percentile),-4.960000000000001,DHW anomaly,3.75,0.14295754523265922,0.007872908016225455,0.0011254916038421158,,,BRT,0,11.64,FALSE
ltmp,dhw_novelty10,Thermal novelty relative to prior decade,Median (50th percentile),-0.31,DHW anomaly,3.75,0.3002037957915056,0.016867132799510152,0.005063577290532351,,,BRT,0,11.64,FALSE
ltmp,dhw_novelty10,Thermal novelty relative to prior decade,High (90th percentile),4.178000000000001,DHW anomaly,3.75,0.8551885301768422,0.1467314333033509,0.125483038777434,,,BRT,0,11.64,FALSE
ltmp,dhw_novelty10,Thermal novelty relative to prior decade,Low (10th percentile),-4.960000000000001,DHW anomaly,4,0.13422086663275054,0.00819108236254283,0.0010994141733607363,,,BRT,0,11.64,FALSE
ltmp,dhw_novelty10,Thermal novelty relative to prior decade,Median (50th percentile),-0.31,DHW anomaly,4,0.2850534723989258,0.017542371099723245,0.005000513796086674,,,BRT,0,11.64,FALSE
ltmp,dhw_novelty10,Thermal novelty relative to prior decade,High (90th percentile),4.178000000000001,DHW anomaly,4,0.8458852013016782,0.1518027646463234,0.12840771213100655,,,BRT,0,11.64,FALSE
ltmp,dhw_novelty10,Thermal novelty relative to prior decade,Low (10th percentile),-4.960000000000001,DHW anomaly,4.25,0.05852753410923928,0.008552259843243603,5.005426796865173e-4,,,BRT,0,11.64,FALSE
ltmp,dhw_novelty10,Thermal novelty relative to prior decade,Median (50th percentile),-0.31,DHW anomaly,4.25,0.13617828904822127,0.018308272687012357,0.0024931892499456235,,,BRT,0,11.64,FALSE
ltmp,dhw_novelty10,Thermal novelty relative to prior decade,High (90th percentile),4.178000000000001,DHW anomaly,4.25,0.684561646960828,0.15749082068818235,0.10781217559151456,,,BRT,0,11.64,FALSE
ltmp,dhw_novelty10,Thermal novelty relative to prior decade,Low (10th percentile),-4.960000000000001,DHW anomaly,4.5,0.03972177699241788,0.011554912770384094,4.589816682320384e-4,,,BRT,0,11.64,FALSE
ltmp,dhw_novelty10,Thermal novelty relative to prior decade,Median (50th percentile),-0.31,DHW anomaly,4.5,0.10001787131927331,0.0246510446264802,0.0024655450093369604,,,BRT,0,11.64,FALSE
ltmp,dhw_novelty10,Thermal novelty relative to prior decade,High (90th percentile),4.178000000000001,DHW anomaly,4.5,0.6197654453831116,0.19230810708463056,0.11918591963808918,,,BRT,0,11.64,FALSE
ltmp,dhw_novelty10,Thermal novelty relative to prior decade,Low (10th percentile),-4.960000000000001,DHW anomaly,4.75,0.04009179769948436,0.012053020565232006,4.832272621690062e-4,,,BRT,0,11.64,FALSE
ltmp,dhw_novelty10,Thermal novelty relative to prior decade,Median (50th percentile),-0.31,DHW anomaly,4.75,0.10089055694640889,0.02569902101011185,0.0025927885426876482,,,BRT,0,11.64,FALSE
ltmp,dhw_novelty10,Thermal novelty relative to prior decade,High (90th percentile),4.178000000000001,DHW anomaly,4.75,0.6267745466308662,0.19902916019861167,0.12474641164980686,,,BRT,0,11.64,FALSE
ltmp,dhw_novelty10,Thermal novelty relative to prior decade,Low (10th percentile),-4.960000000000001,DHW anomaly,5,0.038632530347507105,0.012413806136585508,4.7957674229970955e-4,,,BRT,0,11.64,FALSE
ltmp,dhw_novelty10,Thermal novelty relative to prior decade,Median (50th percentile),-0.31,DHW anomaly,5,0.09744297112841888,0.026457336314528863,0.002578081458631504,,,BRT,0,11.64,FALSE
ltmp,dhw_novelty10,Thermal novelty relative to prior decade,High (90th percentile),4.178000000000001,DHW anomaly,5,0.6177025545858903,0.20383201737855475,0.12590755784112886,,,BRT,0,11.64,FALSE
ltmp,dhw_novelty10,Thermal novelty relative to prior decade,Low (10th percentile),-4.960000000000001,DHW anomaly,5.25,0.036762463953558686,0.012611809117696653,4.63641178078486e-4,,,BRT,0,11.64,FALSE
ltmp,dhw_novelty10,Thermal novelty relative to prior decade,Median (50th percentile),-0.31,DHW anomaly,5.25,0.0930014926386355,0.026873241537226002,0.0024992515750005976,,,BRT,0,11.64,FALSE
ltmp,dhw_novelty10,Thermal novelty relative to prior decade,High (90th percentile),4.178000000000001,DHW anomaly,5.25,0.6054550864119723,0.1988180839284629,0.12037542018517026,,,BRT,0,11.64,FALSE
ltmp,dhw_novelty10,Thermal novelty relative to prior decade,Low (10th percentile),-4.960000000000001,DHW anomaly,5.5,0.029909270131763768,0.01580387983885223,4.7268251123016664e-4,,,BRT,0,11.64,FALSE
ltmp,dhw_novelty10,Thermal novelty relative to prior decade,Median (50th percentile),-0.31,DHW anomaly,5.5,0.07843538709267857,0.0335522485981531,0.0026316836066259206,,,BRT,0,11.64,FALSE
ltmp,dhw_novelty10,Thermal novelty relative to prior decade,High (90th percentile),4.178000000000001,DHW anomaly,5.5,0.5602002901250651,0.21646555128372616,0.12126406463122556,,,BRT,0,11.64,FALSE
ltmp,dhw_novelty10,Thermal novelty relative to prior decade,Low (10th percentile),-4.960000000000001,DHW anomaly,5.75,0.021583095099953084,0.015942477664668848,3.440880115654257e-4,,,BRT,0,11.64,FALSE
ltmp,dhw_novelty10,Thermal novelty relative to prior decade,Median (50th percentile),-0.31,DHW anomaly,5.75,0.05567770769366554,0.03384114516611752,0.0018841973885779938,,,BRT,0,11.64,FALSE
ltmp,dhw_novelty10,Thermal novelty relative to prior decade,High (90th percentile),4.178000000000001,DHW anomaly,5.75,0.46876198605059577,0.21797417905365207,0.10217800908093812,,,BRT,0,11.64,FALSE
ltmp,dhw_novelty10,Thermal novelty relative to prior decade,Low (10th percentile),-4.960000000000001,DHW anomaly,6,0.01992987000911797,0.017475803117979093,3.482904844462618e-4,,,BRT,0,11.64,FALSE
ltmp,dhw_novelty10,Thermal novelty relative to prior decade,Median (50th percentile),-0.31,DHW anomaly,6,0.051550496712239616,0.03703115894463024,0.0019089746374255836,,,BRT,0,11.64,FALSE
ltmp,dhw_novelty10,Thermal novelty relative to prior decade,High (90th percentile),4.178000000000001,DHW anomaly,6,0.448559145586832,0.22305774868301817,0.10005459316577693,,,BRT,0,11.64,FALSE
ltmp,dhw_novelty10,Thermal novelty relative to prior decade,Low (10th percentile),-4.960000000000001,DHW anomaly,6.25,0.01992987000911797,0.018171334378633358,0.00036215233205837924,,,BRT,0,11.64,FALSE
ltmp,dhw_novelty10,Thermal novelty relative to prior decade,Median (50th percentile),-0.31,DHW anomaly,6.25,0.051550496712239616,0.03847450978443025,0.0019833800901473022,,,BRT,0,11.64,FALSE
ltmp,dhw_novelty10,Thermal novelty relative to prior decade,High (90th percentile),4.178000000000001,DHW anomaly,6.25,0.448559145586832,0.2232994919545398,0.10016302932110205,,,BRT,0,11.64,FALSE
ltmp,dhw_novelty10,Thermal novelty relative to prior decade,Low (10th percentile),-4.960000000000001,DHW anomaly,6.5,0.020749894816055138,0.018352889282881514,3.8082052219049704e-4,,,BRT,0,11.64,FALSE
ltmp,dhw_novelty10,Thermal novelty relative to prior decade,Median (50th percentile),-0.31,DHW anomaly,6.5,0.05360041379067572,0.03885089246772952,0.002082423912407349,,,BRT,0,11.64,FALSE
ltmp,dhw_novelty10,Thermal novelty relative to prior decade,High (90th percentile),4.178000000000001,DHW anomaly,6.5,0.4587600449449555,0.2250607426159924,0.10324887639785774,,,BRT,0,11.64,FALSE
ltmp,dhw_novelty10,Thermal novelty relative to prior decade,Low (10th percentile),-4.960000000000001,DHW anomaly,6.75,0.02096379035476297,0.017977722481577647,3.7688120515990287e-4,,,BRT,0,11.64,FALSE
ltmp,dhw_novelty10,Thermal novelty relative to prior decade,Median (50th percentile),-0.31,DHW anomaly,6.75,0.05413422136011714,0.03814602378912333,0.002065005295808697,,,BRT,0,11.64,FALSE
ltmp,dhw_novelty10,Thermal novelty relative to prior decade,High (90th percentile),4.178000000000001,DHW anomaly,6.75,0.46136182028345785,0.2217569477940992,0.10231018909478934,,,BRT,0,11.64,FALSE
ltmp,dhw_novelty10,Thermal novelty relative to prior decade,Low (10th percentile),-4.960000000000001,DHW anomaly,7,0.021529058577348714,0.016890108349533965,3.6362813203488336e-4,,,BRT,0,11.64,FALSE
ltmp,dhw_novelty10,Thermal novelty relative to prior decade,Median (50th percentile),-0.31,DHW anomaly,7,0.05554315599000302,0.03588285374506935,0.001993046942928851,,,BRT,0,11.64,FALSE
ltmp,dhw_novelty10,Thermal novelty relative to prior decade,High (90th percentile),4.178000000000001,DHW anomaly,7,0.5047144695957044,0.21098986829600963,0.10648963946708803,,,BRT,0,11.64,FALSE
ltmp,dhw_novelty10,Thermal novelty relative to prior decade,Low (10th percentile),-4.960000000000001,DHW anomaly,7.25,0.032601523283047856,0.016890108349533965,5.506432606105326e-4,,,BRT,0,11.64,FALSE
ltmp,dhw_novelty10,Thermal novelty relative to prior decade,Median (50th percentile),-0.31,DHW anomaly,7.25,0.08263185056263182,0.03588285374506935,0.0029650666084233444,,,BRT,0,11.64,FALSE
ltmp,dhw_novelty10,Thermal novelty relative to prior decade,High (90th percentile),4.178000000000001,DHW anomaly,7.25,0.6275407839448285,0.21098986829600963,0.132404747354894,,,BRT,0,11.64,FALSE
ltmp,dhw_novelty10,Thermal novelty relative to prior decade,Low (10th percentile),-4.960000000000001,DHW anomaly,7.5,0.051361857377821264,0.017436199848262997,8.955556098176728e-4,,,BRT,0,11.64,FALSE
ltmp,dhw_novelty10,Thermal novelty relative to prior decade,Median (50th percentile),-0.31,DHW anomaly,7.5,0.13638658784824653,0.03701989575265912,0.005049017264202971,,,BRT,0,11.64,FALSE
ltmp,dhw_novelty10,Thermal novelty relative to prior decade,High (90th percentile),4.178000000000001,DHW anomaly,7.5,0.7470920768813542,0.21546620916739873,0.16097309770462417,,,BRT,0,11.64,FALSE
ltmp,dhw_novelty10,Thermal novelty relative to prior decade,Low (10th percentile),-4.960000000000001,DHW anomaly,7.75,0.048271390471483884,0.017268377489632326,8.335685926110246e-4,,,BRT,0,11.64,FALSE
ltmp,dhw_novelty10,Thermal novelty relative to prior decade,Median (50th percentile),-0.31,DHW anomaly,7.75,0.1288751632409322,0.036670616290018644,0.004725931660521741,,,BRT,0,11.64,FALSE
ltmp,dhw_novelty10,Thermal novelty relative to prior decade,High (90th percentile),4.178000000000001,DHW anomaly,7.75,0.7430457985571879,0.21215943750196112,0.1576441786600885,,,BRT,0,11.64,FALSE
ltmp,dhw_novelty10,Thermal novelty relative to prior decade,Low (10th percentile),-4.960000000000001,DHW anomaly,8,0.048271390471483884,0.01778491061048327,8.585023645790747e-4,,,BRT,0,11.64,FALSE
ltmp,dhw_novelty10,Thermal novelty relative to prior decade,Median (50th percentile),-0.31,DHW anomaly,8,0.1288751632409322,0.03774521997306549,0.0048644213855937105,,,BRT,0,11.64,FALSE
ltmp,dhw_novelty10,Thermal novelty relative to prior decade,High (90th percentile),4.178000000000001,DHW anomaly,8,0.7430457985571879,0.2248619600994567,0.1670827347072353,,,BRT,0,11.64,FALSE
ltmp,dhw_novelty10,Thermal novelty relative to prior decade,Low (10th percentile),-4.960000000000001,DHW anomaly,8.25,0.05502537152495231,0.017741241912861232,9.762184275692448e-4,,,BRT,0,11.64,FALSE
ltmp,dhw_novelty10,Thermal novelty relative to prior decade,Median (50th percentile),-0.31,DHW anomaly,8.25,0.145186534174662,0.037654420012507704,0.005466914737973027,,,BRT,0,11.64,FALSE
ltmp,dhw_novelty10,Thermal novelty relative to prior decade,High (90th percentile),4.178000000000001,DHW anomaly,8.25,0.7613026891563115,0.2244260149313395,0.1708561286838633,,,BRT,0,11.64,FALSE
ltmp,dhw_novelty10,Thermal novelty relative to prior decade,Low (10th percentile),-4.960000000000001,DHW anomaly,8.5,0.09690508555920303,0.01774036578648027,0.0017191316643904288,,,BRT,0,11.64,FALSE
ltmp,dhw_novelty10,Thermal novelty relative to prior decade,Median (50th percentile),-0.31,DHW anomaly,8.5,0.23837742701471323,0.03765259819746682,0.008975529478730971,,,BRT,0,11.64,FALSE
ltmp,dhw_novelty10,Thermal novelty relative to prior decade,High (90th percentile),4.178000000000001,DHW anomaly,8.5,0.8545947620102989,0.22441726392952527,0.1917858182588551,,,BRT,0,11.64,FALSE
ltmp,dhw_novelty10,Thermal novelty relative to prior decade,Low (10th percentile),-4.960000000000001,DHW anomaly,8.75,0.07915533897987209,0.01954620268519134,0.0015471862993156067,,,BRT,0,11.64,FALSE
ltmp,dhw_novelty10,Thermal novelty relative to prior decade,Median (50th percentile),-0.31,DHW anomaly,8.75,0.20046681139538447,0.04028840385803979,0.008076487857630743,,,BRT,0,11.64,FALSE
ltmp,dhw_novelty10,Thermal novelty relative to prior decade,High (90th percentile),4.178000000000001,DHW anomaly,8.75,0.8176610640647035,0.23631762782018056,0.19322772302069544,,,BRT,0,11.64,FALSE
ltmp,dhw_novelty10,Thermal novelty relative to prior decade,Low (10th percentile),-4.960000000000001,DHW anomaly,9,0.07027820970499969,0.019176029745916742,0.0013476570397928489,,,BRT,0,11.64,FALSE
ltmp,dhw_novelty10,Thermal novelty relative to prior decade,Median (50th percentile),-0.31,DHW anomaly,9,0.18065385803572664,0.03954125011280483,0.007143279384433803,,,BRT,0,11.64,FALSE
ltmp,dhw_novelty10,Thermal novelty relative to prior decade,High (90th percentile),4.178000000000001,DHW anomaly,9,0.7977089301793434,0.23281699718325302,0.18572019775062,,,BRT,0,11.64,FALSE
ltmp,dhw_novelty10,Thermal novelty relative to prior decade,Low (10th percentile),-4.960000000000001,DHW anomaly,9.25,0.07611472233181166,0.01786925707314617,0.0013601135403982821,,,BRT,0,11.64,FALSE
ltmp,dhw_novelty10,Thermal novelty relative to prior decade,Median (50th percentile),-0.31,DHW anomaly,9.25,0.19374668556639132,0.036898875860141074,0.00714903489902806,,,BRT,0,11.64,FALSE
ltmp,dhw_novelty10,Thermal novelty relative to prior decade,High (90th percentile),4.178000000000001,DHW anomaly,9.25,0.8112439829073812,0.21757877946010906,0.17650947564534558,,,BRT,0,11.64,FALSE
ltmp,dhw_novelty10,Thermal novelty relative to prior decade,Low (10th percentile),-4.960000000000001,DHW anomaly,9.5,0.07925582014908214,0.020253378514917163,0.001605198124989559,,,BRT,0,11.64,FALSE
ltmp,dhw_novelty10,Thermal novelty relative to prior decade,Median (50th percentile),-0.31,DHW anomaly,9.5,0.20068772601073287,0.04076648915179321,0.008181334005314591,,,BRT,0,11.64,FALSE
ltmp,dhw_novelty10,Thermal novelty relative to prior decade,High (90th percentile),4.178000000000001,DHW anomaly,9.5,0.8250545274429684,0.23574891497786185,0.19450570964225233,,,BRT,0,11.64,FALSE
ltmp,dhw_novelty10,Thermal novelty relative to prior decade,Low (10th percentile),-4.960000000000001,DHW anomaly,9.75,0.07925582014908214,0.020253378514917163,0.001605198124989559,,,BRT,0,11.64,FALSE
ltmp,dhw_novelty10,Thermal novelty relative to prior decade,Median (50th percentile),-0.31,DHW anomaly,9.75,0.20068772601073287,0.04076648915179321,0.008181334005314591,,,BRT,0,11.64,FALSE
ltmp,dhw_novelty10,Thermal novelty relative to prior decade,High (90th percentile),4.178000000000001,DHW anomaly,9.75,0.8250545274429684,0.23574891497786185,0.19450570964225233,,,BRT,0,11.64,FALSE
ltmp,dhw_novelty10,Thermal novelty relative to prior decade,Low (10th percentile),-4.960000000000001,DHW anomaly,10,0.08520171256744488,0.020725078517394642,0.001765812182776785,,,BRT,0,11.64,FALSE
ltmp,dhw_novelty10,Thermal novelty relative to prior decade,Median (50th percentile),-0.31,DHW anomaly,10,0.213629932535172,0.041695606473987186,0.008907429598050964,,,BRT,0,11.64,FALSE
ltmp,dhw_novelty10,Thermal novelty relative to prior decade,High (90th percentile),4.178000000000001,DHW anomaly,10,0.8308292564897438,0.24601010672298398,0.2043923940576193,,,BRT,0,11.64,FALSE
ltmp,dhw_novelty10,Thermal novelty relative to prior decade,Low (10th percentile),-4.960000000000001,DHW anomaly,10.25,0.09593550188788863,0.021580749136192963,0.002070359999497291,,,BRT,0,11.64,FALSE
ltmp,dhw_novelty10,Thermal novelty relative to prior decade,Median (50th percentile),-0.31,DHW anomaly,10.25,0.23636281460645786,0.04337872916406752,0.010253118519270238,,,BRT,0,11.64,FALSE
ltmp,dhw_novelty10,Thermal novelty relative to prior decade,High (90th percentile),4.178000000000001,DHW anomaly,10.25,0.848382828274735,0.2537568427501795,0.21528294794646446,,,BRT,0,11.64,FALSE
ltmp,dhw_novelty10,Thermal novelty relative to prior decade,Low (10th percentile),-4.960000000000001,DHW anomaly,10.5,0.13704627042662257,0.021057865216203946,0.0028859018910272548,,,BRT,0,11.64,FALSE
ltmp,dhw_novelty10,Thermal novelty relative to prior decade,Median (50th percentile),-0.31,DHW anomaly,10.5,0.3165780413439455,0.042304242021769474,0.013392594079792014,,,BRT,0,11.64,FALSE
ltmp,dhw_novelty10,Thermal novelty relative to prior decade,High (90th percentile),4.178000000000001,DHW anomaly,10.5,0.8933242136686323,0.24797955523969,0.22152614119039327,,,BRT,0,11.64,FALSE
ltmp,dhw_novelty10,Thermal novelty relative to prior decade,Low (10th percentile),-4.960000000000001,DHW anomaly,10.75,0.13704627042662257,0.02214214039251084,0.0030344977600562837,,,BRT,0,11.64,FALSE
ltmp,dhw_novelty10,Thermal novelty relative to prior decade,Median (50th percentile),-0.31,DHW anomaly,10.75,0.3165780413439455,0.044432844554536104,0.014066462900415034,,,BRT,0,11.64,FALSE
ltmp,dhw_novelty10,Thermal novelty relative to prior decade,High (90th percentile),4.178000000000001,DHW anomaly,10.75,0.8933242136686323,0.25767261304786726,0.2301851844349278,,,BRT,0,11.64,FALSE
ltmp,dhw_novelty10,Thermal novelty relative to prior decade,Low (10th percentile),-4.960000000000001,DHW anomaly,11,0.13704627042662257,0.02181604872256699,0.0029898081128732893,,,BRT,0,11.64,FALSE
ltmp,dhw_novelty10,Thermal novelty relative to prior decade,Median (50th percentile),-0.31,DHW anomaly,11,0.3165780413439455,0.04379317522504064,0.013863957636975567,,,BRT,0,11.64,FALSE
ltmp,dhw_novelty10,Thermal novelty relative to prior decade,High (90th percentile),4.178000000000001,DHW anomaly,11,0.8933242136686323,0.2547815909727922,0.2276025644130127,,,BRT,0,11.64,FALSE
ltmp,dhw_novelty10,Thermal novelty relative to prior decade,Low (10th percentile),-4.960000000000001,DHW anomaly,11.25,0.13704627042662257,0.02181604872256699,0.0029898081128732893,,,BRT,0,11.64,FALSE
ltmp,dhw_novelty10,Thermal novelty relative to prior decade,Median (50th percentile),-0.31,DHW anomaly,11.25,0.3165780413439455,0.04379317522504064,0.013863957636975567,,,BRT,0,11.64,FALSE
ltmp,dhw_novelty10,Thermal novelty relative to prior decade,High (90th percentile),4.178000000000001,DHW anomaly,11.25,0.8933242136686323,0.2547815909727922,0.2276025644130127,,,BRT,0,11.64,FALSE
ltmp,dhw_novelty10,Thermal novelty relative to prior decade,Low (10th percentile),-4.960000000000001,DHW anomaly,11.5,0.13704627042662257,0.02181604872256699,0.0029898081128732893,,,BRT,0,11.64,FALSE
ltmp,dhw_novelty10,Thermal novelty relative to prior decade,Median (50th percentile),-0.31,DHW anomaly,11.5,0.3165780413439455,0.04379317522504064,0.013863957636975567,,,BRT,0,11.64,FALSE
ltmp,dhw_novelty10,Thermal novelty relative to prior decade,High (90th percentile),4.178000000000001,DHW anomaly,11.5,0.8933242136686323,0.2547815909727922,0.2276025644130127,,,BRT,0,11.64,FALSE
ltmp,dhw_novelty10,Thermal novelty relative to prior decade,Low (10th percentile),-4.960000000000001,DHW anomaly,11.75,0.13704627042662257,0.02181604872256699,0.0029898081128732893,,,BRT,0,11.64,TRUE
ltmp,dhw_novelty10,Thermal novelty relative to prior decade,Median (50th percentile),-0.31,DHW anomaly,11.75,0.3165780413439455,0.04379317522504064,0.013863957636975567,,,BRT,0,11.64,TRUE
ltmp,dhw_novelty10,Thermal novelty relative to prior decade,High (90th percentile),4.178000000000001,DHW anomaly,11.75,0.8933242136686323,0.2547815909727922,0.2276025644130127,,,BRT,0,11.64,TRUE
ltmp,dhw_novelty10,Thermal novelty relative to prior decade,Low (10th percentile),-4.960000000000001,DHW anomaly,12,0.13704627042662257,0.02181604872256699,0.0029898081128732893,,,BRT,0,11.64,TRUE
ltmp,dhw_novelty10,Thermal novelty relative to prior decade,Median (50th percentile),-0.31,DHW anomaly,12,0.3165780413439455,0.04379317522504064,0.013863957636975567,,,BRT,0,11.64,TRUE
ltmp,dhw_novelty10,Thermal novelty relative to prior decade,High (90th percentile),4.178000000000001,DHW anomaly,12,0.8933242136686323,0.2547815909727922,0.2276025644130127,,,BRT,0,11.64,TRUE
ltmp,dhw_novelty10,Thermal novelty relative to prior decade,Low (10th percentile),-4.960000000000001,DHW anomaly,12.25,0.13704627042662257,0.02181604872256699,0.0029898081128732893,,,BRT,0,11.64,TRUE
ltmp,dhw_novelty10,Thermal novelty relative to prior decade,Median (50th percentile),-0.31,DHW anomaly,12.25,0.3165780413439455,0.04379317522504064,0.013863957636975567,,,BRT,0,11.64,TRUE
ltmp,dhw_novelty10,Thermal novelty relative to prior decade,High (90th percentile),4.178000000000001,DHW anomaly,12.25,0.8933242136686323,0.2547815909727922,0.2276025644130127,,,BRT,0,11.64,TRUE
ltmp,dhw_novelty10,Thermal novelty relative to prior decade,Low (10th percentile),-4.960000000000001,DHW anomaly,12.5,0.13704627042662257,0.02181604872256699,0.0029898081128732893,,,BRT,0,11.64,TRUE
ltmp,dhw_novelty10,Thermal novelty relative to prior decade,Median (50th percentile),-0.31,DHW anomaly,12.5,0.3165780413439455,0.04379317522504064,0.013863957636975567,,,BRT,0,11.64,TRUE
ltmp,dhw_novelty10,Thermal novelty relative to prior decade,High (90th percentile),4.178000000000001,DHW anomaly,12.5,0.8933242136686323,0.2547815909727922,0.2276025644130127,,,BRT,0,11.64,TRUE
ltmp,dhw_novelty10,Thermal novelty relative to prior decade,Low (10th percentile),-4.960000000000001,DHW anomaly,12.75,0.13704627042662257,0.02181604872256699,0.0029898081128732893,,,BRT,0,11.64,TRUE
ltmp,dhw_novelty10,Thermal novelty relative to prior decade,Median (50th percentile),-0.31,DHW anomaly,12.75,0.3165780413439455,0.04379317522504064,0.013863957636975567,,,BRT,0,11.64,TRUE
ltmp,dhw_novelty10,Thermal novelty relative to prior decade,High (90th percentile),4.178000000000001,DHW anomaly,12.75,0.8933242136686323,0.2547815909727922,0.2276025644130127,,,BRT,0,11.64,TRUE
ltmp,dhw_novelty10,Thermal novelty relative to prior decade,Low (10th percentile),-4.960000000000001,DHW anomaly,13,0.13704627042662257,0.02181604872256699,0.0029898081128732893,,,BRT,0,11.64,TRUE
ltmp,dhw_novelty10,Thermal novelty relative to prior decade,Median (50th percentile),-0.31,DHW anomaly,13,0.3165780413439455,0.04379317522504064,0.013863957636975567,,,BRT,0,11.64,TRUE
ltmp,dhw_novelty10,Thermal novelty relative to prior decade,High (90th percentile),4.178000000000001,DHW anomaly,13,0.8933242136686323,0.2547815909727922,0.2276025644130127,,,BRT,0,11.64,TRUE
ltmp,dhw_novelty10,Thermal novelty relative to prior decade,Low (10th percentile),-4.960000000000001,DHW anomaly,13.25,0.13704627042662257,0.02181604872256699,0.0029898081128732893,,,BRT,0,11.64,TRUE
ltmp,dhw_novelty10,Thermal novelty relative to prior decade,Median (50th percentile),-0.31,DHW anomaly,13.25,0.3165780413439455,0.04379317522504064,0.013863957636975567,,,BRT,0,11.64,TRUE
ltmp,dhw_novelty10,Thermal novelty relative to prior decade,High (90th percentile),4.178000000000001,DHW anomaly,13.25,0.8933242136686323,0.2547815909727922,0.2276025644130127,,,BRT,0,11.64,TRUE
ltmp,dhw_novelty10,Thermal novelty relative to prior decade,Low (10th percentile),-4.960000000000001,DHW anomaly,13.5,0.13704627042662257,0.02181604872256699,0.0029898081128732893,,,BRT,0,11.64,TRUE
ltmp,dhw_novelty10,Thermal novelty relative to prior decade,Median (50th percentile),-0.31,DHW anomaly,13.5,0.3165780413439455,0.04379317522504064,0.013863957636975567,,,BRT,0,11.64,TRUE
ltmp,dhw_novelty10,Thermal novelty relative to prior decade,High (90th percentile),4.178000000000001,DHW anomaly,13.5,0.8933242136686323,0.2547815909727922,0.2276025644130127,,,BRT,0,11.64,TRUE
ltmp,dhw_novelty10,Thermal novelty relative to prior decade,Low (10th percentile),-4.960000000000001,DHW anomaly,13.75,0.13704627042662257,0.02181604872256699,0.0029898081128732893,,,BRT,0,11.64,TRUE
ltmp,dhw_novelty10,Thermal novelty relative to prior decade,Median (50th percentile),-0.31,DHW anomaly,13.75,0.3165780413439455,0.04379317522504064,0.013863957636975567,,,BRT,0,11.64,TRUE
ltmp,dhw_novelty10,Thermal novelty relative to prior decade,High (90th percentile),4.178000000000001,DHW anomaly,13.75,0.8933242136686323,0.2547815909727922,0.2276025644130127,,,BRT,0,11.64,TRUE
ltmp,dhw_novelty10,Thermal novelty relative to prior decade,Low (10th percentile),-4.960000000000001,DHW anomaly,14,0.13704627042662257,0.02181604872256699,0.0029898081128732893,,,BRT,0,11.64,TRUE
ltmp,dhw_novelty10,Thermal novelty relative to prior decade,Median (50th percentile),-0.31,DHW anomaly,14,0.3165780413439455,0.04379317522504064,0.013863957636975567,,,BRT,0,11.64,TRUE
ltmp,dhw_novelty10,Thermal novelty relative to prior decade,High (90th percentile),4.178000000000001,DHW anomaly,14,0.8933242136686323,0.2547815909727922,0.2276025644130127,,,BRT,0,11.64,TRUE
ltmp,dhw_novelty10,Thermal novelty relative to prior decade,Low (10th percentile),-4.960000000000001,DHW anomaly,14.25,0.13704627042662257,0.02181604872256699,0.0029898081128732893,,,BRT,0,11.64,TRUE
ltmp,dhw_novelty10,Thermal novelty relative to prior decade,Median (50th percentile),-0.31,DHW anomaly,14.25,0.3165780413439455,0.04379317522504064,0.013863957636975567,,,BRT,0,11.64,TRUE
ltmp,dhw_novelty10,Thermal novelty relative to prior decade,High (90th percentile),4.178000000000001,DHW anomaly,14.25,0.8933242136686323,0.2547815909727922,0.2276025644130127,,,BRT,0,11.64,TRUE
ltmp,dhw_novelty10,Thermal novelty relative to prior decade,Low (10th percentile),-4.960000000000001,DHW anomaly,14.5,0.13704627042662257,0.02181604872256699,0.0029898081128732893,,,BRT,0,11.64,TRUE
ltmp,dhw_novelty10,Thermal novelty relative to prior decade,Median (50th percentile),-0.31,DHW anomaly,14.5,0.3165780413439455,0.04379317522504064,0.013863957636975567,,,BRT,0,11.64,TRUE
ltmp,dhw_novelty10,Thermal novelty relative to prior decade,High (90th percentile),4.178000000000001,DHW anomaly,14.5,0.8933242136686323,0.2547815909727922,0.2276025644130127,,,BRT,0,11.64,TRUE
ltmp,dhw_novelty10,Thermal novelty relative to prior decade,Low (10th percentile),-4.960000000000001,DHW anomaly,14.75,0.13704627042662257,0.02181604872256699,0.0029898081128732893,,,BRT,0,11.64,TRUE
ltmp,dhw_novelty10,Thermal novelty relative to prior decade,Median (50th percentile),-0.31,DHW anomaly,14.75,0.3165780413439455,0.04379317522504064,0.013863957636975567,,,BRT,0,11.64,TRUE
ltmp,dhw_novelty10,Thermal novelty relative to prior decade,High (90th percentile),4.178000000000001,DHW anomaly,14.75,0.8933242136686323,0.2547815909727922,0.2276025644130127,,,BRT,0,11.64,TRUE
ltmp,dhw_novelty10,Thermal novelty relative to prior decade,Low (10th percentile),-4.960000000000001,DHW anomaly,15,0.13704627042662257,0.02181604872256699,0.0029898081128732893,,,BRT,0,11.64,TRUE
ltmp,dhw_novelty10,Thermal novelty relative to prior decade,Median (50th percentile),-0.31,DHW anomaly,15,0.3165780413439455,0.04379317522504064,0.013863957636975567,,,BRT,0,11.64,TRUE
ltmp,dhw_novelty10,Thermal novelty relative to prior decade,High (90th percentile),4.178000000000001,DHW anomaly,15,0.8933242136686323,0.2547815909727922,0.2276025644130127,,,BRT,0,11.64,TRUE
ltmp,dhw_novelty10,Thermal novelty relative to prior decade,Low (10th percentile),-4.960000000000001,DHW anomaly,15.25,0.13704627042662257,0.02181604872256699,0.0029898081128732893,,,BRT,0,11.64,TRUE
ltmp,dhw_novelty10,Thermal novelty relative to prior decade,Median (50th percentile),-0.31,DHW anomaly,15.25,0.3165780413439455,0.04379317522504064,0.013863957636975567,,,BRT,0,11.64,TRUE
ltmp,dhw_novelty10,Thermal novelty relative to prior decade,High (90th percentile),4.178000000000001,DHW anomaly,15.25,0.8933242136686323,0.2547815909727922,0.2276025644130127,,,BRT,0,11.64,TRUE
ltmp,dhw_novelty10,Thermal novelty relative to prior decade,Low (10th percentile),-4.960000000000001,DHW anomaly,15.5,0.13704627042662257,0.02181604872256699,0.0029898081128732893,,,BRT,0,11.64,TRUE
ltmp,dhw_novelty10,Thermal novelty relative to prior decade,Median (50th percentile),-0.31,DHW anomaly,15.5,0.3165780413439455,0.04379317522504064,0.013863957636975567,,,BRT,0,11.64,TRUE
ltmp,dhw_novelty10,Thermal novelty relative to prior decade,High (90th percentile),4.178000000000001,DHW anomaly,15.5,0.8933242136686323,0.2547815909727922,0.2276025644130127,,,BRT,0,11.64,TRUE
ltmp,dhw_novelty10,Thermal novelty relative to prior decade,Low (10th percentile),-4.960000000000001,DHW anomaly,15.75,0.13704627042662257,0.02181604872256699,0.0029898081128732893,,,BRT,0,11.64,TRUE
ltmp,dhw_novelty10,Thermal novelty relative to prior decade,Median (50th percentile),-0.31,DHW anomaly,15.75,0.3165780413439455,0.04379317522504064,0.013863957636975567,,,BRT,0,11.64,TRUE
ltmp,dhw_novelty10,Thermal novelty relative to prior decade,High (90th percentile),4.178000000000001,DHW anomaly,15.75,0.8933242136686323,0.2547815909727922,0.2276025644130127,,,BRT,0,11.64,TRUE
ltmp,dhw_novelty10,Thermal novelty relative to prior decade,Low (10th percentile),-4.960000000000001,DHW anomaly,16,0.13704627042662257,0.02181604872256699,0.0029898081128732893,,,BRT,0,11.64,TRUE
ltmp,dhw_novelty10,Thermal novelty relative to prior decade,Median (50th percentile),-0.31,DHW anomaly,16,0.3165780413439455,0.04379317522504064,0.013863957636975567,,,BRT,0,11.64,TRUE
ltmp,dhw_novelty10,Thermal novelty relative to prior decade,High (90th percentile),4.178000000000001,DHW anomaly,16,0.8933242136686323,0.2547815909727922,0.2276025644130127,,,BRT,0,11.64,TRUE
ltmp,dhw_novelty10,Thermal novelty relative to prior decade,Low (10th percentile),-4.960000000000001,DHW anomaly,0,0.18446394987997186,0.08681721312884831,0.016176368269479834,0.0017684773537758134,0.05027292779884079,Bayesian beta + Bernoulli boundary,0,11.64,FALSE
ltmp,dhw_novelty10,Thermal novelty relative to prior decade,Median (50th percentile),-0.31,DHW anomaly,0,0.3088995517569017,0.1806688068872517,0.055715024592957976,0.008433544258815278,0.14790396980791537,Bayesian beta + Bernoulli boundary,0,11.64,FALSE
ltmp,dhw_novelty10,Thermal novelty relative to prior decade,High (90th percentile),4.178000000000001,DHW anomaly,0,0.44800842197032803,0.3614230217395533,0.16124990467991876,0.016584310183161814,0.4447364105622292,Bayesian beta + Bernoulli boundary,0,11.64,FALSE
ltmp,dhw_novelty10,Thermal novelty relative to prior decade,Low (10th percentile),-4.960000000000001,DHW anomaly,0.25,0.18653761273433092,0.08629697054849336,0.01625698448121064,0.0018862006115671313,0.04947868527120261,Bayesian beta + Bernoulli boundary,0,11.64,FALSE
ltmp,dhw_novelty10,Thermal novelty relative to prior decade,Median (50th percentile),-0.31,DHW anomaly,0.25,0.31156708703119845,0.18012306493468044,0.05603208844569061,0.008911779400983514,0.14555771848505916,Bayesian beta + Bernoulli boundary,0,11.64,FALSE
ltmp,dhw_novelty10,Thermal novelty relative to prior decade,High (90th percentile),4.178000000000001,DHW anomaly,0.25,0.45159037131415486,0.3599785526446625,0.16188638963132954,0.01767117573408401,0.439704059689799,Bayesian beta + Bernoulli boundary,0,11.64,FALSE
ltmp,dhw_novelty10,Thermal novelty relative to prior decade,Low (10th percentile),-4.960000000000001,DHW anomaly,0.5,0.18871116781980418,0.08581895565575337,0.016351537961290102,0.0020073398726057124,0.04860764383779901,Bayesian beta + Bernoulli boundary,0,11.64,FALSE
ltmp,dhw_novelty10,Thermal novelty relative to prior decade,Median (50th percentile),-0.31,DHW anomaly,0.5,0.31432316319308057,0.1796266780777317,0.05637737624838984,0.009387209616887587,0.14451101166257652,Bayesian beta + Bernoulli boundary,0,11.64,FALSE
ltmp,dhw_novelty10,Thermal novelty relative to prior decade,High (90th percentile),4.178000000000001,DHW anomaly,0.5,0.4552448712248546,0.35855659079086094,0.16255071150943953,0.019052960523383036,0.4354527627590474,Bayesian beta + Bernoulli boundary,0,11.64,FALSE
ltmp,dhw_novelty10,Thermal novelty relative to prior decade,Low (10th percentile),-4.960000000000001,DHW anomaly,0.75,0.19098696680919633,0.08538099111318125,0.016459912423461204,0.002125498069421276,0.04783902169632682,Bayesian beta + Bernoulli boundary,0,11.64,FALSE
ltmp,dhw_novelty10,Thermal novelty relative to prior decade,Median (50th percentile),-0.31,DHW anomaly,0.75,0.3171696885255078,0.1791746071751203,0.05674988706548267,0.009982405571099468,0.14217917904781383,Bayesian beta + Bernoulli boundary,0,11.64,FALSE
ltmp,dhw_novelty10,Thermal novelty relative to prior decade,High (90th percentile),4.178000000000001,DHW anomaly,0.75,0.458972270367486,0.357152331133342,0.1632408399425662,0.020351572869623764,0.4273620227648613,Bayesian beta + Bernoulli boundary,0,11.64,FALSE
ltmp,dhw_novelty10,Thermal novelty relative to prior decade,Low (10th percentile),-4.960000000000001,DHW anomaly,1,0.19336723980489512,0.08498017032598862,0.016581845735186364,0.002238337220774913,0.047522971400499325,Bayesian beta + Bernoulli boundary,0,11.64,FALSE
ltmp,dhw_novelty10,Thermal novelty relative to prior decade,Median (50th percentile),-0.31,DHW anomaly,1,0.3201084688731125,0.17876057166095077,0.057148174285465474,0.0105683884261752,0.14119692500654787,Bayesian beta + Bernoulli boundary,0,11.64,FALSE
ltmp,dhw_novelty10,Thermal novelty relative to prior decade,High (90th percentile),4.178000000000001,DHW anomaly,1,0.46277278417017326,0.3557601524915425,0.1639542312426117,0.021781782681822726,0.4233497256124166,Bayesian beta + Bernoulli boundary,0,11.64,FALSE
ltmp,dhw_novelty10,Thermal novelty relative to prior decade,Low (10th percentile),-4.960000000000001,DHW anomaly,1.25,0.1958540740302821,0.08461287830187438,0.01671692284667309,0.002356300259806138,0.04724225762171626,Bayesian beta + Bernoulli boundary,0,11.64,FALSE
ltmp,dhw_novelty10,Thermal novelty relative to prior decade,Median (50th percentile),-0.31,DHW anomaly,1.25,0.323141187671627,0.17837707859131446,0.057570329640487555,0.011253708792058982,0.14013430420149905,Bayesian beta + Bernoulli boundary,0,11.64,FALSE
ltmp,dhw_novelty10,Thermal novelty relative to prior decade,High (90th percentile),4.178000000000001,DHW anomaly,1.25,0.4666464814116999,0.35437355639269585,0.16468777639162055,0.023381572550765548,0.41511563814172614,Bayesian beta + Bernoulli boundary,0,11.64,FALSE
ltmp,dhw_novelty10,Thermal novelty relative to prior decade,Low (10th percentile),-4.960000000000001,DHW anomaly,1.5,0.19844939139323373,0.08427483090190867,0.016864571374603236,0.0024741870156760647,0.04696588667243103,Bayesian beta + Bernoulli boundary,0,11.64,FALSE
ltmp,dhw_novelty10,Thermal novelty relative to prior decade,Median (50th percentile),-0.31,DHW anomaly,1.5,0.3262693845871289,0.17801548524739985,0.05801397625881054,0.011960550531272943,0.1400382962356353,Bayesian beta + Bernoulli boundary,0,11.64,FALSE
ltmp,dhw_novelty10,Thermal novelty relative to prior decade,High (90th percentile),4.178000000000001,DHW anomaly,1.5,0.4705932702422657,0.35298512809569466,0.16543775803246044,0.024608612592763715,0.40666401986726125,Bayesian beta + Bernoulli boundary,0,11.64,FALSE
ltmp,dhw_novelty10,Thermal novelty relative to prior decade,Low (10th percentile),-4.960000000000001,DHW anomaly,1.75,0.20115492504737528,0.08396113293228571,0.01702406027507967,0.002603015406581318,0.04670229088131105,Bayesian beta + Bernoulli boundary,0,11.64,FALSE
ltmp,dhw_novelty10,Thermal novelty relative to prior decade,Median (50th percentile),-0.31,DHW anomaly,1.75,0.32949443284440955,0.1776660950036454,0.05847627147869482,0.012591863013610182,0.13901015551973162,Bayesian beta + Bernoulli boundary,0,11.64,FALSE
ltmp,dhw_novelty10,Thermal novelty relative to prior decade,High (90th percentile),4.178000000000001,DHW anomaly,1.75,0.47461288371053767,0.3515865234371521,0.16619981873544432,0.02643059719910026,0.4024457789538553,Bayesian beta + Bernoulli boundary,0,11.64,FALSE
ltmp,dhw_novelty10,Thermal novelty relative to prior decade,Low (10th percentile),-4.960000000000001,DHW anomaly,2,0.20397219511334638,0.08366635546102283,0.017194502100721286,0.0027181860944652005,0.046884366192751895,Bayesian beta + Bernoulli boundary,0,11.64,FALSE
ltmp,dhw_novelty10,Thermal novelty relative to prior decade,Median (50th percentile),-0.31,DHW anomaly,2,0.33281751535814963,0.17731828556521959,0.05895392006919296,0.013210094057413553,0.13905847652185138,Bayesian beta + Bernoulli boundary,0,11.64,FALSE
ltmp,dhw_novelty10,Thermal novelty relative to prior decade,High (90th percentile),4.178000000000001,DHW anomaly,2,0.4787048648893292,0.35016848447419635,0.16696894255809408,0.02798828535422978,0.39780155087524643,Bayesian beta + Bernoulli boundary,0,11.64,FALSE
ltmp,dhw_novelty10,Thermal novelty relative to prior decade,Low (10th percentile),-4.960000000000001,DHW anomaly,2.25,0.20690248376146705,0.08338463265776631,0.017374859397084077,0.002846170670300662,0.04701499067325039,Bayesian beta + Bernoulli boundary,0,11.64,FALSE
ltmp,dhw_novelty10,Thermal novelty relative to prior decade,Median (50th percentile),-0.31,DHW anomaly,2.25,0.33623959981750806,0.17696066821668743,0.059443198446538253,0.013786373971001522,0.13934014280140017,Bayesian beta + Bernoulli boundary,0,11.64,FALSE
ltmp,dhw_novelty10,Thermal novelty relative to prior decade,High (90th percentile),4.178000000000001,DHW anomaly,2.25,0.4828685517122994,0.34872088602752177,0.16773945158130374,0.02969448829092578,0.3912640653017862,Bayesian beta + Bernoulli boundary,0,11.64,FALSE
ltmp,dhw_novelty10,Thermal novelty relative to prior decade,Low (10th percentile),-4.960000000000001,DHW anomaly,2.5,0.2099468098984592,0.08310977833441083,0.017563955849499848,0.002997640720023194,0.047410095625549535,Bayesian beta + Bernoulli boundary,0,11.64,FALSE
ltmp,dhw_novelty10,Thermal novelty relative to prior decade,Median (50th percentile),-0.31,DHW anomaly,2.5,0.3397614129137436,0.17658127643197974,0.05993999045558417,0.01454953181346597,0.13867149600563958,Bayesian beta + Bernoulli boundary,0,11.64,FALSE
ltmp,dhw_novelty10,Thermal novelty relative to prior decade,High (90th percentile),4.178000000000001,DHW anomaly,2.5,0.4871030616544761,0.34723281427564145,0.1685050187547166,0.03124457345558438,0.38545771162047754,Bayesian beta + Bernoulli boundary,0,11.64,FALSE
ltmp,dhw_novelty10,Thermal novelty relative to prior decade,Low (10th percentile),-4.960000000000001,DHW anomaly,2.75,0.2131059037439587,0.08283542219860429,0.017760492838318594,0.0030985455257438277,0.04728915674679904,Bayesian beta + Bernoulli boundary,0,11.64,FALSE
ltmp,dhw_novelty10,Thermal novelty relative to prior decade,Median (50th percentile),-0.31,DHW anomaly,2.75,0.3433834139412531,0.17616778209323586,0.060439835313841214,0.01534537346032889,0.13847002056148622,Bayesian beta + Bernoulli boundary,0,11.64,FALSE
ltmp,dhw_novelty10,Thermal novelty relative to prior decade,High (90th percentile),4.178000000000001,DHW anomaly,2.75,0.4914072764096687,0.34569267769587275,0.16925869809798144,0.0329075936039801,0.38171054839194085,Bayesian beta + Bernoulli boundary,0,11.64,FALSE
ltmp,dhw_novelty10,Thermal novelty relative to prior decade,Low (10th percentile),-4.960000000000001,DHW anomaly,3,0.21638018162721576,0.08255516561555147,0.017963072093498993,0.0032120147423503444,0.04745104160613458,Bayesian beta + Bernoulli boundary,0,11.64,FALSE
ltmp,dhw_novelty10,Thermal novelty relative to prior decade,Median (50th percentile),-0.31,DHW anomaly,3,0.34710576804475946,0.17570773765809064,0.06093798839793225,0.016016901520376714,0.1376914957135114,Bayesian beta + Bernoulli boundary,0,11.64,FALSE
ltmp,dhw_novelty10,Thermal novelty relative to prior decade,High (90th percentile),4.178000000000001,DHW anomaly,3,0.4957798267374992,0.3440883500845492,0.169992973165703,0.03489836976933949,0.3785236242184585,Bayesian beta + Bernoulli boundary,0,11.64,FALSE
ltmp,dhw_novelty10,Thermal novelty relative to prior decade,Low (10th percentile),-4.960000000000001,DHW anomaly,3.25,0.21976972138045323,0.08226275640453985,0.018170225153583946,0.003354158891852471,0.04788624344802788,Bayesian beta + Bernoulli boundary,0,11.64,FALSE
ltmp,dhw_novelty10,Thermal novelty relative to prior decade,Median (50th percentile),-0.31,DHW anomaly,3.25,0.35092831942946634,0.17518884288946207,0.061429495690693725,0.01659532636507982,0.13720872864530204,Bayesian beta + Bernoulli boundary,0,11.64,FALSE
ltmp,dhw_novelty10,Thermal novelty relative to prior decade,High (90th percentile),4.178000000000001,DHW anomaly,3.25,0.5002190776715527,0.34240734527952266,0.17069982475976758,0.03710093567954126,0.37392887667713653,Bayesian beta + Bernoulli boundary,0,11.64,FALSE
ltmp,dhw_novelty10,Thermal novelty relative to prior decade,Low (10th percentile),-4.960000000000001,DHW anomaly,3.5,0.22327423875254335,0.08195228187716905,0.018380450324492634,0.003450575495991119,0.04763392558075308,Bayesian beta + Bernoulli boundary,0,11.64,FALSE
ltmp,dhw_novelty10,Thermal novelty relative to prior decade,Median (50th percentile),-0.31,DHW anomaly,3.5,0.35485056489726585,0.17459923518462223,0.061909282896238885,0.017351663196352087,0.13690357750837828,Bayesian beta + Bernoulli boundary,0,11.64,FALSE
ltmp,dhw_novelty10,Thermal novelty relative to prior decade,High (90th percentile),4.178000000000001,DHW anomaly,3.5,0.5047231142980448,0.3406370236373385,0.17137081920120384,0.03900779646686789,0.3695508686003137,Bayesian beta + Bernoulli boundary,0,11.64,FALSE
ltmp,dhw_novelty10,Thermal novelty relative to prior decade,Low (10th percentile),-4.960000000000001,DHW anomaly,3.75,0.2268930653142698,0.08161837895754066,0.018592257795531687,0.003531483084577056,0.04842685061864001,Bayesian beta + Bernoulli boundary,0,11.64,FALSE
ltmp,dhw_novelty10,Thermal novelty relative to prior decade,Median (50th percentile),-0.31,DHW anomaly,3.75,0.3588716281213147,0.1739278030504534,0.062372260454502976,0.017910470719133095,0.13684596227412382,Bayesian beta + Bernoulli boundary,0,11.64,FALSE
ltmp,dhw_novelty10,Thermal novelty relative to prior decade,High (90th percentile),4.178000000000001,DHW anomaly,3.75,0.5092897283318246,0.3387648312736225,0.17199721905630844,0.041156547997386224,0.365844053068794,Bayesian beta + Bernoulli boundary,0,11.64,FALSE
ltmp,dhw_novelty10,Thermal novelty relative to prior decade,Low (10th percentile),-4.960000000000001,DHW anomaly,4,0.23062512837296892,0.08125645981347766,0.018804223498933285,0.003608859119436659,0.04886088023499589,Bayesian beta + Bernoulli boundary,0,11.64,FALSE
ltmp,dhw_novelty10,Thermal novelty relative to prior decade,Median (50th percentile),-0.31,DHW anomaly,4,0.3629902351243643,0.1731645227787911,0.06281344591772384,0.01863606497489161,0.13664129386650922,Bayesian beta + Bernoulli boundary,0,11.64,FALSE
ltmp,dhw_novelty10,Thermal novelty relative to prior decade,High (90th percentile),4.178000000000001,DHW anomaly,4,0.5139164057344038,0.33677857445032305,0.17257011901261554,0.04385137765770675,0.36178279027282806,Bayesian beta + Bernoulli boundary,0,11.64,FALSE
ltmp,dhw_novelty10,Thermal novelty relative to prior decade,Low (10th percentile),-4.960000000000001,DHW anomaly,4.25,0.23446893345712239,0.08086295097409403,0.019015052190583876,0.003661685176610578,0.048799160299169766,Bayesian beta + Bernoulli boundary,0,11.64,FALSE
ltmp,dhw_novelty10,Thermal novelty relative to prior decade,Median (50th percentile),-0.31,DHW anomaly,4.25,0.3672046914838322,0.17230081875833625,0.0632281053453472,0.019137594126523872,0.13623480390282852,Bayesian beta + Bernoulli boundary,0,11.64,FALSE
ltmp,dhw_novelty10,Thermal novelty relative to prior decade,High (90th percentile),4.178000000000001,DHW anomaly,4.25,0.5186003156385026,0.3346667330979891,0.17308061054774465,0.04619496178308987,0.35550437086595915,Bayesian beta + Bernoulli boundary,0,11.64,FALSE
ltmp,dhw_novelty10,Thermal novelty relative to prior decade,Low (10th percentile),-4.960000000000001,DHW anomaly,4.5,0.23842254996648315,0.08043554341495152,0.019223650079442565,0.003738638454662415,0.049161772006493756,Bayesian beta + Bernoulli boundary,0,11.64,FALSE
ltmp,dhw_novelty10,Thermal novelty relative to prior decade,Median (50th percentile),-0.31,DHW anomaly,4.5,0.3715128618487356,0.17132994796701223,0.06361191547020154,0.019799185077127322,0.1354937200125799,Bayesian beta + Bernoulli boundary,0,11.64,FALSE
ltmp,dhw_novelty10,Thermal novelty relative to prior decade,High (90th percentile),4.178000000000001,DHW anomaly,4.5,0.5233383008673419,0.33241881903930864,0.17351998002003924,0.048231993576304893,0.35045426654739775,Bayesian beta + Bernoulli boundary,0,11.64,FALSE
ltmp,dhw_novelty10,Thermal novelty relative to prior decade,Low (10th percentile),-4.960000000000001,DHW anomaly,4.75,0.24248360060535373,0.07997345056361566,0.01942920713883763,0.003824322353019974,0.049626815374665526,Bayesian beta + Bernoulli boundary,0,11.64,FALSE
ltmp,dhw_novelty10,Thermal novelty relative to prior decade,Median (50th percentile),-0.31,DHW anomaly,4.75,0.3759121524189616,0.1702474088449463,0.06396114830849561,0.020225389545529004,0.13507943919109358,Bayesian beta + Bernoulli boundary,0,11.64,FALSE
ltmp,dhw_novelty10,Thermal novelty relative to prior decade,High (90th percentile),4.178000000000001,DHW anomaly,4.75,0.5281268703668556,0.33002578571543933,0.17387994568373688,0.050455428396025695,0.3446365586147387,Bayesian beta + Bernoulli boundary,0,11.64,FALSE
ltmp,dhw_novelty10,Thermal novelty relative to prior decade,Low (10th percentile),-4.960000000000001,DHW anomaly,5,0.24664925521992748,0.07947767063088192,0.01963128899454114,0.003835898664721668,0.04987276563104663,Bayesian beta + Bernoulli boundary,0,11.64,FALSE
ltmp,dhw_novelty10,Thermal novelty relative to prior decade,Median (50th percentile),-0.31,DHW anomaly,5,0.3803994971026308,0.1690513737608323,0.0642728795326108,0.020666111001724805,0.1341235854630201,Bayesian beta + Bernoulli boundary,0,11.64,FALSE
ltmp,dhw_novelty10,Thermal novelty relative to prior decade,High (90th percentile),4.178000000000001,DHW anomaly,5,0.5329621939073236,0.3274804967252866,0.1741529396883516,0.052814972047091735,0.34242603033288793,Bayesian beta + Bernoulli boundary,0,11.64,FALSE
ltmp,dhw_novelty10,Thermal novelty relative to prior decade,Low (10th percentile),-4.960000000000001,DHW anomaly,5.25,0.25091622963974836,0.07895124913715959,0.019829938007229035,0.0038516273194095416,0.05015429429208982,Bayesian beta + Bernoulli boundary,0,11.64,FALSE
ltmp,dhw_novelty10,Thermal novelty relative to prior decade,Median (50th percentile),-0.31,DHW anomaly,5.25,0.38497134812670186,0.16774314245822775,0.06454522118766101,0.0212988616084054,0.1331470402509907,Bayesian beta + Bernoulli boundary,0,11.64,FALSE
ltmp,dhw_novelty10,Thermal novelty relative to prior decade,High (90th percentile),4.178000000000001,DHW anomaly,5.25,0.5378400994588386,0.32477825979887287,0.17433244108521181,0.05481673940079262,0.3374951349002376,Bayesian beta + Bernoulli boundary,0,11.64,FALSE
ltmp,dhw_novelty10,Thermal novelty relative to prior decade,Low (10th percentile),-4.960000000000001,DHW anomaly,5.5,0.255280790074231,0.07839959545164855,0.02002579627851797,0.003923634765812631,0.051134491741732034,Bayesian beta + Bernoulli boundary,0,11.64,FALSE
ltmp,dhw_novelty10,Thermal novelty relative to prior decade,Median (50th percentile),-0.31,DHW anomaly,5.5,0.3896236719208052,0.1663277706984033,0.06477763725903564,0.021773349593144656,0.13267849617335747,Bayesian beta + Bernoulli boundary,0,11.64,FALSE
ltmp,dhw_novelty10,Thermal novelty relative to prior decade,High (90th percentile),4.178000000000001,DHW anomaly,5.5,0.5427560737018416,0.3219176855414971,0.17441349886033386,0.05676470884091283,0.3352930046377302,Bayesian beta + Bernoulli boundary,0,11.64,FALSE
ltmp,dhw_novelty10,Thermal novelty relative to prior decade,Low (10th percentile),-4.960000000000001,DHW anomaly,5.75,0.2597387635353769,0.07783409938232488,0.020221000253072476,0.003943698099251916,0.05189439958989103,Bayesian beta + Bernoulli boundary,0,11.64,FALSE
ltmp,dhw_novelty10,Thermal novelty relative to prior decade,Median (50th percentile),-0.31,DHW anomaly,5.75,0.3943519511132552,0.16482412020268292,0.06497480907485739,0.022226852758689866,0.13190259518807668,Bayesian beta + Bernoulli boundary,0,11.64,FALSE
ltmp,dhw_novelty10,Thermal novelty relative to prior decade,High (90th percentile),4.178000000000001,DHW anomaly,5.75,0.5477052661957276,0.31891731323655803,0.17440163462818237,0.058116512189081856,0.33378924133611043,Bayesian beta + Bernoulli boundary,0,11.64,FALSE
ltmp,dhw_novelty10,Thermal novelty relative to prior decade,Low (10th percentile),-4.960000000000001,DHW anomaly,6,0.2642855546460546,0.07727179270641293,0.020419168373508878,0.003952472320443423,0.05186888134409247,Bayesian beta + Bernoulli boundary,0,11.64,FALSE
ltmp,dhw_novelty10,Thermal novelty relative to prior decade,Median (50th percentile),-0.31,DHW anomaly,6,0.3991511934578321,0.16326629545313023,0.0651474715939729,0.022692561537856534,0.1310055847642336,Bayesian beta + Bernoulli boundary,0,11.64,FALSE
ltmp,dhw_novelty10,Thermal novelty relative to prior decade,High (90th percentile),4.178000000000001,DHW anomaly,6,0.5526824977868023,0.3158219553094449,0.1743167066687356,0.060159750591556774,0.3299820448228957,Bayesian beta + Bernoulli boundary,0,11.64,FALSE
ltmp,dhw_novelty10,Thermal novelty relative to prior decade,Low (10th percentile),-4.960000000000001,DHW anomaly,6.25,0.268916169048115,0.07672733074380218,0.020623537023684347,0.003943312481457226,0.05318692559085972,Bayesian beta + Bernoulli boundary,0,11.64,FALSE
ltmp,dhw_novelty10,Thermal novelty relative to prior decade,Median (50th percentile),-0.31,DHW anomaly,6.25,0.404015948435894,0.16168397232067402,0.0653051902027141,0.023005944819728556,0.1305425022800209,Bayesian beta + Bernoulli boundary,0,11.64,FALSE
ltmp,dhw_novelty10,Thermal novelty relative to prior decade,High (90th percentile),4.178000000000001,DHW anomaly,6.25,0.5576822738779186,0.3126741779046608,0.174178157424808,0.06129294869498083,0.32537694946518103,Bayesian beta + Bernoulli boundary,0,11.64,FALSE
ltmp,dhw_novelty10,Thermal novelty relative to prior decade,Low (10th percentile),-4.960000000000001,DHW anomaly,6.5,0.27362524344357325,0.07621174023062711,0.020836600299810402,0.003950860786023064,0.05401252595835189,Bayesian beta + Bernoulli boundary,0,11.64,FALSE
ltmp,dhw_novelty10,Thermal novelty relative to prior decade,Median (50th percentile),-0.31,DHW anomaly,6.5,0.4089403321369154,0.16009964774818064,0.06545519913062972,0.02299049014567115,0.13025404290205614,Bayesian beta + Bernoulli boundary,0,11.64,FALSE
ltmp,dhw_novelty10,Thermal novelty relative to prior decade,High (90th percentile),4.178000000000001,DHW anomaly,6.5,0.5626988031870651,0.3095101305441653,0.17400270950214616,0.06284713754072573,0.3233976183827455,Bayesian beta + Bernoulli boundary,0,11.64,FALSE
ltmp,dhw_novelty10,Thermal novelty relative to prior decade,Low (10th percentile),-4.960000000000001,DHW anomaly,6.75,0.27840708208158893,0.07573240607955778,0.02106003692253768,0.003965383901675318,0.05562247935767148,Bayesian beta + Bernoulli boundary,0,11.64,FALSE
ltmp,dhw_novelty10,Thermal novelty relative to prior decade,Median (50th percentile),-0.31,DHW anomaly,6.75,0.4139180608007218,0.1585284697816961,0.06560218066263585,0.022856957679622026,0.1304345194855268,Bayesian beta + Bernoulli boundary,0,11.64,FALSE
ltmp,dhw_novelty10,Thermal novelty relative to prior decade,High (90th percentile),4.178000000000001,DHW anomaly,6.75,0.5677260225690136,0.3063586166311356,0.1738037240356077,0.06455738413888493,0.32115932815843057,Bayesian beta + Bernoulli boundary,0,11.64,FALSE
ltmp,dhw_novelty10,Thermal novelty relative to prior decade,Low (10th percentile),-4.960000000000001,DHW anomaly,7,0.28325569924257643,0.07529365646545687,0.021294797245396842,0.003926913130779462,0.05633367513626447,Bayesian beta + Bernoulli boundary,0,11.64,FALSE
ltmp,dhw_novelty10,Thermal novelty relative to prior decade,Median (50th percentile),-0.31,DHW anomaly,7,0.4189424931012429,0.15697901125946964,0.0657484186171571,0.0229240472769176,0.13126136103943362,Bayesian beta + Bernoulli boundary,0,11.64,FALSE
ltmp,dhw_novelty10,Thermal novelty relative to prior decade,High (90th percentile),4.178000000000001,DHW anomaly,7,0.5727576283416024,0.3032410318062593,0.1735910156937528,0.06509890101497103,0.31780904065989285,Bayesian beta + Bernoulli boundary,0,11.64,FALSE
ltmp,dhw_novelty10,Thermal novelty relative to prior decade,Low (10th percentile),-4.960000000000001,DHW anomaly,7.25,0.2881648669745279,0.07489791275498228,0.021541361599520747,0.003841629584604994,0.057238949782887835,Bayesian beta + Bernoulli boundary,0,11.64,FALSE
ltmp,dhw_novelty10,Thermal novelty relative to prior decade,Median (50th percentile),-0.31,DHW anomaly,7.25,0.42400668086870164,0.15545495499184447,0.06589434807607016,0.022997683517137983,0.13074292596958487,Bayesian beta + Bernoulli boundary,0,11.64,FALSE
ltmp,dhw_novelty10,Thermal novelty relative to prior decade,High (90th percentile),4.178000000000001,DHW anomaly,7.25,0.5777871143318303,0.30017226625425997,0.17337120915350684,0.06686131626153352,0.31776754007691227,Bayesian beta + Bernoulli boundary,0,11.64,FALSE
ltmp,dhw_novelty10,Thermal novelty relative to prior decade,Low (10th percentile),-4.960000000000001,DHW anomaly,7.5,0.29312816702483485,0.07454736544234342,0.02180020117808607,0.003779054516529462,0.058792788424137064,Bayesian beta + Bernoulli boundary,0,11.64,FALSE
ltmp,dhw_novelty10,Thermal novelty relative to prior decade,Median (50th percentile),-0.31,DHW anomaly,7.5,0.4291034275023981,0.15395721938311718,0.06603936722111922,0.02264558514571829,0.132037091562168,Bayesian beta + Bernoulli boundary,0,11.64,FALSE
ltmp,dhw_novelty10,Thermal novelty relative to prior decade,High (90th percentile),4.178000000000001,DHW anomaly,7.5,0.582807816535613,0.29716130536472046,0.17314798684360252,0.06759039898109373,0.3161568108014,Bayesian beta + Bernoulli boundary,0,11.64,FALSE
ltmp,dhw_novelty10,Thermal novelty relative to prior decade,Low (10th percentile),-4.960000000000001,DHW anomaly,7.75,0.29813904561861165,0.07424601716767923,0.022072563648229973,0.003694429081299392,0.06061431240985595,Bayesian beta + Bernoulli boundary,0,11.64,FALSE
ltmp,dhw_novelty10,Thermal novelty relative to prior decade,Median (50th percentile),-0.31,DHW anomaly,7.75,0.43422535285354275,0.15248416365315579,0.06618210804431948,0.022664080843929787,0.13278364462377146,Bayesian beta + Bernoulli boundary,0,11.64,FALSE
ltmp,dhw_novelty10,Thermal novelty relative to prior decade,High (90th percentile),4.178000000000001,DHW anomaly,7.75,0.5878129638867047,0.2942038869044728,0.17291805246813377,0.06807850228768723,0.31532095430495705,Bayesian beta + Bernoulli boundary,0,11.64,FALSE
ltmp,dhw_novelty10,Thermal novelty relative to prior decade,Low (10th percentile),-4.960000000000001,DHW anomaly,8,0.30319086950861035,0.07400084313526022,0.022360781169682663,0.003579189931526356,0.06169213059472358,Bayesian beta + Bernoulli boundary,0,11.64,FALSE
ltmp,dhw_novelty10,Thermal novelty relative to prior decade,Median (50th percentile),-0.31,DHW anomaly,8,0.43936496290661886,0.15103699114849495,0.06632256535729412,0.0226909613421584,0.13350833568292347,Bayesian beta + Bernoulli boundary,0,11.64,FALSE
ltmp,dhw_novelty10,Thermal novelty relative to prior decade,High (90th percentile),4.178000000000001,DHW anomaly,8,0.5927957341934365,0.29129309730378916,0.1726767827713466,0.0679866799737807,0.3149777578899658,Bayesian beta + Bernoulli boundary,0,11.64,FALSE
ltmp,dhw_novelty10,Thermal novelty relative to prior decade,Low (10th percentile),-4.960000000000001,DHW anomaly,8.25,0.3082769816097908,0.07382129987060661,0.022668083763422883,0.0034249983046018753,0.0632177876180796,Bayesian beta + Bernoulli boundary,0,11.64,FALSE
ltmp,dhw_novelty10,Thermal novelty relative to prior decade,Median (50th percentile),-0.31,DHW anomaly,8.25,0.44451472221792454,0.14962173057751846,0.0664628810294406,0.022532543634674766,0.13466665243719217,Bayesian beta + Bernoulli boundary,0,11.64,FALSE
ltmp,dhw_novelty10,Thermal novelty relative to prior decade,High (90th percentile),4.178000000000001,DHW anomaly,8.25,0.5977493138814832,0.28842687492486857,0.17242235404665654,0.0672195805375186,0.3133884783509481,Bayesian beta + Bernoulli boundary,0,11.64,FALSE
ltmp,dhw_novelty10,Thermal novelty relative to prior decade,Low (10th percentile),-4.960000000000001,DHW anomaly,8.5,0.3133907545666079,0.07371857365227447,0.02299843128165161,0.0033686653089654503,0.06477895544038943,Bayesian beta + Bernoulli boundary,0,11.64,FALSE
ltmp,dhw_novelty10,Thermal novelty relative to prior decade,Median (50th percentile),-0.31,DHW anomaly,8.5,0.44966712683881,0.14824811897060375,0.06660698042475462,0.022133228632721456,0.1350918255310153,Bayesian beta + Bernoulli boundary,0,11.64,FALSE
ltmp,dhw_novelty10,Thermal novelty relative to prior decade,High (90th percentile),4.178000000000001,DHW anomaly,8.5,0.6026669598377752,0.2856073506635198,0.1721554733009065,0.06720040700421241,0.3117458822327052,Bayesian beta + Bernoulli boundary,0,11.64,FALSE
ltmp,dhw_novelty10,Thermal novelty relative to prior decade,Low (10th percentile),-4.960000000000001,DHW anomaly,8.75,0.3185256407889453,0.07370489109502087,0.023356343593947525,0.003247139454086169,0.0665320338202613,Bayesian beta + Bernoulli boundary,0,11.64,FALSE
ltmp,dhw_novelty10,Thermal novelty relative to prior decade,Median (50th percentile),-0.31,DHW anomaly,8.75,0.4548147753999496,0.1469285345845335,0.06676019856882838,0.02213505203020438,0.13634422609361732,Bayesian beta + Bernoulli boundary,0,11.64,FALSE
ltmp,dhw_novelty10,Thermal novelty relative to prior decade,High (90th percentile),4.178000000000001,DHW anomaly,8.75,0.6075420614379,0.28284008449484466,0.1718790289448122,0.06708353665509546,0.3097988997001672,Bayesian beta + Bernoulli boundary,0,11.64,FALSE
ltmp,dhw_novelty10,Thermal novelty relative to prior decade,Low (10th percentile),-4.960000000000001,DHW anomaly,9,0.3236752178073034,0.0737928880259211,0.02374672816865392,0.003151838215961422,0.06827466928888881,Bayesian beta + Bernoulli boundary,0,11.64,FALSE
ltmp,dhw_novelty10,Thermal novelty relative to prior decade,Median (50th percentile),-0.31,DHW anomaly,9,0.45995043617461057,0.14567700545225915,0.06692890658206442,0.02192138033112008,0.13808161086833864,Bayesian beta + Bernoulli boundary,0,11.64,FALSE
ltmp,dhw_novelty10,Thermal novelty relative to prior decade,High (90th percentile),4.178000000000001,DHW anomaly,9,0.6123682007887545,0.2801332910767447,0.17159771009514024,0.0667445680991646,0.3106618833467899,Bayesian beta + Bernoulli boundary,0,11.64,FALSE
ltmp,dhw_novelty10,Thermal novelty relative to prior decade,Low (10th percentile),-4.960000000000001,DHW anomaly,9.25,0.3288332281875162,0.07399503130510385,0.02417470518452772,0.0030275074118289997,0.07054926667936233,Bayesian beta + Bernoulli boundary,0,11.64,FALSE
ltmp,dhw_novelty10,Thermal novelty relative to prior decade,Median (50th percentile),-0.31,DHW anomaly,9.25,0.46506710825296477,0.14450829254650638,0.06712013983209726,0.02168038316523148,0.13931492845459106,Bayesian beta + Bernoulli boundary,0,11.64,FALSE
ltmp,dhw_novelty10,Thermal novelty relative to prior decade,High (90th percentile),4.178000000000001,DHW anomaly,9.25,0.6171392093331153,0.27749706136505703,0.17131759785670328,0.06621774745366271,0.3111902109146339,Bayesian beta + Bernoulli boundary,0,11.64,FALSE
ltmp,dhw_novelty10,Thermal novelty relative to prior decade,Low (10th percentile),-4.960000000000001,DHW anomaly,9.5,0.33399361364693886,0.07432308882613939,0.024645430543495182,0.0028876134606952465,0.07266863787522974,Bayesian beta + Bernoulli boundary,0,11.64,FALSE
ltmp,dhw_novelty10,Thermal novelty relative to prior decade,Median (50th percentile),-0.31,DHW anomaly,9.5,0.4701580753974688,0.1434370494259176,0.06734123087233307,0.021220529469120383,0.14120366807187817,Bayesian beta + Bernoulli boundary,0,11.64,FALSE
ltmp,dhw_novelty10,Thermal novelty relative to prior decade,High (90th percentile),4.178000000000001,DHW anomaly,9.5,0.6218492192188622,0.2749425882606025,0.17104573338254733,0.06552286373522298,0.31296440321728985,Bayesian beta + Bernoulli boundary,0,11.64,FALSE
ltmp,dhw_novelty10,Thermal novelty relative to prior decade,Low (10th percentile),-4.960000000000001,DHW anomaly,9.75,0.33915054337054773,0.07478764462387615,0.02516391769346971,0.002799514821618068,0.0753243256255086,Bayesian beta + Bernoulli boundary,0,11.64,FALSE
ltmp,dhw_novelty10,Thermal novelty relative to prior decade,Median (50th percentile),-0.31,DHW anomaly,9.75,0.4752169516471203,0.14247706280476208,0.06759945180885352,0.020784322352352873,0.14352252916903716,Bayesian beta + Bernoulli boundary,0,11.64,FALSE
ltmp,dhw_novelty10,Thermal novelty relative to prior decade,High (90th percentile),4.178000000000001,DHW anomaly,9.75,0.6264927081891467,0.27248140798358433,0.1707896705339707,0.06520660127426761,0.3135799391965929,Bayesian beta + Bernoulli boundary,0,11.64,FALSE
ltmp,dhw_novelty10,Thermal novelty relative to prior decade,Low (10th percentile),-4.960000000000001,DHW anomaly,10,0.34429843679828487,0.07539765889332159,0.02573486005332385,0.002623957478937201,0.07839832009452898,Bayesian beta + Bernoulli boundary,0,11.64,FALSE
ltmp,dhw_novelty10,Thermal novelty relative to prior decade,Median (50th percentile),-0.31,DHW anomaly,10,0.48023771823198563,0.1416405802429482,0.06790167202949399,0.02028613137988551,0.14675087468576634,Bayesian beta + Bernoulli boundary,0,11.64,FALSE
ltmp,dhw_novelty10,Thermal novelty relative to prior decade,High (90th percentile),4.178000000000001,DHW anomaly,10,0.6310645371499018,0.2701246733889056,0.17055702457497157,0.06412559956184853,0.3140222958951202,Bayesian beta + Bernoulli boundary,0,11.64,FALSE
ltmp,dhw_novelty10,Thermal novelty relative to prior decade,Low (10th percentile),-4.960000000000001,DHW anomaly,10.25,0.3494319813296931,0.0761600763835927,0.026362456958433568,0.0025510423846322214,0.0820170099283061,Bayesian beta + Bernoulli boundary,0,11.64,FALSE
ltmp,dhw_novelty10,Thermal novelty relative to prior decade,Median (50th percentile),-0.31,DHW anomaly,10.25,0.4852147517978148,0.14093773193767695,0.0682540381162501,0.01966993915754292,0.14925059616263373,Bayesian beta + Bernoulli boundary,0,11.64,FALSE
ltmp,dhw_novelty10,Thermal novelty relative to prior decade,High (90th percentile),4.178000000000001,DHW anomaly,10.25,0.6355599799706843,0.2678824792998935,0.17035503160839285,0.06289097729604674,0.3161379243246701,Bayesian beta + Bernoulli boundary,0,11.64,FALSE
ltmp,dhw_novelty10,Thermal novelty relative to prior decade,Low (10th percentile),-4.960000000000001,DHW anomaly,10.5,0.35454614547510427,0.07707949019243712,0.027050247165215174,0.002389701176339674,0.08689595102705593,Bayesian beta + Bernoulli boundary,0,11.64,FALSE
ltmp,dhw_novelty10,Thermal novelty relative to prior decade,Median (50th percentile),-0.31,DHW anomaly,10.5,0.4901428442927348,0.14037605346910947,0.06866168321165667,0.019105899639315974,0.15202519955593113,Bayesian beta + Bernoulli boundary,0,11.64,FALSE
ltmp,dhw_novelty10,Thermal novelty relative to prior decade,High (90th percentile),4.178000000000001,DHW anomaly,10.5,0.6399747454379353,0.2657632620124791,0.17019013562262966,0.06201913684066807,0.3182518013984545,Bayesian beta + Bernoulli boundary,0,11.64,FALSE
ltmp,dhw_novelty10,Thermal novelty relative to prior decade,Low (10th percentile),-4.960000000000001,DHW anomaly,10.75,0.3596361879947953,0.07815787033634526,0.027800954757720462,0.0022513581681430144,0.09073014067819067,Bayesian beta + Bernoulli boundary,0,11.64,FALSE
ltmp,dhw_novelty10,Thermal novelty relative to prior decade,Median (50th percentile),-0.31,DHW anomaly,10.75,0.49501721512303926,0.13996011544741221,0.06912847312545688,0.01857296261628973,0.15418864668036622,Bayesian beta + Bernoulli boundary,0,11.64,FALSE
ltmp,dhw_novelty10,Thermal novelty relative to prior decade,High (90th percentile),4.178000000000001,DHW anomaly,10.75,0.6443049915838839,0.2637732947245004,0.17006762054405855,0.060397484291834884,0.3188915231683876,Bayesian beta + Bernoulli boundary,0,11.64,FALSE
ltmp,dhw_novelty10,Thermal novelty relative to prior decade,Low (10th percentile),-4.960000000000001,DHW anomaly,11,0.36469766353412464,0.07939436673571668,0.02861635256731212,0.002105315809881792,0.09613280579595346,Bayesian beta + Bernoulli boundary,0,11.64,FALSE
ltmp,dhw_novelty10,Thermal novelty relative to prior decade,Median (50th percentile),-0.31,DHW anomaly,11,0.49983351634786155,0.139691264442079,0.06965679604898486,0.017344855813238733,0.15719241536370418,Bayesian beta + Bernoulli boundary,0,11.64,FALSE
ltmp,dhw_novelty10,Thermal novelty relative to prior decade,High (90th percentile),4.178000000000001,DHW anomaly,11,0.6485473328494473,0.2619162975941707,0.16999130336549462,0.05863734857696924,0.3217763197972236,Bayesian beta + Bernoulli boundary,0,11.64,FALSE
ltmp,dhw_novelty10,Thermal novelty relative to prior decade,Low (10th percentile),-4.960000000000001,DHW anomaly,11.25,0.3697264252073605,0.08078519423949447,0.02949714792343946,0.001964655719579508,0.1007412208912651,Bayesian beta + Bernoulli boundary,0,11.64,FALSE
ltmp,dhw_novelty10,Thermal novelty relative to prior decade,Median (50th percentile),-0.31,DHW anomaly,11.25,0.5045878317673765,0.1395674773969728,0.07024740186758732,0.016546346282808596,0.16280652591427197,Bayesian beta + Bernoulli boundary,0,11.64,FALSE
ltmp,dhw_novelty10,Thermal novelty relative to prior decade,High (90th percentile),4.178000000000001,DHW anomaly,11.25,0.6526988407051731,0.26019317572765344,0.16996330135213458,0.05691304148657723,0.32502940930346963,Bayesian beta + Bernoulli boundary,0,11.64,FALSE
ltmp,dhw_novelty10,Thermal novelty relative to prior decade,Low (10th percentile),-4.960000000000001,DHW anomaly,11.5,0.3747186245234919,0.08232360362069596,0.03044289485615099,0.00179238354744788,0.10591006398428567,Bayesian beta + Bernoulli boundary,0,11.64,FALSE
ltmp,dhw_novelty10,Thermal novelty relative to prior decade,Median (50th percentile),-0.31,DHW anomaly,11.5,0.5092766707840666,0.13958332896099607,0.07089929569385525,0.01575699745029002,0.16661558811229044,Bayesian beta + Bernoulli boundary,0,11.64,FALSE
ltmp,dhw_novelty10,Thermal novelty relative to prior decade,High (90th percentile),4.178000000000001,DHW anomaly,11.5,0.6567570384565127,0.25860189132519606,0.16998388190283556,0.05579175497915048,0.33145636588243677,Bayesian beta + Bernoulli boundary,0,11.64,FALSE
ltmp,dhw_novelty10,Thermal novelty relative to prior decade,Low (10th percentile),-4.960000000000001,DHW anomaly,11.75,0.3796707089945758,0.08400004014507494,0.0314519723311558,0.0016493221541455986,0.11202691462049018,Bayesian beta + Bernoulli boundary,0,11.64,TRUE
ltmp,dhw_novelty10,Thermal novelty relative to prior decade,Median (50th percentile),-0.31,DHW anomaly,11.75,0.5138969578988488,0.13973017519413194,0.07160974185436639,0.014889667866004545,0.17080349833212422,Bayesian beta + Bernoulli boundary,0,11.64,TRUE
ltmp,dhw_novelty10,Thermal novelty relative to prior decade,High (90th percentile),4.178000000000001,DHW anomaly,11.75,0.6607198910082869,0.25713753554956115,0.1700514409491601,0.053149264974353815,0.3364038319984137,Bayesian beta + Bernoulli boundary,0,11.64,TRUE
ltmp,dhw_novelty10,Thermal novelty relative to prior decade,Low (10th percentile),-4.960000000000001,DHW anomaly,12,0.38457941772573256,0.0858056292244227,0.032522775271962186,0.0015625875112677255,0.11782200115656122,Bayesian beta + Bernoulli boundary,0,11.64,TRUE
ltmp,dhw_novelty10,Thermal novelty relative to prior decade,Median (50th percentile),-0.31,DHW anomaly,12,0.5184460186579831,0.1399999029068771,0.07237607551599286,0.014003258845611835,0.17753701306267902,Bayesian beta + Bernoulli boundary,0,11.64,TRUE
ltmp,dhw_novelty10,Thermal novelty relative to prior decade,High (90th percentile),4.178000000000001,DHW anomaly,12,0.6645857903695375,0.25579475822129033,0.17016399940834048,0.050865725178747864,0.34295651368308905,Bayesian beta + Bernoulli boundary,0,11.64,TRUE
ltmp,dhw_novelty10,Thermal novelty relative to prior decade,Low (10th percentile),-4.960000000000001,DHW anomaly,12.25,0.38944177525600165,0.08773421098760804,0.03365449526278337,0.001466619568271875,0.12431468905613183,Bayesian beta + Bernoulli boundary,0,11.64,TRUE
ltmp,dhw_novelty10,Thermal novelty relative to prior decade,Median (50th percentile),-0.31,DHW anomaly,12.25,0.5229215628037042,0.14038732327626519,0.07319695451431911,0.01321291114918911,0.18331886490344054,Bayesian beta + Bernoulli boundary,0,11.64,TRUE
ltmp,dhw_novelty10,Thermal novelty relative to prior decade,High (90th percentile),4.178000000000001,DHW anomaly,12.25,0.6683535376555391,0.2545696381005342,0.17032043565081773,0.048331719663709444,0.35057956110539434,Bayesian beta + Bernoulli boundary,0,11.64,TRUE
ltmp,dhw_novelty10,Thermal novelty relative to prior decade,Low (10th percentile),-4.960000000000001,DHW anomaly,12.5,0.3942550838986207,0.08977954949981122,0.03484615972031137,0.0013615079821900679,0.13211974282846192,Bayesian beta + Bernoulli boundary,0,11.64,TRUE
ltmp,dhw_novelty10,Thermal novelty relative to prior decade,Median (50th percentile),-0.31,DHW anomaly,12.5,0.5273216653092484,0.1408873414619631,0.07407098824672079,0.012568533405634724,0.18965062125769425,Bayesian beta + Bernoulli boundary,0,11.64,TRUE
ltmp,dhw_novelty10,Thermal novelty relative to prior decade,High (90th percentile),4.178000000000001,DHW anomaly,12.5,0.6720223222990205,0.25345811153782266,0.17051951665820736,0.046694677663166415,0.35894399779156294,Bayesian beta + Bernoulli boundary,0,11.64,TRUE
ltmp,dhw_novelty10,Thermal novelty relative to prior decade,Low (10th percentile),-4.960000000000001,DHW anomaly,12.75,0.39901691481468554,0.09193517027138483,0.036096568792576285,0.001243370179571582,0.14103573618183973,Bayesian beta + Bernoulli boundary,0,11.64,TRUE
ltmp,dhw_novelty10,Thermal novelty relative to prior decade,Median (50th percentile),-0.31,DHW anomaly,12.75,0.5316447459027451,0.14149478222522868,0.0749966478439677,0.011934126581276855,0.19702017188186433,Bayesian beta + Bernoulli boundary,0,11.64,TRUE
ltmp,dhw_novelty10,Thermal novelty relative to prior decade,High (90th percentile),4.178000000000001,DHW anomaly,12.75,0.6755916991261993,0.2524559068734251,0.17075984732192726,0.04499082156618492,0.36698896141865617,Bayesian beta + Bernoulli boundary,0,11.64,TRUE
ltmp,dhw_novelty10,Thermal novelty relative to prior decade,Low (10th percentile),-4.960000000000001,DHW anomaly,13,0.40372509804246615,0.09419439124895858,0.037404301750211234,0.0011311259008358113,0.14800566320755967,Bayesian beta + Bernoulli boundary,0,11.64,TRUE
ltmp,dhw_novelty10,Thermal novelty relative to prior decade,Median (50th percentile),-0.31,DHW anomaly,13,0.5358895476079063,0.14220441518893842,0.07597227602126465,0.01131364261473581,0.20624577224377477,Bayesian beta + Bernoulli boundary,0,11.64,TRUE
ltmp,dhw_novelty10,Thermal novelty relative to prior decade,High (90th percentile),4.178000000000001,DHW anomaly,13,0.6790615638915504,0.2515585966527776,0.17103989488906488,0.04294807870026775,0.3754252066831074,Bayesian beta + Bernoulli boundary,0,11.64,TRUE
ltmp,dhw_novelty10,Thermal novelty relative to prior decade,Low (10th percentile),-4.960000000000001,DHW anomaly,13.25,0.4083777116934525,0.09655035579235803,0.03876772549131045,0.0010461665863633431,0.1569605234799485,Bayesian beta + Bernoulli boundary,0,11.64,TRUE
ltmp,dhw_novelty10,Thermal novelty relative to prior decade,Median (50th percentile),-0.31,DHW anomaly,13.25,0.5400551147550335,0.14301097935160773,0.076996097992228,0.01065664806862329,0.21526066748099873,Bayesian beta + Bernoulli boundary,0,11.64,TRUE
ltmp,dhw_novelty10,Thermal novelty relative to prior decade,High (90th percentile),4.178000000000001,DHW anomaly,13.25,0.6824321278026394,0.2507616461234263,0.171358012641942,0.04085162885154511,0.38206640682996423,Bayesian beta + Bernoulli boundary,0,11.64,TRUE
ltmp,dhw_novelty10,Thermal novelty relative to prior decade,Low (10th percentile),-4.960000000000001,DHW anomaly,13.5,0.41297307051391446,0.0989960692738786,0.04018500549827986,9.518622748220394e-4,0.16551981253218234,Bayesian beta + Bernoulli boundary,0,11.64,TRUE
ltmp,dhw_novelty10,Thermal novelty relative to prior decade,Median (50th percentile),-0.31,DHW anomaly,13.5,0.5441407708452668,0.14390920666896415,0.07806623325244373,0.009860009567936584,0.22398619186646251,Bayesian beta + Bernoulli boundary,0,11.64,TRUE
ltmp,dhw_novelty10,Thermal novelty relative to prior decade,High (90th percentile),4.178000000000001,DHW anomaly,13.5,0.6857038915053837,0.2500604577289827,0.1717124625700349,0.038576085993374136,0.39264620438026454,Bayesian beta + Bernoulli boundary,0,11.64,TRUE
ltmp,dhw_novelty10,Thermal novelty relative to prior decade,Low (10th percentile),-4.960000000000001,DHW anomaly,13.75,0.417509713996631,0.10152444050564577,0.04165411958023638,8.662307236524407e-4,0.17441113464041738,Bayesian beta + Bernoulli boundary,0,11.64,TRUE
ltmp,dhw_novelty10,Thermal novelty relative to prior decade,Median (50th percentile),-0.31,DHW anomaly,13.75,0.5481460965854125,0.1448938445277265,0.07918070802320819,0.009240268227690928,0.23310906710743123,Bayesian beta + Bernoulli boundary,0,11.64,TRUE
ltmp,dhw_novelty10,Thermal novelty relative to prior decade,High (90th percentile),4.178000000000001,DHW anomaly,13.75,0.6888776189419157,0.24945041140312338,0.17210143682886825,0.03662301721106835,0.4009660964967494,Bayesian beta + Bernoulli boundary,0,11.64,TRUE
ltmp,dhw_novelty10,Thermal novelty relative to prior decade,Low (10th percentile),-4.960000000000001,DHW anomaly,14,0.4219863942113967,0.10412832827035313,0.043172874560304754,7.9445408273446e-4,0.1853942481802808,Bayesian beta + Bernoulli boundary,0,11.64,TRUE
ltmp,dhw_novelty10,Thermal novelty relative to prior decade,Median (50th percentile),-0.31,DHW anomaly,14,0.5520709083508801,0.14595967695699053,0.08033746814017508,0.008622860773941471,0.24165580160344347,Bayesian beta + Bernoulli boundary,0,11.64,TRUE
ltmp,dhw_novelty10,Thermal novelty relative to prior decade,High (90th percentile),4.178000000000001,DHW anomaly,14,0.6919543114381296,0.24892690054686506,0.17252307781346032,0.03499324599423092,0.4093011746326851,Bayesian beta + Bernoulli boundary,0,11.64,TRUE
ltmp,dhw_novelty10,Thermal novelty relative to prior decade,Low (10th percentile),-4.960000000000001,DHW anomaly,14.25,0.42640206350530513,0.10680059210916158,0.04473892577244884,7.359349016671608e-4,0.19528927295341622,Bayesian beta + Bernoulli boundary,0,11.64,TRUE
ltmp,dhw_novelty10,Thermal novelty relative to prior decade,Median (50th percentile),-0.31,DHW anomaly,14.25,0.555915237280689,0.14710154444912726,0.08153439217489347,0.008103061305085105,0.24998763415059133,Bayesian beta + Bernoulli boundary,0,11.64,TRUE
ltmp,dhw_novelty10,Thermal novelty relative to prior decade,High (90th percentile),4.178000000000001,DHW anomaly,14.25,0.6949351823258598,0.24848536365017432,0.17297549670705195,0.032638505633040604,0.41809659714211195,Bayesian beta + Bernoulli boundary,0,11.64,TRUE
ltmp,dhw_novelty10,Thermal novelty relative to prior decade,Low (10th percentile),-4.960000000000001,DHW anomaly,14.5,0.4307558622052591,0.10953414553704974,0.04634979890652059,6.686542600047316e-4,0.2071327964939706,Bayesian beta + Bernoulli boundary,0,11.64,TRUE
ltmp,dhw_novelty10,Thermal novelty relative to prior decade,Median (50th percentile),-0.31,DHW anomaly,14.5,0.5596793091613236,0.14831436229210462,0.0827693045888382,0.007485960781169591,0.2578613310947283,Bayesian beta + Bernoulli boundary,0,11.64,TRUE
ltmp,dhw_novelty10,Thermal novelty relative to prior decade,High (90th percentile),4.178000000000001,DHW anomaly,14.5,0.6978216323552664,0.2481213115965338,0.17345679040106113,0.03091350707142521,0.4262495497863197,Bayesian beta + Bernoulli boundary,0,11.64,TRUE
ltmp,dhw_novelty10,Thermal novelty relative to prior decade,Low (10th percentile),-4.960000000000001,DHW anomaly,14.75,0.4350471064363654,0.11232200925256133,0.04800291347476276,6.104541339940275e-4,0.21674236325900878,Bayesian beta + Bernoulli boundary,0,11.64,TRUE
ltmp,dhw_novelty10,Thermal novelty relative to prior decade,Median (50th percentile),-0.31,DHW anomaly,14.75,0.5633635252153466,0.14959313734685756,0.08403998873828517,0.006958970131411321,0.2679767056247553,Bayesian beta + Bernoulli boundary,0,11.64,TRUE
ltmp,dhw_novelty10,Thermal novelty relative to prior decade,High (90th percentile),4.178000000000001,DHW anomaly,14.75,0.7006152261062706,0.24783035076558216,0.1739650567197635,0.02896263969924453,0.4336492163756019,Bayesian beta + Bernoulli boundary,0,11.64,TRUE
ltmp,dhw_novelty10,Thermal novelty relative to prior decade,Low (10th percentile),-4.960000000000001,DHW anomaly,15,0.439275276151506,0.11515736178328731,0.04969560702975847,5.608352804012295e-4,0.22913865750601495,Bayesian beta + Bernoulli boundary,0,11.64,TRUE
ltmp,dhw_novelty10,Thermal novelty relative to prior decade,Median (50th percentile),-0.31,DHW anomaly,15,0.5669684438758164,0.15093298323474372,0.08534419957229178,0.006428175158546303,0.27677313956835825,Bayesian beta + Bernoulli boundary,0,11.64,TRUE
ltmp,dhw_novelty10,Thermal novelty relative to prior decade,High (90th percentile),4.178000000000001,DHW anomaly,15,0.7033176695638701,0.24760820212131646,0.17449840792202967,0.02681625052292686,0.44355429343705094,Bayesian beta + Bernoulli boundary,0,11.64,TRUE
ltmp,dhw_novelty10,Thermal novelty relative to prior decade,Low (10th percentile),-4.960000000000001,DHW anomaly,15.25,0.4434400034500011,0.11803358531659111,0.05142515926006506,5.076144922977856e-4,0.24071032887124738,Bayesian beta + Bernoulli boundary,0,11.64,TRUE
ltmp,dhw_novelty10,Thermal novelty relative to prior decade,Median (50th percentile),-0.31,DHW anomaly,15.25,0.5704947635982798,0.1523291339289439,0.08667967589253583,0.005993807496170195,0.2882366357599568,Bayesian beta + Bernoulli boundary,0,11.64,TRUE
ltmp,dhw_novelty10,Thermal novelty relative to prior decade,High (90th percentile),4.178000000000001,DHW anomaly,15.25,0.7059307889810928,0.24745071653743014,0.17505498249057905,0.02492285547635638,0.45269157245905095,Bayesian beta + Bernoulli boundary,0,11.64,TRUE
ltmp,dhw_novelty10,Thermal novelty relative to prior decade,Low (10th percentile),-4.960000000000001,DHW anomaly,15.5,0.4475410612473123,0.12094430506797488,0.05318881520302056,4.687903364921465e-4,0.24938777821296812,Bayesian beta + Bernoulli boundary,0,11.64,TRUE
ltmp,dhw_novelty10,Thermal novelty relative to prior decade,Median (50th percentile),-0.31,DHW anomaly,15.5,0.5739433067378897,0.1537769557677743,0.0880441520701468,0.005540863219096834,0.29914227191157183,Bayesian beta + Bernoulli boundary,0,11.64,TRUE
ltmp,dhw_novelty10,Thermal novelty relative to prior decade,High (90th percentile),4.178000000000001,DHW anomaly,15.5,0.7084565111155768,0.24735388666311897,0.17563295525437897,0.02332954019407399,0.4627440869381075,Bayesian beta + Bernoulli boundary,0,11.64,TRUE
ltmp,dhw_novelty10,Thermal novelty relative to prior decade,Low (10th percentile),-4.960000000000001,DHW anomaly,15.75,0.4515783523434444,0.12388342126456488,0.05498380699865333,4.2963479523574897e-4,0.2609965053701668,Bayesian beta + Bernoulli boundary,0,11.64,TRUE
ltmp,dhw_novelty10,Thermal novelty relative to prior decade,Median (50th percentile),-0.31,DHW anomaly,15.75,0.5773150044994529,0.15527195792583198,0.08943536913864672,0.005170284272188595,0.3092280293721204,Bayesian beta + Bernoulli boundary,0,11.64,TRUE
ltmp,dhw_novelty10,Thermal novelty relative to prior decade,High (90th percentile),4.178000000000001,DHW anomaly,15.75,0.710896844891633,0.24731385566920022,0.17623054592001994,0.021845284296099124,0.47067177849815606,Bayesian beta + Bernoulli boundary,0,11.64,TRUE
ltmp,dhw_novelty10,Thermal novelty relative to prior decade,Low (10th percentile),-4.960000000000001,DHW anomaly,16,0.45555189892521836,0.12684513351495863,0.05680737381396414,3.9442965189446464e-4,0.2751183515903466,Bayesian beta + Bernoulli boundary,0,11.64,TRUE
ltmp,dhw_novelty10,Thermal novelty relative to prior decade,Median (50th percentile),-0.31,DHW anomaly,16,0.5806108829523795,0.15680980139031084,0.09085108520222798,0.004788756073110688,0.3191896867217546,Bayesian beta + Bernoulli boundary,0,11.64,TRUE
ltmp,dhw_novelty10,Thermal novelty relative to prior decade,High (90th percentile),4.178000000000001,DHW anomaly,16,0.7132538645094828,0.24732692323444086,0.17684602611175412,0.02045822934723189,0.4787643077849327,Bayesian beta + Bernoulli boundary,0,11.64,TRUE
ltmp,cloudp_90,Peak-season cloud fraction,Low (10th percentile),0.5630638,fraction,0,0.21699305936083302,0.024125279463846183,0.00523501819879506,,,BRT,0,11.64,FALSE
ltmp,cloudp_90,Peak-season cloud fraction,Median (50th percentile),0.7154463,fraction,0,0.34251000136364534,0.016140332345458832,0.0055282252536527935,,,BRT,0,11.64,FALSE
ltmp,cloudp_90,Peak-season cloud fraction,High (90th percentile),0.87140842,fraction,0,0.8010847082638243,0.011411704966855746,0.009141742344166471,,,BRT,0,11.64,FALSE
ltmp,cloudp_90,Peak-season cloud fraction,Low (10th percentile),0.5630638,fraction,0.25,0.21699305936083302,0.024125279463846183,0.00523501819879506,,,BRT,0,11.64,FALSE
ltmp,cloudp_90,Peak-season cloud fraction,Median (50th percentile),0.7154463,fraction,0.25,0.34251000136364534,0.016140332345458832,0.0055282252536527935,,,BRT,0,11.64,FALSE
ltmp,cloudp_90,Peak-season cloud fraction,High (90th percentile),0.87140842,fraction,0.25,0.8010847082638243,0.011411704966855746,0.009141742344166471,,,BRT,0,11.64,FALSE
ltmp,cloudp_90,Peak-season cloud fraction,Low (10th percentile),0.5630638,fraction,0.5,0.21699305936083302,0.024125279463846183,0.00523501819879506,,,BRT,0,11.64,FALSE
ltmp,cloudp_90,Peak-season cloud fraction,Median (50th percentile),0.7154463,fraction,0.5,0.34251000136364534,0.016140332345458832,0.0055282252536527935,,,BRT,0,11.64,FALSE
ltmp,cloudp_90,Peak-season cloud fraction,High (90th percentile),0.87140842,fraction,0.5,0.8010847082638243,0.011411704966855746,0.009141742344166471,,,BRT,0,11.64,FALSE
ltmp,cloudp_90,Peak-season cloud fraction,Low (10th percentile),0.5630638,fraction,0.75,0.21699305936083302,0.024125279463846183,0.00523501819879506,,,BRT,0,11.64,FALSE
ltmp,cloudp_90,Peak-season cloud fraction,Median (50th percentile),0.7154463,fraction,0.75,0.34251000136364534,0.016140332345458832,0.0055282252536527935,,,BRT,0,11.64,FALSE
ltmp,cloudp_90,Peak-season cloud fraction,High (90th percentile),0.87140842,fraction,0.75,0.8010847082638243,0.011411704966855746,0.009141742344166471,,,BRT,0,11.64,FALSE
ltmp,cloudp_90,Peak-season cloud fraction,Low (10th percentile),0.5630638,fraction,1,0.21699305936083302,0.024125279463846183,0.00523501819879506,,,BRT,0,11.64,FALSE
ltmp,cloudp_90,Peak-season cloud fraction,Median (50th percentile),0.7154463,fraction,1,0.34251000136364534,0.016140332345458832,0.0055282252536527935,,,BRT,0,11.64,FALSE
ltmp,cloudp_90,Peak-season cloud fraction,High (90th percentile),0.87140842,fraction,1,0.8010847082638243,0.011411704966855746,0.009141742344166471,,,BRT,0,11.64,FALSE
ltmp,cloudp_90,Peak-season cloud fraction,Low (10th percentile),0.5630638,fraction,1.25,0.21699305936083302,0.024125279463846183,0.00523501819879506,,,BRT,0,11.64,FALSE
ltmp,cloudp_90,Peak-season cloud fraction,Median (50th percentile),0.7154463,fraction,1.25,0.34251000136364534,0.016140332345458832,0.0055282252536527935,,,BRT,0,11.64,FALSE
ltmp,cloudp_90,Peak-season cloud fraction,High (90th percentile),0.87140842,fraction,1.25,0.8010847082638243,0.011411704966855746,0.009141742344166471,,,BRT,0,11.64,FALSE
ltmp,cloudp_90,Peak-season cloud fraction,Low (10th percentile),0.5630638,fraction,1.5,0.21699305936083302,0.024125279463846183,0.00523501819879506,,,BRT,0,11.64,FALSE
ltmp,cloudp_90,Peak-season cloud fraction,Median (50th percentile),0.7154463,fraction,1.5,0.34251000136364534,0.016140332345458832,0.0055282252536527935,,,BRT,0,11.64,FALSE
ltmp,cloudp_90,Peak-season cloud fraction,High (90th percentile),0.87140842,fraction,1.5,0.8010847082638243,0.011411704966855746,0.009141742344166471,,,BRT,0,11.64,FALSE
ltmp,cloudp_90,Peak-season cloud fraction,Low (10th percentile),0.5630638,fraction,1.75,0.21699305936083302,0.024125279463846183,0.00523501819879506,,,BRT,0,11.64,FALSE
ltmp,cloudp_90,Peak-season cloud fraction,Median (50th percentile),0.7154463,fraction,1.75,0.34251000136364534,0.016140332345458832,0.0055282252536527935,,,BRT,0,11.64,FALSE
ltmp,cloudp_90,Peak-season cloud fraction,High (90th percentile),0.87140842,fraction,1.75,0.8010847082638243,0.011411704966855746,0.009141742344166471,,,BRT,0,11.64,FALSE
ltmp,cloudp_90,Peak-season cloud fraction,Low (10th percentile),0.5630638,fraction,2,0.21699305936083302,0.024125279463846183,0.00523501819879506,,,BRT,0,11.64,FALSE
ltmp,cloudp_90,Peak-season cloud fraction,Median (50th percentile),0.7154463,fraction,2,0.34251000136364534,0.016140332345458832,0.0055282252536527935,,,BRT,0,11.64,FALSE
ltmp,cloudp_90,Peak-season cloud fraction,High (90th percentile),0.87140842,fraction,2,0.8010847082638243,0.011411704966855746,0.009141742344166471,,,BRT,0,11.64,FALSE
ltmp,cloudp_90,Peak-season cloud fraction,Low (10th percentile),0.5630638,fraction,2.25,0.21699305936083302,0.024125279463846183,0.00523501819879506,,,BRT,0,11.64,FALSE
ltmp,cloudp_90,Peak-season cloud fraction,Median (50th percentile),0.7154463,fraction,2.25,0.34251000136364534,0.016140332345458832,0.0055282252536527935,,,BRT,0,11.64,FALSE
ltmp,cloudp_90,Peak-season cloud fraction,High (90th percentile),0.87140842,fraction,2.25,0.8010847082638243,0.011411704966855746,0.009141742344166471,,,BRT,0,11.64,FALSE
ltmp,cloudp_90,Peak-season cloud fraction,Low (10th percentile),0.5630638,fraction,2.5,0.21699305936083302,0.024125279463846183,0.00523501819879506,,,BRT,0,11.64,FALSE
ltmp,cloudp_90,Peak-season cloud fraction,Median (50th percentile),0.7154463,fraction,2.5,0.34251000136364534,0.016140332345458832,0.0055282252536527935,,,BRT,0,11.64,FALSE
ltmp,cloudp_90,Peak-season cloud fraction,High (90th percentile),0.87140842,fraction,2.5,0.8010847082638243,0.011411704966855746,0.009141742344166471,,,BRT,0,11.64,FALSE
ltmp,cloudp_90,Peak-season cloud fraction,Low (10th percentile),0.5630638,fraction,2.75,0.21699305936083302,0.024125279463846183,0.00523501819879506,,,BRT,0,11.64,FALSE
ltmp,cloudp_90,Peak-season cloud fraction,Median (50th percentile),0.7154463,fraction,2.75,0.34251000136364534,0.016140332345458832,0.0055282252536527935,,,BRT,0,11.64,FALSE
ltmp,cloudp_90,Peak-season cloud fraction,High (90th percentile),0.87140842,fraction,2.75,0.8010847082638243,0.011411704966855746,0.009141742344166471,,,BRT,0,11.64,FALSE
ltmp,cloudp_90,Peak-season cloud fraction,Low (10th percentile),0.5630638,fraction,3,0.21699305936083302,0.024125279463846183,0.00523501819879506,,,BRT,0,11.64,FALSE
ltmp,cloudp_90,Peak-season cloud fraction,Median (50th percentile),0.7154463,fraction,3,0.34251000136364534,0.016140332345458832,0.0055282252536527935,,,BRT,0,11.64,FALSE
ltmp,cloudp_90,Peak-season cloud fraction,High (90th percentile),0.87140842,fraction,3,0.8010847082638243,0.011411704966855746,0.009141742344166471,,,BRT,0,11.64,FALSE
ltmp,cloudp_90,Peak-season cloud fraction,Low (10th percentile),0.5630638,fraction,3.25,0.19168245598720163,0.024125279463846183,0.004624392819007635,,,BRT,0,11.64,FALSE
ltmp,cloudp_90,Peak-season cloud fraction,Median (50th percentile),0.7154463,fraction,3.25,0.30832380879747384,0.016140332345458832,0.004976448744008931,,,BRT,0,11.64,FALSE
ltmp,cloudp_90,Peak-season cloud fraction,High (90th percentile),0.87140842,fraction,3.25,0.7794845244204579,0.011411704966855746,0.00889524741891613,,,BRT,0,11.64,FALSE
ltmp,cloudp_90,Peak-season cloud fraction,Low (10th percentile),0.5630638,fraction,3.5,0.18580909502822873,0.024125279463846183,0.004482696344480371,,,BRT,0,11.64,FALSE
ltmp,cloudp_90,Peak-season cloud fraction,Median (50th percentile),0.7154463,fraction,3.5,0.3002037957915056,0.016140332345458832,0.004845389035443156,,,BRT,0,11.64,FALSE
ltmp,cloudp_90,Peak-season cloud fraction,High (90th percentile),0.87140842,fraction,3.5,0.7728202132823454,0.011411704966855746,0.008819196266400658,,,BRT,0,11.64,FALSE
ltmp,cloudp_90,Peak-season cloud fraction,Low (10th percentile),0.5630638,fraction,3.75,0.18580909502822873,0.025202432206032955,0.004682841120713269,,,BRT,0,11.64,FALSE
ltmp,cloudp_90,Peak-season cloud fraction,Median (50th percentile),0.7154463,fraction,3.75,0.3002037957915056,0.016867132799510152,0.005063577290532351,,,BRT,0,11.64,FALSE
ltmp,cloudp_90,Peak-season cloud fraction,High (90th percentile),0.87140842,fraction,3.75,0.7728202132823454,0.011357041739605063,0.008776951419458084,,,BRT,0,11.64,FALSE
ltmp,cloudp_90,Peak-season cloud fraction,Low (10th percentile),0.5630638,fraction,4,0.18040988715675002,0.026202462373931826,0.004727183280110029,,,BRT,0,11.64,FALSE
ltmp,cloudp_90,Peak-season cloud fraction,Median (50th percentile),0.7154463,fraction,4,0.2850534723989258,0.017542371099723245,0.005000513796086674,,,BRT,0,11.64,FALSE
ltmp,cloudp_90,Peak-season cloud fraction,High (90th percentile),0.87140842,fraction,4,0.7597120249335255,0.011814346519457114,0.008975501117563114,,,BRT,0,11.64,FALSE
ltmp,cloudp_90,Peak-season cloud fraction,Low (10th percentile),0.5630638,fraction,4.25,0.07707632949836841,0.027335944085964584,0.002106954233518782,,,BRT,0,11.64,FALSE
ltmp,cloudp_90,Peak-season cloud fraction,Median (50th percentile),0.7154463,fraction,4.25,0.13617828904822127,0.018308272687012357,0.0024931892499456235,,,BRT,0,11.64,FALSE
ltmp,cloudp_90,Peak-season cloud fraction,High (90th percentile),0.87140842,fraction,4.25,0.5656339263682422,0.012070208091625121,0.006827319194947645,,,BRT,0,11.64,FALSE
ltmp,cloudp_90,Peak-season cloud fraction,Low (10th percentile),0.5630638,fraction,4.5,0.05559956357940023,0.03789193463203576,0.0021067750287203494,,,BRT,0,11.64,FALSE
ltmp,cloudp_90,Peak-season cloud fraction,Median (50th percentile),0.7154463,fraction,4.5,0.10001787131927331,0.0246510446264802,0.0024655450093369604,,,BRT,0,11.64,FALSE
ltmp,cloudp_90,Peak-season cloud fraction,High (90th percentile),0.87140842,fraction,4.5,0.4786217478938851,0.01628770291895694,0.007795648840247505,,,BRT,0,11.64,FALSE
ltmp,cloudp_90,Peak-season cloud fraction,Low (10th percentile),0.5630638,fraction,4.75,0.05610884866091497,0.03948002864201432,0.00221517895220337,,,BRT,0,11.64,FALSE
ltmp,cloudp_90,Peak-season cloud fraction,Median (50th percentile),0.7154463,fraction,4.75,0.10089055694640889,0.02569902101011185,0.0025927885426876482,,,BRT,0,11.64,FALSE
ltmp,cloudp_90,Peak-season cloud fraction,High (90th percentile),0.87140842,fraction,4.75,0.4745112676119648,0.01698632519253376,0.008060202699178247,,,BRT,0,11.64,FALSE
ltmp,cloudp_90,Peak-season cloud fraction,Low (10th percentile),0.5630638,fraction,5,0.05409944703258147,0.040194784283568014,0.0021745156033349256,,,BRT,0,11.64,FALSE
ltmp,cloudp_90,Peak-season cloud fraction,Median (50th percentile),0.7154463,fraction,5,0.09744297112841888,0.026457336314528863,0.002578081458631504,,,BRT,0,11.64,FALSE
ltmp,cloudp_90,Peak-season cloud fraction,High (90th percentile),0.87140842,fraction,5,0.4648979552626131,0.017492165822075682,0.008132072123797551,,,BRT,0,11.64,FALSE
ltmp,cloudp_90,Peak-season cloud fraction,Low (10th percentile),0.5630638,fraction,5.25,0.05152080469722798,0.04081758592903903,0.0021029548728623408,,,BRT,0,11.64,FALSE
ltmp,cloudp_90,Peak-season cloud fraction,Median (50th percentile),0.7154463,fraction,5.25,0.0930014926386355,0.026873241537226002,0.0024992515750005976,,,BRT,0,11.64,FALSE
ltmp,cloudp_90,Peak-season cloud fraction,High (90th percentile),0.87140842,fraction,5.25,0.45209731966949696,0.0177697123181274,0.008033639310323441,,,BRT,0,11.64,FALSE
ltmp,cloudp_90,Peak-season cloud fraction,Low (10th percentile),0.5630638,fraction,5.5,0.047567434453140434,0.05169718258514649,0.0024591023440309885,,,BRT,0,11.64,FALSE
ltmp,cloudp_90,Peak-season cloud fraction,Median (50th percentile),0.7154463,fraction,5.5,0.07843538709267857,0.0335522485981531,0.0026316836066259206,,,BRT,0,11.64,FALSE
ltmp,cloudp_90,Peak-season cloud fraction,High (90th percentile),0.87140842,fraction,5.5,0.40649532719675846,0.022237855512004943,0.009039584352506689,,,BRT,0,11.64,FALSE
ltmp,cloudp_90,Peak-season cloud fraction,Low (10th percentile),0.5630638,fraction,5.75,0.03344095948097256,0.05213388549554995,0.001743407152442349,,,BRT,0,11.64,FALSE
ltmp,cloudp_90,Peak-season cloud fraction,Median (50th percentile),0.7154463,fraction,5.75,0.05567770769366554,0.03384114516611752,0.0018841973885779938,,,BRT,0,11.64,FALSE
ltmp,cloudp_90,Peak-season cloud fraction,High (90th percentile),0.87140842,fraction,5.75,0.3217889500275736,0.022431592380246227,0.007218238559485953,,,BRT,0,11.64,FALSE
ltmp,cloudp_90,Peak-season cloud fraction,Low (10th percentile),0.5630638,fraction,6,0.029128235668165654,0.055378942516730464,0.0016130908886811237,,,BRT,0,11.64,FALSE
ltmp,cloudp_90,Peak-season cloud fraction,Median (50th percentile),0.7154463,fraction,6,0.051550496712239616,0.03703115894463024,0.0019089746374255836,,,BRT,0,11.64,FALSE
ltmp,cloudp_90,Peak-season cloud fraction,High (90th percentile),0.87140842,fraction,6,0.30429212881893597,0.024573446813223456,0.007477506443214664,,,BRT,0,11.64,FALSE
ltmp,cloudp_90,Peak-season cloud fraction,Low (10th percentile),0.5630638,fraction,6.25,0.029128235668165654,0.05701201652631133,0.0016606594532957513,,,BRT,0,11.64,FALSE
ltmp,cloudp_90,Peak-season cloud fraction,Median (50th percentile),0.7154463,fraction,6.25,0.051550496712239616,0.03847450978443025,0.0019833800901473022,,,BRT,0,11.64,FALSE
ltmp,cloudp_90,Peak-season cloud fraction,High (90th percentile),0.87140842,fraction,6.25,0.30429212881893597,0.025544117829584857,0.007772873993166115,,,BRT,0,11.64,FALSE
ltmp,cloudp_90,Peak-season cloud fraction,Low (10th percentile),0.5630638,fraction,6.5,0.02958833781829803,0.057213849076910156,0.0016928626943727367,,,BRT,0,11.64,FALSE
ltmp,cloudp_90,Peak-season cloud fraction,Median (50th percentile),0.7154463,fraction,6.5,0.05360041379067572,0.03885089246772952,0.002082423912407349,,,BRT,0,11.64,FALSE
ltmp,cloudp_90,Peak-season cloud fraction,High (90th percentile),0.87140842,fraction,6.5,0.31307484875671276,0.025797400784843445,0.008076517349031165,,,BRT,0,11.64,FALSE
ltmp,cloudp_90,Peak-season cloud fraction,Low (10th percentile),0.5630638,fraction,6.75,0.028968439586493224,0.05619530138366495,0.0016278901931774772,,,BRT,0,11.64,FALSE
ltmp,cloudp_90,Peak-season cloud fraction,Median (50th percentile),0.7154463,fraction,6.75,0.05413422136011714,0.03814602378912333,0.002065005295808697,,,BRT,0,11.64,FALSE
ltmp,cloudp_90,Peak-season cloud fraction,High (90th percentile),0.87140842,fraction,6.75,0.30559948531853015,0.025323120924514747,0.007738732721190608,,,BRT,0,11.64,FALSE
ltmp,cloudp_90,Peak-season cloud fraction,Low (10th percentile),0.5630638,fraction,7,0.02974298827549466,0.05272296882186159,0.0015681386435178997,,,BRT,0,11.64,FALSE
ltmp,cloudp_90,Peak-season cloud fraction,Median (50th percentile),0.7154463,fraction,7,0.05554315599000302,0.03588285374506935,0.001993046942928851,,,BRT,0,11.64,FALSE
ltmp,cloudp_90,Peak-season cloud fraction,High (90th percentile),0.87140842,fraction,7,0.31632320990256324,0.023611395060822403,0.00746883227591687,,,BRT,0,11.64,FALSE
ltmp,cloudp_90,Peak-season cloud fraction,Low (10th percentile),0.5630638,fraction,7.25,0.044846284325892535,0.05272296882186159,0.002364429250290372,,,BRT,0,11.64,FALSE
ltmp,cloudp_90,Peak-season cloud fraction,Median (50th percentile),0.7154463,fraction,7.25,0.08263185056263182,0.03588285374506935,0.0029650666084233444,,,BRT,0,11.64,FALSE
ltmp,cloudp_90,Peak-season cloud fraction,High (90th percentile),0.87140842,fraction,7.25,0.40595101022603175,0.023611395060822403,0.00958506967778679,,,BRT,0,11.64,FALSE
ltmp,cloudp_90,Peak-season cloud fraction,Low (10th percentile),0.5630638,fraction,7.5,0.07835835945106684,0.05272296882186159,0.00413128534227082,,,BRT,0,11.64,FALSE
ltmp,cloudp_90,Peak-season cloud fraction,Median (50th percentile),0.7154463,fraction,7.5,0.13638658784824653,0.03701989575265912,0.005049017264202971,,,BRT,0,11.64,FALSE
ltmp,cloudp_90,Peak-season cloud fraction,High (90th percentile),0.87140842,fraction,7.5,0.4807720998923377,0.024369412637104265,0.011716133686683488,,,BRT,0,11.64,FALSE
ltmp,cloudp_90,Peak-season cloud fraction,Low (10th percentile),0.5630638,fraction,7.75,0.07583983254357354,0.05197068358801574,0.0039414479404901595,,,BRT,0,11.64,FALSE
ltmp,cloudp_90,Peak-season cloud fraction,Median (50th percentile),0.7154463,fraction,7.75,0.1288751632409322,0.036670616290018644,0.004725931660521741,,,BRT,0,11.64,FALSE
ltmp,cloudp_90,Peak-season cloud fraction,High (90th percentile),0.87140842,fraction,7.75,0.43244257985367474,0.024191579173009615,0.010461468908310704,,,BRT,0,11.64,FALSE
ltmp,cloudp_90,Peak-season cloud fraction,Low (10th percentile),0.5630638,fraction,8,0.07583983254357354,0.053468758121206196,0.0040550616622251155,,,BRT,0,11.64,FALSE
ltmp,cloudp_90,Peak-season cloud fraction,Median (50th percentile),0.7154463,fraction,8,0.1288751632409322,0.03774521997306549,0.0048644213855937105,,,BRT,0,11.64,FALSE
ltmp,cloudp_90,Peak-season cloud fraction,High (90th percentile),0.87140842,fraction,8,0.43244257985367474,0.0248773063416558,0.010758006534195817,,,BRT,0,11.64,FALSE
ltmp,cloudp_90,Peak-season cloud fraction,Low (10th percentile),0.5630638,fraction,8.25,0.08610213730288223,0.05334223038318945,0.004592880044495354,,,BRT,0,11.64,FALSE
ltmp,cloudp_90,Peak-season cloud fraction,Median (50th percentile),0.7154463,fraction,8.25,0.145186534174662,0.037654420012507704,0.005466914737973027,,,BRT,0,11.64,FALSE
ltmp,cloudp_90,Peak-season cloud fraction,High (90th percentile),0.87140842,fraction,8.25,0.4602540547915178,0.024816663119423026,0.011421969827109565,,,BRT,0,11.64,FALSE
ltmp,cloudp_90,Peak-season cloud fraction,Low (10th percentile),0.5630638,fraction,8.5,0.1479316326747513,0.053339691622402395,0.00789062766806974,,,BRT,0,11.64,FALSE
ltmp,cloudp_90,Peak-season cloud fraction,Median (50th percentile),0.7154463,fraction,8.5,0.23837742701471323,0.03765259819746682,0.008975529478730971,,,BRT,0,11.64,FALSE
ltmp,cloudp_90,Peak-season cloud fraction,High (90th percentile),0.87140842,fraction,8.5,0.6040207216138999,0.024815446410644374,0.014989043848128476,,,BRT,0,11.64,FALSE
ltmp,cloudp_90,Peak-season cloud fraction,Low (10th percentile),0.5630638,fraction,8.75,0.12209917535787847,0.057008592091920204,0.006960702082737129,,,BRT,0,11.64,FALSE
ltmp,cloudp_90,Peak-season cloud fraction,Median (50th percentile),0.7154463,fraction,8.75,0.20046681139538447,0.04028840385803979,0.008076487857630743,,,BRT,0,11.64,FALSE
ltmp,cloudp_90,Peak-season cloud fraction,High (90th percentile),0.87140842,fraction,8.75,0.5617538029556426,0.026577427322340877,0.01492997087110219,,,BRT,0,11.64,FALSE
ltmp,cloudp_90,Peak-season cloud fraction,Low (10th percentile),0.5630638,fraction,9,0.10897592264565018,0.0559694437096338,0.006099321768221124,,,BRT,0,11.64,FALSE
ltmp,cloudp_90,Peak-season cloud fraction,Median (50th percentile),0.7154463,fraction,9,0.18065385803572664,0.03954125011280483,0.007143279384433803,,,BRT,0,11.64,FALSE
ltmp,cloudp_90,Peak-season cloud fraction,High (90th percentile),0.87140842,fraction,9,0.5298988745287109,0.026077636270688008,0.013818510110206664,,,BRT,0,11.64,FALSE
ltmp,cloudp_90,Peak-season cloud fraction,Low (10th percentile),0.5630638,fraction,9.25,0.11761965032293145,0.05222275848926602,0.0061424225924063686,,,BRT,0,11.64,FALSE
ltmp,cloudp_90,Peak-season cloud fraction,Median (50th percentile),0.7154463,fraction,9.25,0.19374668556639132,0.036898875860141074,0.00714903489902806,,,BRT,0,11.64,FALSE
ltmp,cloudp_90,Peak-season cloud fraction,High (90th percentile),0.87140842,fraction,9.25,0.5512730722432162,0.024312203678145197,0.013402663214653924,,,BRT,0,11.64,FALSE
ltmp,cloudp_90,Peak-season cloud fraction,Low (10th percentile),0.5630638,fraction,9.5,0.12224693321050266,0.05760050613302753,0.007041485226135365,,,BRT,0,11.64,FALSE
ltmp,cloudp_90,Peak-season cloud fraction,Median (50th percentile),0.7154463,fraction,9.5,0.20068772601073287,0.04076648915179321,0.008181334005314591,,,BRT,0,11.64,FALSE
ltmp,cloudp_90,Peak-season cloud fraction,High (90th percentile),0.87140842,fraction,9.5,0.5555916886452587,0.026323928463550913,0.01462535586684124,,,BRT,0,11.64,FALSE
ltmp,cloudp_90,Peak-season cloud fraction,Low (10th percentile),0.5630638,fraction,9.75,0.12224693321050266,0.05760050613302753,0.007041485226135365,,,BRT,0,11.64,FALSE
ltmp,cloudp_90,Peak-season cloud fraction,Median (50th percentile),0.7154463,fraction,9.75,0.20068772601073287,0.04076648915179321,0.008181334005314591,,,BRT,0,11.64,FALSE
ltmp,cloudp_90,Peak-season cloud fraction,High (90th percentile),0.87140842,fraction,9.75,0.5555916886452587,0.026323928463550913,0.01462535586684124,,,BRT,0,11.64,FALSE
ltmp,cloudp_90,Peak-season cloud fraction,Low (10th percentile),0.5630638,fraction,10,0.130959349218156,0.05888973664635289,0.007712161586834967,,,BRT,0,11.64,FALSE
ltmp,cloudp_90,Peak-season cloud fraction,Median (50th percentile),0.7154463,fraction,10,0.213629932535172,0.041695606473987186,0.008907429598050964,,,BRT,0,11.64,FALSE
ltmp,cloudp_90,Peak-season cloud fraction,High (90th percentile),0.87140842,fraction,10,0.5650218425600207,0.026933124623685786,0.015217803700773608,,,BRT,0,11.64,FALSE
ltmp,cloudp_90,Peak-season cloud fraction,Low (10th percentile),0.5630638,fraction,10.25,0.1465343431319175,0.06122259133757406,0.008971212206485236,,,BRT,0,11.64,FALSE
ltmp,cloudp_90,Peak-season cloud fraction,Median (50th percentile),0.7154463,fraction,10.25,0.23636281460645786,0.04337872916406752,0.010253118519270238,,,BRT,0,11.64,FALSE
ltmp,cloudp_90,Peak-season cloud fraction,High (90th percentile),0.87140842,fraction,10.25,0.5967703303644546,0.02803776668843339,0.016732107289337893,,,BRT,0,11.64,FALSE
ltmp,cloudp_90,Peak-season cloud fraction,Low (10th percentile),0.5630638,fraction,10.5,0.20442510011003345,0.059733712326935855,0.012211070122377802,,,BRT,0,11.64,FALSE
ltmp,cloudp_90,Peak-season cloud fraction,Median (50th percentile),0.7154463,fraction,10.5,0.3165780413439455,0.042304242021769474,0.013392594079792014,,,BRT,0,11.64,FALSE
ltmp,cloudp_90,Peak-season cloud fraction,High (90th percentile),0.87140842,fraction,10.5,0.6889485289399259,0.0273324166502672,0.018830628243574725,,,BRT,0,11.64,FALSE
ltmp,cloudp_90,Peak-season cloud fraction,Low (10th percentile),0.5630638,fraction,10.75,0.20442510011003345,0.06268190559145007,0.012813754825619845,,,BRT,0,11.64,FALSE
ltmp,cloudp_90,Peak-season cloud fraction,Median (50th percentile),0.7154463,fraction,10.75,0.3165780413439455,0.044432844554536104,0.014066462900415034,,,BRT,0,11.64,FALSE
ltmp,cloudp_90,Peak-season cloud fraction,High (90th percentile),0.87140842,fraction,10.75,0.6889485289399259,0.028730288376568453,0.019793689913056686,,,BRT,0,11.64,FALSE
ltmp,cloudp_90,Peak-season cloud fraction,Low (10th percentile),0.5630638,fraction,11,0.20442510011003345,0.061796507038198216,0.012632757137734056,,,BRT,0,11.64,FALSE
ltmp,cloudp_90,Peak-season cloud fraction,Median (50th percentile),0.7154463,fraction,11,0.3165780413439455,0.04379317522504064,0.013863957636975567,,,BRT,0,11.64,FALSE
ltmp,cloudp_90,Peak-season cloud fraction,High (90th percentile),0.87140842,fraction,11,0.6889485289399259,0.02830998072274431,0.019504119573252352,,,BRT,0,11.64,FALSE
ltmp,cloudp_90,Peak-season cloud fraction,Low (10th percentile),0.5630638,fraction,11.25,0.20442510011003345,0.061796507038198216,0.012632757137734056,,,BRT,0,11.64,FALSE
ltmp,cloudp_90,Peak-season cloud fraction,Median (50th percentile),0.7154463,fraction,11.25,0.3165780413439455,0.04379317522504064,0.013863957636975567,,,BRT,0,11.64,FALSE
ltmp,cloudp_90,Peak-season cloud fraction,High (90th percentile),0.87140842,fraction,11.25,0.6889485289399259,0.02830998072274431,0.019504119573252352,,,BRT,0,11.64,FALSE
ltmp,cloudp_90,Peak-season cloud fraction,Low (10th percentile),0.5630638,fraction,11.5,0.20442510011003345,0.061796507038198216,0.012632757137734056,,,BRT,0,11.64,FALSE
ltmp,cloudp_90,Peak-season cloud fraction,Median (50th percentile),0.7154463,fraction,11.5,0.3165780413439455,0.04379317522504064,0.013863957636975567,,,BRT,0,11.64,FALSE
ltmp,cloudp_90,Peak-season cloud fraction,High (90th percentile),0.87140842,fraction,11.5,0.6889485289399259,0.02830998072274431,0.019504119573252352,,,BRT,0,11.64,FALSE
ltmp,cloudp_90,Peak-season cloud fraction,Low (10th percentile),0.5630638,fraction,11.75,0.20442510011003345,0.061796507038198216,0.012632757137734056,,,BRT,0,11.64,TRUE
ltmp,cloudp_90,Peak-season cloud fraction,Median (50th percentile),0.7154463,fraction,11.75,0.3165780413439455,0.04379317522504064,0.013863957636975567,,,BRT,0,11.64,TRUE
ltmp,cloudp_90,Peak-season cloud fraction,High (90th percentile),0.87140842,fraction,11.75,0.6889485289399259,0.02830998072274431,0.019504119573252352,,,BRT,0,11.64,TRUE
ltmp,cloudp_90,Peak-season cloud fraction,Low (10th percentile),0.5630638,fraction,12,0.20442510011003345,0.061796507038198216,0.012632757137734056,,,BRT,0,11.64,TRUE
ltmp,cloudp_90,Peak-season cloud fraction,Median (50th percentile),0.7154463,fraction,12,0.3165780413439455,0.04379317522504064,0.013863957636975567,,,BRT,0,11.64,TRUE
ltmp,cloudp_90,Peak-season cloud fraction,High (90th percentile),0.87140842,fraction,12,0.6889485289399259,0.02830998072274431,0.019504119573252352,,,BRT,0,11.64,TRUE
ltmp,cloudp_90,Peak-season cloud fraction,Low (10th percentile),0.5630638,fraction,12.25,0.20442510011003345,0.061796507038198216,0.012632757137734056,,,BRT,0,11.64,TRUE
ltmp,cloudp_90,Peak-season cloud fraction,Median (50th percentile),0.7154463,fraction,12.25,0.3165780413439455,0.04379317522504064,0.013863957636975567,,,BRT,0,11.64,TRUE
ltmp,cloudp_90,Peak-season cloud fraction,High (90th percentile),0.87140842,fraction,12.25,0.6889485289399259,0.02830998072274431,0.019504119573252352,,,BRT,0,11.64,TRUE
ltmp,cloudp_90,Peak-season cloud fraction,Low (10th percentile),0.5630638,fraction,12.5,0.20442510011003345,0.061796507038198216,0.012632757137734056,,,BRT,0,11.64,TRUE
ltmp,cloudp_90,Peak-season cloud fraction,Median (50th percentile),0.7154463,fraction,12.5,0.3165780413439455,0.04379317522504064,0.013863957636975567,,,BRT,0,11.64,TRUE
ltmp,cloudp_90,Peak-season cloud fraction,High (90th percentile),0.87140842,fraction,12.5,0.6889485289399259,0.02830998072274431,0.019504119573252352,,,BRT,0,11.64,TRUE
ltmp,cloudp_90,Peak-season cloud fraction,Low (10th percentile),0.5630638,fraction,12.75,0.20442510011003345,0.061796507038198216,0.012632757137734056,,,BRT,0,11.64,TRUE
ltmp,cloudp_90,Peak-season cloud fraction,Median (50th percentile),0.7154463,fraction,12.75,0.3165780413439455,0.04379317522504064,0.013863957636975567,,,BRT,0,11.64,TRUE
ltmp,cloudp_90,Peak-season cloud fraction,High (90th percentile),0.87140842,fraction,12.75,0.6889485289399259,0.02830998072274431,0.019504119573252352,,,BRT,0,11.64,TRUE
ltmp,cloudp_90,Peak-season cloud fraction,Low (10th percentile),0.5630638,fraction,13,0.20442510011003345,0.061796507038198216,0.012632757137734056,,,BRT,0,11.64,TRUE
ltmp,cloudp_90,Peak-season cloud fraction,Median (50th percentile),0.7154463,fraction,13,0.3165780413439455,0.04379317522504064,0.013863957636975567,,,BRT,0,11.64,TRUE
ltmp,cloudp_90,Peak-season cloud fraction,High (90th percentile),0.87140842,fraction,13,0.6889485289399259,0.02830998072274431,0.019504119573252352,,,BRT,0,11.64,TRUE
ltmp,cloudp_90,Peak-season cloud fraction,Low (10th percentile),0.5630638,fraction,13.25,0.20442510011003345,0.061796507038198216,0.012632757137734056,,,BRT,0,11.64,TRUE
ltmp,cloudp_90,Peak-season cloud fraction,Median (50th percentile),0.7154463,fraction,13.25,0.3165780413439455,0.04379317522504064,0.013863957636975567,,,BRT,0,11.64,TRUE
ltmp,cloudp_90,Peak-season cloud fraction,High (90th percentile),0.87140842,fraction,13.25,0.6889485289399259,0.02830998072274431,0.019504119573252352,,,BRT,0,11.64,TRUE
ltmp,cloudp_90,Peak-season cloud fraction,Low (10th percentile),0.5630638,fraction,13.5,0.20442510011003345,0.061796507038198216,0.012632757137734056,,,BRT,0,11.64,TRUE
ltmp,cloudp_90,Peak-season cloud fraction,Median (50th percentile),0.7154463,fraction,13.5,0.3165780413439455,0.04379317522504064,0.013863957636975567,,,BRT,0,11.64,TRUE
ltmp,cloudp_90,Peak-season cloud fraction,High (90th percentile),0.87140842,fraction,13.5,0.6889485289399259,0.02830998072274431,0.019504119573252352,,,BRT,0,11.64,TRUE
ltmp,cloudp_90,Peak-season cloud fraction,Low (10th percentile),0.5630638,fraction,13.75,0.20442510011003345,0.061796507038198216,0.012632757137734056,,,BRT,0,11.64,TRUE
ltmp,cloudp_90,Peak-season cloud fraction,Median (50th percentile),0.7154463,fraction,13.75,0.3165780413439455,0.04379317522504064,0.013863957636975567,,,BRT,0,11.64,TRUE
ltmp,cloudp_90,Peak-season cloud fraction,High (90th percentile),0.87140842,fraction,13.75,0.6889485289399259,0.02830998072274431,0.019504119573252352,,,BRT,0,11.64,TRUE
ltmp,cloudp_90,Peak-season cloud fraction,Low (10th percentile),0.5630638,fraction,14,0.20442510011003345,0.061796507038198216,0.012632757137734056,,,BRT,0,11.64,TRUE
ltmp,cloudp_90,Peak-season cloud fraction,Median (50th percentile),0.7154463,fraction,14,0.3165780413439455,0.04379317522504064,0.013863957636975567,,,BRT,0,11.64,TRUE
ltmp,cloudp_90,Peak-season cloud fraction,High (90th percentile),0.87140842,fraction,14,0.6889485289399259,0.02830998072274431,0.019504119573252352,,,BRT,0,11.64,TRUE
ltmp,cloudp_90,Peak-season cloud fraction,Low (10th percentile),0.5630638,fraction,14.25,0.20442510011003345,0.061796507038198216,0.012632757137734056,,,BRT,0,11.64,TRUE
ltmp,cloudp_90,Peak-season cloud fraction,Median (50th percentile),0.7154463,fraction,14.25,0.3165780413439455,0.04379317522504064,0.013863957636975567,,,BRT,0,11.64,TRUE
ltmp,cloudp_90,Peak-season cloud fraction,High (90th percentile),0.87140842,fraction,14.25,0.6889485289399259,0.02830998072274431,0.019504119573252352,,,BRT,0,11.64,TRUE
ltmp,cloudp_90,Peak-season cloud fraction,Low (10th percentile),0.5630638,fraction,14.5,0.20442510011003345,0.061796507038198216,0.012632757137734056,,,BRT,0,11.64,TRUE
ltmp,cloudp_90,Peak-season cloud fraction,Median (50th percentile),0.7154463,fraction,14.5,0.3165780413439455,0.04379317522504064,0.013863957636975567,,,BRT,0,11.64,TRUE
ltmp,cloudp_90,Peak-season cloud fraction,High (90th percentile),0.87140842,fraction,14.5,0.6889485289399259,0.02830998072274431,0.019504119573252352,,,BRT,0,11.64,TRUE
ltmp,cloudp_90,Peak-season cloud fraction,Low (10th percentile),0.5630638,fraction,14.75,0.20442510011003345,0.061796507038198216,0.012632757137734056,,,BRT,0,11.64,TRUE
ltmp,cloudp_90,Peak-season cloud fraction,Median (50th percentile),0.7154463,fraction,14.75,0.3165780413439455,0.04379317522504064,0.013863957636975567,,,BRT,0,11.64,TRUE
ltmp,cloudp_90,Peak-season cloud fraction,High (90th percentile),0.87140842,fraction,14.75,0.6889485289399259,0.02830998072274431,0.019504119573252352,,,BRT,0,11.64,TRUE
ltmp,cloudp_90,Peak-season cloud fraction,Low (10th percentile),0.5630638,fraction,15,0.20442510011003345,0.061796507038198216,0.012632757137734056,,,BRT,0,11.64,TRUE
ltmp,cloudp_90,Peak-season cloud fraction,Median (50th percentile),0.7154463,fraction,15,0.3165780413439455,0.04379317522504064,0.013863957636975567,,,BRT,0,11.64,TRUE
ltmp,cloudp_90,Peak-season cloud fraction,High (90th percentile),0.87140842,fraction,15,0.6889485289399259,0.02830998072274431,0.019504119573252352,,,BRT,0,11.64,TRUE
ltmp,cloudp_90,Peak-season cloud fraction,Low (10th percentile),0.5630638,fraction,15.25,0.20442510011003345,0.061796507038198216,0.012632757137734056,,,BRT,0,11.64,TRUE
ltmp,cloudp_90,Peak-season cloud fraction,Median (50th percentile),0.7154463,fraction,15.25,0.3165780413439455,0.04379317522504064,0.013863957636975567,,,BRT,0,11.64,TRUE
ltmp,cloudp_90,Peak-season cloud fraction,High (90th percentile),0.87140842,fraction,15.25,0.6889485289399259,0.02830998072274431,0.019504119573252352,,,BRT,0,11.64,TRUE
ltmp,cloudp_90,Peak-season cloud fraction,Low (10th percentile),0.5630638,fraction,15.5,0.20442510011003345,0.061796507038198216,0.012632757137734056,,,BRT,0,11.64,TRUE
ltmp,cloudp_90,Peak-season cloud fraction,Median (50th percentile),0.7154463,fraction,15.5,0.3165780413439455,0.04379317522504064,0.013863957636975567,,,BRT,0,11.64,TRUE
ltmp,cloudp_90,Peak-season cloud fraction,High (90th percentile),0.87140842,fraction,15.5,0.6889485289399259,0.02830998072274431,0.019504119573252352,,,BRT,0,11.64,TRUE
ltmp,cloudp_90,Peak-season cloud fraction,Low (10th percentile),0.5630638,fraction,15.75,0.20442510011003345,0.061796507038198216,0.012632757137734056,,,BRT,0,11.64,TRUE
ltmp,cloudp_90,Peak-season cloud fraction,Median (50th percentile),0.7154463,fraction,15.75,0.3165780413439455,0.04379317522504064,0.013863957636975567,,,BRT,0,11.64,TRUE
ltmp,cloudp_90,Peak-season cloud fraction,High (90th percentile),0.87140842,fraction,15.75,0.6889485289399259,0.02830998072274431,0.019504119573252352,,,BRT,0,11.64,TRUE
ltmp,cloudp_90,Peak-season cloud fraction,Low (10th percentile),0.5630638,fraction,16,0.20442510011003345,0.061796507038198216,0.012632757137734056,,,BRT,0,11.64,TRUE
ltmp,cloudp_90,Peak-season cloud fraction,Median (50th percentile),0.7154463,fraction,16,0.3165780413439455,0.04379317522504064,0.013863957636975567,,,BRT,0,11.64,TRUE
ltmp,cloudp_90,Peak-season cloud fraction,High (90th percentile),0.87140842,fraction,16,0.6889485289399259,0.02830998072274431,0.019504119573252352,,,BRT,0,11.64,TRUE
ltmp,cloudp_90,Peak-season cloud fraction,Low (10th percentile),0.5630638,fraction,0,0.24995829220929636,0.35476689171349457,0.08853779947609544,0.008475985910827292,0.25826114637777015,Bayesian beta + Bernoulli boundary,0,11.64,FALSE
ltmp,cloudp_90,Peak-season cloud fraction,Median (50th percentile),0.7154463,fraction,0,0.3088995517569017,0.1806688068872517,0.055715024592957976,0.008433544258815278,0.14790396980791537,Bayesian beta + Bernoulli boundary,0,11.64,FALSE
ltmp,cloudp_90,Peak-season cloud fraction,High (90th percentile),0.87140842,fraction,0,0.380787300737661,0.09780131881963938,0.03743610271683352,0.0027847464461333384,0.12096992367720982,Bayesian beta + Bernoulli boundary,0,11.64,FALSE
ltmp,cloudp_90,Peak-season cloud fraction,Low (10th percentile),0.5630638,fraction,0.25,0.25213827095502045,0.3514042523673181,0.08846366986063593,0.008992591120990628,0.2552407050450716,Bayesian beta + Bernoulli boundary,0,11.64,FALSE
ltmp,cloudp_90,Peak-season cloud fraction,Median (50th percentile),0.7154463,fraction,0.25,0.31156708703119845,0.18012306493468044,0.05603208844569061,0.008911779400983514,0.14555771848505916,Bayesian beta + Bernoulli boundary,0,11.64,FALSE
ltmp,cloudp_90,Peak-season cloud fraction,High (90th percentile),0.87140842,fraction,0.25,0.3840446137318877,0.09748715996828959,0.03763254629370053,0.003038561729982004,0.11928801583474849,Bayesian beta + Bernoulli boundary,0,11.64,FALSE
ltmp,cloudp_90,Peak-season cloud fraction,Low (10th percentile),0.5630638,fraction,0.5,0.2544062528839779,0.3480348889766198,0.0884051163014259,0.009717681034681066,0.2501140419403918,Bayesian beta + Bernoulli boundary,0,11.64,FALSE
ltmp,cloudp_90,Peak-season cloud fraction,Median (50th percentile),0.7154463,fraction,0.5,0.31432316319308057,0.1796266780777317,0.05637737624838984,0.009387209616887587,0.14451101166257652,Bayesian beta + Bernoulli boundary,0,11.64,FALSE
ltmp,cloudp_90,Peak-season cloud fraction,High (90th percentile),0.87140842,fraction,0.5,0.3873821844156163,0.09723845015545922,0.03785903027568099,0.003312528860024538,0.1171459242143303,Bayesian beta + Bernoulli boundary,0,11.64,FALSE
ltmp,cloudp_90,Peak-season cloud fraction,Low (10th percentile),0.5630638,fraction,0.75,0.2567645078035057,0.34465595682585,0.08836133650603958,0.010496681513672584,0.24789734715326484,Bayesian beta + Bernoulli boundary,0,11.64,FALSE
ltmp,cloudp_90,Peak-season cloud fraction,Median (50th percentile),0.7154463,fraction,0.75,0.3171696885255078,0.1791746071751203,0.05674988706548267,0.009982405571099468,0.14217917904781383,Bayesian beta + Bernoulli boundary,0,11.64,FALSE
ltmp,cloudp_90,Peak-season cloud fraction,High (90th percentile),0.87140842,fraction,0.75,0.39080071067261496,0.09705393551627227,0.03811572733390855,0.003644729604766654,0.11571311140001168,Bayesian beta + Bernoulli boundary,0,11.64,FALSE
ltmp,cloudp_90,Peak-season cloud fraction,Low (10th percentile),0.5630638,fraction,1,0.2592152326149348,0.3412641811069917,0.0883313204731422,0.011245637382522917,0.24396039427340008,Bayesian beta + Bernoulli boundary,0,11.64,FALSE
ltmp,cloudp_90,Peak-season cloud fraction,Median (50th percentile),0.7154463,fraction,1,0.3201084688731125,0.17876057166095077,0.057148174285465474,0.0105683884261752,0.14119692500654787,Bayesian beta + Bernoulli boundary,0,11.64,FALSE
ltmp,cloudp_90,Peak-season cloud fraction,High (90th percentile),0.87140842,fraction,1,0.39430073724771186,0.09693145057995538,0.038402453134895445,0.0039883470507395885,0.11356941942285813,Bayesian beta + Bernoulli boundary,0,11.64,FALSE
ltmp,cloudp_90,Peak-season cloud fraction,Low (10th percentile),0.5630638,fraction,1.25,0.26176053380208514,0.3378557803887992,0.08831381609127897,0.012044919341483403,0.2401152779230918,Bayesian beta + Bernoulli boundary,0,11.64,FALSE
ltmp,cloudp_90,Peak-season cloud fraction,Median (50th percentile),0.7154463,fraction,1.25,0.323141187671627,0.17837707859131446,0.057570329640487555,0.011253708792058982,0.14013430420149905,Bayesian beta + Bernoulli boundary,0,11.64,FALSE
ltmp,cloudp_90,Peak-season cloud fraction,High (90th percentile),0.87140842,fraction,1.25,0.3978826387125476,0.09686789936823667,0.038718640490736644,0.004384122720530985,0.11250398065367545,Bayesian beta + Bernoulli boundary,0,11.64,FALSE
ltmp,cloudp_90,Peak-season cloud fraction,Low (10th percentile),0.5630638,fraction,1.5,0.2644024086305016,0.33442640749888936,0.08830729792971591,0.01281916458451485,0.23839059960082307,Bayesian beta + Bernoulli boundary,0,11.64,FALSE
ltmp,cloudp_90,Peak-season cloud fraction,Median (50th percentile),0.7154463,fraction,1.5,0.3262693845871289,0.17801548524739985,0.05801397625881054,0.011960550531272943,0.1400382962356353,Bayesian beta + Bernoulli boundary,0,11.64,FALSE
ltmp,cloudp_90,Peak-season cloud fraction,High (90th percentile),0.87140842,fraction,1.5,0.4015466018110667,0.0968592585985648,0.039063320802283925,0.0047100198665682375,0.11125295471515412,Bayesian beta + Bernoulli boundary,0,11.64,FALSE
ltmp,cloudp_90,Peak-season cloud fraction,Low (10th percentile),0.5630638,fraction,1.75,0.2671427251013714,0.3309711137420272,0.08830994116041713,0.013744849358411125,0.23562214759214764,Bayesian beta + Bernoulli boundary,0,11.64,FALSE
ltmp,cloudp_90,Peak-season cloud fraction,Median (50th percentile),0.7154463,fraction,1.75,0.32949443284440955,0.1776660950036454,0.05847627147869482,0.012591863013610182,0.13901015551973162,Bayesian beta + Bernoulli boundary,0,11.64,FALSE
ltmp,cloudp_90,Peak-season cloud fraction,High (90th percentile),0.87140842,fraction,1.75,0.40529260731104516,0.09690060449777246,0.03943511398040035,0.005091086904001093,0.11062853154065976,Bayesian beta + Bernoulli boundary,0,11.64,FALSE
ltmp,cloudp_90,Peak-season cloud fraction,Low (10th percentile),0.5630638,fraction,2,0.2699832007291726,0.3274843422126437,0.08831960259421408,0.014448073828686568,0.23204893684971364,Bayesian beta + Bernoulli boundary,0,11.64,FALSE
ltmp,cloudp_90,Peak-season cloud fraction,Median (50th percentile),0.7154463,fraction,2,0.33281751535814963,0.17731828556521959,0.05895392006919296,0.013210094057413553,0.13905847652185138,Bayesian beta + Bernoulli boundary,0,11.64,FALSE
ltmp,cloudp_90,Peak-season cloud fraction,High (90th percentile),0.87140842,fraction,2,0.4091204115144021,0.09698616447609099,0.039832228010513324,0.005528459707814224,0.10945588356726757,Bayesian beta + Bernoulli boundary,0,11.64,FALSE
ltmp,cloudp_90,Peak-season cloud fraction,Low (10th percentile),0.5630638,fraction,2.25,0.2729253802389171,0.3239599554661647,0.08833381076359713,0.015182744578621763,0.22907749883423129,Bayesian beta + Bernoulli boundary,0,11.64,FALSE
ltmp,cloudp_90,Peak-season cloud fraction,Median (50th percentile),0.7154463,fraction,2.25,0.33623959981750806,0.17696066821668743,0.059443198446538253,0.013786373971001522,0.13934014280140017,Bayesian beta + Bernoulli boundary,0,11.64,FALSE
ltmp,cloudp_90,Peak-season cloud fraction,High (90th percentile),0.87140842,fraction,2.25,0.4130295276065737,0.097109394672853,0.040252469311228285,0.005992149845821341,0.10776574506127024,Bayesian beta + Bernoulli boundary,0,11.64,FALSE
ltmp,cloudp_90,Peak-season cloud fraction,Low (10th percentile),0.5630638,fraction,2.5,0.2759706123071512,0.3203913020224995,0.08834976686232027,0.016073464157985537,0.22569243246924187,Bayesian beta + Bernoulli boundary,0,11.64,FALSE
ltmp,cloudp_90,Peak-season cloud fraction,Median (50th percentile),0.7154463,fraction,2.5,0.3397614129137436,0.17658127643197974,0.05993999045558417,0.01454953181346597,0.13867149600563958,Bayesian beta + Bernoulli boundary,0,11.64,FALSE
ltmp,cloudp_90,Peak-season cloud fraction,High (90th percentile),0.87140842,fraction,2.5,0.41701920705362194,0.0972630841666405,0.04069326503189792,0.006380048391403982,0.10693610902592744,Bayesian beta + Bernoulli boundary,0,11.64,FALSE
ltmp,cloudp_90,Peak-season cloud fraction,Low (10th percentile),0.5630638,fraction,2.75,0.2791200255007448,0.3167713251775416,0.08836435819869254,0.01663679451907633,0.22111167038414398,Bayesian beta + Bernoulli boundary,0,11.64,FALSE
ltmp,cloudp_90,Peak-season cloud fraction,Median (50th percentile),0.7154463,fraction,2.75,0.3433834139412531,0.17616778209323586,0.060439835313841214,0.01534537346032889,0.13847002056148622,Bayesian beta + Bernoulli boundary,0,11.64,FALSE
ltmp,cloudp_90,Peak-season cloud fraction,High (90th percentile),0.87140842,fraction,2.75,0.42108842128498775,0.09743948643813241,0.041151698434814026,0.006881335380029696,0.10630520437102675,Bayesian beta + Bernoulli boundary,0,11.64,FALSE
ltmp,cloudp_90,Peak-season cloud fraction,Low (10th percentile),0.5630638,fraction,3,0.28237450359946675,0.3130927165415481,0.08837418568588815,0.01728798433603282,0.21911174000021644,Bayesian beta + Bernoulli boundary,0,11.64,FALSE
ltmp,cloudp_90,Peak-season cloud fraction,Median (50th percentile),0.7154463,fraction,3,0.34710576804475946,0.17570773765809064,0.06093798839793225,0.016016901520376714,0.1376914957135114,Bayesian beta + Bernoulli boundary,0,11.64,FALSE
ltmp,cloudp_90,Peak-season cloud fraction,High (90th percentile),0.87140842,fraction,3,0.4252358439301062,0.09763047847201464,0.04162455850872257,0.00739704622696584,0.10543871547644533,Bayesian beta + Bernoulli boundary,0,11.64,FALSE
ltmp,cloudp_90,Peak-season cloud fraction,Low (10th percentile),0.5630638,fraction,3.25,0.28573466052345414,0.3093481157792123,0.08837560682874065,0.01797884939340313,0.21617924670602037,Bayesian beta + Bernoulli boundary,0,11.64,FALSE
ltmp,cloudp_90,Peak-season cloud fraction,Median (50th percentile),0.7154463,fraction,3.25,0.35092831942946634,0.17518884288946207,0.061429495690693725,0.01659532636507982,0.13720872864530204,Bayesian beta + Bernoulli boundary,0,11.64,FALSE
ltmp,cloudp_90,Peak-season cloud fraction,High (90th percentile),0.87140842,fraction,3.25,0.4294598339089757,0.0978277476713004,0.04210840495202736,0.007844153631171682,0.10504554491613671,Bayesian beta + Bernoulli boundary,0,11.64,FALSE
ltmp,cloudp_90,Peak-season cloud fraction,Low (10th percentile),0.5630638,fraction,3.5,0.28920081512643275,0.30553035734295586,0.08836479570801345,0.018639996323695885,0.2127173511778551,Bayesian beta + Bernoulli boundary,0,11.64,FALSE
ltmp,cloudp_90,Peak-season cloud fraction,Median (50th percentile),0.7154463,fraction,3.5,0.35485056489726585,0.17459923518462223,0.061909282896238885,0.017351663196352087,0.13690357750837828,Bayesian beta + Bernoulli boundary,0,11.64,FALSE
ltmp,cloudp_90,Peak-season cloud fraction,High (90th percentile),0.87140842,fraction,3.5,0.433758419710943,0.09802300651929882,0.042599649634563856,0.008429133741922657,0.10539884098779008,Bayesian beta + Bernoulli boundary,0,11.64,FALSE
ltmp,cloudp_90,Peak-season cloud fraction,Low (10th percentile),0.5630638,fraction,3.75,0.2927729661616581,0.3016327646338783,0.08833782161871218,0.019356913154244787,0.2097391606869785,Bayesian beta + Bernoulli boundary,0,11.64,FALSE
ltmp,cloudp_90,Peak-season cloud fraction,Median (50th percentile),0.7154463,fraction,3.75,0.3588716281213147,0.1739278030504534,0.062372260454502976,0.017910470719133095,0.13684596227412382,Bayesian beta + Bernoulli boundary,0,11.64,FALSE
ltmp,cloudp_90,Peak-season cloud fraction,High (90th percentile),0.87140842,fraction,3.75,0.4381292852331586,0.09820823464709583,0.043094655582842194,0.008960038071469908,0.1051757051276887,Bayesian beta + Bernoulli boundary,0,11.64,FALSE
ltmp,cloudp_90,Peak-season cloud fraction,Low (10th percentile),0.5630638,fraction,4,0.29645076778152457,0.2976494919300865,0.08829074826004607,0.020105113187062203,0.20795480114021572,Bayesian beta + Bernoulli boundary,0,11.64,FALSE
ltmp,cloudp_90,Peak-season cloud fraction,Median (50th percentile),0.7154463,fraction,4,0.3629902351243643,0.1731645227787911,0.06281344591772384,0.01863606497489161,0.13664129386650922,Bayesian beta + Bernoulli boundary,0,11.64,FALSE
ltmp,cloudp_90,Peak-season cloud fraction,High (90th percentile),0.87140842,fraction,4,0.4425697575907264,0.09837594763146021,0.04358985442014191,0.009604680717155466,0.10516883054360673,Bayesian beta + Bernoulli boundary,0,11.64,FALSE
ltmp,cloudp_90,Peak-season cloud fraction,Low (10th percentile),0.5630638,fraction,4.25,0.3002335059943476,0.29357591437757924,0.08821975562992959,0.020773113525043685,0.20410102218717951,Bayesian beta + Bernoulli boundary,0,11.64,FALSE
ltmp,cloudp_90,Peak-season cloud fraction,Median (50th percentile),0.7154463,fraction,4.25,0.3672046914838322,0.17230081875833625,0.0632281053453472,0.019137594126523872,0.13623480390282852,Bayesian beta + Bernoulli boundary,0,11.64,FALSE
ltmp,cloudp_90,Peak-season cloud fraction,High (90th percentile),0.87140842,fraction,4.25,0.44707679735397,0.09851949143803497,0.0440818830124561,0.010101426281424235,0.10527354040464296,Bayesian beta + Bernoulli boundary,0,11.64,FALSE
ltmp,cloudp_90,Peak-season cloud fraction,Low (10th percentile),0.5630638,fraction,4.5,0.3041200765721801,0.2894090660006958,0.08812128693339927,0.0212294547926227,0.20068207204537886,Bayesian beta + Bernoulli boundary,0,11.64,FALSE
ltmp,cloudp_90,Peak-season cloud fraction,Median (50th percentile),0.7154463,fraction,4.5,0.3715128618487356,0.17132994796701223,0.06361191547020154,0.019799185077127322,0.1354937200125799,Bayesian beta + Bernoulli boundary,0,11.64,FALSE
ltmp,cloudp_90,Peak-season cloud fraction,High (90th percentile),0.87140842,fraction,4.5,0.45164699171231665,0.09863336090817125,0.04456773980385586,0.01058547220770112,0.10594669538590959,Bayesian beta + Bernoulli boundary,0,11.64,FALSE
ltmp,cloudp_90,Peak-season cloud fraction,Low (10th percentile),0.5630638,fraction,4.75,0.3081089649788142,0.28514812463033606,0.087992222724227,0.021529261848800763,0.19812249824994593,Bayesian beta + Bernoulli boundary,0,11.64,FALSE
ltmp,cloudp_90,Peak-season cloud fraction,Median (50th percentile),0.7154463,fraction,4.75,0.3759121524189616,0.1702474088449463,0.06396114830849561,0.020225389545529004,0.13507943919109358,Bayesian beta + Bernoulli boundary,0,11.64,FALSE
ltmp,cloudp_90,Peak-season cloud fraction,High (90th percentile),0.87140842,fraction,4.75,0.45627655110477267,0.09871354002779081,0.045044960947873566,0.011187444382656439,0.10530865866771175,Bayesian beta + Bernoulli boundary,0,11.64,FALSE
ltmp,cloudp_90,Peak-season cloud fraction,Low (10th percentile),0.5630638,fraction,5,0.3121982289620177,0.2807949404243193,0.08783008399158689,0.02207040936581994,0.1949824478363497,Bayesian beta + Bernoulli boundary,0,11.64,FALSE
ltmp,cloudp_90,Peak-season cloud fraction,Median (50th percentile),0.7154463,fraction,5,0.3803994971026308,0.1690513737608323,0.0642728795326108,0.020666111001724805,0.1341235854630201,Bayesian beta + Bernoulli boundary,0,11.64,FALSE
ltmp,cloudp_90,Peak-season cloud fraction,High (90th percentile),0.87140842,fraction,5,0.4609613098870031,0.0987578608740933,0.04551181583293459,0.011705059506217693,0.10547196798340983,Bayesian beta + Bernoulli boundary,0,11.64,FALSE
ltmp,cloudp_90,Peak-season cloud fraction,Low (10th percentile),0.5630638,fraction,5.25,0.3163854845207731,0.27635460087113756,0.0876332647990046,0.022370097193036932,0.1926145275078305,Bayesian beta + Bernoulli boundary,0,11.64,FALSE
ltmp,cloudp_90,Peak-season cloud fraction,Median (50th percentile),0.7154463,fraction,5.25,0.38497134812670186,0.16774314245822775,0.06454522118766101,0.0212988616084054,0.1331470402509907,Bayesian beta + Bernoulli boundary,0,11.64,FALSE
ltmp,cloudp_90,Peak-season cloud fraction,High (90th percentile),0.87140842,fraction,5.25,0.4656967316155647,0.09876637708278657,0.04596752094432418,0.01225289928470689,0.10442828317031956,Bayesian beta + Bernoulli boundary,0,11.64,FALSE
ltmp,cloudp_90,Peak-season cloud fraction,Low (10th percentile),0.5630638,fraction,5.5,0.320667896006994,0.27183621046798345,0.08740135058897823,0.022726029777176644,0.1904679335968714,Bayesian beta + Bernoulli boundary,0,11.64,FALSE
ltmp,cloudp_90,Peak-season cloud fraction,Median (50th percentile),0.7154463,fraction,5.5,0.3896236719208052,0.1663277706984033,0.06477763725903564,0.021773349593144656,0.13267849617335747,Bayesian beta + Bernoulli boundary,0,11.64,FALSE
ltmp,cloudp_90,Peak-season cloud fraction,High (90th percentile),0.87140842,fraction,5.5,0.47047791951043855,0.09874186756506854,0.04641252448734008,0.012676805193444904,0.10437115811565333,Bayesian beta + Bernoulli boundary,0,11.64,FALSE
ltmp,cloudp_90,Peak-season cloud fraction,Low (10th percentile),0.5630638,fraction,5.75,0.3250421711407183,0.26726511507195244,0.08713894457374148,0.022874068142396287,0.18769373658638963,Bayesian beta + Bernoulli boundary,0,11.64,FALSE
ltmp,cloudp_90,Peak-season cloud fraction,Median (50th percentile),0.7154463,fraction,5.75,0.3943519511132552,0.16482412020268292,0.06497480907485739,0.022226852758689866,0.13190259518807668,Bayesian beta + Bernoulli boundary,0,11.64,FALSE
ltmp,cloudp_90,Peak-season cloud fraction,High (90th percentile),0.87140842,fraction,5.75,0.4752996325976589,0.09869753167776706,0.046852055504931434,0.012992225593983324,0.10375160559010524,Bayesian beta + Bernoulli boundary,0,11.64,FALSE
ltmp,cloudp_90,Peak-season cloud fraction,Low (10th percentile),0.5630638,fraction,6,0.3295045616964897,0.26268570030626265,0.08685686147602821,0.023116582399526665,0.18754624701014774,Bayesian beta + Bernoulli boundary,0,11.64,FALSE
ltmp,cloudp_90,Peak-season cloud fraction,Median (50th percentile),0.7154463,fraction,6,0.3991511934578321,0.16326629545313023,0.0651474715939729,0.022692561537856534,0.1310055847642336,Bayesian beta + Bernoulli boundary,0,11.64,FALSE
ltmp,cloudp_90,Peak-season cloud fraction,High (90th percentile),0.87140842,fraction,6,0.480156307927124,0.09865834884048444,0.047296951156713445,0.013375755341521292,0.1032719334302599,Bayesian beta + Bernoulli boundary,0,11.64,FALSE
ltmp,cloudp_90,Peak-season cloud fraction,Low (10th percentile),0.5630638,fraction,6.25,0.3340508705454514,0.25813838328339767,0.08656533442481086,0.023110569292688187,0.18824980422325488,Bayesian beta + Bernoulli boundary,0,11.64,FALSE
ltmp,cloudp_90,Peak-season cloud fraction,Median (50th percentile),0.7154463,fraction,6.25,0.404015948435894,0.16168397232067402,0.0653051902027141,0.023005944819728556,0.1305425022800209,Bayesian beta + Bernoulli boundary,0,11.64,FALSE
ltmp,cloudp_90,Peak-season cloud fraction,High (90th percentile),0.87140842,fraction,6.25,0.4850420891039439,0.09864625969673942,0.047757053459979604,0.013763100793821897,0.1034632412725771,Bayesian beta + Bernoulli boundary,0,11.64,FALSE
ltmp,cloudp_90,Peak-season cloud fraction,Low (10th percentile),0.5630638,fraction,6.5,0.3386764656033158,0.25365598878431767,0.08627282059908115,0.02286130341900261,0.1891205005152673,Bayesian beta + Bernoulli boundary,0,11.64,FALSE
ltmp,cloudp_90,Peak-season cloud fraction,Median (50th percentile),0.7154463,fraction,6.5,0.4089403321369154,0.16009964774818064,0.06545519913062972,0.02299049014567115,0.13025404290205614,Bayesian beta + Bernoulli boundary,0,11.64,FALSE
ltmp,cloudp_90,Peak-season cloud fraction,High (90th percentile),0.87140842,fraction,6.5,0.489950861168326,0.09867803239755304,0.04824013542337546,0.014210280593237838,0.10423237866035318,Bayesian beta + Bernoulli boundary,0,11.64,FALSE
ltmp,cloudp_90,Peak-season cloud fraction,Low (10th percentile),0.5630638,fraction,6.75,0.34337630103346045,0.24926302200994196,0.08598564658831193,0.022698992705705908,0.18792458994510286,Bayesian beta + Bernoulli boundary,0,11.64,FALSE
ltmp,cloudp_90,Peak-season cloud fraction,Median (50th percentile),0.7154463,fraction,6.75,0.4139180608007218,0.1585284697816961,0.06560218066263585,0.022856957679622026,0.1304345194855268,Bayesian beta + Bernoulli boundary,0,11.64,FALSE
ltmp,cloudp_90,Peak-season cloud fraction,High (90th percentile),0.87140842,fraction,6.75,0.4948762916183714,0.09876509879620587,0.04875170116220348,0.014454483711016174,0.10452673416110189,Bayesian beta + Bernoulli boundary,0,11.64,FALSE
ltmp,cloudp_90,Peak-season cloud fraction,Low (10th percentile),0.5630638,fraction,7,0.34814494578844507,0.24497601025472776,0.08570798219462313,0.022325919331380933,0.1890558361582788,Bayesian beta + Bernoulli boundary,0,11.64,FALSE
ltmp,cloudp_90,Peak-season cloud fraction,Median (50th percentile),0.7154463,fraction,7,0.4189424931012429,0.15697901125946964,0.0657484186171571,0.0229240472769176,0.13126136103943362,Bayesian beta + Bernoulli boundary,0,11.64,FALSE
ltmp,cloudp_90,Peak-season cloud fraction,High (90th percentile),0.87140842,fraction,7,0.4998118771060486,0.0989141272490596,0.04929513733775703,0.01472156694117081,0.10543318667648854,Bayesian beta + Bernoulli boundary,0,11.64,FALSE
ltmp,cloudp_90,Peak-season cloud fraction,Low (10th percentile),0.5630638,fraction,7.25,0.35297661925419127,0.2408049347313496,0.08544218488516254,0.021990233951691238,0.18968446712832526,Bayesian beta + Bernoulli boundary,0,11.64,FALSE
ltmp,cloudp_90,Peak-season cloud fraction,Median (50th percentile),0.7154463,fraction,7.25,0.42400668086870164,0.15545495499184447,0.06589434807607016,0.022997683517137983,0.13074292596958487,Bayesian beta + Bernoulli boundary,0,11.64,FALSE
ltmp,cloudp_90,Peak-season cloud fraction,High (90th percentile),0.87140842,fraction,7.25,0.5047509950648793,0.09912831777370144,0.04987223484999742,0.014829547056225238,0.10684696370397276,Bayesian beta + Bernoulli boundary,0,11.64,FALSE
ltmp,cloudp_90,Peak-season cloud fraction,Low (10th percentile),0.5630638,fraction,7.5,0.35786523341373894,0.23675513413554797,0.08518937704574059,0.021577073840278002,0.19028137090785494,Bayesian beta + Bernoulli boundary,0,11.64,FALSE
ltmp,cloudp_90,Peak-season cloud fraction,Median (50th percentile),0.7154463,fraction,7.5,0.4291034275023981,0.15395721938311718,0.06603936722111922,0.02264558514571829,0.132037091562168,Bayesian beta + Bernoulli boundary,0,11.64,FALSE
ltmp,cloudp_90,Peak-season cloud fraction,High (90th percentile),0.87140842,fraction,7.5,0.5096869592645777,0.09940898379337526,0.05048391245975311,0.014880006594128975,0.10790537004398178,Bayesian beta + Bernoulli boundary,0,11.64,FALSE
ltmp,cloudp_90,Peak-season cloud fraction,Low (10th percentile),0.5630638,fraction,7.75,0.36280444060871153,0.2328264976715088,0.08494938677585628,0.02094229883416003,0.19208086509736025,Bayesian beta + Bernoulli boundary,0,11.64,FALSE
ltmp,cloudp_90,Peak-season cloud fraction,Median (50th percentile),0.7154463,fraction,7.75,0.43422535285354275,0.15248416365315579,0.06618210804431948,0.022664080843929787,0.13278364462377146,Bayesian beta + Bernoulli boundary,0,11.64,FALSE
ltmp,cloudp_90,Peak-season cloud fraction,High (90th percentile),0.87140842,fraction,7.75,0.5146130780487634,0.09975492469745732,0.0511300466426207,0.01473672548191092,0.10948599582549347,Bayesian beta + Bernoulli boundary,0,11.64,FALSE
ltmp,cloudp_90,Peak-season cloud fraction,Low (10th percentile),0.5630638,fraction,8,0.3677876856894561,0.22902038020757767,0.08472289141300783,0.02062110154856399,0.19251971417223376,Bayesian beta + Bernoulli boundary,0,11.64,FALSE
ltmp,cloudp_90,Peak-season cloud fraction,Median (50th percentile),0.7154463,fraction,8,0.43936496290661886,0.15103699114849495,0.06632256535729412,0.0226909613421584,0.13350833568292347,Bayesian beta + Bernoulli boundary,0,11.64,FALSE
ltmp,cloudp_90,Peak-season cloud fraction,High (90th percentile),0.87140842,fraction,8,0.5195227138135048,0.10016680229952654,0.05181152972615732,0.014899205727072868,0.11147832872829279,Bayesian beta + Bernoulli boundary,0,11.64,FALSE
ltmp,cloudp_90,Peak-season cloud fraction,Low (10th percentile),0.5630638,fraction,8.25,0.37280826114852145,0.2253427531475537,0.0845123786353331,0.020102003042370014,0.19459972007640497,Bayesian beta + Bernoulli boundary,0,11.64,FALSE
ltmp,cloudp_90,Peak-season cloud fraction,Median (50th percentile),0.7154463,fraction,8.25,0.44451472221792454,0.14962173057751846,0.0664628810294406,0.022532543634674766,0.13466665243719217,Bayesian beta + Bernoulli boundary,0,11.64,FALSE
ltmp,cloudp_90,Peak-season cloud fraction,High (90th percentile),0.87140842,fraction,8.25,0.5244093421456808,0.1006491142688905,0.05253120409223652,0.014809644731325648,0.11457075033670151,Bayesian beta + Bernoulli boundary,0,11.64,FALSE
ltmp,cloudp_90,Peak-season cloud fraction,Low (10th percentile),0.5630638,fraction,8.5,0.37785936375110046,0.22180316020793,0.08432187120611218,0.019457420874162433,0.19693652369557696,Bayesian beta + Bernoulli boundary,0,11.64,FALSE
ltmp,cloudp_90,Peak-season cloud fraction,Median (50th percentile),0.7154463,fraction,8.5,0.44966712683881,0.14824811897060375,0.06660698042475462,0.022133228632721456,0.1350918255310153,Bayesian beta + Bernoulli boundary,0,11.64,FALSE
ltmp,cloudp_90,Peak-season cloud fraction,High (90th percentile),0.87140842,fraction,8.5,0.5292666089817181,0.10120935152450718,0.05329351796762152,0.01475487837849048,0.11694693222832704,Bayesian beta + Bernoulli boundary,0,11.64,FALSE
ltmp,cloudp_90,Peak-season cloud fraction,Low (10th percentile),0.5630638,fraction,8.75,0.3829341512123538,0.21841362652035293,0.08415660662448876,0.019033371034894674,0.19697111050739435,Bayesian beta + Bernoulli boundary,0,11.64,FALSE
ltmp,cloudp_90,Peak-season cloud fraction,Median (50th percentile),0.7154463,fraction,8.75,0.4548147753999496,0.1469285345845335,0.06676019856882838,0.02213505203020438,0.13634422609361732,Bayesian beta + Bernoulli boundary,0,11.64,FALSE
ltmp,cloudp_90,Peak-season cloud fraction,High (90th percentile),0.87140842,fraction,8.75,0.5340883841881384,0.10185717536466411,0.05410416835462314,0.014699476729513779,0.11990560648525177,Bayesian beta + Bernoulli boundary,0,11.64,FALSE
ltmp,cloudp_90,Peak-season cloud fraction,Low (10th percentile),0.5630638,fraction,9,0.38802579760456596,0.21518758147501513,0.08402268868566101,0.01841480467112981,0.1986988030273984,Bayesian beta + Bernoulli boundary,0,11.64,FALSE
ltmp,cloudp_90,Peak-season cloud fraction,Median (50th percentile),0.7154463,fraction,9,0.45995043617461057,0.14567700545225915,0.06692890658206442,0.02192138033112008,0.13808161086833864,Bayesian beta + Bernoulli boundary,0,11.64,FALSE
ltmp,cloudp_90,Peak-season cloud fraction,High (90th percentile),0.87140842,fraction,9,0.5388688101160645,0.10260363965382338,0.05496974325005072,0.01448171876218838,0.12247389590969536,Bayesian beta + Bernoulli boundary,0,11.64,FALSE
ltmp,cloudp_90,Peak-season cloud fraction,Low (10th percentile),0.5630638,fraction,9.25,0.393127546370782,0.212138818383068,0.08392671907036366,0.01777457693712987,0.19976073397661662,Bayesian beta + Bernoulli boundary,0,11.64,FALSE
ltmp,cloudp_90,Peak-season cloud fraction,Median (50th percentile),0.7154463,fraction,9.25,0.46506710825296477,0.14450829254650638,0.06712013983209726,0.02168038316523148,0.13931492845459106,Bayesian beta + Bernoulli boundary,0,11.64,FALSE
ltmp,cloudp_90,Peak-season cloud fraction,High (90th percentile),0.87140842,fraction,9.25,0.5436023439376569,0.10346045628539201,0.055897363476464366,0.014222604232594147,0.12622331121906513,Bayesian beta + Bernoulli boundary,0,11.64,FALSE
ltmp,cloudp_90,Peak-season cloud fraction,Low (10th percentile),0.5630638,fraction,9.5,0.3982327600359472,0.20928051725639074,0.08387541993331812,0.01688153262511133,0.20317331442408593,Bayesian beta + Bernoulli boundary,0,11.64,FALSE
ltmp,cloudp_90,Peak-season cloud fraction,Median (50th percentile),0.7154463,fraction,9.5,0.4701580753974688,0.1434370494259176,0.06734123087233307,0.021220529469120383,0.14120366807187817,Bayesian beta + Bernoulli boundary,0,11.64,FALSE
ltmp,cloudp_90,Peak-season cloud fraction,High (90th percentile),0.87140842,fraction,9.5,0.5482837929103004,0.10443930309706108,0.05689432514765598,0.014092580536657793,0.13068360186425698,Bayesian beta + Bernoulli boundary,0,11.64,FALSE
ltmp,cloudp_90,Peak-season cloud fraction,Low (10th percentile),0.5630638,fraction,9.75,0.40333496590909373,0.2066243594033891,0.08387526104663749,0.016295918078650155,0.20674083005654884,Bayesian beta + Bernoulli boundary,0,11.64,FALSE
ltmp,cloudp_90,Peak-season cloud fraction,Median (50th percentile),0.7154463,fraction,9.75,0.4752169516471203,0.14247706280476208,0.06759945180885352,0.020784322352352873,0.14352252916903716,Bayesian beta + Bernoulli boundary,0,11.64,FALSE
ltmp,cloudp_90,Peak-season cloud fraction,High (90th percentile),0.87140842,fraction,9.75,0.5529083420956925,0.10555117519201977,0.057967744937659146,0.01365381210524859,0.13623584272078926,Bayesian beta + Bernoulli boundary,0,11.64,FALSE
ltmp,cloudp_90,Peak-season cloud fraction,Low (10th percentile),0.5630638,fraction,10,0.4084278972427857,0.20417976253621464,0.08393210666803552,0.015561959981747385,0.20989622752414108,Bayesian beta + Bernoulli boundary,0,11.64,FALSE
ltmp,cloudp_90,Peak-season cloud fraction,Median (50th percentile),0.7154463,fraction,10,0.48023771823198563,0.1416405802429482,0.06790167202949399,0.02028613137988551,0.14675087468576634,Bayesian beta + Bernoulli boundary,0,11.64,FALSE
ltmp,cloudp_90,Peak-season cloud fraction,High (90th percentile),0.87140842,fraction,10,0.5574715744405281,0.10680578326636651,0.05912421197732573,0.013326307632399425,0.14194339105463155,Bayesian beta + Bernoulli boundary,0,11.64,FALSE
ltmp,cloudp_90,Peak-season cloud fraction,Low (10th percentile),0.5630638,fraction,10.25,0.4135055294565138,0.20195326192168161,0.08405089749676439,0.014761668714964999,0.21300206248132225,Bayesian beta + Bernoulli boundary,0,11.64,FALSE
ltmp,cloudp_90,Peak-season cloud fraction,Median (50th percentile),0.7154463,fraction,10.25,0.4852147517978148,0.14093773193767695,0.0682540381162501,0.01966993915754292,0.14925059616263373,Bayesian beta + Bernoulli boundary,0,11.64,FALSE
ltmp,cloudp_90,Peak-season cloud fraction,High (90th percentile),0.87140842,fraction,10.25,0.5619694834619479,0.10821100591554923,0.06036945231851076,0.012754554045416632,0.1489688422247232,Bayesian beta + Bernoulli boundary,0,11.64,FALSE
ltmp,cloudp_90,Peak-season cloud fraction,Low (10th percentile),0.5630638,fraction,10.5,0.4185621111483376,0.19994805684367217,0.08423538170697398,0.014127041461144478,0.2183248705963013,Bayesian beta + Bernoulli boundary,0,11.64,FALSE
ltmp,cloudp_90,Peak-season cloud fraction,Median (50th percentile),0.7154463,fraction,10.5,0.4901428442927348,0.14037605346910947,0.06866168321165667,0.019105899639315974,0.15202519955593113,Bayesian beta + Bernoulli boundary,0,11.64,FALSE
ltmp,cloudp_90,Peak-season cloud fraction,High (90th percentile),0.87140842,fraction,10.5,0.5663984790459046,0.10977240654915552,0.061708014266794675,0.012338994278970951,0.15547917988058624,Bayesian beta + Bernoulli boundary,0,11.64,FALSE
ltmp,cloudp_90,Peak-season cloud fraction,Low (10th percentile),0.5630638,fraction,10.75,0.42359218972795437,0.19816373299085685,0.08448790624575268,0.013237848275545076,0.2237272385212095,Bayesian beta + Bernoulli boundary,0,11.64,FALSE
ltmp,cloudp_90,Peak-season cloud fraction,Median (50th percentile),0.7154463,fraction,10.75,0.49501721512303926,0.13996011544741221,0.06912847312545688,0.01857296261628973,0.15418864668036622,Bayesian beta + Bernoulli boundary,0,11.64,FALSE
ltmp,cloudp_90,Peak-season cloud fraction,High (90th percentile),0.87140842,fraction,10.75,0.5707553870482925,0.11149282873893483,0.06314298508606003,0.012065453283854877,0.1632256953455173,Bayesian beta + Bernoulli boundary,0,11.64,FALSE
ltmp,cloudp_90,Peak-season cloud fraction,Low (10th percentile),0.5630638,fraction,11,0.42859063161668953,0.19659616144149128,0.08480927570188979,0.012392828066049051,0.2298455601189186,Bayesian beta + Bernoulli boundary,0,11.64,FALSE
ltmp,cloudp_90,Peak-season cloud fraction,Median (50th percentile),0.7154463,fraction,11,0.49983351634786155,0.139691264442079,0.06965679604898486,0.017344855813238733,0.15719241536370418,Bayesian beta + Bernoulli boundary,0,11.64,FALSE
ltmp,cloudp_90,Peak-season cloud fraction,High (90th percentile),0.87140842,fraction,11,0.575037443490439,0.1133720856414222,0.06467575109118985,0.011532926977145998,0.17084943112455897,Bayesian beta + Bernoulli boundary,0,11.64,FALSE
ltmp,cloudp_90,Peak-season cloud fraction,Low (10th percentile),0.5630638,fraction,11.25,0.4335526370811604,0.19523756489936414,0.08519868156777105,0.01150674422967888,0.23698157921498408,Bayesian beta + Bernoulli boundary,0,11.64,FALSE
ltmp,cloudp_90,Peak-season cloud fraction,Median (50th percentile),0.7154463,fraction,11.25,0.5045878317673765,0.1395674773969728,0.07024740186758732,0.016546346282808596,0.16280652591427197,Bayesian beta + Bernoulli boundary,0,11.64,FALSE
ltmp,cloudp_90,Peak-season cloud fraction,High (90th percentile),0.87140842,fraction,11.25,0.5792422841758407,0.11540675873606535,0.06630581344148054,0.011012253369037089,0.17829464595240338,Bayesian beta + Bernoulli boundary,0,11.64,FALSE
ltmp,cloudp_90,Peak-season cloud fraction,Low (10th percentile),0.5630638,fraction,11.5,0.43847374989494864,0.19407673285216118,0.08565370015475356,0.010859075156084181,0.24381718751860065,Bayesian beta + Bernoulli boundary,0,11.64,FALSE
ltmp,cloudp_90,Peak-season cloud fraction,Median (50th percentile),0.7154463,fraction,11.5,0.5092766707840666,0.13958332896099607,0.07089929569385525,0.01575699745029002,0.16661558811229044,Bayesian beta + Bernoulli boundary,0,11.64,FALSE
ltmp,cloudp_90,Peak-season cloud fraction,High (90th percentile),0.87140842,fraction,11.5,0.5833679305415775,0.11759011803426875,0.06803067066311065,0.010274353316449037,0.18647496357338345,Bayesian beta + Bernoulli boundary,0,11.64,FALSE
ltmp,cloudp_90,Peak-season cloud fraction,Low (10th percentile),0.5630638,fraction,11.75,0.44334986214739563,0.19309945027188863,0.08617039131515578,0.010111139520065747,0.25116574800744,Bayesian beta + Bernoulli boundary,0,11.64,TRUE
ltmp,cloudp_90,Peak-season cloud fraction,Median (50th percentile),0.7154463,fraction,11.75,0.5138969578988488,0.13973017519413194,0.07160974185436639,0.014889667866004545,0.17080349833212422,Bayesian beta + Bernoulli boundary,0,11.64,TRUE
ltmp,cloudp_90,Peak-season cloud fraction,High (90th percentile),0.87140842,fraction,11.75,0.5874127725127779,0.1199122693911823,0.06984583259279942,0.009815179041822313,0.1943003747500383,Bayesian beta + Bernoulli boundary,0,11.64,TRUE
ltmp,cloudp_90,Peak-season cloud fraction,Low (10th percentile),0.5630638,fraction,12,0.4481772146285169,0.1922919226807611,0.08674470131841013,0.009247420449365997,0.25550733761193545,Bayesian beta + Bernoulli boundary,0,11.64,TRUE
ltmp,cloudp_90,Peak-season cloud fraction,Median (50th percentile),0.7154463,fraction,12,0.5184460186579831,0.1399999029068771,0.07237607551599286,0.014003258845611835,0.17753701306267902,Bayesian beta + Bernoulli boundary,0,11.64,TRUE
ltmp,cloudp_90,Peak-season cloud fraction,High (90th percentile),0.87140842,fraction,12,0.5913755490656649,0.1223635984280307,0.07174674158435354,0.009199545937432056,0.20636083971591057,Bayesian beta + Bernoulli boundary,0,11.64,TRUE
ltmp,cloudp_90,Peak-season cloud fraction,Low (10th percentile),0.5630638,fraction,12.25,0.45295239330291276,0.19164300402643217,0.08737347655364591,0.008437439906589463,0.26172816072696475,Bayesian beta + Bernoulli boundary,0,11.64,TRUE
ltmp,cloudp_90,Peak-season cloud fraction,Median (50th percentile),0.7154463,fraction,12.25,0.5229215628037042,0.14038732327626519,0.07319695451431911,0.01321291114918911,0.18331886490344054,Bayesian beta + Bernoulli boundary,0,11.64,TRUE
ltmp,cloudp_90,Peak-season cloud fraction,High (90th percentile),0.87140842,fraction,12.25,0.5952553271337433,0.12493688057633799,0.07373002264042233,0.008749608817480065,0.2175740462713826,Bayesian beta + Bernoulli boundary,0,11.64,TRUE
ltmp,cloudp_90,Peak-season cloud fraction,Low (10th percentile),0.5630638,fraction,12.5,0.45767232243637357,0.19114192973009644,0.08805355441899489,0.007720131583774786,0.26827298374541847,Bayesian beta + Bernoulli boundary,0,11.64,TRUE
ltmp,cloudp_90,Peak-season cloud fraction,Median (50th percentile),0.7154463,fraction,12.5,0.5273216653092484,0.1408873414619631,0.07407098824672079,0.012568533405634724,0.18965062125769425,Bayesian beta + Bernoulli boundary,0,11.64,TRUE
ltmp,cloudp_90,Peak-season cloud fraction,High (90th percentile),0.87140842,fraction,12.5,0.5990514794185706,0.12762465396143624,0.07579201382590421,0.0081569818528736,0.22845656612896031,Bayesian beta + Bernoulli boundary,0,11.64,TRUE
ltmp,cloudp_90,Peak-season cloud fraction,Low (10th percentile),0.5630638,fraction,12.75,0.4623342549549506,0.1907782328326408,0.0887817346727188,0.007142107658253107,0.2758144478280615,Bayesian beta + Bernoulli boundary,0,11.64,TRUE
ltmp,cloudp_90,Peak-season cloud fraction,Median (50th percentile),0.7154463,fraction,12.75,0.5316447459027451,0.14149478222522868,0.0749966478439677,0.011934126581276855,0.19702017188186433,Bayesian beta + Bernoulli boundary,0,11.64,TRUE
ltmp,cloudp_90,Peak-season cloud fraction,High (90th percentile),0.87140842,fraction,12.75,0.6027636615945909,0.13041911772743336,0.07792870809081555,0.007775603291289757,0.2399491353563185,Bayesian beta + Bernoulli boundary,0,11.64,TRUE
ltmp,cloudp_90,Peak-season cloud fraction,Low (10th percentile),0.5630638,fraction,13,0.4669357606009639,0.19054180998641787,0.08955481474793565,0.006608450363179341,0.28335947090237906,Bayesian beta + Bernoulli boundary,0,11.64,TRUE
ltmp,cloudp_90,Peak-season cloud fraction,Median (50th percentile),0.7154463,fraction,13,0.5358895476079063,0.14220441518893842,0.07597227602126465,0.01131364261473581,0.20624577224377477,Bayesian beta + Bernoulli boundary,0,11.64,TRUE
ltmp,cloudp_90,Peak-season cloud fraction,High (90th percentile),0.87140842,fraction,13,0.6063917893283817,0.1333122203850374,0.080135805703779,0.0073477576280755125,0.2537281063618239,Bayesian beta + Bernoulli boundary,0,11.64,TRUE
ltmp,cloudp_90,Peak-season cloud fraction,Low (10th percentile),0.5630638,fraction,13.25,0.4714747124106049,0.1904229713846279,0.09036961972170687,0.006155961596236754,0.2916038779498771,Bayesian beta + Bernoulli boundary,0,11.64,TRUE
ltmp,cloudp_90,Peak-season cloud fraction,Median (50th percentile),0.7154463,fraction,13.25,0.5400551147550335,0.14301097935160773,0.076996097992228,0.01065664806862329,0.21526066748099873,Bayesian beta + Bernoulli boundary,0,11.64,TRUE
ltmp,cloudp_90,Peak-season cloud fraction,High (90th percentile),0.87140842,fraction,13.25,0.6099360154672234,0.13629574784215395,0.0824087691730347,0.006840874475910899,0.2655345222793519,Bayesian beta + Bernoulli boundary,0,11.64,TRUE
ltmp,cloudp_90,Peak-season cloud fraction,Low (10th percentile),0.5630638,fraction,13.5,0.47594927198190584,0.19041247636843853,0.09122302725063369,0.005603890938075166,0.2995932501136398,Bayesian beta + Bernoulli boundary,0,11.64,TRUE
ltmp,cloudp_90,Peak-season cloud fraction,Median (50th percentile),0.7154463,fraction,13.5,0.5441407708452668,0.14390920666896415,0.07806623325244373,0.009860009567936584,0.22398619186646251,Bayesian beta + Bernoulli boundary,0,11.64,TRUE
ltmp,cloudp_90,Peak-season cloud fraction,High (90th percentile),0.87140842,fraction,13.5,0.6133967076906508,0.13936140813831638,0.0847428784181471,0.006387203976559997,0.27952596963358634,Bayesian beta + Bernoulli boundary,0,11.64,TRUE
ltmp,cloudp_90,Peak-season cloud fraction,Low (10th percentile),0.5630638,fraction,13.75,0.4803578739380907,0.1905015565294071,0.09211198788599867,0.0051336713559392115,0.30748522399469486,Bayesian beta + Bernoulli boundary,0,11.64,TRUE
ltmp,cloudp_90,Peak-season cloud fraction,Median (50th percentile),0.7154463,fraction,13.75,0.5481460965854125,0.1448938445277265,0.07918070802320819,0.009240268227690928,0.23310906710743123,Bayesian beta + Bernoulli boundary,0,11.64,TRUE
ltmp,cloudp_90,Peak-season cloud fraction,High (90th percentile),0.87140842,fraction,13.75,0.616774426861989,0.1425009107323585,0.08713328443769493,0.006005641092424963,0.293684698979427,Bayesian beta + Bernoulli boundary,0,11.64,TRUE
ltmp,cloudp_90,Peak-season cloud fraction,Low (10th percentile),0.5630638,fraction,14,0.48469920992647486,0.19068192812441798,0.09303354123653818,0.004685929060541927,0.31395429754214094,Bayesian beta + Bernoulli boundary,0,11.64,TRUE
ltmp,cloudp_90,Peak-season cloud fraction,Median (50th percentile),0.7154463,fraction,14,0.5520709083508801,0.14595967695699053,0.08033746814017508,0.008622860773941471,0.24165580160344347,Bayesian beta + Bernoulli boundary,0,11.64,TRUE
ltmp,cloudp_90,Peak-season cloud fraction,High (90th percentile),0.87140842,fraction,14,0.6200699062651585,0.14570603899784246,0.08957506025557231,0.0056451471845407435,0.3071576925402392,Bayesian beta + Bernoulli boundary,0,11.64,TRUE
ltmp,cloudp_90,Peak-season cloud fraction,Low (10th percentile),0.5630638,fraction,14.25,0.48897221243196476,0.19094579555437724,0.09398482846413252,0.004298568129221374,0.3239273420461698,Bayesian beta + Bernoulli boundary,0,11.64,TRUE
ltmp,cloudp_90,Peak-season cloud fraction,Median (50th percentile),0.7154463,fraction,14.25,0.555915237280689,0.14710154444912726,0.08153439217489347,0.008103061305085105,0.24998763415059133,Bayesian beta + Bernoulli boundary,0,11.64,TRUE
ltmp,cloudp_90,Peak-season cloud fraction,High (90th percentile),0.87140842,fraction,14.25,0.6232840318655382,0.1489687152499655,0.09206324841379218,0.005273803511786718,0.32270558881385386,Bayesian beta + Bernoulli boundary,0,11.64,TRUE
ltmp,cloudp_90,Peak-season cloud fraction,Low (10th percentile),0.5630638,fraction,14.5,0.49317603862964426,0.19128584754194636,0.09496310158702224,0.0038881761235748254,0.33291106074232635,Bayesian beta + Bernoulli boundary,0,11.64,TRUE
ltmp,cloudp_90,Peak-season cloud fraction,Median (50th percentile),0.7154463,fraction,14.5,0.5596793091613236,0.14831436229210462,0.0827693045888382,0.007485960781169591,0.2578613310947283,Bayesian beta + Bernoulli boundary,0,11.64,TRUE
ltmp,cloudp_90,Peak-season cloud fraction,High (90th percentile),0.87140842,fraction,14.5,0.6264178236925789,0.15228105809507303,0.09459290463886914,0.004854871275994745,0.3390325698902172,Bayesian beta + Bernoulli boundary,0,11.64,TRUE
ltmp,cloudp_90,Peak-season cloud fraction,Low (10th percentile),0.5630638,fraction,14.75,0.49731005445410675,0.19169524749428202,0.09596573003656812,0.0035108920427390743,0.34288666180323946,Bayesian beta + Bernoulli boundary,0,11.64,TRUE
ltmp,cloudp_90,Peak-season cloud fraction,Median (50th percentile),0.7154463,fraction,14.75,0.5633635252153466,0.14959313734685756,0.08403998873828517,0.006958970131411321,0.2679767056247553,Bayesian beta + Bernoulli boundary,0,11.64,TRUE
ltmp,cloudp_90,Peak-season cloud fraction,High (90th percentile),0.87140842,fraction,14.75,0.6294724184062004,0.15563543215371242,0.09715913751819917,0.004468442181975601,0.35536968990643103,Bayesian beta + Bernoulli boundary,0,11.64,TRUE
ltmp,cloudp_90,Peak-season cloud fraction,Low (10th percentile),0.5630638,fraction,15,0.5013738190241024,0.19216761936947305,0.09699020487553313,0.003165676936590501,0.35454346782305063,Bayesian beta + Bernoulli boundary,0,11.64,TRUE
ltmp,cloudp_90,Peak-season cloud fraction,Median (50th percentile),0.7154463,fraction,15,0.5669684438758164,0.15093298323474372,0.08534419957229178,0.006428175158546303,0.27677313956835825,Bayesian beta + Bernoulli boundary,0,11.64,TRUE
ltmp,cloudp_90,Peak-season cloud fraction,High (90th percentile),0.87140842,fraction,15,0.6324490530786753,0.15902449030667742,0.09975714410540931,0.004179393772915955,0.3687091870742019,Bayesian beta + Bernoulli boundary,0,11.64,TRUE
ltmp,cloudp_90,Peak-season cloud fraction,Low (10th percentile),0.5630638,fraction,15.25,0.5053670695290089,0.1926970301928005,0.09803414104461028,0.0028968755903292648,0.36293898300010113,Bayesian beta + Bernoulli boundary,0,11.64,TRUE
ltmp,cloudp_90,Peak-season cloud fraction,Median (50th percentile),0.7154463,fraction,15.25,0.5704947635982798,0.1523291339289439,0.08667967589253583,0.005993807496170195,0.2882366357599568,Bayesian beta + Bernoulli boundary,0,11.64,TRUE
ltmp,cloudp_90,Peak-season cloud fraction,High (90th percentile),0.87140842,fraction,15.25,0.6353490501984597,0.16244120862439393,0.10238224138045528,0.003866577604122028,0.38307149062627577,Bayesian beta + Bernoulli boundary,0,11.64,TRUE
ltmp,cloudp_90,Peak-season cloud fraction,Low (10th percentile),0.5630638,fraction,15.5,0.5092897066575764,0.19327797020047954,0.0990952779633801,0.0025987771030765655,0.3722938536425882,Bayesian beta + Bernoulli boundary,0,11.64,TRUE
ltmp,cloudp_90,Peak-season cloud fraction,Median (50th percentile),0.7154463,fraction,15.5,0.5739433067378897,0.1537769557677743,0.0880441520701468,0.005540863219096834,0.29914227191157183,Bayesian beta + Bernoulli boundary,0,11.64,TRUE
ltmp,cloudp_90,Peak-season cloud fraction,High (90th percentile),0.87140842,fraction,15.5,0.6381738038819075,0.16587891413548986,0.105029893476849,0.003553457759394605,0.39923813979611067,Bayesian beta + Bernoulli boundary,0,11.64,TRUE
ltmp,cloudp_90,Peak-season cloud fraction,Low (10th percentile),0.5630638,fraction,15.75,0.5131417806282343,0.19390533143039002,0.10017147877407234,0.002365069640203467,0.3826777325726722,Bayesian beta + Bernoulli boundary,0,11.64,TRUE
ltmp,cloudp_90,Peak-season cloud fraction,Median (50th percentile),0.7154463,fraction,15.75,0.5773150044994529,0.15527195792583198,0.08943536913864672,0.005170284272188595,0.3092280293721204,Bayesian beta + Bernoulli boundary,0,11.64,TRUE
ltmp,cloudp_90,Peak-season cloud fraction,High (90th percentile),0.87140842,fraction,15.75,0.6409247672625696,0.16933130561983986,0.10769573459655815,0.003303459219794902,0.41527141830522374,Bayesian beta + Bernoulli boundary,0,11.64,TRUE
ltmp,cloudp_90,Peak-season cloud fraction,Low (10th percentile),0.5630638,fraction,16,0.5169234778630003,0.1945743854350658,0.1012607284821094,0.002104524230706018,0.39263243897399197,Bayesian beta + Bernoulli boundary,0,11.64,TRUE
ltmp,cloudp_90,Peak-season cloud fraction,Median (50th percentile),0.7154463,fraction,16,0.5806108829523795,0.15680980139031084,0.09085108520222798,0.004788756073110688,0.3191896867217546,Bayesian beta + Bernoulli boundary,0,11.64,TRUE
ltmp,cloudp_90,Peak-season cloud fraction,High (90th percentile),0.87140842,fraction,16,0.6436034410153487,0.1727924676930844,0.11037558758241607,0.0030817637257656056,0.42820256873769236,Bayesian beta + Bernoulli boundary,0,11.64,TRUE
mmp,acropora_composition,Pre-event Acropora composition,Low (10th percentile),0.04961985378338604,proportion of pre-event hard coral,0,0.448032593759709,0.0882149098772503,0.039523154880583423,,,BRT,4.12,13.26,TRUE
mmp,acropora_composition,Pre-event Acropora composition,Median (50th percentile),0.26474033381659684,proportion of pre-event hard coral,0,0.4800504122229525,0.12864311757271593,0.06175518162042803,,,BRT,4.12,13.26,TRUE
mmp,acropora_composition,Pre-event Acropora composition,High (90th percentile),0.8817916436590687,proportion of pre-event hard coral,0,0.705980599443746,0.20238548059497152,0.14288022290914862,,,BRT,4.12,13.26,TRUE
mmp,acropora_composition,Pre-event Acropora composition,Low (10th percentile),0.04961985378338604,proportion of pre-event hard coral,0.25,0.448032593759709,0.0882149098772503,0.039523154880583423,,,BRT,4.12,13.26,TRUE
mmp,acropora_composition,Pre-event Acropora composition,Median (50th percentile),0.26474033381659684,proportion of pre-event hard coral,0.25,0.4800504122229525,0.12864311757271593,0.06175518162042803,,,BRT,4.12,13.26,TRUE
mmp,acropora_composition,Pre-event Acropora composition,High (90th percentile),0.8817916436590687,proportion of pre-event hard coral,0.25,0.705980599443746,0.20238548059497152,0.14288022290914862,,,BRT,4.12,13.26,TRUE
mmp,acropora_composition,Pre-event Acropora composition,Low (10th percentile),0.04961985378338604,proportion of pre-event hard coral,0.5,0.448032593759709,0.0882149098772503,0.039523154880583423,,,BRT,4.12,13.26,TRUE
mmp,acropora_composition,Pre-event Acropora composition,Median (50th percentile),0.26474033381659684,proportion of pre-event hard coral,0.5,0.4800504122229525,0.12864311757271593,0.06175518162042803,,,BRT,4.12,13.26,TRUE
mmp,acropora_composition,Pre-event Acropora composition,High (90th percentile),0.8817916436590687,proportion of pre-event hard coral,0.5,0.705980599443746,0.20238548059497152,0.14288022290914862,,,BRT,4.12,13.26,TRUE
mmp,acropora_composition,Pre-event Acropora composition,Low (10th percentile),0.04961985378338604,proportion of pre-event hard coral,0.75,0.448032593759709,0.0882149098772503,0.039523154880583423,,,BRT,4.12,13.26,TRUE
mmp,acropora_composition,Pre-event Acropora composition,Median (50th percentile),0.26474033381659684,proportion of pre-event hard coral,0.75,0.4800504122229525,0.12864311757271593,0.06175518162042803,,,BRT,4.12,13.26,TRUE
mmp,acropora_composition,Pre-event Acropora composition,High (90th percentile),0.8817916436590687,proportion of pre-event hard coral,0.75,0.705980599443746,0.20238548059497152,0.14288022290914862,,,BRT,4.12,13.26,TRUE
mmp,acropora_composition,Pre-event Acropora composition,Low (10th percentile),0.04961985378338604,proportion of pre-event hard coral,1,0.448032593759709,0.0882149098772503,0.039523154880583423,,,BRT,4.12,13.26,TRUE
mmp,acropora_composition,Pre-event Acropora composition,Median (50th percentile),0.26474033381659684,proportion of pre-event hard coral,1,0.4800504122229525,0.12864311757271593,0.06175518162042803,,,BRT,4.12,13.26,TRUE
mmp,acropora_composition,Pre-event Acropora composition,High (90th percentile),0.8817916436590687,proportion of pre-event hard coral,1,0.705980599443746,0.20238548059497152,0.14288022290914862,,,BRT,4.12,13.26,TRUE
mmp,acropora_composition,Pre-event Acropora composition,Low (10th percentile),0.04961985378338604,proportion of pre-event hard coral,1.25,0.448032593759709,0.0882149098772503,0.039523154880583423,,,BRT,4.12,13.26,TRUE
mmp,acropora_composition,Pre-event Acropora composition,Median (50th percentile),0.26474033381659684,proportion of pre-event hard coral,1.25,0.4800504122229525,0.12864311757271593,0.06175518162042803,,,BRT,4.12,13.26,TRUE
mmp,acropora_composition,Pre-event Acropora composition,High (90th percentile),0.8817916436590687,proportion of pre-event hard coral,1.25,0.705980599443746,0.20238548059497152,0.14288022290914862,,,BRT,4.12,13.26,TRUE
mmp,acropora_composition,Pre-event Acropora composition,Low (10th percentile),0.04961985378338604,proportion of pre-event hard coral,1.5,0.448032593759709,0.0882149098772503,0.039523154880583423,,,BRT,4.12,13.26,TRUE
mmp,acropora_composition,Pre-event Acropora composition,Median (50th percentile),0.26474033381659684,proportion of pre-event hard coral,1.5,0.4800504122229525,0.12864311757271593,0.06175518162042803,,,BRT,4.12,13.26,TRUE
mmp,acropora_composition,Pre-event Acropora composition,High (90th percentile),0.8817916436590687,proportion of pre-event hard coral,1.5,0.705980599443746,0.20238548059497152,0.14288022290914862,,,BRT,4.12,13.26,TRUE
mmp,acropora_composition,Pre-event Acropora composition,Low (10th percentile),0.04961985378338604,proportion of pre-event hard coral,1.75,0.448032593759709,0.0882149098772503,0.039523154880583423,,,BRT,4.12,13.26,TRUE
mmp,acropora_composition,Pre-event Acropora composition,Median (50th percentile),0.26474033381659684,proportion of pre-event hard coral,1.75,0.4800504122229525,0.12864311757271593,0.06175518162042803,,,BRT,4.12,13.26,TRUE
mmp,acropora_composition,Pre-event Acropora composition,High (90th percentile),0.8817916436590687,proportion of pre-event hard coral,1.75,0.705980599443746,0.20238548059497152,0.14288022290914862,,,BRT,4.12,13.26,TRUE
mmp,acropora_composition,Pre-event Acropora composition,Low (10th percentile),0.04961985378338604,proportion of pre-event hard coral,2,0.448032593759709,0.0882149098772503,0.039523154880583423,,,BRT,4.12,13.26,TRUE
mmp,acropora_composition,Pre-event Acropora composition,Median (50th percentile),0.26474033381659684,proportion of pre-event hard coral,2,0.4800504122229525,0.12864311757271593,0.06175518162042803,,,BRT,4.12,13.26,TRUE
mmp,acropora_composition,Pre-event Acropora composition,High (90th percentile),0.8817916436590687,proportion of pre-event hard coral,2,0.705980599443746,0.20238548059497152,0.14288022290914862,,,BRT,4.12,13.26,TRUE
mmp,acropora_composition,Pre-event Acropora composition,Low (10th percentile),0.04961985378338604,proportion of pre-event hard coral,2.25,0.448032593759709,0.0882149098772503,0.039523154880583423,,,BRT,4.12,13.26,TRUE
mmp,acropora_composition,Pre-event Acropora composition,Median (50th percentile),0.26474033381659684,proportion of pre-event hard coral,2.25,0.4800504122229525,0.12864311757271593,0.06175518162042803,,,BRT,4.12,13.26,TRUE
mmp,acropora_composition,Pre-event Acropora composition,High (90th percentile),0.8817916436590687,proportion of pre-event hard coral,2.25,0.705980599443746,0.20238548059497152,0.14288022290914862,,,BRT,4.12,13.26,TRUE
mmp,acropora_composition,Pre-event Acropora composition,Low (10th percentile),0.04961985378338604,proportion of pre-event hard coral,2.5,0.448032593759709,0.0882149098772503,0.039523154880583423,,,BRT,4.12,13.26,TRUE
mmp,acropora_composition,Pre-event Acropora composition,Median (50th percentile),0.26474033381659684,proportion of pre-event hard coral,2.5,0.4800504122229525,0.12864311757271593,0.06175518162042803,,,BRT,4.12,13.26,TRUE
mmp,acropora_composition,Pre-event Acropora composition,High (90th percentile),0.8817916436590687,proportion of pre-event hard coral,2.5,0.705980599443746,0.20238548059497152,0.14288022290914862,,,BRT,4.12,13.26,TRUE
mmp,acropora_composition,Pre-event Acropora composition,Low (10th percentile),0.04961985378338604,proportion of pre-event hard coral,2.75,0.448032593759709,0.0882149098772503,0.039523154880583423,,,BRT,4.12,13.26,TRUE
mmp,acropora_composition,Pre-event Acropora composition,Median (50th percentile),0.26474033381659684,proportion of pre-event hard coral,2.75,0.4800504122229525,0.12864311757271593,0.06175518162042803,,,BRT,4.12,13.26,TRUE
mmp,acropora_composition,Pre-event Acropora composition,High (90th percentile),0.8817916436590687,proportion of pre-event hard coral,2.75,0.705980599443746,0.20238548059497152,0.14288022290914862,,,BRT,4.12,13.26,TRUE
mmp,acropora_composition,Pre-event Acropora composition,Low (10th percentile),0.04961985378338604,proportion of pre-event hard coral,3,0.448032593759709,0.0882149098772503,0.039523154880583423,,,BRT,4.12,13.26,TRUE
mmp,acropora_composition,Pre-event Acropora composition,Median (50th percentile),0.26474033381659684,proportion of pre-event hard coral,3,0.4800504122229525,0.12864311757271593,0.06175518162042803,,,BRT,4.12,13.26,TRUE
mmp,acropora_composition,Pre-event Acropora composition,High (90th percentile),0.8817916436590687,proportion of pre-event hard coral,3,0.705980599443746,0.20238548059497152,0.14288022290914862,,,BRT,4.12,13.26,TRUE
mmp,acropora_composition,Pre-event Acropora composition,Low (10th percentile),0.04961985378338604,proportion of pre-event hard coral,3.25,0.448032593759709,0.0882149098772503,0.039523154880583423,,,BRT,4.12,13.26,TRUE
mmp,acropora_composition,Pre-event Acropora composition,Median (50th percentile),0.26474033381659684,proportion of pre-event hard coral,3.25,0.4800504122229525,0.12864311757271593,0.06175518162042803,,,BRT,4.12,13.26,TRUE
mmp,acropora_composition,Pre-event Acropora composition,High (90th percentile),0.8817916436590687,proportion of pre-event hard coral,3.25,0.705980599443746,0.20238548059497152,0.14288022290914862,,,BRT,4.12,13.26,TRUE
mmp,acropora_composition,Pre-event Acropora composition,Low (10th percentile),0.04961985378338604,proportion of pre-event hard coral,3.5,0.448032593759709,0.0882149098772503,0.039523154880583423,,,BRT,4.12,13.26,TRUE
mmp,acropora_composition,Pre-event Acropora composition,Median (50th percentile),0.26474033381659684,proportion of pre-event hard coral,3.5,0.4800504122229525,0.12864311757271593,0.06175518162042803,,,BRT,4.12,13.26,TRUE
mmp,acropora_composition,Pre-event Acropora composition,High (90th percentile),0.8817916436590687,proportion of pre-event hard coral,3.5,0.705980599443746,0.20238548059497152,0.14288022290914862,,,BRT,4.12,13.26,TRUE
mmp,acropora_composition,Pre-event Acropora composition,Low (10th percentile),0.04961985378338604,proportion of pre-event hard coral,3.75,0.448032593759709,0.0882149098772503,0.039523154880583423,,,BRT,4.12,13.26,TRUE
mmp,acropora_composition,Pre-event Acropora composition,Median (50th percentile),0.26474033381659684,proportion of pre-event hard coral,3.75,0.4800504122229525,0.12864311757271593,0.06175518162042803,,,BRT,4.12,13.26,TRUE
mmp,acropora_composition,Pre-event Acropora composition,High (90th percentile),0.8817916436590687,proportion of pre-event hard coral,3.75,0.705980599443746,0.20238548059497152,0.14288022290914862,,,BRT,4.12,13.26,TRUE
mmp,acropora_composition,Pre-event Acropora composition,Low (10th percentile),0.04961985378338604,proportion of pre-event hard coral,4,0.448032593759709,0.0882149098772503,0.039523154880583423,,,BRT,4.12,13.26,TRUE
mmp,acropora_composition,Pre-event Acropora composition,Median (50th percentile),0.26474033381659684,proportion of pre-event hard coral,4,0.4800504122229525,0.12864311757271593,0.06175518162042803,,,BRT,4.12,13.26,TRUE
mmp,acropora_composition,Pre-event Acropora composition,High (90th percentile),0.8817916436590687,proportion of pre-event hard coral,4,0.705980599443746,0.20238548059497152,0.14288022290914862,,,BRT,4.12,13.26,TRUE
mmp,acropora_composition,Pre-event Acropora composition,Low (10th percentile),0.04961985378338604,proportion of pre-event hard coral,4.25,0.448032593759709,0.0882149098772503,0.039523154880583423,,,BRT,4.12,13.26,FALSE
mmp,acropora_composition,Pre-event Acropora composition,Median (50th percentile),0.26474033381659684,proportion of pre-event hard coral,4.25,0.4800504122229525,0.12864311757271593,0.06175518162042803,,,BRT,4.12,13.26,FALSE
mmp,acropora_composition,Pre-event Acropora composition,High (90th percentile),0.8817916436590687,proportion of pre-event hard coral,4.25,0.705980599443746,0.20238548059497152,0.14288022290914862,,,BRT,4.12,13.26,FALSE
mmp,acropora_composition,Pre-event Acropora composition,Low (10th percentile),0.04961985378338604,proportion of pre-event hard coral,4.5,0.448032593759709,0.0882149098772503,0.039523154880583423,,,BRT,4.12,13.26,FALSE
mmp,acropora_composition,Pre-event Acropora composition,Median (50th percentile),0.26474033381659684,proportion of pre-event hard coral,4.5,0.4800504122229525,0.12864311757271593,0.06175518162042803,,,BRT,4.12,13.26,FALSE
mmp,acropora_composition,Pre-event Acropora composition,High (90th percentile),0.8817916436590687,proportion of pre-event hard coral,4.5,0.705980599443746,0.20238548059497152,0.14288022290914862,,,BRT,4.12,13.26,FALSE
mmp,acropora_composition,Pre-event Acropora composition,Low (10th percentile),0.04961985378338604,proportion of pre-event hard coral,4.75,0.448032593759709,0.0882149098772503,0.039523154880583423,,,BRT,4.12,13.26,FALSE
mmp,acropora_composition,Pre-event Acropora composition,Median (50th percentile),0.26474033381659684,proportion of pre-event hard coral,4.75,0.4800504122229525,0.12864311757271593,0.06175518162042803,,,BRT,4.12,13.26,FALSE
mmp,acropora_composition,Pre-event Acropora composition,High (90th percentile),0.8817916436590687,proportion of pre-event hard coral,4.75,0.705980599443746,0.20238548059497152,0.14288022290914862,,,BRT,4.12,13.26,FALSE
mmp,acropora_composition,Pre-event Acropora composition,Low (10th percentile),0.04961985378338604,proportion of pre-event hard coral,5,0.448032593759709,0.0882149098772503,0.039523154880583423,,,BRT,4.12,13.26,FALSE
mmp,acropora_composition,Pre-event Acropora composition,Median (50th percentile),0.26474033381659684,proportion of pre-event hard coral,5,0.4800504122229525,0.12864311757271593,0.06175518162042803,,,BRT,4.12,13.26,FALSE
mmp,acropora_composition,Pre-event Acropora composition,High (90th percentile),0.8817916436590687,proportion of pre-event hard coral,5,0.705980599443746,0.20238548059497152,0.14288022290914862,,,BRT,4.12,13.26,FALSE
mmp,acropora_composition,Pre-event Acropora composition,Low (10th percentile),0.04961985378338604,proportion of pre-event hard coral,5.25,0.448032593759709,0.0882149098772503,0.039523154880583423,,,BRT,4.12,13.26,FALSE
mmp,acropora_composition,Pre-event Acropora composition,Median (50th percentile),0.26474033381659684,proportion of pre-event hard coral,5.25,0.4800504122229525,0.12864311757271593,0.06175518162042803,,,BRT,4.12,13.26,FALSE
mmp,acropora_composition,Pre-event Acropora composition,High (90th percentile),0.8817916436590687,proportion of pre-event hard coral,5.25,0.705980599443746,0.20238548059497152,0.14288022290914862,,,BRT,4.12,13.26,FALSE
mmp,acropora_composition,Pre-event Acropora composition,Low (10th percentile),0.04961985378338604,proportion of pre-event hard coral,5.5,0.448032593759709,0.0882149098772503,0.039523154880583423,,,BRT,4.12,13.26,FALSE
mmp,acropora_composition,Pre-event Acropora composition,Median (50th percentile),0.26474033381659684,proportion of pre-event hard coral,5.5,0.4800504122229525,0.12864311757271593,0.06175518162042803,,,BRT,4.12,13.26,FALSE
mmp,acropora_composition,Pre-event Acropora composition,High (90th percentile),0.8817916436590687,proportion of pre-event hard coral,5.5,0.705980599443746,0.20238548059497152,0.14288022290914862,,,BRT,4.12,13.26,FALSE
mmp,acropora_composition,Pre-event Acropora composition,Low (10th percentile),0.04961985378338604,proportion of pre-event hard coral,5.75,0.448032593759709,0.0882149098772503,0.039523154880583423,,,BRT,4.12,13.26,FALSE
mmp,acropora_composition,Pre-event Acropora composition,Median (50th percentile),0.26474033381659684,proportion of pre-event hard coral,5.75,0.4800504122229525,0.12864311757271593,0.06175518162042803,,,BRT,4.12,13.26,FALSE
mmp,acropora_composition,Pre-event Acropora composition,High (90th percentile),0.8817916436590687,proportion of pre-event hard coral,5.75,0.705980599443746,0.20238548059497152,0.14288022290914862,,,BRT,4.12,13.26,FALSE
mmp,acropora_composition,Pre-event Acropora composition,Low (10th percentile),0.04961985378338604,proportion of pre-event hard coral,6,0.448032593759709,0.0882149098772503,0.039523154880583423,,,BRT,4.12,13.26,FALSE
mmp,acropora_composition,Pre-event Acropora composition,Median (50th percentile),0.26474033381659684,proportion of pre-event hard coral,6,0.4800504122229525,0.12864311757271593,0.06175518162042803,,,BRT,4.12,13.26,FALSE
mmp,acropora_composition,Pre-event Acropora composition,High (90th percentile),0.8817916436590687,proportion of pre-event hard coral,6,0.705980599443746,0.20238548059497152,0.14288022290914862,,,BRT,4.12,13.26,FALSE
mmp,acropora_composition,Pre-event Acropora composition,Low (10th percentile),0.04961985378338604,proportion of pre-event hard coral,6.25,0.448032593759709,0.0882149098772503,0.039523154880583423,,,BRT,4.12,13.26,FALSE
mmp,acropora_composition,Pre-event Acropora composition,Median (50th percentile),0.26474033381659684,proportion of pre-event hard coral,6.25,0.4800504122229525,0.12864311757271593,0.06175518162042803,,,BRT,4.12,13.26,FALSE
mmp,acropora_composition,Pre-event Acropora composition,High (90th percentile),0.8817916436590687,proportion of pre-event hard coral,6.25,0.705980599443746,0.20238548059497152,0.14288022290914862,,,BRT,4.12,13.26,FALSE
mmp,acropora_composition,Pre-event Acropora composition,Low (10th percentile),0.04961985378338604,proportion of pre-event hard coral,6.5,0.448032593759709,0.0882149098772503,0.039523154880583423,,,BRT,4.12,13.26,FALSE
mmp,acropora_composition,Pre-event Acropora composition,Median (50th percentile),0.26474033381659684,proportion of pre-event hard coral,6.5,0.4800504122229525,0.12864311757271593,0.06175518162042803,,,BRT,4.12,13.26,FALSE
mmp,acropora_composition,Pre-event Acropora composition,High (90th percentile),0.8817916436590687,proportion of pre-event hard coral,6.5,0.705980599443746,0.20238548059497152,0.14288022290914862,,,BRT,4.12,13.26,FALSE
mmp,acropora_composition,Pre-event Acropora composition,Low (10th percentile),0.04961985378338604,proportion of pre-event hard coral,6.75,0.448032593759709,0.0882149098772503,0.039523154880583423,,,BRT,4.12,13.26,FALSE
mmp,acropora_composition,Pre-event Acropora composition,Median (50th percentile),0.26474033381659684,proportion of pre-event hard coral,6.75,0.4800504122229525,0.12864311757271593,0.06175518162042803,,,BRT,4.12,13.26,FALSE
mmp,acropora_composition,Pre-event Acropora composition,High (90th percentile),0.8817916436590687,proportion of pre-event hard coral,6.75,0.705980599443746,0.20238548059497152,0.14288022290914862,,,BRT,4.12,13.26,FALSE
mmp,acropora_composition,Pre-event Acropora composition,Low (10th percentile),0.04961985378338604,proportion of pre-event hard coral,7,0.44863598385664116,0.0882149098772503,0.03957638288360512,,,BRT,4.12,13.26,FALSE
mmp,acropora_composition,Pre-event Acropora composition,Median (50th percentile),0.26474033381659684,proportion of pre-event hard coral,7,0.483466116682268,0.12864311757271593,0.062194588490781404,,,BRT,4.12,13.26,FALSE
mmp,acropora_composition,Pre-event Acropora composition,High (90th percentile),0.8817916436590687,proportion of pre-event hard coral,7,0.7088123845353942,0.20238548059497152,0.14345333509586353,,,BRT,4.12,13.26,FALSE
mmp,acropora_composition,Pre-event Acropora composition,Low (10th percentile),0.04961985378338604,proportion of pre-event hard coral,7.25,0.44863598385664116,0.0882149098772503,0.03957638288360512,,,BRT,4.12,13.26,FALSE
mmp,acropora_composition,Pre-event Acropora composition,Median (50th percentile),0.26474033381659684,proportion of pre-event hard coral,7.25,0.483466116682268,0.12864311757271593,0.062194588490781404,,,BRT,4.12,13.26,FALSE
mmp,acropora_composition,Pre-event Acropora composition,High (90th percentile),0.8817916436590687,proportion of pre-event hard coral,7.25,0.7088123845353942,0.20238548059497152,0.14345333509586353,,,BRT,4.12,13.26,FALSE
mmp,acropora_composition,Pre-event Acropora composition,Low (10th percentile),0.04961985378338604,proportion of pre-event hard coral,7.5,0.44863598385664116,0.0882149098772503,0.03957638288360512,,,BRT,4.12,13.26,FALSE
mmp,acropora_composition,Pre-event Acropora composition,Median (50th percentile),0.26474033381659684,proportion of pre-event hard coral,7.5,0.483466116682268,0.12864311757271593,0.062194588490781404,,,BRT,4.12,13.26,FALSE
mmp,acropora_composition,Pre-event Acropora composition,High (90th percentile),0.8817916436590687,proportion of pre-event hard coral,7.5,0.7088123845353942,0.20238548059497152,0.14345333509586353,,,BRT,4.12,13.26,FALSE
mmp,acropora_composition,Pre-event Acropora composition,Low (10th percentile),0.04961985378338604,proportion of pre-event hard coral,7.75,0.44863598385664116,0.0882149098772503,0.03957638288360512,,,BRT,4.12,13.26,FALSE
mmp,acropora_composition,Pre-event Acropora composition,Median (50th percentile),0.26474033381659684,proportion of pre-event hard coral,7.75,0.483466116682268,0.12864311757271593,0.062194588490781404,,,BRT,4.12,13.26,FALSE
mmp,acropora_composition,Pre-event Acropora composition,High (90th percentile),0.8817916436590687,proportion of pre-event hard coral,7.75,0.7088123845353942,0.20238548059497152,0.14345333509586353,,,BRT,4.12,13.26,FALSE
mmp,acropora_composition,Pre-event Acropora composition,Low (10th percentile),0.04961985378338604,proportion of pre-event hard coral,8,0.44863598385664116,0.0882149098772503,0.03957638288360512,,,BRT,4.12,13.26,FALSE
mmp,acropora_composition,Pre-event Acropora composition,Median (50th percentile),0.26474033381659684,proportion of pre-event hard coral,8,0.483466116682268,0.12864311757271593,0.062194588490781404,,,BRT,4.12,13.26,FALSE
mmp,acropora_composition,Pre-event Acropora composition,High (90th percentile),0.8817916436590687,proportion of pre-event hard coral,8,0.7088123845353942,0.20238548059497152,0.14345333509586353,,,BRT,4.12,13.26,FALSE
mmp,acropora_composition,Pre-event Acropora composition,Low (10th percentile),0.04961985378338604,proportion of pre-event hard coral,8.25,0.44863598385664116,0.0882149098772503,0.03957638288360512,,,BRT,4.12,13.26,FALSE
mmp,acropora_composition,Pre-event Acropora composition,Median (50th percentile),0.26474033381659684,proportion of pre-event hard coral,8.25,0.483466116682268,0.12864311757271593,0.062194588490781404,,,BRT,4.12,13.26,FALSE
mmp,acropora_composition,Pre-event Acropora composition,High (90th percentile),0.8817916436590687,proportion of pre-event hard coral,8.25,0.7088123845353942,0.20238548059497152,0.14345333509586353,,,BRT,4.12,13.26,FALSE
mmp,acropora_composition,Pre-event Acropora composition,Low (10th percentile),0.04961985378338604,proportion of pre-event hard coral,8.5,0.44863598385664116,0.0882149098772503,0.03957638288360512,,,BRT,4.12,13.26,FALSE
mmp,acropora_composition,Pre-event Acropora composition,Median (50th percentile),0.26474033381659684,proportion of pre-event hard coral,8.5,0.483466116682268,0.12864311757271593,0.062194588490781404,,,BRT,4.12,13.26,FALSE
mmp,acropora_composition,Pre-event Acropora composition,High (90th percentile),0.8817916436590687,proportion of pre-event hard coral,8.5,0.7088123845353942,0.20238548059497152,0.14345333509586353,,,BRT,4.12,13.26,FALSE
mmp,acropora_composition,Pre-event Acropora composition,Low (10th percentile),0.04961985378338604,proportion of pre-event hard coral,8.75,0.45286665477382326,0.08922547561041266,0.040407242660290936,,,BRT,4.12,13.26,FALSE
mmp,acropora_composition,Pre-event Acropora composition,Median (50th percentile),0.26474033381659684,proportion of pre-event hard coral,8.75,0.49045408124678647,0.1296536833058783,0.06358917812604635,,,BRT,4.12,13.26,FALSE
mmp,acropora_composition,Pre-event Acropora composition,High (90th percentile),0.8817916436590687,proportion of pre-event hard coral,8.75,0.7145516998132933,0.20339604632813388,0.1453369906390714,,,BRT,4.12,13.26,FALSE
mmp,acropora_composition,Pre-event Acropora composition,Low (10th percentile),0.04961985378338604,proportion of pre-event hard coral,9,0.5217481244345297,0.08922547561041266,0.04655322455151168,,,BRT,4.12,13.26,FALSE
mmp,acropora_composition,Pre-event Acropora composition,Median (50th percentile),0.26474033381659684,proportion of pre-event hard coral,9,0.5694030446934449,0.1296536833058783,0.07382520203008677,,,BRT,4.12,13.26,FALSE
mmp,acropora_composition,Pre-event Acropora composition,High (90th percentile),0.8817916436590687,proportion of pre-event hard coral,9,0.7739284952210232,0.20339604632813388,0.15741399606863818,,,BRT,4.12,13.26,FALSE
mmp,acropora_composition,Pre-event Acropora composition,Low (10th percentile),0.04961985378338604,proportion of pre-event hard coral,9.25,0.6554279370641853,0.08922547561041266,0.058480869412903556,,,BRT,4.12,13.26,FALSE
mmp,acropora_composition,Pre-event Acropora composition,Median (50th percentile),0.26474033381659684,proportion of pre-event hard coral,9.25,0.7080083854017944,0.1296536833058783,0.09179589497879048,,,BRT,4.12,13.26,FALSE
mmp,acropora_composition,Pre-event Acropora composition,High (90th percentile),0.8817916436590687,proportion of pre-event hard coral,9.25,0.862586758762754,0.20339604632813388,0.17544673634734395,,,BRT,4.12,13.26,FALSE
mmp,acropora_composition,Pre-event Acropora composition,Low (10th percentile),0.04961985378338604,proportion of pre-event hard coral,9.5,0.6582749242269529,0.08922547561041266,0.05873489319655823,,,BRT,4.12,13.26,FALSE
mmp,acropora_composition,Pre-event Acropora composition,Median (50th percentile),0.26474033381659684,proportion of pre-event hard coral,9.5,0.7106127483503772,0.1296536833058783,0.0921335602277396,,,BRT,4.12,13.26,FALSE
mmp,acropora_composition,Pre-event Acropora composition,High (90th percentile),0.8817916436590687,proportion of pre-event hard coral,9.5,0.8640770776384421,0.20339604632813388,0.1757498613144271,,,BRT,4.12,13.26,FALSE
mmp,acropora_composition,Pre-event Acropora composition,Low (10th percentile),0.04961985378338604,proportion of pre-event hard coral,9.75,0.6582749242269529,0.08922547561041266,0.05873489319655823,,,BRT,4.12,13.26,FALSE
mmp,acropora_composition,Pre-event Acropora composition,Median (50th percentile),0.26474033381659684,proportion of pre-event hard coral,9.75,0.7106127483503772,0.1296536833058783,0.0921335602277396,,,BRT,4.12,13.26,FALSE
mmp,acropora_composition,Pre-event Acropora composition,High (90th percentile),0.8817916436590687,proportion of pre-event hard coral,9.75,0.8640770776384421,0.20339604632813388,0.1757498613144271,,,BRT,4.12,13.26,FALSE
mmp,acropora_composition,Pre-event Acropora composition,Low (10th percentile),0.04961985378338604,proportion of pre-event hard coral,10,0.6582749242269529,0.0900678647349036,0.0592894168336521,,,BRT,4.12,13.26,FALSE
mmp,acropora_composition,Pre-event Acropora composition,Median (50th percentile),0.26474033381659684,proportion of pre-event hard coral,10,0.7106127483503772,0.13049607243036923,0.09273217267867458,,,BRT,4.12,13.26,FALSE
mmp,acropora_composition,Pre-event Acropora composition,High (90th percentile),0.8817916436590687,proportion of pre-event hard coral,10,0.8640770776384421,0.20423843545262482,0.17647775044735164,,,BRT,4.12,13.26,FALSE
mmp,acropora_composition,Pre-event Acropora composition,Low (10th percentile),0.04961985378338604,proportion of pre-event hard coral,10.25,0.6942681785948753,0.09109027920516997,0.06324108223147201,,,BRT,4.12,13.26,FALSE
mmp,acropora_composition,Pre-event Acropora composition,Median (50th percentile),0.26474033381659684,proportion of pre-event hard coral,10.25,0.7432435349122917,0.1315184869006356,0.09775026511034433,,,BRT,4.12,13.26,FALSE
mmp,acropora_composition,Pre-event Acropora composition,High (90th percentile),0.8817916436590687,proportion of pre-event hard coral,10.25,0.8809588350447778,0.2052608499228912,0.1808263592283712,,,BRT,4.12,13.26,FALSE
mmp,acropora_composition,Pre-event Acropora composition,Low (10th percentile),0.04961985378338604,proportion of pre-event hard coral,10.5,0.6942681785948753,0.09109027920516997,0.06324108223147201,,,BRT,4.12,13.26,FALSE
mmp,acropora_composition,Pre-event Acropora composition,Median (50th percentile),0.26474033381659684,proportion of pre-event hard coral,10.5,0.7432435349122917,0.1315184869006356,0.09775026511034433,,,BRT,4.12,13.26,FALSE
mmp,acropora_composition,Pre-event Acropora composition,High (90th percentile),0.8817916436590687,proportion of pre-event hard coral,10.5,0.8809588350447778,0.2052608499228912,0.1808263592283712,,,BRT,4.12,13.26,FALSE
mmp,acropora_composition,Pre-event Acropora composition,Low (10th percentile),0.04961985378338604,proportion of pre-event hard coral,10.75,0.6942681785948753,0.09317152866901218,0.0646860275059353,,,BRT,4.12,13.26,FALSE
mmp,acropora_composition,Pre-event Acropora composition,Median (50th percentile),0.26474033381659684,proportion of pre-event hard coral,10.75,0.7432435349122917,0.1335997363644778,0.09929714031888472,,,BRT,4.12,13.26,FALSE
mmp,acropora_composition,Pre-event Acropora composition,High (90th percentile),0.8817916436590687,proportion of pre-event hard coral,10.75,0.8809588350447778,0.2073420993867334,0.1826598543314752,,,BRT,4.12,13.26,FALSE
mmp,acropora_composition,Pre-event Acropora composition,Low (10th percentile),0.04961985378338604,proportion of pre-event hard coral,11,0.6942681785948753,0.09317152866901218,0.0646860275059353,,,BRT,4.12,13.26,FALSE
mmp,acropora_composition,Pre-event Acropora composition,Median (50th percentile),0.26474033381659684,proportion of pre-event hard coral,11,0.7432435349122917,0.1335997363644778,0.09929714031888472,,,BRT,4.12,13.26,FALSE
mmp,acropora_composition,Pre-event Acropora composition,High (90th percentile),0.8817916436590687,proportion of pre-event hard coral,11,0.8809588350447778,0.2073420993867334,0.1826598543314752,,,BRT,4.12,13.26,FALSE
mmp,acropora_composition,Pre-event Acropora composition,Low (10th percentile),0.04961985378338604,proportion of pre-event hard coral,11.25,0.6942681785948753,0.09317152866901218,0.0646860275059353,,,BRT,4.12,13.26,FALSE
mmp,acropora_composition,Pre-event Acropora composition,Median (50th percentile),0.26474033381659684,proportion of pre-event hard coral,11.25,0.7432435349122917,0.1335997363644778,0.09929714031888472,,,BRT,4.12,13.26,FALSE
mmp,acropora_composition,Pre-event Acropora composition,High (90th percentile),0.8817916436590687,proportion of pre-event hard coral,11.25,0.8809588350447778,0.2073420993867334,0.1826598543314752,,,BRT,4.12,13.26,FALSE
mmp,acropora_composition,Pre-event Acropora composition,Low (10th percentile),0.04961985378338604,proportion of pre-event hard coral,11.5,0.6942681785948753,0.10782659865847317,0.0748605762546988,,,BRT,4.12,13.26,FALSE
mmp,acropora_composition,Pre-event Acropora composition,Median (50th percentile),0.26474033381659684,proportion of pre-event hard coral,11.5,0.7432435349122917,0.1482548063539389,0.11018942634223883,,,BRT,4.12,13.26,FALSE
mmp,acropora_composition,Pre-event Acropora composition,High (90th percentile),0.8817916436590687,proportion of pre-event hard coral,11.5,0.8809588350447778,0.2219971693761945,0.19557036771689051,,,BRT,4.12,13.26,FALSE
mmp,acropora_composition,Pre-event Acropora composition,Low (10th percentile),0.04961985378338604,proportion of pre-event hard coral,11.75,0.6942681785948753,0.10782659865847317,0.0748605762546988,,,BRT,4.12,13.26,FALSE
mmp,acropora_composition,Pre-event Acropora composition,Median (50th percentile),0.26474033381659684,proportion of pre-event hard coral,11.75,0.7432435349122917,0.1482548063539389,0.11018942634223883,,,BRT,4.12,13.26,FALSE
mmp,acropora_composition,Pre-event Acropora composition,High (90th percentile),0.8817916436590687,proportion of pre-event hard coral,11.75,0.8809588350447778,0.2219971693761945,0.19557036771689051,,,BRT,4.12,13.26,FALSE
mmp,acropora_composition,Pre-event Acropora composition,Low (10th percentile),0.04961985378338604,proportion of pre-event hard coral,12,0.6942681785948753,0.10782659865847317,0.0748605762546988,,,BRT,4.12,13.26,FALSE
mmp,acropora_composition,Pre-event Acropora composition,Median (50th percentile),0.26474033381659684,proportion of pre-event hard coral,12,0.7432435349122917,0.1482548063539389,0.11018942634223883,,,BRT,4.12,13.26,FALSE
mmp,acropora_composition,Pre-event Acropora composition,High (90th percentile),0.8817916436590687,proportion of pre-event hard coral,12,0.8809588350447778,0.2219971693761945,0.19557036771689051,,,BRT,4.12,13.26,FALSE
mmp,acropora_composition,Pre-event Acropora composition,Low (10th percentile),0.04961985378338604,proportion of pre-event hard coral,12.25,0.6942681785948753,0.10782659865847317,0.0748605762546988,,,BRT,4.12,13.26,FALSE
mmp,acropora_composition,Pre-event Acropora composition,Median (50th percentile),0.26474033381659684,proportion of pre-event hard coral,12.25,0.7432435349122917,0.1482548063539389,0.11018942634223883,,,BRT,4.12,13.26,FALSE
mmp,acropora_composition,Pre-event Acropora composition,High (90th percentile),0.8817916436590687,proportion of pre-event hard coral,12.25,0.8809588350447778,0.2219971693761945,0.19557036771689051,,,BRT,4.12,13.26,FALSE
mmp,acropora_composition,Pre-event Acropora composition,Low (10th percentile),0.04961985378338604,proportion of pre-event hard coral,12.5,0.6942681785948753,0.10782659865847317,0.0748605762546988,,,BRT,4.12,13.26,FALSE
mmp,acropora_composition,Pre-event Acropora composition,Median (50th percentile),0.26474033381659684,proportion of pre-event hard coral,12.5,0.7432435349122917,0.1482548063539389,0.11018942634223883,,,BRT,4.12,13.26,FALSE
mmp,acropora_composition,Pre-event Acropora composition,High (90th percentile),0.8817916436590687,proportion of pre-event hard coral,12.5,0.8809588350447778,0.2219971693761945,0.19557036771689051,,,BRT,4.12,13.26,FALSE
mmp,acropora_composition,Pre-event Acropora composition,Low (10th percentile),0.04961985378338604,proportion of pre-event hard coral,12.75,0.6942681785948753,0.10782659865847317,0.0748605762546988,,,BRT,4.12,13.26,FALSE
mmp,acropora_composition,Pre-event Acropora composition,Median (50th percentile),0.26474033381659684,proportion of pre-event hard coral,12.75,0.7432435349122917,0.1482548063539389,0.11018942634223883,,,BRT,4.12,13.26,FALSE
mmp,acropora_composition,Pre-event Acropora composition,High (90th percentile),0.8817916436590687,proportion of pre-event hard coral,12.75,0.8809588350447778,0.2219971693761945,0.19557036771689051,,,BRT,4.12,13.26,FALSE
mmp,acropora_composition,Pre-event Acropora composition,Low (10th percentile),0.04961985378338604,proportion of pre-event hard coral,13,0.6942681785948753,0.10782659865847317,0.0748605762546988,,,BRT,4.12,13.26,FALSE
mmp,acropora_composition,Pre-event Acropora composition,Median (50th percentile),0.26474033381659684,proportion of pre-event hard coral,13,0.7432435349122917,0.1482548063539389,0.11018942634223883,,,BRT,4.12,13.26,FALSE
mmp,acropora_composition,Pre-event Acropora composition,High (90th percentile),0.8817916436590687,proportion of pre-event hard coral,13,0.8809588350447778,0.2219971693761945,0.19557036771689051,,,BRT,4.12,13.26,FALSE
mmp,acropora_composition,Pre-event Acropora composition,Low (10th percentile),0.04961985378338604,proportion of pre-event hard coral,13.25,0.6942681785948753,0.10782659865847317,0.0748605762546988,,,BRT,4.12,13.26,FALSE
mmp,acropora_composition,Pre-event Acropora composition,Median (50th percentile),0.26474033381659684,proportion of pre-event hard coral,13.25,0.7432435349122917,0.1482548063539389,0.11018942634223883,,,BRT,4.12,13.26,FALSE
mmp,acropora_composition,Pre-event Acropora composition,High (90th percentile),0.8817916436590687,proportion of pre-event hard coral,13.25,0.8809588350447778,0.2219971693761945,0.19557036771689051,,,BRT,4.12,13.26,FALSE
mmp,acropora_composition,Pre-event Acropora composition,Low (10th percentile),0.04961985378338604,proportion of pre-event hard coral,13.5,0.6942681785948753,0.10782659865847317,0.0748605762546988,,,BRT,4.12,13.26,TRUE
mmp,acropora_composition,Pre-event Acropora composition,Median (50th percentile),0.26474033381659684,proportion of pre-event hard coral,13.5,0.7432435349122917,0.1482548063539389,0.11018942634223883,,,BRT,4.12,13.26,TRUE
mmp,acropora_composition,Pre-event Acropora composition,High (90th percentile),0.8817916436590687,proportion of pre-event hard coral,13.5,0.8809588350447778,0.2219971693761945,0.19557036771689051,,,BRT,4.12,13.26,TRUE
mmp,acropora_composition,Pre-event Acropora composition,Low (10th percentile),0.04961985378338604,proportion of pre-event hard coral,13.75,0.6942681785948753,0.10782659865847317,0.0748605762546988,,,BRT,4.12,13.26,TRUE
mmp,acropora_composition,Pre-event Acropora composition,Median (50th percentile),0.26474033381659684,proportion of pre-event hard coral,13.75,0.7432435349122917,0.1482548063539389,0.11018942634223883,,,BRT,4.12,13.26,TRUE
mmp,acropora_composition,Pre-event Acropora composition,High (90th percentile),0.8817916436590687,proportion of pre-event hard coral,13.75,0.8809588350447778,0.2219971693761945,0.19557036771689051,,,BRT,4.12,13.26,TRUE
mmp,acropora_composition,Pre-event Acropora composition,Low (10th percentile),0.04961985378338604,proportion of pre-event hard coral,14,0.6942681785948753,0.10782659865847317,0.0748605762546988,,,BRT,4.12,13.26,TRUE
mmp,acropora_composition,Pre-event Acropora composition,Median (50th percentile),0.26474033381659684,proportion of pre-event hard coral,14,0.7432435349122917,0.1482548063539389,0.11018942634223883,,,BRT,4.12,13.26,TRUE
mmp,acropora_composition,Pre-event Acropora composition,High (90th percentile),0.8817916436590687,proportion of pre-event hard coral,14,0.8809588350447778,0.2219971693761945,0.19557036771689051,,,BRT,4.12,13.26,TRUE
mmp,acropora_composition,Pre-event Acropora composition,Low (10th percentile),0.04961985378338604,proportion of pre-event hard coral,14.25,0.6942681785948753,0.10782659865847317,0.0748605762546988,,,BRT,4.12,13.26,TRUE
mmp,acropora_composition,Pre-event Acropora composition,Median (50th percentile),0.26474033381659684,proportion of pre-event hard coral,14.25,0.7432435349122917,0.1482548063539389,0.11018942634223883,,,BRT,4.12,13.26,TRUE
mmp,acropora_composition,Pre-event Acropora composition,High (90th percentile),0.8817916436590687,proportion of pre-event hard coral,14.25,0.8809588350447778,0.2219971693761945,0.19557036771689051,,,BRT,4.12,13.26,TRUE
mmp,acropora_composition,Pre-event Acropora composition,Low (10th percentile),0.04961985378338604,proportion of pre-event hard coral,14.5,0.6942681785948753,0.10782659865847317,0.0748605762546988,,,BRT,4.12,13.26,TRUE
mmp,acropora_composition,Pre-event Acropora composition,Median (50th percentile),0.26474033381659684,proportion of pre-event hard coral,14.5,0.7432435349122917,0.1482548063539389,0.11018942634223883,,,BRT,4.12,13.26,TRUE
mmp,acropora_composition,Pre-event Acropora composition,High (90th percentile),0.8817916436590687,proportion of pre-event hard coral,14.5,0.8809588350447778,0.2219971693761945,0.19557036771689051,,,BRT,4.12,13.26,TRUE
mmp,acropora_composition,Pre-event Acropora composition,Low (10th percentile),0.04961985378338604,proportion of pre-event hard coral,14.75,0.6942681785948753,0.10782659865847317,0.0748605762546988,,,BRT,4.12,13.26,TRUE
mmp,acropora_composition,Pre-event Acropora composition,Median (50th percentile),0.26474033381659684,proportion of pre-event hard coral,14.75,0.7432435349122917,0.1482548063539389,0.11018942634223883,,,BRT,4.12,13.26,TRUE
mmp,acropora_composition,Pre-event Acropora composition,High (90th percentile),0.8817916436590687,proportion of pre-event hard coral,14.75,0.8809588350447778,0.2219971693761945,0.19557036771689051,,,BRT,4.12,13.26,TRUE
mmp,acropora_composition,Pre-event Acropora composition,Low (10th percentile),0.04961985378338604,proportion of pre-event hard coral,15,0.6942681785948753,0.10782659865847317,0.0748605762546988,,,BRT,4.12,13.26,TRUE
mmp,acropora_composition,Pre-event Acropora composition,Median (50th percentile),0.26474033381659684,proportion of pre-event hard coral,15,0.7432435349122917,0.1482548063539389,0.11018942634223883,,,BRT,4.12,13.26,TRUE
mmp,acropora_composition,Pre-event Acropora composition,High (90th percentile),0.8817916436590687,proportion of pre-event hard coral,15,0.8809588350447778,0.2219971693761945,0.19557036771689051,,,BRT,4.12,13.26,TRUE
mmp,acropora_composition,Pre-event Acropora composition,Low (10th percentile),0.04961985378338604,proportion of pre-event hard coral,15.25,0.6942681785948753,0.10782659865847317,0.0748605762546988,,,BRT,4.12,13.26,TRUE
mmp,acropora_composition,Pre-event Acropora composition,Median (50th percentile),0.26474033381659684,proportion of pre-event hard coral,15.25,0.7432435349122917,0.1482548063539389,0.11018942634223883,,,BRT,4.12,13.26,TRUE
mmp,acropora_composition,Pre-event Acropora composition,High (90th percentile),0.8817916436590687,proportion of pre-event hard coral,15.25,0.8809588350447778,0.2219971693761945,0.19557036771689051,,,BRT,4.12,13.26,TRUE
mmp,acropora_composition,Pre-event Acropora composition,Low (10th percentile),0.04961985378338604,proportion of pre-event hard coral,15.5,0.6942681785948753,0.10782659865847317,0.0748605762546988,,,BRT,4.12,13.26,TRUE
mmp,acropora_composition,Pre-event Acropora composition,Median (50th percentile),0.26474033381659684,proportion of pre-event hard coral,15.5,0.7432435349122917,0.1482548063539389,0.11018942634223883,,,BRT,4.12,13.26,TRUE
mmp,acropora_composition,Pre-event Acropora composition,High (90th percentile),0.8817916436590687,proportion of pre-event hard coral,15.5,0.8809588350447778,0.2219971693761945,0.19557036771689051,,,BRT,4.12,13.26,TRUE
mmp,acropora_composition,Pre-event Acropora composition,Low (10th percentile),0.04961985378338604,proportion of pre-event hard coral,15.75,0.6942681785948753,0.10782659865847317,0.0748605762546988,,,BRT,4.12,13.26,TRUE
mmp,acropora_composition,Pre-event Acropora composition,Median (50th percentile),0.26474033381659684,proportion of pre-event hard coral,15.75,0.7432435349122917,0.1482548063539389,0.11018942634223883,,,BRT,4.12,13.26,TRUE
mmp,acropora_composition,Pre-event Acropora composition,High (90th percentile),0.8817916436590687,proportion of pre-event hard coral,15.75,0.8809588350447778,0.2219971693761945,0.19557036771689051,,,BRT,4.12,13.26,TRUE
mmp,acropora_composition,Pre-event Acropora composition,Low (10th percentile),0.04961985378338604,proportion of pre-event hard coral,16,0.6942681785948753,0.10782659865847317,0.0748605762546988,,,BRT,4.12,13.26,TRUE
mmp,acropora_composition,Pre-event Acropora composition,Median (50th percentile),0.26474033381659684,proportion of pre-event hard coral,16,0.7432435349122917,0.1482548063539389,0.11018942634223883,,,BRT,4.12,13.26,TRUE
mmp,acropora_composition,Pre-event Acropora composition,High (90th percentile),0.8817916436590687,proportion of pre-event hard coral,16,0.8809588350447778,0.2219971693761945,0.19557036771689051,,,BRT,4.12,13.26,TRUE
mmp,acropora_composition,Pre-event Acropora composition,Low (10th percentile),0.04961985378338604,proportion of pre-event hard coral,0,0.2697128452180968,0.5344768142432013,0.10932554421099365,0.030444493781041772,0.28670148203279905,Bayesian beta + Bernoulli boundary,4.12,13.26,TRUE
mmp,acropora_composition,Pre-event Acropora composition,Median (50th percentile),0.26474033381659684,proportion of pre-event hard coral,0,0.30867476130234645,0.46060169328778305,0.10626496133721534,0.029887709527546717,0.2749397694711408,Bayesian beta + Bernoulli boundary,4.12,13.26,TRUE
mmp,acropora_composition,Pre-event Acropora composition,High (90th percentile),0.8817916436590687,proportion of pre-event hard coral,0,0.4603351690746655,0.2935853128153834,0.10081584228725017,0.022201096392881463,0.2877101109379549,Bayesian beta + Bernoulli boundary,4.12,13.26,TRUE
mmp,acropora_composition,Pre-event Acropora composition,Low (10th percentile),0.04961985378338604,proportion of pre-event hard coral,0.25,0.27239046457782695,0.5251392624095532,0.1086408985848456,0.0305488765510977,0.2813038283618525,Bayesian beta + Bernoulli boundary,4.12,13.26,TRUE
mmp,acropora_composition,Pre-event Acropora composition,Median (50th percentile),0.26474033381659684,proportion of pre-event hard coral,0.25,0.3121766636913256,0.45218750847672334,0.10601508064220565,0.030193749976801805,0.2708738711836435,Bayesian beta + Bernoulli boundary,4.12,13.26,TRUE
mmp,acropora_composition,Pre-event Acropora composition,High (90th percentile),0.8817916436590687,proportion of pre-event hard coral,0.25,0.46655766505568763,0.2892507201801355,0.1019833991565162,0.02276019369508584,0.28950400107853463,Bayesian beta + Bernoulli boundary,4.12,13.26,TRUE
mmp,acropora_composition,Pre-event Acropora composition,Low (10th percentile),0.04961985378338604,proportion of pre-event hard coral,0.5,0.27517316130609165,0.5156681852753835,0.10794904290152976,0.030795300881481764,0.2768223529493113,Bayesian beta + Bernoulli boundary,4.12,13.26,TRUE
mmp,acropora_composition,Pre-event Acropora composition,Median (50th percentile),0.26474033381659684,proportion of pre-event hard coral,0.5,0.3158080732994883,0.4437259584850779,0.10577205872190606,0.03042824662752416,0.26784325287812294,Bayesian beta + Bernoulli boundary,4.12,13.26,TRUE
mmp,acropora_composition,Pre-event Acropora composition,High (90th percentile),0.8817916436590687,proportion of pre-event hard coral,0.5,0.4729324859971938,0.2851241373829158,0.103231020761747,0.023461475283630767,0.29108215278005617,Bayesian beta + Bernoulli boundary,4.12,13.26,TRUE
mmp,acropora_composition,Pre-event Acropora composition,Low (10th percentile),0.04961985378338604,proportion of pre-event hard coral,0.75,0.27806533154554924,0.5060733381336732,0.1072508544662731,0.030994207321712382,0.27208610268913597,Bayesian beta + Bernoulli boundary,4.12,13.26,TRUE
mmp,acropora_composition,Pre-event Acropora composition,Median (50th percentile),0.26474033381659684,proportion of pre-event hard coral,0.75,0.3195738170595711,0.4352290984953617,0.10553712259907842,0.030662213302313408,0.2645226580957693,Bayesian beta + Bernoulli boundary,4.12,13.26,TRUE
mmp,acropora_composition,Pre-event Acropora composition,High (90th percentile),0.8817916436590687,proportion of pre-event hard coral,0.75,0.47945964263227697,0.28122047216099455,0.10456452174977769,0.024218019962787815,0.2938583817234265,Bayesian beta + Bernoulli boundary,4.12,13.26,TRUE
mmp,acropora_composition,Pre-event Acropora composition,Low (10th percentile),0.04961985378338604,proportion of pre-event hard coral,1,0.2810715185755594,0.49636562996570016,0.10654732006662697,0.03118480378928177,0.2669670102360774,Bayesian beta + Bernoulli boundary,4.12,13.26,TRUE
mmp,acropora_composition,Pre-event Acropora composition,Median (50th percentile),0.26474033381659684,proportion of pre-event hard coral,1,0.3234788102094891,0.42670982572756644,0.10531159100733967,0.031048656366090423,0.2609270717564716,Bayesian beta + Bernoulli boundary,4.12,13.26,TRUE
mmp,acropora_composition,Pre-event Acropora composition,High (90th percentile),0.8817916436590687,proportion of pre-event hard coral,1,0.48613862009125214,0.27755451546674215,0.10599008022521746,0.02479218034537354,0.29566723804956946,Bayesian beta + Bernoulli boundary,4.12,13.26,TRUE
mmp,acropora_composition,Pre-event Acropora composition,Low (10th percentile),0.04961985378338604,proportion of pre-event hard coral,1.25,0.2841964089936316,0.4865571336065985,0.10583954122058103,0.03134399659234621,0.260030235544892,Bayesian beta + Bernoulli boundary,4.12,13.26,TRUE
mmp,acropora_composition,Pre-event Acropora composition,Median (50th percentile),0.26474033381659684,proportion of pre-event hard coral,1.25,0.3275280397586496,0.41818184429217264,0.10509687447873511,0.03139180909622179,0.2573517546234296,Bayesian beta + Bernoulli boundary,4.12,13.26,TRUE
mmp,acropora_composition,Pre-event Acropora composition,High (90th percentile),0.8817916436590687,proportion of pre-event hard coral,1.25,0.4929683213095193,0.2741408350250419,0.10751424540061787,0.025560718893282396,0.2970846731760193,Bayesian beta + Bernoulli boundary,4.12,13.26,TRUE
mmp,acropora_composition,Pre-event Acropora composition,Low (10th percentile),0.04961985378338604,proportion of pre-event hard coral,1.5,0.28744482686946926,0.4766610792895779,0.10512873743489275,0.031497420083701724,0.2552744203290335,Bayesian beta + Bernoulli boundary,4.12,13.26,TRUE
mmp,acropora_composition,Pre-event Acropora composition,Median (50th percentile),0.26474033381659684,proportion of pre-event hard coral,1.5,0.33172654421275405,0.40965961634366926,0.10489447439725494,0.03161260373769511,0.2526761033848085,Bayesian beta + Bernoulli boundary,4.12,13.26,TRUE
mmp,acropora_composition,Pre-event Acropora composition,High (90th percentile),0.8817916436590687,proportion of pre-event hard coral,1.5,0.49994700803524494,0.27099367221938114,0.10914394152099266,0.026356628207583922,0.29752901314001057,Bayesian beta + Bernoulli boundary,4.12,13.26,TRUE
mmp,acropora_composition,Pre-event Acropora composition,Low (10th percentile),0.04961985378338604,proportion of pre-event hard coral,1.75,0.2908217255113841,0.466691829500546,0.1044162469192738,0.031609029492752586,0.25125424832614285,Bayesian beta + Bernoulli boundary,4.12,13.26,TRUE
mmp,acropora_composition,Pre-event Acropora composition,Median (50th percentile),0.26474033381659684,proportion of pre-event hard coral,1.75,0.3360793890536812,0.40115829900897904,0.10470598102523163,0.031937036871179145,0.2479066403858051,Bayesian beta + Bernoulli boundary,4.12,13.26,TRUE
mmp,acropora_composition,Pre-event Acropora composition,High (90th percentile),0.8817916436590687,proportion of pre-event hard coral,1.75,0.5070722396876806,0.26812684541813886,0.1108864670161738,0.027071986966235095,0.2992135746743935,Bayesian beta + Bernoulli boundary,4.12,13.26,TRUE
mmp,acropora_composition,Pre-event Acropora composition,Low (10th percentile),0.04961985378338604,proportion of pre-event hard coral,2,0.2943321764486809,0.4566648336364658,0.10370352432512267,0.03185519577097975,0.24718223792623026,Bayesian beta + Bernoulli boundary,4.12,13.26,TRUE
mmp,acropora_composition,Pre-event Acropora composition,Median (50th percentile),0.26474033381659684,proportion of pre-event hard coral,2,0.34059163744963833,0.3926936669051242,0.10453307055742045,0.03230893170578432,0.2440597859942102,Bayesian beta + Bernoulli boundary,4.12,13.26,TRUE
mmp,acropora_composition,Pre-event Acropora composition,High (90th percentile),0.8817916436590687,proportion of pre-event hard coral,2,0.5143408104978077,0.2655536620072195,0.11274948770795977,0.027704131278504844,0.3003070159386135,Bayesian beta + Bernoulli boundary,4.12,13.26,TRUE
mmp,acropora_composition,Pre-event Acropora composition,Low (10th percentile),0.04961985378338604,proportion of pre-event hard coral,2.25,0.29798135519846947,0.44659656166816364,0.10299213525325045,0.031986172830692904,0.24439834034269647,Bayesian beta + Bernoulli boundary,4.12,13.26,TRUE
mmp,acropora_composition,Pre-event Acropora composition,Median (50th percentile),0.26474033381659684,proportion of pre-event hard coral,2.25,0.3452683156615566,0.3842820204053455,0.10437750129041233,0.03276476640856698,0.24134084809283923,Bayesian beta + Bernoulli boundary,4.12,13.26,TRUE
mmp,acropora_composition,Pre-event Acropora composition,High (90th percentile),0.8817916436590687,proportion of pre-event hard coral,2.25,0.5217486856913914,0.2632868402921489,0.1147410228037071,0.02835556470517522,0.3035016777374106,Bayesian beta + Bernoulli boundary,4.12,13.26,TRUE
mmp,acropora_composition,Pre-event Acropora composition,Low (10th percentile),0.04961985378338604,proportion of pre-event hard coral,2.5,0.30177452335218297,0.43650441679407664,0.10228374747751459,0.03222373813502225,0.24012395193931887,Bayesian beta + Bernoulli boundary,4.12,13.26,TRUE
mmp,acropora_composition,Pre-event Acropora composition,Median (50th percentile),0.26474033381659684,proportion of pre-event hard coral,2.5,0.3501143726183379,0.3759400801374481,0.10424110900697539,0.033102624378452274,0.23942905220223792,Bayesian beta + Bernoulli boundary,4.12,13.26,TRUE
mmp,acropora_composition,Pre-event Acropora composition,High (90th percentile),0.8817916436590687,proportion of pre-event hard coral,2.5,0.5292909379817256,0.26133844126624556,0.11686942236651923,0.02947877378223662,0.3043933360166953,Bayesian beta + Bernoulli boundary,4.12,13.26,TRUE
mmp,acropora_composition,Pre-event Acropora composition,Low (10th percentile),0.04961985378338604,proportion of pre-event hard coral,2.75,0.30571700648720745,0.42640662786644623,0.10158011903207213,0.03233459459481547,0.2339547168479967,Bayesian beta + Bernoulli boundary,4.12,13.26,TRUE
mmp,acropora_composition,Pre-event Acropora composition,Median (50th percentile),0.26474033381659684,proportion of pre-event hard coral,2.75,0.35513463316006916,0.36768486848189247,0.10412580166516032,0.033476500259056866,0.23694202605284595,Bayesian beta + Bernoulli boundary,4.12,13.26,TRUE
mmp,acropora_composition,Pre-event Acropora composition,High (90th percentile),0.8817916436590687,proportion of pre-event hard coral,2.75,0.5369616863267319,0.2597198092071133,0.11914333498938459,0.030447306872836012,0.3065639373005164,Bayesian beta + Bernoulli boundary,4.12,13.26,TRUE
mmp,acropora_composition,Pre-event Acropora composition,Low (10th percentile),0.04961985378338604,proportion of pre-event hard coral,3,0.30981416738449463,0.4163221231157185,0.1008830834862344,0.032397753558905756,0.22963142100994366,Bayesian beta + Bernoulli boundary,4.12,13.26,TRUE
mmp,acropora_composition,Pre-event Acropora composition,Median (50th percentile),0.26474033381659684,proportion of pre-event hard coral,3,0.36033374449914424,0.35953357907236305,0.10403355345495145,0.03390163692607031,0.23477407964134253,Bayesian beta + Bernoulli boundary,4.12,13.26,TRUE
mmp,acropora_composition,Pre-event Acropora composition,High (90th percentile),0.8817916436590687,proportion of pre-event hard coral,3,0.5447540397298074,0.25844151930851356,0.12157166453971212,0.03136945233761363,0.31155463843664366,Bayesian beta + Bernoulli boundary,4.12,13.26,TRUE
mmp,acropora_composition,Pre-event Acropora composition,Low (10th percentile),0.04961985378338604,proportion of pre-event hard coral,3.25,0.3140713740169972,0.40627038734531634,0.100194532870841,0.03266572708974141,0.22393831800258757,Bayesian beta + Bernoulli boundary,4.12,13.26,TRUE
mmp,acropora_composition,Pre-event Acropora composition,Median (50th percentile),0.26474033381659684,proportion of pre-event hard coral,3.25,0.3657161155292087,0.3515034355030254,0.10396639824915292,0.03425338208503023,0.23192360799616654,Bayesian beta + Bernoulli boundary,4.12,13.26,TRUE
mmp,acropora_composition,Pre-event Acropora composition,High (90th percentile),0.8817916436590687,proportion of pre-event hard coral,3.25,0.5526600497304065,0.25751333014691025,0.1241635150974833,0.03226624488486856,0.3129275441491223,Bayesian beta + Bernoulli boundary,4.12,13.26,TRUE
mmp,acropora_composition,Pre-event Acropora composition,Low (10th percentile),0.04961985378338604,proportion of pre-event hard coral,3.5,0.31849396177084843,0.39627130528109616,0.09951639882386329,0.03302212327843426,0.21967606080920804,Bayesian beta + Bernoulli boundary,4.12,13.26,TRUE
mmp,acropora_composition,Pre-event Acropora composition,Median (50th percentile),0.26474033381659684,proportion of pre-event hard coral,3.5,0.3712858487259625,0.3436115406572636,0.10392642243969114,0.03456160105597046,0.23029976699249322,Bayesian beta + Bernoulli boundary,4.12,13.26,TRUE
mmp,acropora_composition,Pre-event Acropora composition,High (90th percentile),0.8817916436590687,proportion of pre-event hard coral,3.5,0.5606706759930067,0.25694413870867,0.1269281235862746,0.03331513568372517,0.3173582750815735,Bayesian beta + Bernoulli boundary,4.12,13.26,TRUE
mmp,acropora_composition,Pre-event Acropora composition,Low (10th percentile),0.04961985378338604,proportion of pre-event hard coral,3.75,0.32308718937771097,0.3863449941084921,0.09885063259884852,0.033065562815749634,0.21625104270440282,Bayesian beta + Bernoulli boundary,4.12,13.26,TRUE
mmp,acropora_composition,Pre-event Acropora composition,Median (50th percentile),0.26474033381659684,proportion of pre-event hard coral,3.75,0.37704666453684915,0.33587471835765437,0.10391575712373445,0.0349603699092736,0.2286936244938622,Bayesian beta + Bernoulli boundary,4.12,13.26,TRUE
mmp,acropora_composition,Pre-event Acropora composition,High (90th percentile),0.8817916436590687,proportion of pre-event hard coral,3.75,0.5687757698817749,0.25674193589286015,0.1298747800727667,0.03435762780118166,0.32267685458191897,Bayesian beta + Bernoulli boundary,4.12,13.26,TRUE
mmp,acropora_composition,Pre-event Acropora composition,Low (10th percentile),0.04961985378338604,proportion of pre-event hard coral,4,0.32785618808045724,0.37651162839412866,0.09819918463696868,0.033183810623767046,0.21205844514451275,Bayesian beta + Bernoulli boundary,4.12,13.26,TRUE
mmp,acropora_composition,Pre-event Acropora composition,Median (50th percentile),0.26474033381659684,proportion of pre-event hard coral,4,0.3830018183521575,0.3283093494627724,0.1039365695903053,0.035629844255268744,0.22726711081520123,Bayesian beta + Bernoulli boundary,4.12,13.26,TRUE
mmp,acropora_composition,Pre-event Acropora composition,High (90th percentile),0.8817916436590687,proportion of pre-event hard coral,4,0.5769640809192874,0.2569137607580434,0.13301273624379487,0.03556785380820079,0.3286825719300545,Bayesian beta + Bernoulli boundary,4.12,13.26,TRUE
mmp,acropora_composition,Pre-event Acropora composition,Low (10th percentile),0.04961985378338604,proportion of pre-event hard coral,4.25,0.332805903633999,0.3667916944753649,0.09756415156629343,0.03342983510553243,0.2095061270928759,Bayesian beta + Bernoulli boundary,4.12,13.26,FALSE
mmp,acropora_composition,Pre-event Acropora composition,Median (50th percentile),0.26474033381659684,proportion of pre-event hard coral,4.25,0.3891540103896154,0.32093167080981566,0.10399125744011249,0.03605514490507156,0.22521962805596624,Bayesian beta + Bernoulli boundary,4.12,13.26,FALSE
mmp,acropora_composition,Pre-event Acropora composition,High (90th percentile),0.8817916436590687,proportion of pre-event hard coral,4.25,0.5852232904260061,0.2574661699465047,0.1363514229590487,0.037243115368461276,0.3326088259299498,Bayesian beta + Bernoulli boundary,4.12,13.26,FALSE
mmp,acropora_composition,Pre-event Acropora composition,Low (10th percentile),0.04961985378338604,proportion of pre-event hard coral,4.5,0.33794103086688426,0.35721407389476134,0.09695098383467814,0.03383558410482821,0.2061010695864649,Bayesian beta + Bernoulli boundary,4.12,13.26,FALSE
mmp,acropora_composition,Pre-event Acropora composition,Median (50th percentile),0.26474033381659684,proportion of pre-event hard coral,4.5,0.3955052891066778,0.3137665359446532,0.10408639744686927,0.03664431709846812,0.22645628055876474,Bayesian beta + Bernoulli boundary,4.12,13.26,FALSE
mmp,acropora_composition,Pre-event Acropora composition,High (90th percentile),0.8817916436590687,proportion of pre-event hard coral,4.5,0.5935400753625152,0.25841538160938876,0.1399067347094807,0.03875173327332652,0.33770684056606187,Bayesian beta + Bernoulli boundary,4.12,13.26,FALSE
mmp,acropora_composition,Pre-event Acropora composition,Low (10th percentile),0.04961985378338604,proportion of pre-event hard coral,4.75,0.3432659407032134,0.34781367278412395,0.09636780158588952,0.03389911543165517,0.2031395788958119,Bayesian beta + Bernoulli boundary,4.12,13.26,FALSE
mmp,acropora_composition,Pre-event Acropora composition,Median (50th percentile),0.26474033381659684,proportion of pre-event hard coral,4.75,0.4020569490746173,0.3068451635122055,0.10423206564100236,0.03716355555103051,0.22446384080485662,Bayesian beta + Bernoulli boundary,4.12,13.26,FALSE
mmp,acropora_composition,Pre-event Acropora composition,High (90th percentile),0.8817916436590687,proportion of pre-event hard coral,4.75,0.6019002035110546,0.25978604819784545,0.1437005844068225,0.04008322599077368,0.3448095979350895,Bayesian beta + Bernoulli boundary,4.12,13.26,FALSE
mmp,acropora_composition,Pre-event Acropora composition,Low (10th percentile),0.04961985378338604,proportion of pre-event hard coral,5,0.34878459977017895,0.33862212472015885,0.09582192678491433,0.034122672790462494,0.20049846867423188,Bayesian beta + Bernoulli boundary,4.12,13.26,FALSE
mmp,acropora_composition,Pre-event Acropora composition,Median (50th percentile),0.26474033381659684,proportion of pre-event hard coral,5,0.4088094245990407,0.30019535932225316,0.10443770655187683,0.037969395342922894,0.2242228913539037,Bayesian beta + Bernoulli boundary,4.12,13.26,FALSE
mmp,acropora_composition,Pre-event Acropora composition,High (90th percentile),0.8817916436590687,proportion of pre-event hard coral,5,0.6102886588367996,0.2616010660965024,0.14775467494448105,0.04160201041033762,0.3507998798404408,Bayesian beta + Bernoulli boundary,4.12,13.26,FALSE
mmp,acropora_composition,Pre-event Acropora composition,Low (10th percentile),0.04961985378338604,proportion of pre-event hard coral,5.25,0.35450048298980397,0.3296672764132669,0.09531971340233078,0.03438251558914196,0.1981272518115521,Bayesian beta + Bernoulli boundary,4.12,13.26,FALSE
mmp,acropora_composition,Pre-event Acropora composition,Median (50th percentile),0.26474033381659684,proportion of pre-event hard coral,5.25,0.41576218074551036,0.29384106146097505,0.1047119540636765,0.03855154803255478,0.22278185932931402,Bayesian beta + Bernoulli boundary,4.12,13.26,FALSE
mmp,acropora_composition,Pre-event Acropora composition,High (90th percentile),0.8817916436590687,proportion of pre-event hard coral,5.25,0.6186897934799699,0.2638812874586517,0.1520902204838386,0.04323312720576158,0.35776176414809213,Bayesian beta + Bernoulli boundary,4.12,13.26,FALSE
mmp,acropora_composition,Pre-event Acropora composition,Low (10th percentile),0.04961985378338604,proportion of pre-event hard coral,5.5,0.3604164798633137,0.32097324698431934,0.09486658908811856,0.034725888158642845,0.19535902417492712,Bayesian beta + Bernoulli boundary,4.12,13.26,FALSE
mmp,acropora_composition,Pre-event Acropora composition,Median (50th percentile),0.26474033381659684,proportion of pre-event hard coral,5.5,0.4229136038231069,0.28780248012211346,0.10506269345465716,0.03910070796091566,0.22128884559764123,Bayesian beta + Bernoulli boundary,4.12,13.26,FALSE
mmp,acropora_composition,Pre-event Acropora composition,High (90th percentile),0.8817916436590687,proportion of pre-event hard coral,5.5,0.6270875007215938,0.26664585121219064,0.15672804999537265,0.04459972654747464,0.36547496273390323,Bayesian beta + Bernoulli boundary,4.12,13.26,FALSE
mmp,acropora_composition,Pre-event Acropora composition,Low (10th percentile),0.04961985378338604,proportion of pre-event hard coral,5.75,0.36653479548660395,0.31256069861603475,0.09446717570517613,0.03493297414457988,0.19431466204311082,Bayesian beta + Bernoulli boundary,4.12,13.26,FALSE
mmp,acropora_composition,Pre-event Acropora composition,Median (50th percentile),0.26474033381659684,proportion of pre-event hard coral,5.75,0.43026089379633603,0.2820964541468194,0.10549720724350163,0.03945131605112419,0.2215053806866379,Bayesian beta + Bernoulli boundary,4.12,13.26,FALSE
mmp,acropora_composition,Pre-event Acropora composition,High (90th percentile),0.8817916436590687,proportion of pre-event hard coral,5.75,0.6354654017815295,0.2699127273805564,0.1616888560019038,0.046340544170504996,0.37376569325630293,Bayesian beta + Bernoulli boundary,4.12,13.26,FALSE
mmp,acropora_composition,Pre-event Acropora composition,Low (10th percentile),0.04961985378338604,proportion of pre-event hard coral,6,0.3728568476667822,0.3044473022296813,0.09412548844194872,0.035044290833645665,0.1922490115671609,Bayesian beta + Bernoulli boundary,4.12,13.26,FALSE
mmp,acropora_composition,Pre-event Acropora composition,Median (50th percentile),0.26474033381659684,proportion of pre-event hard coral,6,0.4377999615469436,0.27673701766209846,0.10602240953226616,0.04000705869343868,0.2221159781821664,Bayesian beta + Bernoulli boundary,4.12,13.26,FALSE
mmp,acropora_composition,Pre-event Acropora composition,High (90th percentile),0.8817916436590687,proportion of pre-event hard coral,6,0.6438070386689237,0.2736994701553306,0.16699359598808142,0.0478600510131601,0.3827802872460245,Bayesian beta + Bernoulli boundary,4.12,13.26,FALSE
mmp,acropora_composition,Pre-event Acropora composition,Low (10th percentile),0.04961985378338604,proportion of pre-event hard coral,6.25,0.37938316182671433,0.29664837993767573,0.09384521269828007,0.03520847725294578,0.192559592734587,Bayesian beta + Bernoulli boundary,4.12,13.26,FALSE
mmp,acropora_composition,Pre-event Acropora composition,Median (50th percentile),0.26474033381659684,proportion of pre-event hard coral,6.25,0.4455253344035729,0.2717361674902258,0.10664517392459158,0.04027392006455208,0.22229414798838878,Bayesian beta + Bernoulli boundary,4.12,13.26,FALSE
mmp,acropora_composition,Pre-event Acropora composition,High (90th percentile),0.8817916436590687,proportion of pre-event hard coral,6.25,0.6520960655555122,0.2780241645085452,0.1726640464782769,0.049870690156725295,0.392580617912822,Bayesian beta + Bernoulli boundary,4.12,13.26,FALSE
mmp,acropora_composition,Pre-event Acropora composition,Low (10th percentile),0.04961985378338604,proportion of pre-event hard coral,6.5,0.3861132656788914,0.2891777090137368,0.09363005925153323,0.03534500250275308,0.19228973964649185,Bayesian beta + Bernoulli boundary,4.12,13.26,FALSE
mmp,acropora_composition,Pre-event Acropora composition,Median (50th percentile),0.26474033381659684,proportion of pre-event hard coral,6.5,0.45343007389949863,0.26710482277508535,0.1073727618719951,0.04077198625025554,0.22193016078199893,Bayesian beta + Bernoulli boundary,4.12,13.26,FALSE
mmp,acropora_composition,Pre-event Acropora composition,High (90th percentile),0.8817916436590687,proportion of pre-event hard coral,6.5,0.6603164321418322,0.2829065401328912,0.1787235015147599,0.05178238333135218,0.4058194176103779,Bayesian beta + Bernoulli boundary,4.12,13.26,FALSE
mmp,acropora_composition,Pre-event Acropora composition,Low (10th percentile),0.04961985378338604,proportion of pre-event hard coral,6.75,0.3930455859253641,0.28204847853834125,0.09348420107835226,0.03546661240817794,0.19174771457599596,Bayesian beta + Bernoulli boundary,4.12,13.26,FALSE
mmp,acropora_composition,Pre-event Acropora composition,Median (50th percentile),0.26474033381659684,proportion of pre-event hard coral,6.75,0.461505710279324,0.26285397202571337,0.10821336132352534,0.04097893607730716,0.22299025686253426,Bayesian beta + Bernoulli boundary,4.12,13.26,FALSE
mmp,acropora_composition,Pre-event Acropora composition,High (90th percentile),0.8817916436590687,proportion of pre-event hard coral,6.75,0.6684525539659135,0.2883692143919459,0.18519759749866666,0.054061286789591274,0.4189926720265269,Bayesian beta + Bernoulli boundary,4.12,13.26,FALSE
mmp,acropora_composition,Pre-event Acropora composition,Low (10th percentile),0.04961985378338604,proportion of pre-event hard coral,7,0.4001773495120192,0.27527439804123527,0.09341279920118148,0.03561048690967857,0.1899631232505019,Bayesian beta + Bernoulli boundary,4.12,13.26,FALSE
mmp,acropora_composition,Pre-event Acropora composition,Median (50th percentile),0.26474033381659684,proportion of pre-event hard coral,7,0.4697421987818798,0.2589960085797266,0.10917674951287823,0.04123557468513034,0.22488610062239195,Bayesian beta + Bernoulli boundary,4.12,13.26,FALSE
mmp,acropora_composition,Pre-event Acropora composition,High (90th percentile),0.8817916436590687,proportion of pre-event hard coral,7,0.676489466246318,0.29443901105261727,0.19211523366194175,0.05645157933019024,0.43090003233550644,Bayesian beta + Bernoulli boundary,4.12,13.26,FALSE
mmp,acropora_composition,Pre-event Acropora composition,Low (10th percentile),0.04961985378338604,proportion of pre-event hard coral,7.25,0.40750449225401736,0.2688709658718084,0.09342262956994135,0.035692035079580686,0.19039032092959665,Bayesian beta + Bernoulli boundary,4.12,13.26,FALSE
mmp,acropora_composition,Pre-event Acropora composition,Median (50th percentile),0.26474033381659684,proportion of pre-event hard coral,7.25,0.4781279030535273,0.2555462620237069,0.11027509809111011,0.04152258060038646,0.22691700248705232,Bayesian beta + Bernoulli boundary,4.12,13.26,FALSE
mmp,acropora_composition,Pre-event Acropora composition,High (90th percentile),0.8817916436590687,proportion of pre-event hard coral,7.25,0.6844129593733375,0.3011482810246161,0.19950953956940387,0.0586007580477234,0.4418910850796887,Bayesian beta + Bernoulli boundary,4.12,13.26,FALSE
mmp,acropora_composition,Pre-event Acropora composition,Low (10th percentile),0.04961985378338604,proportion of pre-event hard coral,7.5,0.4150215779712353,0.26285691242823217,0.09352282776830942,0.0358065203660232,0.19043013504799755,Bayesian beta + Bernoulli boundary,4.12,13.26,FALSE
mmp,acropora_composition,Pre-event Acropora composition,Median (50th percentile),0.26474033381659684,proportion of pre-event hard coral,7.5,0.48664961102676657,0.2525247385486662,0.11152394275165335,0.04174298663506777,0.22938495905598685,Bayesian beta + Bernoulli boundary,4.12,13.26,FALSE
mmp,acropora_composition,Pre-event Acropora composition,High (90th percentile),0.8817916436590687,proportion of pre-event hard coral,7.5,0.6922096953686148,0.308536120926137,0.20741881476381868,0.06091053811948473,0.4538819378294206,Bayesian beta + Bernoulli boundary,4.12,13.26,FALSE
mmp,acropora_composition,Pre-event Acropora composition,Low (10th percentile),0.04961985378338604,proportion of pre-event hard coral,7.75,0.4227217316273041,0.2572506225273075,0.09372340725761567,0.03598320876452816,0.1894230174554198,Bayesian beta + Bernoulli boundary,4.12,13.26,FALSE
mmp,acropora_composition,Pre-event Acropora composition,Median (50th percentile),0.26474033381659684,proportion of pre-event hard coral,7.75,0.4952925880574744,0.24995174689194788,0.11294002524857348,0.042268949542253784,0.23359538081243506,Bayesian beta + Bernoulli boundary,4.12,13.26,FALSE
mmp,acropora_composition,Pre-event Acropora composition,High (90th percentile),0.8817916436590687,proportion of pre-event hard coral,7.75,0.6998673054358009,0.3166396804190895,0.21588032022863457,0.06372992988381146,0.46418059727534206,Bayesian beta + Bernoulli boundary,4.12,13.26,FALSE
mmp,acropora_composition,Pre-event Acropora composition,Low (10th percentile),0.04961985378338604,proportion of pre-event hard coral,8,0.43059659032405495,0.2520395356500734,0.0940212302191397,0.03609016902706127,0.19030932249904076,Bayesian beta + Bernoulli boundary,4.12,13.26,FALSE
mmp,acropora_composition,Pre-event Acropora composition,Median (50th percentile),0.26474033381659684,proportion of pre-event hard coral,8,0.5040406709152652,0.2478102765808478,0.11452131074967344,0.0427872530596392,0.2370712578143624,Bayesian beta + Bernoulli boundary,4.12,13.26,FALSE
mmp,acropora_composition,Pre-event Acropora composition,High (90th percentile),0.8817916436590687,proportion of pre-event hard coral,8,0.7073744691312556,0.32543394578827145,0.22488600046480453,0.06753122622684135,0.4746943062503774,Bayesian beta + Bernoulli boundary,4.12,13.26,FALSE
mmp,acropora_composition,Pre-event Acropora composition,Low (10th percentile),0.04961985378338604,proportion of pre-event hard coral,8.25,0.43863627630113716,0.247195445664015,0.09440620132544296,0.03623285569897789,0.19132539356599082,Bayesian beta + Bernoulli boundary,4.12,13.26,FALSE
mmp,acropora_composition,Pre-event Acropora composition,Median (50th percentile),0.26474033381659684,proportion of pre-event hard coral,8.25,0.5128764043255145,0.24606372142713578,0.11625511247481904,0.04351426101141091,0.24246756649208406,Bayesian beta + Bernoulli boundary,4.12,13.26,FALSE
mmp,acropora_composition,Pre-event Acropora composition,High (90th percentile),0.8817916436590687,proportion of pre-event hard coral,8.25,0.714720975773881,0.33485701174255145,0.2343990401594642,0.07142188325943505,0.48620054444188654,Bayesian beta + Bernoulli boundary,4.12,13.26,FALSE
mmp,acropora_composition,Pre-event Acropora composition,Low (10th percentile),0.04961985378338604,proportion of pre-event hard coral,8.5,0.44682939623192264,0.2426855612444327,0.09486595254538416,0.03647868801358764,0.1923363707039882,Bayesian beta + Bernoulli boundary,4.12,13.26,FALSE
mmp,acropora_composition,Pre-event Acropora composition,Median (50th percentile),0.26474033381659684,proportion of pre-event hard coral,8.5,0.5217812192631979,0.2446693246467219,0.11812460893247574,0.04396408839178003,0.24692667223355777,Bayesian beta + Bernoulli boundary,4.12,13.26,FALSE
mmp,acropora_composition,Pre-event Acropora composition,High (90th percentile),0.8817916436590687,proportion of pre-event hard coral,8.5,0.7218977686084399,0.3448317279117219,0.24436888144354965,0.07424482698996204,0.5021415824347825,Bayesian beta + Bernoulli boundary,4.12,13.26,FALSE
mmp,acropora_composition,Pre-event Acropora composition,Low (10th percentile),0.04961985378338604,proportion of pre-event hard coral,8.75,0.4551630709733738,0.23847039664322695,0.09538459077121435,0.03669868674395024,0.19357860622523557,Bayesian beta + Bernoulli boundary,4.12,13.26,FALSE
mmp,acropora_composition,Pre-event Acropora composition,Median (50th percentile),0.26474033381659684,proportion of pre-event hard coral,8.75,0.5307356493353343,0.24357576196091513,0.1201071604532098,0.044666646636139444,0.2517446939050189,Bayesian beta + Bernoulli boundary,4.12,13.26,FALSE
mmp,acropora_composition,Pre-event Acropora composition,High (90th percentile),0.8817916436590687,proportion of pre-event hard coral,8.75,0.7288969720717465,0.35526407323059195,0.25472967844152883,0.07779038605844549,0.5185598359676101,Bayesian beta + Bernoulli boundary,4.12,13.26,FALSE
mmp,acropora_composition,Pre-event Acropora composition,Low (10th percentile),0.04961985378338604,proportion of pre-event hard coral,9,0.4636229993979828,0.23450241311539197,0.09594168982662997,0.036835114227395646,0.19428934432452374,Bayesian beta + Bernoulli boundary,4.12,13.26,FALSE
mmp,acropora_composition,Pre-event Acropora composition,Median (50th percentile),0.26474033381659684,proportion of pre-event hard coral,9,0.5397195787101294,0.24272156117245572,0.12217297387141582,0.044931551460104406,0.25698264000751464,Bayesian beta + Bernoulli boundary,4.12,13.26,FALSE
mmp,acropora_composition,Pre-event Acropora composition,High (90th percentile),0.8817916436590687,proportion of pre-event hard coral,9,0.7357119024077373,0.3660432927155389,0.265400080303397,0.08102019137639005,0.5363086282452948,Bayesian beta + Bernoulli boundary,4.12,13.26,FALSE
mmp,acropora_composition,Pre-event Acropora composition,Low (10th percentile),0.04961985378338604,proportion of pre-event hard coral,9.25,0.4721935589108842,0.23072553364317994,0.09651162784430471,0.036906955567339444,0.19616085392340687,Bayesian beta + Bernoulli boundary,4.12,13.26,FALSE
mmp,acropora_composition,Pre-event Acropora composition,Median (50th percentile),0.26474033381659684,proportion of pre-event hard coral,9.25,0.5487125125539117,0.24203451973495801,0.12428426134375424,0.045505911556386426,0.2588676844810319,Bayesian beta + Bernoulli boundary,4.12,13.26,FALSE
mmp,acropora_composition,Pre-event Acropora composition,High (90th percentile),0.8817916436590687,proportion of pre-event hard coral,9.25,0.7423370619228622,0.37704384638310884,0.2762844500451702,0.08402112208290495,0.5530535598641286,Bayesian beta + Bernoulli boundary,4.12,13.26,FALSE
mmp,acropora_composition,Pre-event Acropora composition,Low (10th percentile),0.04961985378338604,proportion of pre-event hard coral,9.5,0.4808579436866721,0.22707559430396157,0.09706335460753453,0.036800075489250454,0.19746764634966826,Bayesian beta + Bernoulli boundary,4.12,13.26,FALSE
mmp,acropora_composition,Pre-event Acropora composition,Median (50th percentile),0.26474033381659684,proportion of pre-event hard coral,9.5,0.557693859182749,0.24143219268650046,0.12639500160413447,0.04586243683353375,0.26396338970137995,Bayesian beta + Bernoulli boundary,4.12,13.26,FALSE
mmp,acropora_composition,Pre-event Acropora composition,High (90th percentile),0.8817916436590687,proportion of pre-event hard coral,9.5,0.7487681174048328,0.38812887881345176,0.2872753564538187,0.08700073646562921,0.5660029774122278,Bayesian beta + Bernoulli boundary,4.12,13.26,FALSE
mmp,acropora_composition,Pre-event Acropora composition,Low (10th percentile),0.04961985378338604,proportion of pre-event hard coral,9.75,0.4895983395810943,0.22348176792275767,0.09756066829105658,0.036622637668635605,0.20047096094250696,Bayesian beta + Bernoulli boundary,4.12,13.26,FALSE
mmp,acropora_composition,Pre-event Acropora composition,Median (50th percentile),0.26474033381659684,proportion of pre-event hard coral,9.75,0.5666432123700996,0.24082346976812727,0.12845138681083798,0.04632187250904117,0.2695673739648331,Bayesian beta + Bernoulli boundary,4.12,13.26,FALSE
mmp,acropora_composition,Pre-event Acropora composition,High (90th percentile),0.8817916436590687,proportion of pre-event hard coral,9.75,0.7550018636273066,0.3991546788160863,0.2982569710000989,0.09004891260572027,0.5810933172572719,Bayesian beta + Bernoulli boundary,4.12,13.26,FALSE
mmp,acropora_composition,Pre-event Acropora composition,Low (10th percentile),0.04961985378338604,proportion of pre-event hard coral,10,0.49839613222045104,0.21986896107385168,0.09796306871755457,0.03657739809663452,0.20148703237007776,Bayesian beta + Bernoulli boundary,4.12,13.26,FALSE
mmp,acropora_composition,Pre-event Acropora composition,Median (50th percentile),0.26474033381659684,proportion of pre-event hard coral,10,0.5755406225537415,0.24011120508223918,0.13039300535529977,0.046647545584009104,0.2753943880567645,Bayesian beta + Bernoulli boundary,4.12,13.26,FALSE
mmp,acropora_composition,Pre-event Acropora composition,High (90th percentile),0.8817916436590687,proportion of pre-event hard coral,10,0.7610361733635609,0.4099754471727983,0.3091088581171166,0.09382809812933023,0.5958624225172706,Bayesian beta + Bernoulli boundary,4.12,13.26,FALSE
mmp,acropora_composition,Pre-event Acropora composition,Low (10th percentile),0.04961985378338604,proportion of pre-event hard coral,10.25,0.5072321421973502,0.21616115483591775,0.09822723946938611,0.03639117874705479,0.20192216279537878,Bayesian beta + Bernoulli boundary,4.12,13.26,FALSE
mmp,acropora_composition,Pre-event Acropora composition,Median (50th percentile),0.26474033381659684,proportion of pre-event hard coral,10.25,0.5843668469575778,0.23919582794107633,0.13215478394421853,0.046870957093758096,0.2805141507491084,Bayesian beta + Bernoulli boundary,4.12,13.26,FALSE
mmp,acropora_composition,Pre-event Acropora composition,High (90th percentile),0.8817916436590687,proportion of pre-event hard coral,10.25,0.7668699358366545,0.4204476714438618,0.31970960573348695,0.09697409653290802,0.6094149084845116,Bayesian beta + Bernoulli boundary,4.12,13.26,FALSE
mmp,acropora_composition,Pre-event Acropora composition,Low (10th percentile),0.04961985378338604,proportion of pre-event hard coral,10.5,0.5160868789497484,0.2122856415043932,0.0983091986523851,0.03629617774245282,0.20293822301809236,Bayesian beta + Bernoulli boundary,4.12,13.26,FALSE
mmp,acropora_composition,Pre-event Acropora composition,Median (50th percentile),0.26474033381659684,proportion of pre-event hard coral,10.5,0.5931035706501436,0.23797986735517743,0.13366970400300562,0.04702439777224131,0.28432294548620807,Bayesian beta + Bernoulli boundary,4.12,13.26,FALSE
mmp,acropora_composition,Pre-event Acropora composition,High (90th percentile),0.8817916436590687,proportion of pre-event hard coral,10.5,0.7725029859419048,0.43043352541201546,0.32993981288480156,0.10103042582722753,0.6233813658509311,Bayesian beta + Bernoulli boundary,4.12,13.26,FALSE
mmp,acropora_composition,Pre-event Acropora composition,Low (10th percentile),0.04961985378338604,proportion of pre-event hard coral,10.75,0.5249408031509536,0.20817868637659834,0.09816746350559014,0.03602690051631326,0.20376608890941908,Bayesian beta + Bernoulli boundary,4.12,13.26,FALSE
mmp,acropora_composition,Pre-event Acropora composition,Median (50th percentile),0.26474033381659684,proportion of pre-event hard coral,10.75,0.6017335929906997,0.23637411130390978,0.1348727828378526,0.047086312021305705,0.2874766278937707,Bayesian beta + Bernoulli boundary,4.12,13.26,FALSE
mmp,acropora_composition,Pre-event Acropora composition,High (90th percentile),0.8817916436590687,proportion of pre-event hard coral,10.75,0.7779360268133942,0.4398039289513724,0.33968490329689777,0.10425334699240212,0.6339408711367163,Bayesian beta + Bernoulli boundary,4.12,13.26,FALSE
mmp,acropora_composition,Pre-event Acropora composition,Low (10th percentile),0.04961985378338604,proportion of pre-event hard coral,11,0.5337745866183414,0.20382860934859848,0.09778706121573667,0.0356262611547388,0.20293221847763016,Bayesian beta + Bernoulli boundary,4.12,13.26,FALSE
mmp,acropora_composition,Pre-event Acropora composition,Median (50th percentile),0.26474033381659684,proportion of pre-event hard coral,11,0.6102409764493502,0.23435187645643174,0.1357354802687703,0.047157096768620066,0.29098646057616323,Bayesian beta + Bernoulli boundary,4.12,13.26,FALSE
mmp,acropora_composition,Pre-event Acropora composition,High (90th percentile),0.8817916436590687,proportion of pre-event hard coral,11,0.78317054833528,0.4485036617969506,0.3488877612761318,0.10778858324652306,0.6452848052070759,Bayesian beta + Bernoulli boundary,4.12,13.26,FALSE
mmp,acropora_composition,Pre-event Acropora composition,Low (10th percentile),0.04961985378338604,proportion of pre-event hard coral,11.25,0.5425693590370905,0.19929864401622682,0.09719456835776384,0.03536828592461328,0.20169488924374146,Bayesian beta + Bernoulli boundary,4.12,13.26,FALSE
mmp,acropora_composition,Pre-event Acropora composition,Median (50th percentile),0.26474033381659684,proportion of pre-event hard coral,11.25,0.6186111571594715,0.23198044871491075,0.13628837933061116,0.04705418965089276,0.292662891750473,Bayesian beta + Bernoulli boundary,4.12,13.26,FALSE
mmp,acropora_composition,Pre-event Acropora composition,High (90th percentile),0.8817916436590687,proportion of pre-event hard coral,11.25,0.7882087440326637,0.45658845801292414,0.3575806553333272,0.11053705538895814,0.6592417232269249,Bayesian beta + Bernoulli boundary,4.12,13.26,FALSE
mmp,acropora_composition,Pre-event Acropora composition,Low (10th percentile),0.04961985378338604,proportion of pre-event hard coral,11.5,0.5513069321614239,0.19466518279967912,0.09642651982147447,0.03479156004400523,0.20090002469330723,Bayesian beta + Bernoulli boundary,4.12,13.26,FALSE
mmp,acropora_composition,Pre-event Acropora composition,Median (50th percentile),0.26474033381659684,proportion of pre-event hard coral,11.5,0.6268310185706298,0.22934500147969256,0.1365763219716988,0.046716378045741566,0.294949200590966,Bayesian beta + Bernoulli boundary,4.12,13.26,FALSE
mmp,acropora_composition,Pre-event Acropora composition,High (90th percentile),0.8817916436590687,proportion of pre-event hard coral,11.5,0.7930534284636713,0.4641249584723601,0.3658068094702602,0.11253650429227373,0.6713868190210861,Bayesian beta + Bernoulli boundary,4.12,13.26,FALSE
mmp,acropora_composition,Pre-event Acropora composition,Low (10th percentile),0.04961985378338604,proportion of pre-event hard coral,11.75,0.5599699943595441,0.19000719410589445,0.09552398897694978,0.034100893853182414,0.19860046178030913,Bayesian beta + Bernoulli boundary,4.12,13.26,FALSE
mmp,acropora_composition,Pre-event Acropora composition,Median (50th percentile),0.26474033381659684,proportion of pre-event hard coral,11.75,0.6348889310973496,0.2265365009415726,0.1366512815791247,0.04608677849587288,0.29594812214474064,Bayesian beta + Bernoulli boundary,4.12,13.26,FALSE
mmp,acropora_composition,Pre-event Acropora composition,High (90th percentile),0.8817916436590687,proportion of pre-event hard coral,11.75,0.7977079568398548,0.4711786372429604,0.3736107210669685,0.11475042648435119,0.6828339101336077,Bayesian beta + Bernoulli boundary,4.12,13.26,FALSE
mmp,acropora_composition,Pre-event Acropora composition,Low (10th percentile),0.04961985378338604,proportion of pre-event hard coral,12,0.5685422710274398,0.18540177475671155,0.09453015613972775,0.03348482950371784,0.19931370261416273,Bayesian beta + Bernoulli boundary,4.12,13.26,FALSE
mmp,acropora_composition,Pre-event Acropora composition,Median (50th percentile),0.26474033381659684,proportion of pre-event hard coral,12,0.642774761656692,0.22364707068754214,0.13656949890605696,0.046121984060303794,0.2948819547456226,Bayesian beta + Bernoulli boundary,4.12,13.26,FALSE
mmp,acropora_composition,Pre-event Acropora composition,High (90th percentile),0.8817916436590687,proportion of pre-event hard coral,12,0.8021761481898035,0.47781247559450385,0.38103691636577647,0.11591735703647793,0.6931786050027274,Bayesian beta + Bernoulli boundary,4.12,13.26,FALSE
mmp,acropora_composition,Pre-event Acropora composition,Low (10th percentile),0.04961985378338604,proportion of pre-event hard coral,12.25,0.5770086490926979,0.18092032288849624,0.09348797169106408,0.03273281589771512,0.19826629270528592,Bayesian beta + Bernoulli boundary,4.12,13.26,FALSE
mmp,acropora_composition,Pre-event Acropora composition,Median (50th percentile),0.26474033381659684,proportion of pre-event hard coral,12.25,0.6504798574760394,0.2207657146257628,0.13638859193352987,0.0454766484569354,0.29691209675766905,Bayesian beta + Bernoulli boundary,4.12,13.26,FALSE
mmp,acropora_composition,Pre-event Acropora composition,High (90th percentile),0.8817916436590687,proportion of pre-event hard coral,12.25,0.8064622129985708,0.48408650240351664,0.3881293606189783,0.11786545768677,0.7052510431264478,Bayesian beta + Bernoulli boundary,4.12,13.26,FALSE
mmp,acropora_composition,Pre-event Acropora composition,Low (10th percentile),0.04961985378338604,proportion of pre-event hard coral,12.5,0.5853552662094336,0.17662546088254863,0.09243803222019197,0.03172792976119878,0.19753803229476544,Bayesian beta + Bernoulli boundary,4.12,13.26,FALSE
mmp,acropora_composition,Pre-event Acropora composition,Median (50th percentile),0.26474033381659684,proportion of pre-event hard coral,12.5,0.6579970086098323,0.21797450898897897,0.13616474793017727,0.04469257190097632,0.298598729590234,Bayesian beta + Bernoulli boundary,4.12,13.26,FALSE
mmp,acropora_composition,Pre-event Acropora composition,High (90th percentile),0.8817916436590687,proportion of pre-event hard coral,12.5,0.8105706859290037,0.4900579508581899,0.39493135231116694,0.11916120402542851,0.7157686462630657,Bayesian beta + Bernoulli boundary,4.12,13.26,FALSE
mmp,acropora_composition,Pre-event Acropora composition,Low (10th percentile),0.04961985378338604,proportion of pre-event hard coral,12.75,0.5935695670841179,0.1725688151012725,0.09141678792114913,0.030750370036230778,0.19727139298085075,Bayesian beta + Bernoulli boundary,4.12,13.26,FALSE
mmp,acropora_composition,Pre-event Acropora composition,Median (50th percentile),0.26474033381659684,proportion of pre-event hard coral,12.75,0.6653203933493439,0.21534543002781242,0.13595015249030915,0.0436519643015168,0.3031129601013743,Bayesian beta + Bernoulli boundary,4.12,13.26,FALSE
mmp,acropora_composition,Pre-event Acropora composition,High (90th percentile),0.8817916436590687,proportion of pre-event hard coral,12.75,0.8145063639663754,0.49578184123094865,0.40148577250887735,0.11978930885320324,0.7281585304982049,Bayesian beta + Bernoulli boundary,4.12,13.26,FALSE
mmp,acropora_composition,Pre-event Acropora composition,Low (10th percentile),0.04961985378338604,proportion of pre-event hard coral,13,0.6016403305835505,0.16878970392414197,0.0904551764457481,0.029952091465701994,0.19813596296149208,Bayesian beta + Bernoulli boundary,4.12,13.26,FALSE
mmp,acropora_composition,Pre-event Acropora composition,Median (50th percentile),0.26474033381659684,proportion of pre-event hard coral,13,0.6724455102781312,0.21293799154510698,0.13579082710208545,0.042409912528448585,0.30547823188322715,Bayesian beta + Bernoulli boundary,4.12,13.26,FALSE
mmp,acropora_composition,Pre-event Acropora composition,High (90th percentile),0.8817916436590687,proportion of pre-event hard coral,13,0.8182742501181048,0.5013118280304392,0.40783557744461846,0.12028499664724229,0.740742233717526,Bayesian beta + Bernoulli boundary,4.12,13.26,FALSE
mmp,acropora_composition,Pre-event Acropora composition,Low (10th percentile),0.04961985378338604,proportion of pre-event hard coral,13.25,0.6095576718882036,0.16531471306654616,0.08957773815110062,0.0287050198885863,0.20018662715476196,Bayesian beta + Bernoulli boundary,4.12,13.26,FALSE
mmp,acropora_composition,Pre-event Acropora composition,Median (50th percentile),0.26474033381659684,proportion of pre-event hard coral,13.25,0.6793691002405828,0.2107978251459006,0.1357250281010283,0.04087857462512136,0.30803617617673934,Bayesian beta + Bernoulli boundary,4.12,13.26,FALSE
mmp,acropora_composition,Pre-event Acropora composition,High (90th percentile),0.8817916436590687,proportion of pre-event hard coral,13.25,0.8218795026341085,0.5067011565242441,0.4140244195399993,0.11900470393519666,0.7534283086066235,Bayesian beta + Bernoulli boundary,4.12,13.26,FALSE
mmp,acropora_composition,Pre-event Acropora composition,Low (10th percentile),0.04961985378338604,proportion of pre-event hard coral,13.5,0.617313024066672,0.16215515872097322,0.08880036340621175,0.02757698317395834,0.2036365429251184,Bayesian beta + Bernoulli boundary,4.12,13.26,TRUE
mmp,acropora_composition,Pre-event Acropora composition,Median (50th percentile),0.26474033381659684,proportion of pre-event hard coral,13.5,0.686089061039446,0.20895163389599875,0.135779034276412,0.03946479850291108,0.31484196266704667,Bayesian beta + Bernoulli boundary,4.12,13.26,TRUE
mmp,acropora_composition,Pre-event Acropora composition,High (90th percentile),0.8817916436590687,proportion of pre-event hard coral,13.5,0.8253273895802515,0.5119927472258047,0.42008814704568825,0.11800690921076933,0.7660414051003837,Bayesian beta + Bernoulli boundary,4.12,13.26,TRUE
mmp,acropora_composition,Pre-event Acropora composition,Low (10th percentile),0.04961985378338604,proportion of pre-event hard coral,13.75,0.6248991031941693,0.15930118712602248,0.0881257193594991,0.02652146458672183,0.20344397038090836,Bayesian beta + Bernoulli boundary,4.12,13.26,TRUE
mmp,acropora_composition,Pre-event Acropora composition,Median (50th percentile),0.26474033381659684,proportion of pre-event hard coral,13.75,0.6926043573014582,0.20739530859514793,0.13595781888659692,0.038442138959753104,0.3239565137054405,Bayesian beta + Bernoulli boundary,4.12,13.26,TRUE
mmp,acropora_composition,Pre-event Acropora composition,High (90th percentile),0.8817916436590687,proportion of pre-event hard coral,13.75,0.8286232484918081,0.517182280679867,0.4260233119841157,0.116157901424366,0.7788900618546951,Bayesian beta + Bernoulli boundary,4.12,13.26,TRUE
mmp,acropora_composition,Pre-event Acropora composition,Low (10th percentile),0.04961985378338604,proportion of pre-event hard coral,14,0.6323098606606284,0.15673822676820687,0.08755303023872658,0.025271047105326447,0.20658874053353093,Bayesian beta + Bernoulli boundary,4.12,13.26,TRUE
mmp,acropora_composition,Pre-event Acropora composition,Median (50th percentile),0.26474033381659684,proportion of pre-event hard coral,14,0.6989149276476202,0.20611678567903693,0.13626033803380933,0.03670326007478541,0.33001315357625477,Bayesian beta + Bernoulli boundary,4.12,13.26,TRUE
mmp,acropora_composition,Pre-event Acropora composition,High (90th percentile),0.8817916436590687,proportion of pre-event hard coral,14,0.8317724507549656,0.5222543293572105,0.43181707837934946,0.11325796081291312,0.7902054267608025,Bayesian beta + Bernoulli boundary,4.12,13.26,TRUE
mmp,acropora_composition,Pre-event Acropora composition,Low (10th percentile),0.04961985378338604,proportion of pre-event hard coral,14.25,0.6395404257407878,0.15445186336519887,0.0870810732626756,0.024083838353820722,0.20884153848865447,Bayesian beta + Bernoulli boundary,4.12,13.26,TRUE
mmp,acropora_composition,Pre-event Acropora composition,Median (50th percentile),0.26474033381659684,proportion of pre-event hard coral,14.25,0.7050215910497958,0.20510327202292813,0.13668449734331062,0.0350637061924569,0.33766825107224047,Bayesian beta + Bernoulli boundary,4.12,13.26,TRUE
mmp,acropora_composition,Pre-event Acropora composition,High (90th percentile),0.8817916436590687,proportion of pre-event hard coral,14.25,0.8347803703140113,0.5271962393840022,0.4374588825900379,0.11085414364937049,0.8019171281429338,Bayesian beta + Bernoulli boundary,4.12,13.26,TRUE
mmp,acropora_composition,Pre-event Acropora composition,Low (10th percentile),0.04961985378338604,proportion of pre-event hard coral,14.5,0.6465870409334905,0.15242793302760183,0.08670822511320636,0.02280774411124803,0.21311021477234288,Bayesian beta + Bernoulli boundary,4.12,13.26,TRUE
mmp,acropora_composition,Pre-event Acropora composition,Median (50th percentile),0.26474033381659684,proportion of pre-event hard coral,14.5,0.7109259540157259,0.20434138488397513,0.13722723119800137,0.033298195791400934,0.3470854340178793,Bayesian beta + Bernoulli boundary,4.12,13.26,TRUE
mmp,acropora_composition,Pre-event Acropora composition,High (90th percentile),0.8817916436590687,proportion of pre-event hard coral,14.5,0.8376523562816031,0.5319980083507553,0.4429403713552279,0.10733975508075817,0.8137502500566309,Bayesian beta + Bernoulli boundary,4.12,13.26,TRUE
mmp,acropora_composition,Pre-event Acropora composition,Low (10th percentile),0.04961985378338604,proportion of pre-event hard coral,14.75,0.6534469920899072,0.15065258796106934,0.08643250214365332,0.021450169229099047,0.21919429600080614,Bayesian beta + Bernoulli boundary,4.12,13.26,TRUE
mmp,acropora_composition,Pre-event Acropora composition,Median (50th percentile),0.26474033381659684,proportion of pre-event hard coral,14.75,0.7166303199971474,0.20381728931704915,0.13788459303727238,0.0316563648395129,0.3560769083839783,Bayesian beta + Bernoulli boundary,4.12,13.26,TRUE
mmp,acropora_composition,Pre-event Acropora composition,High (90th percentile),0.8817916436590687,proportion of pre-event hard coral,14.75,0.8403937090384763,0.5366520915393573,0.4482552695182726,0.10481690194012931,0.8251555301536956,Bayesian beta + Bernoulli boundary,4.12,13.26,TRUE
mmp,acropora_composition,Pre-event Acropora composition,Low (10th percentile),0.04961985378338604,proportion of pre-event hard coral,15,0.6601185349723467,0.14911233918785474,0.08625159464364895,0.020218934087649874,0.22182875408852748,Bayesian beta + Bernoulli boundary,4.12,13.26,TRUE
mmp,acropora_composition,Pre-event Acropora composition,Median (50th percentile),0.26474033381659684,proportion of pre-event hard coral,15,0.7221376021541128,0.20351683522599545,0.13865185669683028,0.03004617496922415,0.3662236429029594,Bayesian beta + Bernoulli boundary,4.12,13.26,TRUE
mmp,acropora_composition,Pre-event Acropora composition,High (90th percentile),0.8817916436590687,proportion of pre-event hard coral,15,0.8430096594424227,0.5411531695034076,0.4533992063113619,0.10164419362436684,0.8364408927773023,Bayesian beta + Bernoulli boundary,4.12,13.26,TRUE
mmp,acropora_composition,Pre-event Acropora composition,Low (10th percentile),0.04961985378338604,proportion of pre-event hard coral,15.25,0.6666008196148412,0.14779408093226917,0.08616289604067001,0.019204527399337198,0.22861543528249048,Bayesian beta + Bernoulli boundary,4.12,13.26,TRUE
mmp,acropora_composition,Pre-event Acropora composition,Median (50th percentile),0.26474033381659684,proportion of pre-event hard coral,15.25,0.7274512403416342,0.20342569519479764,0.13952362818673586,0.0285753714437171,0.37819167475538623,Bayesian beta + Bernoulli boundary,4.12,13.26,TRUE
mmp,acropora_composition,Pre-event Acropora composition,High (90th percentile),0.8817916436590687,proportion of pre-event hard coral,15.25,0.8455053508163952,0.5454979006304371,0.4583695218687482,0.09733503754885497,0.8478380994403315,Bayesian beta + Bernoulli boundary,4.12,13.26,TRUE
mmp,acropora_composition,Pre-event Acropora composition,Low (10th percentile),0.04961985378338604,proportion of pre-event hard coral,15.5,0.6728938136692734,0.1466851014550977,0.0861635284759029,0.017944554180473343,0.23164652914456874,Bayesian beta + Bernoulli boundary,4.12,13.26,TRUE
mmp,acropora_composition,Pre-event Acropora composition,Median (50th percentile),0.26474033381659684,proportion of pre-event hard coral,15.5,0.7325751229297491,0.20352950284506877,0.14049396631864017,0.0269540659955503,0.39206738052504103,Bayesian beta + Bernoulli boundary,4.12,13.26,TRUE
mmp,acropora_composition,Pre-event Acropora composition,High (90th percentile),0.8817916436590687,proportion of pre-event hard coral,15.5,0.8478858234424269,0.5496846739323534,0.4631650686389489,0.09333499011832712,0.8588990461940889,Bayesian beta + Bernoulli boundary,4.12,13.26,TRUE
mmp,acropora_composition,Pre-event Acropora composition,Low (10th percentile),0.04961985378338604,proportion of pre-event hard coral,15.75,0.6789982257837045,0.1457730849919674,0.08625036652595829,0.016853335767430762,0.23759015121185123,Bayesian beta + Bernoulli boundary,4.12,13.26,TRUE
mmp,acropora_composition,Pre-event Acropora composition,Median (50th percentile),0.26474033381659684,proportion of pre-event hard coral,15.75,0.7375135138427299,0.2038139897009031,0.1415565092261461,0.02534850139752462,0.40193243013696,Bayesian beta + Bernoulli boundary,4.12,13.26,TRUE
mmp,acropora_composition,Pre-event Acropora composition,High (90th percentile),0.8817916436590687,proportion of pre-event hard coral,15.75,0.8501560013423785,0.5537133710626723,0.4677860168456741,0.08991654063305245,0.86817559728906335,Bayesian beta + Bernoulli boundary,4.12,13.26,TRUE
mmp,acropora_composition,Pre-event Acropora composition,Low (10th percentile),0.04961985378338604,proportion of pre-event hard coral,16,0.6849154299441895,0.14504610904616216,0.08642006090952566,0.015833728821320954,0.24489172122542285,Bayesian beta + Bernoulli boundary,4.12,13.26,TRUE
mmp,acropora_composition,Pre-event Acropora composition,Median (50th percentile),0.26474033381659684,proportion of pre-event hard coral,16,0.7422709850194377,0.2042651169419428,0.14270460252191225,0.023907546590542447,0.41270074283504155,Bayesian beta + Bernoulli boundary,4.12,13.26,TRUE
mmp,acropora_composition,Pre-event Acropora composition,High (90th percentile),0.8817916436590687,proportion of pre-event hard coral,16,0.8523206811712204,0.5575851425686471,0.47223366938712563,0.08640675009576636,0.8782825071743102,Bayesian beta + Bernoulli boundary,4.12,13.26,TRUE
mmp,dhw_novelty10,Thermal novelty relative to prior decade,Low (10th percentile),-3.96,DHW anomaly,0,0.36764481097158924,0.12682222510312866,0.04662553297503608,,,BRT,4.12,13.26,TRUE
mmp,dhw_novelty10,Thermal novelty relative to prior decade,Median (50th percentile),2.69,DHW anomaly,0,0.47535295742073475,0.12864311757271593,0.06115088639001381,,,BRT,4.12,13.26,TRUE
mmp,dhw_novelty10,Thermal novelty relative to prior decade,High (90th percentile),8.18,DHW anomaly,0,0.502091179016414,0.12796135881147253,0.06424826951419463,,,BRT,4.12,13.26,TRUE
mmp,dhw_novelty10,Thermal novelty relative to prior decade,Low (10th percentile),-3.96,DHW anomaly,0.25,0.36764481097158924,0.12682222510312866,0.04662553297503608,,,BRT,4.12,13.26,TRUE
mmp,dhw_novelty10,Thermal novelty relative to prior decade,Median (50th percentile),2.69,DHW anomaly,0.25,0.47535295742073475,0.12864311757271593,0.06115088639001381,,,BRT,4.12,13.26,TRUE
mmp,dhw_novelty10,Thermal novelty relative to prior decade,High (90th percentile),8.18,DHW anomaly,0.25,0.502091179016414,0.12796135881147253,0.06424826951419463,,,BRT,4.12,13.26,TRUE
mmp,dhw_novelty10,Thermal novelty relative to prior decade,Low (10th percentile),-3.96,DHW anomaly,0.5,0.36764481097158924,0.12682222510312866,0.04662553297503608,,,BRT,4.12,13.26,TRUE
mmp,dhw_novelty10,Thermal novelty relative to prior decade,Median (50th percentile),2.69,DHW anomaly,0.5,0.47535295742073475,0.12864311757271593,0.06115088639001381,,,BRT,4.12,13.26,TRUE
mmp,dhw_novelty10,Thermal novelty relative to prior decade,High (90th percentile),8.18,DHW anomaly,0.5,0.502091179016414,0.12796135881147253,0.06424826951419463,,,BRT,4.12,13.26,TRUE
mmp,dhw_novelty10,Thermal novelty relative to prior decade,Low (10th percentile),-3.96,DHW anomaly,0.75,0.36764481097158924,0.12682222510312866,0.04662553297503608,,,BRT,4.12,13.26,TRUE
mmp,dhw_novelty10,Thermal novelty relative to prior decade,Median (50th percentile),2.69,DHW anomaly,0.75,0.47535295742073475,0.12864311757271593,0.06115088639001381,,,BRT,4.12,13.26,TRUE
mmp,dhw_novelty10,Thermal novelty relative to prior decade,High (90th percentile),8.18,DHW anomaly,0.75,0.502091179016414,0.12796135881147253,0.06424826951419463,,,BRT,4.12,13.26,TRUE
mmp,dhw_novelty10,Thermal novelty relative to prior decade,Low (10th percentile),-3.96,DHW anomaly,1,0.36764481097158924,0.12682222510312866,0.04662553297503608,,,BRT,4.12,13.26,TRUE
mmp,dhw_novelty10,Thermal novelty relative to prior decade,Median (50th percentile),2.69,DHW anomaly,1,0.47535295742073475,0.12864311757271593,0.06115088639001381,,,BRT,4.12,13.26,TRUE
mmp,dhw_novelty10,Thermal novelty relative to prior decade,High (90th percentile),8.18,DHW anomaly,1,0.502091179016414,0.12796135881147253,0.06424826951419463,,,BRT,4.12,13.26,TRUE
mmp,dhw_novelty10,Thermal novelty relative to prior decade,Low (10th percentile),-3.96,DHW anomaly,1.25,0.36764481097158924,0.12682222510312866,0.04662553297503608,,,BRT,4.12,13.26,TRUE
mmp,dhw_novelty10,Thermal novelty relative to prior decade,Median (50th percentile),2.69,DHW anomaly,1.25,0.47535295742073475,0.12864311757271593,0.06115088639001381,,,BRT,4.12,13.26,TRUE
mmp,dhw_novelty10,Thermal novelty relative to prior decade,High (90th percentile),8.18,DHW anomaly,1.25,0.502091179016414,0.12796135881147253,0.06424826951419463,,,BRT,4.12,13.26,TRUE
mmp,dhw_novelty10,Thermal novelty relative to prior decade,Low (10th percentile),-3.96,DHW anomaly,1.5,0.36764481097158924,0.12682222510312866,0.04662553297503608,,,BRT,4.12,13.26,TRUE
mmp,dhw_novelty10,Thermal novelty relative to prior decade,Median (50th percentile),2.69,DHW anomaly,1.5,0.47535295742073475,0.12864311757271593,0.06115088639001381,,,BRT,4.12,13.26,TRUE
mmp,dhw_novelty10,Thermal novelty relative to prior decade,High (90th percentile),8.18,DHW anomaly,1.5,0.502091179016414,0.12796135881147253,0.06424826951419463,,,BRT,4.12,13.26,TRUE
mmp,dhw_novelty10,Thermal novelty relative to prior decade,Low (10th percentile),-3.96,DHW anomaly,1.75,0.36764481097158924,0.12682222510312866,0.04662553297503608,,,BRT,4.12,13.26,TRUE
mmp,dhw_novelty10,Thermal novelty relative to prior decade,Median (50th percentile),2.69,DHW anomaly,1.75,0.47535295742073475,0.12864311757271593,0.06115088639001381,,,BRT,4.12,13.26,TRUE
mmp,dhw_novelty10,Thermal novelty relative to prior decade,High (90th percentile),8.18,DHW anomaly,1.75,0.502091179016414,0.12796135881147253,0.06424826951419463,,,BRT,4.12,13.26,TRUE
mmp,dhw_novelty10,Thermal novelty relative to prior decade,Low (10th percentile),-3.96,DHW anomaly,2,0.36764481097158924,0.12682222510312866,0.04662553297503608,,,BRT,4.12,13.26,TRUE
mmp,dhw_novelty10,Thermal novelty relative to prior decade,Median (50th percentile),2.69,DHW anomaly,2,0.47535295742073475,0.12864311757271593,0.06115088639001381,,,BRT,4.12,13.26,TRUE
mmp,dhw_novelty10,Thermal novelty relative to prior decade,High (90th percentile),8.18,DHW anomaly,2,0.502091179016414,0.12796135881147253,0.06424826951419463,,,BRT,4.12,13.26,TRUE
mmp,dhw_novelty10,Thermal novelty relative to prior decade,Low (10th percentile),-3.96,DHW anomaly,2.25,0.36764481097158924,0.12682222510312866,0.04662553297503608,,,BRT,4.12,13.26,TRUE
mmp,dhw_novelty10,Thermal novelty relative to prior decade,Median (50th percentile),2.69,DHW anomaly,2.25,0.47535295742073475,0.12864311757271593,0.06115088639001381,,,BRT,4.12,13.26,TRUE
mmp,dhw_novelty10,Thermal novelty relative to prior decade,High (90th percentile),8.18,DHW anomaly,2.25,0.502091179016414,0.12796135881147253,0.06424826951419463,,,BRT,4.12,13.26,TRUE
mmp,dhw_novelty10,Thermal novelty relative to prior decade,Low (10th percentile),-3.96,DHW anomaly,2.5,0.36764481097158924,0.12682222510312866,0.04662553297503608,,,BRT,4.12,13.26,TRUE
mmp,dhw_novelty10,Thermal novelty relative to prior decade,Median (50th percentile),2.69,DHW anomaly,2.5,0.47535295742073475,0.12864311757271593,0.06115088639001381,,,BRT,4.12,13.26,TRUE
mmp,dhw_novelty10,Thermal novelty relative to prior decade,High (90th percentile),8.18,DHW anomaly,2.5,0.502091179016414,0.12796135881147253,0.06424826951419463,,,BRT,4.12,13.26,TRUE
mmp,dhw_novelty10,Thermal novelty relative to prior decade,Low (10th percentile),-3.96,DHW anomaly,2.75,0.36764481097158924,0.12682222510312866,0.04662553297503608,,,BRT,4.12,13.26,TRUE
mmp,dhw_novelty10,Thermal novelty relative to prior decade,Median (50th percentile),2.69,DHW anomaly,2.75,0.47535295742073475,0.12864311757271593,0.06115088639001381,,,BRT,4.12,13.26,TRUE
mmp,dhw_novelty10,Thermal novelty relative to prior decade,High (90th percentile),8.18,DHW anomaly,2.75,0.502091179016414,0.12796135881147253,0.06424826951419463,,,BRT,4.12,13.26,TRUE
mmp,dhw_novelty10,Thermal novelty relative to prior decade,Low (10th percentile),-3.96,DHW anomaly,3,0.36764481097158924,0.12682222510312866,0.04662553297503608,,,BRT,4.12,13.26,TRUE
mmp,dhw_novelty10,Thermal novelty relative to prior decade,Median (50th percentile),2.69,DHW anomaly,3,0.47535295742073475,0.12864311757271593,0.06115088639001381,,,BRT,4.12,13.26,TRUE
mmp,dhw_novelty10,Thermal novelty relative to prior decade,High (90th percentile),8.18,DHW anomaly,3,0.502091179016414,0.12796135881147253,0.06424826951419463,,,BRT,4.12,13.26,TRUE
mmp,dhw_novelty10,Thermal novelty relative to prior decade,Low (10th percentile),-3.96,DHW anomaly,3.25,0.36764481097158924,0.12682222510312866,0.04662553297503608,,,BRT,4.12,13.26,TRUE
mmp,dhw_novelty10,Thermal novelty relative to prior decade,Median (50th percentile),2.69,DHW anomaly,3.25,0.47535295742073475,0.12864311757271593,0.06115088639001381,,,BRT,4.12,13.26,TRUE
mmp,dhw_novelty10,Thermal novelty relative to prior decade,High (90th percentile),8.18,DHW anomaly,3.25,0.502091179016414,0.12796135881147253,0.06424826951419463,,,BRT,4.12,13.26,TRUE
mmp,dhw_novelty10,Thermal novelty relative to prior decade,Low (10th percentile),-3.96,DHW anomaly,3.5,0.36764481097158924,0.12682222510312866,0.04662553297503608,,,BRT,4.12,13.26,TRUE
mmp,dhw_novelty10,Thermal novelty relative to prior decade,Median (50th percentile),2.69,DHW anomaly,3.5,0.47535295742073475,0.12864311757271593,0.06115088639001381,,,BRT,4.12,13.26,TRUE
mmp,dhw_novelty10,Thermal novelty relative to prior decade,High (90th percentile),8.18,DHW anomaly,3.5,0.502091179016414,0.12796135881147253,0.06424826951419463,,,BRT,4.12,13.26,TRUE
mmp,dhw_novelty10,Thermal novelty relative to prior decade,Low (10th percentile),-3.96,DHW anomaly,3.75,0.36764481097158924,0.12682222510312866,0.04662553297503608,,,BRT,4.12,13.26,TRUE
mmp,dhw_novelty10,Thermal novelty relative to prior decade,Median (50th percentile),2.69,DHW anomaly,3.75,0.47535295742073475,0.12864311757271593,0.06115088639001381,,,BRT,4.12,13.26,TRUE
mmp,dhw_novelty10,Thermal novelty relative to prior decade,High (90th percentile),8.18,DHW anomaly,3.75,0.502091179016414,0.12796135881147253,0.06424826951419463,,,BRT,4.12,13.26,TRUE
mmp,dhw_novelty10,Thermal novelty relative to prior decade,Low (10th percentile),-3.96,DHW anomaly,4,0.36764481097158924,0.12682222510312866,0.04662553297503608,,,BRT,4.12,13.26,TRUE
mmp,dhw_novelty10,Thermal novelty relative to prior decade,Median (50th percentile),2.69,DHW anomaly,4,0.47535295742073475,0.12864311757271593,0.06115088639001381,,,BRT,4.12,13.26,TRUE
mmp,dhw_novelty10,Thermal novelty relative to prior decade,High (90th percentile),8.18,DHW anomaly,4,0.502091179016414,0.12796135881147253,0.06424826951419463,,,BRT,4.12,13.26,TRUE
mmp,dhw_novelty10,Thermal novelty relative to prior decade,Low (10th percentile),-3.96,DHW anomaly,4.25,0.36764481097158924,0.12682222510312866,0.04662553297503608,,,BRT,4.12,13.26,FALSE
mmp,dhw_novelty10,Thermal novelty relative to prior decade,Median (50th percentile),2.69,DHW anomaly,4.25,0.47535295742073475,0.12864311757271593,0.06115088639001381,,,BRT,4.12,13.26,FALSE
mmp,dhw_novelty10,Thermal novelty relative to prior decade,High (90th percentile),8.18,DHW anomaly,4.25,0.502091179016414,0.12796135881147253,0.06424826951419463,,,BRT,4.12,13.26,FALSE
mmp,dhw_novelty10,Thermal novelty relative to prior decade,Low (10th percentile),-3.96,DHW anomaly,4.5,0.36764481097158924,0.12682222510312866,0.04662553297503608,,,BRT,4.12,13.26,FALSE
mmp,dhw_novelty10,Thermal novelty relative to prior decade,Median (50th percentile),2.69,DHW anomaly,4.5,0.47535295742073475,0.12864311757271593,0.06115088639001381,,,BRT,4.12,13.26,FALSE
mmp,dhw_novelty10,Thermal novelty relative to prior decade,High (90th percentile),8.18,DHW anomaly,4.5,0.502091179016414,0.12796135881147253,0.06424826951419463,,,BRT,4.12,13.26,FALSE
mmp,dhw_novelty10,Thermal novelty relative to prior decade,Low (10th percentile),-3.96,DHW anomaly,4.75,0.36764481097158924,0.12682222510312866,0.04662553297503608,,,BRT,4.12,13.26,FALSE
mmp,dhw_novelty10,Thermal novelty relative to prior decade,Median (50th percentile),2.69,DHW anomaly,4.75,0.47535295742073475,0.12864311757271593,0.06115088639001381,,,BRT,4.12,13.26,FALSE
mmp,dhw_novelty10,Thermal novelty relative to prior decade,High (90th percentile),8.18,DHW anomaly,4.75,0.502091179016414,0.12796135881147253,0.06424826951419463,,,BRT,4.12,13.26,FALSE
mmp,dhw_novelty10,Thermal novelty relative to prior decade,Low (10th percentile),-3.96,DHW anomaly,5,0.36764481097158924,0.12682222510312866,0.04662553297503608,,,BRT,4.12,13.26,FALSE
mmp,dhw_novelty10,Thermal novelty relative to prior decade,Median (50th percentile),2.69,DHW anomaly,5,0.47535295742073475,0.12864311757271593,0.06115088639001381,,,BRT,4.12,13.26,FALSE
mmp,dhw_novelty10,Thermal novelty relative to prior decade,High (90th percentile),8.18,DHW anomaly,5,0.502091179016414,0.12796135881147253,0.06424826951419463,,,BRT,4.12,13.26,FALSE
mmp,dhw_novelty10,Thermal novelty relative to prior decade,Low (10th percentile),-3.96,DHW anomaly,5.25,0.36764481097158924,0.12682222510312866,0.04662553297503608,,,BRT,4.12,13.26,FALSE
mmp,dhw_novelty10,Thermal novelty relative to prior decade,Median (50th percentile),2.69,DHW anomaly,5.25,0.47535295742073475,0.12864311757271593,0.06115088639001381,,,BRT,4.12,13.26,FALSE
mmp,dhw_novelty10,Thermal novelty relative to prior decade,High (90th percentile),8.18,DHW anomaly,5.25,0.502091179016414,0.12796135881147253,0.06424826951419463,,,BRT,4.12,13.26,FALSE
mmp,dhw_novelty10,Thermal novelty relative to prior decade,Low (10th percentile),-3.96,DHW anomaly,5.5,0.36764481097158924,0.12682222510312866,0.04662553297503608,,,BRT,4.12,13.26,FALSE
mmp,dhw_novelty10,Thermal novelty relative to prior decade,Median (50th percentile),2.69,DHW anomaly,5.5,0.47535295742073475,0.12864311757271593,0.06115088639001381,,,BRT,4.12,13.26,FALSE
mmp,dhw_novelty10,Thermal novelty relative to prior decade,High (90th percentile),8.18,DHW anomaly,5.5,0.502091179016414,0.12796135881147253,0.06424826951419463,,,BRT,4.12,13.26,FALSE
mmp,dhw_novelty10,Thermal novelty relative to prior decade,Low (10th percentile),-3.96,DHW anomaly,5.75,0.36764481097158924,0.12682222510312866,0.04662553297503608,,,BRT,4.12,13.26,FALSE
mmp,dhw_novelty10,Thermal novelty relative to prior decade,Median (50th percentile),2.69,DHW anomaly,5.75,0.47535295742073475,0.12864311757271593,0.06115088639001381,,,BRT,4.12,13.26,FALSE
mmp,dhw_novelty10,Thermal novelty relative to prior decade,High (90th percentile),8.18,DHW anomaly,5.75,0.502091179016414,0.12796135881147253,0.06424826951419463,,,BRT,4.12,13.26,FALSE
mmp,dhw_novelty10,Thermal novelty relative to prior decade,Low (10th percentile),-3.96,DHW anomaly,6,0.36764481097158924,0.12682222510312866,0.04662553297503608,,,BRT,4.12,13.26,FALSE
mmp,dhw_novelty10,Thermal novelty relative to prior decade,Median (50th percentile),2.69,DHW anomaly,6,0.47535295742073475,0.12864311757271593,0.06115088639001381,,,BRT,4.12,13.26,FALSE
mmp,dhw_novelty10,Thermal novelty relative to prior decade,High (90th percentile),8.18,DHW anomaly,6,0.502091179016414,0.12796135881147253,0.06424826951419463,,,BRT,4.12,13.26,FALSE
mmp,dhw_novelty10,Thermal novelty relative to prior decade,Low (10th percentile),-3.96,DHW anomaly,6.25,0.36764481097158924,0.12682222510312866,0.04662553297503608,,,BRT,4.12,13.26,FALSE
mmp,dhw_novelty10,Thermal novelty relative to prior decade,Median (50th percentile),2.69,DHW anomaly,6.25,0.47535295742073475,0.12864311757271593,0.06115088639001381,,,BRT,4.12,13.26,FALSE
mmp,dhw_novelty10,Thermal novelty relative to prior decade,High (90th percentile),8.18,DHW anomaly,6.25,0.502091179016414,0.12796135881147253,0.06424826951419463,,,BRT,4.12,13.26,FALSE
mmp,dhw_novelty10,Thermal novelty relative to prior decade,Low (10th percentile),-3.96,DHW anomaly,6.5,0.36764481097158924,0.12682222510312866,0.04662553297503608,,,BRT,4.12,13.26,FALSE
mmp,dhw_novelty10,Thermal novelty relative to prior decade,Median (50th percentile),2.69,DHW anomaly,6.5,0.47535295742073475,0.12864311757271593,0.06115088639001381,,,BRT,4.12,13.26,FALSE
mmp,dhw_novelty10,Thermal novelty relative to prior decade,High (90th percentile),8.18,DHW anomaly,6.5,0.502091179016414,0.12796135881147253,0.06424826951419463,,,BRT,4.12,13.26,FALSE
mmp,dhw_novelty10,Thermal novelty relative to prior decade,Low (10th percentile),-3.96,DHW anomaly,6.75,0.36764481097158924,0.12682222510312866,0.04662553297503608,,,BRT,4.12,13.26,FALSE
mmp,dhw_novelty10,Thermal novelty relative to prior decade,Median (50th percentile),2.69,DHW anomaly,6.75,0.47535295742073475,0.12864311757271593,0.06115088639001381,,,BRT,4.12,13.26,FALSE
mmp,dhw_novelty10,Thermal novelty relative to prior decade,High (90th percentile),8.18,DHW anomaly,6.75,0.502091179016414,0.12796135881147253,0.06424826951419463,,,BRT,4.12,13.26,FALSE
mmp,dhw_novelty10,Thermal novelty relative to prior decade,Low (10th percentile),-3.96,DHW anomaly,7,0.37083113755013736,0.12682222510312866,0.04702963000163279,,,BRT,4.12,13.26,FALSE
mmp,dhw_novelty10,Thermal novelty relative to prior decade,Median (50th percentile),2.69,DHW anomaly,7,0.47876601448448447,0.12864311757271593,0.061589952691148156,,,BRT,4.12,13.26,FALSE
mmp,dhw_novelty10,Thermal novelty relative to prior decade,High (90th percentile),8.18,DHW anomaly,7,0.5055112383583008,0.12796135881147253,0.06468590495479834,,,BRT,4.12,13.26,FALSE
mmp,dhw_novelty10,Thermal novelty relative to prior decade,Low (10th percentile),-3.96,DHW anomaly,7.25,0.37083113755013736,0.12682222510312866,0.04702963000163279,,,BRT,4.12,13.26,FALSE
mmp,dhw_novelty10,Thermal novelty relative to prior decade,Median (50th percentile),2.69,DHW anomaly,7.25,0.47876601448448447,0.12864311757271593,0.061589952691148156,,,BRT,4.12,13.26,FALSE
mmp,dhw_novelty10,Thermal novelty relative to prior decade,High (90th percentile),8.18,DHW anomaly,7.25,0.5055112383583008,0.12796135881147253,0.06468590495479834,,,BRT,4.12,13.26,FALSE
mmp,dhw_novelty10,Thermal novelty relative to prior decade,Low (10th percentile),-3.96,DHW anomaly,7.5,0.37083113755013736,0.12682222510312866,0.04702963000163279,,,BRT,4.12,13.26,FALSE
mmp,dhw_novelty10,Thermal novelty relative to prior decade,Median (50th percentile),2.69,DHW anomaly,7.5,0.47876601448448447,0.12864311757271593,0.061589952691148156,,,BRT,4.12,13.26,FALSE
mmp,dhw_novelty10,Thermal novelty relative to prior decade,High (90th percentile),8.18,DHW anomaly,7.5,0.5055112383583008,0.12796135881147253,0.06468590495479834,,,BRT,4.12,13.26,FALSE
mmp,dhw_novelty10,Thermal novelty relative to prior decade,Low (10th percentile),-3.96,DHW anomaly,7.75,0.37083113755013736,0.12682222510312866,0.04702963000163279,,,BRT,4.12,13.26,FALSE
mmp,dhw_novelty10,Thermal novelty relative to prior decade,Median (50th percentile),2.69,DHW anomaly,7.75,0.47876601448448447,0.12864311757271593,0.061589952691148156,,,BRT,4.12,13.26,FALSE
mmp,dhw_novelty10,Thermal novelty relative to prior decade,High (90th percentile),8.18,DHW anomaly,7.75,0.5055112383583008,0.12796135881147253,0.06468590495479834,,,BRT,4.12,13.26,FALSE
mmp,dhw_novelty10,Thermal novelty relative to prior decade,Low (10th percentile),-3.96,DHW anomaly,8,0.37083113755013736,0.12682222510312866,0.04702963000163279,,,BRT,4.12,13.26,FALSE
mmp,dhw_novelty10,Thermal novelty relative to prior decade,Median (50th percentile),2.69,DHW anomaly,8,0.47876601448448447,0.12864311757271593,0.061589952691148156,,,BRT,4.12,13.26,FALSE
mmp,dhw_novelty10,Thermal novelty relative to prior decade,High (90th percentile),8.18,DHW anomaly,8,0.5055112383583008,0.12796135881147253,0.06468590495479834,,,BRT,4.12,13.26,FALSE
mmp,dhw_novelty10,Thermal novelty relative to prior decade,Low (10th percentile),-3.96,DHW anomaly,8.25,0.37083113755013736,0.12682222510312866,0.04702963000163279,,,BRT,4.12,13.26,FALSE
mmp,dhw_novelty10,Thermal novelty relative to prior decade,Median (50th percentile),2.69,DHW anomaly,8.25,0.47876601448448447,0.12864311757271593,0.061589952691148156,,,BRT,4.12,13.26,FALSE
mmp,dhw_novelty10,Thermal novelty relative to prior decade,High (90th percentile),8.18,DHW anomaly,8.25,0.5055112383583008,0.12796135881147253,0.06468590495479834,,,BRT,4.12,13.26,FALSE
mmp,dhw_novelty10,Thermal novelty relative to prior decade,Low (10th percentile),-3.96,DHW anomaly,8.5,0.37083113755013736,0.12682222510312866,0.04702963000163279,,,BRT,4.12,13.26,FALSE
mmp,dhw_novelty10,Thermal novelty relative to prior decade,Median (50th percentile),2.69,DHW anomaly,8.5,0.47876601448448447,0.12864311757271593,0.061589952691148156,,,BRT,4.12,13.26,FALSE
mmp,dhw_novelty10,Thermal novelty relative to prior decade,High (90th percentile),8.18,DHW anomaly,8.5,0.5055112383583008,0.12796135881147253,0.06468590495479834,,,BRT,4.12,13.26,FALSE
mmp,dhw_novelty10,Thermal novelty relative to prior decade,Low (10th percentile),-3.96,DHW anomaly,8.75,0.3773805180653878,0.127832790836291,0.04824160483154386,,,BRT,4.12,13.26,FALSE
mmp,dhw_novelty10,Thermal novelty relative to prior decade,Median (50th percentile),2.69,DHW anomaly,8.75,0.4857499303310388,0.1296536833058783,0.06297926763299294,,,BRT,4.12,13.26,FALSE
mmp,dhw_novelty10,Thermal novelty relative to prior decade,High (90th percentile),8.18,DHW anomaly,8.75,0.5125016902885752,0.12897192454463488,0.06609832932889595,,,BRT,4.12,13.26,FALSE
mmp,dhw_novelty10,Thermal novelty relative to prior decade,Low (10th percentile),-3.96,DHW anomaly,9,0.4543581076260562,0.127832790836291,0.058081864936934645,,,BRT,4.12,13.26,FALSE
mmp,dhw_novelty10,Thermal novelty relative to prior decade,Median (50th percentile),2.69,DHW anomaly,9,0.5647809782147459,0.1296536833058783,0.07322593408663881,,,BRT,4.12,13.26,FALSE
mmp,dhw_novelty10,Thermal novelty relative to prior decade,High (90th percentile),8.18,DHW anomaly,9,0.5908841264261477,0.12897192454463488,0.07620746296805563,,,BRT,4.12,13.26,FALSE
mmp,dhw_novelty10,Thermal novelty relative to prior decade,Low (10th percentile),-3.96,DHW anomaly,9.25,0.6072102172685951,0.127832790836291,0.07762137669775514,,,BRT,4.12,13.26,FALSE
mmp,dhw_novelty10,Thermal novelty relative to prior decade,Median (50th percentile),2.69,DHW anomaly,9.25,0.7066701589082869,0.1296536833058783,0.0916223889848097,,,BRT,4.12,13.26,FALSE
mmp,dhw_novelty10,Thermal novelty relative to prior decade,High (90th percentile),8.18,DHW anomaly,9.25,0.7283563281318503,0.12897192454463488,0.09393751739342832,,,BRT,4.12,13.26,FALSE
mmp,dhw_novelty10,Thermal novelty relative to prior decade,Low (10th percentile),-3.96,DHW anomaly,9.5,0.6102186742829775,0.127832790836291,0.07800595615401465,,,BRT,4.12,13.26,FALSE
mmp,dhw_novelty10,Thermal novelty relative to prior decade,Median (50th percentile),2.69,DHW anomaly,9.5,0.7092815567947673,0.1296536833058783,0.0919609663393691,,,BRT,4.12,13.26,FALSE
mmp,dhw_novelty10,Thermal novelty relative to prior decade,High (90th percentile),8.18,DHW anomaly,9.5,0.7308481953994582,0.12897192454463488,0.09425889831064149,,,BRT,4.12,13.26,FALSE
mmp,dhw_novelty10,Thermal novelty relative to prior decade,Low (10th percentile),-3.96,DHW anomaly,9.75,0.6102186742829775,0.127832790836291,0.07800595615401465,,,BRT,4.12,13.26,FALSE
mmp,dhw_novelty10,Thermal novelty relative to prior decade,Median (50th percentile),2.69,DHW anomaly,9.75,0.7092815567947673,0.1296536833058783,0.0919609663393691,,,BRT,4.12,13.26,FALSE
mmp,dhw_novelty10,Thermal novelty relative to prior decade,High (90th percentile),8.18,DHW anomaly,9.75,0.7308481953994582,0.12897192454463488,0.09425889831064149,,,BRT,4.12,13.26,FALSE
mmp,dhw_novelty10,Thermal novelty relative to prior decade,Low (10th percentile),-3.96,DHW anomaly,10,0.6102186742829775,0.12867517996078195,0.07851999772879191,,,BRT,4.12,13.26,FALSE
mmp,dhw_novelty10,Thermal novelty relative to prior decade,Median (50th percentile),2.69,DHW anomaly,10,0.7092815567947673,0.13049607243036923,0.09255845740901501,,,BRT,4.12,13.26,FALSE
mmp,dhw_novelty10,Thermal novelty relative to prior decade,High (90th percentile),8.18,DHW anomaly,10,0.7308481953994582,0.12981431366912582,0.09487455688209984,,,BRT,4.12,13.26,FALSE
mmp,dhw_novelty10,Thermal novelty relative to prior decade,Low (10th percentile),-3.96,DHW anomaly,10.25,0.6485713619501221,0.12969759443104834,0.08411814546179959,,,BRT,4.12,13.26,FALSE
mmp,dhw_novelty10,Thermal novelty relative to prior decade,Median (50th percentile),2.69,DHW anomaly,10.25,0.7420079504506227,0.1315184869006356,0.0975877629115077,,,BRT,4.12,13.26,FALSE
mmp,dhw_novelty10,Thermal novelty relative to prior decade,High (90th percentile),8.18,DHW anomaly,10.25,0.7619615889126026,0.1308367281393922,0.0996925612612175,,,BRT,4.12,13.26,FALSE
mmp,dhw_novelty10,Thermal novelty relative to prior decade,Low (10th percentile),-3.96,DHW anomaly,10.5,0.6485713619501221,0.12969759443104834,0.08411814546179959,,,BRT,4.12,13.26,FALSE
mmp,dhw_novelty10,Thermal novelty relative to prior decade,Median (50th percentile),2.69,DHW anomaly,10.5,0.7420079504506227,0.1315184869006356,0.0975877629115077,,,BRT,4.12,13.26,FALSE
mmp,dhw_novelty10,Thermal novelty relative to prior decade,High (90th percentile),8.18,DHW anomaly,10.5,0.7619615889126026,0.1308367281393922,0.0996925612612175,,,BRT,4.12,13.26,FALSE
mmp,dhw_novelty10,Thermal novelty relative to prior decade,Low (10th percentile),-3.96,DHW anomaly,10.75,0.6485713619501221,0.13177884389489053,0.08546798426112169,,,BRT,4.12,13.26,FALSE
mmp,dhw_novelty10,Thermal novelty relative to prior decade,Median (50th percentile),2.69,DHW anomaly,10.75,0.7420079504506227,0.1335997363644778,0.09913206656054971,,,BRT,4.12,13.26,FALSE
mmp,dhw_novelty10,Thermal novelty relative to prior decade,High (90th percentile),8.18,DHW anomaly,10.75,0.7619615889126026,0.1329179776032344,0.1012783934096102,,,BRT,4.12,13.26,FALSE
mmp,dhw_novelty10,Thermal novelty relative to prior decade,Low (10th percentile),-3.96,DHW anomaly,11,0.6485713619501221,0.13177884389489053,0.08546798426112169,,,BRT,4.12,13.26,FALSE
mmp,dhw_novelty10,Thermal novelty relative to prior decade,Median (50th percentile),2.69,DHW anomaly,11,0.7420079504506227,0.1335997363644778,0.09913206656054971,,,BRT,4.12,13.26,FALSE
mmp,dhw_novelty10,Thermal novelty relative to prior decade,High (90th percentile),8.18,DHW anomaly,11,0.7619615889126026,0.1329179776032344,0.1012783934096102,,,BRT,4.12,13.26,FALSE
mmp,dhw_novelty10,Thermal novelty relative to prior decade,Low (10th percentile),-3.96,DHW anomaly,11.25,0.6485713619501221,0.13177884389489053,0.08546798426112169,,,BRT,4.12,13.26,FALSE
mmp,dhw_novelty10,Thermal novelty relative to prior decade,Median (50th percentile),2.69,DHW anomaly,11.25,0.7420079504506227,0.1335997363644778,0.09913206656054971,,,BRT,4.12,13.26,FALSE
mmp,dhw_novelty10,Thermal novelty relative to prior decade,High (90th percentile),8.18,DHW anomaly,11.25,0.7619615889126026,0.1329179776032344,0.1012783934096102,,,BRT,4.12,13.26,FALSE
mmp,dhw_novelty10,Thermal novelty relative to prior decade,Low (10th percentile),-3.96,DHW anomaly,11.5,0.6485713619501221,0.14643391388435162,0.09497284296366082,,,BRT,4.12,13.26,FALSE
mmp,dhw_novelty10,Thermal novelty relative to prior decade,Median (50th percentile),2.69,DHW anomaly,11.5,0.7420079504506227,0.1482548063539389,0.11000624500714017,,,BRT,4.12,13.26,FALSE
mmp,dhw_novelty10,Thermal novelty relative to prior decade,High (90th percentile),8.18,DHW anomaly,11.5,0.7619615889126026,0.1475730475926955,0.11244499382440537,,,BRT,4.12,13.26,FALSE
mmp,dhw_novelty10,Thermal novelty relative to prior decade,Low (10th percentile),-3.96,DHW anomaly,11.75,0.6485713619501221,0.14643391388435162,0.09497284296366082,,,BRT,4.12,13.26,FALSE
mmp,dhw_novelty10,Thermal novelty relative to prior decade,Median (50th percentile),2.69,DHW anomaly,11.75,0.7420079504506227,0.1482548063539389,0.11000624500714017,,,BRT,4.12,13.26,FALSE
mmp,dhw_novelty10,Thermal novelty relative to prior decade,High (90th percentile),8.18,DHW anomaly,11.75,0.7619615889126026,0.1475730475926955,0.11244499382440537,,,BRT,4.12,13.26,FALSE
mmp,dhw_novelty10,Thermal novelty relative to prior decade,Low (10th percentile),-3.96,DHW anomaly,12,0.6485713619501221,0.14643391388435162,0.09497284296366082,,,BRT,4.12,13.26,FALSE
mmp,dhw_novelty10,Thermal novelty relative to prior decade,Median (50th percentile),2.69,DHW anomaly,12,0.7420079504506227,0.1482548063539389,0.11000624500714017,,,BRT,4.12,13.26,FALSE
mmp,dhw_novelty10,Thermal novelty relative to prior decade,High (90th percentile),8.18,DHW anomaly,12,0.7619615889126026,0.1475730475926955,0.11244499382440537,,,BRT,4.12,13.26,FALSE
mmp,dhw_novelty10,Thermal novelty relative to prior decade,Low (10th percentile),-3.96,DHW anomaly,12.25,0.6485713619501221,0.14643391388435162,0.09497284296366082,,,BRT,4.12,13.26,FALSE
mmp,dhw_novelty10,Thermal novelty relative to prior decade,Median (50th percentile),2.69,DHW anomaly,12.25,0.7420079504506227,0.1482548063539389,0.11000624500714017,,,BRT,4.12,13.26,FALSE
mmp,dhw_novelty10,Thermal novelty relative to prior decade,High (90th percentile),8.18,DHW anomaly,12.25,0.7619615889126026,0.1475730475926955,0.11244499382440537,,,BRT,4.12,13.26,FALSE
mmp,dhw_novelty10,Thermal novelty relative to prior decade,Low (10th percentile),-3.96,DHW anomaly,12.5,0.6485713619501221,0.14643391388435162,0.09497284296366082,,,BRT,4.12,13.26,FALSE
mmp,dhw_novelty10,Thermal novelty relative to prior decade,Median (50th percentile),2.69,DHW anomaly,12.5,0.7420079504506227,0.1482548063539389,0.11000624500714017,,,BRT,4.12,13.26,FALSE
mmp,dhw_novelty10,Thermal novelty relative to prior decade,High (90th percentile),8.18,DHW anomaly,12.5,0.7619615889126026,0.1475730475926955,0.11244499382440537,,,BRT,4.12,13.26,FALSE
mmp,dhw_novelty10,Thermal novelty relative to prior decade,Low (10th percentile),-3.96,DHW anomaly,12.75,0.6485713619501221,0.14643391388435162,0.09497284296366082,,,BRT,4.12,13.26,FALSE
mmp,dhw_novelty10,Thermal novelty relative to prior decade,Median (50th percentile),2.69,DHW anomaly,12.75,0.7420079504506227,0.1482548063539389,0.11000624500714017,,,BRT,4.12,13.26,FALSE
mmp,dhw_novelty10,Thermal novelty relative to prior decade,High (90th percentile),8.18,DHW anomaly,12.75,0.7619615889126026,0.1475730475926955,0.11244499382440537,,,BRT,4.12,13.26,FALSE
mmp,dhw_novelty10,Thermal novelty relative to prior decade,Low (10th percentile),-3.96,DHW anomaly,13,0.6485713619501221,0.14643391388435162,0.09497284296366082,,,BRT,4.12,13.26,FALSE
mmp,dhw_novelty10,Thermal novelty relative to prior decade,Median (50th percentile),2.69,DHW anomaly,13,0.7420079504506227,0.1482548063539389,0.11000624500714017,,,BRT,4.12,13.26,FALSE
mmp,dhw_novelty10,Thermal novelty relative to prior decade,High (90th percentile),8.18,DHW anomaly,13,0.7619615889126026,0.1475730475926955,0.11244499382440537,,,BRT,4.12,13.26,FALSE
mmp,dhw_novelty10,Thermal novelty relative to prior decade,Low (10th percentile),-3.96,DHW anomaly,13.25,0.6485713619501221,0.14643391388435162,0.09497284296366082,,,BRT,4.12,13.26,FALSE
mmp,dhw_novelty10,Thermal novelty relative to prior decade,Median (50th percentile),2.69,DHW anomaly,13.25,0.7420079504506227,0.1482548063539389,0.11000624500714017,,,BRT,4.12,13.26,FALSE
mmp,dhw_novelty10,Thermal novelty relative to prior decade,High (90th percentile),8.18,DHW anomaly,13.25,0.7619615889126026,0.1475730475926955,0.11244499382440537,,,BRT,4.12,13.26,FALSE
mmp,dhw_novelty10,Thermal novelty relative to prior decade,Low (10th percentile),-3.96,DHW anomaly,13.5,0.6485713619501221,0.14643391388435162,0.09497284296366082,,,BRT,4.12,13.26,TRUE
mmp,dhw_novelty10,Thermal novelty relative to prior decade,Median (50th percentile),2.69,DHW anomaly,13.5,0.7420079504506227,0.1482548063539389,0.11000624500714017,,,BRT,4.12,13.26,TRUE
mmp,dhw_novelty10,Thermal novelty relative to prior decade,High (90th percentile),8.18,DHW anomaly,13.5,0.7619615889126026,0.1475730475926955,0.11244499382440537,,,BRT,4.12,13.26,TRUE
mmp,dhw_novelty10,Thermal novelty relative to prior decade,Low (10th percentile),-3.96,DHW anomaly,13.75,0.6485713619501221,0.14643391388435162,0.09497284296366082,,,BRT,4.12,13.26,TRUE
mmp,dhw_novelty10,Thermal novelty relative to prior decade,Median (50th percentile),2.69,DHW anomaly,13.75,0.7420079504506227,0.1482548063539389,0.11000624500714017,,,BRT,4.12,13.26,TRUE
mmp,dhw_novelty10,Thermal novelty relative to prior decade,High (90th percentile),8.18,DHW anomaly,13.75,0.7619615889126026,0.1475730475926955,0.11244499382440537,,,BRT,4.12,13.26,TRUE
mmp,dhw_novelty10,Thermal novelty relative to prior decade,Low (10th percentile),-3.96,DHW anomaly,14,0.6485713619501221,0.14643391388435162,0.09497284296366082,,,BRT,4.12,13.26,TRUE
mmp,dhw_novelty10,Thermal novelty relative to prior decade,Median (50th percentile),2.69,DHW anomaly,14,0.7420079504506227,0.1482548063539389,0.11000624500714017,,,BRT,4.12,13.26,TRUE
mmp,dhw_novelty10,Thermal novelty relative to prior decade,High (90th percentile),8.18,DHW anomaly,14,0.7619615889126026,0.1475730475926955,0.11244499382440537,,,BRT,4.12,13.26,TRUE
mmp,dhw_novelty10,Thermal novelty relative to prior decade,Low (10th percentile),-3.96,DHW anomaly,14.25,0.6485713619501221,0.14643391388435162,0.09497284296366082,,,BRT,4.12,13.26,TRUE
mmp,dhw_novelty10,Thermal novelty relative to prior decade,Median (50th percentile),2.69,DHW anomaly,14.25,0.7420079504506227,0.1482548063539389,0.11000624500714017,,,BRT,4.12,13.26,TRUE
mmp,dhw_novelty10,Thermal novelty relative to prior decade,High (90th percentile),8.18,DHW anomaly,14.25,0.7619615889126026,0.1475730475926955,0.11244499382440537,,,BRT,4.12,13.26,TRUE
mmp,dhw_novelty10,Thermal novelty relative to prior decade,Low (10th percentile),-3.96,DHW anomaly,14.5,0.6485713619501221,0.14643391388435162,0.09497284296366082,,,BRT,4.12,13.26,TRUE
mmp,dhw_novelty10,Thermal novelty relative to prior decade,Median (50th percentile),2.69,DHW anomaly,14.5,0.7420079504506227,0.1482548063539389,0.11000624500714017,,,BRT,4.12,13.26,TRUE
mmp,dhw_novelty10,Thermal novelty relative to prior decade,High (90th percentile),8.18,DHW anomaly,14.5,0.7619615889126026,0.1475730475926955,0.11244499382440537,,,BRT,4.12,13.26,TRUE
mmp,dhw_novelty10,Thermal novelty relative to prior decade,Low (10th percentile),-3.96,DHW anomaly,14.75,0.6485713619501221,0.14643391388435162,0.09497284296366082,,,BRT,4.12,13.26,TRUE
mmp,dhw_novelty10,Thermal novelty relative to prior decade,Median (50th percentile),2.69,DHW anomaly,14.75,0.7420079504506227,0.1482548063539389,0.11000624500714017,,,BRT,4.12,13.26,TRUE
mmp,dhw_novelty10,Thermal novelty relative to prior decade,High (90th percentile),8.18,DHW anomaly,14.75,0.7619615889126026,0.1475730475926955,0.11244499382440537,,,BRT,4.12,13.26,TRUE
mmp,dhw_novelty10,Thermal novelty relative to prior decade,Low (10th percentile),-3.96,DHW anomaly,15,0.6485713619501221,0.14643391388435162,0.09497284296366082,,,BRT,4.12,13.26,TRUE
mmp,dhw_novelty10,Thermal novelty relative to prior decade,Median (50th percentile),2.69,DHW anomaly,15,0.7420079504506227,0.1482548063539389,0.11000624500714017,,,BRT,4.12,13.26,TRUE
mmp,dhw_novelty10,Thermal novelty relative to prior decade,High (90th percentile),8.18,DHW anomaly,15,0.7619615889126026,0.1475730475926955,0.11244499382440537,,,BRT,4.12,13.26,TRUE
mmp,dhw_novelty10,Thermal novelty relative to prior decade,Low (10th percentile),-3.96,DHW anomaly,15.25,0.6485713619501221,0.14643391388435162,0.09497284296366082,,,BRT,4.12,13.26,TRUE
mmp,dhw_novelty10,Thermal novelty relative to prior decade,Median (50th percentile),2.69,DHW anomaly,15.25,0.7420079504506227,0.1482548063539389,0.11000624500714017,,,BRT,4.12,13.26,TRUE
mmp,dhw_novelty10,Thermal novelty relative to prior decade,High (90th percentile),8.18,DHW anomaly,15.25,0.7619615889126026,0.1475730475926955,0.11244499382440537,,,BRT,4.12,13.26,TRUE
mmp,dhw_novelty10,Thermal novelty relative to prior decade,Low (10th percentile),-3.96,DHW anomaly,15.5,0.6485713619501221,0.14643391388435162,0.09497284296366082,,,BRT,4.12,13.26,TRUE
mmp,dhw_novelty10,Thermal novelty relative to prior decade,Median (50th percentile),2.69,DHW anomaly,15.5,0.7420079504506227,0.1482548063539389,0.11000624500714017,,,BRT,4.12,13.26,TRUE
mmp,dhw_novelty10,Thermal novelty relative to prior decade,High (90th percentile),8.18,DHW anomaly,15.5,0.7619615889126026,0.1475730475926955,0.11244499382440537,,,BRT,4.12,13.26,TRUE
mmp,dhw_novelty10,Thermal novelty relative to prior decade,Low (10th percentile),-3.96,DHW anomaly,15.75,0.6485713619501221,0.14643391388435162,0.09497284296366082,,,BRT,4.12,13.26,TRUE
mmp,dhw_novelty10,Thermal novelty relative to prior decade,Median (50th percentile),2.69,DHW anomaly,15.75,0.7420079504506227,0.1482548063539389,0.11000624500714017,,,BRT,4.12,13.26,TRUE
mmp,dhw_novelty10,Thermal novelty relative to prior decade,High (90th percentile),8.18,DHW anomaly,15.75,0.7619615889126026,0.1475730475926955,0.11244499382440537,,,BRT,4.12,13.26,TRUE
mmp,dhw_novelty10,Thermal novelty relative to prior decade,Low (10th percentile),-3.96,DHW anomaly,16,0.6485713619501221,0.14643391388435162,0.09497284296366082,,,BRT,4.12,13.26,TRUE
mmp,dhw_novelty10,Thermal novelty relative to prior decade,Median (50th percentile),2.69,DHW anomaly,16,0.7420079504506227,0.1482548063539389,0.11000624500714017,,,BRT,4.12,13.26,TRUE
mmp,dhw_novelty10,Thermal novelty relative to prior decade,High (90th percentile),8.18,DHW anomaly,16,0.7619615889126026,0.1475730475926955,0.11244499382440537,,,BRT,4.12,13.26,TRUE
mmp,dhw_novelty10,Thermal novelty relative to prior decade,Low (10th percentile),-3.96,DHW anomaly,0,0.2541800751230713,0.5185965407936873,0.10365196948145913,0.0279807275938122,0.2720103594677049,Bayesian beta + Bernoulli boundary,4.12,13.26,TRUE
mmp,dhw_novelty10,Thermal novelty relative to prior decade,Median (50th percentile),2.69,DHW anomaly,0,0.30710378614068207,0.4621404733443048,0.10604171992421024,0.02986814487057845,0.2736227271609927,Bayesian beta + Bernoulli boundary,4.12,13.26,TRUE
mmp,dhw_novelty10,Thermal novelty relative to prior decade,High (90th percentile),8.18,DHW anomaly,0,0.3630185087163955,0.49622958335640854,0.13561423474560294,0.021230516849726277,0.49121390656726377,Bayesian beta + Bernoulli boundary,4.12,13.26,TRUE
mmp,dhw_novelty10,Thermal novelty relative to prior decade,Low (10th percentile),-3.96,DHW anomaly,0.25,0.25734940088190783,0.5101101241537027,0.10356317958547828,0.02818667980636605,0.26632539567880215,Bayesian beta + Bernoulli boundary,4.12,13.26,TRUE
mmp,dhw_novelty10,Thermal novelty relative to prior decade,Median (50th percentile),2.69,DHW anomaly,0.25,0.3105767085836311,0.45373059552496914,0.1057926619360029,0.0302142737222868,0.2696941138779458,Bayesian beta + Bernoulli boundary,4.12,13.26,TRUE
mmp,dhw_novelty10,Thermal novelty relative to prior decade,High (90th percentile),8.18,DHW anomaly,0.25,0.36687509868546314,0.4881200327474157,0.13516580406046694,0.021324188870523817,0.4821650475285718,Bayesian beta + Bernoulli boundary,4.12,13.26,TRUE
mmp,dhw_novelty10,Thermal novelty relative to prior decade,Low (10th percentile),-3.96,DHW anomaly,0.5,0.26065500068181097,0.5015341145017832,0.10347533132696096,0.02829341333809777,0.26391499111858796,Bayesian beta + Bernoulli boundary,4.12,13.26,TRUE
mmp,dhw_novelty10,Thermal novelty relative to prior decade,Median (50th percentile),2.69,DHW anomaly,0.5,0.3141785063933894,0.44527197064766555,0.10555050600998173,0.030381902873476127,0.26726384382324464,Bayesian beta + Bernoulli boundary,4.12,13.26,TRUE
mmp,dhw_novelty10,Thermal novelty relative to prior decade,High (90th percentile),8.18,DHW anomaly,0.5,0.37084498371437447,0.47989216363128834,0.13469062525158745,0.021667488327306805,0.47518339217003125,Bayesian beta + Bernoulli boundary,4.12,13.26,TRUE
mmp,dhw_novelty10,Thermal novelty relative to prior decade,Low (10th percentile),-3.96,DHW anomaly,0.75,0.26410214894377243,0.4928800241210541,0.10338866385949495,0.028527292515894892,0.26142622794808573,Bayesian beta + Bernoulli boundary,4.12,13.26,TRUE
mmp,dhw_novelty10,Thermal novelty relative to prior decade,Median (50th percentile),2.69,DHW anomaly,0.75,0.317914011970397,0.4367765823970707,0.10531647527794083,0.03062134909455486,0.2634690001427194,Bayesian beta + Bernoulli boundary,4.12,13.26,TRUE
mmp,dhw_novelty10,Thermal novelty relative to prior decade,High (90th percentile),8.18,DHW anomaly,0.75,0.37493133503678333,0.47155283078195115,0.13418874207431744,0.021994896975609298,0.4672707725729988,Bayesian beta + Bernoulli boundary,4.12,13.26,TRUE
mmp,dhw_novelty10,Thermal novelty relative to prior decade,Low (10th percentile),-3.96,DHW anomaly,1,0.26769618711487847,0.48416045910881733,0.10330348799803425,0.028662892121622135,0.2608855199741689,Bayesian beta + Bernoulli boundary,4.12,13.26,TRUE
mmp,dhw_novelty10,Thermal novelty relative to prior decade,Median (50th percentile),2.69,DHW anomaly,1,0.3217881492963486,0.42825726210799164,0.10509188401454717,0.031053659937977967,0.25990136820606463,Bayesian beta + Bernoulli boundary,4.12,13.26,TRUE
mmp,dhw_novelty10,Thermal novelty relative to prior decade,High (90th percentile),8.18,DHW anomaly,1,0.3791373359259624,0.46310981829535675,0.13366035122575953,0.022086538254639607,0.4616779047560677,Bayesian beta + Bernoulli boundary,4.12,13.26,TRUE
mmp,dhw_novelty10,Thermal novelty relative to prior decade,Low (10th percentile),-3.96,DHW anomaly,1.25,0.27144249700203466,0.47538910266190326,0.10322020232834132,0.02889828967714848,0.2586154108479383,Bayesian beta + Bernoulli boundary,4.12,13.26,TRUE
mmp,dhw_novelty10,Thermal novelty relative to prior decade,Median (50th percentile),2.69,DHW anomaly,1.25,0.3258059178462943,0.41972765497004844,0.10487813773928747,0.03139618169097301,0.2562999503194937,Bayesian beta + Bernoulli boundary,4.12,13.26,TRUE
mmp,dhw_novelty10,Thermal novelty relative to prior decade,High (90th percentile),8.18,DHW anomaly,1.25,0.383466167544167,0.45457188919064884,0.13310582424660966,0.022198789539421167,0.4578487180943456,Bayesian beta + Bernoulli boundary,4.12,13.26,TRUE
mmp,dhw_novelty10,Thermal novelty relative to prior decade,Low (10th percentile),-3.96,DHW anomaly,1.5,0.27534646863620194,0.46658068316577483,0.10313931081384928,0.02923580516963249,0.25613748313081874,Bayesian beta + Bernoulli boundary,4.12,13.26,TRUE
mmp,dhw_novelty10,Thermal novelty relative to prior decade,Median (50th percentile),2.69,DHW anomaly,1.5,0.3299723728018293,0.4112021724803412,0.10467673229638787,0.03156741965838006,0.2514182957077445,Bayesian beta + Bernoulli boundary,4.12,13.26,TRUE
mmp,dhw_novelty10,Thermal novelty relative to prior decade,High (90th percentile),8.18,DHW anomaly,1.5,0.38792099204660013,0.445948836280551,0.13252573379602597,0.022755227592126125,0.4483341102316074,Bayesian beta + Bernoulli boundary,4.12,13.26,TRUE
mmp,dhw_novelty10,Thermal novelty relative to prior decade,Low (10th percentile),-3.96,DHW anomaly,1.75,0.27941346211912915,0.45775092586558164,0.10306144150126209,0.02956693085407851,0.25315310796547064,Bayesian beta + Bernoulli boundary,4.12,13.26,TRUE
mmp,dhw_novelty10,Thermal novelty relative to prior decade,Median (50th percentile),2.69,DHW anomaly,1.75,0.33429260106211,0.40269593057247943,0.10448925191936051,0.03187627888332475,0.2470662279667371,Bayesian beta + Bernoulli boundary,4.12,13.26,TRUE
mmp,dhw_novelty10,Thermal novelty relative to prior decade,High (90th percentile),8.18,DHW anomaly,1.75,0.3925049326546711,0.43725153381334825,0.13192088478770897,0.023238196382921326,0.4399866108690281,Bayesian beta + Bernoulli boundary,4.12,13.26,TRUE
mmp,dhw_novelty10,Thermal novelty relative to prior decade,Low (10th percentile),-3.96,DHW anomaly,2,0.28364876294163116,0.4489164869589135,0.10298736575598834,0.02976696383333244,0.25141847577140713,Bayesian beta + Bernoulli boundary,4.12,13.26,TRUE
mmp,dhw_novelty10,Thermal novelty relative to prior decade,Median (50th percentile),2.69,DHW anomaly,2,0.33877169252666,0.39422467319738885,0.10431736633434914,0.0323079132291997,0.24353975658414806,Bayesian beta + Bernoulli boundary,4.12,13.26,TRUE
mmp,dhw_novelty10,Thermal novelty relative to prior decade,High (90th percentile),8.18,DHW anomaly,2,0.39722105046244066,0.42849198907056313,0.13129235068308998,0.02392862927096749,0.43324128522840666,Bayesian beta + Bernoulli boundary,4.12,13.26,TRUE
mmp,dhw_novelty10,Thermal novelty relative to prior decade,Low (10th percentile),-3.96,DHW anomaly,2.25,0.28805753032318693,0.4400948691442294,0.10291801729107991,0.03021373514046707,0.24738274643055552,Bayesian beta + Bernoulli boundary,4.12,13.26,TRUE
mmp,dhw_novelty10,Thermal novelty relative to prior decade,Median (50th percentile),2.69,DHW anomaly,2.25,0.34341470611300395,0.3858046814850248,0.10416282698909089,0.03277472952915899,0.24026770214544355,Bayesian beta + Bernoulli boundary,4.12,13.26,TRUE
mmp,dhw_novelty10,Thermal novelty relative to prior decade,High (90th percentile),8.18,DHW anomaly,2.25,0.40207231781341535,0.4196833925795744,0.1306415149529669,0.024253599071192074,0.4274173048577141,Bayesian beta + Bernoulli boundary,4.12,13.26,TRUE
mmp,dhw_novelty10,Thermal novelty relative to prior decade,Low (10th percentile),-3.96,DHW anomaly,2.5,0.2926447382104474,0.43130431803907887,0.10285451011572107,0.0305252224828634,0.24504147277998778,Bayesian beta + Bernoulli boundary,4.12,13.26,TRUE
mmp,dhw_novelty10,Thermal novelty relative to prior decade,Median (50th percentile),2.69,DHW anomaly,2.5,0.34822662997672027,0.37745266895020696,0.10402746250621081,0.033062363160466755,0.2384384004132651,Bayesian beta + Bernoulli boundary,4.12,13.26,TRUE
mmp,dhw_novelty10,Thermal novelty relative to prior decade,High (90th percentile),8.18,DHW anomaly,2.5,0.40706158818081994,0.41084016485964525,0.12997011735867092,0.02452250260915494,0.4221248205583068,Bayesian beta + Bernoulli boundary,4.12,13.26,TRUE
mmp,dhw_novelty10,Thermal novelty relative to prior decade,Low (10th percentile),-3.96,DHW anomaly,2.75,0.29741510869163007,0.4225636994734814,0.10279815445204873,0.03072305330811996,0.2424201935470534,Bayesian beta + Bernoulli boundary,4.12,13.26,TRUE
mmp,dhw_novelty10,Thermal novelty relative to prior decade,Median (50th percentile),2.69,DHW anomaly,2.75,0.353212335425515,0.3691856634993707,0.10391317344988457,0.03342764531210445,0.2365880201794752,Bayesian beta + Bernoulli boundary,4.12,13.26,TRUE
mmp,dhw_novelty10,Thermal novelty relative to prior decade,High (90th percentile),8.18,DHW anomaly,2.75,0.4121915625987856,0.4019779967257873,0.12928030429732476,0.025073504774801397,0.4140427101816945,Bayesian beta + Bernoulli boundary,4.12,13.26,TRUE
mmp,dhw_novelty10,Thermal novelty relative to prior decade,Low (10th percentile),-3.96,DHW anomaly,3,0.30237303774086705,0.4138923584493899,0.10275046967805229,0.03090575157060331,0.23940148364764222,Bayesian beta + Bernoulli boundary,4.12,13.26,TRUE
mmp,dhw_novelty10,Thermal novelty relative to prior decade,Median (50th percentile),2.69,DHW anomaly,3,0.35837652406682036,0.3610208772403839,0.10382192646800936,0.033895493987639365,0.23388011406497156,Bayesian beta + Bernoulli boundary,4.12,13.26,TRUE
mmp,dhw_novelty10,Thermal novelty relative to prior decade,High (90th percentile),8.18,DHW anomaly,3,0.4174647528171502,0.39311387927075964,0.12857468203900269,0.025558648374324377,0.4057230212547012,Bayesian beta + Bernoulli boundary,4.12,13.26,TRUE
mmp,dhw_novelty10,Thermal novelty relative to prior decade,Low (10th percentile),-3.96,DHW anomaly,3.25,0.3075225134096266,0.40530996147267334,0.10271319346110314,0.031361140020692235,0.23724481477451773,Bayesian beta + Bernoulli boundary,4.12,13.26,TRUE
mmp,dhw_novelty10,Thermal novelty relative to prior decade,Median (50th percentile),2.69,DHW anomaly,3.25,0.3637236678050062,0.35297556530913715,0.1037557478361109,0.034240511629014876,0.23204004197156983,Bayesian beta + Bernoulli boundary,4.12,13.26,TRUE
mmp,dhw_novelty10,Thermal novelty relative to prior decade,High (90th percentile),8.18,DHW anomaly,3.25,0.42288344147863455,0.38426611892224655,0.12785637129062494,0.026090714796091822,0.39589097285714864,Bayesian beta + Bernoulli boundary,4.12,13.26,TRUE
mmp,dhw_novelty10,Thermal novelty relative to prior decade,Low (10th percentile),-3.96,DHW anomaly,3.5,0.3128670268416028,0.3968363249057814,0.1026882864418835,0.031936635867421244,0.23507089701183156,Bayesian beta + Bernoulli boundary,4.12,13.26,TRUE
mmp,dhw_novelty10,Thermal novelty relative to prior decade,Median (50th percentile),2.69,DHW anomaly,3.5,0.3692579414146072,0.3450668751459374,0.10371671639384954,0.03450156894970068,0.22998041563524751,Bayesian beta + Bernoulli boundary,4.12,13.26,TRUE
mmp,dhw_novelty10,Thermal novelty relative to prior decade,High (90th percentile),8.18,DHW anomaly,3.5,0.4284496397319599,0.37545433258326855,0.12712906117358697,0.02648153515778577,0.38830407237926023,Bayesian beta + Bernoulli boundary,4.12,13.26,TRUE
mmp,dhw_novelty10,Thermal novelty relative to prior decade,Low (10th percentile),-3.96,DHW anomaly,3.75,0.318409476814029,0.3884912328374718,0.10267793208172177,0.03226393897277018,0.23365595908261647,Bayesian beta + Bernoulli boundary,4.12,13.26,TRUE
mmp,dhw_novelty10,Thermal novelty relative to prior decade,Median (50th percentile),2.69,DHW anomaly,3.75,0.3749831475648522,0.3373116879448274,0.10370695583827336,0.03495358327806728,0.22825714540996578,Bayesian beta + Bernoulli boundary,4.12,13.26,TRUE
mmp,dhw_novelty10,Thermal novelty relative to prior decade,High (90th percentile),8.18,DHW anomaly,3.75,0.434165042785178,0.36669941781702703,0.12639706039914256,0.026676695946200354,0.3810529087289082,Bayesian beta + Bernoulli boundary,4.12,13.26,TRUE
mmp,dhw_novelty10,Thermal novelty relative to prior decade,Low (10th percentile),-3.96,DHW anomaly,4,0.3241520689114127,0.3802942486169006,0.10268453155429041,0.03279401978650776,0.23234990159331392,Bayesian beta + Bernoulli boundary,4.12,13.26,TRUE
mmp,dhw_novelty10,Thermal novelty relative to prior decade,Median (50th percentile),2.69,DHW anomaly,4,0.38090263436213506,0.32972645442383974,0.10372862632419959,0.035557710111148694,0.22615471567651366,Bayesian beta + Bernoulli boundary,4.12,13.26,TRUE
mmp,dhw_novelty10,Thermal novelty relative to prior decade,High (90th percentile),8.18,DHW anomaly,4,0.4400309839579777,0.35802349313575466,0.1256653431425285,0.027493874352735228,0.3713733164308265,Bayesian beta + Bernoulli boundary,4.12,13.26,TRUE
mmp,dhw_novelty10,Thermal novelty relative to prior decade,Low (10th percentile),-3.96,DHW anomaly,4.25,0.3300962109200796,0.37226494285033,0.1027108490683926,0.033357438926684996,0.22878116212734337,Bayesian beta + Bernoulli boundary,4.12,13.26,FALSE
mmp,dhw_novelty10,Thermal novelty relative to prior decade,Median (50th percentile),2.69,DHW anomaly,4.25,0.3870192057128631,0.32232749266324184,0.1037841174678139,0.036019287802893825,0.22478460418361287,Bayesian beta + Bernoulli boundary,4.12,13.26,FALSE
mmp,dhw_novelty10,Thermal novelty relative to prior decade,High (90th percentile),8.18,DHW anomaly,4.25,0.4460483878002777,0.34945025253568374,0.1249398159793117,0.027984890038025425,0.3610482758741789,Bayesian beta + Bernoulli boundary,4.12,13.26,FALSE
mmp,dhw_novelty10,Thermal novelty relative to prior decade,Low (10th percentile),-3.96,DHW anomaly,4.5,0.33624240658450505,0.36443089255822614,0.10276308544265053,0.03371571753093432,0.22621982284995193,Bayesian beta + Bernoulli boundary,4.12,13.26,FALSE
mmp,dhw_novelty10,Thermal novelty relative to prior decade,Median (50th percentile),2.69,DHW anomaly,4.5,0.39333502508842144,0.31513973638228665,0.10387997352971233,0.03658538737134378,0.22570283723449067,Bayesian beta + Bernoulli boundary,4.12,13.26,FALSE
mmp,dhw_novelty10,Thermal novelty relative to prior decade,High (90th percentile),8.18,DHW anomaly,4.5,0.4522177228015612,0.34101357749485667,0.12423186401426496,0.028702613705404084,0.3522107369178608,Bayesian beta + Bernoulli boundary,4.12,13.26,FALSE
mmp,dhw_novelty10,Thermal novelty relative to prior decade,Low (10th percentile),-3.96,DHW anomaly,4.75,0.34259015046221775,0.3568262838413499,0.10285061187376987,0.03422169449141061,0.22542060228832578,Bayesian beta + Bernoulli boundary,4.12,13.26,FALSE
mmp,dhw_novelty10,Thermal novelty relative to prior decade,Median (50th percentile),2.69,DHW anomaly,4.75,0.3998515135925697,0.30819448896452034,0.10402621882085598,0.03711298261101263,0.22291228730471208,Bayesian beta + Bernoulli boundary,4.12,13.26,FALSE
mmp,dhw_novelty10,Thermal novelty relative to prior decade,High (90th percentile),8.18,DHW anomaly,4.75,0.4585389541221734,0.332755805763782,0.12355780750674124,0.029491204556872427,0.344633080965956,Bayesian beta + Bernoulli boundary,4.12,13.26,FALSE
mmp,dhw_novelty10,Thermal novelty relative to prior decade,Low (10th percentile),-3.96,DHW anomaly,5,0.3491378272047667,0.34948326898167725,0.10298288885249096,0.03447504019404127,0.22442982375069184,Bayesian beta + Bernoulli boundary,4.12,13.26,FALSE
mmp,dhw_novelty10,Thermal novelty relative to prior decade,Median (50th percentile),2.69,DHW anomaly,5,0.40656924358258933,0.30151965913240364,0.10423225270752136,0.03782940976081034,0.22356405381673694,Bayesian beta + Bernoulli boundary,4.12,13.26,FALSE
mmp,dhw_novelty10,Thermal novelty relative to prior decade,High (90th percentile),8.18,DHW anomaly,5,0.46501149664429686,0.3247181087672326,0.12293419936783358,0.03003332433560192,0.3365182923191837,Bayesian beta + Bernoulli boundary,4.12,13.26,FALSE
mmp,dhw_novelty10,Thermal novelty relative to prior decade,Low (10th percentile),-3.96,DHW anomaly,5.25,0.3558826191095064,0.34243139437318,0.10316928550723513,0.034887252409097576,0.2245901491866766,Bayesian beta + Bernoulli boundary,4.12,13.26,FALSE
mmp,dhw_novelty10,Thermal novelty relative to prior decade,Median (50th percentile),2.69,DHW anomaly,5.25,0.41348782947171997,0.29513930452180404,0.10450667173753454,0.03849327442993869,0.2224213015850132,Bayesian beta + Bernoulli boundary,4.12,13.26,FALSE
mmp,dhw_novelty10,Thermal novelty relative to prior decade,High (90th percentile),8.18,DHW anomaly,5.25,0.47163416848820244,0.3169394511151026,0.12237739651587069,0.030474592327089566,0.33132401175408555,Bayesian beta + Bernoulli boundary,4.12,13.26,FALSE
mmp,dhw_novelty10,Thermal novelty relative to prior decade,Low (10th percentile),-3.96,DHW anomaly,5.5,0.36282042615070575,0.3356975688061658,0.10341908645262915,0.035271639192412885,0.22430072305489007,Bayesian beta + Bernoulli boundary,4.12,13.26,FALSE
mmp,dhw_novelty10,Thermal novelty relative to prior decade,Median (50th percentile),2.69,DHW anomaly,5.5,0.42060581773761957,0.2890737688988845,0.1048573314017433,0.03907448802950295,0.2209158080504195,Bayesian beta + Bernoulli boundary,4.12,13.26,FALSE
mmp,dhw_novelty10,Thermal novelty relative to prior decade,High (90th percentile),8.18,DHW anomaly,5.5,0.4784051450034792,0.30945602189622984,0.12190335187948843,0.030771878420467424,0.3247814488055245,Bayesian beta + Bernoulli boundary,4.12,13.26,FALSE
mmp,dhw_novelty10,Thermal novelty relative to prior decade,Low (10th percentile),-3.96,DHW anomaly,5.75,0.369945802831792,0.32930625556704435,0.10374157740592786,0.035821856431318085,0.22261341188060108,Bayesian beta + Bernoulli boundary,4.12,13.26,FALSE
mmp,dhw_novelty10,Thermal novelty relative to prior decade,Median (50th percentile),2.69,DHW anomaly,5.75,0.42792057858167315,0.2833400356556961,0.10529149113910952,0.03935145482983557,0.22142250660627802,Bayesian beta + Bernoulli boundary,4.12,13.26,FALSE
mmp,dhw_novelty10,Thermal novelty relative to prior decade,High (90th percentile),8.18,DHW anomaly,5.75,0.4853219131720879,0.3023008396425042,0.1215274708097693,0.031168661121143575,0.3208159273074615,Bayesian beta + Bernoulli boundary,4.12,13.26,FALSE
mmp,dhw_novelty10,Thermal novelty relative to prior decade,Low (10th percentile),-3.96,DHW anomaly,6,0.37725191604751396,0.3232798964754352,0.10414622122298733,0.036358744213018344,0.22350612846451237,Bayesian beta + Bernoulli boundary,4.12,13.26,FALSE
mmp,dhw_novelty10,Thermal novelty relative to prior decade,Median (50th percentile),2.69,DHW anomaly,6,0.4354282021355983,0.2779522910707492,0.10581604727605526,0.03991168319111829,0.2214092932931664,Bayesian beta + Bernoulli boundary,4.12,13.26,FALSE
mmp,dhw_novelty10,Thermal novelty relative to prior decade,High (90th percentile),8.18,DHW anomaly,6,0.4923812264035257,0.295503592129241,0.12126455948742372,0.031330308130275,0.3160495249581475,Bayesian beta + Bernoulli boundary,4.12,13.26,FALSE
mmp,dhw_novelty10,Thermal novelty relative to prior decade,Low (10th percentile),-3.96,DHW anomaly,6.25,0.38473052768491645,0.31763956906398433,0.10464293468040146,0.03663955306513653,0.22453130208199806,Bayesian beta + Bernoulli boundary,4.12,13.26,FALSE
mmp,dhw_novelty10,Thermal novelty relative to prior decade,Median (50th percentile),2.69,DHW anomaly,6.25,0.44312340260564953,0.27292268811852277,0.1064378589872922,0.040237225946352206,0.2214430761460916,Bayesian beta + Bernoulli boundary,4.12,13.26,FALSE
mmp,dhw_novelty10,Thermal novelty relative to prior decade,High (90th percentile),8.18,DHW anomaly,6.25,0.49957905991073015,0.2890907609921614,0.12112889319970477,0.03181099397803798,0.311540374845782,Bayesian beta + Bernoulli boundary,4.12,13.26,FALSE
mmp,dhw_novelty10,Thermal novelty relative to prior decade,Low (10th percentile),-3.96,DHW anomaly,6.5,0.39237200494403424,0.3124058733611769,0.10524247570491979,0.037030001475725015,0.22508606313544754,Bayesian beta + Bernoulli boundary,4.12,13.26,FALSE
mmp,dhw_novelty10,Thermal novelty relative to prior decade,Median (50th percentile),2.69,DHW anomaly,6.5,0.45099943428218153,0.2682623023944574,0.10716417413877762,0.040756969555742054,0.22140106522935166,Bayesian beta + Bernoulli boundary,4.12,13.26,FALSE
mmp,dhw_novelty10,Thermal novelty relative to prior decade,High (90th percentile),8.18,DHW anomaly,6.5,0.5069105672566279,0.28308606228371297,0.121134430362104,0.03231851432601981,0.31084309469082355,Bayesian beta + Bernoulli boundary,4.12,13.26,FALSE
mmp,dhw_novelty10,Thermal novelty relative to prior decade,Low (10th percentile),-3.96,DHW anomaly,6.75,0.40016536037184663,0.30760004164824656,0.10595695057577001,0.03753067163415531,0.22471617669885155,Bayesian beta + Bernoulli boundary,4.12,13.26,FALSE
mmp,dhw_novelty10,Thermal novelty relative to prior decade,Median (50th percentile),2.69,DHW anomaly,6.75,0.4590480238986695,0.2639822754761124,0.10800316488789272,0.0409643326769187,0.22205538003811662,Bayesian beta + Bernoulli boundary,4.12,13.26,FALSE
mmp,dhw_novelty10,Thermal novelty relative to prior decade,High (90th percentile),8.18,DHW anomaly,6.75,0.5143700392456729,0.2775112136942405,0.12129519419522176,0.03287280894255018,0.31071967283773405,Bayesian beta + Bernoulli boundary,4.12,13.26,FALSE
mmp,dhw_novelty10,Thermal novelty relative to prior decade,Low (10th percentile),-3.96,DHW anomaly,7,0.40809832243665334,0.3032452620430667,0.1068004503693316,0.038001021278285564,0.22413404633011605,Bayesian beta + Bernoulli boundary,4.12,13.26,FALSE
mmp,dhw_novelty10,Thermal novelty relative to prior decade,Median (50th percentile),2.69,DHW anomaly,7,0.4672593243318066,0.2600951468330675,0.10896458686199717,0.041207144096664865,0.22455162939459775,Bayesian beta + Bernoulli boundary,4.12,13.26,FALSE
mmp,dhw_novelty10,Thermal novelty relative to prior decade,High (90th percentile),8.18,DHW anomaly,7,0.5219508670418437,0.27238702206104703,0.12162583877996756,0.03330008941290914,0.30721662290661766,Bayesian beta + Bernoulli boundary,4.12,13.26,FALSE
mmp,dhw_novelty10,Thermal novelty relative to prior decade,Low (10th percentile),-3.96,DHW anomaly,7.25,0.4161574361804741,0.2993682030348455,0.10778982472647924,0.0386202124480365,0.22447597508669018,Bayesian beta + Bernoulli boundary,4.12,13.26,FALSE
mmp,dhw_novelty10,Thermal novelty relative to prior decade,Median (50th percentile),2.69,DHW anomaly,7.25,0.47562189497375784,0.2566163819123211,0.11006058009740506,0.0415381468944297,0.22591043547736234,Bayesian beta + Bernoulli boundary,4.12,13.26,FALSE
mmp,dhw_novelty10,Thermal novelty relative to prior decade,High (90th percentile),8.18,DHW anomaly,7.25,0.5296455121117778,0.26773477324166123,0.12214241087688435,0.03412188858706665,0.30676653608704024,Bayesian beta + Bernoulli boundary,4.12,13.26,FALSE
mmp,dhw_novelty10,Thermal novelty relative to prior decade,Low (10th percentile),-3.96,DHW anomaly,7.5,0.4243281921234576,0.29600071834571795,0.1089455975471018,0.03907686339930459,0.2281846963904119,Bayesian beta + Bernoulli boundary,4.12,13.26,FALSE
mmp,dhw_novelty10,Thermal novelty relative to prior decade,Median (50th percentile),2.69,DHW anomaly,7.5,0.48412271411684005,0.2535661094385821,0.11130663385215946,0.04174710106370348,0.2284209271584998,Bayesian beta + Bernoulli boundary,4.12,13.26,FALSE
mmp,dhw_novelty10,Thermal novelty relative to prior decade,High (90th percentile),8.18,DHW anomaly,7.5,0.5374454861697135,0.2635779005918843,0.12286331445148037,0.03471746999008471,0.30572444241414765,Bayesian beta + Bernoulli boundary,4.12,13.26,FALSE
mmp,dhw_novelty10,Thermal novelty relative to prior decade,Low (10th percentile),-3.96,DHW anomaly,7.75,0.43259518021474946,0.29317483925762866,0.11028989823003953,0.039357435703643966,0.23328873933522626,Bayesian beta + Bernoulli boundary,4.12,13.26,FALSE
mmp,dhw_novelty10,Thermal novelty relative to prior decade,Median (50th percentile),2.69,DHW anomaly,7.75,0.4927472281949449,0.25096474860127405,0.11271944077246303,0.04226701998190293,0.23228438433330945,Bayesian beta + Bernoulli boundary,4.12,13.26,FALSE
mmp,dhw_novelty10,Thermal novelty relative to prior decade,High (90th percentile),8.18,DHW anomaly,7.75,0.5453413445867076,0.2599380049644232,0.12380699155167145,0.0355123191798553,0.30641602122488965,Bayesian beta + Bernoulli boundary,4.12,13.26,FALSE
mmp,dhw_novelty10,Thermal novelty relative to prior decade,Low (10th percentile),-3.96,DHW anomaly,8,0.44094226431970407,0.29088170735955193,0.11182744149800863,0.03997611235485612,0.23931171599520648,Bayesian beta + Bernoulli boundary,4.12,13.26,FALSE
mmp,dhw_novelty10,Thermal novelty relative to prior decade,Median (50th percentile),2.69,DHW anomaly,8,0.5014794415859566,0.24879540812235848,0.11429701967245158,0.04283391744407778,0.23645957661849704,Bayesian beta + Bernoulli boundary,4.12,13.26,FALSE
mmp,dhw_novelty10,Thermal novelty relative to prior decade,High (90th percentile),8.18,DHW anomaly,8,0.5533226966072419,0.25680047209679985,0.12497129468706919,0.03625920454392946,0.30937222951841303,Bayesian beta + Bernoulli boundary,4.12,13.26,FALSE
mmp,dhw_novelty10,Thermal novelty relative to prior decade,Low (10th percentile),-3.96,DHW anomaly,8.25,0.44935277163847426,0.2890906184565534,0.11355285533056392,0.040222071640148606,0.24338401529731335,Bayesian beta + Bernoulli boundary,4.12,13.26,FALSE
mmp,dhw_novelty10,Thermal novelty relative to prior decade,Median (50th percentile),2.69,DHW anomaly,8.25,0.5103020488462643,0.2470215941906168,0.11602679339356493,0.04344223598530132,0.2416352566052051,Bayesian beta + Bernoulli boundary,4.12,13.26,FALSE
mmp,dhw_novelty10,Thermal novelty relative to prior decade,High (90th percentile),8.18,DHW anomaly,8.25,0.5613782351583196,0.2541323853341917,0.12634317227876313,0.036746988049350546,0.31196077261270594,Bayesian beta + Bernoulli boundary,4.12,13.26,FALSE
mmp,dhw_novelty10,Thermal novelty relative to prior decade,Low (10th percentile),-3.96,DHW anomaly,8.5,0.45780969072480565,0.28776363339413563,0.11545673605358701,0.04066789512148278,0.24698505883684785,Bayesian beta + Bernoulli boundary,4.12,13.26,FALSE
mmp,dhw_novelty10,Thermal novelty relative to prior decade,Median (50th percentile),2.69,DHW anomaly,8.5,0.5191966088045635,0.24560064704742815,0.11789206945672275,0.04388404013916105,0.24616710005854522,Bayesian beta + Bernoulli boundary,4.12,13.26,FALSE
mmp,dhw_novelty10,Thermal novelty relative to prior decade,High (90th percentile),8.18,DHW anomaly,8.5,0.5694957881026294,0.25189535014081693,0.12790589403181343,0.03710215726358049,0.31251378726159385,Bayesian beta + Bernoulli boundary,4.12,13.26,FALSE
mmp,dhw_novelty10,Thermal novelty relative to prior decade,Low (10th percentile),-3.96,DHW anomaly,8.75,0.466295871548107,0.28685300958457227,0.11752401596551595,0.041000885797254874,0.25399176593418565,Bayesian beta + Bernoulli boundary,4.12,13.26,FALSE
mmp,dhw_novelty10,Thermal novelty relative to prior decade,Median (50th percentile),2.69,DHW anomaly,8.75,0.5281437571125547,0.2444813263458333,0.11987036300651303,0.04459743178253527,0.2503941142641331,Bayesian beta + Bernoulli boundary,4.12,13.26,FALSE
mmp,dhw_novelty10,Thermal novelty relative to prior decade,High (90th percentile),8.18,DHW anomaly,8.75,0.5776623916208881,0.2500431525385944,0.12963736762843764,0.03759467846160061,0.3154913791580666,Bayesian beta + Bernoulli boundary,4.12,13.26,FALSE
mmp,dhw_novelty10,Thermal novelty relative to prior decade,Low (10th percentile),-3.96,DHW anomaly,9,0.4747942213610933,0.28629958401743083,0.11973266907597194,0.04124715982076453,0.2608160096008642,Bayesian beta + Bernoulli boundary,4.12,13.26,FALSE
mmp,dhw_novelty10,Thermal novelty relative to prior decade,Median (50th percentile),2.69,DHW anomaly,9,0.5371234509754976,0.24360223234914707,0.12193206476327957,0.044864797873275415,0.2568376450541888,Bayesian beta + Bernoulli boundary,4.12,13.26,FALSE
mmp,dhw_novelty10,Thermal novelty relative to prior decade,High (90th percentile),8.18,DHW anomaly,9,0.5858643851827398,0.2485201339383164,0.13150877125361313,0.03831543205715458,0.31748325950415246,Bayesian beta + Bernoulli boundary,4.12,13.26,FALSE
mmp,dhw_novelty10,Thermal novelty relative to prior decade,Low (10th percentile),-3.96,DHW anomaly,9.25,0.4832878909226163,0.28603234434951075,0.12205292415501913,0.04157170784062816,0.2700013023092682,Bayesian beta + Bernoulli boundary,4.12,13.26,FALSE
mmp,dhw_novelty10,Thermal novelty relative to prior decade,Median (50th percentile),2.69,DHW anomaly,9.25,0.5461152372595413,0.24289122455251347,0.12403959943953008,0.04552718650881808,0.2582855972152834,Bayesian beta + Bernoulli boundary,4.12,13.26,FALSE
mmp,dhw_novelty10,Thermal novelty relative to prior decade,High (90th percentile),8.18,DHW anomaly,9.25,0.5940875264272337,0.24726047520030406,0.13348365870857293,0.03880694816843711,0.3217460580266888,Bayesian beta + Bernoulli boundary,4.12,13.26,FALSE
mmp,dhw_novelty10,Thermal novelty relative to prior decade,Low (10th percentile),-3.96,DHW anomaly,9.5,0.4917604466994861,0.2859692627516332,0.12444709542712207,0.04169855146345525,0.27644808659730663,Bayesian beta + Bernoulli boundary,4.12,13.26,FALSE
mmp,dhw_novelty10,Thermal novelty relative to prior decade,Median (50th percentile),2.69,DHW anomaly,9.5,0.5550985333593547,0.24226591013998464,0.12614718275142936,0.04579558572066826,0.26271569273362294,Bayesian beta + Bernoulli boundary,4.12,13.26,FALSE
mmp,dhw_novelty10,Thermal novelty relative to prior decade,High (90th percentile),8.18,DHW anomaly,9.5,0.6023171233035414,0.24618848829080928,0.13551765196858287,0.0395478557135756,0.3238696270304177,Bayesian beta + Bernoulli boundary,4.12,13.26,FALSE
mmp,dhw_novelty10,Thermal novelty relative to prior decade,Low (10th percentile),-3.96,DHW anomaly,9.75,0.500196025811859,0.28601933260745577,0.1268700870062585,0.041346004740631305,0.28525905262912954,Bayesian beta + Bernoulli boundary,4.12,13.26,FALSE
mmp,dhw_novelty10,Thermal novelty relative to prior decade,Median (50th percentile),2.69,DHW anomaly,9.75,0.5640529093627763,0.2416352210952859,0.12820126028657058,0.04626508467041435,0.26837447081572524,Bayesian beta + Bernoulli boundary,4.12,13.26,FALSE
mmp,dhw_novelty10,Thermal novelty relative to prior decade,High (90th percentile),8.18,DHW anomaly,9.75,0.6105381800344429,0.24521995841296299,0.13755881262270847,0.03954410945082785,0.33037331247403995,Bayesian beta + Bernoulli boundary,4.12,13.26,FALSE
mmp,dhw_novelty10,Thermal novelty relative to prior decade,Low (10th percentile),-3.96,DHW anomaly,10,0.5085794715164341,0.2860856289413244,0.129270567017337,0.04147430286166686,0.2950605184326005,Bayesian beta + Bernoulli boundary,4.12,13.26,FALSE
mmp,dhw_novelty10,Thermal novelty relative to prior decade,Median (50th percentile),2.69,DHW anomaly,10,0.5729583602588489,0.24090204329439766,0.13014167897184267,0.04662426319549453,0.274473076728585,Bayesian beta + Bernoulli boundary,4.12,13.26,FALSE
mmp,dhw_novelty10,Thermal novelty relative to prior decade,High (90th percentile),8.18,DHW anomaly,10,0.6187355528414874,0.2442645225906492,0.13954875291978794,0.03961195261896132,0.3375369797561888,Bayesian beta + Bernoulli boundary,4.12,13.26,FALSE
mmp,dhw_novelty10,Thermal novelty relative to prior decade,Low (10th percentile),-3.96,DHW anomaly,10.25,0.5168964478612038,0.286069152003315,0.13159275919172952,0.0409492592081408,0.3084590665764145,Bayesian beta + Bernoulli boundary,4.12,13.26,FALSE
mmp,dhw_novelty10,Thermal novelty relative to prior decade,Median (50th percentile),2.69,DHW anomaly,10.25,0.5817955581166558,0.23996682620451537,0.13190361501185288,0.04660602447684054,0.2815335132572232,Bayesian beta + Bernoulli boundary,4.12,13.26,FALSE
mmp,dhw_novelty10,Thermal novelty relative to prior decade,High (90th percentile),8.18,DHW anomaly,10.25,0.6268941109060173,0.24322902627334805,0.14142451682291704,0.03989326091636113,0.34347062294182495,Bayesian beta + Bernoulli boundary,4.12,13.26,FALSE
mmp,dhw_novelty10,Thermal novelty relative to prior decade,Low (10th percentile),-3.96,DHW anomaly,10.5,0.525133532818297,0.28587322123713255,0.133778775353281,0.040313006269347494,0.3180761729469715,Bayesian beta + Bernoulli boundary,4.12,13.26,FALSE
mmp,dhw_novelty10,Thermal novelty relative to prior decade,Median (50th percentile),2.69,DHW anomaly,10.5,0.5905460760892441,0.2387321056420625,0.13342027395335418,0.04687101172406695,0.2835404628725982,Bayesian beta + Bernoulli boundary,4.12,13.26,FALSE
mmp,dhw_novelty10,Thermal novelty relative to prior decade,High (90th percentile),8.18,DHW anomaly,10.5,0.634998897765412,0.24202177824790339,0.14312123939805152,0.039699933569110335,0.3491716532258627,Bayesian beta + Bernoulli boundary,4.12,13.26,FALSE
mmp,dhw_novelty10,Thermal novelty relative to prior decade,Low (10th percentile),-3.96,DHW anomaly,10.75,0.5332782897888697,0.2854089942041137,0.135771831793951,0.0398898456017146,0.3279924773512904,Bayesian beta + Bernoulli boundary,4.12,13.26,FALSE
mmp,dhw_novelty10,Thermal novelty relative to prior decade,Median (50th percentile),2.69,DHW anomaly,10.75,0.599192578467614,0.23710866047093557,0.1346268518155934,0.047122895742258086,0.2866019394196104,Bayesian beta + Bernoulli boundary,4.12,13.26,FALSE
mmp,dhw_novelty10,Thermal novelty relative to prior decade,High (90th percentile),8.18,DHW anomaly,10.75,0.6430352883165685,0.24055831057744573,0.14457604067438312,0.0395660314019781,0.3543347044590682,Bayesian beta + Bernoulli boundary,4.12,13.26,FALSE
mmp,dhw_novelty10,Thermal novelty relative to prior decade,Low (10th percentile),-3.96,DHW anomaly,11,0.5413193179516765,0.284648606318371,0.13754670203378105,0.03904942435972223,0.33871446216855705,Bayesian beta + Bernoulli boundary,4.12,13.26,FALSE
mmp,dhw_novelty10,Thermal novelty relative to prior decade,Median (50th percentile),2.69,DHW anomaly,11,0.6077189735142455,0.23506976072953942,0.13549479402939538,0.04712254969802774,0.2893402067747273,Bayesian beta + Bernoulli boundary,4.12,13.26,FALSE
mmp,dhw_novelty10,Thermal novelty relative to prior decade,High (90th percentile),8.18,DHW anomaly,11,0.6509891368679934,0.23881121773691155,0.14576208997313123,0.0386766999347297,0.36039899384531926,Bayesian beta + Bernoulli boundary,4.12,13.26,FALSE
mmp,dhw_novelty10,Thermal novelty relative to prior decade,Low (10th percentile),-3.96,DHW anomaly,11.25,0.549246282517935,0.28365479745437644,0.1391294566912205,0.03821813059848659,0.3470724261392818,Bayesian beta + Bernoulli boundary,4.12,13.26,FALSE
mmp,dhw_novelty10,Thermal novelty relative to prior decade,Median (50th percentile),2.69,DHW anomaly,11.25,0.6161105281765511,0.23268260386041553,0.13605440277895617,0.04701463711479202,0.2912982754223768,Bayesian beta + Bernoulli boundary,4.12,13.26,FALSE
mmp,dhw_novelty10,Thermal novelty relative to prior decade,High (90th percentile),8.18,DHW anomaly,11.25,0.6588469122523886,0.23683892592641595,0.14671061430850346,0.038129164431776934,0.3637998239332916,Bayesian beta + Bernoulli boundary,4.12,13.26,FALSE
mmp,dhw_novelty10,Thermal novelty relative to prior decade,Low (10th percentile),-3.96,DHW anomaly,11.5,0.5570499265202831,0.28250383197852647,0.14055651554562237,0.03695723592987468,0.35204695576353073,Bayesian beta + Bernoulli boundary,4.12,13.26,FALSE
mmp,dhw_novelty10,Thermal novelty relative to prior decade,Median (50th percentile),2.69,DHW anomaly,11.5,0.6243539458181541,0.23003227242532523,0.13635019184290278,0.046633976725936964,0.2943073959360427,Bayesian beta + Bernoulli boundary,4.12,13.26,FALSE
mmp,dhw_novelty10,Thermal novelty relative to prior decade,High (90th percentile),8.18,DHW anomaly,11.5,0.6665958168282338,0.2347156475553527,0.14746579218231373,0.03749374992305856,0.3688903948379215,Bayesian beta + Bernoulli boundary,4.12,13.26,FALSE
mmp,dhw_novelty10,Thermal novelty relative to prior decade,Low (10th percentile),-3.96,DHW anomaly,11.75,0.5647220662271402,0.2812737216409732,0.14186828576344543,0.036154233973006815,0.35868679773617984,Bayesian beta + Bernoulli boundary,4.12,13.26,FALSE
mmp,dhw_novelty10,Thermal novelty relative to prior decade,Median (50th percentile),2.69,DHW anomaly,11.75,0.6324374096830716,0.22720964673327296,0.13643379866068547,0.04609374503529581,0.29459728539170416,Bayesian beta + Bernoulli boundary,4.12,13.26,FALSE
mmp,dhw_novelty10,Thermal novelty relative to prior decade,High (90th percentile),8.18,DHW anomaly,11.75,0.6742238871611602,0.23252003944866306,0.14807751310337197,0.03675077647445379,0.3736511867766053,Bayesian beta + Bernoulli boundary,4.12,13.26,FALSE
mmp,dhw_novelty10,Thermal novelty relative to prior decade,Low (10th percentile),-3.96,DHW anomaly,12,0.572255572563554,0.2800402788262585,0.14310687393911303,0.03506777248926548,0.3693679416704891,Bayesian beta + Bernoulli boundary,4.12,13.26,FALSE
mmp,dhw_novelty10,Thermal novelty relative to prior decade,Median (50th percentile),2.69,DHW anomaly,12,0.6403505958676258,0.22430677235013544,0.13636113787560816,0.04611334740246183,0.2946741961617592,Bayesian beta + Bernoulli boundary,4.12,13.26,FALSE
mmp,dhw_novelty10,Thermal novelty relative to prior decade,High (90th percentile),8.18,DHW anomaly,12,0.6817200751707732,0.23033080000697148,0.14859848817239482,0.0355177467975762,0.3798977880301094,Bayesian beta + Bernoulli boundary,4.12,13.26,FALSE
mmp,dhw_novelty10,Thermal novelty relative to prior decade,Low (10th percentile),-3.96,DHW anomaly,12.25,0.5796443410008303,0.27887382015332635,0.1443139728289108,0.0337163665981301,0.3779019486844127,Bayesian beta + Bernoulli boundary,4.12,13.26,FALSE
mmp,dhw_novelty10,Thermal novelty relative to prior decade,Median (50th percentile),2.69,DHW anomaly,12.25,0.6480846601256408,0.22141258481505682,0.136189526110057,0.045418589484676364,0.2953920912182346,Bayesian beta + Bernoulli boundary,4.12,13.26,FALSE
mmp,dhw_novelty10,Thermal novelty relative to prior decade,High (90th percentile),8.18,DHW anomaly,12.25,0.6890743094623198,0.22822275867990957,0.1490814707478137,0.03497160677715723,0.38399658329804687,Bayesian beta + Bernoulli boundary,4.12,13.26,FALSE
mmp,dhw_novelty10,Thermal novelty relative to prior decade,Low (10th percentile),-3.96,DHW anomaly,12.5,0.5868832522648465,0.27783656922300437,0.14552898677379375,0.03257993737314734,0.3865223669701615,Bayesian beta + Bernoulli boundary,4.12,13.26,FALSE
mmp,dhw_novelty10,Thermal novelty relative to prior decade,Median (50th percentile),2.69,DHW anomaly,12.5,0.6556322029413849,0.21860910250766658,0.13597488581998,0.044645331579702116,0.29849894822774947,Bayesian beta + Bernoulli boundary,4.12,13.26,FALSE
mmp,dhw_novelty10,Thermal novelty relative to prior decade,High (90th percentile),8.18,DHW anomaly,12.5,0.6962775373766341,0.2262635898204607,0.14957671341092468,0.0342926515482753,0.38656326684583453,Bayesian beta + Bernoulli boundary,4.12,13.26,FALSE
mmp,dhw_novelty10,Thermal novelty relative to prior decade,Low (10th percentile),-3.96,DHW anomaly,12.75,0.5939681259625167,0.276980826972941,0.14678747847475843,0.031650312748118664,0.3957226681782983,Bayesian beta + Bernoulli boundary,4.12,13.26,FALSE
mmp,dhw_novelty10,Thermal novelty relative to prior decade,Median (50th percentile),2.69,DHW anomaly,12.75,0.6629872170838407,0.21596825449944432,0.1357691826607322,0.04371788449189128,0.3028377665728752,Bayesian beta + Bernoulli boundary,4.12,13.26,FALSE
mmp,dhw_novelty10,Thermal novelty relative to prior decade,High (90th percentile),8.18,DHW anomaly,12.75,0.7033217489584408,0.22451129296060662,0.15012980518419253,0.033056208532440616,0.3925019880635037,Bayesian beta + Bernoulli boundary,4.12,13.26,FALSE
mmp,dhw_novelty10,Thermal novelty relative to prior decade,Low (10th percentile),-3.96,DHW anomaly,13,0.6008956689112159,0.2763479633123667,0.14812002175976283,0.030249947828201552,0.4089648407830468,Bayesian beta + Bernoulli boundary,4.12,13.26,FALSE
mmp,dhw_novelty10,Thermal novelty relative to prior decade,Median (50th percentile),2.69,DHW anomaly,13,0.6701450214389755,0.21354951775505115,0.13561826775132887,0.04237914285581504,0.3048542437347021,Bayesian beta + Bernoulli boundary,4.12,13.26,FALSE
mmp,dhw_novelty10,Thermal novelty relative to prior decade,High (90th percentile),8.18,DHW anomaly,13,0.7101999845498247,0.22301255197876377,0.1507800217350179,0.03132666682103709,0.4006164814768638,Bayesian beta + Bernoulli boundary,4.12,13.26,FALSE
mmp,dhw_novelty10,Thermal novelty relative to prior decade,Low (10th percentile),-3.96,DHW anomaly,13.25,0.6076634196451588,0.27596823683325605,0.1495515249960586,0.02900582638493855,0.41933726652867936,Bayesian beta + Bernoulli boundary,4.12,13.26,FALSE
mmp,dhw_novelty10,Thermal novelty relative to prior decade,Median (50th percentile),2.69,DHW anomaly,13.25,0.6771021844304607,0.21139849672381494,0.1355602777784589,0.04089488730257848,0.3075251068864606,Bayesian beta + Bernoulli boundary,4.12,13.26,FALSE
mmp,dhw_novelty10,Thermal novelty relative to prior decade,High (90th percentile),8.18,DHW anomaly,13.25,0.7169063280511269,0.22180202453328368,0.1515592837627948,0.02962561979734658,0.40813284803614147,Bayesian beta + Bernoulli boundary,4.12,13.26,FALSE
mmp,dhw_novelty10,Thermal novelty relative to prior decade,Low (10th percentile),-3.96,DHW anomaly,13.5,0.6142696903115206,0.2758562246806716,0.15109768904416337,0.02722222644760868,0.4357772142247491,Bayesian beta + Bernoulli boundary,4.12,13.26,TRUE
mmp,dhw_novelty10,Thermal novelty relative to prior decade,Median (50th percentile),2.69,DHW anomaly,13.5,0.6838564398781193,0.2095418758521284,0.13562142984350317,0.0394801592892483,0.3145895157026279,Bayesian beta + Bernoulli boundary,4.12,13.26,TRUE
mmp,dhw_novelty10,Thermal novelty relative to prior decade,High (90th percentile),8.18,DHW anomaly,13.5,0.7234358880430887,0.22089768466299467,0.15248808402305158,0.028383307706645416,0.41593935618783334,Bayesian beta + Bernoulli boundary,4.12,13.26,TRUE
mmp,dhw_novelty10,Thermal novelty relative to prior decade,Low (10th percentile),-3.96,DHW anomaly,13.75,0.6207135069755804,0.27599664772640864,0.15275493492924072,0.025869899851018757,0.44579763071784423,Bayesian beta + Bernoulli boundary,4.12,13.26,TRUE
mmp,dhw_novelty10,Thermal novelty relative to prior decade,Median (50th percentile),2.69,DHW anomaly,13.75,0.6904065977557632,0.20797553122168563,0.13580670983502205,0.038471427192034904,0.32281914590428923,Bayesian beta + Bernoulli boundary,4.12,13.26,TRUE
mmp,dhw_novelty10,Thermal novelty relative to prior decade,High (90th percentile),8.18,DHW anomaly,13.75,0.7297847689269898,0.22028771306666006,0.15356471052502874,0.027026152024706655,0.4257652440346068,Bayesian beta + Bernoulli boundary,4.12,13.26,TRUE
mmp,dhw_novelty10,Thermal novelty relative to prior decade,Low (10th percentile),-3.96,DHW anomaly,14,0.626994549223068,0.2763671881491372,0.15451440465916866,0.024385521044834945,0.45734253585828044,Bayesian beta + Bernoulli boundary,4.12,13.26,TRUE
mmp,dhw_novelty10,Thermal novelty relative to prior decade,Median (50th percentile),2.69,DHW anomaly,14,0.6967524520007248,0.20668738379263743,0.13611510502970098,0.03680556783836962,0.329787262548867,Bayesian beta + Bernoulli boundary,4.12,13.26,TRUE
mmp,dhw_novelty10,Thermal novelty relative to prior decade,High (90th percentile),8.18,DHW anomaly,14,0.7359500340308406,0.21995267123726223,0.15478118617463463,0.025739579977080165,0.44030219691099687,Bayesian beta + Bernoulli boundary,4.12,13.26,TRUE
mmp,dhw_novelty10,Thermal novelty relative to prior decade,Low (10th percentile),-3.96,DHW anomaly,14.25,0.6331130898601608,0.27694618841249413,0.15636688681409647,0.023076147695890527,0.4693118806523888,Bayesian beta + Bernoulli boundary,4.12,13.26,TRUE
mmp,dhw_novelty10,Thermal novelty relative to prior decade,Median (50th percentile),2.69,DHW anomaly,14.25,0.7028946872719436,0.20566462398480162,0.13654455433069826,0.035077923318238585,0.33768003835011484,Bayesian beta + Bernoulli boundary,4.12,13.26,TRUE
mmp,dhw_novelty10,Thermal novelty relative to prior decade,High (90th percentile),8.18,DHW anomaly,14.25,0.741929662296492,0.2198728814781937,0.15612873085649667,0.024243924732369047,0.45414779304083236,Bayesian beta + Bernoulli boundary,4.12,13.26,TRUE
mmp,dhw_novelty10,Thermal novelty relative to prior decade,Low (10th percentile),-3.96,DHW anomaly,14.5,0.6390699354445352,0.2777128603380743,0.15830300484701912,0.021500542655453123,0.4826391775953313,Bayesian beta + Bernoulli boundary,4.12,13.26,TRUE
mmp,dhw_novelty10,Thermal novelty relative to prior decade,Median (50th percentile),2.69,DHW anomaly,14.5,0.708834786318394,0.2048938519402742,0.13709202678868665,0.03335446518101109,0.347304351551946,Bayesian beta + Bernoulli boundary,4.12,13.26,TRUE
mmp,dhw_novelty10,Thermal novelty relative to prior decade,High (90th percentile),8.18,DHW anomaly,14.5,0.7477224997783836,0.2200286762040582,0.15759795056081755,0.022495659604062135,0.4650126668187298,Bayesian beta + Bernoulli boundary,4.12,13.26,TRUE
mmp,dhw_novelty10,Thermal novelty relative to prior decade,Low (10th percentile),-3.96,DHW anomaly,14.75,0.6448663683155597,0.27864744166035155,0.1603133863770899,0.02027140590301009,0.5012131789989238,Bayesian beta + Bernoulli boundary,4.12,13.26,TRUE
mmp,dhw_novelty10,Thermal novelty relative to prior decade,Median (50th percentile),2.69,DHW anomaly,14.75,0.7145749393790165,0.20436121528022022,0.13775361133980718,0.031574185359710565,0.3561702269080774,Bayesian beta + Bernoulli boundary,4.12,13.26,TRUE
mmp,dhw_novelty10,Thermal novelty relative to prior decade,High (90th percentile),8.18,DHW anomaly,14.75,0.7533282068335209,0.22040063139357527,0.1591790296434009,0.021249610118888908,0.48196965207312464,Bayesian beta + Bernoulli boundary,4.12,13.26,TRUE
mmp,dhw_novelty10,Thermal novelty relative to prior decade,Low (10th percentile),-3.96,DHW anomaly,15,0.6505040907165233,0.27973130276354474,0.16238880853112994,0.019189988270817047,0.5136285452809337,Bayesian beta + Bernoulli boundary,4.12,13.26,TRUE
mmp,dhw_novelty10,Thermal novelty relative to prior decade,Median (50th percentile),2.69,DHW anomaly,15,0.7201179567795484,0.20405254652288699,0.13852461772128352,0.03011993534896853,0.366474579611499,Bayesian beta + Bernoulli boundary,4.12,13.26,TRUE
mmp,dhw_novelty10,Thermal novelty relative to prior decade,High (90th percentile),8.18,DHW anomaly,15,0.7587472016360516,0.22096978048400037,0.16086192065076743,0.020026537579672713,0.49321027448639565,Bayesian beta + Bernoulli boundary,4.12,13.26,TRUE
mmp,dhw_novelty10,Thermal novelty relative to prior decade,Low (10th percentile),-3.96,DHW anomaly,15.25,0.6559851715127183,0.28094700904375763,0.1645203165550329,0.018101751091608078,0.533198450029437,Bayesian beta + Bernoulli boundary,4.12,13.26,TRUE
mmp,dhw_novelty10,Thermal novelty relative to prior decade,Median (50th percentile),2.69,DHW anomaly,15.25,0.7254671856273408,0.2039535012945496,0.13939968793452695,0.028574575813110747,0.377352818965767,Bayesian beta + Bernoulli boundary,4.12,13.26,TRUE
mmp,dhw_novelty10,Thermal novelty relative to prior decade,High (90th percentile),8.18,DHW anomaly,15.25,0.7639806005480522,0.22171780093876875,0.16263652331681477,0.01910047222976874,0.5046347956714463,Bayesian beta + Bernoulli boundary,4.12,13.26,TRUE
mmp,dhw_novelty10,Thermal novelty relative to prior decade,Low (10th percentile),-3.96,DHW anomaly,15.5,0.6613119959082856,0.2822783461476705,0.1666993152645873,0.017076343242009424,0.5486107932649612,Bayesian beta + Bernoulli boundary,4.12,13.26,TRUE
mmp,dhw_novelty10,Thermal novelty relative to prior decade,Median (50th percentile),2.69,DHW anomaly,15.5,0.7306264312489259,0.20404969705058765,0.14037291663048942,0.026910123846275988,0.3913595798325826,Bayesian beta + Bernoulli boundary,4.12,13.26,TRUE
mmp,dhw_novelty10,Thermal novelty relative to prior decade,High (90th percentile),8.18,DHW anomaly,15.5,0.7690301559182856,0.22262716488734002,0.164492843646995,0.017975232002099613,0.5200205949862153,Bayesian beta + Bernoulli boundary,4.12,13.26,TRUE
mmp,dhw_novelty10,Thermal novelty relative to prior decade,Low (10th percentile),-3.96,DHW anomaly,15.75,0.6664872184575843,0.28371031602814367,0.16891763503118737,0.015912489998487787,0.5626957948422505,Bayesian beta + Bernoulli boundary,4.12,13.26,TRUE
mmp,dhw_novelty10,Thermal novelty relative to prior decade,Median (50th percentile),2.69,DHW anomaly,15.75,0.7355998837851114,0.20432685024989855,0.1414379774229256,0.025394741847362002,0.40102194831175825,Bayesian beta + Bernoulli boundary,4.12,13.26,TRUE
mmp,dhw_novelty10,Thermal novelty relative to prior decade,High (90th percentile),8.18,DHW anomaly,15.75,0.7738981920219913,0.22368124810633944,0.16642112589839964,0.016953839020294716,0.5358117459020735,Bayesian beta + Bernoulli boundary,4.12,13.26,TRUE
mmp,dhw_novelty10,Thermal novelty relative to prior decade,Low (10th percentile),-3.96,DHW anomaly,16,0.6715137195604169,0.2852291115357755,0.1711675756166222,0.014883794912827179,0.5794493377053238,Bayesian beta + Bernoulli boundary,4.12,13.26,TRUE
mmp,dhw_novelty10,Thermal novelty relative to prior decade,Median (50th percentile),2.69,DHW anomaly,16,0.740392050168131,0.20477090832865313,0.14258825084125834,0.023899683673877195,0.4124621005462885,Bayesian beta + Bernoulli boundary,4.12,13.26,TRUE
mmp,dhw_novelty10,Thermal novelty relative to prior decade,High (90th percentile),8.18,DHW anomaly,16,0.7785875400340954,0.224864396962989,0.16841195414758417,0.01575272605077956,0.5497014425727663,Bayesian beta + Bernoulli boundary,4.12,13.26,TRUE
mmp,cloudp_90,Peak-season cloud fraction,Low (10th percentile),0.6265433,fraction,0,0.5005737328271477,0.1210722482040373,0.060605587225269875,,,BRT,4.12,13.26,TRUE
mmp,cloudp_90,Peak-season cloud fraction,Median (50th percentile),0.6970374,fraction,0,0.47535295742073475,0.12864311757271593,0.06115088639001381,,,BRT,4.12,13.26,TRUE
mmp,cloudp_90,Peak-season cloud fraction,High (90th percentile),0.8873663,fraction,0,0.5626591645711095,0.13572714693617433,0.07636812310472807,,,BRT,4.12,13.26,TRUE
mmp,cloudp_90,Peak-season cloud fraction,Low (10th percentile),0.6265433,fraction,0.25,0.5005737328271477,0.1210722482040373,0.060605587225269875,,,BRT,4.12,13.26,TRUE
mmp,cloudp_90,Peak-season cloud fraction,Median (50th percentile),0.6970374,fraction,0.25,0.47535295742073475,0.12864311757271593,0.06115088639001381,,,BRT,4.12,13.26,TRUE
mmp,cloudp_90,Peak-season cloud fraction,High (90th percentile),0.8873663,fraction,0.25,0.5626591645711095,0.13572714693617433,0.07636812310472807,,,BRT,4.12,13.26,TRUE
mmp,cloudp_90,Peak-season cloud fraction,Low (10th percentile),0.6265433,fraction,0.5,0.5005737328271477,0.1210722482040373,0.060605587225269875,,,BRT,4.12,13.26,TRUE
mmp,cloudp_90,Peak-season cloud fraction,Median (50th percentile),0.6970374,fraction,0.5,0.47535295742073475,0.12864311757271593,0.06115088639001381,,,BRT,4.12,13.26,TRUE
mmp,cloudp_90,Peak-season cloud fraction,High (90th percentile),0.8873663,fraction,0.5,0.5626591645711095,0.13572714693617433,0.07636812310472807,,,BRT,4.12,13.26,TRUE
mmp,cloudp_90,Peak-season cloud fraction,Low (10th percentile),0.6265433,fraction,0.75,0.5005737328271477,0.1210722482040373,0.060605587225269875,,,BRT,4.12,13.26,TRUE
mmp,cloudp_90,Peak-season cloud fraction,Median (50th percentile),0.6970374,fraction,0.75,0.47535295742073475,0.12864311757271593,0.06115088639001381,,,BRT,4.12,13.26,TRUE
mmp,cloudp_90,Peak-season cloud fraction,High (90th percentile),0.8873663,fraction,0.75,0.5626591645711095,0.13572714693617433,0.07636812310472807,,,BRT,4.12,13.26,TRUE
mmp,cloudp_90,Peak-season cloud fraction,Low (10th percentile),0.6265433,fraction,1,0.5005737328271477,0.1210722482040373,0.060605587225269875,,,BRT,4.12,13.26,TRUE
mmp,cloudp_90,Peak-season cloud fraction,Median (50th percentile),0.6970374,fraction,1,0.47535295742073475,0.12864311757271593,0.06115088639001381,,,BRT,4.12,13.26,TRUE
mmp,cloudp_90,Peak-season cloud fraction,High (90th percentile),0.8873663,fraction,1,0.5626591645711095,0.13572714693617433,0.07636812310472807,,,BRT,4.12,13.26,TRUE
mmp,cloudp_90,Peak-season cloud fraction,Low (10th percentile),0.6265433,fraction,1.25,0.5005737328271477,0.1210722482040373,0.060605587225269875,,,BRT,4.12,13.26,TRUE
mmp,cloudp_90,Peak-season cloud fraction,Median (50th percentile),0.6970374,fraction,1.25,0.47535295742073475,0.12864311757271593,0.06115088639001381,,,BRT,4.12,13.26,TRUE
mmp,cloudp_90,Peak-season cloud fraction,High (90th percentile),0.8873663,fraction,1.25,0.5626591645711095,0.13572714693617433,0.07636812310472807,,,BRT,4.12,13.26,TRUE
mmp,cloudp_90,Peak-season cloud fraction,Low (10th percentile),0.6265433,fraction,1.5,0.5005737328271477,0.1210722482040373,0.060605587225269875,,,BRT,4.12,13.26,TRUE
mmp,cloudp_90,Peak-season cloud fraction,Median (50th percentile),0.6970374,fraction,1.5,0.47535295742073475,0.12864311757271593,0.06115088639001381,,,BRT,4.12,13.26,TRUE
mmp,cloudp_90,Peak-season cloud fraction,High (90th percentile),0.8873663,fraction,1.5,0.5626591645711095,0.13572714693617433,0.07636812310472807,,,BRT,4.12,13.26,TRUE
mmp,cloudp_90,Peak-season cloud fraction,Low (10th percentile),0.6265433,fraction,1.75,0.5005737328271477,0.1210722482040373,0.060605587225269875,,,BRT,4.12,13.26,TRUE
mmp,cloudp_90,Peak-season cloud fraction,Median (50th percentile),0.6970374,fraction,1.75,0.47535295742073475,0.12864311757271593,0.06115088639001381,,,BRT,4.12,13.26,TRUE
mmp,cloudp_90,Peak-season cloud fraction,High (90th percentile),0.8873663,fraction,1.75,0.5626591645711095,0.13572714693617433,0.07636812310472807,,,BRT,4.12,13.26,TRUE
mmp,cloudp_90,Peak-season cloud fraction,Low (10th percentile),0.6265433,fraction,2,0.5005737328271477,0.1210722482040373,0.060605587225269875,,,BRT,4.12,13.26,TRUE
mmp,cloudp_90,Peak-season cloud fraction,Median (50th percentile),0.6970374,fraction,2,0.47535295742073475,0.12864311757271593,0.06115088639001381,,,BRT,4.12,13.26,TRUE
mmp,cloudp_90,Peak-season cloud fraction,High (90th percentile),0.8873663,fraction,2,0.5626591645711095,0.13572714693617433,0.07636812310472807,,,BRT,4.12,13.26,TRUE
mmp,cloudp_90,Peak-season cloud fraction,Low (10th percentile),0.6265433,fraction,2.25,0.5005737328271477,0.1210722482040373,0.060605587225269875,,,BRT,4.12,13.26,TRUE
mmp,cloudp_90,Peak-season cloud fraction,Median (50th percentile),0.6970374,fraction,2.25,0.47535295742073475,0.12864311757271593,0.06115088639001381,,,BRT,4.12,13.26,TRUE
mmp,cloudp_90,Peak-season cloud fraction,High (90th percentile),0.8873663,fraction,2.25,0.5626591645711095,0.13572714693617433,0.07636812310472807,,,BRT,4.12,13.26,TRUE
mmp,cloudp_90,Peak-season cloud fraction,Low (10th percentile),0.6265433,fraction,2.5,0.5005737328271477,0.1210722482040373,0.060605587225269875,,,BRT,4.12,13.26,TRUE
mmp,cloudp_90,Peak-season cloud fraction,Median (50th percentile),0.6970374,fraction,2.5,0.47535295742073475,0.12864311757271593,0.06115088639001381,,,BRT,4.12,13.26,TRUE
mmp,cloudp_90,Peak-season cloud fraction,High (90th percentile),0.8873663,fraction,2.5,0.5626591645711095,0.13572714693617433,0.07636812310472807,,,BRT,4.12,13.26,TRUE
mmp,cloudp_90,Peak-season cloud fraction,Low (10th percentile),0.6265433,fraction,2.75,0.5005737328271477,0.1210722482040373,0.060605587225269875,,,BRT,4.12,13.26,TRUE
mmp,cloudp_90,Peak-season cloud fraction,Median (50th percentile),0.6970374,fraction,2.75,0.47535295742073475,0.12864311757271593,0.06115088639001381,,,BRT,4.12,13.26,TRUE
mmp,cloudp_90,Peak-season cloud fraction,High (90th percentile),0.8873663,fraction,2.75,0.5626591645711095,0.13572714693617433,0.07636812310472807,,,BRT,4.12,13.26,TRUE
mmp,cloudp_90,Peak-season cloud fraction,Low (10th percentile),0.6265433,fraction,3,0.5005737328271477,0.1210722482040373,0.060605587225269875,,,BRT,4.12,13.26,TRUE
mmp,cloudp_90,Peak-season cloud fraction,Median (50th percentile),0.6970374,fraction,3,0.47535295742073475,0.12864311757271593,0.06115088639001381,,,BRT,4.12,13.26,TRUE
mmp,cloudp_90,Peak-season cloud fraction,High (90th percentile),0.8873663,fraction,3,0.5626591645711095,0.13572714693617433,0.07636812310472807,,,BRT,4.12,13.26,TRUE
mmp,cloudp_90,Peak-season cloud fraction,Low (10th percentile),0.6265433,fraction,3.25,0.5005737328271477,0.1210722482040373,0.060605587225269875,,,BRT,4.12,13.26,TRUE
mmp,cloudp_90,Peak-season cloud fraction,Median (50th percentile),0.6970374,fraction,3.25,0.47535295742073475,0.12864311757271593,0.06115088639001381,,,BRT,4.12,13.26,TRUE
mmp,cloudp_90,Peak-season cloud fraction,High (90th percentile),0.8873663,fraction,3.25,0.5626591645711095,0.13572714693617433,0.07636812310472807,,,BRT,4.12,13.26,TRUE
mmp,cloudp_90,Peak-season cloud fraction,Low (10th percentile),0.6265433,fraction,3.5,0.5005737328271477,0.1210722482040373,0.060605587225269875,,,BRT,4.12,13.26,TRUE
mmp,cloudp_90,Peak-season cloud fraction,Median (50th percentile),0.6970374,fraction,3.5,0.47535295742073475,0.12864311757271593,0.06115088639001381,,,BRT,4.12,13.26,TRUE
mmp,cloudp_90,Peak-season cloud fraction,High (90th percentile),0.8873663,fraction,3.5,0.5626591645711095,0.13572714693617433,0.07636812310472807,,,BRT,4.12,13.26,TRUE
mmp,cloudp_90,Peak-season cloud fraction,Low (10th percentile),0.6265433,fraction,3.75,0.5005737328271477,0.1210722482040373,0.060605587225269875,,,BRT,4.12,13.26,TRUE
mmp,cloudp_90,Peak-season cloud fraction,Median (50th percentile),0.6970374,fraction,3.75,0.47535295742073475,0.12864311757271593,0.06115088639001381,,,BRT,4.12,13.26,TRUE
mmp,cloudp_90,Peak-season cloud fraction,High (90th percentile),0.8873663,fraction,3.75,0.5626591645711095,0.13572714693617433,0.07636812310472807,,,BRT,4.12,13.26,TRUE
mmp,cloudp_90,Peak-season cloud fraction,Low (10th percentile),0.6265433,fraction,4,0.5005737328271477,0.1210722482040373,0.060605587225269875,,,BRT,4.12,13.26,TRUE
mmp,cloudp_90,Peak-season cloud fraction,Median (50th percentile),0.6970374,fraction,4,0.47535295742073475,0.12864311757271593,0.06115088639001381,,,BRT,4.12,13.26,TRUE
mmp,cloudp_90,Peak-season cloud fraction,High (90th percentile),0.8873663,fraction,4,0.5626591645711095,0.13572714693617433,0.07636812310472807,,,BRT,4.12,13.26,TRUE
mmp,cloudp_90,Peak-season cloud fraction,Low (10th percentile),0.6265433,fraction,4.25,0.5005737328271477,0.1210722482040373,0.060605587225269875,,,BRT,4.12,13.26,FALSE
mmp,cloudp_90,Peak-season cloud fraction,Median (50th percentile),0.6970374,fraction,4.25,0.47535295742073475,0.12864311757271593,0.06115088639001381,,,BRT,4.12,13.26,FALSE
mmp,cloudp_90,Peak-season cloud fraction,High (90th percentile),0.8873663,fraction,4.25,0.5626591645711095,0.13572714693617433,0.07636812310472807,,,BRT,4.12,13.26,FALSE
mmp,cloudp_90,Peak-season cloud fraction,Low (10th percentile),0.6265433,fraction,4.5,0.5005737328271477,0.1210722482040373,0.060605587225269875,,,BRT,4.12,13.26,FALSE
mmp,cloudp_90,Peak-season cloud fraction,Median (50th percentile),0.6970374,fraction,4.5,0.47535295742073475,0.12864311757271593,0.06115088639001381,,,BRT,4.12,13.26,FALSE
mmp,cloudp_90,Peak-season cloud fraction,High (90th percentile),0.8873663,fraction,4.5,0.5626591645711095,0.13572714693617433,0.07636812310472807,,,BRT,4.12,13.26,FALSE
mmp,cloudp_90,Peak-season cloud fraction,Low (10th percentile),0.6265433,fraction,4.75,0.5005737328271477,0.1210722482040373,0.060605587225269875,,,BRT,4.12,13.26,FALSE
mmp,cloudp_90,Peak-season cloud fraction,Median (50th percentile),0.6970374,fraction,4.75,0.47535295742073475,0.12864311757271593,0.06115088639001381,,,BRT,4.12,13.26,FALSE
mmp,cloudp_90,Peak-season cloud fraction,High (90th percentile),0.8873663,fraction,4.75,0.5626591645711095,0.13572714693617433,0.07636812310472807,,,BRT,4.12,13.26,FALSE
mmp,cloudp_90,Peak-season cloud fraction,Low (10th percentile),0.6265433,fraction,5,0.5005737328271477,0.1210722482040373,0.060605587225269875,,,BRT,4.12,13.26,FALSE
mmp,cloudp_90,Peak-season cloud fraction,Median (50th percentile),0.6970374,fraction,5,0.47535295742073475,0.12864311757271593,0.06115088639001381,,,BRT,4.12,13.26,FALSE
mmp,cloudp_90,Peak-season cloud fraction,High (90th percentile),0.8873663,fraction,5,0.5626591645711095,0.13572714693617433,0.07636812310472807,,,BRT,4.12,13.26,FALSE
mmp,cloudp_90,Peak-season cloud fraction,Low (10th percentile),0.6265433,fraction,5.25,0.5005737328271477,0.1210722482040373,0.060605587225269875,,,BRT,4.12,13.26,FALSE
mmp,cloudp_90,Peak-season cloud fraction,Median (50th percentile),0.6970374,fraction,5.25,0.47535295742073475,0.12864311757271593,0.06115088639001381,,,BRT,4.12,13.26,FALSE
mmp,cloudp_90,Peak-season cloud fraction,High (90th percentile),0.8873663,fraction,5.25,0.5626591645711095,0.13572714693617433,0.07636812310472807,,,BRT,4.12,13.26,FALSE
mmp,cloudp_90,Peak-season cloud fraction,Low (10th percentile),0.6265433,fraction,5.5,0.5005737328271477,0.1210722482040373,0.060605587225269875,,,BRT,4.12,13.26,FALSE
mmp,cloudp_90,Peak-season cloud fraction,Median (50th percentile),0.6970374,fraction,5.5,0.47535295742073475,0.12864311757271593,0.06115088639001381,,,BRT,4.12,13.26,FALSE
mmp,cloudp_90,Peak-season cloud fraction,High (90th percentile),0.8873663,fraction,5.5,0.5626591645711095,0.13572714693617433,0.07636812310472807,,,BRT,4.12,13.26,FALSE
mmp,cloudp_90,Peak-season cloud fraction,Low (10th percentile),0.6265433,fraction,5.75,0.5005737328271477,0.1210722482040373,0.060605587225269875,,,BRT,4.12,13.26,FALSE
mmp,cloudp_90,Peak-season cloud fraction,Median (50th percentile),0.6970374,fraction,5.75,0.47535295742073475,0.12864311757271593,0.06115088639001381,,,BRT,4.12,13.26,FALSE
mmp,cloudp_90,Peak-season cloud fraction,High (90th percentile),0.8873663,fraction,5.75,0.5626591645711095,0.13572714693617433,0.07636812310472807,,,BRT,4.12,13.26,FALSE
mmp,cloudp_90,Peak-season cloud fraction,Low (10th percentile),0.6265433,fraction,6,0.5005737328271477,0.1210722482040373,0.060605587225269875,,,BRT,4.12,13.26,FALSE
mmp,cloudp_90,Peak-season cloud fraction,Median (50th percentile),0.6970374,fraction,6,0.47535295742073475,0.12864311757271593,0.06115088639001381,,,BRT,4.12,13.26,FALSE
mmp,cloudp_90,Peak-season cloud fraction,High (90th percentile),0.8873663,fraction,6,0.5626591645711095,0.13572714693617433,0.07636812310472807,,,BRT,4.12,13.26,FALSE
mmp,cloudp_90,Peak-season cloud fraction,Low (10th percentile),0.6265433,fraction,6.25,0.5005737328271477,0.1210722482040373,0.060605587225269875,,,BRT,4.12,13.26,FALSE
mmp,cloudp_90,Peak-season cloud fraction,Median (50th percentile),0.6970374,fraction,6.25,0.47535295742073475,0.12864311757271593,0.06115088639001381,,,BRT,4.12,13.26,FALSE
mmp,cloudp_90,Peak-season cloud fraction,High (90th percentile),0.8873663,fraction,6.25,0.5626591645711095,0.13572714693617433,0.07636812310472807,,,BRT,4.12,13.26,FALSE
mmp,cloudp_90,Peak-season cloud fraction,Low (10th percentile),0.6265433,fraction,6.5,0.5005737328271477,0.1210722482040373,0.060605587225269875,,,BRT,4.12,13.26,FALSE
mmp,cloudp_90,Peak-season cloud fraction,Median (50th percentile),0.6970374,fraction,6.5,0.47535295742073475,0.12864311757271593,0.06115088639001381,,,BRT,4.12,13.26,FALSE
mmp,cloudp_90,Peak-season cloud fraction,High (90th percentile),0.8873663,fraction,6.5,0.5626591645711095,0.13572714693617433,0.07636812310472807,,,BRT,4.12,13.26,FALSE
mmp,cloudp_90,Peak-season cloud fraction,Low (10th percentile),0.6265433,fraction,6.75,0.5005737328271477,0.1210722482040373,0.060605587225269875,,,BRT,4.12,13.26,FALSE
mmp,cloudp_90,Peak-season cloud fraction,Median (50th percentile),0.6970374,fraction,6.75,0.47535295742073475,0.12864311757271593,0.06115088639001381,,,BRT,4.12,13.26,FALSE
mmp,cloudp_90,Peak-season cloud fraction,High (90th percentile),0.8873663,fraction,6.75,0.5626591645711095,0.13572714693617433,0.07636812310472807,,,BRT,4.12,13.26,FALSE
mmp,cloudp_90,Peak-season cloud fraction,Low (10th percentile),0.6265433,fraction,7,0.5039939184919299,0.1210722482040373,0.061019676792980274,,,BRT,4.12,13.26,FALSE
mmp,cloudp_90,Peak-season cloud fraction,Median (50th percentile),0.6970374,fraction,7,0.47876601448448447,0.12864311757271593,0.061589952691148156,,,BRT,4.12,13.26,FALSE
mmp,cloudp_90,Peak-season cloud fraction,High (90th percentile),0.8873663,fraction,7,0.5660227847566394,0.13572714693617433,0.07682465767588696,,,BRT,4.12,13.26,FALSE
mmp,cloudp_90,Peak-season cloud fraction,Low (10th percentile),0.6265433,fraction,7.25,0.5039939184919299,0.1210722482040373,0.061019676792980274,,,BRT,4.12,13.26,FALSE
mmp,cloudp_90,Peak-season cloud fraction,Median (50th percentile),0.6970374,fraction,7.25,0.47876601448448447,0.12864311757271593,0.061589952691148156,,,BRT,4.12,13.26,FALSE
mmp,cloudp_90,Peak-season cloud fraction,High (90th percentile),0.8873663,fraction,7.25,0.5660227847566394,0.13572714693617433,0.07682465767588696,,,BRT,4.12,13.26,FALSE
mmp,cloudp_90,Peak-season cloud fraction,Low (10th percentile),0.6265433,fraction,7.5,0.5039939184919299,0.1210722482040373,0.061019676792980274,,,BRT,4.12,13.26,FALSE
mmp,cloudp_90,Peak-season cloud fraction,Median (50th percentile),0.6970374,fraction,7.5,0.47876601448448447,0.12864311757271593,0.061589952691148156,,,BRT,4.12,13.26,FALSE
mmp,cloudp_90,Peak-season cloud fraction,High (90th percentile),0.8873663,fraction,7.5,0.5660227847566394,0.13572714693617433,0.07682465767588696,,,BRT,4.12,13.26,FALSE
mmp,cloudp_90,Peak-season cloud fraction,Low (10th percentile),0.6265433,fraction,7.75,0.5039939184919299,0.1210722482040373,0.061019676792980274,,,BRT,4.12,13.26,FALSE
mmp,cloudp_90,Peak-season cloud fraction,Median (50th percentile),0.6970374,fraction,7.75,0.47876601448448447,0.12864311757271593,0.061589952691148156,,,BRT,4.12,13.26,FALSE
mmp,cloudp_90,Peak-season cloud fraction,High (90th percentile),0.8873663,fraction,7.75,0.5660227847566394,0.13572714693617433,0.07682465767588696,,,BRT,4.12,13.26,FALSE
mmp,cloudp_90,Peak-season cloud fraction,Low (10th percentile),0.6265433,fraction,8,0.5039939184919299,0.1210722482040373,0.061019676792980274,,,BRT,4.12,13.26,FALSE
mmp,cloudp_90,Peak-season cloud fraction,Median (50th percentile),0.6970374,fraction,8,0.47876601448448447,0.12864311757271593,0.061589952691148156,,,BRT,4.12,13.26,FALSE
mmp,cloudp_90,Peak-season cloud fraction,High (90th percentile),0.8873663,fraction,8,0.5660227847566394,0.13572714693617433,0.07682465767588696,,,BRT,4.12,13.26,FALSE
mmp,cloudp_90,Peak-season cloud fraction,Low (10th percentile),0.6265433,fraction,8.25,0.5039939184919299,0.1210722482040373,0.061019676792980274,,,BRT,4.12,13.26,FALSE
mmp,cloudp_90,Peak-season cloud fraction,Median (50th percentile),0.6970374,fraction,8.25,0.47876601448448447,0.12864311757271593,0.061589952691148156,,,BRT,4.12,13.26,FALSE
mmp,cloudp_90,Peak-season cloud fraction,High (90th percentile),0.8873663,fraction,8.25,0.5660227847566394,0.13572714693617433,0.07682465767588696,,,BRT,4.12,13.26,FALSE
mmp,cloudp_90,Peak-season cloud fraction,Low (10th percentile),0.6265433,fraction,8.5,0.5039939184919299,0.1210722482040373,0.061019676792980274,,,BRT,4.12,13.26,FALSE
mmp,cloudp_90,Peak-season cloud fraction,Median (50th percentile),0.6970374,fraction,8.5,0.47876601448448447,0.12864311757271593,0.061589952691148156,,,BRT,4.12,13.26,FALSE
mmp,cloudp_90,Peak-season cloud fraction,High (90th percentile),0.8873663,fraction,8.5,0.5660227847566394,0.13572714693617433,0.07682465767588696,,,BRT,4.12,13.26,FALSE
mmp,cloudp_90,Peak-season cloud fraction,Low (10th percentile),0.6265433,fraction,8.75,0.5109850703962439,0.12208281393719964,0.0623824952738715,,,BRT,4.12,13.26,FALSE
mmp,cloudp_90,Peak-season cloud fraction,Median (50th percentile),0.6970374,fraction,8.75,0.4857499303310388,0.1296536833058783,0.06297926763299294,,,BRT,4.12,13.26,FALSE
mmp,cloudp_90,Peak-season cloud fraction,High (90th percentile),0.8873663,fraction,8.75,0.5728805806537384,0.13673771266933668,0.07833438023127363,,,BRT,4.12,13.26,FALSE
mmp,cloudp_90,Peak-season cloud fraction,Low (10th percentile),0.6265433,fraction,9,0.5860913806588196,0.12208281393719964,0.07155168497516712,,,BRT,4.12,13.26,FALSE
mmp,cloudp_90,Peak-season cloud fraction,Median (50th percentile),0.6970374,fraction,9,0.5647809782147459,0.1296536833058783,0.07322593408663881,,,BRT,4.12,13.26,FALSE
mmp,cloudp_90,Peak-season cloud fraction,High (90th percentile),0.8873663,fraction,9,0.6392994397935715,0.13673771266933668,0.08741634310816128,,,BRT,4.12,13.26,FALSE
mmp,cloudp_90,Peak-season cloud fraction,Low (10th percentile),0.6265433,fraction,9.25,0.730458541681727,0.12208281393719964,0.08917643423296846,,,BRT,4.12,13.26,FALSE
mmp,cloudp_90,Peak-season cloud fraction,Median (50th percentile),0.6970374,fraction,9.25,0.7066701589082869,0.1296536833058783,0.0916223889848097,,,BRT,4.12,13.26,FALSE
mmp,cloudp_90,Peak-season cloud fraction,High (90th percentile),0.8873663,fraction,9.25,0.7401420927760477,0.13673771266933668,0.10120533681649274,,,BRT,4.12,13.26,FALSE
mmp,cloudp_90,Peak-season cloud fraction,Low (10th percentile),0.6265433,fraction,9.5,0.730458541681727,0.12208281393719964,0.08917643423296846,,,BRT,4.12,13.26,FALSE
mmp,cloudp_90,Peak-season cloud fraction,Median (50th percentile),0.6970374,fraction,9.5,0.7092815567947673,0.1296536833058783,0.0919609663393691,,,BRT,4.12,13.26,FALSE
mmp,cloudp_90,Peak-season cloud fraction,High (90th percentile),0.8873663,fraction,9.5,0.742564058515311,0.13673771266933668,0.10153651087184311,,,BRT,4.12,13.26,FALSE
mmp,cloudp_90,Peak-season cloud fraction,Low (10th percentile),0.6265433,fraction,9.75,0.730458541681727,0.12208281393719964,0.08917643423296846,,,BRT,4.12,13.26,FALSE
mmp,cloudp_90,Peak-season cloud fraction,Median (50th percentile),0.6970374,fraction,9.75,0.7092815567947673,0.1296536833058783,0.0919609663393691,,,BRT,4.12,13.26,FALSE
mmp,cloudp_90,Peak-season cloud fraction,High (90th percentile),0.8873663,fraction,9.75,0.742564058515311,0.13673771266933668,0.10153651087184311,,,BRT,4.12,13.26,FALSE
mmp,cloudp_90,Peak-season cloud fraction,Low (10th percentile),0.6265433,fraction,10,0.730458541681727,0.12292520306169057,0.08979176456437266,,,BRT,4.12,13.26,FALSE
mmp,cloudp_90,Peak-season cloud fraction,Median (50th percentile),0.6970374,fraction,10,0.7092815567947673,0.13049607243036923,0.09255845740901501,,,BRT,4.12,13.26,FALSE
mmp,cloudp_90,Peak-season cloud fraction,High (90th percentile),0.8873663,fraction,10,0.742564058515311,0.13758010179382762,0.10216203875897427,,,BRT,4.12,13.26,FALSE
mmp,cloudp_90,Peak-season cloud fraction,Low (10th percentile),0.6265433,fraction,10.25,0.7616022855863401,0.12394761753195696,0.09439878880531995,,,BRT,4.12,13.26,FALSE
mmp,cloudp_90,Peak-season cloud fraction,Median (50th percentile),0.6970374,fraction,10.25,0.7420079504506227,0.1315184869006356,0.0975877629115077,,,BRT,4.12,13.26,FALSE
mmp,cloudp_90,Peak-season cloud fraction,High (90th percentile),0.8873663,fraction,10.25,0.7690604737333528,0.138602516264094,0.10659371681869888,,,BRT,4.12,13.26,FALSE
mmp,cloudp_90,Peak-season cloud fraction,Low (10th percentile),0.6265433,fraction,10.5,0.7616022855863401,0.12394761753195696,0.09439878880531995,,,BRT,4.12,13.26,FALSE
mmp,cloudp_90,Peak-season cloud fraction,Median (50th percentile),0.6970374,fraction,10.5,0.7420079504506227,0.1315184869006356,0.0975877629115077,,,BRT,4.12,13.26,FALSE
mmp,cloudp_90,Peak-season cloud fraction,High (90th percentile),0.8873663,fraction,10.5,0.7690604737333528,0.138602516264094,0.10659371681869888,,,BRT,4.12,13.26,FALSE
mmp,cloudp_90,Peak-season cloud fraction,Low (10th percentile),0.6265433,fraction,10.75,0.7616022855863401,0.12602886699579915,0.09598387315385751,,,BRT,4.12,13.26,FALSE
mmp,cloudp_90,Peak-season cloud fraction,Median (50th percentile),0.6970374,fraction,10.75,0.7420079504506227,0.1335997363644778,0.09913206656054971,,,BRT,4.12,13.26,FALSE
mmp,cloudp_90,Peak-season cloud fraction,High (90th percentile),0.8873663,fraction,10.75,0.7690604737333528,0.1406837657279362,0.10819432351731864,,,BRT,4.12,13.26,FALSE
mmp,cloudp_90,Peak-season cloud fraction,Low (10th percentile),0.6265433,fraction,11,0.7616022855863401,0.12602886699579915,0.09598387315385751,,,BRT,4.12,13.26,FALSE
mmp,cloudp_90,Peak-season cloud fraction,Median (50th percentile),0.6970374,fraction,11,0.7420079504506227,0.1335997363644778,0.09913206656054971,,,BRT,4.12,13.26,FALSE
mmp,cloudp_90,Peak-season cloud fraction,High (90th percentile),0.8873663,fraction,11,0.7690604737333528,0.1406837657279362,0.10819432351731864,,,BRT,4.12,13.26,FALSE
mmp,cloudp_90,Peak-season cloud fraction,Low (10th percentile),0.6265433,fraction,11.25,0.7616022855863401,0.12602886699579915,0.09598387315385751,,,BRT,4.12,13.26,FALSE
mmp,cloudp_90,Peak-season cloud fraction,Median (50th percentile),0.6970374,fraction,11.25,0.7420079504506227,0.1335997363644778,0.09913206656054971,,,BRT,4.12,13.26,FALSE
mmp,cloudp_90,Peak-season cloud fraction,High (90th percentile),0.8873663,fraction,11.25,0.7690604737333528,0.1406837657279362,0.10819432351731864,,,BRT,4.12,13.26,FALSE
mmp,cloudp_90,Peak-season cloud fraction,Low (10th percentile),0.6265433,fraction,11.5,0.7616022855863401,0.14068393698526024,0.10714520795325885,,,BRT,4.12,13.26,FALSE
mmp,cloudp_90,Peak-season cloud fraction,Median (50th percentile),0.6970374,fraction,11.5,0.7420079504506227,0.1482548063539389,0.11000624500714017,,,BRT,4.12,13.26,FALSE
mmp,cloudp_90,Peak-season cloud fraction,High (90th percentile),0.8873663,fraction,11.5,0.7690604737333528,0.1553388357173973,0.11946495858600903,,,BRT,4.12,13.26,FALSE
mmp,cloudp_90,Peak-season cloud fraction,Low (10th percentile),0.6265433,fraction,11.75,0.7616022855863401,0.14068393698526024,0.10714520795325885,,,BRT,4.12,13.26,FALSE
mmp,cloudp_90,Peak-season cloud fraction,Median (50th percentile),0.6970374,fraction,11.75,0.7420079504506227,0.1482548063539389,0.11000624500714017,,,BRT,4.12,13.26,FALSE
mmp,cloudp_90,Peak-season cloud fraction,High (90th percentile),0.8873663,fraction,11.75,0.7690604737333528,0.1553388357173973,0.11946495858600903,,,BRT,4.12,13.26,FALSE
mmp,cloudp_90,Peak-season cloud fraction,Low (10th percentile),0.6265433,fraction,12,0.7616022855863401,0.14068393698526024,0.10714520795325885,,,BRT,4.12,13.26,FALSE
mmp,cloudp_90,Peak-season cloud fraction,Median (50th percentile),0.6970374,fraction,12,0.7420079504506227,0.1482548063539389,0.11000624500714017,,,BRT,4.12,13.26,FALSE
mmp,cloudp_90,Peak-season cloud fraction,High (90th percentile),0.8873663,fraction,12,0.7690604737333528,0.1553388357173973,0.11946495858600903,,,BRT,4.12,13.26,FALSE
mmp,cloudp_90,Peak-season cloud fraction,Low (10th percentile),0.6265433,fraction,12.25,0.7616022855863401,0.14068393698526024,0.10714520795325885,,,BRT,4.12,13.26,FALSE
mmp,cloudp_90,Peak-season cloud fraction,Median (50th percentile),0.6970374,fraction,12.25,0.7420079504506227,0.1482548063539389,0.11000624500714017,,,BRT,4.12,13.26,FALSE
mmp,cloudp_90,Peak-season cloud fraction,High (90th percentile),0.8873663,fraction,12.25,0.7690604737333528,0.1553388357173973,0.11946495858600903,,,BRT,4.12,13.26,FALSE
mmp,cloudp_90,Peak-season cloud fraction,Low (10th percentile),0.6265433,fraction,12.5,0.7616022855863401,0.14068393698526024,0.10714520795325885,,,BRT,4.12,13.26,FALSE
mmp,cloudp_90,Peak-season cloud fraction,Median (50th percentile),0.6970374,fraction,12.5,0.7420079504506227,0.1482548063539389,0.11000624500714017,,,BRT,4.12,13.26,FALSE
mmp,cloudp_90,Peak-season cloud fraction,High (90th percentile),0.8873663,fraction,12.5,0.7690604737333528,0.1553388357173973,0.11946495858600903,,,BRT,4.12,13.26,FALSE
mmp,cloudp_90,Peak-season cloud fraction,Low (10th percentile),0.6265433,fraction,12.75,0.7616022855863401,0.14068393698526024,0.10714520795325885,,,BRT,4.12,13.26,FALSE
mmp,cloudp_90,Peak-season cloud fraction,Median (50th percentile),0.6970374,fraction,12.75,0.7420079504506227,0.1482548063539389,0.11000624500714017,,,BRT,4.12,13.26,FALSE
mmp,cloudp_90,Peak-season cloud fraction,High (90th percentile),0.8873663,fraction,12.75,0.7690604737333528,0.1553388357173973,0.11946495858600903,,,BRT,4.12,13.26,FALSE
mmp,cloudp_90,Peak-season cloud fraction,Low (10th percentile),0.6265433,fraction,13,0.7616022855863401,0.14068393698526024,0.10714520795325885,,,BRT,4.12,13.26,FALSE
mmp,cloudp_90,Peak-season cloud fraction,Median (50th percentile),0.6970374,fraction,13,0.7420079504506227,0.1482548063539389,0.11000624500714017,,,BRT,4.12,13.26,FALSE
mmp,cloudp_90,Peak-season cloud fraction,High (90th percentile),0.8873663,fraction,13,0.7690604737333528,0.1553388357173973,0.11946495858600903,,,BRT,4.12,13.26,FALSE
mmp,cloudp_90,Peak-season cloud fraction,Low (10th percentile),0.6265433,fraction,13.25,0.7616022855863401,0.14068393698526024,0.10714520795325885,,,BRT,4.12,13.26,FALSE
mmp,cloudp_90,Peak-season cloud fraction,Median (50th percentile),0.6970374,fraction,13.25,0.7420079504506227,0.1482548063539389,0.11000624500714017,,,BRT,4.12,13.26,FALSE
mmp,cloudp_90,Peak-season cloud fraction,High (90th percentile),0.8873663,fraction,13.25,0.7690604737333528,0.1553388357173973,0.11946495858600903,,,BRT,4.12,13.26,FALSE
mmp,cloudp_90,Peak-season cloud fraction,Low (10th percentile),0.6265433,fraction,13.5,0.7616022855863401,0.14068393698526024,0.10714520795325885,,,BRT,4.12,13.26,TRUE
mmp,cloudp_90,Peak-season cloud fraction,Median (50th percentile),0.6970374,fraction,13.5,0.7420079504506227,0.1482548063539389,0.11000624500714017,,,BRT,4.12,13.26,TRUE
mmp,cloudp_90,Peak-season cloud fraction,High (90th percentile),0.8873663,fraction,13.5,0.7690604737333528,0.1553388357173973,0.11946495858600903,,,BRT,4.12,13.26,TRUE
mmp,cloudp_90,Peak-season cloud fraction,Low (10th percentile),0.6265433,fraction,13.75,0.7616022855863401,0.14068393698526024,0.10714520795325885,,,BRT,4.12,13.26,TRUE
mmp,cloudp_90,Peak-season cloud fraction,Median (50th percentile),0.6970374,fraction,13.75,0.7420079504506227,0.1482548063539389,0.11000624500714017,,,BRT,4.12,13.26,TRUE
mmp,cloudp_90,Peak-season cloud fraction,High (90th percentile),0.8873663,fraction,13.75,0.7690604737333528,0.1553388357173973,0.11946495858600903,,,BRT,4.12,13.26,TRUE
mmp,cloudp_90,Peak-season cloud fraction,Low (10th percentile),0.6265433,fraction,14,0.7616022855863401,0.14068393698526024,0.10714520795325885,,,BRT,4.12,13.26,TRUE
mmp,cloudp_90,Peak-season cloud fraction,Median (50th percentile),0.6970374,fraction,14,0.7420079504506227,0.1482548063539389,0.11000624500714017,,,BRT,4.12,13.26,TRUE
mmp,cloudp_90,Peak-season cloud fraction,High (90th percentile),0.8873663,fraction,14,0.7690604737333528,0.1553388357173973,0.11946495858600903,,,BRT,4.12,13.26,TRUE
mmp,cloudp_90,Peak-season cloud fraction,Low (10th percentile),0.6265433,fraction,14.25,0.7616022855863401,0.14068393698526024,0.10714520795325885,,,BRT,4.12,13.26,TRUE
mmp,cloudp_90,Peak-season cloud fraction,Median (50th percentile),0.6970374,fraction,14.25,0.7420079504506227,0.1482548063539389,0.11000624500714017,,,BRT,4.12,13.26,TRUE
mmp,cloudp_90,Peak-season cloud fraction,High (90th percentile),0.8873663,fraction,14.25,0.7690604737333528,0.1553388357173973,0.11946495858600903,,,BRT,4.12,13.26,TRUE
mmp,cloudp_90,Peak-season cloud fraction,Low (10th percentile),0.6265433,fraction,14.5,0.7616022855863401,0.14068393698526024,0.10714520795325885,,,BRT,4.12,13.26,TRUE
mmp,cloudp_90,Peak-season cloud fraction,Median (50th percentile),0.6970374,fraction,14.5,0.7420079504506227,0.1482548063539389,0.11000624500714017,,,BRT,4.12,13.26,TRUE
mmp,cloudp_90,Peak-season cloud fraction,High (90th percentile),0.8873663,fraction,14.5,0.7690604737333528,0.1553388357173973,0.11946495858600903,,,BRT,4.12,13.26,TRUE
mmp,cloudp_90,Peak-season cloud fraction,Low (10th percentile),0.6265433,fraction,14.75,0.7616022855863401,0.14068393698526024,0.10714520795325885,,,BRT,4.12,13.26,TRUE
mmp,cloudp_90,Peak-season cloud fraction,Median (50th percentile),0.6970374,fraction,14.75,0.7420079504506227,0.1482548063539389,0.11000624500714017,,,BRT,4.12,13.26,TRUE
mmp,cloudp_90,Peak-season cloud fraction,High (90th percentile),0.8873663,fraction,14.75,0.7690604737333528,0.1553388357173973,0.11946495858600903,,,BRT,4.12,13.26,TRUE
mmp,cloudp_90,Peak-season cloud fraction,Low (10th percentile),0.6265433,fraction,15,0.7616022855863401,0.14068393698526024,0.10714520795325885,,,BRT,4.12,13.26,TRUE
mmp,cloudp_90,Peak-season cloud fraction,Median (50th percentile),0.6970374,fraction,15,0.7420079504506227,0.1482548063539389,0.11000624500714017,,,BRT,4.12,13.26,TRUE
mmp,cloudp_90,Peak-season cloud fraction,High (90th percentile),0.8873663,fraction,15,0.7690604737333528,0.1553388357173973,0.11946495858600903,,,BRT,4.12,13.26,TRUE
mmp,cloudp_90,Peak-season cloud fraction,Low (10th percentile),0.6265433,fraction,15.25,0.7616022855863401,0.14068393698526024,0.10714520795325885,,,BRT,4.12,13.26,TRUE
mmp,cloudp_90,Peak-season cloud fraction,Median (50th percentile),0.6970374,fraction,15.25,0.7420079504506227,0.1482548063539389,0.11000624500714017,,,BRT,4.12,13.26,TRUE
mmp,cloudp_90,Peak-season cloud fraction,High (90th percentile),0.8873663,fraction,15.25,0.7690604737333528,0.1553388357173973,0.11946495858600903,,,BRT,4.12,13.26,TRUE
mmp,cloudp_90,Peak-season cloud fraction,Low (10th percentile),0.6265433,fraction,15.5,0.7616022855863401,0.14068393698526024,0.10714520795325885,,,BRT,4.12,13.26,TRUE
mmp,cloudp_90,Peak-season cloud fraction,Median (50th percentile),0.6970374,fraction,15.5,0.7420079504506227,0.1482548063539389,0.11000624500714017,,,BRT,4.12,13.26,TRUE
mmp,cloudp_90,Peak-season cloud fraction,High (90th percentile),0.8873663,fraction,15.5,0.7690604737333528,0.1553388357173973,0.11946495858600903,,,BRT,4.12,13.26,TRUE
mmp,cloudp_90,Peak-season cloud fraction,Low (10th percentile),0.6265433,fraction,15.75,0.7616022855863401,0.14068393698526024,0.10714520795325885,,,BRT,4.12,13.26,TRUE
mmp,cloudp_90,Peak-season cloud fraction,Median (50th percentile),0.6970374,fraction,15.75,0.7420079504506227,0.1482548063539389,0.11000624500714017,,,BRT,4.12,13.26,TRUE
mmp,cloudp_90,Peak-season cloud fraction,High (90th percentile),0.8873663,fraction,15.75,0.7690604737333528,0.1553388357173973,0.11946495858600903,,,BRT,4.12,13.26,TRUE
mmp,cloudp_90,Peak-season cloud fraction,Low (10th percentile),0.6265433,fraction,16,0.7616022855863401,0.14068393698526024,0.10714520795325885,,,BRT,4.12,13.26,TRUE
mmp,cloudp_90,Peak-season cloud fraction,Median (50th percentile),0.6970374,fraction,16,0.7420079504506227,0.1482548063539389,0.11000624500714017,,,BRT,4.12,13.26,TRUE
mmp,cloudp_90,Peak-season cloud fraction,High (90th percentile),0.8873663,fraction,16,0.7690604737333528,0.1553388357173973,0.11946495858600903,,,BRT,4.12,13.26,TRUE
mmp,cloudp_90,Peak-season cloud fraction,Low (10th percentile),0.6265433,fraction,0,0.26706124995591585,0.46968602116835667,0.08871262755537174,0.024886518945715346,0.214857818974281,Bayesian beta + Bernoulli boundary,4.12,13.26,TRUE
mmp,cloudp_90,Peak-season cloud fraction,Median (50th percentile),0.6970374,fraction,0,0.30710378614068207,0.4621404733443048,0.10604171992421024,0.02986814487057845,0.2736227271609927,Bayesian beta + Bernoulli boundary,4.12,13.26,TRUE
mmp,cloudp_90,Peak-season cloud fraction,High (90th percentile),0.8873663,fraction,0,0.43892633637469336,0.5918900167030549,0.2354895758378103,0.039185938614763105,0.6867988749237699,Bayesian beta + Bernoulli boundary,4.12,13.26,TRUE
mmp,cloudp_90,Peak-season cloud fraction,Low (10th percentile),0.6265433,fraction,0.25,0.26985938848753943,0.4619718458916237,0.08863467663016576,0.025121404571749866,0.2116912336380072,Bayesian beta + Bernoulli boundary,4.12,13.26,TRUE
mmp,cloudp_90,Peak-season cloud fraction,Median (50th percentile),0.6970374,fraction,0.25,0.3105767085836311,0.45373059552496914,0.1057926619360029,0.0302142737222868,0.2696941138779458,Bayesian beta + Bernoulli boundary,4.12,13.26,TRUE
mmp,cloudp_90,Peak-season cloud fraction,High (90th percentile),0.8873663,fraction,0.25,0.4442382588894816,0.5818604781737488,0.23464498098154893,0.039635256320563056,0.680123698189603,Bayesian beta + Bernoulli boundary,4.12,13.26,TRUE
mmp,cloudp_90,Peak-season cloud fraction,Low (10th percentile),0.6265433,fraction,0.5,0.27277135583402246,0.4541996591054663,0.0885667557424304,0.025290574215441036,0.21021585964243641,Bayesian beta + Bernoulli boundary,4.12,13.26,TRUE
mmp,cloudp_90,Peak-season cloud fraction,Median (50th percentile),0.6970374,fraction,0.5,0.3141785063933894,0.44527197064766555,0.10555050600998173,0.030381902873476127,0.26726384382324464,Bayesian beta + Bernoulli boundary,4.12,13.26,TRUE
mmp,cloudp_90,Peak-season cloud fraction,High (90th percentile),0.8873663,fraction,0.5,0.44969042010562454,0.5715733290674502,0.23367677560138023,0.04035718250492772,0.6745514231107349,Bayesian beta + Bernoulli boundary,4.12,13.26,TRUE
mmp,cloudp_90,Peak-season cloud fraction,Low (10th percentile),0.6265433,fraction,0.75,0.2758019438577768,0.44637951854747715,0.088510035847205,0.02564069215232726,0.2070115667889668,Bayesian beta + Bernoulli boundary,4.12,13.26,TRUE
mmp,cloudp_90,Peak-season cloud fraction,Median (50th percentile),0.6970374,fraction,0.75,0.317914011970397,0.4367765823970707,0.10531647527794083,0.03062134909455486,0.2634690001427194,Bayesian beta + Bernoulli boundary,4.12,13.26,TRUE
mmp,cloudp_90,Peak-season cloud fraction,High (90th percentile),0.8873663,fraction,0.75,0.45528499843334574,0.5610320663883563,0.23257881711620357,0.04096847486442265,0.6677329869521846,Bayesian beta + Bernoulli boundary,4.12,13.26,TRUE
mmp,cloudp_90,Peak-season cloud fraction,Low (10th percentile),0.6265433,fraction,1,0.278956090457971,0.4385223722217925,0.08846579207276127,0.026070846637777385,0.20737248582867923,Bayesian beta + Bernoulli boundary,4.12,13.26,TRUE
mmp,cloudp_90,Peak-season cloud fraction,Median (50th percentile),0.6970374,fraction,1,0.3217881492963486,0.42825726210799164,0.10509188401454717,0.031053659937977967,0.25990136820606463,Bayesian beta + Bernoulli boundary,4.12,13.26,TRUE
mmp,cloudp_90,Peak-season cloud fraction,High (90th percentile),0.8873663,fraction,1,0.46102394083894865,0.5502419738570673,0.23134527707574024,0.04106514122418395,0.659463328769566,Bayesian beta + Bernoulli boundary,4.12,13.26,TRUE
mmp,cloudp_90,Peak-season cloud fraction,Low (10th percentile),0.6265433,fraction,1.25,0.28223887167314243,0.4306400570242329,0.08843540838796751,0.02642406884480685,0.20543481482388676,Bayesian beta + Bernoulli boundary,4.12,13.26,TRUE
mmp,cloudp_90,Peak-season cloud fraction,Median (50th percentile),0.6970374,fraction,1.25,0.3258059178462943,0.41972765497004844,0.10487813773928747,0.03139618169097301,0.2562999503194937,Bayesian beta + Bernoulli boundary,4.12,13.26,TRUE
mmp,cloudp_90,Peak-season cloud fraction,High (90th percentile),0.8873663,fraction,1.25,0.46690892491104447,0.5392103285976514,0.22997077071461983,0.04153551192930762,0.6509977867014279,Bayesian beta + Bernoulli boundary,4.12,13.26,TRUE
mmp,cloudp_90,Peak-season cloud fraction,Low (10th percentile),0.6265433,fraction,1.5,0.2856554909010632,0.4227452871408276,0.08842038200197433,0.02671257576921246,0.20492667203091514,Bayesian beta + Bernoulli boundary,4.12,13.26,TRUE
mmp,cloudp_90,Peak-season cloud fraction,Median (50th percentile),0.6970374,fraction,1.5,0.3299723728018293,0.4112021724803412,0.10467673229638787,0.03156741965838006,0.2514182957077445,Bayesian beta + Bernoulli boundary,4.12,13.26,TRUE
mmp,cloudp_90,Peak-season cloud fraction,High (90th percentile),0.8873663,fraction,1.5,0.47294131795046834,0.5279465995487682,0.22845049856002506,0.04226986395629103,0.639676808073519,Bayesian beta + Bernoulli boundary,4.12,13.26,TRUE
mmp,cloudp_90,Peak-season cloud fraction,Low (10th percentile),0.6265433,fraction,1.75,0.2892112647503455,0.4148516313059172,0.0884223275259297,0.02707123394330306,0.20334888091975947,Bayesian beta + Bernoulli boundary,4.12,13.26,TRUE
mmp,cloudp_90,Peak-season cloud fraction,Median (50th percentile),0.6970374,fraction,1.75,0.33429260106211,0.40269593057247943,0.10448925191936051,0.03187627888332475,0.2470662279667371,Bayesian beta + Bernoulli boundary,4.12,13.26,TRUE
mmp,cloudp_90,Peak-season cloud fraction,High (90th percentile),0.8873663,fraction,1.75,0.47912213298771655,0.5164626298766881,0.22678039792211002,0.04272992704809618,0.6252650510856383,Bayesian beta + Bernoulli boundary,4.12,13.26,TRUE
mmp,cloudp_90,Peak-season cloud fraction,Low (10th percentile),0.6265433,fraction,2,0.292911604997333,0.4069734780488863,0.08844298093000486,0.027252756560998227,0.2034608161297632,Bayesian beta + Bernoulli boundary,4.12,13.26,TRUE
mmp,cloudp_90,Peak-season cloud fraction,Median (50th percentile),0.6970374,fraction,2,0.33877169252666,0.39422467319738885,0.10431736633434914,0.0323079132291997,0.24353975658414806,Bayesian beta + Bernoulli boundary,4.12,13.26,TRUE
mmp,cloudp_90,Peak-season cloud fraction,High (90th percentile),0.8873663,fraction,2,0.4854519816305919,0.5047727951434853,0.22495730129017383,0.04348297687384078,0.617038858513938,Bayesian beta + Bernoulli boundary,4.12,13.26,TRUE
mmp,cloudp_90,Peak-season cloud fraction,Low (10th percentile),0.6265433,fraction,2.25,0.2967619960892679,0.3991259880857277,0.08848420332144724,0.027654847122076255,0.2036106027036656,Bayesian beta + Bernoulli boundary,4.12,13.26,TRUE
mmp,cloudp_90,Peak-season cloud fraction,Median (50th percentile),0.6970374,fraction,2.25,0.34341470611300395,0.3858046814850248,0.10416282698909089,0.03277472952915899,0.24026770214544355,Bayesian beta + Bernoulli boundary,4.12,13.26,TRUE
mmp,cloudp_90,Peak-season cloud fraction,High (90th percentile),0.8873663,fraction,2.25,0.491931023673203,0.4928941286089857,0.22297909770756613,0.04397011411474739,0.606988817241794,Bayesian beta + Bernoulli boundary,4.12,13.26,TRUE
mmp,cloudp_90,Peak-season cloud fraction,Low (10th percentile),0.6265433,fraction,2.5,0.3007679676149361,0.39132503305487115,0.08854798455211707,0.027886178220486488,0.2020637336373944,Bayesian beta + Bernoulli boundary,4.12,13.26,TRUE
mmp,cloudp_90,Peak-season cloud fraction,Median (50th percentile),0.6970374,fraction,2.5,0.34822662997672027,0.37745266895020696,0.10402746250621081,0.033062363160466755,0.2384384004132651,Bayesian beta + Bernoulli boundary,4.12,13.26,TRUE
mmp,cloudp_90,Peak-season cloud fraction,High (90th percentile),0.8873663,fraction,2.5,0.49855891347561027,0.48084640490380187,0.22084489216903003,0.04422526318987296,0.5961335754145837,Bayesian beta + Bernoulli boundary,4.12,13.26,TRUE
mmp,cloudp_90,Peak-season cloud fraction,Low (10th percentile),0.6265433,fraction,2.75,0.3049350611619228,0.3835871199008836,0.08863644664006869,0.028232623326256454,0.20023346884730725,Bayesian beta + Bernoulli boundary,4.12,13.26,TRUE
mmp,cloudp_90,Peak-season cloud fraction,Median (50th percentile),0.6970374,fraction,2.75,0.353212335425515,0.3691856634993707,0.10391317344988457,0.03342764531210445,0.2365880201794752,Bayesian beta + Bernoulli boundary,4.12,13.26,TRUE
mmp,cloudp_90,Peak-season cloud fraction,High (90th percentile),0.8873663,fraction,2.75,0.5053347432715816,0.46865217353406596,0.218555157110631,0.044973221405703104,0.5828049135593178,Bayesian beta + Bernoulli boundary,4.12,13.26,TRUE
mmp,cloudp_90,Peak-season cloud fraction,Low (10th percentile),0.6265433,fraction,3,0.30926879100045623,0.3759293004188167,0.08875184696285383,0.028471960639338857,0.19777250434098498,Bayesian beta + Bernoulli boundary,4.12,13.26,TRUE
mmp,cloudp_90,Peak-season cloud fraction,Median (50th percentile),0.6970374,fraction,3,0.35837652406682036,0.3610208772403839,0.10382192646800936,0.033895493987639365,0.23388011406497156,Bayesian beta + Bernoulli boundary,4.12,13.26,TRUE
mmp,cloudp_90,Peak-season cloud fraction,High (90th percentile),0.8873663,fraction,3,0.5122569837968215,0.456336734358877,0.21611186929817727,0.045714434319081586,0.5702808860596482,Bayesian beta + Bernoulli boundary,4.12,13.26,TRUE
mmp,cloudp_90,Peak-season cloud fraction,Low (10th percentile),0.6265433,fraction,3.25,0.3137745980825779,0.368369065814446,0.08889658115338633,0.028710818747803558,0.1971197077367801,Bayesian beta + Bernoulli boundary,4.12,13.26,TRUE
mmp,cloudp_90,Peak-season cloud fraction,Median (50th percentile),0.6970374,fraction,3.25,0.3637236678050062,0.35297556530913715,0.1037557478361109,0.034240511629014876,0.23204004197156983,Bayesian beta + Bernoulli boundary,4.12,13.26,TRUE
mmp,cloudp_90,Peak-season cloud fraction,High (90th percentile),0.8873663,fraction,3.25,0.5193234229598522,0.4439280482917286,0.21351862497174653,0.04591102134665162,0.5591213634774134,Bayesian beta + Bernoulli boundary,4.12,13.26,TRUE
mmp,cloudp_90,Peak-season cloud fraction,Low (10th percentile),0.6265433,fraction,3.5,0.3184577969262566,0.36092422661310236,0.08907318560384166,0.02897620678940338,0.1965942410756774,Bayesian beta + Bernoulli boundary,4.12,13.26,TRUE
mmp,cloudp_90,Peak-season cloud fraction,Median (50th percentile),0.6970374,fraction,3.5,0.3692579414146072,0.3450668751459374,0.10371671639384954,0.03450156894970068,0.22998041563524751,Bayesian beta + Bernoulli boundary,4.12,13.26,TRUE
mmp,cloudp_90,Peak-season cloud fraction,High (90th percentile),0.8873663,fraction,3.5,0.5265311036963836,0.43145657786240754,0.2107807259986183,0.046282469884822805,0.5466401985240645,Bayesian beta + Bernoulli boundary,4.12,13.26,TRUE
mmp,cloudp_90,Peak-season cloud fraction,Low (10th percentile),0.6265433,fraction,3.75,0.3233235150697762,0.3536127788342811,0.08928433945846684,0.02937630377039778,0.1954346553803899,Bayesian beta + Bernoulli boundary,4.12,13.26,TRUE
mmp,cloudp_90,Peak-season cloud fraction,Median (50th percentile),0.6970374,fraction,3.75,0.3749831475648522,0.3373116879448274,0.10370695583827336,0.03495358327806728,0.22825714540996578,Bayesian beta + Bernoulli boundary,4.12,13.26,TRUE
mmp,cloudp_90,Peak-season cloud fraction,High (90th percentile),0.8873663,fraction,3.75,0.5338762626294861,0.41895505374841774,0.20790523000115035,0.046757455661514284,0.5338909543883877,Bayesian beta + Bernoulli boundary,4.12,13.26,TRUE
mmp,cloudp_90,Peak-season cloud fraction,Low (10th percentile),0.6265433,fraction,4,0.32837662493286063,0.34645275798847164,0.08953286594959861,0.029954728978664687,0.19320132937993706,Bayesian beta + Bernoulli boundary,4.12,13.26,TRUE
mmp,cloudp_90,Peak-season cloud fraction,Median (50th percentile),0.6970374,fraction,4,0.38090263436213506,0.32972645442383974,0.10372862632419959,0.035557710111148694,0.22615471567651366,Bayesian beta + Bernoulli boundary,4.12,13.26,TRUE
mmp,cloudp_90,Peak-season cloud fraction,High (90th percentile),0.8873663,fraction,4,0.5413542716523443,0.40645816488396114,0.20490095796475358,0.04684615479836023,0.5231322997336076,Bayesian beta + Bernoulli boundary,4.12,13.26,TRUE
mmp,cloudp_90,Peak-season cloud fraction,Low (10th percentile),0.6265433,fraction,4.25,0.33362166810561683,0.33946245901955935,0.08982187943683316,0.030378439166764096,0.19176797269716345,Bayesian beta + Bernoulli boundary,4.12,13.26,FALSE
mmp,cloudp_90,Peak-season cloud fraction,Median (50th percentile),0.6970374,fraction,4.25,0.3870192057128631,0.32232749266324184,0.1037841174678139,0.036019287802893825,0.22478460418361287,Bayesian beta + Bernoulli boundary,4.12,13.26,FALSE
mmp,cloudp_90,Peak-season cloud fraction,High (90th percentile),0.8873663,fraction,4.25,0.5489595849851332,0.3940028171130844,0.201778826919741,0.04678443376723101,0.5118616884417719,Bayesian beta + Bernoulli boundary,4.12,13.26,FALSE
mmp,cloudp_90,Peak-season cloud fraction,Low (10th percentile),0.6265433,fraction,4.5,0.3390627723000628,0.33266753890682793,0.09015765869180668,0.030777580396880964,0.19310166200967524,Bayesian beta + Bernoulli boundary,4.12,13.26,FALSE
mmp,cloudp_90,Peak-season cloud fraction,Median (50th percentile),0.6970374,fraction,4.5,0.39333502508842144,0.31513973638228665,0.10387997352971233,0.03658538737134378,0.22570283723449067,Bayesian beta + Bernoulli boundary,4.12,13.26,FALSE
mmp,cloudp_90,Peak-season cloud fraction,High (90th percentile),0.8873663,fraction,4.5,0.5566856945461648,0.3816403291828721,0.19855917236099113,0.04708897063283548,0.5030336227498455,Bayesian beta + Bernoulli boundary,4.12,13.26,FALSE
mmp,cloudp_90,Peak-season cloud fraction,Low (10th percentile),0.6265433,fraction,4.75,0.344703561435665,0.3260993960154434,0.0905492526254642,0.03117596809879041,0.19225762155441464,Bayesian beta + Bernoulli boundary,4.12,13.26,FALSE
mmp,cloudp_90,Peak-season cloud fraction,Median (50th percentile),0.6970374,fraction,4.75,0.3998515135925697,0.30819448896452034,0.10402621882085598,0.03711298261101263,0.22291228730471208,Bayesian beta + Bernoulli boundary,4.12,13.26,FALSE
mmp,cloudp_90,Peak-season cloud fraction,High (90th percentile),0.8873663,fraction,4.75,0.5645250965385692,0.369433937552089,0.19527087357619638,0.04727638537506203,0.49114475314867845,Bayesian beta + Bernoulli boundary,4.12,13.26,FALSE
mmp,cloudp_90,Peak-season cloud fraction,Low (10th percentile),0.6265433,fraction,5,0.35054705958375765,0.31978729794661487,0.0910055490643115,0.031583472179146824,0.19225910070776514,Bayesian beta + Bernoulli boundary,4.12,13.26,FALSE
mmp,cloudp_90,Peak-season cloud fraction,Median (50th percentile),0.6970374,fraction,5,0.40656924358258933,0.30151965913240364,0.10423225270752136,0.03782940976081034,0.22356405381673694,Bayesian beta + Bernoulli boundary,4.12,13.26,FALSE
mmp,cloudp_90,Peak-season cloud fraction,High (90th percentile),0.8873663,fraction,5,0.5724692719375929,0.3574445960689401,0.19194343041586526,0.04750479308400986,0.47472887836991506,Bayesian beta + Bernoulli boundary,4.12,13.26,FALSE
mmp,cloudp_90,Peak-season cloud fraction,Low (10th percentile),0.6265433,fraction,5.25,0.35659558976202527,0.3137579195201979,0.09153515333249022,0.031909790780161366,0.19220610410037503,Bayesian beta + Bernoulli boundary,4.12,13.26,FALSE
mmp,cloudp_90,Peak-season cloud fraction,Median (50th percentile),0.6970374,fraction,5.25,0.41348782947171997,0.29513930452180404,0.10450667173753454,0.03849327442993869,0.2224213015850132,Bayesian beta + Bernoulli boundary,4.12,13.26,FALSE
mmp,cloudp_90,Peak-season cloud fraction,High (90th percentile),0.8873663,fraction,5.25,0.5805086830768231,0.3457290198548784,0.18860588758194657,0.04756618972149332,0.4614823203340526,Bayesian beta + Bernoulli boundary,4.12,13.26,FALSE
mmp,cloudp_90,Peak-season cloud fraction,Low (10th percentile),0.6265433,fraction,5.5,0.36285066885022127,0.30803535330972964,0.09214643900209878,0.032133619070716386,0.19306410308084498,Bayesian beta + Bernoulli boundary,4.12,13.26,FALSE
mmp,cloudp_90,Peak-season cloud fraction,Median (50th percentile),0.6970374,fraction,5.5,0.42060581773761957,0.2890737688988845,0.1048573314017433,0.03907448802950295,0.2209158080504195,Bayesian beta + Bernoulli boundary,4.12,13.26,FALSE
mmp,cloudp_90,Peak-season cloud fraction,High (90th percentile),0.8873663,fraction,5.5,0.5886327878483566,0.33433855278338875,0.18528617054804175,0.047424938743107665,0.45069312693146024,Bayesian beta + Bernoulli boundary,4.12,13.26,FALSE
mmp,cloudp_90,Peak-season cloud fraction,Low (10th percentile),0.6265433,fraction,5.75,0.3693129001993014,0.3026413000049394,0.09284766109051817,0.032600030112166785,0.19361210939098583,Bayesian beta + Bernoulli boundary,4.12,13.26,FALSE
mmp,cloudp_90,Peak-season cloud fraction,Median (50th percentile),0.6970374,fraction,5.75,0.42792057858167315,0.2833400356556961,0.10529149113910952,0.03935145482983557,0.22142250660627802,Bayesian beta + Bernoulli boundary,4.12,13.26,FALSE
mmp,cloudp_90,Peak-season cloud fraction,High (90th percentile),0.8873663,fraction,5.75,0.5968300722788894,0.32331844768634477,0.18201060830656113,0.04732710692649029,0.44047962112892886,Bayesian beta + Bernoulli boundary,4.12,13.26,FALSE
mmp,cloudp_90,Peak-season cloud fraction,Low (10th percentile),0.6265433,fraction,6,0.3759818658416623,0.29759544504233443,0.09364713887505106,0.03291852846433299,0.19394066629689152,Bayesian beta + Bernoulli boundary,4.12,13.26,FALSE
mmp,cloudp_90,Peak-season cloud fraction,Median (50th percentile),0.6970374,fraction,6,0.4354282021355983,0.2779522910707492,0.10581604727605526,0.03991168319111829,0.2214092932931664,Bayesian beta + Bernoulli boundary,4.12,13.26,FALSE
mmp,cloudp_90,Peak-season cloud fraction,High (90th percentile),0.8873663,fraction,6,0.6050881015600587,0.31270762609770164,0.17880369424960227,0.04756404514626713,0.4293290699176279,Bayesian beta + Bernoulli boundary,4.12,13.26,FALSE
mmp,cloudp_90,Peak-season cloud fraction,Low (10th percentile),0.6265433,fraction,6.25,0.38285602059627855,0.292916026206231,0.09455351637773267,0.03350089571332379,0.19531402904277523,Bayesian beta + Bernoulli boundary,4.12,13.26,FALSE
mmp,cloudp_90,Peak-season cloud fraction,Median (50th percentile),0.6970374,fraction,6.25,0.44312340260564953,0.27292268811852277,0.1064378589872922,0.040237225946352206,0.2214430761460916,Bayesian beta + Bernoulli boundary,4.12,13.26,FALSE
mmp,cloudp_90,Peak-season cloud fraction,High (90th percentile),0.8873663,fraction,6.25,0.6133935890974369,0.3025389412962035,0.17568811460593176,0.047435052778379734,0.4221265990726048,Bayesian beta + Bernoulli boundary,4.12,13.26,FALSE
mmp,cloudp_90,Peak-season cloud fraction,Low (10th percentile),0.6265433,fraction,6.5,0.3899325908105888,0.2886205971603598,0.09557611027105688,0.03413719919708402,0.19640951175100013,Bayesian beta + Bernoulli boundary,4.12,13.26,FALSE
mmp,cloudp_90,Peak-season cloud fraction,Median (50th percentile),0.6970374,fraction,6.5,0.45099943428218153,0.2682623023944574,0.10716417413877762,0.040756969555742054,0.22140106522935166,Bayesian beta + Bernoulli boundary,4.12,13.26,FALSE
mmp,cloudp_90,Peak-season cloud fraction,High (90th percentile),0.8873663,fraction,6.5,0.6217324828228182,0.2928399261430336,0.17268505228878722,0.047496082526158896,0.41104979467873337,Bayesian beta + Bernoulli boundary,4.12,13.26,FALSE
mmp,cloudp_90,Peak-season cloud fraction,Low (10th percentile),0.6265433,fraction,6.75,0.3972074809874866,0.28472699379840066,0.09672535740808286,0.03474218211266993,0.19891895230528106,Bayesian beta + Bernoulli boundary,4.12,13.26,FALSE
mmp,cloudp_90,Peak-season cloud fraction,Median (50th percentile),0.6970374,fraction,6.75,0.4590480238986695,0.2639822754761124,0.10800316488789272,0.0409643326769187,0.22205538003811662,Bayesian beta + Bernoulli boundary,4.12,13.26,FALSE
mmp,cloudp_90,Peak-season cloud fraction,High (90th percentile),0.8873663,fraction,6.75,0.6300900678345216,0.28363397410370306,0.16981475716030742,0.0478253293691524,0.40220083899455406,Bayesian beta + Bernoulli boundary,4.12,13.26,FALSE
mmp,cloudp_90,Peak-season cloud fraction,Low (10th percentile),0.6265433,fraction,7,0.40467519208172936,0.28125451330824386,0.0980133772183281,0.035328029224511934,0.20119133908664197,Bayesian beta + Bernoulli boundary,4.12,13.26,FALSE
mmp,cloudp_90,Peak-season cloud fraction,Median (50th percentile),0.6970374,fraction,7,0.4672593243318066,0.2600951468330675,0.10896458686199717,0.041207144096664865,0.22455162939459775,Bayesian beta + Bernoulli boundary,4.12,13.26,FALSE
mmp,cloudp_90,Peak-season cloud fraction,High (90th percentile),0.8873663,fraction,7,0.6384510842900377,0.27494188305351275,0.16709736397395894,0.047904259286689906,0.395384782619798,Bayesian beta + Bernoulli boundary,4.12,13.26,FALSE
mmp,cloudp_90,Peak-season cloud fraction,Low (10th percentile),0.6265433,fraction,7.25,0.41232875575369843,0.2782253190134557,0.09945466749113911,0.03560725140761985,0.2051268242375112,Bayesian beta + Bernoulli boundary,4.12,13.26,FALSE
mmp,cloudp_90,Peak-season cloud fraction,Median (50th percentile),0.6970374,fraction,7.25,0.47562189497375784,0.2566163819123211,0.11006058009740506,0.0415381468944297,0.22591043547736234,Bayesian beta + Bernoulli boundary,4.12,13.26,FALSE
mmp,cloudp_90,Peak-season cloud fraction,High (90th percentile),0.8873663,fraction,7.25,0.6467998592772505,0.2667836869918527,0.1645539361658617,0.04765420751553856,0.3858505785376265,Bayesian beta + Bernoulli boundary,4.12,13.26,FALSE
mmp,cloudp_90,Peak-season cloud fraction,Low (10th percentile),0.6265433,fraction,7.5,0.4201596892447572,0.2756660859040775,0.10106695492539365,0.036101740974273974,0.2089422954825081,Bayesian beta + Bernoulli boundary,4.12,13.26,FALSE
mmp,cloudp_90,Peak-season cloud fraction,Median (50th percentile),0.6970374,fraction,7.5,0.48412271411684005,0.2535661094385821,0.11130663385215946,0.04174710106370348,0.2284209271584998,Bayesian beta + Bernoulli boundary,4.12,13.26,FALSE
mmp,cloudp_90,Peak-season cloud fraction,High (90th percentile),0.8873663,fraction,7.5,0.6551204510786598,0.259180705902676,0.16220771427435635,0.047354057976407196,0.3770375072962912,Bayesian beta + Bernoulli boundary,4.12,13.26,FALSE
mmp,cloudp_90,Peak-season cloud fraction,Low (10th percentile),0.6265433,fraction,7.75,0.42815797566862385,0.2736042160678777,0.1028695679581641,0.037015160299531356,0.2129195585920954,Bayesian beta + Bernoulli boundary,4.12,13.26,FALSE
mmp,cloudp_90,Peak-season cloud fraction,Median (50th percentile),0.6970374,fraction,7.75,0.4927472281949449,0.25096474860127405,0.11271944077246303,0.04226701998190293,0.23228438433330945,Bayesian beta + Bernoulli boundary,4.12,13.26,FALSE
mmp,cloudp_90,Peak-season cloud fraction,High (90th percentile),0.8873663,fraction,7.75,0.6633968038122932,0.2521495290358127,0.16008001876487948,0.04730201375702856,0.37306731806960275,Bayesian beta + Bernoulli boundary,4.12,13.26,FALSE
mmp,cloudp_90,Peak-season cloud fraction,Low (10th percentile),0.6265433,fraction,8,0.4363120742736516,0.27203365478698976,0.10486725572895234,0.03756664717450777,0.21763542355487067,Bayesian beta + Bernoulli boundary,4.12,13.26,FALSE
mmp,cloudp_90,Peak-season cloud fraction,Median (50th percentile),0.6970374,fraction,8,0.5014794415859566,0.24879540812235848,0.11429701967245158,0.04283391744407778,0.23645957661849704,Bayesian beta + Bernoulli boundary,4.12,13.26,FALSE
mmp,cloudp_90,Peak-season cloud fraction,High (90th percentile),0.8873663,fraction,8,0.6716129099125379,0.2456553377178363,0.15815824662199274,0.04710935585894321,0.3695654577529681,Bayesian beta + Bernoulli boundary,4.12,13.26,FALSE
mmp,cloudp_90,Peak-season cloud fraction,Low (10th percentile),0.6265433,fraction,8.25,0.44460896452009147,0.2709293009314817,0.10705596051146887,0.03836877008194084,0.22303333991390223,Bayesian beta + Bernoulli boundary,4.12,13.26,FALSE
mmp,cloudp_90,Peak-season cloud fraction,Median (50th percentile),0.6970374,fraction,8.25,0.5103020488462643,0.2470215941906168,0.11602679339356493,0.04344223598530132,0.2416352566052051,Bayesian beta + Bernoulli boundary,4.12,13.26,FALSE
mmp,cloudp_90,Peak-season cloud fraction,High (90th percentile),0.8873663,fraction,8.25,0.6797529773437982,0.2396413523270231,0.15641413968690301,0.046421212107726435,0.36357357983278243,Bayesian beta + Bernoulli boundary,4.12,13.26,FALSE
mmp,cloudp_90,Peak-season cloud fraction,Low (10th percentile),0.6265433,fraction,8.5,0.45303422658393866,0.27025848749964826,0.10942767177810164,0.039119237543853186,0.2280668441328548,Bayesian beta + Bernoulli boundary,4.12,13.26,FALSE
mmp,cloudp_90,Peak-season cloud fraction,Median (50th percentile),0.6970374,fraction,8.5,0.5191966088045635,0.24560064704742815,0.11789206945672275,0.04388404013916105,0.24616710005854522,Bayesian beta + Bernoulli boundary,4.12,13.26,FALSE
mmp,cloudp_90,Peak-season cloud fraction,High (90th percentile),0.8873663,fraction,8.5,0.687801597858877,0.23404859574892664,0.15481664920534183,0.04582046887099407,0.359841244443178,Bayesian beta + Bernoulli boundary,4.12,13.26,FALSE
mmp,cloudp_90,Peak-season cloud fraction,Low (10th percentile),0.6265433,fraction,8.75,0.46157215917126615,0.2699784869146921,0.1119687902415924,0.039885507970847486,0.23487055621352035,Bayesian beta + Bernoulli boundary,4.12,13.26,FALSE
mmp,cloudp_90,Peak-season cloud fraction,Median (50th percentile),0.6970374,fraction,8.75,0.5281437571125547,0.2444813263458333,0.11987036300651303,0.04459743178253527,0.2503941142641331,Bayesian beta + Bernoulli boundary,4.12,13.26,FALSE
mmp,cloudp_90,Peak-season cloud fraction,High (90th percentile),0.8873663,fraction,8.75,0.6957439120695336,0.22881365600764608,0.15333024385877203,0.045477100623378515,0.35832109141997964,Bayesian beta + Bernoulli boundary,4.12,13.26,FALSE
mmp,cloudp_90,Peak-season cloud fraction,Low (10th percentile),0.6265433,fraction,9,0.47020593342158074,0.2700347729270061,0.11465873206444982,0.04071518353249541,0.24222425674200485,Bayesian beta + Bernoulli boundary,4.12,13.26,FALSE
mmp,cloudp_90,Peak-season cloud fraction,Median (50th percentile),0.6970374,fraction,9,0.5371234509754976,0.24360223234914707,0.12193206476327957,0.044864797873275415,0.2568376450541888,Bayesian beta + Bernoulli boundary,4.12,13.26,FALSE
mmp,cloudp_90,Peak-season cloud fraction,High (90th percentile),0.8873663,fraction,9,0.70356576666285775,0.2238673453059633,0.1519137676015897,0.04472694672676223,0.3536021856496326,Bayesian beta + Bernoulli boundary,4.12,13.26,FALSE
mmp,cloudp_90,Peak-season cloud fraction,Low (10th percentile),0.6265433,fraction,9.25,0.4789177794007207,0.27036024168175543,0.11746892323734463,0.0414001035334065,0.251317908860739,Bayesian beta + Bernoulli boundary,4.12,13.26,FALSE
mmp,cloudp_90,Peak-season cloud fraction,Median (50th percentile),0.6970374,fraction,9.25,0.5461152372595413,0.24289122455251347,0.12403959943953008,0.04552718650881808,0.2582855972152834,Bayesian beta + Bernoulli boundary,4.12,13.26,FALSE
mmp,cloudp_90,Peak-season cloud fraction,High (90th percentile),0.8873663,fraction,9.25,0.7112538588834583,0.2191344144357738,0.15052000956536454,0.04382457327132937,0.35281042480745317,Bayesian beta + Bernoulli boundary,4.12,13.26,FALSE
mmp,cloudp_90,Peak-season cloud fraction,Low (10th percentile),0.6265433,fraction,9.5,0.4876891994996883,0.27087550832329355,0.12036230751231349,0.04208291455869118,0.2577023964762768,Bayesian beta + Bernoulli boundary,4.12,13.26,FALSE
mmp,cloudp_90,Peak-season cloud fraction,Median (50th percentile),0.6970374,fraction,9.5,0.5550985333593547,0.24226591013998464,0.12614718275142936,0.04579558572066826,0.26271569273362294,Bayesian beta + Bernoulli boundary,4.12,13.26,FALSE
mmp,cloudp_90,Peak-season cloud fraction,High (90th percentile),0.8873663,fraction,9.5,0.7187958635353053,0.21453434389997147,0.14909605817124286,0.042403947745040305,0.3556471192540275,Bayesian beta + Bernoulli boundary,4.12,13.26,FALSE
mmp,cloudp_90,Peak-season cloud fraction,Low (10th percentile),0.6265433,fraction,9.75,0.4965012012474439,0.2714903304853179,0.12329346821858811,0.04266306190185556,0.2635628489564761,Bayesian beta + Bernoulli boundary,4.12,13.26,FALSE
mmp,cloudp_90,Peak-season cloud fraction,Median (50th percentile),0.6970374,fraction,9.75,0.5640529093627763,0.2416352210952859,0.12820126028657058,0.04626508467041435,0.26837447081572524,Bayesian beta + Bernoulli boundary,4.12,13.26,FALSE
mmp,cloudp_90,Peak-season cloud fraction,High (90th percentile),0.8873663,fraction,9.75,0.7261805383393628,0.20998317451076595,0.1475844686932789,0.04129740438089878,0.3557460588139117,Bayesian beta + Bernoulli boundary,4.12,13.26,FALSE
mmp,cloudp_90,Peak-season cloud fraction,Low (10th percentile),0.6265433,fraction,10,0.5053345408536736,0.27210613336313955,0.12620942773354785,0.04327272440482546,0.271879266658822,Bayesian beta + Bernoulli boundary,4.12,13.26,FALSE
mmp,cloudp_90,Peak-season cloud fraction,Median (50th percentile),0.6970374,fraction,10,0.5729583602588489,0.24090204329439766,0.13014167897184267,0.04662426319549453,0.274473076728585,Bayesian beta + Bernoulli boundary,4.12,13.26,FALSE
mmp,cloudp_90,Peak-season cloud fraction,High (90th percentile),0.8873663,fraction,10,0.7333978045368444,0.20539629525496345,0.14592523572252677,0.040035340221252776,0.3554140756864384,Bayesian beta + Bernoulli boundary,4.12,13.26,FALSE
mmp,cloudp_90,Peak-season cloud fraction,Low (10th percentile),0.6265433,fraction,10.25,0.514169968369956,0.2726195472576169,0.12905115031297945,0.04392454575693036,0.2794869457592512,Bayesian beta + Bernoulli boundary,4.12,13.26,FALSE
mmp,cloudp_90,Peak-season cloud fraction,Median (50th percentile),0.6970374,fraction,10.25,0.5817955581166558,0.23996682620451537,0.13190361501185288,0.04660602447684054,0.2815335132572232,Bayesian beta + Bernoulli boundary,4.12,13.26,FALSE
mmp,cloudp_90,Peak-season cloud fraction,High (90th percentile),0.8873663,fraction,10.25,0.7404388010657095,0.20069208232841468,0.14405853608079008,0.03892349171301365,0.350879193435283,Bayesian beta + Bernoulli boundary,4.12,13.26,FALSE
mmp,cloudp_90,Peak-season cloud fraction,Low (10th percentile),0.6265433,fraction,10.5,0.522988465719748,0.2729268414695075,0.1317557490713386,0.04433189397553977,0.28633127899172794,Bayesian beta + Bernoulli boundary,4.12,13.26,FALSE
mmp,cloudp_90,Peak-season cloud fraction,Median (50th percentile),0.6970374,fraction,10.5,0.5905460760892441,0.2387321056420625,0.13342027395335418,0.04687101172406695,0.2835404628725982,Bayesian beta + Bernoulli boundary,4.12,13.26,FALSE
mmp,cloudp_90,Peak-season cloud fraction,High (90th percentile),0.8873663,fraction,10.5,0.7472959122692718,0.19579628216415523,0.14192819644759214,0.03746709616037095,0.35234295076190825,Bayesian beta + Bernoulli boundary,4.12,13.26,FALSE
mmp,cloudp_90,Peak-season cloud fraction,Low (10th percentile),0.6265433,fraction,10.75,0.5317714699001802,0.27292989143762947,0.13425980510576285,0.04467354830926765,0.2924634983879203,Bayesian beta + Bernoulli boundary,4.12,13.26,FALSE
mmp,cloudp_90,Peak-season cloud fraction,Median (50th percentile),0.6970374,fraction,10.75,0.599192578467614,0.23710866047093557,0.1346268518155934,0.047122895742258086,0.2866019394196104,Bayesian beta + Bernoulli boundary,4.12,13.26,FALSE
mmp,cloudp_90,Peak-season cloud fraction,High (90th percentile),0.8873663,fraction,10.75,0.7539627706733233,0.19064776696103775,0.1394863846671652,0.035778205346664864,0.350077479437795,Bayesian beta + Bernoulli boundary,4.12,13.26,FALSE
mmp,cloudp_90,Peak-season cloud fraction,Low (10th percentile),0.6265433,fraction,11,0.5405010752051979,0.2725896375340741,0.13652994902971052,0.04476023491702318,0.29783703383122256,Bayesian beta + Bernoulli boundary,4.12,13.26,FALSE
mmp,cloudp_90,Peak-season cloud fraction,Median (50th percentile),0.6970374,fraction,11,0.6077189735142455,0.23506976072953942,0.13549479402939538,0.04712254969802774,0.2893402067747273,Bayesian beta + Bernoulli boundary,4.12,13.26,FALSE
mmp,cloudp_90,Peak-season cloud fraction,High (90th percentile),0.8873663,fraction,11,0.7604342376556182,0.18524973003491882,0.1367331756699937,0.0344391580823566,0.3493564106068541,Bayesian beta + Bernoulli boundary,4.12,13.26,FALSE
mmp,cloudp_90,Peak-season cloud fraction,Low (10th percentile),0.6265433,fraction,11.25,0.5491602101112716,0.27195886880294434,0.13858438284725302,0.04501714270291367,0.30306926735283296,Bayesian beta + Bernoulli boundary,4.12,13.26,FALSE
mmp,cloudp_90,Peak-season cloud fraction,Median (50th percentile),0.6970374,fraction,11.25,0.6161105281765511,0.23268260386041553,0.13605440277895617,0.04701463711479202,0.2912982754223768,Bayesian beta + Bernoulli boundary,4.12,13.26,FALSE
mmp,cloudp_90,Peak-season cloud fraction,High (90th percentile),0.8873663,fraction,11.25,0.7667063656648022,0.1796935544782907,0.13373703354249683,0.032563713992538365,0.34555491953008327,Bayesian beta + Bernoulli boundary,4.12,13.26,FALSE
mmp,cloudp_90,Peak-season cloud fraction,Low (10th percentile),0.6265433,fraction,11.5,0.5577327862548351,0.2711087755040447,0.1404540636101821,0.045543335488518175,0.3067160090005128,Bayesian beta + Bernoulli boundary,4.12,13.26,FALSE
mmp,cloudp_90,Peak-season cloud fraction,Median (50th percentile),0.6970374,fraction,11.5,0.6243539458181541,0.23003227242532523,0.13635019184290278,0.046633976725936964,0.2943073959360427,Bayesian beta + Bernoulli boundary,4.12,13.26,FALSE
mmp,cloudp_90,Peak-season cloud fraction,High (90th percentile),0.8873663,fraction,11.5,0.7727763459667675,0.17408062799328392,0.13057692369720122,0.030826100197027584,0.3400682003987404,Bayesian beta + Bernoulli boundary,4.12,13.26,FALSE
mmp,cloudp_90,Peak-season cloud fraction,Low (10th percentile),0.6265433,fraction,11.75,0.5662038185128535,0.27011730772545706,0.14217668427348013,0.04560460227073391,0.3126391249802523,Bayesian beta + Bernoulli boundary,4.12,13.26,FALSE
mmp,cloudp_90,Peak-season cloud fraction,Median (50th percentile),0.6970374,fraction,11.75,0.6324374096830716,0.22720964673327296,0.13643379866068547,0.04609374503529581,0.29459728539170416,Bayesian beta + Bernoulli boundary,4.12,13.26,FALSE
mmp,cloudp_90,Peak-season cloud fraction,High (90th percentile),0.8873663,fraction,11.75,0.7786424457525294,0.1685098616955045,0.12733269147922047,0.028931345831018702,0.3383103814501255,Bayesian beta + Bernoulli boundary,4.12,13.26,FALSE
mmp,cloudp_90,Peak-season cloud fraction,Low (10th percentile),0.6265433,fraction,12,0.5745595164515543,0.26906485093930155,0.14379441758982375,0.04559494271648734,0.31859028229354125,Bayesian beta + Bernoulli boundary,4.12,13.26,FALSE
mmp,cloudp_90,Peak-season cloud fraction,Median (50th percentile),0.6970374,fraction,12,0.6403505958676258,0.22430677235013544,0.13636113787560816,0.04611334740246183,0.2946741961617592,Bayesian beta + Bernoulli boundary,4.12,13.26,FALSE
mmp,cloudp_90,Peak-season cloud fraction,High (90th percentile),0.8873663,fraction,12,0.7843039379585229,0.1630729398686979,0.12408103944751799,0.027178103224883395,0.3316269885187475,Bayesian beta + Bernoulli boundary,4.12,13.26,FALSE
mmp,cloudp_90,Peak-season cloud fraction,Low (10th percentile),0.6265433,fraction,12.25,0.5827873482998244,0.2680302642757001,0.14535162539427957,0.045758823630630656,0.3263326613501392,Bayesian beta + Bernoulli boundary,4.12,13.26,FALSE
mmp,cloudp_90,Peak-season cloud fraction,Median (50th percentile),0.6970374,fraction,12.25,0.6480846601256408,0.22141258481505682,0.136189526110057,0.045418589484676364,0.2953920912182346,Bayesian beta + Bernoulli boundary,4.12,13.26,FALSE
mmp,cloudp_90,Peak-season cloud fraction,High (90th percentile),0.8873663,fraction,12.25,0.7897610264899676,0.15785042805949803,0.12089201632175502,0.02535121062653556,0.3274360201746253,Bayesian beta + Bernoulli boundary,4.12,13.26,FALSE
mmp,cloudp_90,Peak-season cloud fraction,Low (10th percentile),0.6265433,fraction,12.5,0.5908760791767184,0.26708734951152996,0.14689259953689124,0.045017889621834985,0.3310711290767145,Bayesian beta + Bernoulli boundary,4.12,13.26,FALSE
mmp,cloudp_90,Peak-season cloud fraction,Median (50th percentile),0.6970374,fraction,12.5,0.6556322029413849,0.21860910250766658,0.13597488581998,0.044645331579702116,0.29849894822774947,Bayesian beta + Bernoulli boundary,4.12,13.26,FALSE
mmp,cloudp_90,Peak-season cloud fraction,High (90th percentile),0.8873663,fraction,12.5,0.7950147688583763,0.15290893346532125,0.11782623347888052,0.0235716364646283,0.32643017516266487,Bayesian beta + Bernoulli boundary,4.12,13.26,FALSE
mmp,cloudp_90,Peak-season cloud fraction,Low (10th percentile),0.6265433,fraction,12.75,0.5988157856480886,0.2663018757477374,0.1484594418658343,0.04431954887225369,0.338372491651832,Bayesian beta + Bernoulli boundary,4.12,13.26,FALSE
mmp,cloudp_90,Peak-season cloud fraction,Median (50th percentile),0.6970374,fraction,12.75,0.6629872170838407,0.21596825449944432,0.1357691826607322,0.04371788449189128,0.3028377665728752,Bayesian beta + Bernoulli boundary,4.12,13.26,FALSE
mmp,cloudp_90,Peak-season cloud fraction,High (90th percentile),0.8873663,fraction,12.75,0.800066997666673,0.14829944569505088,0.11493297432144105,0.021796389092402384,0.32696633783732065,Bayesian beta + Bernoulli boundary,4.12,13.26,FALSE
mmp,cloudp_90,Peak-season cloud fraction,Low (10th percentile),0.6265433,fraction,13,0.6065978489071966,0.2657293122559099,0.150090219267249,0.043584155614795866,0.34849566611473926,Bayesian beta + Bernoulli boundary,4.12,13.26,FALSE
mmp,cloudp_90,Peak-season cloud fraction,Median (50th percentile),0.6970374,fraction,13,0.6701450214389755,0.21354951775505115,0.13561826775132887,0.04237914285581504,0.3048542437347021,Bayesian beta + Bernoulli boundary,4.12,13.26,FALSE
mmp,cloudp_90,Peak-season cloud fraction,High (90th percentile),0.8873663,fraction,13,0.804920241966645,0.14405687182533541,0.1122492659822312,0.019986101853336116,0.3298980526417302,Bayesian beta + Bernoulli boundary,4.12,13.26,FALSE
mmp,cloudp_90,Peak-season cloud fraction,Low (10th percentile),0.6265433,fraction,13.25,0.6142149290478641,0.2654134125026185,0.15181753785624386,0.04288898161076834,0.35840304856584637,Bayesian beta + Bernoulli boundary,4.12,13.26,FALSE
mmp,cloudp_90,Peak-season cloud fraction,Median (50th percentile),0.6970374,fraction,13.25,0.6771021844304607,0.21139849672381494,0.1355602777784589,0.04089488730257848,0.3075251068864606,Bayesian beta + Bernoulli boundary,4.12,13.26,FALSE
mmp,cloudp_90,Peak-season cloud fraction,High (90th percentile),0.8873663,fraction,13.25,0.8095776492837854,0.14020065514968683,0.1097998724165595,0.018676895429317792,0.32908720798738694,Bayesian beta + Bernoulli boundary,4.12,13.26,FALSE
mmp,cloudp_90,Peak-season cloud fraction,Low (10th percentile),0.6265433,fraction,13.5,0.6216609230642405,0.26538035442510016,0.15366412313272929,0.04214254358387845,0.3683483925290579,Bayesian beta + Bernoulli boundary,4.12,13.26,TRUE
mmp,cloudp_90,Peak-season cloud fraction,Median (50th percentile),0.6970374,fraction,13.5,0.6838564398781193,0.2095418758521284,0.13562142984350317,0.0394801592892483,0.3145895157026279,Bayesian beta + Bernoulli boundary,4.12,13.26,TRUE
mmp,cloudp_90,Peak-season cloud fraction,High (90th percentile),0.8873663,fraction,13.5,0.8140429090186939,0.1367327321862531,0.10759517923464142,0.017134259987472124,0.32772668834044844,Bayesian beta + Bernoulli boundary,4.12,13.26,TRUE
mmp,cloudp_90,Peak-season cloud fraction,Low (10th percentile),0.6265433,fraction,13.75,0.6289309093628258,0.2656233693041283,0.1556317626095019,0.040866111776494025,0.37898036230050347,Bayesian beta + Bernoulli boundary,4.12,13.26,TRUE
mmp,cloudp_90,Peak-season cloud fraction,Median (50th percentile),0.6970374,fraction,13.75,0.6904065977557632,0.20797553122168563,0.13580670983502205,0.038471427192034904,0.32281914590428923,Bayesian beta + Bernoulli boundary,4.12,13.26,TRUE
mmp,cloudp_90,Peak-season cloud fraction,High (90th percentile),0.8873663,fraction,13.75,0.8183201779314088,0.13363074885676862,0.10562516838580312,0.015657841066402785,0.32938704610152014,Bayesian beta + Bernoulli boundary,4.12,13.26,TRUE
mmp,cloudp_90,Peak-season cloud fraction,Low (10th percentile),0.6265433,fraction,14,0.6360210816734517,0.26612667434764725,0.15771595027240257,0.03980850702278877,0.3911991591141528,Bayesian beta + Bernoulli boundary,4.12,13.26,TRUE
mmp,cloudp_90,Peak-season cloud fraction,Median (50th percentile),0.6970374,fraction,14,0.6967524520007248,0.20668738379263743,0.13611510502970098,0.03680556783836962,0.329787262548867,Bayesian beta + Bernoulli boundary,4.12,13.26,TRUE
mmp,cloudp_90,Peak-season cloud fraction,High (90th percentile),0.8873663,fraction,14,0.8224140084314553,0.13086763715980002,0.10387508346964602,0.014439077173819873,0.3304215477994616,Bayesian beta + Bernoulli boundary,4.12,13.26,TRUE
mmp,cloudp_90,Peak-season cloud fraction,Low (10th percentile),0.6265433,fraction,14.25,0.642928675250836,0.2668735405980268,0.1599110026856647,0.038966541234671546,0.40328869847298265,Bayesian beta + Bernoulli boundary,4.12,13.26,TRUE
mmp,cloudp_90,Peak-season cloud fraction,Median (50th percentile),0.6970374,fraction,14.25,0.7028946872719436,0.20566462398480162,0.13654455433069826,0.035077923318238585,0.33768003835011484,Bayesian beta + Bernoulli boundary,4.12,13.26,TRUE
mmp,cloudp_90,Peak-season cloud fraction,High (90th percentile),0.8873663,fraction,14.25,0.8263292803825827,0.12841752148866975,0.10233028596824158,0.013084547841739963,0.3287330362893103,Bayesian beta + Bernoulli boundary,4.12,13.26,TRUE
mmp,cloudp_90,Peak-season cloud fraction,Low (10th percentile),0.6265433,fraction,14.5,0.6496518881339644,0.2678465664825555,0.16221022466964785,0.037427461338929935,0.4180686777428233,Bayesian beta + Bernoulli boundary,4.12,13.26,TRUE
mmp,cloudp_90,Peak-season cloud fraction,Median (50th percentile),0.6970374,fraction,14.5,0.708834786318394,0.2048938519402742,0.13709202678868665,0.03335446518101109,0.347304351551946,Bayesian beta + Bernoulli boundary,4.12,13.26,TRUE
mmp,cloudp_90,Peak-season cloud fraction,High (90th percentile),0.8873663,fraction,14.5,0.8300711370614491,0.12625587320264448,0.10097645944193895,0.011908589811601615,0.33266164326083525,Bayesian beta + Bernoulli boundary,4.12,13.26,TRUE
mmp,cloudp_90,Peak-season cloud fraction,Low (10th percentile),0.6265433,fraction,14.75,0.6561897999705805,0.2690279664152311,0.16460610610581253,0.035991917900692956,0.4295032435991713,Bayesian beta + Bernoulli boundary,4.12,13.26,TRUE
mmp,cloudp_90,Peak-season cloud fraction,Median (50th percentile),0.6970374,fraction,14.75,0.7145749393790165,0.20436121528022022,0.13775361133980718,0.031574185359710565,0.3561702269080774,Bayesian beta + Bernoulli boundary,4.12,13.26,TRUE
mmp,cloudp_90,Peak-season cloud fraction,High (90th percentile),0.8873663,fraction,14.75,0.8336449257822869,0.12435959361089839,0.09979975379580325,0.010791687649814282,0.3420292148829914,Bayesian beta + Bernoulli boundary,4.12,13.26,TRUE
mmp,cloudp_90,Peak-season cloud fraction,Low (10th percentile),0.6265433,fraction,15,0.6625422905419855,0.27039985700615476,0.1670905334012062,0.03462327597700352,0.44186238364900704,Bayesian beta + Bernoulli boundary,4.12,13.26,TRUE
mmp,cloudp_90,Peak-season cloud fraction,Median (50th percentile),0.6970374,fraction,15,0.7201179567795484,0.20405254652288699,0.13852461772128352,0.03011993534896853,0.366474579611499,Bayesian beta + Bernoulli boundary,4.12,13.26,TRUE
mmp,cloudp_90,Peak-season cloud fraction,High (90th percentile),0.8873663,fraction,15,0.8370561435311998,0.12270704227176094,0.09878688145796392,0.009817504878721968,0.3486771835359512,Bayesian beta + Bernoulli boundary,4.12,13.26,TRUE
mmp,cloudp_90,Peak-season cloud fraction,Low (10th percentile),0.6265433,fraction,15.25,0.6687099596852925,0.27194452420931303,0.16965499921781904,0.03328571824417416,0.4559126679790062,Bayesian beta + Bernoulli boundary,4.12,13.26,TRUE
mmp,cloudp_90,Peak-season cloud fraction,Median (50th percentile),0.6970374,fraction,15.25,0.7254671856273408,0.2039535012945496,0.13939968793452695,0.028574575813110747,0.377352818965767,Bayesian beta + Bernoulli boundary,4.12,13.26,TRUE
mmp,cloudp_90,Peak-season cloud fraction,High (90th percentile),0.8873663,fraction,15.25,0.8403103877695665,0.1212780259929001,0.09792517695043981,0.008852036793441227,0.35710656708837,Bayesian beta + Bernoulli boundary,4.12,13.26,TRUE
mmp,cloudp_90,Peak-season cloud fraction,Low (10th percentile),0.6265433,fraction,15.5,0.6746940498614918,0.27364465877170635,0.17229079733065822,0.031858098849318235,0.4700556087965756,Bayesian beta + Bernoulli boundary,4.12,13.26,TRUE
mmp,cloudp_90,Peak-season cloud fraction,Median (50th percentile),0.6970374,fraction,15.5,0.7306264312489259,0.20404969705058765,0.14037291663048942,0.026910123846275988,0.3913595798325826,Bayesian beta + Bernoulli boundary,4.12,13.26,TRUE
mmp,cloudp_90,Peak-season cloud fraction,High (90th percentile),0.8873663,fraction,15.5,0.8434133123918621,0.1200537616081982,0.09720263004816443,0.008098362393025483,0.36608044498958286,Bayesian beta + Bernoulli boundary,4.12,13.26,TRUE
mmp,cloudp_90,Peak-season cloud fraction,Low (10th percentile),0.6265433,fraction,15.75,0.6804963722083847,0.27548355255253626,0.17498919414249178,0.03042622264175913,0.488719676720561,Bayesian beta + Bernoulli boundary,4.12,13.26,TRUE
mmp,cloudp_90,Peak-season cloud fraction,Median (50th percentile),0.6970374,fraction,15.75,0.7355998837851114,0.20432685024989855,0.1414379774229256,0.025394741847362002,0.40102194831175825,Bayesian beta + Bernoulli boundary,4.12,13.26,TRUE
mmp,cloudp_90,Peak-season cloud fraction,High (90th percentile),0.8873663,fraction,15.75,0.8463705886790832,0.11901682269132748,0.09660790069666896,0.0072700324911487086,0.3712626076114602,Bayesian beta + Bernoulli boundary,4.12,13.26,TRUE
mmp,cloudp_90,Peak-season cloud fraction,Low (10th percentile),0.6265433,fraction,16,0.686119236582371,0.27744525303917617,0.17774157285835682,0.029220670955998954,0.5081532977461909,Bayesian beta + Bernoulli boundary,4.12,13.26,TRUE
mmp,cloudp_90,Peak-season cloud fraction,Median (50th percentile),0.6970374,fraction,16,0.740392050168131,0.20477090832865313,0.14258825084125834,0.023899683673877195,0.4124621005462885,Bayesian beta + Bernoulli boundary,4.12,13.26,TRUE
mmp,cloudp_90,Peak-season cloud fraction,High (90th percentile),0.8873663,fraction,16,0.8491878709859618,0.11815107739925777,0.09613032161001044,0.006589541086273795,0.38168990429012983,Bayesian beta + Bernoulli boundary,4.12,13.26,TRUE
