scheme,fold,programme_key,source_observation_id,ReefID,ReefName,event_year,region_block,observed_mortality,ann_maxdhw,prop_acropora_pre,wqc_freqcc12,wqc_prior10_percentile,wqc_prior10_delta,cyc_maxHrs4mw,cot_meanpertow,cot_idwmeanpertow,DISTURBANCE_TYPE,storm_name,description,tooltip,disturbance_text,predicted_mortality_core,predicted_mortality_weather,predicted_mortality_rrn_wq,predicted_mortality_rrn_cyclone,predicted_mortality_rrn_both,predicted_mortality_weather_rrn,predicted_mortality_weather_rrn_relative,predicted_mortality_weather_rrn_full,absolute_error_core,absolute_error_weather,absolute_error_rrn_wq,absolute_error_rrn_cyclone,absolute_error_rrn_both,absolute_error_weather_rrn,absolute_error_weather_rrn_relative,absolute_error_weather_rrn_full,wq_gain_vs_core,cyclone_gain_vs_core,rrn_gain_vs_core,weather_gain_vs_core,weather_rrn_gain_vs_weather,relative_wq_gain_vs_weather_rrn,cots_gain_vs_relative,full_gain_vs_weather
leave_one_event_out,2016,manta,1273202,13-118a,Creech Reef (North) (13-118a),2016,Northern GBR,0.38243677390482966,9.82,0.0382842345426909,0.0454545468091965,0.25,-0.0044639337293301,0,NA,0,b,NA,Bleaching,coral bleaching,Bleaching  coral bleaching,0.20456262245518864,0.15728494504060647,0.2433296249551729,0.2046449296998742,0.24201183936720205,0.22316358290825344,0.16845312894476,0.14969552743340664,0.177874151449641,0.2251518288642232,0.13910714894965676,0.17779184420495547,0.14042493453762764,0.15927319099657622,0.2139836449600697,0.23274124647142305,0.03876700249998424,8.230724468552553e-5,0.03744921691201336,-0.04727767741458219,0.06587863786764697,-0.05471045396349347,-0.01875760151135336,-0.007589417607199861
leave_one_event_out,2016,manta,1273145,13-121,U/N Reef (13-121),2016,Northern GBR,0.39358480326995926,9.98,0.03831330634452044,0,0,-0.1177166627589395,0,0,0,b,NA,Bleaching,coral bleaching,Bleaching  coral bleaching,0.15570963421842732,0.13188455450011477,0.17928583125830885,0.15255936044284651,0.18233515892639848,0.15931850706907694,0.138997086529467,0.11437346535314842,0.23787516905153192,0.2617002487698445,0.2142989720116504,0.24102544282711277,0.2112496443435608,0.23426629620088232,0.2545877167404923,0.27921133791681085,0.023576197039881508,-0.0031502737755808585,0.02662552470797111,-0.023825079718312575,0.027433952568962167,-0.020321420539609975,-0.024623621176318555,-0.017511089146966363
leave_one_event_out,2016,manta,4285232,13-124,U/N Reef (13-124),2016,Northern GBR,0.12249764773467146,7.04,0.03844998766280359,0.0478838722018932,0,-0.1206447912436713,0,NA,0.0311,m,NA,COTS/bleaching,"coral bleaching, crown-of-thorns starfish","COTS/bleaching  coral bleaching, crown-of-thorns starfish",0.18978868437754037,0.1296477065117444,0.18654520792563156,0.18171600680353123,0.1766344820290458,0.17141133484774224,0.12747082817308605,0.1253696364955849,0.06729103664286888,0.00715005877707293,0.0640475601909601,0.05921835906885979,0.05413683429437434,0.04891368711307077,0.00497318043841459,0.00287198876091344,0.0032434764519087833,0.00807267757400909,0.013154202348494543,0.060140977865795954,-0.041763628335997845,0.04394050667465618,0.00210119167750115,0.0042780700161594905
leave_one_event_out,2016,manta,4285439,13-127,Rodda Reef (13-127),2016,Northern GBR,0.26680976007009627,8.24,0.03839129477735246,0.0531173822866078,0.1,-0.16094394868903422,0,0,0,b,NA,Bleaching,coral bleaching,Bleaching  coral bleaching,0.0843762838177557,0.10096036075610304,0.08632112983864408,0.08817944187273552,0.08068416847160087,0.11304480042073987,0.10656820479081212,0.10147842958837164,0.18243347625234055,0.16584939931399323,0.18048863023145215,0.17863031819736075,0.1861255915984954,0.15376495964935638,0.16024155527928413,0.16533133048172463,0.0019448460208884022,0.0038031580549797994,-0.0036921153461548506,0.01658407693834732,0.012084439664636848,-0.0064765956299277505,-0.0050897752024405,5.180688322685978e-4
leave_one_event_out,2016,ltmp,4171462,14-114,MacGillivray Reef (14-114),2016,Northern GBR,0,8.61,0.01220657509751586,0,0.25,-0.02272727340459825,0,0,0.027,m,NA,bleaching in sector. COTS and cyclone,NA,bleaching in sector. COTS and cyclone,0.1485984053524492,0.14427365558501562,0.17744107070582074,0.13807471149653866,0.185425389634223,0.1754439651076362,0.14541727833431173,0.12274129487945286,0.1485984053524492,0.14427365558501562,0.17744107070582074,0.13807471149653866,0.185425389634223,0.1754439651076362,0.14541727833431173,0.12274129487945286,-0.028842665353371544,0.010523693855910538,-0.036826984281773806,0.004324749767433578,-0.031170309522620593,0.030026686773324485,0.02267598345485887,0.02153236070556276
leave_one_event_out,2016,manta,4206382,14-114,MacGillivray Reef (14-114),2016,Northern GBR,0.14105772044354065,8.61,0.01220657509751586,0,0.25,-0.02272727340459825,0,0,0.027,m,NA,bleaching in sector. COTS and cyclone,"coral bleaching, crown-of-thorns starfish, Cyclone Nathan","bleaching in sector. COTS and cyclone  coral bleaching, crown-of-thorns starfish, Cyclone Nathan",0.12560639804448087,0.13592606637891244,0.16223438091460476,0.1198156599729317,0.1712062564534939,0.1736259975479691,0.13813522900133868,0.11682090252545745,0.01545132239905977,0.0051316540646282,0.02117666047106411,0.02124206047060894,0.03014853600995326,0.03256827710442844,0.00292249144220196,0.02423681791808321,-0.005725338072004342,-0.005790738071549171,-0.014697213610893491,0.01031966833443157,-0.02743662303980024,0.029645785662226476,-0.021314326475881253,-0.01910516385345501
leave_one_event_out,2016,ltmp,4172980,14-123,Martin Reef (14-123),2016,Northern GBR,0.48564340982446613,7.87,0.0124304648166445,0.134816429542636,0.3,-0.009969721539405,0,0.0689999982714653,0.1005,m,Nathan,Nathan and bleaching 2016 COTS removal-317,"Cyclone Nathan, coral bleaching","Nathan and bleaching 2016 COTS removal-317 Nathan Cyclone Nathan, coral bleaching",0.06749416409560212,0.08307867130822381,0.03010196882152851,0.06624033709948571,0.03192592323084545,0.04975287548596205,0.09957108142674478,0.08370644974273413,0.418149245728864,0.4025647385162423,0.4555414410029376,0.41940307272498045,0.45371748659362066,0.4358905343385041,0.3860723283977213,0.401936960081732,-0.03739219527407356,-0.001253826996116425,-0.03556824086475663,0.015584507212621723,-0.033325795822261806,0.04981820594078279,-0.0158646316840107,6.277784345102844e-4
leave_one_event_out,2016,ltmp,4175205,14-126,Linnet Reef (14-126),2016,Northern GBR,0.25182298239511186,7.76,0,0.13553215481521,0.3,-0.00954728544354649,0,NA,0.1005,m,Nathan,"0+ bleaching in sector.  Cyclone Ita April 2014, Cyclone Nathan March 2015, COTS removal in 2014 - 261","Cyclone Nathan, coral bleaching","0+ bleaching in sector.  Cyclone Ita April 2014, Cyclone Nathan March 2015, COTS removal in 2014 - 261 Nathan Cyclone Nathan, coral bleaching",0.06144052439379505,0.0763726711986939,0.02654507230548856,0.06115342408428748,0.02679206734437425,0.05103783129941584,0.08865057918760921,0.08106799653223078,0.1903824580013168,0.17545031119641796,0.2252779100896233,0.1906695583108244,0.2250309150507376,0.20078515109569603,0.16317240320750265,0.17075498586288107,-0.034895452088306494,-2.8710030950759857e-4,-0.034648457049420794,0.01493214680489885,-0.025334839899278067,0.03761274788819338,-0.007582582655378423,0.004695325333536893
leave_one_event_out,2016,ltmp,4173748,14-137,Carter Reef (14-137),2016,Northern GBR,0.6596385918260654,11.32,0.25728508433988473,0,0.2,-0.04761904850602175,0,0,0,m,NA,"0+ survey severe bleaching in sector 2016 summer, also severe storm damage.  Cyclone Nathan March 2015, 2015/16 summer bleaching","coral bleaching, Cyclone Nathan","0+ survey severe bleaching in sector 2016 summer, also severe storm damage.  Cyclone Nathan March 2015, 2015/16 summer bleaching  coral bleaching, Cyclone Nathan",0.38368680707625213,0.3151856478213045,0.43328994701766155,0.37035287334819095,0.4314782860334387,0.37636017338797206,0.32177540234708785,0.29642461657499775,0.2759517847498133,0.34445294400476095,0.2263486448084039,0.2892857184778745,0.22816030579262675,0.28327841843809337,0.3378631894789776,0.3632139752510677,0.04960313994140941,-0.013333933728061187,0.04779147895718655,-0.06850115925494765,0.06117452556666758,-0.05458477104088422,-0.0253507857720901,-0.018761031246306736
leave_one_event_out,2016,ltmp,4175974,14-138,Yonge Reef (14-138),2016,Northern GBR,0.5962824992034219,11.49,0.23432375159355373,0,0.25,-0.02380952425301075,0,0,0,m,NA,"bleaching mortality, storm dmage.  intact dead colonies observed,Cyclone Nathan March 2015, 2015/16 summer bleaching","coral bleaching, Cyclone Nathan","bleaching mortality, storm dmage.  intact dead colonies observed,Cyclone Nathan March 2015, 2015/16 summer bleaching  coral bleaching, Cyclone Nathan",0.448872481525291,0.37613800364626415,0.4766145857255537,0.42895183931644654,0.4769358462854345,0.3931773974755356,0.3772560091651138,0.34844634991745865,0.1474100176781309,0.22014449555715776,0.11966791347786826,0.16733065988697535,0.1193466529179874,0.20310510172788632,0.21902649003830804,0.2478361492859633,0.02774210420026263,-0.019920642208844458,0.028063364760143483,-0.07273447787902687,0.017039393829271443,-0.015921388310421725,-0.028809659247655245,-0.027691653728805526
leave_one_event_out,2016,ltmp,4176756,15-099c,Agincourt Reefs (No 1) (15-099c),2016,Central GBR,0.5324526227764816,6.890000000000001,0.30463843268583835,0,0.35,0,0,0,0,b,NA,"bleaching mortality-decline in HC and SC.  2015/16 bleaching event, COTS removal dives- 0 COTS",coral bleaching,"bleaching mortality-decline in HC and SC.  2015/16 bleaching event, COTS removal dives- 0 COTS  coral bleaching",0.26263575610500606,0.18113310912249092,0.27477297679940094,0.26214139626513233,0.26905694684936005,0.2355462181537402,0.20971160258700383,0.17948598921420583,0.2698168666714756,0.3513195136539907,0.2576796459770807,0.2703112265113493,0.2633956759271216,0.2969064046227414,0.3227410201894778,0.3529666335622758,0.012137220694394879,-4.943598398737259e-4,0.006421190744353988,-0.08150264698251514,0.054413109031249296,-0.025834615566736385,-0.030225613372798,-0.0016471199082850885
leave_one_event_out,2016,manta,4206433,15-099c,Agincourt Reefs (No 1) (15-099c),2016,Central GBR,0.2721051385461741,6.890000000000001,0.30463843268583835,0,0.35,0,0,0,0,b,NA,bleaching mortality-decline in HC and SC,coral bleaching,bleaching mortality-decline in HC and SC  coral bleaching,0.2636182665650465,0.19304550504953233,0.26302564289902075,0.2648307498751669,0.26097649366424075,0.2200888765093791,0.2122850388868748,0.1745521105718337,0.00848687198112757,0.07905963349664175,0.00907949564715332,0.00727438867100715,0.01112864488193332,0.05201626203679493,0.05982009965929927,0.09755302797434036,-5.926236660257506e-4,0.00121248331012042,-0.00264177290080575,-0.07057276151551417,0.027043371459846817,-0.007803837622504341,-0.03773292831504109,-0.018493394477698613
leave_one_event_out,2016,ltmp,4174491,16-015,Mackay Reef (16-015),2016,Central GBR,0,2.75,0.00759488901683717,0.0476190485060215,0.5,0,0,0,0.1387,NA,NA,NA,NA,NA,5.915451941957365e-4,5.268391862624468e-4,3.5369826306927063e-4,7.541128360380939e-4,6.618615002096612e-4,0.00396071202673452,0.00128397293115416,0.0018086616614053,5.915451941957365e-4,5.268391862624468e-4,3.5369826306927063e-4,7.541128360380939e-4,6.618615002096612e-4,0.00396071202673452,0.00128397293115416,0.0018086616614053,2.3784693112646586e-4,-1.6256764184235744e-4,-7.031630601392466e-5,6.470600793328965e-5,-0.003433872840472073,0.0026767390955803596,-5.246887302511399e-4,-0.0012818224751428532
leave_one_event_out,2016,manta,4206198,16-015,Mackay Reef (16-015),2016,Central GBR,0,2.75,0.00759488901683717,0.0476190485060215,0.5,0,0,0,0.1387,NA,NA,NA,NA,NA,0.00375368095517309,0.00323203172313211,0.00265719626575195,0.00369612032275098,0.00299344725694294,0.00838795845787414,0.00405630198825668,0.00487082695185994,0.00375368095517309,0.00323203172313211,0.00265719626575195,0.00369612032275098,0.00299344725694294,0.00838795845787414,0.00405630198825668,0.00487082695185994,0.00109648468942114,5.756063242211024e-5,7.602336982301503e-4,5.216492320409801e-4,-0.005155926734742031,0.004331656469617461,-8.145249636032602e-4,-0.0016387952287278298
leave_one_event_out,2016,ltmp,4177626,16-019,St Crispin Reef (16-019),2016,Central GBR,0.3254497884276005,5.82,0.26925833368007346,0,0.1,-0.04879494663342685,0,0,0.0129,b,NA,"bleaching mortality- HC and particularly SC.  2015/16 summer bleaching, COTS removal-69",coral bleaching,"bleaching mortality- HC and particularly SC.  2015/16 summer bleaching, COTS removal-69  coral bleaching",0.12202982145845388,0.1049268981029588,0.10948556973568462,0.10836964716244302,0.10303347161031644,0.1276327794750229,0.10168276036369872,0.0973648653496724,0.2034199669691466,0.22052289032464167,0.21596421869191584,0.21708014126515743,0.222416316817284,0.19781700895257756,0.22376702806390175,0.22808492307792805,-0.01254425172276924,-0.013660174296010824,-0.01899634984813739,-0.01710292335549507,0.022705881372064113,-0.02595001911132419,-0.004317895014026296,-0.007562032753286374
leave_one_event_out,2016,manta,4206495,16-019,St Crispin Reef (16-019),2016,Central GBR,0.47023809222379687,5.82,0.26925833368007346,0,0.1,-0.04879494663342685,0,0,0.0129,b,NA,bleaching mortality- HC and particularly SC,coral bleaching,bleaching mortality- HC and particularly SC  coral bleaching,0.09645338665088804,0.10089417882577224,0.092157511177177,0.08903676563680583,0.08974121873996693,0.12406509819792431,0.09819409348136413,0.096171819129444,0.3737847055729088,0.36934391339802464,0.3780805810466199,0.381201326586991,0.38049687348382993,0.34617299402587254,0.3720439987424328,0.37406627309435286,-0.004295875473711075,-0.007416621014082192,-0.006712167910921107,0.004440792174884189,0.0231709193721521,-0.025871004716560286,-0.0020222743519200392,-0.004722359696328227
leave_one_event_out,2016,ltmp,3752921,16-025,Opal Reef (16-025),2016,Central GBR,0.5820464815884053,5.82,0.24670223660435817,0,0.25,-0.02272727340459825,0,0,0,b,NA,"bleaching mortality- HC and particularly SC, COTS removal-2188.  2015/16 summer bleaching, COTS removal-2188",coral bleaching,"bleaching mortality- HC and particularly SC, COTS removal-2188.  2015/16 summer bleaching, COTS removal-2188  coral bleaching",0.16205464551677287,0.130545105738909,0.15289313169198063,0.15222848866955013,0.14015142117695664,0.1324396893156556,0.13601061242245524,0.11956107711675897,0.4199918360716325,0.45150137584949634,0.42915334989642473,0.4298179929188552,0.44189506041144866,0.4496067922727497,0.44603586916595006,0.4624854044716464,-0.009161513824792245,-0.009826156847222711,-0.021903224339816174,-0.03150953977786386,0.0018945835767466557,0.0035709231067996283,-0.016449535305696317,-0.010984028622150033
leave_one_event_out,2016,manta,4068506,16-025,Opal Reef (16-025),2016,Central GBR,0.2340318988169492,5.82,0.24670223660435817,0,0.25,-0.02272727340459825,0,0,0,b,NA,"bleaching mortality- HC and particularly SC, COTS removal-2188",coral bleaching,"bleaching mortality- HC and particularly SC, COTS removal-2188  coral bleaching",0.14680210296545643,0.13444718591064966,0.1491877497249939,0.14281902272635016,0.1384227068051442,0.13236311349857666,0.14076170578240596,0.12522725982609414,0.08722979585149276,0.09958471290629956,0.08484414909195531,0.09121287609059904,0.095609192011805,0.10166878531837256,0.09327019303454326,0.10880463899085507,0.002385646759537452,-0.003983080239106276,-0.008379396160312233,-0.012354917054806791,-0.002084072412073007,0.008398592283829304,-0.015534445956311815,-0.009219926084555519
leave_one_event_out,2016,ltmp,4170717,16-028,Low Islands Reef (16-028),2016,Central GBR,0,2.62,0,0.26725938898273,0.8,0.0282247167032095,0,0,0.0032,NA,NA,NA,NA,NA,0.00583745681240887,0.023314711803621,9.5843858579342e-4,0.00526660996264369,0.00114385877509575,0.02029806657444935,0.02247009228094198,0.02394354972885874,0.00583745681240887,0.023314711803621,9.5843858579342e-4,0.00526660996264369,0.00114385877509575,0.02029806657444935,0.02247009228094198,0.02394354972885874,0.00487901822661545,5.7084684976518e-4,0.00469359803731312,-0.01747725499121213,0.0030166452291716522,-0.0021720257064926293,-0.0014734574479167602,-6.288379252377373e-4
leave_one_event_out,2016,ltmp,3765535,16-049,Green Island Reef (16-049),2016,Central GBR,0,3.67,0.01851190292821619,0.0909856307411782,0,-0.0818736985424028,0,0.0384615398943424,0.1257,NA,NA,NA,NA,NA,0.00103586220572532,0.00214530557105807,0,8.637670967262897e-4,0,0.00352784040033058,0.00154020079554477,0.00168816456172913,0.00103586220572532,0.00214530557105807,0,8.637670967262897e-4,0,0.00352784040033058,0.00154020079554477,0.00168816456172913,0.00103586220572532,1.7209510899903033e-4,0.00103586220572532,-0.0011094433653327498,-0.00138253482927251,0.00198763960478581,-1.4796376618435997e-4,4.5714100932893985e-4
leave_one_event_out,2016,manta,4068398,16-049,Green Island Reef (16-049),2016,Central GBR,0,3.67,0.01851190292821619,0.0909856307411782,0,-0.0818736985424028,0,0.0384615398943424,0.1257,NA,NA,NA,NA,NA,0.00340815944588918,0.00478932319624345,7.20157932977059e-4,0.00330824801942823,0.00152838179992396,0.00696146748597586,0.0040994969520502,0.00407785318127705,0.00340815944588918,0.00478932319624345,7.20157932977059e-4,0.00330824801942823,0.00152838179992396,0.00696146748597586,0.0040994969520502,0.00407785318127705,0.0026880015129121214,9.991142646095016e-5,0.0018797776459652201,-0.00138116375035427,-0.00217214428973241,0.00286197053392566,2.1643770773150176e-05,7.114700149664002e-4
leave_one_event_out,2016,ltmp,4230132,16-054a,Fitzroy Island Reef (No 1) (16-054a),2016,Central GBR,0,3.15,0.00296637797062144,0.318181812763196,0.1,-0.10353536903857996,0,NA,0.2136,b,NA,NA,coral bleaching,coral bleaching,0.00375173606641309,0.00165341153735572,4.033622677114708e-4,0.00399706193577583,7.757370479665482e-4,0.00477117625850371,0.00145562783313923,0.00606672358551371,0.00375173606641309,0.00165341153735572,4.033622677114708e-4,0.00399706193577583,7.757370479665482e-4,0.00477117625850371,0.00145562783313923,0.00606672358551371,0.0033483737987016196,-2.453258693627396e-4,0.002975999018446542,0.0020983245290573703,-0.0031177647211479897,0.00331554842536448,-0.0046110957523744795,-0.00441331204815799
leave_one_event_out,2016,ltmp,4179549,16-057,Hastings Reef (16-057),2016,Central GBR,0.19841124810294208,5.29,0.26029668302176,0,0.2,-0.04640744594075145,0,0,0.0903,b,NA,"bleaching mortality- HC.  2015/16 summer bleaching, COTS removal-646",coral bleaching,"bleaching mortality- HC.  2015/16 summer bleaching, COTS removal-646  coral bleaching",0.05106332145080751,0.06271729403177635,0.05852807880557795,0.0454739349301053,0.05361756025808269,0.06744627102032823,0.07763117423801624,0.08424606012459457,0.1473479266521346,0.13569395407116577,0.1398831692973641,0.1529373131728368,0.14479368784485938,0.13096497708261384,0.12078007386492584,0.11416518797834752,0.007464757354770479,-0.005589386520702205,0.0025542388072752054,0.011653972580968813,0.004728976988551931,0.010184903217688002,0.0066148858865783255,0.021528766092818258
leave_one_event_out,2016,manta,4206254,16-057,Hastings Reef (16-057),2016,Central GBR,0.18667456706796567,5.29,0.26029668302176,0,0.2,-0.04640744594075145,0,0,0.0903,b,NA,bleaching mortality- HC,coral bleaching,bleaching mortality- HC  coral bleaching,0.05295483777800593,0.06873623204923705,0.05403140698742702,0.05277593351306971,0.05367189699167695,0.0763526128389608,0.08085441138505106,0.08624845481294648,0.13371972928995973,0.11793833501872862,0.13264316008053864,0.13389863355489595,0.13300267007628871,0.11032195422900488,0.1058201556829146,0.1004261122550192,0.001076569209421091,-1.7890426493621936e-4,7.170592136710174e-4,0.01578139427123111,0.007616380789723737,0.004501798546090285,0.005394043427895401,0.017512222763709423
leave_one_event_out,2016,ltmp,3755348,16-060,Michaelmas Reef (16-060),2016,Central GBR,0,4.62,0.4029285931619887,0.0454545468091965,0.2,-0.00233318256034499,0,0.854750001306335,0.4508,NA,NA,NA,NA,NA,0.05912370713826985,0.06416897988518067,0.05374817764340108,0.05824755595315545,0.04845841313435044,0.0625586022337339,0.06688287254592298,0.07062170874899479,0.05912370713826985,0.06416897988518067,0.05374817764340108,0.05824755595315545,0.04845841313435044,0.0625586022337339,0.06688287254592298,0.07062170874899479,0.005375529494868775,8.761511851144016e-4,0.010665294003919412,-0.005045272746910814,0.0016103776514467677,-0.004324270312189085,-0.0037388362030718048,-0.006452728863814122
leave_one_event_out,2016,manta,4206526,16-060,Michaelmas Reef (16-060),2016,Central GBR,0,4.62,0.4029285931619887,0.0454545468091965,0.2,-0.00233318256034499,0,0.854750001306335,0.4508,NA,NA,NA,NA,NA,0.03670076209984197,0.05304227911252306,0.0359529107476319,0.03819302678041662,0.03627159982523071,0.06003500676672594,0.05552142708840707,0.05716484630021883,0.03670076209984197,0.05304227911252306,0.0359529107476319,0.03819302678041662,0.03627159982523071,0.06003500676672594,0.05552142708840707,0.05716484630021883,7.478513522100744e-4,-0.0014922646805746453,4.291622746112611e-4,-0.016341517012681085,-0.0069927276542028835,0.00451357967831887,-0.0016434192118117558,-0.004122567187695769
leave_one_event_out,2016,ltmp,3798884,16-064,Arlington Reef (16-064),2016,Central GBR,0.15434554384697532,4.3500000000000005,0.31928139334368155,0.0910260983020631,0.2,-0.0111469233041047,0,0.0945000015199184,0.1299,m,NA,Aerial bl 2 2016,"coral bleaching, coral disease","Aerial bl 2 2016  coral bleaching, coral disease",0.04177582740402395,0.044405037969009,0.01981140270997889,0.04352520349492438,0.02047007367938856,0.0368646685527762,0.04884210310081509,0.05823172370992721,0.11256971644295136,0.10994050587796632,0.13453414113699644,0.11082034035205092,0.13387547016758675,0.11748087529419912,0.10550344074616023,0.09611382013704813,-0.02196442469404508,0.0017493760909004369,-0.02130575372463539,0.002629210564985038,-0.007540369416232803,0.011977434548038887,0.00938962060911211,0.013826685740918193
leave_one_event_out,2016,manta,4067445,16-064,Arlington Reef (16-064),2016,Central GBR,0,4.3500000000000005,0.31928139334368155,0.0910260983020631,0.2,-0.0111469233041047,0,0.0945000015199184,0.1299,m,NA,Aerial bl 2 2016,NA,Aerial bl 2 2016,0.0412968859965805,0.05041988332155145,0.02258656293804152,0.04286662559927247,0.02315450655578115,0.03882045694476509,0.05284529489127958,0.05452688696384166,0.0412968859965805,0.05041988332155145,0.02258656293804152,0.04286662559927247,0.02315450655578115,0.03882045694476509,0.05284529489127958,0.05452688696384166,0.018710323058538977,-0.0015697396026919733,0.01814237944079935,-0.009122997324970954,0.011599426376786362,-0.01402483794651449,-0.001681592072562084,-0.004107003642290212
leave_one_event_out,2016,manta,4068586,17-032,Wardle Reef (17-032),2016,Central GBR,0.32461427064832626,4.25,0.37879380044863115,0,0.05,-0.046536797657609,0,0.068000003695488,0.2319,b,NA,Bleaching,coral bleaching,Bleaching  coral bleaching,0.02307176045156881,0.11044390393827729,0.02656786731019388,0.02288683543545259,0.02427551411307968,0.11027199465110044,0.11624161671652536,0.12247806701760831,0.30154251019675743,0.21417036671004896,0.29804640333813237,0.30172743521287365,0.3003387565352466,0.21434227599722583,0.2083726539318009,0.2021362036307179,0.0034961068586250588,-1.8492501611622192e-4,0.0012037536615108202,0.08737214348670846,-1.719092871768635e-4,0.005969622065424923,0.006236450301082996,0.012034163079331056
leave_one_event_out,2016,manta,4068675,17-034,Feather Reef (17-034),2016,Central GBR,0,2.3000000000000003,0.285024077948406,0,0.15,-0.04885885016085335,0,0,1.2844,NA,NA,NA,NA,NA,0.0130266242546769,0.04476592424609437,0.01425516794214812,0.01240367882056196,0.01596485746437235,0.05746632171032649,0.05407340002266603,0.07226830416478953,0.0130266242546769,0.04476592424609437,0.01425516794214812,0.01240367882056196,0.01596485746437235,0.05746632171032649,0.05407340002266603,0.07226830416478953,-0.001228543687471221,6.229454341149399e-4,-0.0029382332096954487,-0.031739299991417474,-0.01270039746423212,0.0033929216876604634,-0.018194904142123505,-0.027502379918695162
leave_one_event_out,2016,ltmp,4239591,18-032,Rib Reef (18-032),2016,Central GBR,0.22877522516888116,2.5,0.5609927243975694,0,0.2,-0.046536797657609,0,0.14300000667572,0.1361,m,NA,"tons of cots on sites, COTS removal.  AO in 2017, 2- bleaching but little mortality as yet, COTS removal-2563","crown-of-thorns starfish, coral bleaching","tons of cots on sites, COTS removal.  AO in 2017, 2- bleaching but little mortality as yet, COTS removal-2563  crown-of-thorns starfish, coral bleaching",0.01545783244183042,0.01038470895243856,0.02237572398116404,0.01702468914910487,0.02522837133689568,0.02376977760899566,0.01500187329393994,0.016005531767119,0.21331739272705075,0.2183905162164426,0.2063995011877171,0.21175053601977628,0.20354685383198548,0.20500544755988548,0.2137733518749412,0.21276969340176216,0.006917891539333643,0.0015668567072744666,0.009770538895065267,-0.005073123489391845,0.013385068656557114,-0.008767904315055725,0.0010036584731790421,0.005620822814680432
leave_one_event_out,2016,ltmp,4236916,18-051,Pandora Reef (18-051),2016,Central GBR,0,4.05,0.02493403970316661,0.5667642931807,0.2,-0.099144788516762,0,NA,0.0035,b,NA,NA,coral bleaching at 2.0 m only,coral bleaching at 2.0 m only,0.02669030196598971,0.02510549259832951,0.02975721243724122,0.0320226100399688,0.03403430624287572,0.0448979900950607,0.0306346893650299,0.02253055817752934,0.02669030196598971,0.02510549259832951,0.02975721243724122,0.0320226100399688,0.03403430624287572,0.0448979900950607,0.0306346893650299,0.02253055817752934,-0.003066910471251509,-0.005332308073979088,-0.007344004276886008,0.0015848093676602004,-0.01979249749673119,0.014263300730030803,0.008104131187500557,0.00257493442080017
leave_one_event_out,2016,ltmp,4225913,18-065,Havannah Reef (18-065),2016,Central GBR,0,3.33,0.2625659600620433,0.284519937729674,0.1,-0.12686790322518848,0,0,0.0029,b,NA,NA,coral bleaching,coral bleaching,0.00991003149747265,0.01916505418330215,0.0038038038991415,0.00981974449509666,0.00353152790285952,0.01622411814742497,0.01703500442138622,0.00782682560064827,0.00991003149747265,0.01916505418330215,0.0038038038991415,0.00981974449509666,0.00353152790285952,0.01622411814742497,0.01703500442138622,0.00782682560064827,0.006106227598331149,9.028700237598969e-5,0.00637850359461313,-0.009255022685829499,0.002940936035877178,-8.108862739612498e-4,0.00920817882073795,0.011338228582653879
leave_one_event_out,2016,manta,4067801,20-287,Credlin Reefs (East) (20-287),2016,Southern GBR,0,2.04,0.24773964736805465,0,0.5,0,0,0,1e-4,NA,NA,NA,NA,NA,0.04636774381503993,0.01263887154425069,0.05426889956880799,0.05114466988700757,0.06007041337791991,0.01811937021104332,0.01100809604815987,0.01093521986010237,0.04636774381503993,0.01263887154425069,0.05426889956880799,0.05114466988700757,0.06007041337791991,0.01811937021104332,0.01100809604815987,0.01093521986010237,-0.007901155753768062,-0.004776926071967641,-0.01370266956287998,0.03372887227078924,-0.00548049866679263,0.0071112741628834505,7.287618805749962e-5,0.00170365168414832
leave_one_event_out,2016,ltmp,4238628,21-305,East Cay Reef (21-305),2016,Southern GBR,0.01788010689316469,0,0.19337438692150824,0,0.45,0,0,0,0.0052,NA,NA,NA,NA,NA,0.02563104549698683,0.01494209537652701,0.02774021889657312,0.02255589213251306,0.02663133977506264,0.02177865497320824,0.01922309115249678,0.01640170847316461,0.00775093860382213,0.00293801151663768,0.00986011200340842,0.00467578523934836,0.00875123288189795,0.00389854808004355,0.00134298425933208,0.00147839842000007,-0.00210917339958629,0.0030751533644737703,-0.0010002942780758198,0.0048129270871844505,-9.605365634058698e-4,0.0025555638207114695,-1.3541416066798991e-4,0.00145961309663761
leave_one_event_out,2016,manta,4284385,21-305,East Cay Reef (21-305),2016,Southern GBR,0,0,0.19337438692150824,0,0.45,0,0,0,0.0052,NA,NA,NA,NA,NA,0.04688116803253202,0.03053635079954563,0.05289888038934522,0.04009657102530015,0.04956088399909027,0.03581082089536621,0.03572141281973401,0.03317431174280197,0.04688116803253202,0.03053635079954563,0.05289888038934522,0.04009657102530015,0.04956088399909027,0.03581082089536621,0.03572141281973401,0.03317431174280197,-0.0060177123568131985,0.006784597007231871,-0.0026797159665582493,0.016344817232986388,-0.0052744700958205805,8.940807563220105e-5,0.00254710107693204,-0.0026379609432563393
leave_one_event_out,2016,ltmp,4182007,22-104a,Horseshoe Reef (No 1) (22-104a),2016,Southern GBR,0,0.37,0.5659424850063148,0,0.45,0,0,NA,0.0319,NA,NA,NA,NA,NA,0.03459926631426939,0.03151169563436421,0.0482548379719005,0.03604790490770853,0.04920989965305215,0.03641766284151247,0.03635657023107046,0.03497773306259613,0.03459926631426939,0.03151169563436421,0.0482548379719005,0.03604790490770853,0.04920989965305215,0.03641766284151247,0.03635657023107046,0.03497773306259613,-0.013655571657631108,-0.0014486385934391402,-0.014610633338782757,0.0030875706799051786,-0.004905967207148254,6.109261044200814e-5,0.0013788371684743325,-0.0034660374282319134
leave_one_event_out,2016,manta,3989236,22-104a,Horseshoe Reef (No 1) (22-104a),2016,Southern GBR,0,0.37,0.5659424850063148,0,0.45,0,0,NA,0.0319,NA,NA,NA,NA,NA,0.04318897777406051,0.02224191892886957,0.04231902399317294,0.04260856968319281,0.04579529247591855,0.02777209631775187,0.02451519796420107,0.02393217739572009,0.04318897777406051,0.02224191892886957,0.04231902399317294,0.04260856968319281,0.04579529247591855,0.02777209631775187,0.02451519796420107,0.02393217739572009,8.699537808875696e-4,5.804080908676998e-4,-0.0026063147018580424,0.020947058845190936,-0.005530177388882299,0.003256898353550801,5.830205684809776e-4,-0.00169025846685052
leave_one_event_out,2016,ltmp,4188176,23-048,Broomfield Reef (23-048),2016,Southern GBR,0,0,0.8031738872000156,0,0.15,-0.0454545468091965,0,0,0,NA,NA,NA,NA,NA,0.02088355444820323,0.04778865178705809,0.03141682144438464,0.02515579440975626,0.03440053874841462,0.03679445236447114,0.05042984609582057,0.05499921659909893,0.02088355444820323,0.04778865178705809,0.03141682144438464,0.02515579440975626,0.03440053874841462,0.03679445236447114,0.05042984609582057,0.05499921659909893,-0.010533266996181408,-0.004272239961553029,-0.013516984300211393,-0.026905097338854857,0.010994199422586948,-0.013635393731349428,-0.00456937050327836,-0.00721056481204084
leave_one_event_out,2016,manta,4284733,23-048,Broomfield Reef (23-048),2016,Southern GBR,0.11482469677295595,0,0.8031738872000156,0,0.15,-0.0454545468091965,0,0,0,NA,NA,NA,NA,NA,0.02055317105766578,0.05057189672459906,0.03410294657039137,0.02587746434802704,0.03693340300636363,0.04763334410536225,0.05539911734827861,0.06087782858435275,0.09427152571529018,0.0642528000483569,0.0807217502025646,0.08894723242492891,0.07789129376659235,0.06719135266759371,0.05942557942467735,0.05394686818860321,0.013549775512725584,0.0053242932903612705,0.016380231948697838,0.030018725666933282,-0.0029385526192368117,0.007765773242916364,0.005478711236074137,0.01030593185975369
leave_one_event_out,2016,ltmp,4187216,23-082a,Lady Musgrave Reef (23-082a),2016,Southern GBR,0,0.44,0.9152466290843616,0,0.3,0,0,0.0233333334326744,0.0513,NA,NA,NA,NA,NA,0.03511026810392725,0.06595628712786412,0.05992029495399993,0.03443682804658903,0.05990032909012353,0.10025982700459396,0.0867743906028463,0.09477526288611296,0.03511026810392725,0.06595628712786412,0.05992029495399993,0.03443682804658903,0.05990032909012353,0.10025982700459396,0.0867743906028463,0.09477526288611296,-0.024810026850072678,6.734400573382218e-4,-0.02479006098619628,-0.030846019023936876,-0.034303539876729836,0.013485436401747666,-0.008000872283266666,-0.028818975758248835
leave_one_event_out,2016,manta,4284768,23-082a,Lady Musgrave Reef (23-082a),2016,Southern GBR,0,0.44,0.9152466290843616,0,0.3,0,0,0.0233333334326744,0.0513,NA,NA,NA,NA,NA,0.0549669073559487,0.08262192583265837,0.07752728696595698,0.04642945914568135,0.07698377029669351,0.11068751593853812,0.09864910483032303,0.10506445594513568,0.0549669073559487,0.08262192583265837,0.07752728696595698,0.04642945914568135,0.07698377029669351,0.11068751593853812,0.09864910483032303,0.10506445594513568,-0.02256037961000828,0.008537448210267355,-0.022016862940744807,-0.027655018476709668,-0.02806559010587975,0.012038411108215089,-0.006415351114812645,-0.022442530112477307
leave_one_event_out,2017,ltmp,4176755,15-099c,Agincourt Reefs (No 1) (15-099c),2017,Central GBR,0,8.16,0.33964521989442337,0,0.35,0,0,0,0,NA,NA,NA,NA,NA,0.00847626150118669,0.01905919091590856,0.0114537468651269,0.00846664636005887,0.00837597100972778,0.02209172790542864,0.0220238987368216,0.01531219170984436,0.00847626150118669,0.01905919091590856,0.0114537468651269,0.00846664636005887,0.00837597100972778,0.02209172790542864,0.0220238987368216,0.01531219170984436,-0.0029774853639402098,9.615141127820512e-6,1.0029049145890943e-4,-0.010582929414721871,-0.0030325369895200793,6.782916860703994e-5,0.006711707026977241,0.0037469992060642013
leave_one_event_out,2017,manta,4206432,15-099c,Agincourt Reefs (No 1) (15-099c),2017,Central GBR,0,8.16,0.33964521989442337,0,0.35,0,0,0,0,NA,NA,NA,NA,NA,0.00892925900340586,0.02215777274285026,0.01703741201000148,0.01074118930228111,0.01135261823097738,0.02579948870659318,0.02543274803843419,0.0171015853126131,0.00892925900340586,0.02215777274285026,0.01703741201000148,0.01074118930228111,0.01135261823097738,0.02579948870659318,0.02543274803843419,0.0171015853126131,-0.00810815300659562,-0.001811930298875249,-0.002423359227571519,-0.013228513739444399,-0.003641715963742919,3.667406681589873e-4,0.00833116272582109,0.005056187430237159
leave_one_event_out,2017,mmp,4160187,16-006,Snapper Reef (16-006),2017,Central GBR,0.3952502752197531,11.65,0.17495639896008247,0.652899274817911,0.1,-0.13693971724132004,0,NA,0.0304,b,NA,NA,coral bleaching,coral bleaching,0.48164278984174447,0.48558488696899343,0.4273097392833942,0.47522199723683994,0.4686927922283876,0.4359950784484932,0.43597836863447015,0.5707068787710212,0.08639251462199138,0.09033461174924036,0.03205946406364113,0.07997172201708685,0.07344251700863452,0.04074480322874008,0.04072809341471706,0.17545660355126813,0.05433305055835025,0.006420792604904524,0.012949997613356856,-0.003942097127248981,0.04958980852050028,1.6709814023019298e-5,-0.13472851013655107,-0.08512199180202777
leave_one_event_out,2017,mmp,4160208,16-006,Snapper Reef (16-006),2017,Central GBR,0,11.65,0.17495639896008247,0.652899274817911,0.1,-0.13693971724132004,0,NA,0.0304,b,NA,NA,coral bleaching,coral bleaching,0.5600313678131803,0.6271856303203319,0.5455849423682787,0.591105851031207,0.5839715454581595,0.5779433836058263,0.5761407449677372,0.6791132663925276,0.5600313678131803,0.6271856303203319,0.5455849423682787,0.591105851031207,0.5839715454581595,0.5779433836058263,0.5761407449677372,0.6791132663925276,0.0144464254449016,-0.03107448321802675,-0.023940177644979244,-0.06715426250715162,0.04924224671450561,0.0018026386380891601,-0.10297252142479041,-0.05192763607219564
leave_one_event_out,2017,mmp,4160229,16-006,Snapper Reef (16-006),2017,Central GBR,0.33227003419729356,11.65,0.04961985378338604,0.652899274817911,0.1,-0.13693971724132004,0,NA,0.0304,b,NA,NA,coral bleaching,coral bleaching,0.4121929807863075,0.4791687516938276,0.41902342675382326,0.424655953598024,0.4076934621862146,0.4356867800734555,0.4369599119961657,0.48553586374852314,0.079922946589014,0.14689871749653405,0.0867533925565297,0.09238591940073045,0.07542342798892104,0.10341674587616197,0.10468987779887212,0.15326582955122958,-0.006830445967515697,-0.012462972811716447,0.0044995186000929555,-0.06697577090752005,0.04348197162037208,-0.001273131922710155,-0.04857595175235746,-0.006367112054695534
leave_one_event_out,2017,mmp,4160250,16-006,Snapper Reef (16-006),2017,Central GBR,0,11.65,0.04961985378338604,0.652899274817911,0.1,-0.13693971724132004,0,NA,0.0304,b,NA,NA,coral bleaching,coral bleaching,0.4171175036798288,0.4908417658903638,0.4238054746032619,0.4283640616229306,0.4327858772552894,0.44549941859323566,0.44474838609587214,0.4967875376146582,0.4171175036798288,0.4908417658903638,0.4238054746032619,0.4283640616229306,0.4327858772552894,0.44549941859323566,0.44474838609587214,0.4967875376146582,-0.006687970923433095,-0.01124655794310181,-0.01566837357546058,-0.07372426221053502,0.04534234729712816,7.510324973635241e-4,-0.052039151518786075,-0.005945771724294391
leave_one_event_out,2017,ltmp,4177625,16-019,St Crispin Reef (16-019),2017,Central GBR,0.07684952526787346,8.58,0.31546161327500344,0,0.15,-0.0476190485060215,0,0,0.0105,b,NA,"2016/17 summer bleaching DHW>8, COTS removal-166",coral bleaching,"2016/17 summer bleaching DHW>8, COTS removal-166  coral bleaching",0.10384999964259876,0.13777845716956152,0.10949599325081676,0.1105710408076374,0.10956012895787234,0.1351082301185081,0.14183362869701052,0.15092693727206913,0.0270004743747253,0.06092893190168806,0.03264646798294331,0.03372151553976393,0.03271060368999888,0.05825870485063463,0.06498410342913706,0.07407741200419567,-0.005645993608218009,-0.006721041165038629,-0.005710129315273583,-0.03392845752696276,0.0026702270510534365,-0.006725398578502434,-0.009093308575058606,-0.013148480102507604
leave_one_event_out,2017,manta,4206494,16-019,St Crispin Reef (16-019),2017,Central GBR,0.08284410877342505,8.58,0.31546161327500344,0,0.15,-0.0476190485060215,0,0,0.0105,b,NA,NA,coral bleaching,coral bleaching,0.11717788330650256,0.14065081556022066,0.12074879001560712,0.11810669511690604,0.1164493234434454,0.13985844914718995,0.14680899086543744,0.14614570843916028,0.03433377453307752,0.05780670678679561,0.03790468124218206,0.035262586343481,0.03360521467002035,0.0570143403737649,0.0639648820920124,0.06330159966573523,-0.0035709067091045446,-9.28811810403482e-4,7.285598630571641e-4,-0.02347293225371809,7.923664130307095e-4,-0.006950541718247501,6.632824262771675e-4,-0.005494892878939624
leave_one_event_out,2017,mmp,4162781,16-054a,Fitzroy Island Reef (No 1) (16-054a),2017,Central GBR,0.17401839167775307,10.69,0.4098132345379781,0.190476194024088,0,-0.1944444477557835,0,0,0.0321,b,NA,NA,coral bleaching,coral bleaching,0.4396525640852133,0.4665319071351264,0.36053383673859446,0.4438710731846541,0.3898595341076216,0.41821718008137426,0.44236600126779746,0.4888337678561483,0.2656341724074602,0.2925135154573733,0.1865154450608414,0.269852681506901,0.21584114242986852,0.2441987884036212,0.2683476095900444,0.3148153761783952,0.07911872734661879,-0.004218509099440826,0.04979302997759166,-0.02687934304991313,0.048314727053752116,-0.024148821186423197,-0.046467766588350834,-0.022301860721021916
leave_one_event_out,2017,mmp,4162802,16-054a,Fitzroy Island Reef (No 1) (16-054a),2017,Central GBR,0.20422237466329743,10.69,0.11566196600972882,0.190476194024088,0,-0.1944444477557835,0,0,0.0321,b,NA,NA,coral bleaching,coral bleaching,0.31814930575138983,0.3703784449215674,0.2851686581820018,0.3299235947232887,0.2878436490098209,0.3362591936637196,0.3611045041901219,0.36515951190358814,0.11392693108809238,0.16615607025826995,0.080946283518704365,0.12570122005999124,0.08362127434652344,0.1320368190004221,0.15688212952682443,0.16093713724029068,0.03298064756938801,-0.01177428897189886,0.03030565674156893,-0.052229139170177574,0.034119251257847844,-0.02484531052640232,-0.004055007713466258,0.005218933017979266
leave_one_event_out,2017,ltmp,4179548,16-057,Hastings Reef (16-057),2017,Central GBR,0.6376638525378587,10.25,0.4708998808120515,0,0.25,-0.0236801725361532,0,0.0109999999403954,0.0134,b,NA,"bleaching mortality- HC, COTS removal.  2016/17 summer bleaching, COTS removal 886",coral bleaching,"bleaching mortality- HC, COTS removal.  2016/17 summer bleaching, COTS removal 886  coral bleaching",0.3132305107144382,0.3054206957444965,0.3319603341008453,0.3614081815585415,0.36193563529428513,0.30490170854788384,0.2938491230481282,0.3080293642816866,0.32443334182342054,0.33224315679336225,0.30570351843701343,0.27625567097931725,0.2757282172435736,0.3327621439899749,0.3438147294897305,0.32963448825617214,0.018729823386407107,0.04817767084410329,0.04870512457984694,-0.0078098149699417085,-5.189871966126414e-4,-0.01105258549975563,0.014180241233558377,0.0026086685371901064
leave_one_event_out,2017,manta,4206253,16-057,Hastings Reef (16-057),2017,Central GBR,0.4399686233158055,10.25,0.4708998808120515,0,0.25,-0.0236801725361532,0,0.0109999999403954,0.0134,b,NA,"bleaching mortality- HC, COTS removal",coral bleaching,"bleaching mortality- HC, COTS removal  coral bleaching",0.35483230329773596,0.30183601869017856,0.33564723852878237,0.3860734714904964,0.3790882115575179,0.2969089477262568,0.29162418804181234,0.3190200382201911,0.08513632001806953,0.13813260462562693,0.10432138478702312,0.05389515182530907,0.06088041175828762,0.14305967558954868,0.14834443527399316,0.1209485850956144,-0.019185064768953583,0.03124116819276046,0.02425590825978191,-0.0529962846075574,-0.004927070963921754,-0.005284759684444473,0.027395850178378756,0.01718401953001253
leave_one_event_out,2017,ltmp,3798883,16-064,Arlington Reef (16-064),2017,Central GBR,0.4694850180503441,10.9,0.3275485175616524,0.0454545468091965,0,-0.0567184747969713,0,0.017000000923872,0.0282,b,NA,"2016/17 summer bleaching.  Decline in HC and SC coral cover, COTS removal-1411",coral bleaching,"2016/17 summer bleaching.  Decline in HC and SC coral cover, COTS removal-1411  coral bleaching",0.354488994647778,0.36449138455183233,0.3645777574442838,0.35705467905193355,0.38286941716865175,0.3606386599644179,0.35022925491532164,0.3646118289710685,0.1149960234025661,0.10499363349851176,0.10490726060606032,0.11243033899841054,0.08661560088169235,0.10884635808592612,0.11925576313502244,0.10487318907927562,0.010088762796505779,0.002565684404155555,0.02838042252087375,0.010002389904054332,-0.003852724587414355,-0.01040940504909632,0.014382574055746819,1.2044441923614313e-4
leave_one_event_out,2017,manta,4067444,16-064,Arlington Reef (16-064),2017,Central GBR,0.3929226571165776,10.9,0.3275485175616524,0.0454545468091965,0,-0.0567184747969713,0,0.017000000923872,0.0282,b,NA,2016/17 summer bleaching,coral bleaching,2016/17 summer bleaching  coral bleaching,0.307243666321201,0.29755896709170343,0.30711336767565833,0.30324990826575104,0.3170986540386045,0.29206287147386556,0.2825537083454583,0.31334358928046296,0.08567899079537661,0.09536369002487416,0.08580928944091926,0.08967274885082654,0.0758240030779731,0.10085978564271204,0.1103689487711193,0.07957906783611463,-1.3029864554264803e-4,-0.003993758055449936,0.009854987717403507,-0.009684699229497551,-0.0054960956178378845,-0.009509163128407258,0.030789880935004676,0.015784622188759534
leave_one_event_out,2017,ltmp,4178616,16-068,Thetford Reef (16-068),2017,Central GBR,0.5781184508275599,10.88,0.4776518962162069,0,0.15,-0.0476190485060215,0,0,0.008,b,NA,"declines in HC and SC .  2016/17 bleaching, COTS removal- 36",coral bleaching,"declines in HC and SC .  2016/17 bleaching, COTS removal- 36  coral bleaching",0.3401627006934854,0.3641476986173221,0.361911209364631,0.3432838867993619,0.37560732154414994,0.3609653558936054,0.344755409875981,0.35324865322573734,0.23795575013407444,0.21397075221023776,0.21620724146292888,0.23483456402819797,0.20251112928340992,0.2171530949339545,0.23336304095157884,0.22486979760182252,0.021748508671145556,0.0031211861058764723,0.03544462085066452,0.02398499792383668,-0.00318234272371673,-0.01620994601762435,0.008493243349756319,-0.01089904539158476
leave_one_event_out,2017,manta,4068557,16-068,Thetford Reef (16-068),2017,Central GBR,0.29336986509802004,10.88,0.4776518962162069,0,0.15,-0.0476190485060215,0,0,0.008,b,NA,declines in HC and SC,coral bleaching,declines in HC and SC  coral bleaching,0.30945077516051234,0.33602270823067554,0.361010259046912,0.3287739473878036,0.35235229812988283,0.3560985466755647,0.3445391819504881,0.3371352620282131,0.01608091006249229,0.04265284313265549,0.06764039394889193,0.03540408228978353,0.05898243303186279,0.06272868157754463,0.05116931685246806,0.04376539693019304,-0.05155948388639964,-0.019323172227291237,-0.0429015229693705,-0.026571933070163197,-0.020075838444889145,0.01155936472507657,0.007403919922275022,-0.0011125537975375521
leave_one_event_out,2017,mmp,4164853,17-009a,Tobias Spit (17-009a),2017,Central GBR,0.2342679928412739,11.03,0.38463526379483487,0.512730344164854,0.2,-0.13782134585691508,0,NA,0.1661,m | b,NA,NA,"coral bleaching at 2.0 m only, crown-of-thorns starfish at 5.0 m only | coral bleaching","coral bleaching at 2.0 m only, crown-of-thorns starfish at 5.0 m only | coral bleaching",0.46634984873131513,0.524685681482074,0.41639519081676807,0.463121137700804,0.46342296361220087,0.46441881064948126,0.4763046885835222,0.6441156820245806,0.23208185589004124,0.2904176886408001,0.18212719797549415,0.2288531448595301,0.22915497077092695,0.23015081780820737,0.24203669574224831,0.4098476891833067,0.04995465791454709,0.0032287110305111444,0.002926885119114292,-0.05833583275075885,0.06026687083259272,-0.011885877934040945,-0.1678109934410584,-0.11943000054250663
leave_one_event_out,2017,mmp,4164870,17-009a,Tobias Spit (17-009a),2017,Central GBR,0.14872477184050006,11.03,0.38463526379483487,0.512730344164854,0.2,-0.13782134585691508,0,NA,0.1661,m | b,NA,NA,"coral bleaching at 2.0 m only, crown-of-thorns starfish at 5.0 m only | coral bleaching","coral bleaching at 2.0 m only, crown-of-thorns starfish at 5.0 m only | coral bleaching",0.4712427395901976,0.5258902812438716,0.41702979220116954,0.4712002399663814,0.4700200311031027,0.46548164271375625,0.477497854228662,0.6563732295443437,0.32251796774969754,0.3771655094033716,0.2683050203606695,0.32247546812588135,0.3212952592626027,0.3167568708732562,0.32877308238816194,0.5076484577038437,0.05421294738902804,4.249962381619454e-5,0.0012227084870948257,-0.05464754165367408,0.06040863853011541,-0.012016211514905728,-0.17887537531568176,-0.13048294830047208
leave_one_event_out,2017,mmp,4164890,17-009a,Tobias Spit (17-009a),2017,Central GBR,0.05606078321823164,11.03,0.21358410651197757,0.512730344164854,0.2,-0.13782134585691508,0,NA,0.1661,m | b,NA,NA,"coral bleaching at 2.0 m only, crown-of-thorns starfish at 5.0 m only | coral bleaching","coral bleaching at 2.0 m only, crown-of-thorns starfish at 5.0 m only | coral bleaching",0.3321510950823844,0.4323157461442419,0.3354553749052461,0.34889417234212505,0.3432585625455428,0.3837459899133852,0.39825544047848693,0.5080158485923874,0.2760903118641527,0.3762549629260103,0.2793945916870144,0.2928333891238934,0.28719777932731116,0.32768520669515355,0.3421946572602553,0.4519550653741557,-0.0033042798228616888,-0.01674307725974067,-0.011107467463158438,-0.10016465106185757,0.04856975623085674,-0.014509450565101722,-0.10976040811390042,-0.0757001024481454
leave_one_event_out,2017,mmp,4164907,17-009a,Tobias Spit (17-009a),2017,Central GBR,0.2341486231112693,11.03,0.21358410651197757,0.512730344164854,0.2,-0.13782134585691508,0,NA,0.1661,m | b,NA,NA,"coral bleaching at 2.0 m only, crown-of-thorns starfish at 5.0 m only | coral bleaching","coral bleaching at 2.0 m only, crown-of-thorns starfish at 5.0 m only | coral bleaching",0.32770157770046643,0.3794528981360229,0.3119609408309855,0.3420218165090221,0.3145535608294712,0.3527247562454905,0.3732175700005898,0.47812541778271217,0.09355295458919712,0.14530427502475354,0.07781231771971622,0.10787319339775278,0.08040493771820192,0.1185761331342212,0.1390689468893205,0.24397679467144287,0.015740636869480892,-0.014320238808555666,0.013148016870995191,-0.05175132043555643,0.02672814189053234,-0.0204928137550993,-0.10490784778212237,-0.09867251964668933
leave_one_event_out,2017,mmp,4157871,17-012,Normanby-Mabel Reef (17-012),2017,Central GBR,0.2364956261642967,10.66,0.2829521385180658,0.301214030998224,0.3,-0.04255128123817098,0,0,0.0138,m,NA,cots and bleaching,"coral bleaching, crown-of-thorns starfish at 5.0 m only | crown-of-thorns starfish at 2.0 m only, coral bleaching","cots and bleaching  coral bleaching, crown-of-thorns starfish at 5.0 m only | crown-of-thorns starfish at 2.0 m only, coral bleaching",0.2846432268859895,0.4278129677209044,0.3071011297403911,0.30268077746252514,0.2910411043960471,0.3747346312909515,0.3895436752566841,0.4175736005827768,0.04814760072169277,0.19131734155660768,0.07060550357609441,0.06618515129822844,0.05454547823175038,0.13823900512665482,0.1530480490923874,0.1810779744184801,-0.02245790285440164,-0.018037550576535673,-0.0063978775100576105,-0.1431697408349149,0.053078336429952855,-0.014809043965732571,-0.02802992532609269,0.010239367138127592
leave_one_event_out,2017,mmp,4157907,17-012,Normanby-Mabel Reef (17-012),2017,Central GBR,0.06087220807229999,10.66,0.2829521385180658,0.301214030998224,0.3,-0.04255128123817098,0,0,0.0138,m,NA,cots and bleaching,"coral bleaching, crown-of-thorns starfish at 5.0 m only | crown-of-thorns starfish at 2.0 m only, coral bleaching","cots and bleaching  coral bleaching, crown-of-thorns starfish at 5.0 m only | crown-of-thorns starfish at 2.0 m only, coral bleaching",0.3670597948824022,0.4552475664770779,0.3498551873671136,0.3921712232628713,0.35627466077872405,0.4060391047760451,0.43232644132256376,0.49701882727861607,0.3061875868101022,0.39437535840477794,0.2889829792948136,0.3312990151905713,0.29540245270642407,0.3451668967037451,0.3714542332502638,0.4361466192063161,0.017204607515288628,-0.025111428380469092,0.010785134103678151,-0.08818777159467572,0.049208461701032824,-0.026287336546518658,-0.06469238595605231,-0.041771260801538146
leave_one_event_out,2017,mmp,4157887,17-013,Round-Russell Reef (17-013),2017,Central GBR,0.18580387067146528,10.66,0.28173456508000466,0.260188090261714,0.3,-0.02457591986345347,0,0,0.0138,m,NA,cots and bleaching,"coral bleaching, crown-of-thorns starfish at 5.0 m only | crown-of-thorns starfish at 2.0 m only, coral bleaching","cots and bleaching  coral bleaching, crown-of-thorns starfish at 5.0 m only | crown-of-thorns starfish at 2.0 m only, coral bleaching",0.3266847135050131,0.43422046039774487,0.3171866744081394,0.31985673770525475,0.31204166236374187,0.3885347124163303,0.4022290971684946,0.4652343541246205,0.14088084283354782,0.2484165897262796,0.13138280373667413,0.13405286703378946,0.1262377916922766,0.20273084174486505,0.2164252264970293,0.27943048345315513,0.00949803909687369,0.006827975799758357,0.014643051141271207,-0.10753574689273179,0.04568574798141456,-0.013694384752164251,-0.06300525695612583,-0.03101389372687552
leave_one_event_out,2017,mmp,4157923,17-013,Round-Russell Reef (17-013),2017,Central GBR,0.14352290229950315,10.66,0.28173456508000466,0.260188090261714,0.3,-0.02457591986345347,0,0,0.0138,m,NA,cots and bleaching,"coral bleaching, crown-of-thorns starfish at 5.0 m only | crown-of-thorns starfish at 2.0 m only, coral bleaching","cots and bleaching  coral bleaching, crown-of-thorns starfish at 5.0 m only | crown-of-thorns starfish at 2.0 m only, coral bleaching",0.3808897799959323,0.5068277700053572,0.3694537867153674,0.3982590422262353,0.3765120354663781,0.43462981815383206,0.4545306485173315,0.5347082353061379,0.23736687769642917,0.363304867705854,0.22593088441586423,0.25473613992673216,0.23298913316687497,0.2911069158543289,0.3110077462178284,0.3911853330066347,0.011435993280564938,-0.017369262230302995,0.004377744529554195,-0.12593799000942485,0.07219795185152511,-0.01990083036349949,-0.08017758678880632,-0.0278804653007807
leave_one_event_out,2017,manta,4068674,17-034,Feather Reef (17-034),2017,Central GBR,0.5084959955779488,8.91,0.285024077948406,0.0454545468091965,0.45,-0.00232205250324435,0,0.0199999995529652,2.4159,b,NA,2015/16 and 2016/17 summer Bleaching,coral bleaching,2015/16 and 2016/17 summer Bleaching  coral bleaching,0.3676087975302893,0.361482271039999,0.3433334096671359,0.37511302699703336,0.37817692657072816,0.3647859133244235,0.3566651874469089,0.46759159350258817,0.14088719804765948,0.14701372453794975,0.1651625859108129,0.13338296858091542,0.13031906900722062,0.14371008225352522,0.15183080813103988,0.04090440207536061,-0.02427538786315342,0.007504229466744061,0.010568129040438856,-0.006126526490290274,0.003303642284424535,-0.008120725877514667,0.11092640605567927,0.10610932246258914
leave_one_event_out,2017,mmp,4147249,17-043a,Jessie-Kent Reef (17-043a),2017,Central GBR,0,8.870000000000001,0.6123292334598036,0.819091872055903,0.6,0.02447074017358741,0,NA,0.5271,b,NA,NA,coral bleaching at 2.0 m only,coral bleaching at 2.0 m only,0.413311497991,0.4461576120173339,0.4122748082753153,0.4223132608031928,0.4431954809185999,0.43295680949705906,0.4280432515836148,0.56239943971976325,0.413311497991,0.4461576120173339,0.4122748082753153,0.4223132608031928,0.4431954809185999,0.43295680949705906,0.4280432515836148,0.56239943971976325,0.0010366897156846577,-0.009001762812192837,-0.029883982927599917,-0.03284611402633392,0.013200802520274835,0.0049135579134442775,-0.13435618813614847,-0.11624182770242936
leave_one_event_out,2017,mmp,4147265,17-043a,Jessie-Kent Reef (17-043a),2017,Central GBR,0,8.870000000000001,0.30633908937272974,0.819091872055903,0.6,0.02447074017358741,0,NA,0.5271,b,NA,NA,coral bleaching at 2.0 m only,coral bleaching at 2.0 m only,0.3100519717636156,0.3564348655838998,0.323320831385582,0.3090591083512891,0.3221831698513466,0.3479041222974158,0.3540162345745958,0.4376156198058516,0.3100519717636156,0.3564348655838998,0.323320831385582,0.3090591083512891,0.3221831698513466,0.3479041222974158,0.3540162345745958,0.4376156198058516,-0.013268859621966389,9.928634123265168e-4,-0.012131198087730999,-0.04638289382028421,0.00853074328648401,-0.006112112277180004,-0.08359938523125582,-0.08118075422195181
leave_one_event_out,2017,mmp,4167071,17-053,Stingaree Reefs (17-053),2017,Central GBR,0.30941820249721835,7.390000000000001,0.3980572350256958,0.954545438289629,0.3,-0.03041230400185246,0,NA,0.7285,b,NA,NA,coral bleaching,coral bleaching,0.3797035797681092,0.363609448984423,0.29369438519654645,0.380423226161389,0.3168746325142683,0.31675802329407365,0.32553502465398326,0.4255114464422627,0.07028537727089085,0.05419124648720463,0.0157238173006719,0.07100502366417072,0.00745643001704993,0.0073398207968553,0.01611682215676491,0.11609324394504432,0.05456155997021894,-7.196463932798713e-4,0.06282894725384092,0.016094130783686218,0.04685142569034933,-0.008777001359909609,-0.09997642178827941,-0.06190199745783969
leave_one_event_out,2017,mmp,4167088,17-053,Stingaree Reefs (17-053),2017,Central GBR,0,7.390000000000001,0.10595285380210603,0.954545438289629,0.3,-0.03041230400185246,0,NA,0.7285,b,NA,NA,coral bleaching,coral bleaching,0.30923878538448646,0.3675898704994683,0.26466775832264494,0.34273746094271473,0.2525477810801233,0.29627683473217165,0.3148956488140018,0.39023955404240857,0.30923878538448646,0.3675898704994683,0.26466775832264494,0.34273746094271473,0.2525477810801233,0.29627683473217165,0.3148956488140018,0.39023955404240857,0.04457102706184152,-0.033498675558228275,0.056691004304363135,-0.05835108511498183,0.07131303576729664,-0.018618814081830137,-0.07534390522840678,-0.02264968354294028
leave_one_event_out,2017,mmp,4167104,17-053,Stingaree Reefs (17-053),2017,Central GBR,0,7.390000000000001,0.3980572350256958,0.954545438289629,0.3,-0.03041230400185246,0,NA,0.7285,b,NA,NA,coral bleaching,coral bleaching,0.3797035797681092,0.363609448984423,0.29369438519654645,0.380423226161389,0.31497208734371696,0.31675802329407365,0.32553502465398326,0.4255114464422627,0.3797035797681092,0.363609448984423,0.29369438519654645,0.380423226161389,0.31497208734371696,0.31675802329407365,0.32553502465398326,0.4255114464422627,0.08600919457156275,-7.196463932798158e-4,0.06473149242439225,0.01609413078368621,0.046851425690349335,-0.008777001359909609,-0.09997642178827942,-0.0619019974578397
leave_one_event_out,2017,mmp,4167123,17-053,Stingaree Reefs (17-053),2017,Central GBR,0.05936106493632762,7.390000000000001,0.10595285380210603,0.954545438289629,0.3,-0.03041230400185246,0,NA,0.7285,b,NA,NA,coral bleaching,coral bleaching,0.2837182755181478,0.26803716438870656,0.2182389413799134,0.2805168612910766,0.21254582499598157,0.22743536117408217,0.24332148616574012,0.27120593685243466,0.2243572105818202,0.20867609945237897,0.15887787644358578,0.221155796354749,0.15318476005965395,0.16807429623775455,0.1839604212294125,0.21184487191610704,0.06547933413823442,0.0032014142270712087,0.07117245052216625,0.015681111129441233,0.04060180321462442,-0.01588612499165795,-0.02788445068669454,-0.00316877246372807
leave_one_event_out,2017,mmp,4142987,18-001,Richards (Bedarra) Reef (18-001),2017,Central GBR,0.2223209532216766,7.35,0.14811911159487465,0.902968042313206,0.4,-0.00633933216516746,0,NA,0.7285,b,NA,NA,coral bleaching,coral bleaching,0.3126974957518209,0.322259266071776,0.2709322687631541,0.31123382343615635,0.3258951981462353,0.2883921574813561,0.2875015066553087,0.34292492134751423,0.09037654253014428,0.0999383128500994,0.04861131554147752,0.08891287021447974,0.10357424492455868,0.0660712042596795,0.0651805534336321,0.12060396812583762,0.04176522698866676,0.0014636723156645354,-0.013197702394414396,-0.009561770319955115,0.0338671085904199,8.9065082604739e-4,-0.05542341469220552,-0.02066565527573823
leave_one_event_out,2017,mmp,4142998,18-001,Richards (Bedarra) Reef (18-001),2017,Central GBR,0.02615463627416631,7.35,0.01280022892267349,0.902968042313206,0.4,-0.00633933216516746,0,NA,0.7285,b,NA,NA,coral bleaching,coral bleaching,0.19290007585885527,0.19489168525946896,0.20022289355277131,0.21363251647732212,0.2219719338815585,0.19040240504245928,0.1985145046553103,0.1749871966155596,0.16674543958468896,0.16873704898530267,0.174068257278605,0.1874778802031558,0.1958172976073922,0.16424776876829297,0.17235986838114398,0.1488325603413933,-0.007322817693916045,-0.020732440618466852,-0.029071858022703234,-0.001991609400613714,0.0044892802170097,-0.008112099612851004,0.023527308039750672,0.019904488643909368
leave_one_event_out,2017,ltmp,4226575,18-030,Kelso Reef (18-030),2017,Central GBR,0.15355750766823173,7.640000000000001,0.32645971409517166,0,0.25,-0.02272727340459825,0,0,0.4772,b,NA,"DHW 2107, plus COTS removal -246",coral bleaching,"DHW 2107, plus COTS removal -246  coral bleaching",0.2433885848081665,0.13072740369334998,0.1912137349920108,0.23045187887464053,0.23467988019252192,0.12361331471541297,0.12865451745393397,0.1757104452651322,0.08983107713993477,0.02283010397488175,0.03765622732377907,0.0768943712064088,0.08112237252429019,0.02994419295281876,0.02490299021429776,0.02215293759690045,0.052174849816155694,0.012936705933525972,0.008708704615644575,0.06700097316505302,-0.00711408897793701,0.005041202738520999,0.0027500526173973097,6.771663779812989e-4
leave_one_event_out,2017,manta,4066156,18-030,Kelso Reef (18-030),2017,Central GBR,0.121336557134839,7.640000000000001,0.32645971409517166,0,0.25,-0.02272727340459825,0,0,0.4772,b,NA,"DHW 2107, plus COTS removal -246",NA,"DHW 2107, plus COTS removal -246",0.2792882838421793,0.20302659521954103,0.2556899783284001,0.2721063605885327,0.2829469732990592,0.1971123967724407,0.2042514783711153,0.27133610738671915,0.1579517267073403,0.08169003808470206,0.13435342119356114,0.15076980345369373,0.16161041616422023,0.07577583963760169,0.08291492123627626,0.14999955025188016,0.023598305513779172,0.007181923253646583,-0.0036586894568799155,0.07626168862263825,0.005914198447100366,-0.007139081598674574,-0.0670846290156039,-0.06830951216717811
leave_one_event_out,2017,ltmp,3811256,18-031,Little Kelso Reef (18-031),2017,Central GBR,0,7.19,0.6162764684729607,0,0.3,0,0,0.111000001430511,0.4358,m,NA,COTS and Bleaching,NA,COTS and Bleaching,0.27494416607405164,0.21619825784792784,0.24827456439621295,0.2827263432915943,0.2861532924617703,0.19500904690772505,0.18788902379459269,0.3051349600766911,0.27494416607405164,0.21619825784792784,0.24827456439621295,0.2827263432915943,0.2861532924617703,0.19500904690772505,0.18788902379459269,0.3051349600766911,0.02666960167783869,-0.007782177217542652,-0.011209126387718649,0.0587459082261238,0.02118921094020279,0.007120023113132368,-0.11724593628209842,-0.08893670222876326
leave_one_event_out,2017,manta,4067875,18-031,Little Kelso Reef (18-031),2017,Central GBR,0.346676653585304,7.19,0.6162764684729607,0,0.3,0,0,0.111000001430511,0.4358,m,NA,COTS and Bleaching,"coral bleaching, crown-of-thorns starfish","COTS and Bleaching  coral bleaching, crown-of-thorns starfish",0.2493441438678686,0.21360058440425467,0.25021967511577475,0.26479797997579,0.2778668181304894,0.19961658360417908,0.1952548070772074,0.28720045076089185,0.09733250971743536,0.1330760691810493,0.09645697846952922,0.08187867360951395,0.06880983545481456,0.1470600699811249,0.15142184650809656,0.05947620282441213,8.755312479061389e-4,0.015453836107921406,0.028522674262620798,-0.03574355946361395,-0.013984000800075586,-0.004361776526971672,0.09194564368368444,0.07359986635663718
leave_one_event_out,2017,manta,4066272,18-039,Dip Reef (18-039),2017,Central GBR,0,6.66,0.19037582525495417,0,0.35,0,0,0,0,NA,NA,NA,NA,NA,0.00770728450540154,0.01212496967016721,0.02403550570172285,0.01147751147674938,0.01271368723103815,0.0158564460026645,0.01613663659580135,0.00997331403253275,0.00770728450540154,0.01212496967016721,0.02403550570172285,0.01147751147674938,0.01271368723103815,0.0158564460026645,0.01613663659580135,0.00997331403253275,-0.01632822119632131,-0.0037702269713478405,-0.00500640272563661,-0.004417685164765669,-0.003731476332497291,-2.8019059313684827e-4,0.006163322563268599,0.0021516556376344597
leave_one_event_out,2017,ltmp,3812066,18-042,Roxburgh Reef (18-042),2017,Central GBR,0.44260099402814246,7.54,0.30938565183178807,0,0.3,0,0,NA,0.491,b,NA,"mortality on sites, but not manta tow for 2016/17 bleaching event.  low disease and Drupella on transects, 8% decline HCC",coral bleaching,"mortality on sites, but not manta tow for 2016/17 bleaching event.  low disease and Drupella on transects, 8% decline HCC  coral bleaching",0.18459902741579384,0.11761659563105044,0.16067080818776175,0.18538184296688023,0.17434263546220102,0.113137967292107,0.12509771660671698,0.16896651402547438,0.25800196661234864,0.32498439839709203,0.2819301858403807,0.2572191510612622,0.26825835856594143,0.32946302673603545,0.3175032774214255,0.2736344800026681,-0.023928219228032066,7.828155510864465e-4,-0.010256391953592792,-0.06698243178474339,-0.004478628338943413,0.011959749314609969,0.04386879741875738,0.05134991839442393
leave_one_event_out,2017,manta,4066197,18-042,Roxburgh Reef (18-042),2017,Central GBR,0,7.54,0.30938565183178807,0,0.3,0,0,NA,0.491,b,NA,"mortality on sites, but not manta tow for 2016/17 bleaching event.  low disease and Drupella on transects, 8% decline HCC",NA,"mortality on sites, but not manta tow for 2016/17 bleaching event.  low disease and Drupella on transects, 8% decline HCC",0.2446709722425523,0.14545654266018265,0.1958536468142863,0.2235991345361622,0.21254854006453827,0.13497063061155243,0.14634893010382688,0.18165606103841428,0.2446709722425523,0.14545654266018265,0.1958536468142863,0.2235991345361622,0.21254854006453827,0.13497063061155243,0.14634893010382688,0.18165606103841428,0.048817325428266,0.021071837706390095,0.032122432178014027,0.09921442958236965,0.010485912048630225,-0.011378299492274452,-0.0353071309345874,-0.03619951837823163
leave_one_event_out,2017,ltmp,3813236,18-043,Fore And Aft Reef (18-043),2017,Central GBR,0,6.88,0.5635922377591336,0,0.2,-0.046536797657609,0,0,0.1789,NA,NA,NA,NA,NA,0.3003868576056895,0.2054531394754736,0.24556388290446635,0.29546931677889987,0.28345048260610217,0.1846620963210505,0.18463121684726683,0.31915842837580577,0.3003868576056895,0.2054531394754736,0.24556388290446635,0.29546931677889987,0.28345048260610217,0.1846620963210505,0.18463121684726683,0.31915842837580577,0.05482297470122316,0.004917540826789635,0.016936374999587334,0.0949337181302159,0.020791043154423122,3.0879473783662625e-5,-0.13452721152853894,-0.11370528890033216
leave_one_event_out,2017,manta,4066100,18-043,Fore And Aft Reef (18-043),2017,Central GBR,0.02873245018644187,6.88,0.5635922377591336,0,0.2,-0.046536797657609,0,0,0.1789,NA,NA,NA,NA,NA,0.2696455783299343,0.20782556092381532,0.2498529141221972,0.27385548558204303,0.27402525188128785,0.1949432925555178,0.1949107269684119,0.31269207123551507,0.2409131281434924,0.17909311073737344,0.2211204639357553,0.24512303539560115,0.24529280169484596,0.1662108423690759,0.16617827678197006,0.2839596210490732,0.019792664207737093,-0.004209907252108763,-0.0043796735513535745,0.06182001740611895,0.012882268368297534,3.256558710584834e-5,-0.11778134426710313,-0.10486651031169975
leave_one_event_out,2017,mmp,4152963,18-048,Pelorus (North Palm or Yanooa) Reef (18-048),2017,Central GBR,0.08530908515297586,9.28,0.2722359681498151,0.377574009518623,0.5,-0.02259490085225746,0,NA,2.1855,b,NA,NA,coral bleaching,coral bleaching,0.2320478023025752,0.2708936314542079,0.21143200979583737,0.20432903028601032,0.1994210739546377,0.2416968617838375,0.2328770714383302,0.29109229897753314,0.14673871714959935,0.18558454630123208,0.12612292464286148,0.11901994513303446,0.11411198880166185,0.15638777663086165,0.14756798628535434,0.20578321382455728,0.020615792506737868,0.02771877201656489,0.032626728347937506,-0.03884582915163273,0.029196769670370437,0.008819790345507311,-0.05821522753920294,-0.020198667523325192
leave_one_event_out,2017,mmp,4152984,18-048,Pelorus (North Palm or Yanooa) Reef (18-048),2017,Central GBR,0.2460548840663221,9.28,0.3391623288471572,0.377574009518623,0.5,-0.02259490085225746,0,NA,2.1855,b,NA,NA,coral bleaching,coral bleaching,0.3024925014742223,0.3244079931111058,0.25687452515078874,0.27317734389603726,0.26985344069157197,0.2894291903311956,0.2774088667075185,0.3850599240740617,0.05643761740790021,0.07835310904478371,0.01081964108446664,0.02712245982971517,0.02379855662524987,0.04337430626487348,0.03135398264119643,0.1390050400077396,0.04561797632343357,0.02931515757818504,0.03263906078265034,-0.0219154916368835,0.03497880277991023,0.012020323623677047,-0.10765105736654318,-0.0606519309629559
leave_one_event_out,2017,mmp,4141824,18-051,Pandora Reef (18-051),2017,Central GBR,0.0829244067853294,8.52,0.20504747335954865,0.454661685700914,0.1,-0.211247395996548,0,NA,0.6292,b,NA,NA,coral bleaching at 2.0 m only,coral bleaching at 2.0 m only,0.283626024347518,0.21166519538187453,0.17499182138729186,0.23913259960309471,0.21794570189282111,0.18600419972121696,0.19791885718990063,0.22949905059604772,0.20070161756218857,0.12874078859654514,0.09206741460196244,0.15620819281776532,0.13502129510749172,0.10307979293588758,0.11499445040457124,0.14657464381071833,0.10863420296022613,0.04449342474442325,0.06568032245469685,0.07196082896564343,0.025660995660657562,-0.011914657468683656,-0.031580193406147095,-0.01783385521417319
leave_one_event_out,2017,mmp,4141843,18-051,Pandora Reef (18-051),2017,Central GBR,0,8.52,0.21758353606981257,0.454661685700914,0.1,-0.211247395996548,0,NA,0.6292,b,NA,NA,coral bleaching at 2.0 m only,coral bleaching at 2.0 m only,0.20271742552532504,0.1597881690601888,0.13616139959743193,0.17912432736463357,0.15890717490563855,0.14644279346867628,0.1569249687820472,0.17831108454878727,0.20271742552532504,0.1597881690601888,0.13616139959743193,0.17912432736463357,0.15890717490563855,0.14644279346867628,0.1569249687820472,0.17831108454878727,0.06655602592789311,0.023593098160691467,0.04381025061968649,0.042929256465136234,0.013345375591512526,-0.010482175313370923,-0.02138611576674007,-0.018522915488598468
leave_one_event_out,2017,mmp,4148243,18-065,Havannah Reef (18-065),2017,Central GBR,0.32043253344777983,8.71,0.6548636804308268,0.238405357804639,0,-0.17298248315022346,0,0,0.4806,b,NA,NA,coral bleaching,coral bleaching,0.3904203325479997,0.48901953045285657,0.3391326658102775,0.4004577187523149,0.3668067696599299,0.40671614772436093,0.43256974868215187,0.5513735163675453,0.06998779910021985,0.16858699700507673,0.01870013236249768,0.08002518530453501,0.04637423621215009,0.0862836142765811,0.11213721523437203,0.23094098291976545,0.05128766673772217,-0.010037386204315157,0.02361356288806976,-0.09859919790485688,0.08230338272849563,-0.025853600957790934,-0.11880376768539341,-0.062353985914688714
leave_one_event_out,2017,mmp,4148260,18-065,Havannah Reef (18-065),2017,Central GBR,0.03010230465002599,8.71,0.18123236954502703,0.238405357804639,0,-0.17298248315022346,0,0,0.4806,b,NA,NA,coral bleaching,coral bleaching,0.2553520266365827,0.33839861762082474,0.23739216858458723,0.27120571938628374,0.23253162768808505,0.2917506707723163,0.32335121446600323,0.3912980570667278,0.22524972198655668,0.30829631297079874,0.20728986393456125,0.24110341473625777,0.20242932303805905,0.2616483661222903,0.29324890981597723,0.3611957524167018,0.01795985805199543,-0.01585369274970108,0.022820398948497633,-0.08304659098424205,0.046647946848508426,-0.03160054369368692,-0.06794684260072459,-0.052899439445903085
leave_one_event_out,2017,manta,4068102,18-075,John Brewer Reef (18-075),2017,Central GBR,0.11063279811203668,5.7,0.6169401021213651,0,0.3,0,0,0.00466666681071122,0.1601,b,NA,"2- bl no mortality, 2016/17 summer bleaching",coral bleaching,"2- bl no mortality, 2016/17 summer bleaching  coral bleaching",0.15869133862835264,0.15746641786089652,0.15947705339623716,0.157749065704898,0.16645846297176017,0.1377642577289393,0.13717008433166716,0.2479448435402685,0.04805854051631596,0.04683361974885984,0.04884425528420048,0.04711626759286132,0.0558256648597235,0.02713145961690262,0.02653728621963048,0.13731204542823183,-7.857147678845197e-4,9.422729234546401e-4,-0.007767124343407539,0.0012249207674561169,0.019702160131957223,5.941733972721387e-4,-0.11077475920860136,-0.09047842567937199
leave_one_event_out,2017,ltmp,4222721,18-076,Helix Reef (18-076),2017,Central GBR,0,5.41,0.35606096891631683,0,0.35,0,0,NA,0.2248,NA,NA,NA,NA,NA,0.1666559581059742,0.0963330223575433,0.1247045570658496,0.13348428303567958,0.14091704850503703,0.09252680129323076,0.1011183358819987,0.17217997800558404,0.1666559581059742,0.0963330223575433,0.1247045570658496,0.13348428303567958,0.14091704850503703,0.09252680129323076,0.1011183358819987,0.17217997800558404,0.0419514010401246,0.033171675070294615,0.025738909600937165,0.07032293574843089,0.00380622106431254,-0.008591534588767935,-0.07106164212358534,-0.07584695564804074
leave_one_event_out,2017,manta,4067890,18-076,Helix Reef (18-076),2017,Central GBR,0,5.41,0.35606096891631683,0,0.35,0,0,NA,0.2248,NA,NA,NA,NA,NA,0.20598885689069385,0.12078721394149952,0.15608839592100668,0.16363451042134158,0.17043360707387864,0.1128719831583711,0.124454558985934,0.19747795824013645,0.20598885689069385,0.12078721394149952,0.15608839592100668,0.16363451042134158,0.17043360707387864,0.1128719831583711,0.124454558985934,0.19747795824013645,0.04990046096968717,0.042354346469352266,0.03555524981681521,0.08520164294919433,0.007915230783128419,-0.011582575827562891,-0.07302339925420245,-0.07669074429863693
leave_one_event_out,2017,ltmp,3812988,18-077,Grub Reef (18-077),2017,Central GBR,0.3475145422795302,5.55,0.10423713822508128,0,0.35,0,0,NA,0.2036,b,NA,DHW 2017>4,coral bleaching,DHW 2017>4  coral bleaching,0.02114907494091489,0.01396433755618184,0.02381907294192305,0.02005309690852337,0.02026418995703232,0.01766907518724569,0.01796997539513172,0.02608509756684704,0.3263654673386153,0.3335502047233484,0.3236954693376072,0.32746144537100685,0.3272503523224979,0.3298454670922845,0.3295445668843985,0.32142944471268314,0.0026699980010081448,-0.0010959780323915314,-8.848849838825612e-4,-0.007184737384733075,0.0037047376310638813,3.0090020788603455e-4,0.008115122171715339,0.012120760010665255
leave_one_event_out,2017,manta,4067827,18-077,Grub Reef (18-077),2017,Central GBR,0.14542755913695127,5.55,0.10423713822508128,0,0.35,0,0,NA,0.2036,b,NA,DHW 2017>4,NA,DHW 2017>4,0.02903276328514208,0.02298877798326085,0.03690157239798471,0.02766994872885626,0.03030800634703364,0.02747525835107894,0.0285788161990971,0.03248200781093224,0.1163947958518092,0.12243878115369042,0.10852598673896656,0.117757610408095,0.11511955278991762,0.11795230078587232,0.11684874293785416,0.11294555132601902,0.007868809112842642,-0.001362814556285799,0.0012752430618915844,-0.006043985301881216,0.0044864803678180964,0.0011035578480181607,0.0039031916118351384,0.009493229827671396
leave_one_event_out,2017,ltmp,4226935,18-081,Knife Reef (18-081),2017,Central GBR,0,6.15,0.2181815427100384,0,0.35,0,0,0,0.0094,b,NA,no decline HCC. Decline in manta coral cover.,NA,no decline HCC. Decline in manta coral cover.,0.03727214794076623,0.02184298069470381,0.04287644250447116,0.03184563967342833,0.03587216228274147,0.02992952193612744,0.0340551891288122,0.02834031973013296,0.03727214794076623,0.02184298069470381,0.04287644250447116,0.03184563967342833,0.03587216228274147,0.02992952193612744,0.0340551891288122,0.02834031973013296,-0.005604294563704933,0.005426508267337898,0.001399985658024759,0.015429167246062418,-0.00808654124142363,-0.004125667192684757,0.005714869398679236,-0.0064973390354291505
leave_one_event_out,2017,manta,4067998,18-081,Knife Reef (18-081),2017,Central GBR,0.2602657014601872,6.15,0.2181815427100384,0,0.35,0,0,0,0.0094,b,NA,no decline HCC. Decline in manta coral cover.,coral bleaching,no decline HCC. Decline in manta coral cover.  coral bleaching,0.04253154297922692,0.02813391451401651,0.0542088703053116,0.03872863239464291,0.0454363575646617,0.03731673503471898,0.04266821411506003,0.03425361248767138,0.21773415848096023,0.23213178694617068,0.2060568311548756,0.22153706906554427,0.2148293438955255,0.2229489664254682,0.21759748734512716,0.2260120889725158,0.011677327326084619,-0.0038029105845840405,0.002904814585434734,-0.01439762846521045,0.00918282052070249,0.005351479080341032,-0.008414601627388635,0.006119697973654886
leave_one_event_out,2017,ltmp,3810820,18-083,Fork Reef (18-083),2017,Central GBR,0,5.33,0.2722404866908392,0,0.35,0,0,0,0.0094,NA,NA,NA,NA,NA,0.03136175192985737,0.01758860579760918,0.02595821640614826,0.03122575495474412,0.0353954694833469,0.01972243707264069,0.0203997211623745,0.01974488814075561,0.03136175192985737,0.01758860579760918,0.02595821640614826,0.03122575495474412,0.0353954694833469,0.01972243707264069,0.0203997211623745,0.01974488814075561,0.005403535523709112,1.3599697511325337e-4,-0.004033717553489531,0.013773146132248192,-0.0021338312750315107,-6.772840897338074e-4,6.548330216188877e-4,-0.0021562823431464304
leave_one_event_out,2017,manta,4067855,18-083,Fork Reef (18-083),2017,Central GBR,0,5.33,0.2722404866908392,0,0.35,0,0,0,0.0094,NA,NA,NA,NA,NA,0.04518971743915442,0.0327474833519031,0.0408498700338683,0.04153928712977002,0.05131262196308377,0.03377029063955953,0.03666549233092046,0.04549579237328517,0.04518971743915442,0.0327474833519031,0.0408498700338683,0.04153928712977002,0.05131262196308377,0.03377029063955953,0.03666549233092046,0.04549579237328517,0.004339847405286118,0.0036504303093843962,-0.00612290452392935,0.01244223408725132,-0.001022807287656434,-0.002895201691360927,-0.008830300042364708,-0.012748309021382069
leave_one_event_out,2017,ltmp,4237697,18-086,Chicken Reef (18-086),2017,Central GBR,0,5.89,0.3336892536023213,0,0.35,0,0,0,0.043,NA,NA,NA,NA,NA,0.04001821585243793,0.02147765436044606,0.04659627445862346,0.0333090040177777,0.04282688531231894,0.03578615481280671,0.03656407069580292,0.03110196545513923,0.04001821585243793,0.02147765436044606,0.04659627445862346,0.0333090040177777,0.04282688531231894,0.03578615481280671,0.03656407069580292,0.03110196545513923,-0.00657805860618553,0.0067092118346602295,-0.002808669459881008,0.018540561491991868,-0.01430850045236065,-7.77915882996208e-4,0.005462105240663689,-0.00962431109469317
leave_one_event_out,2017,ltmp,4237698,18-086,Chicken Reef (18-086),2017,Central GBR,0,5.89,0.31596412610620755,0,0.35,0,0,0,0.043,NA,NA,NA,NA,NA,0.03369087954297993,0.01852832806399279,0.04308684358375714,0.03015786795433957,0.0369801506891983,0.02748765671256393,0.02955754179338125,0.0247081833439849,0.03369087954297993,0.01852832806399279,0.04308684358375714,0.03015786795433957,0.0369801506891983,0.02748765671256393,0.02955754179338125,0.0247081833439849,-0.009395964040777208,0.0035330115886403612,-0.003289271146218367,0.015162551478987141,-0.00895932864857114,-0.0020698850808173186,0.004849358449396348,-0.006179855279992111
leave_one_event_out,2017,manta,4066793,18-086,Chicken Reef (18-086),2017,Central GBR,0,5.89,0.3336892536023213,0,0.35,0,0,0,0.043,NA,NA,NA,NA,NA,0.03019323847303317,0.01798971917539927,0.04692436187878556,0.03385272553293037,0.0405335568069083,0.02797808410533714,0.02887772739219208,0.01674180710795306,0.03019323847303317,0.01798971917539927,0.04692436187878556,0.03385272553293037,0.0405335568069083,0.02797808410533714,0.02887772739219208,0.01674180710795306,-0.016731123405752394,-0.0036594870598971978,-0.010340318333875134,0.0122035192976339,-0.00998836492993787,-8.996432868549412e-4,0.01213592028423902,0.0012479120674462087
leave_one_event_out,2017,manta,4066794,18-086,Chicken Reef (18-086),2017,Central GBR,0,5.89,0.31596412610620755,0,0.35,0,0,0,0.043,NA,NA,NA,NA,NA,0.01447155578130982,0.011854530633492,0.02693627444030149,0.01632470999219833,0.02137950180658628,0.0172830075015669,0.01790075704590531,0.00977158582565933,0.01447155578130982,0.011854530633492,0.02693627444030149,0.01632470999219833,0.02137950180658628,0.0172830075015669,0.01790075704590531,0.00977158582565933,-0.01246471865899167,-0.0018531542108885107,-0.00690794602527646,0.002617025147817819,-0.005428476868074898,-6.177495443384119e-4,0.00812917122024598,0.0020829448078326703
leave_one_event_out,2017,manta,4068082,18-088,Centipede Reef (18-088),2017,Central GBR,0.1695806656485022,4.68,0.3045985392435687,0,0.4,0,0,0,0.0389,b,NA,NA,coral bleaching,coral bleaching,0.00723584319662173,0.00950475635770641,0.01955747151723215,0.00939197159101591,0.01297851838325028,0.01708973642374281,0.01578325700938496,0.00743364144293183,0.16234482245188045,0.16007590929079576,0.15002319413127002,0.16018869405748629,0.1566021472652519,0.15249092922475938,0.15379740863911723,0.16214702420557037,0.012321628320610428,0.0021561283943941634,0.005742675186628549,0.0022689131610846847,0.00758498006603639,-0.0013064794143578529,-0.008349615566453139,-0.002071114914774602
leave_one_event_out,2017,mmp,4150480,19-009c,Magnetic Island Reef (No 2) (19-009c),2017,Central GBR,0.14609663248938115,7.8,0.08711752721169709,1,0.6,0,0,NA,0.9216,b,NA,NA,coral bleaching at 2.0 m only,coral bleaching at 2.0 m only,0.17718433283927057,0.2553481742499911,0.2281710353623268,0.18167097484552705,0.17911442057896024,0.2450593712103372,0.22053833094094183,0.2837341384186742,0.03108770034988942,0.10925154176060996,0.08207440287294565,0.0355743423561459,0.03301778808957908,0.09896273872095604,0.07444169845156068,0.13763750592929302,-0.05098670252305623,-0.0044866420062564805,-0.0019300877396896607,-0.07816384141072054,0.010288803039653918,0.02452104026939536,-0.06319580747773235,-0.028385964168683067
leave_one_event_out,2017,mmp,4150500,19-009c,Magnetic Island Reef (No 2) (19-009c),2017,Central GBR,0,7.8,0.06612993006282528,1,0.6,0,0,NA,0.9216,b,NA,NA,coral bleaching at 2.0 m only,coral bleaching at 2.0 m only,0.04059345602322684,0.1313192763564067,0.10054900083051324,0.05889633200337378,0.02834189453529023,0.1302378160937708,0.128540575769318,0.17455992199314208,0.04059345602322684,0.1313192763564067,0.10054900083051324,0.05889633200337378,0.02834189453529023,0.1302378160937708,0.128540575769318,0.17455992199314208,-0.059955544807286404,-0.018302875980146946,0.012251561487936605,-0.09072582033317986,0.0010814602626358916,0.0016972403244528145,-0.04601934622382409,-0.04324064563673538
leave_one_event_out,2017,ltmp,4223970,21-025,Penrith Reef (21-025),2017,Southern GBR,0.7334236587648599,4.87,0.24561559429316784,0,0.35,0,34.8499670985627,NA,0,m,NA,Aerial bl 4 2017,"coral bleaching, unknown storm","Aerial bl 4 2017  coral bleaching, unknown storm",0.0323916874307586,0.08855313958605922,0.06418419206864184,0.04172245143770326,0.05510217824492234,0.09948482075044898,0.09582297330398788,0.08656853952695517,0.7010319713341013,0.6448705191788007,0.669239466696218,0.6917012073271567,0.6783214805199376,0.633938838014411,0.637600685460872,0.6468551192379047,0.0317925046378833,0.009330764006944658,0.022710490814163764,0.05616145215530066,0.010931681164389695,-0.0036618474464610307,-0.009254433777032722,-0.001984600059104058
leave_one_event_out,2017,manta,4066640,21-187,U/N Reef (21-187),2017,Southern GBR,0,2.35,0.2782784578843715,0,0.5,0,0,NA,0,NA,NA,NA,NA,NA,0.0353540749818448,0.0877636700177025,0.05230554555918193,0.03115182641833581,0.04093269718982786,0.08238202380565567,0.07249748485137418,0.0769727976949613,0.0353540749818448,0.0877636700177025,0.05230554555918193,0.03115182641833581,0.04093269718982786,0.08238202380565567,0.07249748485137418,0.0769727976949613,-0.016951470577337133,0.004202248563508988,-0.00557862220798306,-0.052409595035857695,0.005381646212046828,0.009884538954281485,-0.004475312843587126,0.010790872322741188
leave_one_event_out,2017,ltmp,4238627,21-305,East Cay Reef (21-305),2017,Southern GBR,0.09382327022529612,1.79,0.190808215277117,0,0.45,0,0,0,0.1442,NA,NA,NA,NA,NA,0.02336228209698462,0.05195404098485046,0.03793705341335495,0.01889318082786347,0.02006898555554126,0.05446627339233077,0.05777501494746281,0.08145670987504669,0.0704609881283115,0.04186922924044566,0.05588621681194116,0.07493008939743265,0.07375428466975485,0.03935699683296534,0.0360482552778333,0.01236656035024942,0.01457477131637034,-0.004469101269121145,-0.0032932965414433496,0.028591758887865845,0.0025122324074803165,0.0033087415551320415,0.02368169492758388,0.02950266889019624
leave_one_event_out,2017,manta,4284384,21-305,East Cay Reef (21-305),2017,Southern GBR,0.11224469760741695,1.79,0.190808215277117,0,0.45,0,0,0,0.1442,NA,NA,NA,NA,NA,0.02884660495203047,0.08239182408086371,0.05559515474712234,0.03006498084632847,0.03583183449148502,0.08206438724221389,0.0837231317514334,0.11173023837607816,0.08339809265538649,0.02985287352655326,0.05664954286029462,0.0821797167610885,0.07641286311593196,0.03018031036520307,0.02852156585598357,5.14459231338818e-4,0.02674854979509187,0.0012183758942979905,0.006985229539454532,0.05354521912883323,-3.274368386498097e-4,0.0016587445092195,0.028007106624644753,0.029338414295214443
leave_one_event_out,2017,manta,4284569,21-550,U/N Reef (21-550),2017,Southern GBR,0,2.7,0.7086998755595163,0,0.45,0,0,NA,0.8779,NA,NA,NA,NA,NA,0.04499667389097438,0.09336303764872228,0.06983676253742986,0.05053567362040125,0.06526378437637538,0.08104645990442254,0.07553491702767119,0.06907992139422324,0.04499667389097438,0.09336303764872228,0.06983676253742986,0.05053567362040125,0.06526378437637538,0.08104645990442254,0.07553491702767119,0.06907992139422324,-0.024840088646455483,-0.005538999729426869,-0.020267110485401002,-0.0483663637577479,0.012316577744299742,0.005511542876751346,0.006454995633447952,0.02428311625449904
leave_one_event_out,2017,manta,4284480,22-084,U/N Reef (22-084),2017,Southern GBR,0,1.11,0.6560201134246852,0,0.45,0,0,NA,0.2325,NA,NA,NA,NA,NA,0.03518600951754443,0.08118332541621637,0.07271701828981933,0.04229798543093797,0.05064293743085044,0.07750441675350818,0.07245672064161517,0.07175357222221208,0.03518600951754443,0.08118332541621637,0.07271701828981933,0.04229798543093797,0.05064293743085044,0.07750441675350818,0.07245672064161517,0.07175357222221208,-0.0375310087722749,-0.007111975913393541,-0.01545692791330601,-0.04599731589867194,0.0036789086627081885,0.005047696111893013,7.031484194030824e-4,0.009429753194004284
leave_one_event_out,2017,mmp,4155460,23-016,Humpy (Bur-ye-Bur-ye) Reef (23-016),2017,Southern GBR,0,4.4,0.8221509950951245,0.839025618072616,0.5,-0.00209275107587358,0,NA,0,NA,NA,NA,NA,NA,0.00909301578438451,0.04701624031977511,0.05079858752866538,0.01322984535783096,0.02421255173201794,0.0777980964224252,0.05844630364288849,0.0402695300017924,0.00909301578438451,0.04701624031977511,0.05079858752866538,0.01322984535783096,0.02421255173201794,0.0777980964224252,0.05844630364288849,0.0402695300017924,-0.04170557174428087,-0.00413682957344645,-0.015119535947633432,-0.0379232245353906,-0.030781856102650093,0.019351792779536713,0.018176773641096093,0.006746710317982713
leave_one_event_out,2017,mmp,4155480,23-016,Humpy (Bur-ye-Bur-ye) Reef (23-016),2017,Southern GBR,0.07656755222974268,4.4,0.9518310359141648,0.839025618072616,0.5,-0.00209275107587358,0,NA,0,NA,NA,NA,NA,NA,0.01072830254008991,0.08506743153152037,0.06529211253841424,0.02152703184695513,0.03602712637793233,0.09235438416962025,0.07703964653905745,0.05490823703003517,0.06583924968965277,0.00849987930177768,0.01127543969132843,0.05504052038278755,0.04054042585181035,0.01578683193987755,4.720943093147745e-4,0.02165931519970751,0.05456380999832434,0.01079872930686522,0.02529882383784242,0.05733937038787509,-0.007286952638099869,0.015314737630562774,-0.021187220890392735,-0.01315943589792983
leave_one_event_out,2017,ltmp,3807321,23-080,Hoskyn Islands Reef (23-080),2017,Southern GBR,0,3.62,0.5184034143753605,0,0.3,0,0,NA,0.0096,NA,NA,NA,NA,NA,0.09574013166941092,0.07070399485025858,0.09625596585727415,0.08927552812851412,0.09750952870302994,0.07182267979726,0.08169529572898,0.06633985932786111,0.09574013166941092,0.07070399485025858,0.09625596585727415,0.08927552812851412,0.09750952870302994,0.07182267979726,0.08169529572898,0.06633985932786111,-5.158341878632317e-4,0.006464603540896799,-0.0017693970336190162,0.025036136819152344,-0.0011186849470014165,-0.009872615931720008,0.015355436401118888,0.004364135522397464
leave_one_event_out,2017,ltmp,4180878,23-081,Fairfax Islands Reef (23-081),2017,Southern GBR,0.00425532870894566,3.48,0.8472675617256902,0,0.3,0,0,NA,0.014,NA,NA,NA,NA,NA,0.08222201966663657,0.08374701936587807,0.08897295443365001,0.0953139090261048,0.10011691984503636,0.0834258059741947,0.09168083325828227,0.09012550421578588,0.0779666909576909,0.0794916906569324,0.08471762572470434,0.09105858031715916,0.09586159113609068,0.07917047726524903,0.0874255045493366,0.08587017550684022,-0.006750934767013439,-0.013091889359468256,-0.017894900178399772,-0.0015249996992414971,3.2121339168336704e-4,-0.008255027284087571,0.0015553290424963895,-0.0063784848499078145
leave_one_event_out,2020,ltmp,4241130,11-016,McSweeney Reef (11-016),2020,Northern GBR,0,9.91,0,0.0525382609496303,0.8,0.0525382609496303,0,0.137999996542931,0.1315,NA,NA,NA,NA,NA,0.04179682117955995,0.03694985713422084,0.0679472201828546,0.04520268152532348,0.04267056327024501,0.03843653189515349,0.04238477181949844,0.05359609405333616,0.04179682117955995,0.03694985713422084,0.0679472201828546,0.04520268152532348,0.04267056327024501,0.03843653189515349,0.04238477181949844,0.05359609405333616,-0.026150399003294647,-0.0034058603457635325,-8.737420906850604e-4,0.00484696404533911,-0.0014866747609326506,-0.003948239924344954,-0.011211322233837716,-0.01664623691911532
leave_one_event_out,2020,ltmp,4240950,11-029,Monsoon Reef (11-029),2020,Northern GBR,0,9.9,0.01821738686117005,0.0476190485060215,0.7,0.0476190485060215,0,0.0419999994337559,0.0517,NA,NA,NA,NA,NA,0.02570989806421486,0.03370677053419724,0.0476174587615804,0.02993475760522563,0.03381029280691483,0.03642536595608676,0.03704770608267222,0.04018215988379245,0.02570989806421486,0.03370677053419724,0.0476174587615804,0.02993475760522563,0.03381029280691483,0.03642536595608676,0.03704770608267222,0.04018215988379245,-0.021907560697365536,-0.004224859541010768,-0.008100394742699971,-0.007996872469982378,-0.0027185954218895206,-6.223401265854633e-4,-0.003134453801120228,-0.006475389349595212
leave_one_event_out,2020,ltmp,4241527,11-049,U/N Reef (11-049),2020,Northern GBR,0,10.27,0.05026075456587661,0.203230144417751,1,0.203230144417751,0,0,0.0029,NA,NA,NA,NA,NA,0.15162605313711702,0.08225028253745782,0.11815257154285728,0.1377978016907188,0.12489698650483554,0.0844269055299489,0.08607371821997095,0.08508582957435212,0.15162605313711702,0.08225028253745782,0.11815257154285728,0.1377978016907188,0.12489698650483554,0.0844269055299489,0.08607371821997095,0.08508582957435212,0.03347348159425974,0.01382825144639821,0.026729066632281487,0.0693757705996592,-0.0021766229924910785,-0.0016468126900220509,9.878886456188285e-4,-0.002835547036894301
leave_one_event_out,2020,ltmp,4240770,11-162,U/N Reef (11-162),2020,Northern GBR,0,10.15,0.03729779519442613,0.185014326151332,0.8,0.08756921956714261,0,0,5e-4,NA,NA,NA,NA,NA,0.10753458064291896,0.06978562979431603,0.09557882515715715,0.09754946088668293,0.08018089536355341,0.07010640827615103,0.07287406129611818,0.07230394692305141,0.10753458064291896,0.06978562979431603,0.09557882515715715,0.09754946088668293,0.08018089536355341,0.07010640827615103,0.07287406129611818,0.07230394692305141,0.011955755485761804,0.009985119756236033,0.027353685279365547,0.03774895084860293,-3.2077848183499624e-4,-0.002767653019967148,5.701143730667685e-4,-0.0025183171287353756
leave_one_event_out,2020,ltmp,4241317,12-056,Mantis Reef (12-056),2020,Northern GBR,0,6.93,0.3898113715032407,0.0892048905975771,0.8,0.03934502285959149,0,0,0,NA,NA,NA,NA,NA,0.19453839536391104,0.11110359043027132,0.13919972891412416,0.16518244373032723,0.15025990692722602,0.10209059576437245,0.11385493379806416,0.11961547704975405,0.19453839536391104,0.11110359043027132,0.13919972891412416,0.16518244373032723,0.15025990692722602,0.10209059576437245,0.11385493379806416,0.11961547704975405,0.05533866644978688,0.029355951633583816,0.044278488436685026,0.08343480493363972,0.009012994665898874,-0.011764338033691715,-0.005760543251689884,-0.008511886619482725
leave_one_event_out,2020,manta,4285302,12-056,Mantis Reef (12-056),2020,Northern GBR,0,6.93,0.3898113715032407,0.0892048905975771,0.8,0.03934502285959149,0,0,0,NA,NA,NA,NA,NA,0.2309780131216233,0.10960942778778553,0.17638848214111438,0.2061988565395791,0.1895971526710707,0.10057099747210438,0.11503335704850862,0.11878171348990628,0.2309780131216233,0.10960942778778553,0.17638848214111438,0.2061988565395791,0.1895971526710707,0.10057099747210438,0.11503335704850862,0.11878171348990628,0.05458953098050892,0.024779156582044215,0.041380860450552615,0.12136858533383778,0.009038430315681148,-0.014462359576404238,-0.0037483564413976628,-0.009172285702120753
leave_one_event_out,2020,ltmp,4241954,12-061,Lagoon Reef (12-061),2020,Northern GBR,0.01507337938402603,4.75,0.3055923846646609,0.0899146378992373,0.8,0.0411666534528761,0,0,0,NA,NA,NA,NA,NA,0.04507256337181355,0.03278324177533572,0.04210125785583243,0.03177001180223025,0.02648926940451775,0.02962781444218005,0.03153275497347677,0.03208531891764594,0.02999918398778751,0.01770986239130968,0.02702787847180639,0.01669663241820421,0.01141589002049171,0.01455443505815401,0.01645937558945073,0.0170119395336199,0.0029713055159811194,0.0133025515695833,0.0185832939672958,0.012289321596477831,0.0031554273331556686,-0.0019049405312967192,-5.525639441691689e-4,6.979228576897804e-4
leave_one_event_out,2020,manta,4285502,12-061,Lagoon Reef (12-061),2020,Northern GBR,0.03001194172638761,4.75,0.3055923846646609,0.0899146378992373,0.8,0.0411666534528761,0,0,0,NA,NA,NA,NA,NA,0.07210835116127666,0.04346100285041806,0.07998348478181715,0.06537673386527115,0.05857433163824766,0.04043128379533931,0.04374594911108188,0.04300204112957858,0.04209640943488904,0.01344906112403044,0.04997154305542953,0.03536479213888353,0.02856238991186005,0.0104193420689517,0.01373400738469427,0.01299009940319096,-0.007875133620540486,0.006731617296005514,0.013534019523028993,0.028647348310858602,0.0030297190550787403,-0.0033146653157425706,7.439079815033112e-4,4.589617208394809e-4
leave_one_event_out,2020,manta,4285461,12-098,Second Small Reef (12-098),2020,Northern GBR,0,5.24,0.3381494885521303,0.0909090936183779,0.6,0.06709956936536715,0,0,0,NA,NA,NA,NA,NA,0.03256460669286312,0.02370729214906742,0.02374099645848858,0.02479122992437736,0.02071805357201364,0.02200498573781163,0.02227744519851144,0.02317579544597572,0.03256460669286312,0.02370729214906742,0.02374099645848858,0.02479122992437736,0.02071805357201364,0.02200498573781163,0.02227744519851144,0.02317579544597572,0.008823610234374536,0.007773376768485756,0.011846553120849476,0.008857314543795698,0.0017023064112557905,-2.7245946069981083e-4,-8.983502474642809e-4,5.314967030916988e-4
leave_one_event_out,2020,manta,4285371,13-040,U/N Reef (13-040),2020,Northern GBR,0,5.71,0.24399445805754705,0.134420545296818,0.8,0.08681223668471189,0,0,0,NA,NA,NA,NA,NA,0.05568318728055919,0.03483628598709924,0.04778726949399228,0.04168215647084768,0.03642878645841017,0.03450373884793364,0.03618898287046913,0.03879360235970854,0.05568318728055919,0.03483628598709924,0.04778726949399228,0.04168215647084768,0.03642878645841017,0.03450373884793364,0.03618898287046913,0.03879360235970854,0.007895917786566911,0.01400103080971151,0.01925440082214902,0.020846901293459952,3.325471391655982e-4,-0.0016852440225354898,-0.0026046194892394084,-0.0039573163726093
leave_one_event_out,2020,manta,1273024,13-056,Sand Bank No 8 Reef (13-056),2020,Northern GBR,0,6.05,0.28785802954717904,0.102302556138813,0.7,0.0546835076327915,0,NA,0,NA,NA,NA,NA,NA,0.10875659979451686,0.05324777205706346,0.07647917618285838,0.08161898257921524,0.07221044825688014,0.05039769099144518,0.05486181416232056,0.05726597724216888,0.10875659979451686,0.05324777205706346,0.07647917618285838,0.08161898257921524,0.07221044825688014,0.05039769099144518,0.05486181416232056,0.05726597724216888,0.03227742361165849,0.027137617215301627,0.036546151537636726,0.05550882773745341,0.002850081065618279,-0.004464123170875384,-0.0024041630798483163,-0.004018205185105421
leave_one_event_out,2020,manta,1273199,13-118a,Creech Reef (North) (13-118a),2020,Northern GBR,0,7.74,0.20553968253505503,0.0454545468091965,0.45,-0.00108225084841249,0,0,0,b,NA,DHW 7.5 in 2020,coral bleaching,DHW 7.5 in 2020  coral bleaching,0.15685937293001026,0.08782757242793336,0.1248433611087023,0.13256818549215774,0.137598380948119,0.09425266950161812,0.09397022154622511,0.09105882154826696,0.15685937293001026,0.08782757242793336,0.1248433611087023,0.13256818549215774,0.137598380948119,0.09425266950161812,0.09397022154622511,0.09105882154826696,0.03201601182130796,0.024291187437852524,0.019260991981891268,0.0690318005020769,-0.006425097073684757,2.8244795539300593e-4,0.0029113999979581556,-0.003231249120333596
leave_one_event_out,2020,manta,1273143,13-121,U/N Reef (13-121),2020,Northern GBR,0,7.390000000000001,0.2860968037779288,0.141043918503803,0.5,-0.003020966477698,0,0,0,NA,NA,NA,NA,NA,0.0434634294845169,0.0424463605422919,0.03789892975991894,0.04101729825625098,0.03902301267265023,0.0474798328287534,0.04508135209345119,0.04464546605583396,0.0434634294845169,0.0424463605422919,0.03789892975991894,0.04101729825625098,0.03902301267265023,0.0474798328287534,0.04508135209345119,0.04464546605583396,0.0055644997245979586,0.0024461312282659173,0.004440416811866667,0.0010170689422249954,-0.0050334722864614975,0.0023984807353022095,4.3588603761723216e-4,-0.002199105513542056
leave_one_event_out,2020,ltmp,4242164,13-124,U/N Reef (13-124),2020,Northern GBR,0,6.23,0.1306214585754571,0.268740687501728,0.6,0.04949371892195003,0,0.12899999320507,0.0668,NA,NA,NA,NA,NA,0.0806450644726267,0.04408292384970286,0.06572138613214079,0.05074833185858121,0.05253242121799149,0.04113849071846545,0.04304163034533711,0.05685455669343305,0.0806450644726267,0.04408292384970286,0.06572138613214079,0.05074833185858121,0.05253242121799149,0.04113849071846545,0.04304163034533711,0.05685455669343305,0.014923678340485913,0.029896732614045497,0.028112643254635215,0.036562140622923844,0.002944433131237413,-0.0019031396268716638,-0.013812926348095937,-0.012771632843730188
leave_one_event_out,2020,manta,4285229,13-124,U/N Reef (13-124),2020,Northern GBR,0,6.23,0.1306214585754571,0.268740687501728,0.6,0.04949371892195003,0,0.12899999320507,0.0668,NA,NA,NA,NA,NA,0.12223816864866484,0.05097902106180911,0.09571355599477444,0.0898682100011112,0.08731869163370114,0.04854324122936087,0.05007122842796542,0.06444884963425762,0.12223816864866484,0.05097902106180911,0.09571355599477444,0.0898682100011112,0.08731869163370114,0.04854324122936087,0.05007122842796542,0.06444884963425762,0.026524612653890403,0.03236995864755364,0.0349194770149637,0.07125914758685573,0.0024357798324482413,-0.001527987198604551,-0.014377621206292199,-0.013469828572448508
leave_one_event_out,2020,manta,4285437,13-127,Rodda Reef (13-127),2020,Northern GBR,0,6.78,0.4401544858242428,0.138582872747245,0.5,-0.03707708314168803,0,0,0,NA,NA,NA,NA,NA,0.18406140050975275,0.10845117819635491,0.1419340338234081,0.1393238554031855,0.12626574916066496,0.100500303693976,0.11042042879754566,0.10561443548428938,0.18406140050975275,0.10845117819635491,0.1419340338234081,0.1393238554031855,0.12626574916066496,0.100500303693976,0.11042042879754566,0.10561443548428938,0.04212736668634465,0.044737545106567245,0.05779565134908779,0.07561022231339784,0.007950874502378913,-0.009920125103569655,0.0048059933132562765,0.0028367427120655347
leave_one_event_out,2020,ltmp,4240554,13-130,Davie Reef (13-130),2020,Northern GBR,0,6.3,0.21771364805622545,0.141628880087021,0.4,-0.06235237039037453,0,0,0,NA,NA,NA,NA,NA,0.10069212035985188,0.06986726322245722,0.05954272114527675,0.0625478262551752,0.05611418380284227,0.06383064517473061,0.07045097008170656,0.0727289438248636,0.10069212035985188,0.06986726322245722,0.05954272114527675,0.0625478262551752,0.05611418380284227,0.06383064517473061,0.07045097008170656,0.0727289438248636,0.04114939921457513,0.03814429410467668,0.04457793655700961,0.030824857137394662,0.006036618047726608,-0.0066203249069759496,-0.0022779737431570385,-0.00286168060240638
leave_one_event_out,2020,manta,4285384,13-130,Davie Reef (13-130),2020,Northern GBR,0,6.3,0.21771364805622545,0.141628880087021,0.4,-0.06235237039037453,0,0,0,NA,NA,NA,NA,NA,0.134735337736842,0.0766604949478925,0.09545742256311136,0.0988307947760629,0.09325564613315251,0.07064508076570047,0.07893578780508649,0.07699787372466951,0.134735337736842,0.0766604949478925,0.09545742256311136,0.0988307947760629,0.09325564613315251,0.07064508076570047,0.07893578780508649,0.07699787372466951,0.039277915173730624,0.03590454296077909,0.04147969160368947,0.05807484278894949,0.006015414182192022,-0.008290707039386017,0.0019379140804169775,-3.37378776777017e-4
leave_one_event_out,2020,ltmp,4242374,14-016,Corbett Reef (14-016),2020,Northern GBR,0,6.41,0.2911085559294725,0.284078085042999,0.6,0.00591799773686096,0,0,0.015,NA,NA,NA,NA,NA,0.09190669905193798,0.04645771177381536,0.0700342830987989,0.05744354308566203,0.0633739204838587,0.04344857785361872,0.0455602389142253,0.05021415055007647,0.09190669905193798,0.04645771177381536,0.0700342830987989,0.05744354308566203,0.0633739204838587,0.04344857785361872,0.0455602389142253,0.05021415055007647,0.021872415953139074,0.034463155966275943,0.028532778568079273,0.04544898727812262,0.0030091339201966383,-0.002111661060606583,-0.004653911635851167,-0.0037564387762611118
leave_one_event_out,2020,manta,4285337,14-016,Corbett Reef (14-016),2020,Northern GBR,0,6.41,0.2911085559294725,0.284078085042999,0.6,0.00591799773686096,0,0,0.015,NA,NA,NA,NA,NA,0.06436273899446464,0.03620367989550932,0.05742441401350101,0.04386529919555096,0.05068371736988747,0.03570652462705909,0.03461389166401815,0.0383987701593654,0.06436273899446464,0.03620367989550932,0.05742441401350101,0.04386529919555096,0.05068371736988747,0.03570652462705909,0.03461389166401815,0.0383987701593654,0.0069383249809636255,0.020497439798913678,0.013679021624577167,0.028159059098955316,4.971552684502334e-4,0.0010926329630409418,-0.0037848784953472547,-0.0021950902638560796
leave_one_event_out,2020,ltmp,4241737,14-045,Sand Bank No 1 Reef (14-045),2020,Northern GBR,0,5.3100000000000005,0.27336182170684664,0.234911726461158,0.7,0.0987843427408755,0,0,0,NA,NA,NA,NA,NA,0.08295255621039753,0.07134332836495368,0.08224516048391901,0.05202042820966999,0.04581392958630834,0.06385216364462519,0.07099258963940906,0.0723376122624574,0.08295255621039753,0.07134332836495368,0.08224516048391901,0.05202042820966999,0.04581392958630834,0.06385216364462519,0.07099258963940906,0.0723376122624574,7.073957264785158e-4,0.03093212800072754,0.03713862662408919,0.011609227845443854,0.007491164720328486,-0.007140425994783872,-0.0013450226230483364,-9.942838975037227e-4
leave_one_event_out,2020,manta,4285215,14-045,Sand Bank No 1 Reef (14-045),2020,Northern GBR,0,5.3100000000000005,0.27336182170684664,0.234911726461158,0.7,0.0987843427408755,0,0,0,NA,NA,NA,NA,NA,0.08041256932863543,0.06870934232279635,0.08058383894224745,0.06968399191709404,0.06203284657683368,0.06013645844602649,0.0678789338261955,0.06736008504526803,0.08041256932863543,0.06870934232279635,0.08058383894224745,0.06968399191709404,0.06203284657683368,0.06013645844602649,0.0678789338261955,0.06736008504526803,-1.7126961361202397e-4,0.010728577411541387,0.018379722751801747,0.011703227005839076,0.008572883876769861,-0.007742475380169013,5.188487809274778e-4,0.0013492572775283262
leave_one_event_out,2020,ltmp,4171460,14-114,MacGillivray Reef (14-114),2020,Northern GBR,0,5.98,0.04416802941607665,0,0.3,0,0,0,0.0044,NA,NA,NA,NA,NA,0.03190903379094584,0.01970594793232732,0.02687794347411594,0.02184205242520689,0.02736922517254562,0.02042628254869289,0.01984675803612318,0.01910277679165922,0.03190903379094584,0.01970594793232732,0.02687794347411594,0.02184205242520689,0.02736922517254562,0.02042628254869289,0.01984675803612318,0.01910277679165922,0.005031090316829901,0.010066981365738949,0.004539808618400219,0.012203085858618519,-7.203346163655693e-4,5.795245125697103e-4,7.439812444639607e-4,6.031711406681017e-4
leave_one_event_out,2020,manta,4206379,14-114,MacGillivray Reef (14-114),2020,Northern GBR,0,5.98,0.04416802941607665,0,0.3,0,0,0,0.0044,NA,NA,NA,NA,NA,0.05179130025385388,0.02414602139539565,0.04342288792290687,0.03640109035652977,0.0446540091279571,0.02524346766647508,0.02415106929089782,0.023673941967297,0.05179130025385388,0.02414602139539565,0.04342288792290687,0.03640109035652977,0.0446540091279571,0.02524346766647508,0.02415106929089782,0.023673941967297,0.008368412330947012,0.015390209897324113,0.007137291125896783,0.02764527885845823,-0.0010974462710794282,0.0010923983755772582,4.7712732360082055e-4,4.7207942809865053e-4
leave_one_event_out,2020,ltmp,4169251,14-116a,Lizard Island Reef (North West) (14-116a),2020,Northern GBR,0,5.3,0.06618477242864539,0.0500000007450581,0.75,0.0034632030874491,0,0,0,NA,NA,NA,NA,NA,9.01427411753309e-4,0.01851814078324722,8.706024912851979e-4,0.0045950065503778,0.00508519556453567,0.01672059436614727,0.01787612071710404,0.01801551393062335,9.01427411753309e-4,0.01851814078324722,8.706024912851979e-4,0.0045950065503778,0.00508519556453567,0.01672059436614727,0.01787612071710404,0.01801551393062335,3.082492046811106e-5,-0.003693579138624491,-0.004183768152782361,-0.01761671337149391,0.0017975464170999489,-0.001155526350956771,-1.3939321351930795e-4,5.026268526238699e-4
leave_one_event_out,2020,manta,4285519,14-116a,Lizard Island Reef (North West) (14-116a),2020,Northern GBR,0,5.3,0.06618477242864539,0.0500000007450581,0.75,0.0034632030874491,0,0,0,NA,NA,NA,NA,NA,0.01572982910171663,0.02427914517216455,0.00975060109629481,0.01910598588673544,0.01677844307555686,0.02292680040497115,0.02436189431405388,0.02467285261734904,0.01572982910171663,0.02427914517216455,0.00975060109629481,0.01910598588673544,0.01677844307555686,0.02292680040497115,0.02436189431405388,0.02467285261734904,0.005979228005421819,-0.003376156785018812,-0.001048613973840231,-0.00854931607044792,0.0013523447671933975,-0.0014350939090827276,-3.109583032951599e-4,-3.9370744518449005e-4
leave_one_event_out,2020,ltmp,4172978,14-123,Martin Reef (14-123),2020,Northern GBR,0,4.94,0.2992595473639654,0.098280878336019,0.1,-0.064283594326881,0,0,0.0027,NA,NA,NA,NA,NA,0.02740922087028767,0.02158673203535986,0.01502508875316142,0.01770421048531783,0.01534102649337731,0.02144126130695482,0.02061891630447027,0.02021670230633189,0.02740922087028767,0.02158673203535986,0.01502508875316142,0.01770421048531783,0.01534102649337731,0.02144126130695482,0.02061891630447027,0.02021670230633189,0.01238413211712625,0.00970501038496984,0.01206819437691036,0.005822488834927808,1.4547072840504285e-4,8.223450024845494e-4,4.0221399813837946e-4,0.0013700297290279717
leave_one_event_out,2020,manta,4285473,14-123,Martin Reef (14-123),2020,Northern GBR,0,4.94,0.2992595473639654,0.098280878336019,0.1,-0.064283594326881,0,0,0.0027,NA,NA,NA,NA,NA,0.04460807302390125,0.0294803367569583,0.02979346800052844,0.03330574464533343,0.03079958091889852,0.02953746915238483,0.02797368946012648,0.02731534275740394,0.04460807302390125,0.0294803367569583,0.02979346800052844,0.03330574464533343,0.03079958091889852,0.02953746915238483,0.02797368946012648,0.02731534275740394,0.014814605023372809,0.011302328378567816,0.013808492105002727,0.015127736266942946,-5.713239542652973e-5,0.0015637796922583491,6.583467027225405e-4,0.00216499399955436
leave_one_event_out,2020,ltmp,4175203,14-126,Linnet Reef (14-126),2020,Northern GBR,0,5.2700000000000005,0.5318946790110578,0.0902280660755074,0.1,-0.07074952892346209,0,0,0.0027,NA,NA,NA,NA,NA,0.04013010375499055,0.03659710151633907,0.03306021577275562,0.03168873065742645,0.03089099705236828,0.03462798254342102,0.03321529875022307,0.03290038224884912,0.04013010375499055,0.03659710151633907,0.03306021577275562,0.03168873065742645,0.03089099705236828,0.03462798254342102,0.03321529875022307,0.03290038224884912,0.007069887982234929,0.008441373097564098,0.00923910670262227,0.003533002238651481,0.0019691189729180505,0.0014126837931979497,3.149165013739477e-4,0.003696719267489948
leave_one_event_out,2020,manta,4285403,14-126,Linnet Reef (14-126),2020,Northern GBR,0.22967967092165917,5.2700000000000005,0.5318946790110578,0.0902280660755074,0.1,-0.07074952892346209,0,0,0.0027,NA,NA,NA,NA,NA,0.13623360775611768,0.0689080345484532,0.1066620960127544,0.11448747487790792,0.10293769073901624,0.06314096606801059,0.06519186394052606,0.06325170362930142,0.09344606316554148,0.16077163637320596,0.12301757490890478,0.11519219604375124,0.12674198018264293,0.16653870485364858,0.1644878069811331,0.16642796729235776,-0.029571511743363296,-0.021746132878209756,-0.033295917017101453,-0.06732557320766448,-0.0057670684804426164,0.0020508978725154725,-0.0019401603112246535,-0.005656330919151797
leave_one_event_out,2020,ltmp,4173746,14-137,Carter Reef (14-137),2020,Northern GBR,0,7.72,0.06116098425782691,0,0.25,-0.02380952425301075,0,NA,0,NA,NA,NA,NA,NA,0.02125520642627891,0.02337430991988463,0.03001112115523522,0.01593972037594251,0.02244204849999932,0.02725938701842035,0.02477122729322408,0.02488158693997575,0.02125520642627891,0.02337430991988463,0.03001112115523522,0.01593972037594251,0.02244204849999932,0.02725938701842035,0.02477122729322408,0.02488158693997575,-0.008755914728956309,0.0053154860503363995,-0.0011868420737204087,-0.0021191034936057195,-0.003885077098535722,0.0024881597251962713,-1.1035964675167043e-4,-0.001507277020091121
leave_one_event_out,2020,manta,3988791,14-137,Carter Reef (14-137),2020,Northern GBR,0,7.72,0.06116098425782691,0,0.25,-0.02380952425301075,0,NA,0,NA,NA,NA,NA,NA,0.0511778808485446,0.03022648137017953,0.06087195405055606,0.03997559323931331,0.04961926755130156,0.03474335167712224,0.03150018861986382,0.03179180848240104,0.0511778808485446,0.03022648137017953,0.06087195405055606,0.03997559323931331,0.04961926755130156,0.03474335167712224,0.03150018861986382,0.03179180848240104,-0.00969407320201146,0.011202287609231289,0.001558613297243036,0.02095139947836507,-0.00451687030694271,0.0032431630572584205,-2.916198625372221e-4,-0.0015653271122215116
leave_one_event_out,2020,ltmp,4175972,14-138,Yonge Reef (14-138),2020,Northern GBR,0,8.11,0.089579671200695,0,0.3,0,0,0,0,NA,NA,NA,NA,NA,0.0396704538037427,0.02509800714520892,0.04441551204078178,0.03331568587909098,0.03858117750800891,0.02963525175916395,0.02702744367624864,0.02780255257329722,0.0396704538037427,0.02509800714520892,0.04441551204078178,0.03331568587909098,0.03858117750800891,0.02963525175916395,0.02702744367624864,0.02780255257329722,-0.004745058237039079,0.0063547679246517205,0.0010892762957337918,0.014572446658533779,-0.0045372446139550285,0.0026078080829153097,-7.751088970485813e-4,-0.0027045454280883
leave_one_event_out,2020,manta,4206463,14-138,Yonge Reef (14-138),2020,Northern GBR,0,8.11,0.089579671200695,0,0.3,0,0,0,0,NA,NA,NA,NA,NA,0.09717033312631485,0.03623572614711194,0.09211524939676018,0.07398876620039287,0.07956963068264014,0.04100546073478501,0.03707521854993396,0.03801988075303311,0.09717033312631485,0.03623572614711194,0.09211524939676018,0.07398876620039287,0.07956963068264014,0.04100546073478501,0.03707521854993396,0.03801988075303311,0.0050550837295546686,0.02318156692592198,0.017600702443674704,0.06093460697920291,-0.0047697345876730746,0.003930242184851052,-9.446622030991475e-4,-0.0017841546059211705
leave_one_event_out,2020,ltmp,4169995,14-139,No Name Reef (14-139),2020,Northern GBR,0,7.87,0.1266797360320862,0,0.3,0,0,0,0,NA,NA,NA,NA,NA,0.05494846121651502,0.03316586353376016,0.0487542843351578,0.04474502493331382,0.05515310077113544,0.03826065444675753,0.03408449186673363,0.03514569450147273,0.05494846121651502,0.03316586353376016,0.0487542843351578,0.04474502493331382,0.05515310077113544,0.03826065444675753,0.03408449186673363,0.03514569450147273,0.006194176881357219,0.010203436283201195,-2.0463955462041855e-4,0.02178259768275486,-0.005094790912997374,0.004176162580023901,-0.0010612026347390988,-0.0019798309677125717
leave_one_event_out,2020,manta,3988853,14-139,No Name Reef (14-139),2020,Northern GBR,0,7.87,0.1266797360320862,0,0.3,0,0,0,0,NA,NA,NA,NA,NA,0.10338857296043832,0.04685097552182303,0.08581232850171755,0.08506572590146766,0.09893509329476877,0.04984631830747554,0.04678946455417469,0.04669957820354376,0.10338857296043832,0.04685097552182303,0.08581232850171755,0.08506572590146766,0.09893509329476877,0.04984631830747554,0.04678946455417469,0.04669957820354376,0.017576244458720774,0.018322847058970665,0.0044534796656695574,0.05653759743861529,-0.0029953427856525064,0.0030568537533008505,8.988635063093137e-5,1.513973182792755e-4
leave_one_event_out,2020,ltmp,4172234,14-143,North Direction Reef (14-143),2020,Northern GBR,0,6.57,0.1598059524239039,0,0.35,0,0,0.0560000017285347,0.0044,NA,NA,NA,NA,NA,0.0439126688461799,0.02081637845728114,0.02107633206297169,0.03048109559028927,0.03327737848437809,0.02184064183011223,0.02185101116522122,0.02115433393639508,0.0439126688461799,0.02081637845728114,0.02107633206297169,0.03048109559028927,0.03327737848437809,0.02184064183011223,0.02185101116522122,0.02115433393639508,0.02283633678320821,0.01343157325589063,0.01063529036180181,0.02309629038889876,-0.0010242633728310899,-1.0369335108988825e-5,6.966772288261383e-4,-3.379554791139404e-4
leave_one_event_out,2020,manta,4068424,15-093,Pickersgill Reef (15-093),2020,Central GBR,0,2.44,0.22321031380258757,0.0454545468091965,0.2,-0.0493315748809013,0,0,0,NA,NA,NA,NA,NA,0.00815471509191255,0.0123157155427405,0.01995477737219338,0.00992282178265552,0.01343082009262732,0.01456442368672273,0.01157546679367137,0.012048968963596,0.00815471509191255,0.0123157155427405,0.01995477737219338,0.00992282178265552,0.01343082009262732,0.01456442368672273,0.01157546679367137,0.012048968963596,-0.01180006228028083,-0.00176810669074297,-0.00527610500071477,-0.004161000450827949,-0.002248708143982231,0.0029889568930513612,-4.7350216992463057e-4,2.667465791444997e-4
leave_one_event_out,2020,manta,4067495,15-095,Evening Reef (15-095),2020,Central GBR,0,2.45,0.23227150268134197,0,0.15,-0.04753112794529425,0,0,0,NA,NA,NA,NA,NA,0.00503139500865802,0.00924839024998012,0.00972623308234157,0.00518040405804994,0.00736137160624204,0.01097095111351015,0.00845940474336499,0.00826381074671116,0.00503139500865802,0.00924839024998012,0.00972623308234157,0.00518040405804994,0.00736137160624204,0.01097095111351015,0.00845940474336499,0.00826381074671116,-0.00469483807368355,-1.4900904939192054e-4,-0.0023299765975840206,-0.004216995241322101,-0.0017225608635300302,0.002511546370145161,1.9559399665382976e-4,9.845795032689605e-4
leave_one_event_out,2020,ltmp,4176752,15-099c,Agincourt Reefs (No 1) (15-099c),2020,Central GBR,0,7.74,0.3159752846179306,0.0454545468091965,0.65,0.0454545468091965,0,0,0,NA,NA,NA,NA,NA,0.04934081972203009,0.04373698637613572,0.04572030402127308,0.0464555907333584,0.04839930743555934,0.04235366706268913,0.04221929165504731,0.04413685767638644,0.04934081972203009,0.04373698637613572,0.04572030402127308,0.0464555907333584,0.04839930743555934,0.04235366706268913,0.04221929165504731,0.04413685767638644,0.0036205157007570127,0.0028852289886716898,9.415122864707484e-4,0.005603833345894371,0.001383319313446589,1.3437540764182215e-4,-0.0019175660213391343,-3.9987130025072315e-4
leave_one_event_out,2020,manta,4206429,15-099c,Agincourt Reefs (No 1) (15-099c),2020,Central GBR,0,7.74,0.3159752846179306,0.0454545468091965,0.65,0.0454545468091965,0,0,0,NA,NA,NA,NA,NA,0.07268508523101688,0.05669619322490363,0.0685666780822331,0.06707439521017053,0.0710543322106691,0.05530165784481815,0.05434128030409024,0.0558678548488882,0.07268508523101688,0.05669619322490363,0.0685666780822331,0.06707439521017053,0.0710543322106691,0.05530165784481815,0.05434128030409024,0.0558678548488882,0.0041184071487837814,0.005610690020846354,0.0016307530203477777,0.015988892006113253,0.0013945353800854793,9.603775407279122e-4,-0.0015265745447979595,8.28338376015432e-4
leave_one_event_out,2020,manta,4206196,16-015,Mackay Reef (16-015),2020,Central GBR,0,2.98,0.03572139139460593,0,0.15,-0.0488095246255398,0,NA,2e-4,NA,NA,NA,NA,NA,0.01124141868201523,0.02085416861905888,0.02343967722275109,0.01393260671836574,0.01915863544206822,0.02163913939577751,0.01798645520575563,0.01881238733866271,0.01124141868201523,0.02085416861905888,0.02343967722275109,0.01393260671836574,0.01915863544206822,0.02163913939577751,0.01798645520575563,0.01881238733866271,-0.01219825854073586,-0.00269118803635051,-0.007917216760052989,-0.00961274993704365,-7.849707767186298e-4,0.00365268419002188,-8.259321329070791e-4,0.002041781280396171
leave_one_event_out,2020,ltmp,4177622,16-019,St Crispin Reef (16-019),2020,Central GBR,0,6.34,0.4049152989257601,0.0454545468091965,0.35,-0.00216450169682499,0,0.00466666681071122,0.0015,NA,NA,NA,NA,NA,0.067559772086278,0.06175989994732542,0.0634523885060731,0.07663959261283307,0.07865762267312588,0.05817741294531359,0.06271054809228703,0.06354396727855782,0.067559772086278,0.06175989994732542,0.0634523885060731,0.07663959261283307,0.07865762267312588,0.05817741294531359,0.06271054809228703,0.06354396727855782,0.004107383580204904,-0.009079820526555066,-0.011097850586847882,0.005799872138952583,0.0035824870020118305,-0.004533135146973441,-8.334191862707924e-4,-0.001784067331232403
leave_one_event_out,2020,manta,4206491,16-019,St Crispin Reef (16-019),2020,Central GBR,0,6.34,0.4049152989257601,0.0454545468091965,0.35,-0.00216450169682499,0,0.00466666681071122,0.0015,NA,NA,NA,NA,NA,0.03863050635519839,0.05278405284000246,0.04490336144856565,0.05557081096808477,0.06084260498973781,0.0532839573715205,0.05329727540644793,0.0527343996512942,0.03863050635519839,0.05278405284000246,0.04490336144856565,0.05557081096808477,0.06084260498973781,0.0532839573715205,0.05329727540644793,0.0527343996512942,-0.006272855093367266,-0.016940304612886384,-0.02221209863453942,-0.014153546484804075,-4.999045315180403e-4,-1.331803492742728e-5,5.628757551537286e-4,4.965318870826102e-5
leave_one_event_out,2020,ltmp,3752919,16-025,Opal Reef (16-025),2020,Central GBR,0,7.4,0.03131226941791072,0.0454545468091965,0.55,0.02272727340459825,0,0,0,NA,NA,NA,NA,NA,0.03153775483662109,0.04247233770300034,0.0376793640620304,0.02730667323458818,0.03562158339289548,0.04271839560456942,0.04213371398566349,0.04128912060667902,0.03153775483662109,0.04247233770300034,0.0376793640620304,0.02730667323458818,0.03562158339289548,0.04271839560456942,0.04213371398566349,0.04128912060667902,-0.0061416092254093085,0.004231081602032914,-0.004083828556274385,-0.010934582866379244,-2.460579015690842e-4,5.846816189059301e-4,8.445933789844734e-4,0.0011832170963213193
leave_one_event_out,2020,manta,4068504,16-025,Opal Reef (16-025),2020,Central GBR,0,7.4,0.03131226941791072,0.0454545468091965,0.55,0.02272727340459825,0,0,0,NA,NA,NA,NA,NA,0.04825946382614386,0.05302494357828106,0.05763916465181477,0.04825265196960942,0.05842109278807407,0.05316043212567675,0.05170623678697072,0.05119348181639685,0.04825946382614386,0.05302494357828106,0.05763916465181477,0.04825265196960942,0.05842109278807407,0.05316043212567675,0.05170623678697072,0.05119348181639685,-0.009379700825670911,6.811856534436056e-6,-0.010161628961930215,-0.004765479752137203,-1.354885473956874e-4,0.001454195338706027,5.127549705738685e-4,0.001831461761884208
leave_one_event_out,2020,manta,4206353,16-028,Low Islands Reef (16-028),2020,Central GBR,0,5.54,0.0129934363931782,0.283558980368152,0.7,0.03480333942385705,0,0,0,NA,NA,NA,NA,NA,0.03811288023110589,0.02453529742724738,0.05517747330376724,0.03209540552522236,0.0352312795434047,0.02635189883432566,0.02572563579692423,0.02845485456597431,0.03811288023110589,0.02453529742724738,0.05517747330376724,0.03209540552522236,0.0352312795434047,0.02635189883432566,0.02572563579692423,0.02845485456597431,-0.017064593072661345,0.006017474705883534,0.0028816006877011927,0.013577582803858512,-0.0018166014070782784,6.262630374014276e-4,-0.002729218769050079,-0.00391955713872693
leave_one_event_out,2020,manta,4068328,16-030,Norman Reef (16-030),2020,Central GBR,0,8.19,0.07948000599159179,0,0.3,0,0,0,0,NA,NA,NA,NA,NA,0.10430479050747923,0.07564836942826142,0.10169714109132116,0.11832663571064138,0.13349164150104015,0.07718659915231499,0.07870914835603228,0.08235390091464256,0.10430479050747923,0.07564836942826142,0.10169714109132116,0.11832663571064138,0.13349164150104015,0.07718659915231499,0.07870914835603228,0.08235390091464256,0.00260764941615807,-0.014021845203162145,-0.029186850993560914,0.028656421079217814,-0.0015382297240535692,-0.001522549203717291,-0.003644752558610284,-0.006705531486381144
leave_one_event_out,2020,ltmp,3765533,16-049,Green Island Reef (16-049),2020,Central GBR,0,5.42,0.1243769366710853,0.178386772898601,0.6,0.02062946255088948,0,0,3e-4,NA,NA,NA,NA,NA,0.01167949084264443,0.02021012613145938,0.01434654085759893,0.01211717178558839,0.0126040119543816,0.01964863993602007,0.01970118887994731,0.02261014052425034,0.01167949084264443,0.02021012613145938,0.01434654085759893,0.01211717178558839,0.0126040119543816,0.01964863993602007,0.01970118887994731,0.02261014052425034,-0.0026670500149545,-4.376809429439601e-4,-9.245211117371692e-4,-0.00853063528881495,5.614861954393105e-4,-5.254894392724141e-5,-0.0029089516443030275,-0.0024000143927909584
leave_one_event_out,2020,manta,4068396,16-049,Green Island Reef (16-049),2020,Central GBR,0,5.42,0.1243769366710853,0.178386772898601,0.6,0.02062946255088948,0,0,3e-4,NA,NA,NA,NA,NA,0.02133696758009088,0.02812841389338691,0.02743341809484185,0.01913789160087015,0.02129496486808769,0.02576514122868094,0.02716761799959354,0.02978292780533629,0.02133696758009088,0.02812841389338691,0.02743341809484185,0.01913789160087015,0.02129496486808769,0.02576514122868094,0.02716761799959354,0.02978292780533629,-0.006096450514750971,0.0021990759792207305,4.2002712003188364e-5,-0.006791446313296031,0.0023632726647059704,-0.0014024767709126008,-0.00261530980574275,-0.0016545139119493804
leave_one_event_out,2020,ltmp,4179545,16-057,Hastings Reef (16-057),2020,Central GBR,0,7.59,0.08777853151013362,0.0472906820034626,0.6,0.0472906820034626,0,0.00249999994412065,0.0012,NA,NA,NA,NA,NA,0.0439627612035979,0.04261286999179402,0.03855882958684242,0.0501692852141392,0.05179078277833524,0.04214466564167812,0.04363534081688964,0.04731521416986822,0.0439627612035979,0.04261286999179402,0.03855882958684242,0.0501692852141392,0.05179078277833524,0.04214466564167812,0.04363534081688964,0.04731521416986822,0.005403931616755481,-0.006206524010541302,-0.007828021574737339,0.0013498912118038789,4.682043501159014e-4,-0.0014906751752115227,-0.003679873352978577,-0.004702344178074198
leave_one_event_out,2020,manta,4206250,16-057,Hastings Reef (16-057),2020,Central GBR,0,7.59,0.08777853151013362,0.0472906820034626,0.6,0.0472906820034626,0,0.00249999994412065,0.0012,NA,NA,NA,NA,NA,0.06822633530287134,0.05201520281646756,0.0563008873858572,0.07451116196466069,0.07470565064127958,0.04874116606647464,0.05317852582158082,0.05626223786972663,0.06822633530287134,0.05201520281646756,0.0563008873858572,0.07451116196466069,0.07470565064127958,0.04874116606647464,0.05317852582158082,0.05626223786972663,0.011925447917014137,-0.006284826661789353,-0.006479315338408245,0.01621113248640378,0.003274036749992916,-0.004437359755106181,-0.003083712048145809,-0.004247035053259074
leave_one_event_out,2020,ltmp,3755346,16-060,Michaelmas Reef (16-060),2020,Central GBR,0,7.51,0.09836110182053008,0.13498760609016,0.9,0.08191352733978075,0,0,7e-4,NA,NA,NA,NA,NA,0.05444184707904674,0.04042020424039084,0.04097464721190252,0.04603996841919311,0.04511050381824238,0.0386618537844617,0.04287267435876802,0.0464242464780478,0.05444184707904674,0.04042020424039084,0.04097464721190252,0.04603996841919311,0.04511050381824238,0.0386618537844617,0.04287267435876802,0.0464242464780478,0.013467199867144224,0.008401878659853632,0.009331343260804363,0.014021642838655902,0.0017583504559291405,-0.004210820574306322,-0.0035515721192797764,-0.006004042237656958
leave_one_event_out,2020,manta,4206524,16-060,Michaelmas Reef (16-060),2020,Central GBR,0,7.51,0.09836110182053008,0.13498760609016,0.9,0.08191352733978075,0,0,7e-4,NA,NA,NA,NA,NA,0.06160190257138133,0.05095561890706687,0.05656841659554441,0.06285114817565364,0.06186295439205129,0.04895582560554541,0.05350785933894492,0.05834057032800652,0.06160190257138133,0.05095561890706687,0.05656841659554441,0.06285114817565364,0.06186295439205129,0.04895582560554541,0.05350785933894492,0.05834057032800652,0.005033485975836922,-0.0012492456042723088,-2.610518206699608e-4,0.010646283664314464,0.0019997933015214603,-0.004552033733399512,-0.0048327109890616005,-0.007384951420939652
leave_one_event_out,2020,ltmp,4178613,16-068,Thetford Reef (16-068),2020,Central GBR,0,6.23,0.0679327871628355,0.0465108104841061,0.5,-2.5987173502897695e-5,0,0,1e-4,NA,NA,NA,NA,NA,0.00977683048957574,0.02405686798326607,0.00754585158664816,0.01057576109045651,0.01125714638248142,0.02361175205144666,0.02458040696084495,0.02677514598088148,0.00977683048957574,0.02405686798326607,0.00754585158664816,0.01057576109045651,0.01125714638248142,0.02361175205144666,0.02458040696084495,0.02677514598088148,0.0022309789029275797,-7.989306008807703e-4,-0.001480315892905681,-0.014280037493690329,4.4511593181940923e-4,-9.686549093982921e-4,-0.002194739020036529,-0.002718277997615412
leave_one_event_out,2020,manta,4068554,16-068,Thetford Reef (16-068),2020,Central GBR,0,6.23,0.0679327871628355,0.0465108104841061,0.5,-2.5987173502897695e-5,0,0,1e-4,NA,NA,NA,NA,NA,0.02025322476347103,0.03424484393167143,0.01823538998580849,0.02140058888175789,0.02003872343443652,0.03220516658564267,0.03439635585410392,0.03647395468492213,0.02025322476347103,0.03424484393167143,0.01823538998580849,0.02140058888175789,0.02003872343443652,0.03220516658564267,0.03439635585410392,0.03647395468492213,0.002017834777662538,-0.0011473641182868609,2.1450132903451033e-4,-0.013991619168200402,0.002039677346028765,-0.0021911892684612563,-0.002077598830818206,-0.0022291107532506974
leave_one_event_out,2020,manta,4068199,16-071,Moore Reef (16-071),2020,Central GBR,0,5.6000000000000005,0.15394716679562537,0.0461343850700136,0.5,-4.024125875954007e-4,0,0,7e-4,NA,NA,NA,NA,NA,0.02085668621829848,0.02913397437657625,0.0225140340857368,0.02128373641760754,0.01913870283181642,0.02946613229010291,0.03072491149109168,0.03361234209324044,0.02085668621829848,0.02913397437657625,0.0225140340857368,0.02128373641760754,0.01913870283181642,0.02946613229010291,0.03072491149109168,0.03361234209324044,-0.001657347867438319,-4.270501993090606e-4,0.001717983386482061,-0.00827728815827777,-3.3215791352666016e-4,-0.0012587792009887688,-0.0028874306021487613,-0.00447836771666419
leave_one_event_out,2020,manta,4068671,17-034,Feather Reef (17-034),2020,Central GBR,0,5.45,0.2533073042686672,0,0.1,-0.04777659931244085,0,0,6e-4,NA,NA,NA,NA,NA,0.00886673785449859,0.01322489414015441,0.01363910240920186,0.01188855792002772,0.01680256913859626,0.01537694326906493,0.01265920422370432,0.0133799895092252,0.00886673785449859,0.01322489414015441,0.01363910240920186,0.01188855792002772,0.01680256913859626,0.01537694326906493,0.01265920422370432,0.0133799895092252,-0.004772364554703271,-0.0030218200655291304,-0.00793583128409767,-0.00435815628565582,-0.0021520491289105208,0.0027177390453606114,-7.207852855208811e-4,-1.5509536907079048e-4
leave_one_event_out,2020,manta,4066154,18-030,Kelso Reef (18-030),2020,Central GBR,0.13828472788312293,5.4,0.3993468404130513,0,0.3,0,0,0.136000007390976,0.0722,NA,NA,NA,NA,NA,0.07435448440773937,0.06065963114339687,0.09216466896542425,0.07094584804739822,0.07679513504989163,0.06283635738450691,0.06319306957241883,0.0729600864052014,0.06393024347538356,0.07762509673972606,0.04612005891769868,0.06733887983572472,0.0614895928332313,0.07544837049861602,0.0750916583107041,0.06532464147792154,0.017810184557684884,-0.0034086363603411524,0.0024406506421522645,-0.0136948532643425,0.0021767262411100385,3.567121879119173e-4,0.009767016832782568,0.012300455261804524
leave_one_event_out,2020,manta,4067873,18-031,Little Kelso Reef (18-031),2020,Central GBR,0,5.01,0.6403023434382549,0,0.35,0,0,0.0309999994933605,0.0432,NA,NA,NA,NA,NA,0.01608361162047305,0.02712033107335763,0.02383616373744573,0.02409998457860669,0.03020335005629378,0.03080040727811634,0.02937893341810825,0.03250635327509094,0.01608361162047305,0.02712033107335763,0.02383616373744573,0.02409998457860669,0.03020335005629378,0.03080040727811634,0.02937893341810825,0.03250635327509094,-0.007752552116972681,-0.008016372958133643,-0.01411973843582073,-0.011036719452884581,-0.003680076204758711,0.001421473860008092,-0.003127419856982689,-0.005386022201733308
leave_one_event_out,2020,ltmp,4239587,18-032,Rib Reef (18-032),2020,Central GBR,0,5.11,0.07572010704512619,0,0.35,0,0,0.0489999987185001,0.0494,NA,NA,NA,NA,NA,0.01124472259907624,0.01434893240685885,0.01062003840861029,0.00622722598818799,0.00824524789595584,0.01594218161612794,0.01578662242190793,0.01657131270051913,0.01124472259907624,0.01434893240685885,0.01062003840861029,0.00622722598818799,0.00824524789595584,0.01594218161612794,0.01578662242190793,0.01657131270051913,6.246841904659507e-4,0.00501749661088825,0.0029994747031204007,-0.00310420980778261,-0.0015932492092690896,1.5555919422001116e-4,-7.846902786112012e-4,-0.0022223802936602796
leave_one_event_out,2020,manta,4068048,18-032,Rib Reef (18-032),2020,Central GBR,0,5.11,0.07572010704512619,0,0.35,0,0,0.0489999987185001,0.0494,NA,NA,NA,NA,NA,0.01230139678421322,0.01783638328137314,0.0163346406385445,0.01280100202517202,0.01679488088144053,0.02072978137483348,0.01910652508317052,0.02023149631013396,0.01230139678421322,0.01783638328137314,0.0163346406385445,0.01280100202517202,0.01679488088144053,0.02072978137483348,0.01910652508317052,0.02023149631013396,-0.00403324385433128,-4.996052409588e-4,-0.00449348409722731,-0.005534986497159921,-0.0028933980934603386,0.0016232562916629611,-0.00112497122696344,-0.0023951130287608174
leave_one_event_out,2020,ltmp,4236109,18-034,Myrmidon Reef (18-034),2020,Central GBR,0,8.3,0.25502711519092813,0,0.4,0,0,0,0,NA,NA,NA,NA,NA,0.05764386788557869,0.05224131915589551,0.05436973736435936,0.04889620996690073,0.05822683513594702,0.05178602130561863,0.05221618920716626,0.05348244587954978,0.05764386788557869,0.05224131915589551,0.05436973736435936,0.04889620996690073,0.05822683513594702,0.05178602130561863,0.05221618920716626,0.05348244587954978,0.0032741305212193247,0.008747657918677959,-5.829672503683339e-4,0.005402548729683175,4.5529785027688396e-4,-4.3016790154763035e-4,-0.0012662566723835172,-0.0012411267236542636
leave_one_event_out,2020,manta,4066116,18-034,Myrmidon Reef (18-034),2020,Central GBR,0,8.3,0.25502711519092813,0,0.4,0,0,0,0,NA,NA,NA,NA,NA,0.03308364867580402,0.03300969509589872,0.032912238849035,0.0302596115234794,0.0340327088843609,0.03399001517074687,0.03313576833917597,0.03321826588165279,0.03308364867580402,0.03300969509589872,0.032912238849035,0.0302596115234794,0.0340327088843609,0.03399001517074687,0.03313576833917597,0.03321826588165279,1.7140982676901867e-4,0.002824037152324616,-9.490602085568817e-4,7.3953579905299e-5,-9.803200748481553e-4,8.542468315709054e-4,-8.249754247682123e-5,-2.0857078575407112e-4
leave_one_event_out,2020,ltmp,4230874,18-039,Dip Reef (18-039),2020,Central GBR,0,6.91,0.3358751128341077,0,0.35,0,0,NA,0,NA,NA,NA,NA,NA,0.02409439253810756,0.02863407876570899,0.02512876650816443,0.02620326354270724,0.02783113428961003,0.0276696916830835,0.02943539713128038,0.03113554070865068,0.02409439253810756,0.02863407876570899,0.02512876650816443,0.02620326354270724,0.02783113428961003,0.0276696916830835,0.02943539713128038,0.03113554070865068,-0.0010343739700568698,-0.00210887100459968,-0.0037367417515024696,-0.004539686227601428,9.643870826254904e-4,-0.0017657054481968817,-0.0017001435773702986,-0.00250146194294169
leave_one_event_out,2020,manta,4066270,18-039,Dip Reef (18-039),2020,Central GBR,0,6.91,0.3358751128341077,0,0.35,0,0,NA,0,NA,NA,NA,NA,NA,0.02824298192099206,0.03168645691262328,0.03092779131836021,0.03246028457533288,0.03366810622620926,0.03137897895346495,0.03179211432157722,0.03382761515309806,0.02824298192099206,0.03168645691262328,0.03092779131836021,0.03246028457533288,0.03366810622620926,0.03137897895346495,0.03179211432157722,0.03382761515309806,-0.0026848093973681486,-0.004217302654340817,-0.005425124305217202,-0.0034434749916312166,3.074779591583296e-4,-4.131353681122718e-4,-0.002035500831520841,-0.002141158240474783
leave_one_event_out,2020,ltmp,4236914,18-051,Pandora Reef (18-051),2020,Central GBR,0,8.97,0.03249614945099818,0.904761910438529,1,0.23302941284246204,0,NA,0.0481,NA,NA,NA,NA,NA,0.08297995960336778,0.05718972203476739,0.07643950494621253,0.07571846275772116,0.06258235254817318,0.06173507367857843,0.0566367283806857,0.0629042553894697,0.08297995960336778,0.05718972203476739,0.07643950494621253,0.07571846275772116,0.06258235254817318,0.06173507367857843,0.0566367283806857,0.0629042553894697,0.006540454657155248,0.0072614968456466145,0.020397607055194597,0.02579023756860039,-0.004545351643811042,0.0050983452978927285,-0.006267527008783996,-0.00571453335470231
leave_one_event_out,2020,ltmp,4225911,18-065,Havannah Reef (18-065),2020,Central GBR,0.39380685419487826,8.18,0.6882594454496512,0.535472299849474,0.6,0.08015784559205646,0,NA,0.0494,b,NA,"bleaching at time of previous survey | DHW 8.81, MMP observations",coral bleaching at 2.0 m only | coral bleaching at 9.0 m only,"bleaching at time of previous survey | DHW 8.81, MMP observations  coral bleaching at 2.0 m only | coral bleaching at 9.0 m only",0.06014562168664605,0.03533180288508437,0.05795379097795133,0.07169861288803096,0.06257018299336312,0.04128412690128301,0.03612483853462586,0.04512032188631834,0.3336612325082322,0.3584750513097939,0.33585306321692693,0.3221082413068473,0.3312366712015151,0.35252272729359524,0.35768201566025243,0.34868653230855995,-0.0021918307086947197,0.011552991201384921,0.002424561306717088,-0.024813818801561693,0.005952324016198662,-0.005159288366657189,0.00899548335169248,0.009788519001233953
leave_one_event_out,2020,ltmp,4235333,18-075,John Brewer Reef (18-075),2020,Central GBR,0,4.21,0.5789656920003557,0,0.35,0,0,0.0842857137322426,0.0656,NA,NA,NA,NA,NA,0.01990360530224219,0.0244254578362961,0.02263457068963079,0.01829196937901963,0.02001980740097042,0.02701423409205464,0.02671762961038351,0.03472339063847104,0.01990360530224219,0.0244254578362961,0.02263457068963079,0.01829196937901963,0.02001980740097042,0.02701423409205464,0.02671762961038351,0.03472339063847104,-0.0027309653873885988,0.001611635923222561,-1.1620209872822973e-4,-0.0045218525340539086,-0.0025887762557585403,2.96604481671129e-4,-0.008005761028087529,-0.01029793280217494
leave_one_event_out,2020,manta,4068099,18-075,John Brewer Reef (18-075),2020,Central GBR,0,4.21,0.5789656920003557,0,0.35,0,0,0.0842857137322426,0.0656,NA,NA,NA,NA,NA,0.02198269229631339,0.02971082767766714,0.02703866922489737,0.02327532750670453,0.0255324011390351,0.0327303075103787,0.03175896428543558,0.04075672706376015,0.02198269229631339,0.02971082767766714,0.02703866922489737,0.02327532750670453,0.0255324011390351,0.0327303075103787,0.03175896428543558,0.04075672706376015,-0.005055976928583981,-0.0012926352103911423,-0.0035497088427217105,-0.007728135381353751,-0.003019479832711558,9.713432249431192e-4,-0.008997762778324571,-0.01104589938609301
leave_one_event_out,2020,ltmp,4237695,18-086,Chicken Reef (18-086),2020,Central GBR,0,6.86,0.49055631428249896,0,0.35,0,0,0,0.0146,NA,NA,NA,NA,NA,0.10160418582115924,0.09697074862302098,0.09818063647461796,0.1001152232887847,0.10617964403632066,0.09303370363556544,0.09954295771243878,0.09963925159510008,0.10160418582115924,0.09697074862302098,0.09818063647461796,0.1001152232887847,0.10617964403632066,0.09303370363556544,0.09954295771243878,0.09963925159510008,0.0034235493465412797,0.0014889625323745437,-0.004575458215161421,0.00463343719813826,0.003937044987455535,-0.006509254076873333,-9.629388266130245e-5,-0.002668502972079101
leave_one_event_out,2020,manta,4066791,18-086,Chicken Reef (18-086),2020,Central GBR,0,6.86,0.49055631428249896,0,0.35,0,0,0,0.0146,NA,NA,NA,NA,NA,0.0875889641359115,0.08045454062130354,0.0856841846552849,0.09861391171571404,0.09801732473537884,0.07804263991582379,0.08112868173883113,0.08651990897658329,0.0875889641359115,0.08045454062130354,0.0856841846552849,0.09861391171571404,0.09801732473537884,0.07804263991582379,0.08112868173883113,0.08651990897658329,0.0019047794806265894,-0.011024947579802546,-0.010428360599467348,0.007134423514607954,0.0024119007054797525,-0.0030860418230073405,-0.005391227237752164,-0.006065368355279752
leave_one_event_out,2020,ltmp,4234583,18-096,Davies Reef (18-096),2020,Central GBR,0,5.17,0.3196697117045063,0,0.5,0,0,0.115000000223517,0.0702,NA,NA,NA,NA,NA,0.12229419982921769,0.06904855681264149,0.09531818477970144,0.10762833818668904,0.10509432178701912,0.06504179801385966,0.06429743737298871,0.07091626950227946,0.12229419982921769,0.06904855681264149,0.09531818477970144,0.10762833818668904,0.10509432178701912,0.06504179801385966,0.06429743737298871,0.07091626950227946,0.026976015049516244,0.014665861642528644,0.017199878042198566,0.053245643016576194,0.0040067587987818315,7.44360640870953e-4,-0.00661883212929075,-0.0018677126896379653
leave_one_event_out,2020,manta,4068159,18-096,Davies Reef (18-096),2020,Central GBR,0,5.17,0.3196697117045063,0,0.5,0,0,0.115000000223517,0.0702,NA,NA,NA,NA,NA,0.13638924330020671,0.07035133040020201,0.10957596697046831,0.10678610930986022,0.10570514454349755,0.06616540595327326,0.06562799981075726,0.07357445281354576,0.13638924330020671,0.07035133040020201,0.10957596697046831,0.10678610930986022,0.10570514454349755,0.06616540595327326,0.06562799981075726,0.07357445281354576,0.0268132763297384,0.02960313399034649,0.03068409875670916,0.0660379129000047,0.0041859244469287515,5.374061425160032e-4,-0.007946453002788498,-0.003223122413343743
leave_one_event_out,2020,ltmp,4233082,19-131a,U/N Reef (19-131a),2020,Central GBR,0.00978824470658098,3.0700000000000003,0.10315989611630696,0.0908366560935975,1,0.0908366560935975,0,0,0.0153,NA,NA,NA,NA,NA,0.02617659400717698,0.05099576307464997,0.03185020117554785,0.02801324862067983,0.02228469086688162,0.04711655814681082,0.05162046819395518,0.0576829105157796,0.016388349300596,0.04120751836806899,0.02206195646896687,0.01822500391409885,0.01249644616030064,0.03732831344022984,0.0418322234873742,0.04789466580919863,-0.00567360716837087,-0.0018366546135028493,0.003891903140295359,-0.02481916906747299,0.00387920492783915,-0.004503910047144358,-0.0060624423218244294,-0.006687147441129637
leave_one_event_out,2020,manta,4067678,19-131a,U/N Reef (19-131a),2020,Central GBR,0,3.0700000000000003,0.10315989611630696,0.0908366560935975,1,0.0908366560935975,0,0,0.0153,NA,NA,NA,NA,NA,0.00653461541433854,0.01920809928913992,0.01024947365998608,0.00855147698447003,0.00632254152372101,0.01724559817613947,0.0190925806780876,0.02355883517399693,0.00653461541433854,0.01920809928913992,0.01024947365998608,0.00855147698447003,0.00632254152372101,0.01724559817613947,0.0190925806780876,0.02355883517399693,-0.00371485824564754,-0.0020168615701314906,2.120738906175295e-4,-0.01267348387480138,0.001962501113000451,-0.0018469825019481328,-0.00446625449590933,-0.004350735884857012
leave_one_event_out,2020,ltmp,4231593,19-138,U/N Reef (19-138),2020,Central GBR,0,3.52,0.07745145210877742,0.0897349909332921,1,0.0897349909332921,0,0,0.0153,NA,NA,NA,NA,NA,0.03365051920666664,0.04365477160226584,0.02388757469336005,0.02809754409277807,0.02406238045134238,0.03816100573454829,0.04319744435787608,0.0476817358668733,0.03365051920666664,0.04365477160226584,0.02388757469336005,0.02809754409277807,0.02406238045134238,0.03816100573454829,0.04319744435787608,0.0476817358668733,0.009762944513306587,0.00555297511388857,0.009588138755324258,-0.010004252395599204,0.005493765867717555,-0.005036438623327789,-0.004484291508997221,-0.004026964264607455
leave_one_event_out,2020,manta,4067383,19-138,U/N Reef (19-138),2020,Central GBR,0,3.52,0.07745145210877742,0.0897349909332921,1,0.0897349909332921,0,0,0.0153,NA,NA,NA,NA,NA,0.02788080956555686,0.03423337977240626,0.02660806031624006,0.02564620972650613,0.02016170977915649,0.03024350887846692,0.03447640155099885,0.03922107026811473,0.02788080956555686,0.03423337977240626,0.02660806031624006,0.02564620972650613,0.02016170977915649,0.03024350887846692,0.03447640155099885,0.03922107026811473,0.0012727492493168,0.002234599839050732,0.007719099786400372,-0.006352570206849397,0.003989870893939339,-0.004232892672531928,-0.004744668717115881,-0.00498769049570847
leave_one_event_out,2020,ltmp,4227306,19-159,Slate Reef (19-159),2020,Central GBR,0,5.73,0.4267011199361873,0.090909093618393,1,0.090909093618393,0,NA,0.0485,NA,NA,NA,NA,NA,0.2308012425896312,0.19215893280418417,0.17083011505384887,0.17126066028844908,0.1534361054089206,0.17025261489069435,0.19220391809098772,0.19788685154926683,0.2308012425896312,0.19215893280418417,0.17083011505384887,0.17126066028844908,0.1534361054089206,0.17025261489069435,0.19220391809098772,0.19788685154926683,0.05997112753578232,0.059540582301182116,0.07736513718071059,0.03864230978544703,0.02190631791348982,-0.02195130320029337,-0.00568293345827911,-0.005727918745082661
leave_one_event_out,2020,manta,4067120,19-159,Slate Reef (19-159),2020,Central GBR,0,5.73,0.4267011199361873,0.090909093618393,1,0.090909093618393,0,NA,0.0485,NA,NA,NA,NA,NA,0.222975476722312,0.19908517127441977,0.17578205019566193,0.17795468192981112,0.15776760134869283,0.1775616988960767,0.19914853818080627,0.20927621683805503,0.222975476722312,0.19908517127441977,0.17578205019566193,0.17795468192981112,0.15776760134869283,0.1775616988960767,0.19914853818080627,0.20927621683805503,0.04719342652665007,0.04502079479250087,0.06520787537361916,0.023890305447892224,0.021523472378343067,-0.02158683928472957,-0.010127678657248756,-0.01019104556363526
leave_one_event_out,2020,ltmp,4228741,19-207,Hyde Reef (19-207),2020,Central GBR,0,5.84,0.5149469119724659,0,0.5,0,0,NA,0.0353,NA,NA,NA,NA,NA,0.16047023782466788,0.1735447620600407,0.16116905653634572,0.14339809594449007,0.15720175797936176,0.1736516586426753,0.17180219655551288,0.180942786370519,0.16047023782466788,0.1735447620600407,0.16116905653634572,0.14339809594449007,0.15720175797936176,0.1736516586426753,0.17180219655551288,0.180942786370519,-6.988187116778455e-4,0.017072141880177805,0.0032684798453061215,-0.013074524235372836,-1.0689658263457469e-4,0.0018494620871624123,-0.009140589815006123,-0.007398024310478285
leave_one_event_out,2020,ltmp,4228048,19-209,Rebe Reef (19-209),2020,Central GBR,0,7.1000000000000005,0.5378055745744468,0,0.5,0,0,NA,0.0296,NA,NA,NA,NA,NA,0.10485944499682294,0.10003645301565056,0.09684386837904028,0.0981021852199337,0.10405834848353764,0.10002369952904216,0.09973624233665644,0.10722277238961146,0.10485944499682294,0.10003645301565056,0.09684386837904028,0.0981021852199337,0.10405834848353764,0.10002369952904216,0.09973624233665644,0.10722277238961146,0.008015576617782655,0.006757259776889235,8.010965132853043e-4,0.004822991981172378,1.2753486608396702e-5,2.874571923857233e-4,-0.0074865300529550205,-0.0071863193739609005
leave_one_event_out,2020,manta,4067243,19-209,Rebe Reef (19-209),2020,Central GBR,0,7.1000000000000005,0.5378055745744468,0,0.5,0,0,NA,0.0296,NA,NA,NA,NA,NA,0.14672716917143555,0.1377817016053485,0.1396111968127158,0.1450157657701827,0.15115219999210958,0.13705797449644197,0.1353160621641049,0.1425652051127622,0.14672716917143555,0.1377817016053485,0.1396111968127158,0.1450157657701827,0.15115219999210958,0.13705797449644197,0.1353160621641049,0.1425652051127622,0.0071159723587197465,0.0017114034012528645,-0.004425030820674025,0.00894546756608705,7.2372710890653e-4,0.0017419123323370589,-0.007249142948657278,-0.004783503507413689
leave_one_event_out,2020,manta,4067508,20-113,Ben Reef (20-113),2020,Southern GBR,0,1.96,0.4095021337781647,0.0899723947143739,1,0.0899723947143739,0,0,8e-4,NA,NA,NA,NA,NA,0.03127408834041524,0.04489647361881652,0.03301257087362062,0.03662617172274173,0.02388030487863235,0.03993820451636493,0.04471776991412049,0.05342031313501549,0.03127408834041524,0.04489647361881652,0.03301257087362062,0.03662617172274173,0.02388030487863235,0.03993820451636493,0.04471776991412049,0.05342031313501549,-0.0017384825332053752,-0.0053520833823264835,0.007393783461782894,-0.013622385278401275,0.00495826910245159,-0.004779565397755564,-0.008702543220894997,-0.00852383951619897
leave_one_event_out,2020,manta,4067799,20-287,Credlin Reefs (East) (20-287),2020,Southern GBR,0,9.42,0.2011132088190084,0.0454545468091965,1,0.0454545468091965,0,NA,0.0895,NA,NA,NA,NA,NA,0.24206881519648304,0.2506515232397371,0.26978749020911313,0.2694897732601183,0.28714968051773143,0.2652933252259911,0.2558425920375137,0.2729854524590704,0.24206881519648304,0.2506515232397371,0.26978749020911313,0.2694897732601183,0.28714968051773143,0.2652933252259911,0.2558425920375137,0.2729854524590704,-0.02771867501263009,-0.02742095806363526,-0.04508086532124839,-0.008582708043254061,-0.014641801986253977,0.00945073318847739,-0.017142860421556716,-0.022333929219333304
leave_one_event_out,2020,manta,4049481,20-297,Creal Reef (20-297),2020,Southern GBR,0,5.61,0.1613701906338521,0.0900262720081704,1,0.0900262720081704,0,NA,0.1394,NA,NA,NA,NA,NA,0.16924368486001656,0.14772847104461068,0.155278394803462,0.17551614980947483,0.13693186963359527,0.13563859375336595,0.14757897388489882,0.16519675215904456,0.16924368486001656,0.14772847104461068,0.155278394803462,0.17551614980947483,0.13693186963359527,0.13563859375336595,0.14757897388489882,0.16519675215904456,0.013965290056554558,-0.006272464949458267,0.03231181522642129,0.021515213815405887,0.012089877291244722,-0.011940380131532868,-0.017617778274145734,-0.01746828111443388
leave_one_event_out,2020,ltmp,4238625,21-305,East Cay Reef (21-305),2020,Southern GBR,0,4.61,0.2609107525018889,0,0.5,0,0,NA,0.4605,NA,NA,NA,NA,NA,0.15896314290892247,0.10592718796241798,0.1408678522366321,0.1327526023603086,0.1417687303477851,0.10291546315745224,0.10073363744084456,0.08342234394952916,0.15896314290892247,0.10592718796241798,0.1408678522366321,0.1327526023603086,0.1417687303477851,0.10291546315745224,0.10073363744084456,0.08342234394952916,0.018095290672290376,0.026210540548613853,0.01719441256113738,0.05303595494650448,0.0030117248049657402,0.002181825716607688,0.017311293491315397,0.022504844012888825
leave_one_event_out,2020,ltmp,4183355,21-529,U/N Reef (21-529),2020,Southern GBR,0.03949257900673553,3.98,0.5822428167247238,0,0.5,0,0,NA,0,NA,NA,NA,NA,NA,0.13453151586150228,0.07424494279451066,0.07881401361405616,0.1042421766104691,0.12704070113529323,0.07620538521795946,0.06837154691069157,0.07555366163886484,0.09503893685476676,0.03475236378777513,0.03932143460732063,0.06474959760373357,0.08754812212855773,0.03671280621122393,0.02887896790395604,0.03606108263212931,0.055717502247446135,0.030289339251033193,0.007490814726209036,0.06028657306699163,-0.0019604424234487966,0.007833838307267887,-0.007182114728173268,-0.0013087188443541772
leave_one_event_out,2020,manta,3989171,21-529,U/N Reef (21-529),2020,Southern GBR,0,3.98,0.5822428167247238,0,0.5,0,0,NA,0,NA,NA,NA,NA,NA,0.12366597927197144,0.09711666435023832,0.08600474743558079,0.11675417090613,0.13187727394509388,0.1008687700625982,0.0932758515328284,0.099478280959218,0.12366597927197144,0.09711666435023832,0.08600474743558079,0.11675417090613,0.13187727394509388,0.1008687700625982,0.0932758515328284,0.099478280959218,0.037661231836390655,0.006911808365841446,-0.00821129467312244,0.026549314921733125,-0.003752105712359885,0.0075929185297698015,-0.0062024294263896,-0.002361616608979683
leave_one_event_out,2020,ltmp,4184040,21-556,Gannett Cay Reef (21-556),2020,Southern GBR,0.5658792943952381,6.8,0.34729302570042375,0,0.5,0,0,NA,0.8393,m,NA,DHW2020 6.8.,"crown-of-thorns starfish, coral bleaching","DHW2020 6.8.  crown-of-thorns starfish, coral bleaching",0.3306818250070406,0.24592178474986015,0.35066710678735125,0.33307687842472683,0.3501341015588847,0.2467004801771342,0.2367501193985418,0.19324781704095903,0.23519746938819752,0.31995750964537795,0.21521218760788685,0.23280241597051127,0.2157451928363534,0.3191788142181039,0.3291291749966963,0.37263147735427904,0.01998528178031067,0.002395053417686255,0.019452276551844117,-0.08476004025718042,7.786954272740454e-4,-0.009950360778592404,-0.043502302357582734,-0.05267396770890109
leave_one_event_out,2020,ltmp,4232338,21-562,Turner Reef (21-562),2020,Southern GBR,0,6,0.17748734789558618,0,0.5,0,0,NA,0.6525,NA,NA,NA,NA,NA,0.23211813788881464,0.19139306629249825,0.2374590290760653,0.21329855250153057,0.2576610350109064,0.19658247909621424,0.18658474257248983,0.1661685168762159,0.23211813788881464,0.19139306629249825,0.2374590290760653,0.21329855250153057,0.2576610350109064,0.19658247909621424,0.18658474257248983,0.1661685168762159,-0.005340891187250674,0.018819585387284066,-0.02554289712209179,0.04072507159631639,-0.005189412803715987,0.009997736523724404,0.020416225696273937,0.025224549416282355
leave_one_event_out,2020,manta,4284702,21-562,Turner Reef (21-562),2020,Southern GBR,0,6,0.17748734789558618,0,0.5,0,0,NA,0.6525,NA,NA,NA,NA,NA,0.20917898518888503,0.19084416168268525,0.19789754534550197,0.20965190843273285,0.2488663946433884,0.197598097560571,0.18789867916547232,0.16862993670990775,0.20917898518888503,0.19084416168268525,0.19789754534550197,0.20965190843273285,0.2488663946433884,0.197598097560571,0.18789867916547232,0.16862993670990775,0.011281439843383062,-4.7292324384781703e-4,-0.03968740945450336,0.018334823506199777,-0.006753935877885753,0.009699418395098691,0.019268742455564564,0.022214224972777502
leave_one_event_out,2020,manta,4284675,22-088a,U/N Reef (22-088a),2020,Southern GBR,0,4.86,0.5357885688203727,0,0.5,0,0,NA,0.4271,c,NA,"Active outbreak COTS, DHW2020 4.9.  cots around, DHW2020 4.9",crown-of-thorns starfish,"Active outbreak COTS, DHW2020 4.9.  cots around, DHW2020 4.9  crown-of-thorns starfish",0.1164306313408862,0.0816462553252447,0.12825903758618545,0.11782469279565222,0.13224296933685376,0.07875744549501834,0.07392684850985971,0.04680799153674554,0.1164306313408862,0.0816462553252447,0.12825903758618545,0.11782469279565222,0.13224296933685376,0.07875744549501834,0.07392684850985971,0.04680799153674554,-0.011828406245299253,-0.0013940614547660185,-0.015812337995967554,0.03478437601564151,0.002888809830226352,0.004830596985158628,0.027118856973114176,0.034838263788499156
leave_one_event_out,2020,ltmp,4186343,22-102,Chinaman Reef (22-102),2020,Southern GBR,0,6.6000000000000005,0.09148329523475685,0,0.5,0,0,3.44700002670288,1.6281,NA,NA,NA,NA,NA,0.26432732413530147,0.20008258038137372,0.28245559479702564,0.26727426459665954,0.29748393569682496,0.20087659267902996,0.19142961938831843,0.16924257533508183,0.26432732413530147,0.20008258038137372,0.28245559479702564,0.26727426459665954,0.29748393569682496,0.20087659267902996,0.19142961938831843,0.16924257533508183,-0.018128270661724177,-0.002946940461358072,-0.0331566115615235,0.06424474375392775,-7.940122976562436e-4,0.009446973290711536,0.0221870440532366,0.03084000504629189
leave_one_event_out,2020,manta,4284639,22-102,Chinaman Reef (22-102),2020,Southern GBR,0,6.6000000000000005,0.09148329523475685,0,0.5,0,0,3.44700002670288,1.6281,NA,NA,NA,NA,NA,0.20619916779167055,0.18488877009635707,0.2123133593456242,0.2192783461695565,0.2470680093432164,0.18878203329185336,0.18044852457628277,0.15889394204721943,0.20619916779167055,0.18488877009635707,0.2123133593456242,0.2192783461695565,0.2470680093432164,0.18878203329185336,0.18044852457628277,0.15889394204721943,-0.006114191553953652,-0.013079178377885942,-0.040868841551545854,0.021310397695313482,-0.0038932631954962937,0.008333508715570592,0.021554582529063337,0.025994828049137636
leave_one_event_out,2020,ltmp,4182005,22-104a,Horseshoe Reef (No 1) (22-104a),2020,Southern GBR,0.04340310167121431,6.61,0.02044771087509159,0,0.5,0,0,0.949999988079071,0.7752,NA,NA,NA,NA,NA,0.23200862991266155,0.18579125015471695,0.286747523507536,0.23052623653063323,0.2724034100552191,0.193801445531849,0.18161589835550457,0.1673352404710095,0.18860552824144725,0.14238814848350265,0.2433444218363217,0.18712313485941892,0.2290003083840048,0.1503983438606347,0.13821279668429023,0.1239321387997952,-0.054738893594874466,0.0014823933820283242,-0.04039478014255757,0.0462173797579446,-0.008010195377132046,0.012185547176344458,0.014280657884495035,0.018456009683707447
leave_one_event_out,2020,manta,3989234,22-104a,Horseshoe Reef (No 1) (22-104a),2020,Southern GBR,0,6.61,0.02044771087509159,0,0.5,0,0,0.949999988079071,0.7752,NA,NA,NA,NA,NA,0.19433830332612323,0.18102335622649568,0.2370113471234271,0.19511450102690217,0.2331344024492125,0.18828753991722788,0.1786089433118787,0.1656356917093945,0.19433830332612323,0.18102335622649568,0.2370113471234271,0.19511450102690217,0.2331344024492125,0.18828753991722788,0.1786089433118787,0.1656356917093945,-0.04267304379730388,-7.761977007789411e-4,-0.03879609912308926,0.01331494709962755,-0.007264183690732201,0.009678596605349171,0.01297325160248422,0.01538766451710119
leave_one_event_out,2020,manta,4284488,23-045a,North Reef (North) (23-045a),2020,Southern GBR,0,7.42,0.5185425521202008,0.318181812763214,1,0.29545453935861576,0,0,7e-4,NA,NA,NA,NA,NA,0.31582804343145154,0.2766751603784401,0.19590339177675575,0.3114654061013849,0.2421130282890623,0.2356027825691473,0.27907080398426576,0.2752398793125901,0.31582804343145154,0.2766751603784401,0.19590339177675575,0.3114654061013849,0.2421130282890623,0.2356027825691473,0.27907080398426576,0.2752398793125901,0.11992465165469579,0.004362637330066643,0.07371501514238923,0.039152883053011456,0.04107237780929279,-0.04346802141511846,0.003830924671675673,0.0014352810658500026
leave_one_event_out,2020,ltmp,4188172,23-048,Broomfield Reef (23-048),2020,Southern GBR,0,6.9,0.8188876738951109,0.278052419008012,1,0.23259787219881548,0,0,0,NA,NA,NA,NA,NA,0.267102327869528,0.2327168679489519,0.1945274303902449,0.2505277466954927,0.2389199802398816,0.21392263248398397,0.241386947790262,0.24451510828298537,0.267102327869528,0.2327168679489519,0.1945274303902449,0.2505277466954927,0.2389199802398816,0.21392263248398397,0.241386947790262,0.24451510828298537,0.07257489747928308,0.016574581174035263,0.028182347629646387,0.03438545992057607,0.018794235464967946,-0.027464315306278048,-0.003128160492723353,-0.011798240334033455
leave_one_event_out,2020,manta,4284729,23-048,Broomfield Reef (23-048),2020,Southern GBR,0,6.9,0.8188876738951109,0.278052419008012,1,0.23259787219881548,0,0,0,NA,NA,NA,NA,NA,0.2550716029420151,0.23712979446253815,0.1853554294963764,0.2421962453555728,0.2345017519146481,0.21810693574819484,0.24575951907203747,0.25028038410370923,0.2550716029420151,0.23712979446253815,0.1853554294963764,0.2421962453555728,0.2345017519146481,0.21810693574819484,0.24575951907203747,0.25028038410370923,0.06971617344563869,0.012875357586442288,0.020569851027366998,0.017941808479476934,0.01902285871434331,-0.027652583323842628,-0.004520865031671761,-0.013150589641171079
leave_one_event_out,2020,manta,4284530,23-051,Wreck Island Reef (23-051),2020,Southern GBR,0,6.48,0.9454765295081774,0.404689475373292,1,0.38196220196869374,0,NA,0,NA,NA,NA,NA,NA,0.28264616255945935,0.24947749323842103,0.21717128624550908,0.27389872876340376,0.2606529673426415,0.23337246411638785,0.24942812853539925,0.25794965278675397,0.28264616255945935,0.24947749323842103,0.21717128624550908,0.27389872876340376,0.2606529673426415,0.23337246411638785,0.24942812853539925,0.25794965278675397,0.06547487631395027,0.008747433796055581,0.021993195216817862,0.03316866932103832,0.016105029122033182,-0.016055664419011406,-0.008521524251354717,-0.008472159548332941
leave_one_event_out,2020,ltmp,4185537,23-055a,One Tree Island Reef (23-055a),2020,Southern GBR,0,5.34,0.8889220066516131,0.496293254226562,1,0.4735659808219638,0,NA,0.0717,NA,NA,NA,NA,NA,0.20587651630906695,0.1722084109739682,0.14909892647012712,0.18184107510558745,0.17417232471332808,0.17063606488092956,0.17735823873053094,0.1886568550924486,0.20587651630906695,0.1722084109739682,0.14909892647012712,0.18184107510558745,0.17417232471332808,0.17063606488092956,0.17735823873053094,0.1886568550924486,0.056777589838939824,0.024035441203479502,0.03170419159573887,0.03366810533509876,0.0015723460930386346,-0.006722173849601387,-0.011298616361917646,-0.0164484441184804
leave_one_event_out,2020,manta,4284429,23-055a,One Tree Island Reef (23-055a),2020,Southern GBR,0,5.34,0.8889220066516131,0.496293254226562,1,0.4735659808219638,0,NA,0.0717,NA,NA,NA,NA,NA,0.19811408171490943,0.17284522831643004,0.15334006289275626,0.17723802615897954,0.17486178402680713,0.17147051259990242,0.17758911561904953,0.1883539481083231,0.19811408171490943,0.17284522831643004,0.15334006289275626,0.17723802615897954,0.17486178402680713,0.17147051259990242,0.17758911561904953,0.1883539481083231,0.04477401882215318,0.02087605555592989,0.023252297688102302,0.025268853398479396,0.0013747157165276136,-0.006118603019147101,-0.010764832489273568,-0.015508719791893055
leave_one_event_out,2020,manta,4284415,23-068,Erskine Reef (23-068),2020,Southern GBR,0.1282197896106264,8.85,0.6463574733552038,0.359053447852049,1,0.3135989010428525,0,0.0166666669150194,0,b,NA,DHW2020 8.7.  COTS culling in the region also,coral bleaching,DHW2020 8.7.  COTS culling in the region also  coral bleaching,0.34085665361097506,0.28213627701553473,0.2585459669608311,0.35825024097666935,0.27495092610860955,0.2406429919157488,0.2865929333155644,0.29140889286422006,0.21263686400034865,0.15391648740490832,0.13032617735020469,0.23003045136604297,0.14673113649798314,0.1124232023051224,0.158373143704938,0.16318910325359365,0.08231068665014396,-0.017393587365694324,0.06590572750236551,0.05872037659544033,0.04149328509978592,-0.04594994139981559,-0.004815959548655657,-0.009272615848685328
leave_one_event_out,2020,manta,4284517,23-069,Mast Head Reef (23-069),2020,Southern GBR,0.19578202558213337,8.870000000000001,0.5168890543700682,0.35868235606875,1,0.3132278092595535,0,0,0,b,NA,DHW2020 8.9,coral bleaching,DHW2020 8.9  coral bleaching,0.357914087802858,0.2838157698044711,0.2781775199926272,0.35955735085740465,0.26952619754953255,0.24306418272371544,0.28565100815944905,0.2942517900773328,0.16213206222072463,0.08803374422233773,0.08239549441049382,0.16377532527527128,0.07374417196739919,0.04728215714158207,0.08986898257731568,0.09846976449519944,0.07973656781023081,-0.001643263054546651,0.08838789025332544,0.0740983179983869,0.04075158708075566,-0.04258682543573361,-0.008600781917883757,-0.01043602027286171
leave_one_event_out,2020,manta,4284465,23-079,Boult Reef (23-079),2020,Southern GBR,0,3.69,0.8105745639212576,0.181818187236785,1,0.181818187236785,0,0.202499996870756,0.1119,NA,NA,NA,NA,NA,0.06504384387140262,0.07516532095992678,0.05337160114036802,0.07031258361810269,0.06155104470335049,0.07034588362520991,0.08037054976058801,0.09094175311903294,0.06504384387140262,0.07516532095992678,0.05337160114036802,0.07031258361810269,0.06155104470335049,0.07034588362520991,0.08037054976058801,0.09094175311903294,0.0116722427310346,-0.005268739746700071,0.0034927991680521325,-0.010121477088524164,0.004819437334716875,-0.0100246661353781,-0.010571203358444928,-0.015776432159106152
leave_one_event_out,2020,manta,4284552,23-080,Hoskyn Islands Reef (23-080),2020,Southern GBR,0,3.6,0.673505856232747,0.181048326443982,1,0.181048326443982,0,0.0962499966844916,0.1119,NA,NA,NA,NA,NA,0.06788638568949264,0.0728987345124545,0.03845000921625798,0.05781169804523334,0.05291517209616934,0.06779331647609994,0.07598546122531707,0.08887373786124977,0.06788638568949264,0.0728987345124545,0.03845000921625798,0.05781169804523334,0.05291517209616934,0.06779331647609994,0.07598546122531707,0.08887373786124977,0.02943637647323466,0.010074687644259298,0.014971213593323297,-0.005012348822961865,0.005105418036354559,-0.008192144749217131,-0.0128882766359327,-0.015975003348795272
leave_one_event_out,2020,manta,4284502,23-081,Fairfax Islands Reef (23-081),2020,Southern GBR,0,4.55,0.8387996880898884,0.0906756513383764,1,0.0906756513383764,0,0.021000000089407,0.2415,NA,NA,NA,NA,NA,0.1418727901812755,0.08877519708037813,0.08411552724664029,0.10371196074101992,0.08835165362634537,0.07993796422313958,0.08933376802171902,0.06381122338753974,0.1418727901812755,0.08877519708037813,0.08411552724664029,0.10371196074101992,0.08835165362634537,0.07993796422313958,0.08933376802171902,0.06381122338753974,0.057757262934635206,0.038160829440255575,0.05352113655493013,0.05309759310089736,0.008837232857238558,-0.009395803798579447,0.025522544634179287,0.024963973692838398
leave_one_event_out,2020,ltmp,4187212,23-082a,Lady Musgrave Reef (23-082a),2020,Southern GBR,0,4.91,0.9383600886206768,0.0903493206534778,1,0.0903493206534778,0,0.251749996561557,0.2415,NA,NA,NA,NA,NA,0.21115848858869404,0.13666396394939867,0.14275812914112096,0.22190825055564925,0.18886009047555183,0.130720441421267,0.14138795557647726,0.1059157331523864,0.21115848858869404,0.13666396394939867,0.14275812914112096,0.22190825055564925,0.18886009047555183,0.130720441421267,0.14138795557647726,0.1059157331523864,0.06840035944757308,-0.010749761966955207,0.022298398113142215,0.07449452463929537,0.005943522528131684,-0.010667514155210278,0.03547222242409087,0.030748230797012277
leave_one_event_out,2020,manta,4284764,23-082a,Lady Musgrave Reef (23-082a),2020,Southern GBR,0,4.91,0.9383600886206768,0.0903493206534778,1,0.0903493206534778,0,0.251749996561557,0.2415,NA,NA,NA,NA,NA,0.2019506275316389,0.1404535962148136,0.14830957274213324,0.2099041136039511,0.18012757044051578,0.1322159059660836,0.1435478191811852,0.10693976646374956,0.2019506275316389,0.1404535962148136,0.14830957274213324,0.2099041136039511,0.18012757044051578,0.1322159059660836,0.1435478191811852,0.10693976646374956,0.05364105478950565,-0.007953486072312194,0.021823057091123116,0.061497031316825296,0.00823769024873,-0.011331913215101602,0.03660805271743564,0.03351382975106404
leave_one_event_out,2022,ltmp,4241128,11-016,McSweeney Reef (11-016),2022,Northern GBR,0,6.72,0,0,0.3,0,0,0.194444447755814,0.197,NA,NA,NA,NA,NA,0.00175754941511548,0.00739913596950304,0.01061703796671711,0.00155086998738401,0.0010732423449248,0.01201070152647974,0.0027776885445389,0.00901563558380304,0.00175754941511548,0.00739913596950304,0.01061703796671711,0.00155086998738401,0.0010732423449248,0.01201070152647974,0.0027776885445389,0.00901563558380304,-0.008859488551601631,2.0667942773147e-4,6.8430707019068e-4,-0.00564158655438756,-0.004611565556976701,0.00923301298194084,-0.0062379470392641394,-0.0016164996143000002
leave_one_event_out,2022,ltmp,4240948,11-029,Monsoon Reef (11-029),2022,Northern GBR,0,6.55,0.02020398187746821,0,0.3,0,0,0.200000002980232,0.2036,NA,NA,NA,NA,NA,0.00177071971732312,0.00636053887380988,0.01025299109058492,0.00263695757189309,0.0014376372768317,0.01225130768947433,0.00531919704673051,0.01089583030223854,0.00177071971732312,0.00636053887380988,0.01025299109058492,0.00263695757189309,0.0014376372768317,0.01225130768947433,0.00531919704673051,0.01089583030223854,-0.0084822713732618,-8.662378545699699e-4,3.3308244049142e-4,-0.00458981915648676,-0.005890768815664449,0.006932110642743819,-0.00557663325550803,-0.00453529142842866
leave_one_event_out,2022,ltmp,4241525,11-049,U/N Reef (11-049),2022,Northern GBR,0,5.8100000000000005,0.048981308349736,0.0498473599041463,0.6,0.0498473599041463,0,0.780487775802612,0.691,NA,NA,NA,NA,NA,0.01795189824899584,0.01990766712079155,0.03566811504773285,0.01653526273187178,0.01472213316522733,0.02741524738096636,0.01087019418151715,0.01309559286725025,0.01795189824899584,0.01990766712079155,0.03566811504773285,0.01653526273187178,0.01472213316522733,0.02741524738096636,0.01087019418151715,0.01309559286725025,-0.017716216798737014,0.0014166355171240583,0.0032297650837685085,-0.001955768871795712,-0.007507580260174809,0.01654505319944921,-0.0022253986857331005,0.0068120742535413
leave_one_event_out,2022,ltmp,4241315,12-056,Mantis Reef (12-056),2022,Northern GBR,0.0142612944602823,10.45,0.21517474702332873,0.050152366259106,0.7,0.02529249889364944,0,0,0,NA,NA,NA,NA,NA,0.07852718469904355,0.04633760007174183,0.07844798137707437,0.07784431564590867,0.07645508352739586,0.05617732059562065,0.04466513326052331,0.04758100411569088,0.06426589023876124,0.03207630561145952,0.06418668691679207,0.06358302118562636,0.06219378906711355,0.04191602613533835,0.03040383880024101,0.03331970965540858,7.920332196917346e-5,6.828690531348741e-4,0.002072101171647689,0.03218958462730172,-0.009839720523878825,0.011512187335097335,-0.002915870855167566,-0.0012434040439490562
leave_one_event_out,2022,manta,4285300,12-056,Mantis Reef (12-056),2022,Northern GBR,0,10.45,0.21517474702332873,0.050152366259106,0.7,0.02529249889364944,0,0,0,NA,NA,NA,NA,NA,0.14351271962804082,0.09972693842641482,0.13340560193983195,0.14577158177309357,0.14428675616995282,0.09704297197258518,0.10513422158526611,0.100040958463751,0.14351271962804082,0.09972693842641482,0.13340560193983195,0.14577158177309357,0.14428675616995282,0.09704297197258518,0.10513422158526611,0.100040958463751,0.010107117688208878,-0.002258862145052748,-7.740365419119932e-4,0.043785781201626,0.0026839664538296365,-0.008091249612680929,0.005093263121515118,-3.14020037336174e-4
leave_one_event_out,2022,ltmp,4241952,12-061,Lagoon Reef (12-061),2022,Northern GBR,0,7.71,0.277758232567382,0.0484386681065906,0.5,0.02350020791324015,0,0,0,NA,NA,NA,NA,NA,0.11875889328082656,0.10663109811804918,0.1207772061959632,0.10943979663742996,0.0949532667145674,0.1052901338974864,0.09645235770547136,0.10314913289267072,0.11875889328082656,0.10663109811804918,0.1207772061959632,0.10943979663742996,0.0949532667145674,0.1052901338974864,0.09645235770547136,0.10314913289267072,-0.0020183129151366414,0.009319096643396599,0.02380562656625916,0.012127795162777386,0.0013409642205627764,0.008837776192015034,-0.006696775187199355,0.0034819652253784555
leave_one_event_out,2022,manta,4285500,12-061,Lagoon Reef (12-061),2022,Northern GBR,0,7.71,0.277758232567382,0.0484386681065906,0.5,0.02350020791324015,0,0,0,NA,NA,NA,NA,NA,0.12453670496483116,0.12259770544179543,0.12536019094877163,0.1241393627807832,0.11327424458556794,0.11249687117055024,0.11204359987826502,0.10877555877678666,0.12453670496483116,0.12259770544179543,0.12536019094877163,0.1241393627807832,0.11327424458556794,0.11249687117055024,0.11204359987826502,0.10877555877678666,-8.234859839404696e-4,3.973421840479524e-4,0.01126246037926322,0.0019389995230357226,0.010100834271245196,4.53271292285215e-4,0.0032680411014783667,0.013822146665008778
leave_one_event_out,2022,manta,4285460,12-098,Second Small Reef (12-098),2022,Northern GBR,0,8.46,0.32711814112678345,0.0462025976892283,0.6,0.0462025976892283,0,NA,0,NA,NA,NA,NA,NA,0.0885042415721621,0.10462265278451122,0.0981520040479385,0.08090940983524651,0.08575501650969156,0.10341855729586426,0.10423499322271658,0.09263368886863284,0.0885042415721621,0.10462265278451122,0.0981520040479385,0.08090940983524651,0.08575501650969156,0.10341855729586426,0.10423499322271658,0.09263368886863284,-0.009647762475776395,0.007594831736915594,0.0027492250624705505,-0.01611841121234911,0.0012040954886469585,-8.164359268523214e-4,0.011601304354083741,0.011988963915878378
leave_one_event_out,2022,manta,1273023,13-056,Sand Bank No 8 Reef (13-056),2022,Northern GBR,0,7.49,0.1960642027905039,0.0947500755292494,0.6,0.0471310270232279,0,NA,0,NA,NA,NA,NA,NA,0.08122834983073583,0.02824528374254322,0.07952931700517174,0.07653865053093718,0.06599549055427636,0.03045413630729918,0.02686384972825457,0.0301892573090579,0.08122834983073583,0.02824528374254322,0.07952931700517174,0.07653865053093718,0.06599549055427636,0.03045413630729918,0.02686384972825457,0.0301892573090579,0.0016990328255640924,0.00468969929979865,0.015232859276459468,0.052983066088192615,-0.002208852564755958,0.003590286579044609,-0.0033254075808033315,-0.0019439735665146805
leave_one_event_out,2022,manta,1273190,13-118a,Creech Reef (North) (13-118a),2022,Northern GBR,0,7.94,0.1826339525692652,0.0512481090234852,0.8,0.02852083561888695,0,NA,0,NA,NA,NA,NA,NA,0.13797816973836996,0.05124575234649013,0.11726226023176452,0.12997552542990656,0.1208981255834194,0.04695574146417022,0.04770226330818357,0.04884404231712391,0.13797816973836996,0.05124575234649013,0.11726226023176452,0.12997552542990656,0.1208981255834194,0.04695574146417022,0.04770226330818357,0.04884404231712391,0.020715909506605443,0.008002644308463397,0.017080044154950555,0.08673241739187984,0.0042900108823199085,-7.465218440133523e-4,-0.001141779008940337,0.002401710029366219
leave_one_event_out,2022,manta,1273142,13-121,U/N Reef (13-121),2022,Northern GBR,0,9.34,0.1996493645654637,0.0471606980463497,0.4,-0.02268434340843204,0,NA,0,NA,NA,NA,NA,NA,0.14508548698033708,0.07199015543235995,0.11422478085417112,0.147524653627758,0.14169395114838185,0.06796322267475448,0.08463572804324403,0.07503060119069323,0.14508548698033708,0.07199015543235995,0.11422478085417112,0.147524653627758,0.14169395114838185,0.06796322267475448,0.08463572804324403,0.07503060119069323,0.030860706126165954,-0.002439166647420915,0.003391535831955228,0.07309533154797712,0.004026932757605475,-0.01667250536848955,0.0096051268525508,-0.003040445758333274
leave_one_event_out,2022,ltmp,4242162,13-124,U/N Reef (13-124),2022,Northern GBR,0.0083632291558402,5.55,0.14891155162157527,0.19731509407121,0.6,0.01525386860281352,0,0,0,NA,NA,NA,NA,NA,0.10712459706161422,0.03451584981310911,0.0916020399737298,0.0860464172393407,0.07800882582771061,0.03000187167513455,0.02189891968713127,0.03433018428527517,0.098761367905774,0.0261526206572689,0.08323881081788959,0.0776831880835005,0.06964559667187041,0.02163864251929434,0.01353569053129106,0.02596695512943496,0.015522557087884414,0.021078179822273502,0.02911577123390359,0.0726087472485051,0.004513978137974561,0.00810295198800328,-0.0124312645981439,1.8566552783394127e-4
leave_one_event_out,2022,manta,4285227,13-124,U/N Reef (13-124),2022,Northern GBR,0,5.55,0.14891155162157527,0.19731509407121,0.6,0.01525386860281352,0,0,0,NA,NA,NA,NA,NA,0.14993991797875228,0.04944187631213227,0.1141120537604635,0.13398102732427686,0.11088227982421855,0.03939093891901988,0.03931179960546509,0.04402588085403391,0.14993991797875228,0.04944187631213227,0.1141120537604635,0.13398102732427686,0.11088227982421855,0.03939093891901988,0.03931179960546509,0.04402588085403391,0.03582786421828878,0.01595889065447542,0.039057638154533725,0.10049804166662002,0.010050937393112386,7.913931355479215e-5,-0.00471408124856882,0.005415995458098358
leave_one_event_out,2022,ltmp,4184760,14-087,Snake Reef (14-087),2022,Northern GBR,0.0158806264351468,3.63,0.47482565881965977,0.191775468301756,0.2,-0.1261442223542925,0,0,0.001,NA,NA,NA,NA,NA,0.1235599719401009,0.07943514811827325,0.11858364437519406,0.1225825164120426,0.1068927017118272,0.1002676979748269,0.12120694070489818,0.11716026395680648,0.1076793455049541,0.06355452168312645,0.10270301794004726,0.1067018899768958,0.09101207527668038,0.0843870715396801,0.10532631426975138,0.10127963752165968,0.004976327564906846,9.774555280583075e-4,0.016667270228273717,0.044124823821827655,-0.020832549856553653,-0.020939242730071278,0.004046676748091699,-0.03772511583853323
leave_one_event_out,2022,ltmp,4171458,14-114,MacGillivray Reef (14-114),2022,Northern GBR,0.04302678635595218,3.88,0.09358090098874752,0,0.35,0,0,0,0.0058,NA,NA,NA,NA,NA,0.0905567724318381,0.02566061574834303,0.08312820878190219,0.07918970319001924,0.0537578517543738,0.03360471242402393,0.02759036972029308,0.03525963172957944,0.04752998607588592,0.01736617060760914,0.04010142242595001,0.03616291683406705,0.01073106539842162,0.00942207393192824,0.0154364166356591,0.00776715462637273,0.00742856364993591,0.011367069241818871,0.0367989206774643,0.03016381546827678,0.0079440966756809,-0.006014342703730859,0.00766926200928637,0.00959901598123641
leave_one_event_out,2022,manta,4206377,14-114,MacGillivray Reef (14-114),2022,Northern GBR,0,3.88,0.09358090098874752,0,0.35,0,0,0,0.0058,NA,NA,NA,NA,NA,0.19078567213815503,0.06184281319712421,0.14414405552347884,0.16738599232558915,0.128186970775421,0.06596960087176655,0.07473164450011263,0.0766931052058335,0.19078567213815503,0.06184281319712421,0.14414405552347884,0.16738599232558915,0.128186970775421,0.06596960087176655,0.07473164450011263,0.0766931052058335,0.046641616614676196,0.023399679812565882,0.06259870136273404,0.12894285894103083,-0.004126787674642342,-0.00876204362834608,-0.001961460705720869,-0.014850292008709291
leave_one_event_out,2022,ltmp,4169249,14-116a,Lizard Island Reef (North West) (14-116a),2022,Northern GBR,0,4.05,0.1278850856353217,0,0.15,-0.046536797657609,0,0,0,NA,NA,NA,NA,NA,0.01936537030434625,0.01008675491027463,0.03228882699602779,0.01756830714839724,0.0145093607946501,0.01391909896727549,0.00946491971265472,0.01719105935368153,0.01936537030434625,0.01008675491027463,0.03228882699602779,0.01756830714839724,0.0145093607946501,0.01391909896727549,0.00946491971265472,0.01719105935368153,-0.012923456691681538,0.0017970631559490087,0.0048560095096961495,0.00927861539407162,-0.0038323440570008603,0.00445417925462077,-0.00772613964102681,-0.0071043044434069
leave_one_event_out,2022,manta,4285517,14-116a,Lizard Island Reef (North West) (14-116a),2022,Northern GBR,0.01322328943195571,4.05,0.1278850856353217,0,0.15,-0.046536797657609,0,0,0,NA,NA,NA,NA,NA,0.05131175221423984,0.02278717932476885,0.07063207100837554,0.04941944506224123,0.043159439740278,0.02994372343614645,0.02686509024679288,0.03415217981514994,0.03808846278228413,0.00956388989281313,0.05740878157641983,0.03619615563028552,0.02993615030832228,0.01672043400419074,0.01364180081483716,0.02092889038319422,-0.019320318794135698,0.001892307151998611,0.00815231247396185,0.028524572889471002,-0.007156544111377611,0.0030786331893535804,-0.007287089568357061,-0.011365000490381092
leave_one_event_out,2022,ltmp,4175201,14-126,Linnet Reef (14-126),2022,Northern GBR,0,5.14,0.7120799290486606,0.131959415032725,0.2,-0.02501224849266598,0,0,0.0039,NA,NA,NA,NA,NA,0.3420201549699123,0.1585782569507013,0.2508382586297027,0.3287663715112999,0.26873440635761,0.13059468462645077,0.21743285465346385,0.17440549277644826,0.3420201549699123,0.1585782569507013,0.2508382586297027,0.3287663715112999,0.26873440635761,0.13059468462645077,0.21743285465346385,0.17440549277644826,0.09118189634020957,0.01325378345861239,0.0732857486123023,0.18344189801921099,0.027983572324250527,-0.08683817002701308,0.043027361877015585,-0.015827235825746966
leave_one_event_out,2022,manta,4285401,14-126,Linnet Reef (14-126),2022,Northern GBR,0,5.14,0.7120799290486606,0.131959415032725,0.2,-0.02501224849266598,0,0,0.0039,NA,NA,NA,NA,NA,0.38166049340658303,0.17440554015119775,0.26273563503053693,0.365652923374797,0.30133573572111527,0.13960469280953022,0.23183487681465487,0.17949876668553694,0.38166049340658303,0.17440554015119775,0.26273563503053693,0.365652923374797,0.30133573572111527,0.13960469280953022,0.23183487681465487,0.17949876668553694,0.1189248583760461,0.016007570031786045,0.08032475768546776,0.2072549532553853,0.034800847341667523,-0.09223018400512464,0.05233611012911793,-0.00509322653433919
leave_one_event_out,2022,ltmp,4173744,14-137,Carter Reef (14-137),2022,Northern GBR,0,4.64,0.11162755510045248,0,0.35,0,0,0,0,NA,NA,NA,NA,NA,0.03696293231124355,0.02067052466421385,0.05567791068074548,0.03745469113783899,0.04291406637204353,0.022794825376361,0.01458237172442219,0.02178554865976062,0.03696293231124355,0.02067052466421385,0.05567791068074548,0.03745469113783899,0.04291406637204353,0.022794825376361,0.01458237172442219,0.02178554865976062,-0.01871497836950193,-4.917588265954398e-4,-0.00595113406079998,0.0162924076470297,-0.0021243007121471494,0.008212453651938808,-0.007203176935338429,-0.0011150239955467697
leave_one_event_out,2022,manta,3988789,14-137,Carter Reef (14-137),2022,Northern GBR,0,4.64,0.11162755510045248,0,0.35,0,0,0,0,NA,NA,NA,NA,NA,0.05418371403656982,0.02586513557243555,0.06672284054921698,0.05567378268478586,0.06139457940621615,0.02739511249345525,0.01847671819349079,0.02409023789716718,0.05418371403656982,0.02586513557243555,0.06672284054921698,0.05567378268478586,0.06139457940621615,0.02739511249345525,0.01847671819349079,0.02409023789716718,-0.012539126512647165,-0.0014900686482160405,-0.007210865369646331,0.028318578464134266,-0.0015299769210197003,0.008918394299964463,-0.005613519703676392,0.00177489767526837
leave_one_event_out,2022,ltmp,4175970,14-138,Yonge Reef (14-138),2022,Northern GBR,0,4.65,0.1480934608370982,0,0.4,0,0,0,0,NA,NA,NA,NA,NA,0.06645296114268394,0.03617958753635465,0.08018525659679322,0.06019044483681868,0.05532259915346269,0.03345329568550446,0.02681183919315239,0.03254753087736961,0.06645296114268394,0.03617958753635465,0.08018525659679322,0.06019044483681868,0.05532259915346269,0.03345329568550446,0.02681183919315239,0.03254753087736961,-0.013732295454109283,0.006262516305865259,0.011130361989221252,0.03027337360632929,0.0027262918508501877,0.006641456492352069,-0.005735691684217222,0.0036320566589850348
leave_one_event_out,2022,manta,4206461,14-138,Yonge Reef (14-138),2022,Northern GBR,0,4.65,0.1480934608370982,0,0.4,0,0,0,0,NA,NA,NA,NA,NA,0.05302853994172753,0.03176276822456342,0.06747671229574768,0.05302879689078832,0.04862103181401846,0.02981082607500256,0.02114016440795512,0.02704335428326533,0.05302853994172753,0.03176276822456342,0.06747671229574768,0.05302879689078832,0.04862103181401846,0.02981082607500256,0.02114016440795512,0.02704335428326533,-0.014448172354020156,-2.5694906079232194e-7,0.00440750812770907,0.02126577171716411,0.0019519421495608619,0.008670661667047438,-0.005903189875310209,0.00471941394129809
leave_one_event_out,2022,ltmp,4169993,14-139,No Name Reef (14-139),2022,Northern GBR,0,4.32,0.1782672759319418,0,0.4,0,0,0,0,NA,NA,NA,NA,NA,0.02921086306248941,0.01865798355228375,0.04669555672638616,0.02519787113875443,0.02611013837987367,0.02077783949598894,0.0117276148991202,0.01832067371640705,0.02921086306248941,0.01865798355228375,0.04669555672638616,0.02519787113875443,0.02611013837987367,0.02077783949598894,0.0117276148991202,0.01832067371640705,-0.01748469366389675,0.004012991923734978,0.003100724682615741,0.01055287951020566,-0.0021198559437051907,0.009050224596868741,-0.006593058817286852,3.3730983587669863e-4
leave_one_event_out,2022,manta,3988851,14-139,No Name Reef (14-139),2022,Northern GBR,0.05197414926018003,4.32,0.1782672759319418,0,0.4,0,0,0,0,NA,NA,NA,NA,NA,0.02081354807150755,0.01449126900521163,0.03671399027690023,0.02047198373489573,0.02088915444151976,0.01736955818299372,0.00855025127950873,0.01423107431991061,0.03116060118867248,0.0374828802549684,0.0152601589832798,0.0315021655252843,0.03108499481866027,0.03460459107718631,0.0434238979806713,0.03774307494026942,0.01590044220539268,-3.415643366118208e-4,7.560637001221074e-5,-0.006322279066295917,0.002878289177782087,-0.008819306903484987,0.005680823040401878,-2.601946853010226e-4
leave_one_event_out,2022,ltmp,4172232,14-143,North Direction Reef (14-143),2022,Northern GBR,0.02573752403126933,4.36,0.403416422365576,0,0.35,0,0,0,0.0058,NA,NA,NA,NA,NA,0.00234607015836046,0.00785295584475529,0.00594353710902148,0.00196408072530627,0.00355768533147866,0.0095892433267727,0.00394514980349318,0.00653651006334973,0.02339145387290887,0.01788456818651403,0.01979398692224784,0.02377344330596305,0.02217983869979067,0.016148280704496622,0.02179237422777614,0.01920101396791959,0.0035974669506610296,-3.8198943305417857e-4,0.0012116151731181996,0.00550688568639484,0.0017362874820174082,-0.00564409352327952,0.0025913602598565504,-0.0013164457814055612
leave_one_event_out,2022,manta,4206411,15-009,Forrester Reef (15-009),2022,Northern GBR,0,3.74,0.4434674341121681,0.0848162523506803,0.4,-0.0049077574864654,0,0,0.0017,NA,NA,NA,NA,NA,0.05917792379653439,0.03148596453101161,0.04882162330186667,0.04940692408211135,0.04936198907551217,0.03031472902681563,0.03176873675562632,0.03160806728868021,0.05917792379653439,0.03148596453101161,0.04882162330186667,0.04940692408211135,0.04936198907551217,0.03031472902681563,0.03176873675562632,0.03160806728868021,0.010356300494667715,0.009770999714423037,0.00981593472102222,0.02769195926552278,0.0011712355041959763,-0.0014540077288106856,1.6066946694610895e-4,-1.221027576686004e-4
leave_one_event_out,2022,manta,4006063,15-012,Boulder Reef (15-012),2022,Northern GBR,0,2.64,0.4155479405924643,0.129174799261907,0.5,-0.01239515244757649,0,0,8e-4,NA,NA,NA,NA,NA,0.04452673996729198,0.02101852451110793,0.03629578607098737,0.03803020531592503,0.03491122076686739,0.02673097468454741,0.01802569813925507,0.02508261290302516,0.04452673996729198,0.02101852451110793,0.03629578607098737,0.03803020531592503,0.03491122076686739,0.02673097468454741,0.01802569813925507,0.02508261290302516,0.008230953896304606,0.006496534651366952,0.00961551920042459,0.023508215456184048,-0.005712450173439479,0.00870527654529234,-0.00705691476377009,-0.004064088391917228
leave_one_event_out,2022,manta,4006090,15-013,Egret Reef (15-013),2022,Northern GBR,0,2.8000000000000003,0.3646450392782945,0.0835661326723756,0.2,-0.1286077163660999,0,NA,0.0014,NA,NA,NA,NA,NA,0.0069283251738322,0.00625182281684871,0.00746997360165875,0.00426130204713656,0.00594223210936029,0.00836963115918749,0.00416869489909275,0.00643300961274592,0.0069283251738322,0.00625182281684871,0.00746997360165875,0.00426130204713656,0.00594223210936029,0.00836963115918749,0.00416869489909275,0.00643300961274592,-5.416484278265498e-4,0.0026670231266956402,9.8609306447191e-4,6.765023569834903e-4,-0.0021178083423387803,0.004200936260094741,-0.0022643147136531703,-1.8118679589720996e-4
leave_one_event_out,2022,manta,1273616,15-085,Lena Reef (15-085),2022,Northern GBR,0,3.3200000000000003,0.2681112390803129,0,0.4,0,0,0,0,NA,NA,NA,NA,NA,0.02563311936905641,0.02712714074775732,0.02979989157781469,0.02309558333387272,0.03471689498996518,0.03177817726993426,0.02193123604834607,0.0236850484042526,0.02563311936905641,0.02712714074775732,0.02979989157781469,0.02309558333387272,0.03471689498996518,0.03177817726993426,0.02193123604834607,0.0236850484042526,-0.004166772208758281,0.0025375360351836893,-0.009083775620908768,-0.001494021378700909,-0.004651036522176941,0.00984694122158819,-0.0017538123559065304,0.0034420923435047185
leave_one_event_out,2022,ltmp,4176751,15-099c,Agincourt Reefs (No 1) (15-099c),2022,Central GBR,0,4.33,0.25797491087869023,0.0455829123835978,0.9,0.0455829123835978,0,0,0,NA,NA,NA,NA,NA,0.01044109498367333,0.00627383122133179,0.02016444240024922,0.00818789372479284,0.01134601241926021,0.01015952291085599,0.00244535372477133,0.00509791371818142,0.01044109498367333,0.00627383122133179,0.02016444240024922,0.00818789372479284,0.01134601241926021,0.01015952291085599,0.00244535372477133,0.00509791371818142,-0.00972334741657589,0.0022532012588804898,-9.049174355868807e-4,0.00416726376234154,-0.0038856916895242,0.00771416918608466,-0.0026525599934100895,0.0011759175031503706
leave_one_event_out,2022,manta,4206428,15-099c,Agincourt Reefs (No 1) (15-099c),2022,Central GBR,0,4.33,0.25797491087869023,0.0455829123835978,0.9,0.0455829123835978,0,0,0,NA,NA,NA,NA,NA,0.03127282631726889,0.01629170274742897,0.03822865484277593,0.02471911578677302,0.03279022517949062,0.01754354987139662,0.00974222961633151,0.01055498590944874,0.03127282631726889,0.01629170274742897,0.03822865484277593,0.02471911578677302,0.03279022517949062,0.01754354987139662,0.00974222961633151,0.01055498590944874,-0.006955828525507045,0.006553710530495867,-0.0015173988622217346,0.014981123569839917,-0.001251847123967649,0.00780132025506511,-8.127562931172297e-4,0.005736716837980231
leave_one_event_out,2022,manta,4206194,16-015,Mackay Reef (16-015),2022,Central GBR,0.33138512291027894,4.14,0.08315407203687368,0.0454545468091965,0.45,-0.00108225084841249,0,0,4e-4,u,NA,Aerial bl 4 in 2022,unknown,Aerial bl 4 in 2022  unknown,0.1812012733234594,0.05797446606792781,0.1444762466820447,0.1649316297212408,0.17508213432735023,0.05345695152666115,0.04650325276403132,0.05306964796641631,0.15018384958681957,0.2734106568423511,0.18690887622823424,0.16645349318903815,0.1563029885829287,0.2779281713836178,0.2848818701462476,0.2783154749438626,-0.036725026641414665,-0.01626964360221858,-0.006119138996109136,-0.12322680725553153,-0.004517514541266698,-0.006953698762629801,0.006566395202385,-0.004904818101511499
leave_one_event_out,2022,ltmp,4170713,16-028,Low Islands Reef (16-028),2022,Central GBR,0.00670906586611519,4.33,0.07313090878400381,0.126918001743471,0,-0.13167633207102647,0,0,3e-4,NA,NA,NA,NA,NA,0.04996146497137313,0.04281099502582688,0.08030820646911795,0.04601588459715964,0.0512254841972524,0.06536844577269578,0.05318922094335209,0.07598728905461895,0.04325239910525794,0.03610192915971168,0.07359914060300275,0.03930681873104445,0.04451641833113721,0.05865937990658058,0.0464801550772369,0.06927822318850375,-0.030346741497744814,0.003945580374213491,-0.0012640192258792718,0.007150469945546259,-0.0225574507468689,0.01217922482934368,-0.022798068111266855,-0.033176294028792075
leave_one_event_out,2022,manta,4206351,16-028,Low Islands Reef (16-028),2022,Central GBR,0,4.33,0.07313090878400381,0.126918001743471,0,-0.13167633207102647,0,0,3e-4,NA,NA,NA,NA,NA,0.09222233085970306,0.06723464730931264,0.11076432201292503,0.08166403498798033,0.1017601000025934,0.08727130480731754,0.08249812452127708,0.10158143691974449,0.09222233085970306,0.06723464730931264,0.11076432201292503,0.08166403498798033,0.1017601000025934,0.08727130480731754,0.08249812452127708,0.10158143691974449,-0.01854199115322197,0.010558295871722731,-0.00953776914289034,0.024987683550390424,-0.0200366574980049,0.004773180286040457,-0.019083312398467403,-0.034346789610431847
leave_one_event_out,2022,manta,4068394,16-049,Green Island Reef (16-049),2022,Central GBR,0,4.23,0.2622221473568544,0.074243179949019,0,-0.091059177611562,0,0.0148809527357419,0.0161,NA,NA,NA,NA,NA,0.0496643957998098,0.01333491177846696,0.06022716239869778,0.05174205520594312,0.04529510133122127,0.01396413926318066,0.01149891542430348,0.02091804236846014,0.0496643957998098,0.01333491177846696,0.06022716239869778,0.05174205520594312,0.04529510133122127,0.01396413926318066,0.01149891542430348,0.02091804236846014,-0.010562766598887975,-0.002077659406133317,0.004369294468588532,0.03632948402134284,-6.292274847136993e-4,0.0024652238388771803,-0.009419126944156659,-0.007583130589993178
leave_one_event_out,2022,ltmp,4179543,16-057,Hastings Reef (16-057),2022,Central GBR,0,4.74,0.13685594143549068,0,0.25,-0.0236453410017313,0,0,0.003,NA,NA,NA,NA,NA,0.00716892961949179,0.00359545533771091,0.01335315635432879,0.006767711574651,0.00620329090701753,0.00535836754279235,0.00277840435744807,0.00469034039970813,0.00716892961949179,0.00359545533771091,0.01335315635432879,0.006767711574651,0.00620329090701753,0.00535836754279235,0.00277840435744807,0.00469034039970813,-0.0061842267348369995,4.0121804484079086e-4,9.656387124742606e-4,0.0035734742817808804,-0.0017629122050814403,0.0025799631853442805,-0.00191193604226006,-0.0010948850619972197
leave_one_event_out,2022,manta,4206248,16-057,Hastings Reef (16-057),2022,Central GBR,0,4.74,0.13685594143549068,0,0.25,-0.0236453410017313,0,0,0.003,NA,NA,NA,NA,NA,0.05563652966861341,0.01111774187588214,0.06213327590911803,0.0455490795877408,0.04029868165211991,0.01669734118307288,0.01146918646571188,0.01303676559596066,0.05563652966861341,0.01111774187588214,0.06213327590911803,0.0455490795877408,0.04029868165211991,0.01669734118307288,0.01146918646571188,0.01303676559596066,-0.006496746240504621,0.010087450080872612,0.015337848016493502,0.044518787792731274,-0.005579599307190741,0.005228154717361001,-0.00156757913024878,-0.00191902372007852
leave_one_event_out,2022,ltmp,4178611,16-068,Thetford Reef (16-068),2022,Central GBR,0,4.6000000000000005,0.1391397442593864,0.0456819441095574,0.4,-0.0013829853855064,0,0.00342465750873089,0.0036,NA,NA,NA,NA,NA,0.01488188908765567,0.0197393886876879,0.03075163364323758,0.01390213963313845,0.01920378064939444,0.02271690456346532,0.01593105488019738,0.02009862495042288,0.01488188908765567,0.0197393886876879,0.03075163364323758,0.01390213963313845,0.01920378064939444,0.02271690456346532,0.01593105488019738,0.02009862495042288,-0.015869744555581912,9.797494545172192e-4,-0.004321891561738771,-0.00485749960003223,-0.0029775158757774194,0.006785849683267939,-0.004167570070225501,-3.5923626273498196e-4
leave_one_event_out,2022,manta,4068552,16-068,Thetford Reef (16-068),2022,Central GBR,0.1317402536462841,4.6000000000000005,0.1391397442593864,0.0456819441095574,0.4,-0.0013829853855064,0,0.00342465750873089,0.0036,NA,NA,NA,NA,NA,0.03752194670776598,0.04885508797122618,0.05670380387897837,0.03316962263629483,0.04117738963179122,0.04706127641522129,0.04494833111197581,0.0439835825512314,0.09421830693851813,0.08288516567505794,0.07503644976730574,0.09857063100998928,0.09056286401449289,0.08467897723106282,0.0867919225343083,0.08775667109505271,0.019181857171212388,-0.004352324071471153,0.00365544292402524,0.011333141263460189,-0.0017938115560048873,-0.0021129453032454754,-9.647485607444106e-4,-0.004871505419994773
leave_one_event_out,2022,ltmp,3753787,17-024,Peart Reef (17-024),2022,Central GBR,0,4.48,0.28757915269354717,0.0455277726505272,0.5,8.985617695703163e-6,0,0,2e-4,NA,NA,NA,NA,NA,0.09759967305277203,0.05581893911049167,0.1053493699228044,0.1007914542364639,0.0778489113145035,0.07174711369935727,0.06527640210516844,0.07251420590571592,0.09759967305277203,0.05581893911049167,0.1053493699228044,0.1007914542364639,0.0778489113145035,0.07174711369935727,0.06527640210516844,0.07251420590571592,-0.007749696870032366,-0.003191781183691872,0.019750761738268535,0.041780733942280365,-0.0159281745888656,0.006470711594188827,-0.0072378038005474765,-0.016695266795224248
leave_one_event_out,2022,manta,4067479,17-024,Peart Reef (17-024),2022,Central GBR,0,4.48,0.28757915269354717,0.0455277726505272,0.5,8.985617695703163e-6,0,0,2e-4,NA,NA,NA,NA,NA,0.02192583043219955,0.01358739324871752,0.03263002947659027,0.0242966500628251,0.01838539822658901,0.02176887031105904,0.0144363628565501,0.020412742127377,0.02192583043219955,0.01358739324871752,0.03263002947659027,0.0242966500628251,0.01838539822658901,0.02176887031105904,0.0144363628565501,0.020412742127377,-0.010704199044390721,-0.002370819630625548,0.003540432205610542,0.00833843718348203,-0.008181477062341519,0.007332507454508939,-0.0059763792708268995,-0.006825348878659479
leave_one_event_out,2022,ltmp,3754967,17-034,Feather Reef (17-034),2022,Central GBR,0,4.65,0.3042376115459002,0.0456530240923085,0.6,1.984772831120016e-4,0,0,2e-4,NA,NA,NA,NA,NA,0.05235373013945478,0.04329251257294413,0.05317861704963167,0.03978092258071535,0.04866211802717755,0.05285957347947176,0.043896686188598,0.0446919075387649,0.05235373013945478,0.04329251257294413,0.05317861704963167,0.03978092258071535,0.04866211802717755,0.05285957347947176,0.043896686188598,0.0446919075387649,-8.248869101768891e-4,0.012572807558739435,0.003691612112277233,0.009061217566510654,-0.009567060906527633,0.008962887290873758,-7.952213501668942e-4,-0.0013993949658207688
leave_one_event_out,2022,manta,4068669,17-034,Feather Reef (17-034),2022,Central GBR,0,4.65,0.3042376115459002,0.0456530240923085,0.6,1.984772831120016e-4,0,0,2e-4,NA,NA,NA,NA,NA,0.01651119144201681,0.01453368825265229,0.02169302085342291,0.01648972278161021,0.01743499257852799,0.02089692532843871,0.01246388837458163,0.01388323386291662,0.01651119144201681,0.01453368825265229,0.02169302085342291,0.01648972278161021,0.01743499257852799,0.02089692532843871,0.01246388837458163,0.01388323386291662,-0.005181829411406099,2.1468660406601114e-5,-9.238011365111792e-4,0.001977503189364521,-0.006363237075786421,0.00843303695385708,-0.0014193454883349894,6.50454389735669e-4
leave_one_event_out,2022,ltmp,3802954,17-063a,Farquharson Reef (No 1) (17-063a),2022,Central GBR,0,5.1000000000000005,0.15948356377765885,0.045811266741732,0.6,0.02308399333713375,0,0,2e-4,b,NA,DHW 5,coral bleaching,DHW 5  coral bleaching,0.00479477544466833,0.00431856527172883,0.01078422912439281,0.00437165856477721,0.00408515799015293,0.00669415580393743,0.00233695029819059,0.00461223676404088,0.00479477544466833,0.00431856527172883,0.01078422912439281,0.00437165856477721,0.00408515799015293,0.00669415580393743,0.00233695029819059,0.00461223676404088,-0.0059894536797244794,4.231168798911203e-4,7.096174545154002e-4,4.762101729394999e-4,-0.0023755905322085996,0.00435720550574684,-0.00227528646585029,-2.936714923120493e-4
leave_one_event_out,2022,ltmp,3752583,17-064,Taylor Reef (17-064),2022,Central GBR,0.03460622317217533,5.1000000000000005,0.19780815383919248,0.0454545468091965,0.55,0.02272727340459825,0,0,1e-4,b,NA,Aerial bl 5 2022,coral bleaching,Aerial bl 5 2022  coral bleaching,0.0058534544392748,0.00525397497490315,0.01266093817746854,0.00621944538163758,0.0063654364550219,0.00711244585809644,0.00262924844631489,0.00563692606770445,0.02875276873290053,0.02935224819727218,0.02194528499470678,0.02838677779053775,0.02824078671715342,0.02749377731407889,0.03197697472586044,0.02896929710447088,0.006807483738193749,3.659909423627816e-4,5.119820157471096e-4,-5.994794643716488e-4,0.0018584708831932903,-0.004483197411781551,0.003007677621389558,3.829510928012973e-4
leave_one_event_out,2022,manta,4067740,17-064,Taylor Reef (17-064),2022,Central GBR,0,5.1000000000000005,0.19780815383919248,0.0454545468091965,0.55,0.02272727340459825,0,0,1e-4,b,NA,DHW 5.2 in 2022,coral bleaching,DHW 5.2 in 2022  coral bleaching,0.03994599549281193,0.01756469354449343,0.04994899761268127,0.04241082985507917,0.0374238382308574,0.02168095006748081,0.0117129876459662,0.01739861056308663,0.03994599549281193,0.01756469354449343,0.04994899761268127,0.04241082985507917,0.0374238382308574,0.02168095006748081,0.0117129876459662,0.01739861056308663,-0.01000300211986934,-0.002464834362267243,0.0025221572619545315,0.0223813019483185,-0.004116256522987381,0.00996796242151461,-0.005685622917120431,1.6608298140679753e-4
leave_one_event_out,2022,ltmp,4226572,18-030,Kelso Reef (18-030),2022,Central GBR,0.00366189679440207,5.24,0.38025490391862365,0,0.4,0,0,0.00925925932824612,0.0061,b,NA,DHW 5,coral bleaching,DHW 5  coral bleaching,0.07976720193152123,0.02624186021821213,0.07055471789054915,0.07628698110926253,0.06754426193613002,0.03318992594584614,0.03001829255066519,0.03137575707527817,0.07610530513711916,0.02257996342381006,0.06689282109614708,0.07262508431486046,0.06388236514172795,0.02952802915144406,0.02635639575626311,0.02771386028087609,0.00921248404097208,0.0034802208222586978,0.012222939995391216,0.053525341713309096,-0.006948065727633998,0.0031716333951809506,-0.0013574645246129807,-0.005133896857066028
leave_one_event_out,2022,manta,4066152,18-030,Kelso Reef (18-030),2022,Central GBR,0.12764122335033576,5.24,0.38025490391862365,0,0.4,0,0,0.00925925932824612,0.0061,b,NA,DHW  5.2 in 2022 max bl obs 35% avg 5%,coral bleaching,DHW  5.2 in 2022 max bl obs 35% avg 5%  coral bleaching,0.13957357890989797,0.06528348170642059,0.11964956726384808,0.13436888324746468,0.1359193064001218,0.06583237702622417,0.08036018045240266,0.06751826859905233,0.0119323555595622,0.06235774164391516,0.00799165608648769,0.00672765989712892,0.00827808304978605,0.06180884632411158,0.0472810428979331,0.06012295475128343,0.003940699473074511,0.005204695662433281,0.00365427250977615,-0.05042538608435296,5.488953198035801e-4,0.01452780342617848,-0.012841911853350332,0.002234786892631728
leave_one_event_out,2022,manta,4067872,18-031,Little Kelso Reef (18-031),2022,Central GBR,0,5.11,0.6403023434382549,0,0.4,0,0,NA,0.0051,NA,NA,NA,NA,NA,0.09240418786565918,0.03344188668988191,0.07922612207269318,0.09205044913637768,0.0875270211878254,0.03443359917354174,0.02916303891271939,0.03669752648646261,0.09240418786565918,0.03344188668988191,0.07922612207269318,0.09205044913637768,0.0875270211878254,0.03443359917354174,0.02916303891271939,0.03669752648646261,0.013178065792966001,3.537387292815025e-4,0.0048771666778337774,0.05896230117577727,-9.917124836598262e-4,0.00527056026082235,-0.007534487573743219,-0.003255639796580695
leave_one_event_out,2022,ltmp,4239585,18-032,Rib Reef (18-032),2022,Central GBR,0,5.2,0.14359001595396717,0,0.45,0,0,0,4e-4,NA,NA,NA,NA,NA,0.00934556931090707,0.00471939944455591,0.01442964672255791,0.00909287070156745,0.00961237632142434,0.00663035093235508,0.0023217004343612,0.00440485727943302,0.00934556931090707,0.00471939944455591,0.01442964672255791,0.00909287070156745,0.00961237632142434,0.00663035093235508,0.0023217004343612,0.00440485727943302,-0.0050840774116508395,2.526986093396213e-4,-2.6680701051726846e-4,0.00462616986635116,-0.0019109514877991701,0.00430865049799388,-0.00208315684507182,3.145421651228903e-4
leave_one_event_out,2022,manta,4068046,18-032,Rib Reef (18-032),2022,Central GBR,0.0608903191997818,5.2,0.14359001595396717,0,0.45,0,0,0,4e-4,NA,NA,NA,NA,NA,0.06591142463202879,0.02567751078909995,0.06220512152506061,0.06175106680430915,0.05878436611820039,0.02825177790520542,0.02179459542474226,0.02511192551809122,0.00502110543224698,0.03521280841068185,0.00131480232527881,8.607476045273468e-4,0.0021059530815814,0.03263854129457637,0.03909572377503954,0.03577839368169058,0.0037063031069681698,0.004160357827719633,0.00291515235066558,-0.03019170297843487,0.0025742671161054775,-0.006457182480463168,0.003317330093348961,-5.655852710087297e-4
leave_one_event_out,2022,ltmp,4236107,18-034,Myrmidon Reef (18-034),2022,Central GBR,0,6.3,0.33819050843864445,0,0.45,0,0,0,0,NA,NA,NA,NA,NA,0.0815364416560452,0.01539708885478738,0.08063225800293383,0.07475525706150114,0.06415616895571673,0.0263927092118181,0.01394626917999302,0.02123436662438833,0.0815364416560452,0.01539708885478738,0.08063225800293383,0.07475525706150114,0.06415616895571673,0.0263927092118181,0.01394626917999302,0.02123436662438833,9.041836531113734e-4,0.006781184594544062,0.017380272700328478,0.06613935280125782,-0.010995620357030722,0.012446440031825082,-0.007288097444395311,-0.005837277769600951
leave_one_event_out,2022,manta,4066114,18-034,Myrmidon Reef (18-034),2022,Central GBR,0,6.3,0.33819050843864445,0,0.45,0,0,0,0,NA,NA,NA,NA,NA,0.1268225423407055,0.02797007574191269,0.1062793262201452,0.10648553262271748,0.10828468499814375,0.03763741620844347,0.02366004609367853,0.03123999091997843,0.1268225423407055,0.02797007574191269,0.1062793262201452,0.10648553262271748,0.10828468499814375,0.03763741620844347,0.02366004609367853,0.03123999091997843,0.0205432161205603,0.02033700971798802,0.018537857342561748,0.09885246659879281,-0.00966734046653078,0.01397737011476494,-0.007579944826299898,-0.0032699151780657375
leave_one_event_out,2022,ltmp,4230872,18-039,Dip Reef (18-039),2022,Central GBR,0.2110656708765323,5.36,0.5760877307329031,0,0.4,0,0,0,0,b,NA,"21% bleached on scuba in 2022, DHW 5",coral bleaching,"21% bleached on scuba in 2022, DHW 5  coral bleaching",0.12119798281729824,0.02733660848111013,0.1007532569251442,0.10541719307849667,0.10997970186271086,0.03155644281138819,0.02197028522645397,0.0322462628049012,0.08986768805923406,0.18372906239542217,0.1103124139513881,0.1056484777980356,0.10108596901382144,0.1795092280651441,0.18909538565007833,0.1788194080716311,-0.020444725892154042,-0.015780789738801537,-0.011218280954587379,-0.0938613743361881,0.0042198343302780605,-0.009586157584934224,0.010275977578447226,0.004909654323791063
leave_one_event_out,2022,manta,4066268,18-039,Dip Reef (18-039),2022,Central GBR,0,5.36,0.5760877307329031,0,0.4,0,0,0,0,b,NA,"21% bleached on scuba in 2022, DHW 5",NA,"21% bleached on scuba in 2022, DHW 5",0.0844595530209102,0.0191722178328807,0.07895709974836404,0.07896315067500881,0.07563911445012635,0.02692841980654909,0.016893119338588,0.02432166011689038,0.0844595530209102,0.0191722178328807,0.07895709974836404,0.07896315067500881,0.07563911445012635,0.02692841980654909,0.016893119338588,0.02432166011689038,0.005502453272546157,0.005496402345901388,0.00882043857078385,0.0652873351880295,-0.00775620197366839,0.01003530046796109,-0.007428540778302382,-0.005149442284009681
leave_one_event_out,2022,mmp,4137925,18-049e,Orpheus (Goolboddi) Island Reef (No 5) (18-049e),2022,Central GBR,0,5.32,0.952450917852772,0.085844906492414,0,-0.3610111062851105,0,NA,0.0016,NA,NA,NA,NA,NA,0.10692372197440848,0.16081400022173367,0.10226698100918231,0.11575211660125571,0.10332320971796678,0.12313877523497745,0.141394812273141,0.12576504009707698,0.10692372197440848,0.16081400022173367,0.10226698100918231,0.11575211660125571,0.10332320971796678,0.12313877523497745,0.141394812273141,0.12576504009707698,0.004656740965226169,-0.00882839462684723,0.0036005122564417014,-0.05389027824732519,0.037675224986756226,-0.018256037038163545,0.01562977217606401,0.03504896012465669
leave_one_event_out,2022,mmp,4137941,18-049e,Orpheus (Goolboddi) Island Reef (No 5) (18-049e),2022,Central GBR,0,5.32,0.8918840412843337,0.085844906492414,0,-0.3610111062851105,0,NA,0.0016,NA,NA,NA,NA,NA,0.07827885188656084,0.12996952725375863,0.07743848306566117,0.09108554852863644,0.09405475757747338,0.10087234141814946,0.10479583772368056,0.10571040367857444,0.07827885188656084,0.12996952725375863,0.07743848306566117,0.09108554852863644,0.09405475757747338,0.10087234141814946,0.10479583772368056,0.10571040367857444,8.403688208996618e-4,-0.012806696642075607,-0.015775905690912542,-0.05169067536719779,0.029097185835609163,-0.003923496305531099,-9.145659548938784e-4,0.024259123575184185
leave_one_event_out,2022,mmp,4148237,18-065,Havannah Reef (18-065),2022,Central GBR,0,7.62,0.23774567695213517,0.2214084500122,0,-0.29025431619532394,0,NA,0.0038,b,NA,NA,NA,NA,0.06785174128928444,0.08830247550540649,0.06912651795198997,0.07100226812989684,0.05272252465798458,0.08355139586707316,0.11977724373588484,0.08970261827819802,0.06785174128928444,0.08830247550540649,0.06912651795198997,0.07100226812989684,0.05272252465798458,0.08355139586707316,0.11977724373588484,0.08970261827819802,-0.0012747766627055346,-0.0031505268406124,0.015129216631299854,-0.02045073421612205,0.004751079638333322,-0.03622584786881168,0.030074625457686827,-0.0014001427727915322
leave_one_event_out,2022,mmp,4148254,18-065,Havannah Reef (18-065),2022,Central GBR,0,7.62,0.2696576013949048,0.2214084500122,0,-0.29025431619532394,0,NA,0.0038,b,NA,NA,NA,NA,0.03892718220776807,0.05475445759981647,0.04952436286995818,0.04216059120768817,0.03329381734305246,0.05690010986723699,0.05993443619509928,0.05420191848349004,0.03892718220776807,0.05475445759981647,0.04952436286995818,0.04216059120768817,0.03329381734305246,0.05690010986723699,0.05993443619509928,0.05420191848349004,-0.010597180662190106,-0.0032334089999200982,0.005633364864715613,-0.015827275392048396,-0.002145652267420521,-0.00303432632786229,0.005732517711609236,5.525391163264254e-4
leave_one_event_out,2022,ltmp,4235331,18-075,John Brewer Reef (18-075),2022,Central GBR,0,5.07,0.3274919913363907,0,0.45,0,0,0.00287356320768595,0.0048,NA,NA,NA,NA,NA,0.01315017269838718,0.01134984660794643,0.02232323188176148,0.01289192927270581,0.01070251710634229,0.01323376719301676,0.00465919564837702,0.00922147189172097,0.01315017269838718,0.01134984660794643,0.02232323188176148,0.01289192927270581,0.01070251710634229,0.01323376719301676,0.00465919564837702,0.00922147189172097,-0.0091730591833743,2.582434256813704e-4,0.0024476555920448888,0.00180032609044075,-0.0018839205850703297,0.00857457154463974,-0.00456227624334395,0.0021283747162254597
leave_one_event_out,2022,manta,4068097,18-075,John Brewer Reef (18-075),2022,Central GBR,0,5.07,0.3274919913363907,0,0.45,0,0,0.00287356320768595,0.0048,NA,NA,NA,NA,NA,0.07323642211390828,0.04168913225763805,0.08109128435458784,0.07047882822571322,0.05894387023292432,0.04543735871509697,0.03119663983929729,0.03954523179276956,0.07323642211390828,0.04168913225763805,0.08109128435458784,0.07047882822571322,0.05894387023292432,0.04543735871509697,0.03119663983929729,0.03954523179276956,-0.007854862240679564,0.002757593888195062,0.01429255188098396,0.031547289856270234,-0.0037482264574589252,0.014240718875799682,-0.008348591953472269,0.002143900464868488
leave_one_event_out,2022,manta,4068128,19-019,Bowden Reef (19-019),2022,Central GBR,0,5.46,0.4307029323829688,0.07834136437137,1,0.07834136437137,0,0.0447495554884275,0.0398,NA,NA,NA,NA,NA,0.06512663176085563,0.03421981257457188,0.06600271952267728,0.05787254709796379,0.04777909545728842,0.03778302046909659,0.02448363504515841,0.03315953027493867,0.06512663176085563,0.03421981257457188,0.06600271952267728,0.05787254709796379,0.04777909545728842,0.03778302046909659,0.02448363504515841,0.03315953027493867,-8.76087761821645e-4,0.0072540846628918396,0.01734753630356721,0.030906819186283754,-0.00356320789452471,0.01329938542393818,-0.00867589522978026,0.0010602822996332098
leave_one_event_out,2022,ltmp,4233080,19-131a,U/N Reef (19-131a),2022,Central GBR,0.05120229541017936,5.01,0.1237712079783018,0,0.45,0,0,0,0.0167,b,NA,Bleaching Feb Mar 2022,coral bleaching,Bleaching Feb Mar 2022  coral bleaching,0.08012876809680032,0.04850519458993461,0.09557274313749532,0.07623587594681386,0.07817035642635838,0.05699809030827393,0.03611958357373228,0.05509322990688421,0.02892647268662096,0.00269710082024474,0.04437044772731595,0.0250335805366345,0.02696806101617901,0.00579579489809457,0.01508271183644707,0.00389093449670484,-0.015443975040694991,0.0038928921499864592,0.0019584116704419487,0.02622937186637622,-0.00309869407784983,-0.009286916938352499,0.01119177733974223,-0.0011938336764600998
leave_one_event_out,2022,manta,4067676,19-131a,U/N Reef (19-131a),2022,Central GBR,0.22874494410334925,5.01,0.1237712079783018,0,0.45,0,0,0,0.0167,b,NA,DHW 5  bl avg 20% surveyed Feb 2022,coral bleaching,DHW 5  bl avg 20% surveyed Feb 2022  coral bleaching,0.06674058407254428,0.04137932698773976,0.08553925139601681,0.06723027711617816,0.06990870262953419,0.05045888541975994,0.0265877107172263,0.04787279324980843,0.16200436003080498,0.18736561711560948,0.14320569270733244,0.1615146669871711,0.15883624147381506,0.17828605868358932,0.20215723338612296,0.1808721508535408,0.018798667323472545,4.896930436338875e-4,0.003168118556989924,-0.025361257084804495,0.009079558432020157,-0.023871174702533637,0.021285082532582156,0.006493466262068676
leave_one_event_out,2022,manta,4067704,19-135,Hardy Reef (19-135),2022,Central GBR,0.00322137501657612,5.75,0.10560591585883485,0,0.4,0,0,0.0525462981313467,0.0341,NA,NA,NA,NA,NA,0.04111243243116913,0.05350088529842743,0.06973361083255522,0.04286260972421456,0.05469261964796391,0.05484637374965555,0.03777931583979598,0.05297258610530854,0.03789105741459301,0.0502795102818513,0.06651223581597909,0.03964123470763844,0.05147124463138779,0.05162499873307943,0.03455794082321986,0.04975121108873242,-0.02862117840138608,-0.0017501772930454268,-0.013580187216794777,-0.012388452867258287,-0.00134548845122813,0.017067057909859566,-0.015193270265512558,5.28299193118878e-4
leave_one_event_out,2022,ltmp,4231592,19-138,U/N Reef (19-138),2022,Central GBR,0,5.4,0.13171524539313872,0,0.45,0,0,0.0344827584922314,0.0167,b,NA,DHW 5.2 surveyed Jan 2022,NA,DHW 5.2 surveyed Jan 2022,0.03753645805686078,0.02896027245872908,0.06257454209946368,0.03970970145574495,0.03757624954026755,0.0334842387898174,0.02277207565344957,0.03429065292619917,0.03753645805686078,0.02896027245872908,0.06257454209946368,0.03970970145574495,0.03757624954026755,0.0334842387898174,0.02277207565344957,0.03429065292619917,-0.025038084042602902,-0.002173243398884167,-3.97914834067703e-5,0.0085761855981317,-0.004523966331088317,0.010712163136367827,-0.0115185772727496,-0.0053303804674700896
leave_one_event_out,2022,manta,4067381,19-138,U/N Reef (19-138),2022,Central GBR,0.1493955455903655,5.4,0.13171524539313872,0,0.45,0,0,0.0344827584922314,0.0167,b,NA,DHW 5.2 surveyed Jan 2022,coral bleaching,DHW 5.2 surveyed Jan 2022  coral bleaching,0.02700579887999151,0.02197187263154349,0.04745566753323067,0.02920514362914882,0.03101128278597341,0.02775119666068508,0.01523657767395112,0.02515976702296844,0.12238974671037398,0.127423672958822,0.10193987805713482,0.12019040196121668,0.11838426280439208,0.12164434892968042,0.13415896791641438,0.12423577856739704,0.020449868653239153,0.0021993447491572976,0.004005483905981891,-0.005033926248448034,0.005779324029141594,-0.012514618986733964,0.009923189349017342,0.0031878943914249724
leave_one_event_out,2022,ltmp,4227304,19-159,Slate Reef (19-159),2022,Central GBR,0.07882366099461278,5.63,0.6665396773316883,0,0.45,0,0,0,7e-4,b,NA,Bleaching 4 from aerial survey in Mar 2022,coral bleaching,Bleaching 4 from aerial survey in Mar 2022  coral bleaching,0.04901904142736196,0.04352590219669582,0.07306092080652707,0.04717313827346647,0.04785862680892604,0.0445170691148695,0.03625156460535294,0.03528768336705579,0.02980461956725082,0.03529775879791697,0.00576274018808571,0.03165052272114632,0.03096503418568674,0.03430659187974328,0.04257209638925984,0.04353597762755699,0.02404187937916511,-0.0018459031538954965,-0.001160414618435919,-0.005493139230666147,9.911669181736846e-4,-0.00826550450951656,-9.638812382971457e-4,-0.008238218829640022
leave_one_event_out,2022,manta,4067118,19-159,Slate Reef (19-159),2022,Central GBR,0,5.63,0.6665396773316883,0,0.45,0,0,0,7e-4,b,NA,Bleaching 4 from aerial survey in Mar 2022,NA,Bleaching 4 from aerial survey in Mar 2022,0.05067984380611876,0.04680856153675702,0.07325673742582994,0.04890683872732414,0.04706868105572556,0.04618251512569675,0.03619299239312926,0.03705381165773833,0.05067984380611876,0.04680856153675702,0.07325673742582994,0.04890683872732414,0.04706868105572556,0.04618251512569675,0.03619299239312926,0.03705381165773833,-0.022576893619711186,0.0017730050787946178,0.0036111627503932,0.003871282269361738,6.260464110602673e-4,0.009989522732567493,-8.608192646090695e-4,0.009754749879018691
leave_one_event_out,2022,ltmp,4228739,19-207,Hyde Reef (19-207),2022,Central GBR,0,5.25,0.753738774354097,0,0.5,0,0,0,2e-4,b,NA,Bleaching 4 from aerial survey in Mar 2022,coral bleaching,Bleaching 4 from aerial survey in Mar 2022  coral bleaching,0.02528678853953825,0.02210053946765781,0.04490910733883984,0.02351885123966723,0.02850245412583693,0.02778017629197865,0.01143833038864418,0.01863375625348166,0.02528678853953825,0.02210053946765781,0.04490910733883984,0.02351885123966723,0.02850245412583693,0.02778017629197865,0.01143833038864418,0.01863375625348166,-0.019622318799301593,0.0017679372998710176,-0.0032156655862986827,0.0031862490718804377,-0.005679636824320839,0.01634184590333447,-0.007195425864837481,0.00346678321417615
leave_one_event_out,2022,manta,4066823,19-207,Hyde Reef (19-207),2022,Central GBR,0.07726692618489125,5.25,0.753738774354097,0,0.5,0,0,0,2e-4,b,NA,Bleaching 4 from aerial survey in Mar 2022,coral bleaching,Bleaching 4 from aerial survey in Mar 2022  coral bleaching,0.02917091740555968,0.03261313301512592,0.04942590214247601,0.02490053225634836,0.03516131810651432,0.03303773146139031,0.01500259063650923,0.02605249926827383,0.04809600877933157,0.04465379316976534,0.02784102404241524,0.05236639392854289,0.04210560807837693,0.04422919472350094,0.06226433554838202,0.05121442691661742,0.020254984736916327,-0.004270385149211325,0.0059904007009546345,0.0034422156095662293,4.245984462643987e-4,-0.018035140824881078,0.011049908631764596,-0.006560633746852083
leave_one_event_out,2022,ltmp,4228046,19-209,Rebe Reef (19-209),2022,Central GBR,0.06782948341534499,6.8500000000000005,0.7434954451364487,0,0.5,0,0,0,1e-4,b,NA,Aerial bl 4,coral bleaching,Aerial bl 4  coral bleaching,0.0144964136064445,0.03791789208758348,0.02988821396258871,0.01437648128884531,0.02401612262663397,0.03084458198022285,0.02145886355237011,0.01823361928270236,0.05333306980890048,0.02991159132776151,0.03794126945275628,0.05345300212649968,0.04381336078871102,0.03698490143512213,0.04637061986297488,0.04959586413264262,0.015391800356144202,-1.1993231759920009e-4,0.009519709020189455,0.023421478481138968,-0.007073310107360623,-0.009385718427852748,-0.0032252442696677416,-0.019684272804881112
leave_one_event_out,2022,manta,4067241,19-209,Rebe Reef (19-209),2022,Central GBR,0,6.8500000000000005,0.7434954451364487,0,0.5,0,0,0,1e-4,b,NA,Aerial bl 4,NA,Aerial bl 4,0.01841229872101681,0.05545814572715585,0.03451702965507288,0.01683972174056041,0.03144749556927993,0.03846408533686427,0.03061246249580661,0.02738083329224713,0.01841229872101681,0.05545814572715585,0.03451702965507288,0.01683972174056041,0.03144749556927993,0.03846408533686427,0.03061246249580661,0.02738083329224713,-0.016104730934056073,0.0015725769804563992,-0.013035196848263118,-0.03704584700613904,0.016994060390291582,0.007851622841057657,0.0032316292035594815,0.02807731243490872
leave_one_event_out,2022,ltmp,4229436,20-067a,Border Island Reef (No 1) (20-067a),2022,Central GBR,0,4.51,0.05860878275749411,0.0915118916772376,0.1,-0.15143144737256137,0,0,0,NA,NA,NA,NA,NA,0.00151603867997833,0.00507074663051417,0.00526236417748648,7.497537378937083e-4,0.00257863916837987,0.00499810446788814,0.00190357999874419,0.00426429172536879,0.00151603867997833,0.00507074663051417,0.00526236417748648,7.497537378937083e-4,0.00257863916837987,0.00499810446788814,0.00190357999874419,0.00426429172536879,-0.0037463254975081497,7.662849420846218e-4,-0.00106260048840154,-0.0035547079505358395,7.264216262602933e-5,0.0030945244691439502,-0.0023607117266246,8.064549051453795e-4
leave_one_event_out,2022,manta,4067541,20-067a,Border Island Reef (No 1) (20-067a),2022,Central GBR,0.07748414173352586,4.51,0.05860878275749411,0.0915118916772376,0.1,-0.15143144737256137,0,0,0,NA,NA,NA,NA,NA,5.393311339197919e-4,0.00351415029914803,0.00299696680584158,3.875844168305139e-4,0.00118071258628197,0.00357263656535418,0.00108825782324148,0.00252954354953598,0.07694481059960606,0.07396999143437782,0.07448717492768427,0.07709655731669535,0.07630342914724389,0.07391150516817167,0.07639588391028437,0.07495459818398988,0.0024576356719217957,-1.51746717089285e-4,6.413814523621719e-4,0.0029748191652282374,5.848626620615083e-5,-0.0024843787421127,0.0014412857262944972,-9.84606749612052e-4
leave_one_event_out,2022,manta,4067755,20-104,U/N Reef (20-104),2022,Central GBR,0.39437688158228135,4.07,0.20685377657459916,0,0.35,0,0,0,8e-4,b,NA,DHW 4 in 2022,coral bleaching,DHW 4 in 2022  coral bleaching,0.00931615734177747,0.0105238895288254,0.02075148453240244,0.00967852511994235,0.01528147744996057,0.01225659474388926,0.00666667885838226,0.00929892927968217,0.38506072424050386,0.383852992053456,0.3736253970498789,0.384698356462339,0.3790954041323208,0.3821202868383921,0.3877102027238991,0.3850779523025992,0.011435327190624955,3.6236777816484045e-4,0.00596532010818307,0.0012077321870478386,0.0017327052150639122,-0.005589915885507002,0.0026322504212998865,-0.0012249602491432032
leave_one_event_out,2022,manta,4067798,20-287,Credlin Reefs (East) (20-287),2022,Southern GBR,0.09457581203760122,6.51,0.20966956723622424,0,0.45,0,0,0,1e-4,NA,NA,NA,NA,NA,0.00288163005441559,0.00483327223814111,0.00703809606901038,0.0029590277357436,0.00524574235476825,0.0062698134274374,0.00197894439201575,0.00314855227537794,0.09169418198318564,0.08974253979946012,0.08753771596859083,0.09161678430185762,0.08933006968283297,0.08830599861016382,0.09259686764558547,0.09142725976222328,0.004156466014594809,7.73976813280286e-5,0.002364112300352675,0.0019516421837255243,0.0014365411892963004,-0.004290869035421654,0.001169607883362192,-0.001684719962763162
leave_one_event_out,2022,manta,4066467,20-348,U/N Reef (20-348),2022,Southern GBR,0.01041718510192454,2.22,0.3708205178152828,0.0917561236384401,1,0.0917561236384401,0,0,0.0064,NA,NA,NA,NA,NA,0.0412702525900203,0.03939632311875273,0.03583375647052131,0.03468092958508857,0.02926550865054559,0.02405082646517398,0.0203665708842453,0.02890737098476565,0.03085306748809575,0.02897913801682819,0.02541657136859677,0.02426374448316403,0.01884832354862105,0.01363364136324944,0.00994938578232076,0.01849018588284111,0.005436496119498979,0.006589323004931719,0.012004743939474698,0.0018739294712675596,0.01534549665357875,0.0036842555809286793,-0.008540800100520348,0.010488952133987081
leave_one_event_out,2022,manta,4066909,20-351a,Pompey Reef (No 1) (20-351a),2022,Southern GBR,0,4.28,0.05872262379362435,0.0766016448298905,0.9,0.0766016448298905,0,0,0,NA,NA,NA,NA,NA,0.02218258065013866,0.01775066109385894,0.0216349910532408,0.01888236892812041,0.01967912419688064,0.01172439624513959,0.0065675914702725,0.00946679787251152,0.02218258065013866,0.01775066109385894,0.0216349910532408,0.01888236892812041,0.01967912419688064,0.01172439624513959,0.0065675914702725,0.00946679787251152,5.475895968978586e-4,0.003300211722018248,0.002503456453258019,0.00443191955627972,0.006026264848719348,0.005156804774867091,-0.0028992064022390204,0.008283863221347419
leave_one_event_out,2022,manta,4067071,20-351b,Pompey Reef (No 2) (20-351b),2022,Southern GBR,0,3.54,0.22891578835787424,0.0497073454411604,0.9,0.0497073454411604,0,0,0,NA,NA,NA,NA,NA,0.05697289400382382,0.02582464063743081,0.0320958668880044,0.04699760252117898,0.04681018513562685,0.01640137602060126,0.0168527212580968,0.01713376207190385,0.05697289400382382,0.02582464063743081,0.0320958668880044,0.04699760252117898,0.04681018513562685,0.01640137602060126,0.0168527212580968,0.01713376207190385,0.02487702711581942,0.009975291482644838,0.010162708868196972,0.03114825336639301,0.00942326461682955,-4.513452374955394e-4,-2.8104081380705276e-4,0.008690878565526958
leave_one_event_out,2022,manta,4067592,20-354,U/N Reef (20-354),2022,Southern GBR,0,2.26,0.4313846662551198,0.095238097012043,1,0.095238097012043,0,0.0384615398943424,0.0321,NA,NA,NA,NA,NA,0.04031238603981769,0.04298404706802562,0.03877892838473903,0.02928094368579208,0.02984364516804325,0.0345642769243334,0.02335217078830251,0.0287597042392768,0.04031238603981769,0.04298404706802562,0.03877892838473903,0.02928094368579208,0.02984364516804325,0.0345642769243334,0.02335217078830251,0.0287597042392768,0.00153345765507866,0.01103144235402561,0.010468740871774438,-0.002671661028207928,0.008419770143692218,0.011212106136030891,-0.005407533450974292,0.014224342828748817
leave_one_event_out,2022,manta,4067143,21-060,U/N Reef (21-060),2022,Southern GBR,0,3.47,0.2019287198799047,0.0842042966665529,0.9,0.0842042966665529,0,0,0,NA,NA,NA,NA,NA,0.09890157069121228,0.06486799532495201,0.05943915876650488,0.0809174726325847,0.07225744243184928,0.03541308877891411,0.04741002398404694,0.03809408989107639,0.09890157069121228,0.06486799532495201,0.05943915876650488,0.0809174726325847,0.07225744243184928,0.03541308877891411,0.04741002398404694,0.03809408989107639,0.0394624119247074,0.01798409805862758,0.026644128259362992,0.03403357536626027,0.0294549065460379,-0.011996935205132828,0.009315934092970546,0.026773905433875617
leave_one_event_out,2022,manta,4067088,21-139,U/N Reef (21-139),2022,Southern GBR,0,1.7,0.15529961611979165,0,0.45,0,0,0,0.0121,NA,NA,NA,NA,NA,0.02494837222713108,0.03546136602645287,0.02822463632938807,0.01990891258738561,0.03695126741383778,0.02013388203861764,0.01395297145483085,0.02678134634669623,0.02494837222713108,0.03546136602645287,0.02822463632938807,0.01990891258738561,0.03695126741383778,0.02013388203861764,0.01395297145483085,0.02678134634669623,-0.0032762641022569886,0.0050394596397454715,-0.012002895186706698,-0.010512993799321788,0.01532748398783523,0.006180910583786789,-0.012828374891865378,0.00868001967975664
leave_one_event_out,2022,ltmp,4180544,21-588,Wade Reef (21-588),2022,Southern GBR,0,0.35000000000000003,0.1966783568466646,0,0.5,0,0,0,0.7973,NA,NA,NA,NA,NA,0.00121349566343686,0.00499523475144813,0.00485054323791284,9.837197562674554e-4,0.00223900515742283,0.00572740374341399,0.0019865591601227,0.00317603657781626,0.00121349566343686,0.00499523475144813,0.00485054323791284,9.837197562674554e-4,0.00223900515742283,0.00572740374341399,0.0019865591601227,0.00317603657781626,-0.0036370475744759803,2.2977590716940447e-4,-0.0010255094939859702,-0.00378173908801127,-7.321689919658602e-4,0.00374084458329129,-0.0011894774176935598,0.00181919817363187
leave_one_event_out,2022,manta,3989108,21-588,Wade Reef (21-588),2022,Southern GBR,0,0.35000000000000003,0.1966783568466646,0,0.5,0,0,0,0.7973,NA,NA,NA,NA,NA,0.0014944760179817,0.00544015281895139,0.00524102014957322,0.00130344386827747,0.00307515319340712,0.00640354954387193,0.00218506828328335,0.00326158589883796,0.0014944760179817,0.00544015281895139,0.00524102014957322,0.00130344386827747,0.00307515319340712,0.00640354954387193,0.00218506828328335,0.00326158589883796,-0.00374654413159152,1.9103214970422997e-4,-0.00158067717542542,-0.00394567680096969,-9.633967249205394e-4,0.00421848126058858,-0.0010765176155546098,0.0021785669201134306
leave_one_event_out,2022,manta,4067533,21-591,U/N Reef (21-591),2022,Southern GBR,0,4.39,0.20283455157690689,0.0476190485060215,1,0.0476190485060215,0,0,0,NA,NA,NA,NA,NA,0.05217945208970504,0.01071824273338046,0.03114292465217509,0.04346688372102244,0.04874136785865561,0.00916792575258849,0.00496284601698159,0.0065736594612198,0.05217945208970504,0.01071824273338046,0.03114292465217509,0.04346688372102244,0.04874136785865561,0.00916792575258849,0.00496284601698159,0.0065736594612198,0.021036527437529953,0.008712568368682602,0.0034380842310494306,0.04146120935632458,0.0015503169807919697,0.0042050797356069005,-0.0016108134442382105,0.00414458327216066
leave_one_event_out,2022,ltmp,4181247,23-068,Erskine Reef (23-068),2022,Southern GBR,0.0097366301817107,0.3,0.7593164761552691,0.0917874996121685,0.8,0.046332952802972,0,0,0,NA,NA,NA,NA,NA,0.0334007546868592,0.04900747788446168,0.03937166502895944,0.03073880906619407,0.02776551785464129,0.03264668242027168,0.03134315472929654,0.02874925119817609,0.0236641245051485,0.03927084770275099,0.02963503484724874,0.02100217888448337,0.01802888767293059,0.02291005223856098,0.02160652454758584,0.01901262101646539,-0.00597091034210024,0.0026619456206651328,0.005635236832217911,-0.015606723197602486,0.016360795464190007,0.0013035276909751405,0.0025939035311204513,0.0202582266862856
leave_one_event_out,2022,manta,4284413,23-068,Erskine Reef (23-068),2022,Southern GBR,0,0.3,0.7593164761552691,0.0917874996121685,0.8,0.046332952802972,0,0,0,NA,NA,NA,NA,NA,0.03670739368621443,0.0565333387493523,0.04338817939043579,0.03542703961781789,0.03568648274067667,0.03587829530867396,0.03592149435391507,0.03250920048539007,0.03670739368621443,0.0565333387493523,0.04338817939043579,0.03542703961781789,0.03568648274067667,0.03587829530867396,0.03592149435391507,0.03250920048539007,-0.006680785704221356,0.0012803540683965428,0.001020910945537759,-0.019825945063137868,0.02065504344067834,-4.319904524111018e-5,0.0034122938685249987,0.024024138263962228
leave_one_event_out,2022,ltmp,4181619,23-069,Mast Head Reef (23-069),2022,Southern GBR,0,0.3,0.6522506444934912,0.112514124622965,0.9,0.0670595778137685,0,0,0,NA,NA,NA,NA,NA,0.095893661455873,0.07044003919785104,0.05945785609697444,0.08322367681316618,0.06354398484139617,0.04291673306702681,0.05787503871295978,0.04894584729770059,0.095893661455873,0.07044003919785104,0.05945785609697444,0.08322367681316618,0.06354398484139617,0.04291673306702681,0.05787503871295978,0.04894584729770059,0.03643580535889856,0.012669984642706814,0.032349676614476824,0.02545362225802196,0.027523306130824224,-0.014958305645932965,0.008929191415259191,0.02149419190015045
leave_one_event_out,2022,manta,4284515,23-069,Mast Head Reef (23-069),2022,Southern GBR,0.03703252762917277,0.3,0.6522506444934912,0.112514124622965,0.9,0.0670595778137685,0,0,0,NA,NA,NA,NA,NA,0.07849368875076027,0.08239850770096074,0.06238108024541897,0.07854165322610057,0.06576764630345577,0.04396978677202884,0.06395387246048445,0.05250062930216823,0.04146116112158749,0.04536598007178797,0.0253485526162462,0.0415091255969278,0.028735118674283,0.00693725914285606,0.02692134483131168,0.01546810167299545,0.016112608505341294,-4.7964475340306345e-5,0.012726042447304492,-0.003904818950200478,0.03842872092893191,-0.019984085688455618,0.011453243158316228,0.029897878398792523
leave_one_event_out,2022,manta,4284500,23-081,Fairfax Islands Reef (23-081),2022,Southern GBR,0.10754495163927952,0.31,0.8164554968023345,0,0.35,0,0,0.0109609611332417,0.0433,m,NA,NA,"coral disease, crown-of-thorns starfish","coral disease, crown-of-thorns starfish",0.04426062689403329,0.03665775591663425,0.04613284295386905,0.03409326517163115,0.03563386559261355,0.03524576886491492,0.03074931266271175,0.04974503492365066,0.06328432474524623,0.07088719572264526,0.06141210868541047,0.07345168646764837,0.07191108604666596,0.07229918277436459,0.07679563897656777,0.05779991671562885,0.0018722160598357573,-0.010167361722402138,-0.008626761301419733,-0.007602870977399034,-0.0014119870517193267,-0.004496456202203181,0.018995722260938923,0.013087279007016415
leave_one_event_out,2024,ltmp,4241126,11-016,McSweeney Reef (11-016),2024,Northern GBR,0,5.43,0,0.175338227942203,1,0.175338227942203,0,0,0.004,NA,NA,NA,NA,NA,0.01965859302829684,0.03405535835468062,0.01726259857112931,0.01965859302829684,0.01726259857112931,0.03198859706882387,0.01053032695216917,0.02308106415820696,0.01965859302829684,0.03405535835468062,0.01726259857112931,0.01965859302829684,0.01726259857112931,0.03198859706882387,0.01053032695216917,0.02308106415820696,0.002395994457167528,0,0.002395994457167528,-0.01439676532638378,0.0020667612858567483,0.0214582701166547,-0.01255073720603779,0.01097429419647366
leave_one_event_out,2024,ltmp,4240946,11-029,Monsoon Reef (11-029),2024,Northern GBR,0.04432306029797992,5.4,0.04414182150574954,0.143377982925101,0.9,0.143377982925101,0,0.0740740746259689,0.0598,NA,NA,NA,NA,NA,0.02341885017897192,0.03654644620328576,0.01966681446274684,0.02341885017897192,0.01966681446274684,0.03485562001985266,0.0160149428358876,0.03088410842703291,0.02090421011900799,0.00777661409469415,0.02465624583523308,0.02090421011900799,0.02465624583523308,0.00946744027812726,0.02830811746209232,0.013438951870947,-0.0037520357162250904,0,-0.0037520357162250904,0.013127596024313841,-0.0016908261834331093,-0.01884067718396506,0.01486916559114532,-0.005662337776252849
leave_one_event_out,2024,ltmp,4241313,12-056,Mantis Reef (12-056),2024,Northern GBR,0.1187941519452774,8.73,0.216141422466712,0.058949040699155,0.9,0.01226818083992944,0,0,0,b,NA,similar hc to prior but slightly lower,coral bleaching,similar hc to prior but slightly lower  coral bleaching,0.02516406920998383,0.03321368424062172,0.02149573789843838,0.02516406920998383,0.02149573789843838,0.03073412615341705,0.04151615254139527,0.02254913253650371,0.09363008273529358,0.08558046770465569,0.09729841404683905,0.09363008273529358,0.09729841404683905,0.08806002579186036,0.07727799940388214,0.0962450194087737,-0.003668331311545467,0,-0.003668331311545467,0.008049615030637891,-0.002479558087204667,0.010782026387978219,-0.01896702000489156,-0.010664551704118008
leave_one_event_out,2024,manta,4285298,12-056,Mantis Reef (12-056),2024,Northern GBR,0.2638245588761013,8.73,0.216141422466712,0.058949040699155,0.9,0.01226818083992944,0,0,0,b,NA,DHW 8.91,coral bleaching,DHW 8.91  coral bleaching,0.02307998528570415,0.03406303787245862,0.01732574112439328,0.02307998528570415,0.01732574112439328,0.03327868938908795,0.03783165951187903,0.02067835292206764,0.2407445735903971,0.2297615210036427,0.246498817751708,0.2407445735903971,0.246498817751708,0.23054586948701333,0.22599289936422223,0.24314620595403363,-0.005754244161310901,0,-0.005754244161310901,0.010983052586754416,-7.843484833706393e-4,0.0045529701227911,-0.0171533065898114,-0.01338468495039094
leave_one_event_out,2024,ltmp,4241950,12-061,Lagoon Reef (12-061),2024,Northern GBR,0.20439217846985944,5.54,0.3241122180549288,0.033256764816276,0.6,0.01794252278248349,0,0,0,b,NA,decline hc abs 7% rel 25% DHW 5.54,coral bleaching,decline hc abs 7% rel 25% DHW 5.54  coral bleaching,0.021106467318639,0.03943447096660043,0.0242173617270775,0.021106467318639,0.0242173617270775,0.04455157685566179,0.04990914638424475,0.02342370365403454,0.18328571115122044,0.164957707503259,0.1801748167427819,0.18328571115122044,0.1801748167427819,0.15984060161419764,0.1544830320856147,0.1809684748158249,0.003110894408438536,0,0.003110894408438536,0.018328003647961444,0.005117105889061363,0.005357569528582934,-0.026485442730210196,-0.0160107673125659
leave_one_event_out,2024,manta,4285498,12-061,Lagoon Reef (12-061),2024,Northern GBR,0.1983460233310179,5.54,0.3241122180549288,0.033256764816276,0.6,0.01794252278248349,0,0,0,b,NA,DHW 5.54- cots prior,coral bleaching,DHW 5.54- cots prior  coral bleaching,0.02097412763172192,0.04276654076695577,0.0231341630139726,0.02097412763172192,0.0231341630139726,0.04855033650220015,0.05743218491209354,0.02407159792448662,0.17737189569929596,0.15557948256406212,0.17521186031704528,0.17737189569929596,0.17521186031704528,0.14979568682881775,0.14091383841892435,0.17427442540653126,0.00216003538225068,0,0.00216003538225068,0.021792413135233835,0.005783795735244374,0.008881848409893395,-0.03336058698760691,-0.018694942842469142
leave_one_event_out,2024,ltmp,4242160,13-124,U/N Reef (13-124),2024,Northern GBR,0,7.65,0.1774292151097992,0.289484885761631,0.8,0.10742366029323452,0,0,0,b,NA,DHW 7.65,NA,DHW 7.65,0.01875361523941231,0.03462245741053531,0.01441126754280601,0.01875361523941231,0.01441126754280601,0.02927078509707675,0.02814351524250816,0.01864606970044148,0.01875361523941231,0.03462245741053531,0.01441126754280601,0.01875361523941231,0.01441126754280601,0.02927078509707675,0.02814351524250816,0.01864606970044148,0.0043423476966063,0,0.0043423476966063,-0.015868842171123,0.0053516723134585595,0.0011272698545685897,0.00949744554206668,0.01597638771009383
leave_one_event_out,2024,manta,4285225,13-124,U/N Reef (13-124),2024,Northern GBR,0.38359369951258,7.65,0.1774292151097992,0.289484885761631,0.8,0.10742366029323452,0,0,0,b,NA,DHW 7.65,coral bleaching,DHW 7.65  coral bleaching,0.01737334574623674,0.03333327232976132,0.01228053706856269,0.01737334574623674,0.01228053706856269,0.02990895020758722,0.02539438683701916,0.01739955092802362,0.3662203537663433,0.3502604271828187,0.37131316244401735,0.3662203537663433,0.37131316244401735,0.35368474930499283,0.3581993126755609,0.3661941485845564,-0.005092808677674032,0,-0.005092808677674032,0.01595992658352463,-0.0034243221221741393,-0.004514563370568048,-0.007994835908995523,-0.01593372140173771
leave_one_event_out,2024,manta,4285433,13-127,Rodda Reef (13-127),2024,Northern GBR,0.14416255797900124,7.23,0.3284942720325735,0.157033639186111,0.8,0.08343184913394575,0,0,0,b,NA,DHW 7.23,coral bleaching,DHW 7.23  coral bleaching,0.01373097985394168,0.02493683522821928,0.01059304397170013,0.01373097985394168,0.01059304397170013,0.02619898914768312,0.01745218608393994,0.0149620271531453,0.13043157812505957,0.11922572275078194,0.1335695140073011,0.13043157812505957,0.1335695140073011,0.11796356883131812,0.1267103718950613,0.12920053082585592,-0.003137935882241538,0,-0.003137935882241538,0.011205855374277623,0.0012621539194638265,-0.008746803063743175,-0.002490158930794628,-0.009974808075073976
leave_one_event_out,2024,ltmp,4240550,13-130,Davie Reef (13-130),2024,Northern GBR,0.02774463588112439,7.03,0.4165932314736618,0.19893148191917,0.9,0.07486658984324951,0,0,0,b,NA,Aerial bl 2 2024  DHW 7.03,NA,Aerial bl 2 2024  DHW 7.03,0.01529499842176972,0.03545301532886984,0.01337558864301989,0.01529499842176972,0.01337558864301989,0.03027046240129697,0.02184905827040054,0.01707862226601647,0.01244963745935467,0.00770837944774544,0.0143690472381045,0.01244963745935467,0.0143690472381045,0.00252582652017257,0.00589557761072384,0.01066601361510791,-0.0019194097787498306,0,-0.0019194097787498306,0.00474125801160923,0.00518255292757287,-0.0033697510905512703,-0.004770436004384069,-0.002957634167362469
leave_one_event_out,2024,manta,4285380,13-130,Davie Reef (13-130),2024,Northern GBR,7.179161652642996e-4,7.03,0.4165932314736618,0.19893148191917,0.9,0.07486658984324951,0,0,0,b,NA,Aerial bl 2 2024  DHW 7.03,coral bleaching,Aerial bl 2 2024  DHW 7.03  coral bleaching,0.01480785248231061,0.03240968858617091,0.01094393049961684,0.01480785248231061,0.01094393049961684,0.02757965897982336,0.01551085904612621,0.01494018134646637,0.01408993631704631,0.03169177242090661,0.01022601433435254,0.01408993631704631,0.01022601433435254,0.02686174281455906,0.01479294288086191,0.01422226518120207,0.0038639219826937694,0,0.0038639219826937694,-0.017601836103860298,0.004830029606347548,0.01206879993369715,5.706776996598391e-4,0.017469507239704536
leave_one_event_out,2024,manta,4285342,13-133,Tydeman Reef (13-133),2024,Northern GBR,0.26606508064600476,7.18,0.36088278135206137,0.154226945103219,0.9,0.06331785148482759,0,0,0,b,NA,Aerial bl 3 2024 DHW 7.18,coral bleaching,Aerial bl 3 2024 DHW 7.18  coral bleaching,0.01315423974596969,0.02675283489423592,0.0101634657474266,0.01315423974596969,0.0101634657474266,0.02537753293476522,0.01567700965997938,0.01410094090593337,0.25291084090003507,0.2393122457517688,0.25590161489857816,0.25291084090003507,0.25590161489857816,0.2406875477112395,0.2503880709860254,0.25196413974007137,-0.0029907739985430837,0,-0.0029907739985430837,0.01359859514826628,-0.0013753019594707205,-0.009700523274785877,-0.0015760687540459783,-0.012651893988302576
leave_one_event_out,2024,ltmp,4242370,14-016,Corbett Reef (14-016),2024,Northern GBR,0.09426476809555026,7.49,0.29881445006710233,0.580108750421401,1,0.296049051889948,0,0,0,b,NA,Aerial bl 3 2024 DHW 6.82,NA,Aerial bl 3 2024 DHW 6.82,0.01544037096860178,0.02538997380409772,0.011878603109637,0.01544037096860178,0.011878603109637,0.02167113496576881,0.0187132589122932,0.01568630163424738,0.07882439712694848,0.06887479429145255,0.08238616498591325,0.07882439712694848,0.08238616498591325,0.07259363312978144,0.07555150918325707,0.07857846646130288,-0.0035617678589647678,0,-0.0035617678589647678,0.009949602835495938,-0.0037188388383288945,-0.002957876053475625,-0.0030269572780458193,-0.009703672169850339
leave_one_event_out,2024,manta,4285333,14-016,Corbett Reef (14-016),2024,Northern GBR,0.41992308186246713,7.49,0.29881445006710233,0.580108750421401,1,0.296049051889948,0,0,0,b,NA,Aerial bl 3 2024 DHW 6.82,coral bleaching,Aerial bl 3 2024 DHW 6.82  coral bleaching,0.01326905759721787,0.02521561879486792,0.00902455984085254,0.01326905759721787,0.00902455984085254,0.02177793557185664,0.01433680728019598,0.01356468880467072,0.40665402426524927,0.3947074630675992,0.4108985220216146,0.40665402426524927,0.4108985220216146,0.3981451462906105,0.40558627458227114,0.4063583930577964,-0.0042444977563653175,0,-0.0042444977563653175,0.011946561197650085,-0.003437683223011301,-0.007441128291660659,-7.721184755252741e-4,-0.011650929990197234
leave_one_event_out,2024,ltmp,4241733,14-045,Sand Bank No 1 Reef (14-045),2024,Northern GBR,0.01057912412750655,7.16,0.35876184588002236,0.127170719473362,0.4,-0.00895666424692048,0,0,0,b,NA,DHW 8.19,NA,DHW 8.19,0.01766410506625878,0.03148362086410716,0.01532950558388834,0.01766410506625878,0.01532950558388834,0.02551443417839005,0.03787145507125076,0.03444590174756992,0.00708498093875223,0.02090449673660061,0.00475038145638178,0.00708498093875223,0.00475038145638178,0.01493531005088349,0.0272923309437442,0.02386677762006336,0.0023345994823704497,0,0.0023345994823704497,-0.013819515797848379,0.005969186685717118,-0.01235702089286071,0.0034255533236808404,-0.002962280883462752
leave_one_event_out,2024,manta,4285211,14-045,Sand Bank No 1 Reef (14-045),2024,Northern GBR,0.1631671639396755,7.16,0.35876184588002236,0.127170719473362,0.4,-0.00895666424692048,0,0,0,b,NA,DHW 8.19,coral bleaching,DHW 8.19  coral bleaching,0.01725203939115749,0.02950505730318416,0.01321161599238344,0.01725203939115749,0.01321161599238344,0.02460649379325992,0.03587566640957308,0.03071929252846447,0.14591512454851802,0.13366210663649136,0.14995554794729207,0.14591512454851802,0.14995554794729207,0.1385606701464156,0.12729149753010244,0.13244787141121103,-0.004040423398774057,0,-0.004040423398774057,0.012253017912026654,-0.004898563509924236,0.011269172616313161,-0.005156373881108595,0.0012142352252803301
leave_one_event_out,2024,ltmp,4184758,14-087,Snake Reef (14-087),2024,Northern GBR,0.1393369130067698,6.91,0.49661045255586744,0.513612464304515,1,0.2588340779562835,0,NA,0.0042,b,NA,hc declines,coral bleaching,hc declines  coral bleaching,0.01980529376277103,0.03237777900095381,0.01605882180551324,0.01980529376277103,0.01605882180551324,0.02954233422247757,0.02455570401109452,0.01713527425695861,0.11953161924399876,0.10695913400581596,0.12327809120125656,0.11953161924399876,0.12327809120125656,0.1097945787842922,0.11478120899567526,0.12220163874981116,-0.003746471957257802,0,-0.003746471957257802,0.012572485238182801,-0.002835444778476248,-0.004986630211383056,-0.007420429754135899,-0.015242504743995203
leave_one_event_out,2024,ltmp,4171456,14-114,MacGillivray Reef (14-114),2024,Northern GBR,0,5.93,0.22238725883456137,0.0434454558104632,0.8,0.0434454558104632,0,0,0.0092,b,NA,DHW 6.03,NA,DHW 6.03,0.01766946725949085,0.02614765660410595,0.01930676794436699,0.01766946725949085,0.01930676794436699,0.0330953499115861,0.01689474770921768,0.01830566353257459,0.01766946725949085,0.02614765660410595,0.01930676794436699,0.01766946725949085,0.01930676794436699,0.0330953499115861,0.01689474770921768,0.01830566353257459,-0.0016373006848761397,0,-0.0016373006848761397,-0.008478189344615101,-0.00694769330748015,0.016200602202368422,-0.0014109158233569091,0.007841993071531363
leave_one_event_out,2024,manta,4206375,14-114,MacGillivray Reef (14-114),2024,Northern GBR,0.3889435143171571,5.93,0.22238725883456137,0.0434454558104632,0.8,0.0434454558104632,0,0,0.0092,b,NA,DHW 6.03,coral bleaching,DHW 6.03  coral bleaching,0.02533157179879033,0.04403003155463458,0.02457541471249822,0.02533157179879033,0.02457541471249822,0.05004698788875578,0.03120698068389604,0.02465871403346936,0.3636119425183668,0.34491348276252254,0.3643680996046589,0.3636119425183668,0.3643680996046589,0.33889652642840135,0.3577365336332611,0.36428480028368776,-7.561570862920641e-4,0,-7.561570862920641e-4,0.018698459755844277,0.006016956334121193,-0.018840007204859732,-0.006548266650426682,-0.01937131752116522
leave_one_event_out,2024,ltmp,4169247,14-116a,Lizard Island Reef (North West) (14-116a),2024,Northern GBR,0,6.2700000000000005,0.14877724148928995,0.0473388095731419,0.6,0.02459738366791302,0,0,0,b,NA,DHW 6.27  aerial bl 4,NA,DHW 6.27  aerial bl 4,0.01548859240712404,0.02446289596592161,0.01343431701151728,0.01548859240712404,0.01343431701151728,0.02554977351124082,0.0166535478631579,0.01715891693469272,0.01548859240712404,0.02446289596592161,0.01343431701151728,0.01548859240712404,0.01343431701151728,0.02554977351124082,0.0166535478631579,0.01715891693469272,0.0020542753956067604,0,0.0020542753956067604,-0.008974303558797568,-0.00108687754531921,0.008896225648082918,-5.053690715348183e-4,0.00730397903122889
leave_one_event_out,2024,manta,4285515,14-116a,Lizard Island Reef (North West) (14-116a),2024,Northern GBR,0.4615802349862708,6.2700000000000005,0.14877724148928995,0.0473388095731419,0.6,0.02459738366791302,0,0,0,b,NA,DHW 6.27  aerial bl 4,coral bleaching,DHW 6.27  aerial bl 4  coral bleaching,0.02235087193776575,0.03373118950507548,0.01605210240032235,0.02235087193776575,0.01605210240032235,0.03193794601897145,0.02431008144582579,0.02036763414546101,0.439229363048505,0.4278490454811953,0.4455281325859484,0.439229363048505,0.4455281325859484,0.42964228896729934,0.43727015354044496,0.44121260084080977,-0.006298769537443405,0,-0.006298769537443405,0.011380317567309728,-0.0017932434861040458,-0.007627864573145626,-0.003942447300364804,-0.013363555359614476
leave_one_event_out,2024,manta,3988617,14-118,Eyrie Reef (14-118),2024,Northern GBR,0.5256729155551548,6.2700000000000005,0.5154641976894707,0.387817227069386,1,0.2936125563709091,0,0.0737812916437785,0.0613,b,NA,DHW 6.27 to 6.32,coral bleaching,DHW 6.27 to 6.32  coral bleaching,0.0199103842608946,0.03418596187395986,0.01297010654433758,0.0199103842608946,0.01297010654433758,0.02734358417090515,0.01521175765533247,0.0203405131282802,0.5057625312942602,0.491486953681195,0.5127028090108172,0.5057625312942602,0.5127028090108172,0.4983293313842497,0.5104611578998224,0.5053324024268746,-0.006940277716557031,0,-0.006940277716557031,0.014275577613065193,-0.006842377703054681,-0.012131826515572708,0.005128755472947777,-0.013845448745679612
leave_one_event_out,2024,ltmp,4172974,14-123,Martin Reef (14-123),2024,Northern GBR,0.3676370188512778,6.4,0.5837078855804666,0.530025205470943,1,0.3896797019922375,0,0.0158266127109528,0.0201,b,NA,no decline,coral bleaching,no decline  coral bleaching,0.02150702321503455,0.03456757177356296,0.01666026936317181,0.02150702321503455,0.01666026936317181,0.03104280912642012,0.02447900116254071,0.0209616002018839,0.34612999563624325,0.33306944707771485,0.350976749488106,0.34612999563624325,0.350976749488106,0.3365942097248577,0.3431580176887371,0.3466754186493939,-0.0048467538518627284,0,-0.0048467538518627284,0.013060548558528395,-0.003524762647142854,-0.006563807963879398,-0.00351740096065678,-0.013605971571679032
leave_one_event_out,2024,manta,4285469,14-123,Martin Reef (14-123),2024,Northern GBR,0.19967709485407348,6.4,0.5837078855804666,0.530025205470943,1,0.3896797019922375,0,0.0158266127109528,0.0201,b,NA,DHW 6.73 aerial bl 5,coral bleaching,DHW 6.73 aerial bl 5  coral bleaching,0.02247336494305433,0.03611876068712021,0.01524667783999365,0.02247336494305433,0.01524667783999365,0.03212788199699875,0.02004482088227262,0.02001343232430317,0.17720372991101915,0.16355833416695326,0.18443041701407983,0.17720372991101915,0.18443041701407983,0.16754921285707472,0.17963227397180084,0.1796636625297703,-0.0072266871030606805,0,-0.0072266871030606805,0.013645395744065897,-0.003990878690121463,-0.012083061114726124,-3.138855796946949e-5,-0.016105328362817056
leave_one_event_out,2024,ltmp,4175199,14-126,Linnet Reef (14-126),2024,Northern GBR,0.4141783096477083,6.73,0.6343256027311654,0.536864378405265,1,0.39753303003351054,0,0.024274891987443,0.0201,b,NA,DHW 6.73,coral bleaching,DHW 6.73  coral bleaching,0.02006857258077174,0.03527131096459549,0.01469244038598628,0.02006857258077174,0.01469244038598628,0.03212890943877308,0.01692058215003235,0.01821497687459847,0.39410973706693664,0.3789069986831128,0.3994858692617221,0.39410973706693664,0.3994858692617221,0.3820494002089353,0.397257727497676,0.39596333277310986,-0.0053761321947854435,0,-0.0053761321947854435,0.015202738383823855,-0.0031424015258225135,-0.01520832728874072,0.0012943947245661613,-0.01705633408999707
leave_one_event_out,2024,manta,4285399,14-126,Linnet Reef (14-126),2024,Northern GBR,0.7147170912272767,6.73,0.6343256027311654,0.536864378405265,1,0.39753303003351054,0,0.024274891987443,0.0201,b,NA,DHW 6.73,coral bleaching,DHW 6.73  coral bleaching,0.01803862435488295,0.03961497958351723,0.01258691652486944,0.01803862435488295,0.01258691652486944,0.0328284839756135,0.0164261717240657,0.01833739641552684,0.6966784668723938,0.6751021116437594,0.7021301747024072,0.6966784668723938,0.7021301747024072,0.6818886072516632,0.698290919503211,0.6963796948117498,-0.005451707830013475,0,-0.005451707830013475,0.021576355228634325,-0.006786495607903786,-0.016402312251547757,0.0019112246914612108,-0.021277583167990333
leave_one_event_out,2024,ltmp,4173742,14-137,Carter Reef (14-137),2024,Northern GBR,0,8.21,0.18196194788730016,0,0.4,0,0,0,0,b,NA,DHW 8.21,NA,DHW 8.21,0.02287083788972004,0.0419527075740902,0.02914752961081916,0.02287083788972004,0.02914752961081916,0.06645255130924088,0.06148235247988288,0.0472092236934747,0.02287083788972004,0.0419527075740902,0.02914752961081916,0.02287083788972004,0.02914752961081916,0.06645255130924088,0.06148235247988288,0.0472092236934747,-0.006276691721099122,0,-0.006276691721099122,-0.01908186968437016,-0.024499843735150684,0.004970198829358001,0.014273128786408178,-0.005256516119384505
leave_one_event_out,2024,manta,3988787,14-137,Carter Reef (14-137),2024,Northern GBR,0,8.21,0.18196194788730016,0,0.4,0,0,0,0,b,NA,DHW 8.21,coral bleaching,DHW 8.21  coral bleaching,0.02154385947423592,0.039564643992852,0.02658985031855951,0.02154385947423592,0.02658985031855951,0.06086198012053613,0.05441457904365544,0.0404278733648768,0.02154385947423592,0.039564643992852,0.02658985031855951,0.02154385947423592,0.02658985031855951,0.06086198012053613,0.05441457904365544,0.0404278733648768,-0.00504599084432359,0,-0.00504599084432359,-0.01802078451861608,-0.021297336127684134,0.006447401076880695,0.01398670567877864,-8.632293720247999e-4
leave_one_event_out,2024,ltmp,4175968,14-138,Yonge Reef (14-138),2024,Northern GBR,0,8.08,0.2688625059919296,0,0.45,0,4,0,0,b,NA,Aerial bl 2 2024 DHW 8.08,NA,Aerial bl 2 2024 DHW 8.08,0.02515477590689284,0.04557882389102141,0.03131120368698036,0.02515477590689284,0.03131120368698036,0.06253644445274635,0.055848122656181,0.04657861067940352,0.02515477590689284,0.04557882389102141,0.03131120368698036,0.02515477590689284,0.03131120368698036,0.06253644445274635,0.055848122656181,0.04657861067940352,-0.006156427780087518,0,-0.006156427780087518,-0.020424047984128568,-0.016957620561724944,0.006688321796565352,0.00926951197677748,-9.99786788382112e-4
leave_one_event_out,2024,manta,4206459,14-138,Yonge Reef (14-138),2024,Northern GBR,0.11897693253026977,8.08,0.2688625059919296,0,0.45,0,4,0,0,b,NA,Aerial bl 2 2024 DHW 8.08,coral bleaching,Aerial bl 2 2024 DHW 8.08  coral bleaching,0.02655748839610291,0.04400557719504189,0.03058612681292448,0.02655748839610291,0.03058612681292448,0.06123210282790519,0.05094276599085971,0.04163706104808184,0.09241944413416686,0.07497135533522786,0.08839080571734528,0.09241944413416686,0.08839080571734528,0.05774482970236457,0.06803416653941005,0.07733987148218793,0.004028638416821578,0,0.004028638416821578,0.017448088798939,0.017226525632863296,-0.010289336837045485,-0.009305704942777882,-0.00236851614696007
leave_one_event_out,2024,ltmp,4169991,14-139,No Name Reef (14-139),2024,Northern GBR,0,7.61,0.28556436252650325,0,0.45,0,0,0,0,b,NA,increase in hc,coral bleaching,increase in hc  coral bleaching,0.0186611542923969,0.0388587495978959,0.0242433751205544,0.0186611542923969,0.0242433751205544,0.05420347999695639,0.04600577425660026,0.04115197877981039,0.0186611542923969,0.0388587495978959,0.0242433751205544,0.0186611542923969,0.0242433751205544,0.05420347999695639,0.04600577425660026,0.04115197877981039,-0.0055822208281575,0,-0.0055822208281575,-0.020197595305498996,-0.015344730399060494,0.00819770574035613,0.0048537954767898725,-0.002293229181914491
leave_one_event_out,2024,manta,3988849,14-139,No Name Reef (14-139),2024,Northern GBR,0,7.61,0.28556436252650325,0,0.45,0,0,0,0,b,NA,DHW 7.98 aerial bl 1,coral bleaching,DHW 7.98 aerial bl 1  coral bleaching,0.01850406226874879,0.03053733033729697,0.02117614906762899,0.01850406226874879,0.02117614906762899,0.04544038603147815,0.03334895264087196,0.03323646551845266,0.01850406226874879,0.03053733033729697,0.02117614906762899,0.01850406226874879,0.02117614906762899,0.04544038603147815,0.03334895264087196,0.03323646551845266,-0.002672086798880202,0,-0.002672086798880202,-0.01203326806854818,-0.014903055694181183,0.012091433390606192,1.1248712241929831e-4,-0.002699135181155693
leave_one_event_out,2024,ltmp,4172230,14-143,North Direction Reef (14-143),2024,Northern GBR,0.27692573545021293,6.23,0.4371273713667701,0.0201384624835262,0.8,0.0201384624835262,0,0,0.0092,b,NA,decline in hc and sc,coral bleaching,decline in hc and sc  coral bleaching,0.02817641904509131,0.05846746171620413,0.03471818706322364,0.02817641904509131,0.03471818706322364,0.06177586977611003,0.0296300195548975,0.02741443297876318,0.2487493164051216,0.2184582737340088,0.2422075483869893,0.2487493164051216,0.2422075483869893,0.21514986567410288,0.24729571589531543,0.24951130247144976,0.006541768018132305,0,0.006541768018132305,0.030291042671112794,0.0033084080599059262,-0.03214585022121255,-0.0022155865761343263,-0.031053028737440952
leave_one_event_out,2024,manta,3988509,14-147a,South Direction Reef (North) (14-147a),2024,Northern GBR,0.2226589198311119,6.4,0.41269945972762634,0.0447928826902812,0.5,0.02107278940083535,0,0,0.0076,b,NA,DHW 6.4 aerial bl 5,coral bleaching,DHW 6.4 aerial bl 5  coral bleaching,0.02784482486883073,0.04324344707130419,0.02797092876033165,0.02784482486883073,0.02797092876033165,0.05117721430147397,0.04019272141625166,0.02802175288124046,0.1948140949622812,0.17941547275980774,0.19468799107078028,0.1948140949622812,0.19468799107078028,0.17148170552963796,0.18246619841486028,0.1946371669498715,1.2610389150091716e-4,0,1.2610389150091716e-4,0.015398622202473455,0.00793376723016978,-0.010984492885222324,-0.012170968535011206,-0.01522169419006375
leave_one_event_out,2024,manta,4206312,15-030,Swinger Reef (15-030),2024,Northern GBR,0.34618830788839955,3.87,0.5685984833602956,0.149812788731616,1,0.10100326410607618,0,0,0.0025,b,NA,DHW 3.87,coral bleaching,DHW 3.87  coral bleaching,0.01262895181157271,0.04875601634513264,0.01085357175636322,0.01262895181157271,0.01085357175636322,0.03976022267675487,0.02313928888587925,0.02023849171556055,0.33355935607682685,0.2974322915432669,0.33533473613203635,0.33355935607682685,0.33533473613203635,0.30642808521164466,0.3230490190025203,0.32594981617283897,-0.0017753800552094967,0,-0.0017753800552094967,0.03612706453355996,-0.008995793668377772,-0.016620933790875647,-0.0029007971703186586,-0.028517524629572077
leave_one_event_out,2024,ltmp,4176749,15-099c,Agincourt Reefs (No 1) (15-099c),2024,Central GBR,0.147059946921269,6.97,0.3820065936993378,0.044311645741118,0.7,0.044311645741118,0,0,0,m,NA,declines hc and sc B Jasper,"coral bleaching, Cyclone Jasper","declines hc and sc B Jasper  coral bleaching, Cyclone Jasper",0.03480963420988807,0.06358351524098015,0.04293286833408981,0.03480963420988807,0.04293286833408981,0.06568184748721115,0.04899573461083594,0.03397978457702119,0.11225031271138092,0.08347643168028886,0.1041270785871792,0.11225031271138092,0.1041270785871792,0.08137809943405785,0.09806421231043304,0.1130801623442478,0.008123234124201711,0,0.008123234124201711,0.02877388103109206,0.0020983322462310022,-0.016686112876375184,-0.015015950033814757,-0.029603730663958938
leave_one_event_out,2024,manta,4206426,15-099c,Agincourt Reefs (No 1) (15-099c),2024,Central GBR,0.23551593127835632,6.97,0.3820065936993378,0.044311645741118,0.7,0.044311645741118,0,0,0,m,NA,Aerial bl 3 2024 DHW 6.97,"coral bleaching, Cyclone Jasper","Aerial bl 3 2024 DHW 6.97  coral bleaching, Cyclone Jasper",0.03194491784521699,0.06851171819335668,0.03779498194542513,0.03194491784521699,0.03779498194542513,0.06989288942753019,0.05130711904856858,0.03596344786277105,0.20357101343313933,0.16700421308499963,0.1977209493329312,0.20357101343313933,0.1977209493329312,0.16562304185082613,0.18420881222978777,0.1995524834155853,0.0058500641002081355,0,0.0058500641002081355,0.036566800348139694,0.0013811712341735005,-0.01858577037896164,-0.01534367118579752,-0.03254827033058566
leave_one_event_out,2024,mmp,4160180,16-006,Snapper Reef (16-006),2024,Central GBR,0.6942901257684129,6.93,0.2276483309360394,0.897197855579998,0.9,0.15894063309421047,0,NA,0.001,m,Jasper,NA,"Cyclone Jasper, flood waters at 2.0 m only, coral bleaching at 5.0 m only | flood waters, Cyclone Jasper","Jasper Cyclone Jasper, flood waters at 2.0 m only, coral bleaching at 5.0 m only | flood waters, Cyclone Jasper",0.01281596940217817,0.01705125372901931,0.0118862231229822,0.01281596940217817,0.0118862231229822,0.02218365833787767,0.01072155878516063,0.01283356937930184,0.6814741563662347,0.6772388720393936,0.6824039026454307,0.6814741563662347,0.6824039026454307,0.6721064674305351,0.6835685669832522,0.6814565563891111,-9.297462791960642e-4,0,-9.297462791960642e-4,0.00423528432684106,0.005132404608858443,-0.011462099552717042,0.0021120105941411227,-0.0042176843497174765
leave_one_event_out,2024,mmp,4160201,16-006,Snapper Reef (16-006),2024,Central GBR,1,6.93,0.2276483309360394,0.897197855579998,0.9,0.15894063309421047,0,NA,0.001,m,Jasper,NA,"Cyclone Jasper, flood waters at 2.0 m only, coral bleaching at 5.0 m only | flood waters, Cyclone Jasper","Jasper Cyclone Jasper, flood waters at 2.0 m only, coral bleaching at 5.0 m only | flood waters, Cyclone Jasper",0.01625016327060649,0.02695868486424255,0.01346543902297845,0.01625016327060649,0.01346543902297845,0.0284163419019401,0.01831335096972237,0.01571291137821563,0.9837498367293936,0.9730413151357574,0.9865345609770216,0.9837498367293936,0.9865345609770216,0.97158365809806,0.9816866490302776,0.9842870886217844,-0.00278472424762799,0,-0.00278472424762799,0.010708521593636222,0.0014576570376974018,-0.01010299093221756,-0.002600439591506798,-0.011245773486026955
leave_one_event_out,2024,mmp,4160222,16-006,Snapper Reef (16-006),2024,Central GBR,0,6.93,0.13825214405281794,0.897197855579998,0.9,0.15894063309421047,0,NA,0.001,m,Jasper,NA,"Cyclone Jasper, flood waters at 2.0 m only, coral bleaching at 5.0 m only | flood waters, Cyclone Jasper","Jasper Cyclone Jasper, flood waters at 2.0 m only, coral bleaching at 5.0 m only | flood waters, Cyclone Jasper",0.01395489629002683,0.02053227536906497,0.01319605963750125,0.01395489629002683,0.01319605963750125,0.02321729235765885,0.01055592689789822,0.0127476578803417,0.01395489629002683,0.02053227536906497,0.01319605963750125,0.01395489629002683,0.01319605963750125,0.02321729235765885,0.01055592689789822,0.0127476578803417,7.58836652525581e-4,0,7.58836652525581e-4,-0.006577379079038138,-0.0026850169885938822,0.012661365459760631,-0.00219173098244348,0.007784617488723269
leave_one_event_out,2024,mmp,4160243,16-006,Snapper Reef (16-006),2024,Central GBR,1,6.93,0.13825214405281794,0.897197855579998,0.9,0.15894063309421047,0,NA,0.001,m,Jasper,NA,"Cyclone Jasper, flood waters at 2.0 m only, coral bleaching at 5.0 m only | flood waters, Cyclone Jasper","Jasper Cyclone Jasper, flood waters at 2.0 m only, coral bleaching at 5.0 m only | flood waters, Cyclone Jasper",0.013875057207958,0.02444803822842604,0.01350084875272461,0.013875057207958,0.01350084875272461,0.02592195501467093,0.0142307077551892,0.01432988020194097,0.986124942792042,0.975551961771574,0.9864991512472754,0.986124942792042,0.9864991512472754,0.974078044985329,0.9857692922448108,0.9856701197980592,-3.742084552333935e-4,0,-3.742084552333935e-4,0.010572981020467997,0.0014739167862449776,-0.011691247259481785,9.91724467516164e-5,-0.010118158026485191
leave_one_event_out,2024,ltmp,4174485,16-015,Mackay Reef (16-015),2024,Central GBR,0.2553628149610071,3.52,0.11108575555250784,0.0670124787248476,0.8,0.04428520532024935,0,0,4e-4,m,Jasper,NA,"Cyclone Jasper, flood waters, coral bleaching","Jasper Cyclone Jasper, flood waters, coral bleaching",0.012518654911067,0.01958658238136677,0.01201563092408756,0.012518654911067,0.01201563092408756,0.02208569033202996,0.02175718105999112,0.01099926888010077,0.24284416004994008,0.2357762325796403,0.24334718403691952,0.24284416004994008,0.24334718403691952,0.23327712462897715,0.23360563390101596,0.24436354608090632,-5.03023986979434e-4,0,-5.03023986979434e-4,0.007067927470299773,0.0024991079506631597,-3.2850927203881275e-4,-0.010757912179890361,-0.008587313501266014
leave_one_event_out,2024,manta,4206192,16-015,Mackay Reef (16-015),2024,Central GBR,0.6125403307582871,3.52,0.11108575555250784,0.0670124787248476,0.8,0.04428520532024935,0,0,4e-4,m,NA,DHW 4.03,"coral bleaching, Cyclone Jasper, flood waters","DHW 4.03  coral bleaching, Cyclone Jasper, flood waters",0.01161452456586695,0.02206380678520409,0.01055550030711958,0.01161452456586695,0.01055550030711958,0.02348541061088923,0.02338085819760338,0.01175341200983349,0.6009258061924201,0.5904765239730829,0.6019848304511675,0.6009258061924201,0.6019848304511675,0.5890549201473978,0.5891594725606837,0.6007869187484536,-0.0010590242587473764,0,-0.0010590242587473764,0.010449282219337164,0.0014216038256851249,-1.0455241328588549e-4,-0.011627446187769896,-0.010310394775370657
leave_one_event_out,2024,ltmp,4177618,16-019,St Crispin Reef (16-019),2024,Central GBR,0.14925263511949396,5.87,0.5909846656384597,0.0118783666655456,0.5,-0.01084890673905264,28.6666666666667,0.00590551178902388,0.002,m,NA,DHW 6.98,"coral bleaching, Cyclone Jasper","DHW 6.98  coral bleaching, Cyclone Jasper",0.02628715733936129,0.06112849263914535,0.03573873968943743,0.02628715733936129,0.03573873968943743,0.06867620953701475,0.03781401692719955,0.03134002056786735,0.12296547778013268,0.08812414248034861,0.11351389543005652,0.12296547778013268,0.11351389543005652,0.08057642558247921,0.11143861819229442,0.11791261455162662,0.009451582350076163,0,0.009451582350076163,0.034841335299784074,0.0075477168978694,-0.03086219260981521,-0.006473996359332199,-0.029788472071278008
leave_one_event_out,2024,manta,4206488,16-019,St Crispin Reef (16-019),2024,Central GBR,0.207455587532888,5.87,0.5909846656384597,0.0118783666655456,0.5,-0.01084890673905264,28.6666666666667,0.00590551178902388,0.002,m,NA,DHW 6.98,"coral bleaching, Cyclone Jasper","DHW 6.98  coral bleaching, Cyclone Jasper",0.02694807421529339,0.05679008877396634,0.03145901998871399,0.02694807421529339,0.03145901998871399,0.06380069748778713,0.03277218105073257,0.02897141699776029,0.1805075133175946,0.15066549875892163,0.17599656754417398,0.1805075133175946,0.17599656754417398,0.14365489004510085,0.1746834064821554,0.1784841705351277,0.0045109457734206215,0,0.0045109457734206215,0.02984201455867297,0.007010608713820782,-0.031028516437054565,-0.0038007640529722775,-0.02781867177620606
leave_one_event_out,2024,ltmp,4170711,16-028,Low Islands Reef (16-028),2024,Central GBR,0.17859848813708523,6.42,0.07365554786941506,0.564896066302209,1,0.289486881626768,0,0,1e-4,m,Jasper,NA,"Cyclone Jasper, flood waters, coral bleaching","Jasper Cyclone Jasper, flood waters, coral bleaching",0.01869748275500842,0.01981985792795172,0.01668645773147073,0.01869748275500842,0.01668645773147073,0.02660180194383849,0.01742700821478767,0.01537153995027026,0.1599010053820768,0.15877863020913352,0.1619120304056145,0.1599010053820768,0.1619120304056145,0.15199668619324674,0.16117147992229755,0.16322694818681496,-0.002011025023537699,0,-0.002011025023537699,0.0011223751729432796,0.006781944015886776,-0.009174793729050806,-0.0020554682645174127,-0.004448317977681443
leave_one_event_out,2024,manta,4206349,16-028,Low Islands Reef (16-028),2024,Central GBR,0.4177050324727606,6.42,0.07365554786941506,0.564896066302209,1,0.289486881626768,0,0,1e-4,m,Jasper,Jasper,"Cyclone Jasper, flood waters, coral bleaching","Jasper Jasper Cyclone Jasper, flood waters, coral bleaching",0.01824027179007606,0.02260529978071268,0.01452026723817777,0.01824027179007606,0.01452026723817777,0.02817640063582994,0.01960878096610728,0.01511649526178195,0.3994647606826845,0.3950997326920479,0.4031847652345828,0.3994647606826845,0.4031847652345828,0.38952863183693065,0.3980962515066533,0.40258853721097865,-0.003720004551898304,0,-0.003720004551898304,0.004365027990636594,0.00557110085511725,-0.008567619669722637,-0.0044922857043253606,-0.007488804518930747
leave_one_event_out,2024,mmp,4162774,16-054a,Fitzroy Island Reef (No 1) (16-054a),2024,Central GBR,0.5242365308289569,7.82,0.589862940713534,0.529954681473679,0.9,0.18146982260318445,0,0,1e-4,b | m,NA,partial bleaching during bleaching surveys Feb24 | bleaching observed during targetted bleaching surveys,"coral bleaching at 2.0 m only | coral bleaching at 2.0 m only, Cyclone Jasper","partial bleaching during bleaching surveys Feb24 | bleaching observed during targetted bleaching surveys  coral bleaching at 2.0 m only | coral bleaching at 2.0 m only, Cyclone Jasper",0.0183732716065781,0.03799646942468679,0.01680970350390562,0.0183732716065781,0.01680970350390562,0.03788468056954487,0.01580349716657171,0.01994146216786078,0.5058632592223788,0.4862400614042701,0.5074268273250513,0.5058632592223788,0.5074268273250513,0.4863518502594121,0.5084330336623852,0.5042950686610962,-0.0015635681026724413,0,-0.0015635681026724413,0.01962319781810873,-1.117888551419588e-4,-0.02208118340297316,0.004137965001289046,-0.018055007256826072
leave_one_event_out,2024,mmp,4162795,16-054a,Fitzroy Island Reef (No 1) (16-054a),2024,Central GBR,0.07995491504811622,7.82,0.24786093423705963,0.529954681473679,0.9,0.18146982260318445,0,0,1e-4,b | m,NA,partial bleaching during bleaching surveys Feb24 | bleaching observed during targetted bleaching surveys,"coral bleaching at 2.0 m only | coral bleaching at 2.0 m only, Cyclone Jasper","partial bleaching during bleaching surveys Feb24 | bleaching observed during targetted bleaching surveys  coral bleaching at 2.0 m only | coral bleaching at 2.0 m only, Cyclone Jasper",0.0156838171516951,0.02488989115267303,0.01544102041489194,0.0156838171516951,0.01544102041489194,0.02994119050792055,0.0101809813792176,0.01680861131350877,0.06427109789642112,0.05506502389544318,0.06451389463322428,0.06427109789642112,0.06451389463322428,0.05001372454019567,0.06977393366889861,0.06314630373460745,-2.427967368031636e-4,0,-2.427967368031636e-4,0.009206074000977935,0.005051299355247514,-0.019760209128702945,0.006627629934291168,-0.008081279839164263
leave_one_event_out,2024,mmp,4162816,16-054a,Fitzroy Island Reef (No 1) (16-054a),2024,Central GBR,0.2690843862833956,7.82,0.589862940713534,0.529954681473679,0.9,0.18146982260318445,0,0,1e-4,b | m,NA,partial bleaching during bleaching surveys Feb24 | bleaching observed during targetted bleaching surveys,"coral bleaching at 2.0 m only | coral bleaching at 2.0 m only, Cyclone Jasper","partial bleaching during bleaching surveys Feb24 | bleaching observed during targetted bleaching surveys  coral bleaching at 2.0 m only | coral bleaching at 2.0 m only, Cyclone Jasper",0.01800569202599884,0.03231928820334635,0.0164390947607559,0.01800569202599884,0.0164390947607559,0.03413644709929506,0.01256684994208229,0.01780735567873855,0.25107869425739676,0.23676509808004925,0.2526452915226397,0.25107869425739676,0.2526452915226397,0.2349479391841005,0.2565175363413133,0.25127703060465706,-0.0015665972652429416,0,-0.0015665972652429416,0.01431359617734751,0.001817158895948745,-0.021569597157212794,0.005240505736656242,-0.014511932524607807
leave_one_event_out,2024,mmp,4162832,16-054a,Fitzroy Island Reef (No 1) (16-054a),2024,Central GBR,0,7.82,0.24786093423705963,0.529954681473679,0.9,0.18146982260318445,0,0,1e-4,b | m,NA,partial bleaching during bleaching surveys Feb24 | bleaching observed during targetted bleaching surveys,"coral bleaching at 2.0 m only | coral bleaching at 2.0 m only, Cyclone Jasper","partial bleaching during bleaching surveys Feb24 | bleaching observed during targetted bleaching surveys  coral bleaching at 2.0 m only | coral bleaching at 2.0 m only, Cyclone Jasper",0.0156838171516951,0.02488989115267303,0.01544102041489194,0.0156838171516951,0.01544102041489194,0.02994119050792055,0.0101809813792176,0.01680861131350877,0.0156838171516951,0.02488989115267303,0.01544102041489194,0.0156838171516951,0.01544102041489194,0.02994119050792055,0.0101809813792176,0.01680861131350877,2.4279673680316013e-4,0,2.4279673680316013e-4,-0.009206074000977931,-0.005051299355247518,0.01976020912870295,-0.006627629934291168,0.008081279839164263
leave_one_event_out,2024,ltmp,4179541,16-057,Hastings Reef (16-057),2024,Central GBR,0.1327893266155054,7.62,0.1802122772005963,0.08249482618129,0.9,0.05884948517955871,38,0,2e-4,m,Jasper,small decline,"Cyclone Jasper, coral bleaching","small decline Jasper Cyclone Jasper, coral bleaching",0.01189537396287703,0.02131178977527073,0.00964922466071335,0.01189537396287703,0.00964922466071335,0.01882373904338079,0.00980012452419038,0.01237724427122664,0.12089395265262835,0.11147753684023468,0.12314010195479204,0.12089395265262835,0.12314010195479204,0.1139655875721246,0.12298920209131504,0.12041208234427878,-0.002246149302163686,0,-0.002246149302163686,0.009416415812393678,-0.002488050731889929,-0.00902361451919044,0.002577119747036269,-0.0089345455040441
leave_one_event_out,2024,manta,4206246,16-057,Hastings Reef (16-057),2024,Central GBR,0.4288792674978628,7.62,0.1802122772005963,0.08249482618129,0.9,0.05884948517955871,38,0,2e-4,m,Jasper,Jasper,"Cyclone Jasper, coral bleaching","Jasper Jasper Cyclone Jasper, coral bleaching",0.01737266074030297,0.02888323228708554,0.01125114545668631,0.01737266074030297,0.01125114545668631,0.02466724026005745,0.01595177481961071,0.01504188439936918,0.41150660675755985,0.39999603521077726,0.4176281220411765,0.41150660675755985,0.4176281220411765,0.40421202723780536,0.4129274926782522,0.41383738309849366,-0.006121515283616652,0,-0.006121515283616652,0.011510571546782589,-0.004215992027028104,-0.008715465440446823,-9.09890420241477e-4,-0.013841347887716404
leave_one_event_out,2024,ltmp,4178609,16-068,Thetford Reef (16-068),2024,Central GBR,0.05542349117761327,7.34,0.1800947025045891,0.0704767616531914,0.8,0.02438038435635965,34,0,0,b,NA,Aerial bl 3 2024 DHW 7.63 2024,NA,Aerial bl 3 2024 DHW 7.63 2024,0.01795909057964934,0.03360592583903506,0.01538083984284536,0.01795909057964934,0.01538083984284536,0.03049091700460549,0.0181298758499634,0.0201203178091084,0.03746440059796392,0.0218175653385782,0.0400426513347679,0.03746440059796392,0.0400426513347679,0.02493257417300777,0.03729361532764987,0.03530317336850486,-0.002578250736803976,0,-0.002578250736803976,0.015646835259385723,-0.0031150088344295696,-0.012361041154642097,0.001990441959145009,-0.013485608029926658
leave_one_event_out,2024,manta,4068550,16-068,Thetford Reef (16-068),2024,Central GBR,0.22109938427513848,7.34,0.1800947025045891,0.0704767616531914,0.8,0.02438038435635965,34,0,0,b,NA,Aerial bl 3 2024 DHW 7.63 2024,coral bleaching,Aerial bl 3 2024 DHW 7.63 2024  coral bleaching,0.0173848651658585,0.03168135290433208,0.0130514671988368,0.0173848651658585,0.0130514671988368,0.02937984389710764,0.0162896244461512,0.01830291027874562,0.20371451910928,0.1894180313708064,0.20804791707630169,0.20371451910928,0.20804791707630169,0.1917195403780308,0.20480975982898728,0.2027964739963929,-0.004333397967021674,0,-0.004333397967021674,0.014296487738473612,-0.002301509007224395,-0.01309021945095648,0.002013285832594386,-0.01337844262558649
leave_one_event_out,2024,mmp,4164846,17-009a,Tobias Spit (17-009a),2024,Central GBR,0.5493500371623812,6.32,0.2715440227550341,0.748991096360115,0.8,0.14855903622271094,0,NA,1e-4,m,NA,clear depth limit to level of mortality,"flood waters at 2.0 m only, Cyclone Jasper at 2.0 m only, crown-of-thorns starfish at 5.0 m only","clear depth limit to level of mortality  flood waters at 2.0 m only, Cyclone Jasper at 2.0 m only, crown-of-thorns starfish at 5.0 m only",0.01759863619313553,0.02315845704565434,0.01421206063667958,0.01759863619313553,0.01421206063667958,0.02776511794173937,0.01524606578548456,0.01514924013788075,0.5317514009692457,0.5261915801167268,0.5351379765257016,0.5317514009692457,0.5351379765257016,0.5215849192206418,0.5341039713768966,0.5342007970245004,-0.0033865755564559397,0,-0.0033865755564559397,0.005559820852518826,0.00460666089608508,-0.012519052156254817,-9.68256476038265e-5,-0.008009216907773564
leave_one_event_out,2024,mmp,4164863,17-009a,Tobias Spit (17-009a),2024,Central GBR,0,6.32,0.2715440227550341,0.748991096360115,0.8,0.14855903622271094,0,NA,1e-4,m,NA,clear depth limit to level of mortality,"flood waters at 2.0 m only, Cyclone Jasper at 2.0 m only, crown-of-thorns starfish at 5.0 m only","clear depth limit to level of mortality  flood waters at 2.0 m only, Cyclone Jasper at 2.0 m only, crown-of-thorns starfish at 5.0 m only",0.01759863619313553,0.02752712424135524,0.01453765043491037,0.01759863619313553,0.01453765043491037,0.03095631136650377,0.01929747469778018,0.01701103979862916,0.01759863619313553,0.02752712424135524,0.01453765043491037,0.01759863619313553,0.01453765043491037,0.03095631136650377,0.01929747469778018,0.01701103979862916,0.0030609857582251584,0,0.0030609857582251584,-0.009928488048219712,-0.003429187125148527,0.01165883666872359,0.002286434899151018,0.01051608444272608
leave_one_event_out,2024,mmp,4164883,17-009a,Tobias Spit (17-009a),2024,Central GBR,0.07674865937178825,6.32,0.22859264013099512,0.748991096360115,0.8,0.14855903622271094,0,NA,1e-4,m,NA,clear depth limit to level of mortality,"flood waters at 2.0 m only, Cyclone Jasper at 2.0 m only, crown-of-thorns starfish at 5.0 m only","clear depth limit to level of mortality  flood waters at 2.0 m only, Cyclone Jasper at 2.0 m only, crown-of-thorns starfish at 5.0 m only",0.01594769097039135,0.02226979452644243,0.01389087084557554,0.01594769097039135,0.01389087084557554,0.02722517990214232,0.01363018688183213,0.01514924013788075,0.0608009684013969,0.05447886484534581,0.06285778852621271,0.0608009684013969,0.06285778852621271,0.04952347946964592,0.06311847248995611,0.0615994192339075,-0.0020568201248158113,0,-0.0020568201248158113,0.00632210355605109,0.0049553853756998875,-0.01359499302031019,0.0015190532560486122,-0.007120554388561691
leave_one_event_out,2024,mmp,4164900,17-009a,Tobias Spit (17-009a),2024,Central GBR,0,6.32,0.22859264013099512,0.748991096360115,0.8,0.14855903622271094,0,NA,1e-4,m,NA,clear depth limit to level of mortality,"flood waters at 2.0 m only, Cyclone Jasper at 2.0 m only, crown-of-thorns starfish at 5.0 m only","clear depth limit to level of mortality  flood waters at 2.0 m only, Cyclone Jasper at 2.0 m only, crown-of-thorns starfish at 5.0 m only",0.01098346767979324,0.01490980587268057,0.01124547090420568,0.01098346767979324,0.01124547090420568,0.02142597758970781,0.00923023557211706,0.01275644286653345,0.01098346767979324,0.01490980587268057,0.01124547090420568,0.01098346767979324,0.01124547090420568,0.02142597758970781,0.00923023557211706,0.01275644286653345,-2.6200322441244026e-4,0,-2.6200322441244026e-4,-0.003926338192887331,-0.006516171717027239,0.012195742017590749,-0.0035262072944163905,0.0021533630061471194
leave_one_event_out,2024,ltmp,3753785,17-024,Peart Reef (17-024),2024,Central GBR,0.09176739690951512,5.4,0.32131913917438787,0.0632850722604437,0.7,0.01779391253058185,8.526512829121199e-13,0,0,b,NA,NA,coral bleaching,coral bleaching,0.02460471919249945,0.0383585033224816,0.01905365122003501,0.02460471919249945,0.01905365122003501,0.03261262423678975,0.03478203059242177,0.02196026947131331,0.06716267771701567,0.05340889358703353,0.07271374568948012,0.06716267771701567,0.07271374568948012,0.05915477267272538,0.05698536631709336,0.06980712743820182,-0.005551067972464449,0,-0.005551067972464449,0.013753784129982141,-0.005745879085691845,0.0021694063556320156,-0.012821761121108458,-0.016398233851168287
leave_one_event_out,2024,manta,4067477,17-024,Peart Reef (17-024),2024,Central GBR,0.16297797479960072,5.4,0.32131913917438787,0.0632850722604437,0.7,0.01779391253058185,8.526512829121199e-13,0,0,b,NA,DHW 5.4,coral bleaching,DHW 5.4  coral bleaching,0.02365133930825022,0.03791241178390029,0.01866516452411589,0.02365133930825022,0.01866516452411589,0.03127185777219701,0.03473237207103539,0.02138721771901853,0.1393266354913505,0.12506556301570043,0.14431281027548482,0.1393266354913505,0.14431281027548482,0.1317061170274037,0.12824560272856533,0.1415907570805822,-0.004986174784134323,0,-0.004986174784134323,0.01426107247565006,-0.00664055401170327,0.0034605142988383686,-0.013345154352016858,-0.01652519406488176
leave_one_event_out,2024,ltmp,3754965,17-034,Feather Reef (17-034),2024,Central GBR,0,5.54,0.2671748848874488,0.14934229030886,0.9,0.1037885048581075,14,0,0,b,NA,DHW 5.54,NA,DHW 5.54,0.02812734394733727,0.04491639161428165,0.02234716560956672,0.02812734394733727,0.02234716560956672,0.03517294710918552,0.03501406694768293,0.0246722217071955,0.02812734394733727,0.04491639161428165,0.02234716560956672,0.02812734394733727,0.02234716560956672,0.03517294710918552,0.03501406694768293,0.0246722217071955,0.0057801783377705515,0,0.0057801783377705515,-0.016789047666944383,0.009743444505096135,1.588801615025892e-4,0.010341845240487427,0.020244169907086152
leave_one_event_out,2024,manta,4068667,17-034,Feather Reef (17-034),2024,Central GBR,0,5.54,0.2671748848874488,0.14934229030886,0.9,0.1037885048581075,14,0,0,b,NA,DHW 5.54,coral bleaching,DHW 5.54  coral bleaching,0.02954754564489945,0.04502805253603628,0.02365823872982637,0.02954754564489945,0.02365823872982637,0.0336825262647208,0.03655617913050177,0.02449202297912693,0.02954754564489945,0.04502805253603628,0.02365823872982637,0.02954754564489945,0.02365823872982637,0.0336825262647208,0.03655617913050177,0.02449202297912693,0.00588930691507308,0,0.00588930691507308,-0.015480506891136826,0.011345526271315479,-0.002873652865780972,0.01206415615137484,0.020536029556909346
leave_one_event_out,2024,mmp,4167064,17-053,Stingaree Reefs (17-053),2024,Central GBR,0,4.15,0.616506583925962,0.939069623828006,0.5,-0.00537384389114203,0,NA,1e-4,b,NA,partial bleaching at time of surveys,coral bleaching,partial bleaching at time of surveys  coral bleaching,0.0176770694783873,0.03660097879136768,0.0152740130981307,0.0176770694783873,0.0152740130981307,0.03146365309769755,0.01946000183690146,0.02506358334908918,0.0176770694783873,0.03660097879136768,0.0152740130981307,0.0176770694783873,0.0152740130981307,0.03146365309769755,0.01946000183690146,0.02506358334908918,0.0024030563802565994,0,0.0024030563802565994,-0.01892390931298038,0.005137325693670126,0.012003651260796094,-0.005603581512187723,0.011537395442278497
leave_one_event_out,2024,mmp,4167081,17-053,Stingaree Reefs (17-053),2024,Central GBR,0,4.15,0.12818230888325138,0.939069623828006,0.5,-0.00537384389114203,0,NA,1e-4,b,NA,partial bleaching at time of surveys,coral bleaching,partial bleaching at time of surveys  coral bleaching,0.01291401835677332,0.02727928124935135,0.01330590281387902,0.01291401835677332,0.01330590281387902,0.0263649613407934,0.01308092991486977,0.02052347577287133,0.01291401835677332,0.02727928124935135,0.01330590281387902,0.01291401835677332,0.01330590281387902,0.0263649613407934,0.01308092991486977,0.02052347577287133,-3.918844571056991e-4,0,-3.918844571056991e-4,-0.01436526289257803,9.143199085579513e-4,0.01328403142592363,-0.007442545858001559,0.006755805476480022
leave_one_event_out,2024,mmp,4167098,17-053,Stingaree Reefs (17-053),2024,Central GBR,0.08448089989497658,4.15,0.616506583925962,0.939069623828006,0.5,-0.00537384389114203,0,NA,1e-4,b,NA,partial bleaching at time of surveys,coral bleaching,partial bleaching at time of surveys  coral bleaching,0.01703357424665516,0.04403807742051681,0.01514149093879434,0.01703357424665516,0.01514149093879434,0.03620680226484343,0.02421604535516119,0.02792332393932704,0.06744732564832141,0.04044282247445976,0.06933940895618224,0.06744732564832141,0.06933940895618224,0.04827409763013314,0.06026485453981538,0.05655757595564953,-0.001892083307860823,0,-0.001892083307860823,0.027004503173861653,-0.007831275155673383,-0.011990756909682238,0.003707278584165849,-0.01611475348118977
leave_one_event_out,2024,mmp,4167117,17-053,Stingaree Reefs (17-053),2024,Central GBR,0.11474101713504836,4.15,0.12818230888325138,0.939069623828006,0.5,-0.00537384389114203,0,NA,1e-4,b,NA,partial bleaching at time of surveys,coral bleaching,partial bleaching at time of surveys  coral bleaching,0.01338667950663996,0.02727928124935135,0.01373075142421235,0.01338667950663996,0.01373075142421235,0.0263649613407934,0.01308092991486977,0.02052347577287133,0.10135433762840838,0.087461735885697,0.101010265710836,0.10135433762840838,0.101010265710836,0.08837605579425495,0.10166008722017858,0.094217541362177,3.4407191757238054e-4,0,3.4407191757238054e-4,0.013892601742711383,-9.143199085579479e-4,-0.013284031425923631,0.007442545858001581,-0.006755805476479998
leave_one_event_out,2024,ltmp,3802952,17-063a,Farquharson Reef (No 1) (17-063a),2024,Central GBR,0,4.91,0.15402442656132434,0.0651378266978902,0.8,0.04241055329329195,10,0,0,NA,NA,NA,NA,NA,0.01093714708494592,0.01884199278464326,0.01018265957426322,0.01093714708494592,0.01018265957426322,0.01708298071240811,0.0096258285878335,0.01298772850912088,0.01093714708494592,0.01884199278464326,0.01018265957426322,0.01093714708494592,0.01018265957426322,0.01708298071240811,0.0096258285878335,0.01298772850912088,7.544875106826991e-4,0,7.544875106826991e-4,-0.007904845699697339,0.0017590120722351492,0.007457152124574609,-0.0033618999212873795,0.005854264275522379
leave_one_event_out,2024,manta,4066960,17-063a,Farquharson Reef (No 1) (17-063a),2024,Central GBR,0,4.91,0.15402442656132434,0.0651378266978902,0.8,0.04241055329329195,10,0,0,NA,NA,NA,NA,NA,0.01058942238361253,0.019087489110979,0.00933308786963044,0.01058942238361253,0.00933308786963044,0.01734592467679076,0.00787414652107037,0.01303949156204334,0.01058942238361253,0.019087489110979,0.00933308786963044,0.01058942238361253,0.00933308786963044,0.01734592467679076,0.00787414652107037,0.01303949156204334,0.0012563345139820908,0,0.0012563345139820908,-0.00849806672736647,0.0017415644341882384,0.009471778155720392,-0.00516534504097297,0.00604799754893566
leave_one_event_out,2024,ltmp,3752581,17-064,Taylor Reef (17-064),2024,Central GBR,0,4.45,0.28264456502362123,0.0653108091876699,0.8,0.04258353578307165,10,0,3e-4,b,NA,Aerial bl 1 2024 DHW 4.6,NA,Aerial bl 1 2024 DHW 4.6,0.01632233155457079,0.02617557782766012,0.01317265045924007,0.01632233155457079,0.01317265045924007,0.02169596769381673,0.01955862098961135,0.0173865506013819,0.01632233155457079,0.02617557782766012,0.01317265045924007,0.01632233155457079,0.01317265045924007,0.02169596769381673,0.01955862098961135,0.0173865506013819,0.0031496810953307204,0,0.0031496810953307204,-0.009853246273089328,0.00447961013384339,0.00213734670420538,0.0021720703882294502,0.00878902722627822
leave_one_event_out,2024,manta,4067738,17-064,Taylor Reef (17-064),2024,Central GBR,0,4.45,0.28264456502362123,0.0653108091876699,0.8,0.04258353578307165,10,0,3e-4,b,NA,Aerial bl 1 2024 DHW 4.6,coral bleaching,Aerial bl 1 2024 DHW 4.6  coral bleaching,0.01953207790983596,0.03051732780381577,0.0153261215714301,0.01953207790983596,0.0153261215714301,0.02626008456602658,0.0234122289490188,0.01933175108566257,0.01953207790983596,0.03051732780381577,0.0153261215714301,0.01953207790983596,0.0153261215714301,0.02626008456602658,0.0234122289490188,0.01933175108566257,0.004205956338405859,0,0.004205956338405859,-0.010985249893979813,0.004257243237789192,0.002847855617007778,0.004080477863356233,0.011185576718153203
leave_one_event_out,2024,mmp,4142980,18-001,Richards (Bedarra) Reef (18-001),2024,Central GBR,0,4.12,0.3256942657515102,0.691931621395728,0,-0.2128136208180611,0,NA,1e-4,NA,NA,NA,NA,NA,0.01191464572291893,0.02247702940156776,0.01113345721089772,0.01191464572291893,0.01113345721089772,0.02319794302391269,0.02140460995035327,0.02982556717835362,0.01191464572291893,0.02247702940156776,0.01113345721089772,0.01191464572291893,0.01113345721089772,0.02319794302391269,0.02140460995035327,0.02982556717835362,7.811885120212088e-4,0,7.811885120212088e-4,-0.010562383678648831,-7.209136223449292e-4,0.00179333307355942,-0.008420957228000351,-0.00734853777678586
leave_one_event_out,2024,mmp,4142991,18-001,Richards (Bedarra) Reef (18-001),2024,Central GBR,0.04904518159865426,4.12,0.02206680707521358,0.691931621395728,0,-0.2128136208180611,0,NA,1e-4,NA,NA,NA,NA,NA,0.01271389739696078,0.02464530968346124,0.01343594460328962,0.01271389739696078,0.01343594460328962,0.02606843828196479,0.01772056276999076,0.03551925436904968,0.03633128420169347,0.02439987191519301,0.03560923699536464,0.03633128420169347,0.03560923699536464,0.02297674331668946,0.0313246188286635,0.01352592722960457,7.220472063288325e-4,0,7.220472063288325e-4,0.011931412286500461,0.0014231285985035515,-0.008347875511974037,0.017798691599058926,0.010873944685588442
leave_one_event_out,2024,ltmp,4226570,18-030,Kelso Reef (18-030),2024,Central GBR,0,6.72,0.233741827105771,0,0.45,0,7,0.00285714287310839,0.0054,b,NA,Aerial bl 4 2024 DHW6.56 2025 6.48 2024,NA,Aerial bl 4 2024 DHW6.56 2025 6.48 2024,0.03116345107685662,0.03180296168499955,0.04027499475934579,0.03116345107685662,0.04027499475934579,0.03376259689447595,0.04034943208424223,0.03317623441080305,0.03116345107685662,0.03180296168499955,0.04027499475934579,0.03116345107685662,0.04027499475934579,0.03376259689447595,0.04034943208424223,0.03317623441080305,-0.009111543682489169,0,-0.009111543682489169,-6.395106081429278e-4,-0.0019596352094764027,-0.006586835189766278,0.007173197673439179,-0.0013732727258035024
leave_one_event_out,2024,manta,4066150,18-030,Kelso Reef (18-030),2024,Central GBR,0,6.72,0.233741827105771,0,0.45,0,7,0.00285714287310839,0.0054,b,NA,Aerial bl 4 2024 DHW6.56 2025 6.48 2024,coral bleaching,Aerial bl 4 2024 DHW6.56 2025 6.48 2024  coral bleaching,0.04087038931682635,0.04015725421123729,0.04731564556095855,0.04087038931682635,0.04731564556095855,0.04595050298689603,0.04905841498285177,0.04318303646497768,0.04087038931682635,0.04015725421123729,0.04731564556095855,0.04087038931682635,0.04731564556095855,0.04595050298689603,0.04905841498285177,0.04318303646497768,-0.006445256244132197,0,-0.006445256244132197,7.13135105589062e-4,-0.0057932487756587395,-0.0031079119959557394,0.0058753785178740844,-0.0030257822537403944
leave_one_event_out,2024,ltmp,4239584,18-032,Rib Reef (18-032),2024,Central GBR,0,6.7,0.25835783163767373,0.0708951209808588,1,0.0708951209808588,7,0,7e-4,b,NA,DHW 6.7,NA,DHW 6.7,0.03915529777187275,0.03652767446582381,0.03489360131990064,0.03915529777187275,0.03489360131990064,0.02715199573419906,0.02742735831208887,0.02303054434451742,0.03915529777187275,0.03652767446582381,0.03489360131990064,0.03915529777187275,0.03489360131990064,0.02715199573419906,0.02742735831208887,0.02303054434451742,0.004261696451972115,0,0.004261696451972115,0.0026276233060489387,0.009375678731624752,-2.7536257788981014e-4,0.0043968139675714495,0.013497130121306392
leave_one_event_out,2024,manta,4068045,18-032,Rib Reef (18-032),2024,Central GBR,0,6.7,0.25835783163767373,0.0708951209808588,1,0.0708951209808588,7,0,7e-4,b,NA,DHW 6.7,coral bleaching,DHW 6.7  coral bleaching,0.03734585052723697,0.03569122592089511,0.02809142581270469,0.03734585052723697,0.02809142581270469,0.02661967268664386,0.02233581021014671,0.02132451066717602,0.03734585052723697,0.03569122592089511,0.02809142581270469,0.03734585052723697,0.02809142581270469,0.02661967268664386,0.02233581021014671,0.02132451066717602,0.009254424714532278,0,0.009254424714532278,0.001654624606341859,0.00907155323425125,0.00428386247649715,0.0010112995429706895,0.01436671525371909
leave_one_event_out,2024,ltmp,4236105,18-034,Myrmidon Reef (18-034),2024,Central GBR,0,8.73,0.15606337630475434,0,0.5,0,9,0,0,b,NA,DHW 7.18,NA,DHW 7.18,0.02749787439238336,0.04185375062821493,0.03797218817349044,0.02749787439238336,0.03797218817349044,0.0483078083081821,0.02112906522788401,0.02648015821157322,0.02749787439238336,0.04185375062821493,0.03797218817349044,0.02749787439238336,0.03797218817349044,0.0483078083081821,0.02112906522788401,0.02648015821157322,-0.01047431378110708,0,-0.01047431378110708,-0.014355876235831566,-0.006454057679967172,0.02717874308029809,-0.005351092983689212,0.015373592416641706
leave_one_event_out,2024,ltmp,4236106,18-034,Myrmidon Reef (18-034),2024,Central GBR,0.10658121074123428,8.73,0.3299598280057257,0,0.5,0,9,0,0,b,NA,DHW 8.73 bleaching Kirrily,coral bleaching,DHW 8.73 bleaching Kirrily  coral bleaching,0.02930024220010396,0.04648236069967911,0.04076709145716113,0.02930024220010396,0.04076709145716113,0.05527202592754817,0.02296600289019092,0.03019778413902241,0.07728096854113031,0.06009885004155516,0.06581411928407316,0.07728096854113031,0.06581411928407316,0.0513091848136861,0.08361520785104334,0.07638342660221187,0.011466849257057155,0,0.011466849257057155,0.017182118499575155,0.008789665227869059,-0.032306023037357245,0.007231781248831476,-0.01628457656065671
leave_one_event_out,2024,manta,4066112,18-034,Myrmidon Reef (18-034),2024,Central GBR,0.3643114357676447,8.73,0.15606337630475434,0,0.5,0,9,0,0,b,NA,DHW 7.18,coral bleaching,DHW 7.18  coral bleaching,0.02509121699078137,0.04150114669407501,0.03338478727140619,0.02509121699078137,0.03338478727140619,0.0491501404011281,0.02042659259829811,0.02462516323365653,0.3392202187768633,0.3228102890735697,0.3309266484962385,0.3392202187768633,0.3309266484962385,0.3151612953665166,0.3438848431693466,0.33968627253398814,0.008293570280624829,0,0.008293570280624829,0.016409929703293635,0.007648993707053076,-0.028723547802829985,0.004198570635358445,-0.016875983460418464
leave_one_event_out,2024,manta,4066113,18-034,Myrmidon Reef (18-034),2024,Central GBR,0.06268897611282381,8.73,0.3299598280057257,0,0.5,0,9,0,0,m,NA,DHW 8.73,"coral bleaching, Cyclone Kirrily","DHW 8.73  coral bleaching, Cyclone Kirrily",0.0263704574479552,0.04624842959753997,0.03541040013892832,0.0263704574479552,0.03541040013892832,0.05448557326300689,0.02213693866460017,0.02732281250085101,0.03631851866486861,0.01644054651528384,0.02727857597389549,0.03631851866486861,0.02727857597389549,0.00820340284981692,0.04055203744822364,0.0353661636119728,0.009039942690973121,0,0.009039942690973121,0.019877972149584772,0.00823714366546692,-0.032348634598406714,0.00518587383625084,-0.018925617096688958
leave_one_event_out,2024,ltmp,4230870,18-039,Dip Reef (18-039),2024,Central GBR,0,7.32,0.3069695489966417,0,0.45,0,8,NA,0,NA,NA,NA,NA,NA,0.03412658790948685,0.02358235121900875,0.04352318368323152,0.03412658790948685,0.04352318368323152,0.02879762577901842,0.02771321606649122,0.03964638934939777,0.03412658790948685,0.02358235121900875,0.04352318368323152,0.03412658790948685,0.04352318368323152,0.02879762577901842,0.02771321606649122,0.03964638934939777,-0.009396595773744673,0,-0.009396595773744673,0.010544236690478097,-0.0052152745600096695,0.0010844097125271984,-0.01193317328290655,-0.016064038130389022
leave_one_event_out,2024,ltmp,4230871,18-039,Dip Reef (18-039),2024,Central GBR,0.03803979731714051,7.32,0.4511818546018339,0,0.45,0,8,NA,0,b,NA,DHW 8.02 flat lining,coral bleaching,DHW 8.02 flat lining  coral bleaching,0.03608864418129895,0.02865377501534112,0.04789173359858067,0.03608864418129895,0.04789173359858067,0.03235828373191631,0.02952380187704294,0.04303006785804861,0.00195115313584156,0.00938602230179938,0.00985193628144015,0.00195115313584156,0.00985193628144015,0.0056815135852242,0.00851599544009756,0.00499027054090809,-0.00790078314559859,0,-0.00790078314559859,-0.00743486916595782,0.00370450871657518,-0.0028344818548733594,0.0035257248991894695,0.00439575176089129
leave_one_event_out,2024,mmp,4137924,18-049e,Orpheus (Goolboddi) Island Reef (No 5) (18-049e),2024,Central GBR,0.33651069129053574,5.37,0.9172638468175502,0.281607665198612,0.3,-0.049333424283445,0,NA,0.0011,m,NA,bleaching observed during targetted bleaching surveys,"coral bleaching, Cyclone Kirrily","bleaching observed during targetted bleaching surveys  coral bleaching, Cyclone Kirrily",0.01772697114161826,0.02764242362522628,0.01536633261366485,0.01772697114161826,0.01536633261366485,0.01684134712583621,0.01311063423618225,0.02368523762141755,0.3187837201489175,0.30886826766530945,0.32114435867687086,0.3187837201489175,0.32114435867687086,0.3196693441646995,0.3234000570543535,0.3128254536691182,-0.0023606385279533737,0,-0.0023606385279533737,0.009915452483608034,-0.01080107649939005,-0.0037307128896539865,0.010574603385235304,-0.0039571860038087325
leave_one_event_out,2024,mmp,4137940,18-049e,Orpheus (Goolboddi) Island Reef (No 5) (18-049e),2024,Central GBR,0.23408438029879564,5.37,0.8773050262564269,0.281607665198612,0.3,-0.049333424283445,0,NA,0.0011,m,NA,bleaching observed during targetted bleaching surveys,"coral bleaching, Cyclone Kirrily","bleaching observed during targetted bleaching surveys  coral bleaching, Cyclone Kirrily",0.01514041616982464,0.02585879137627011,0.01536633261366485,0.01514041616982464,0.01536633261366485,0.01616055733146712,0.01146841243811954,0.02201843573123827,0.218943964128971,0.20822558892252552,0.2187180476851308,0.218943964128971,0.2187180476851308,0.2179238229673285,0.22261596786067608,0.21206594456755737,2.259164438401795e-4,0,2.259164438401795e-4,0.010718375206445474,-0.009698234044802995,-0.004692144893347572,0.010550023293118715,-0.003840355645031851
leave_one_event_out,2024,ltmp,4225908,18-065,Havannah Reef (18-065),2024,Central GBR,0,6.92,0.42131306586001627,0.479253770957126,0.6,0.03043883859427348,0,NA,0.0107,NA,NA,NA,NA,NA,0.02889000616595708,0.03098809919100234,0.02183017725197552,0.02889000616595708,0.02183017725197552,0.02295072929314612,0.01867454403041796,0.02323488626354932,0.02889000616595708,0.03098809919100234,0.02183017725197552,0.02889000616595708,0.02183017725197552,0.02295072929314612,0.01867454403041796,0.02323488626354932,0.007059828913981561,0,0.007059828913981561,-0.00209809302504526,0.008037369897856219,0.0042761852627281605,-0.00456034223313136,0.0077532129274530195
leave_one_event_out,2024,mmp,4148236,18-065,Havannah Reef (18-065),2024,Central GBR,0,6.92,0.22901103363301673,0.479253770957126,0.6,0.03043883859427348,0,NA,0.0107,NA,NA,NA,NA,NA,0.02276572237012786,0.02111261807383049,0.01496296651602596,0.02276572237012786,0.01496296651602596,0.01647774504985554,0.00990153766507236,0.01509741964618766,0.02276572237012786,0.02111261807383049,0.01496296651602596,0.02276572237012786,0.01496296651602596,0.01647774504985554,0.00990153766507236,0.01509741964618766,0.007802755854101902,0,0.007802755854101902,0.001653104296297371,0.004634873023974952,0.006576207384783178,-0.0051958819811152995,0.00601519842764283
leave_one_event_out,2024,mmp,4148253,18-065,Havannah Reef (18-065),2024,Central GBR,0.00284240626175549,6.92,0.2126580124355757,0.479253770957126,0.6,0.03043883859427348,0,NA,0.0107,NA,NA,NA,NA,NA,0.01678054668578714,0.0171324137150223,0.01368022438778475,0.01678054668578714,0.01368022438778475,0.01437256860967508,0.00675336879772262,0.011604868349775,0.01393814042403164,0.0142900074532668,0.01083781812602925,0.01393814042403164,0.01083781812602925,0.01153016234791958,0.00391096253596712,0.0087624620880195,0.0031003222980023892,0,0.0031003222980023892,-3.5186702923515993e-4,0.002759845105347219,0.00761919981195246,-0.00485149955205238,0.0055275453652472994
leave_one_event_out,2024,ltmp,4235330,18-075,John Brewer Reef (18-075),2024,Central GBR,0,5.79,0.2646118463495706,0,0.45,0,3.5000000000008,0,0.0187,m,Kirrily,Cyclone Kirrily,NA,Cyclone Kirrily Kirrily,0.03762004080789553,0.03636172580261106,0.04250335500980382,0.03762004080789553,0.04250335500980382,0.03397528922131885,0.04006251319365334,0.03025784871575686,0.03762004080789553,0.03636172580261106,0.04250335500980382,0.03762004080789553,0.04250335500980382,0.03397528922131885,0.04006251319365334,0.03025784871575686,-0.004883314201908288,0,-0.004883314201908288,0.0012583150052844702,0.0023864365812922075,-0.0060872239723344865,0.009804664477896477,0.006103877086854198
leave_one_event_out,2024,manta,4068096,18-075,John Brewer Reef (18-075),2024,Central GBR,0.26174312602717364,5.79,0.2646118463495706,0,0.45,0,3.5000000000008,0,0.0187,m,Kirrily,Cyclone Kirrily,"Cyclone Kirrily, coral bleaching","Cyclone Kirrily Kirrily Cyclone Kirrily, coral bleaching",0.0514577021189545,0.0477038016803355,0.05660326347470969,0.0514577021189545,0.05660326347470969,0.04684388865216298,0.05905804694202838,0.04271595919634252,0.2102854239082191,0.21403932434683817,0.20513986255246397,0.2102854239082191,0.20513986255246397,0.21489923737501063,0.20268507908514527,0.21902716683083112,0.0051455613557551405,0,0.0051455613557551405,-0.003753900438619062,-8.599130281724543e-4,0.012214158289865357,-0.01634208774568585,-0.004987842483992949
leave_one_event_out,2024,ltmp,4222718,18-076,Helix Reef (18-076),2024,Central GBR,0.106430452853776,6.11,0.5054491943511117,0,0.5,0,1,0,0.0257,m,Kirrily,70 phys,"Cyclone Kirrily, coral bleaching","70 phys Kirrily Cyclone Kirrily, coral bleaching",0.05265480362719797,0.0491322368945967,0.06087385334308461,0.05265480362719797,0.06087385334308461,0.04498650921277997,0.02904992400939017,0.02440936912744752,0.05377564922657803,0.0572982159591793,0.04555659951069139,0.05377564922657803,0.04555659951069139,0.06144394364099603,0.07738052884438583,0.08202108372632848,0.00821904971588664,0,0.00821904971588664,-0.003522566732601269,-0.00414572768181673,-0.0159365852033898,-0.004640554881942649,-0.02472286776714918
leave_one_event_out,2024,manta,4067887,18-076,Helix Reef (18-076),2024,Central GBR,0.1797052706947009,6.11,0.5054491943511117,0,0.5,0,1,0,0.0257,m,Kirrily,Cyclone Kirrily and DHW 6.11,"Cyclone Kirrily, coral bleaching","Cyclone Kirrily and DHW 6.11 Kirrily Cyclone Kirrily, coral bleaching",0.04575009231064403,0.04959106161138285,0.05359266061054293,0.04575009231064403,0.05359266061054293,0.04198965979699358,0.02812385778182476,0.0215467576714543,0.13395517838405688,0.13011420908331806,0.12611261008415797,0.13395517838405688,0.12611261008415797,0.13771561089770734,0.1515814129128761,0.1581585130232466,0.007842568299898905,0,0.007842568299898905,0.0038409693007388224,-0.007601401814389286,-0.013865802015168766,-0.006577100110370493,-0.028044303939928544
leave_one_event_out,2024,ltmp,4226931,18-081,Knife Reef (18-081),2024,Central GBR,0.09635988962854024,6.54,0.570519458454164,0,0.4,0,9,0,0.0042,m,NA,decline 5%  disease 60 DHW 6.54 Kirrily,"coral bleaching, coral disease","decline 5%  disease 60 DHW 6.54 Kirrily  coral bleaching, coral disease",0.03015940535835059,0.03010030767300732,0.04248630769919443,0.03015940535835059,0.04248630769919443,0.02933868106544443,0.02558554539559545,0.0343490144100635,0.06620048427018965,0.06625958195553291,0.0538735819293458,0.06620048427018965,0.0538735819293458,0.0670212085630958,0.07077434423294479,0.06201087521847674,0.012326902340843854,0,0.012326902340843854,-5.909768534326232e-5,-7.616266075628902e-4,-0.0037531356698489865,0.008763469014468055,0.004248706737056178
leave_one_event_out,2024,ltmp,4237691,18-086,Chicken Reef (18-086),2024,Central GBR,0.04517456415014378,6.640000000000001,0.43773493291083154,0,0.4,0,6.48529411764706,0,0.02,NA,NA,NA,NA,NA,0.03015940535835059,0.03855734534828282,0.04248630769919443,0.03015940535835059,0.04248630769919443,0.03606423099068005,0.03223149280331763,0.03918736397430051,0.01501515879179319,0.00661721880186095,0.00268825645094934,0.01501515879179319,0.00268825645094934,0.00911033315946372,0.01294307134682615,0.00598720017584326,0.01232690234084385,0,0.01232690234084385,0.00839793998993224,-0.0024931143576027697,-0.00383273818736243,0.00695587117098289,6.300186260176904e-4
leave_one_event_out,2024,manta,4066787,18-086,Chicken Reef (18-086),2024,Central GBR,0,6.640000000000001,0.43773493291083154,0,0.4,0,6.48529411764706,0,0.02,NA,NA,NA,NA,NA,0.03288340434658299,0.03345899378191283,0.03906344707097664,0.03288340434658299,0.03906344707097664,0.03449480049440009,0.02729609564303667,0.03570800285906841,0.03288340434658299,0.03345899378191283,0.03906344707097664,0.03288340434658299,0.03906344707097664,0.03449480049440009,0.02729609564303667,0.03570800285906841,-0.006180042724393653,0,-0.006180042724393653,-5.75589435329843e-4,-0.001035806712487257,0.007198704851363421,-0.00841190721603174,-0.002249009077155577
leave_one_event_out,2024,ltmp,4234580,18-096,Davies Reef (18-096),2024,Central GBR,0,4.2700000000000005,0.30933731156813715,0,0.45,0,4.09523809523809,0.0175088650236527,0.0364,m,Kirrily,DHW 4.27,NA,DHW 4.27 Kirrily,0.04441713638819085,0.04021618617448578,0.05344376823314834,0.04441713638819085,0.05344376823314834,0.03950046158008605,0.05085590003306466,0.04121150847140793,0.04441713638819085,0.04021618617448578,0.05344376823314834,0.04441713638819085,0.05344376823314834,0.03950046158008605,0.05085590003306466,0.04121150847140793,-0.009026631844957486,0,-0.009026631844957486,0.0042009502137050694,7.157245943997317e-4,-0.011355438452978608,0.00964439156165673,-9.953222969221465e-4
leave_one_event_out,2024,manta,4068156,18-096,Davies Reef (18-096),2024,Central GBR,0,4.2700000000000005,0.30933731156813715,0,0.45,0,4.09523809523809,0.0175088650236527,0.0364,m,Kirrily,DHW 4.27,"Cyclone Kirrily, coral bleaching","DHW 4.27 Kirrily Cyclone Kirrily, coral bleaching",0.04085368952338715,0.04509893551283452,0.04921306697283144,0.04085368952338715,0.04921306697283144,0.0408757981171665,0.05154195035522164,0.04187420797421567,0.04085368952338715,0.04509893551283452,0.04921306697283144,0.04085368952338715,0.04921306697283144,0.0408757981171665,0.05154195035522164,0.04187420797421567,-0.008359377449444289,0,-0.008359377449444289,-0.004245245989447366,0.004223137395668021,-0.010666152238055143,0.00966774238100597,0.0032247275386188476
leave_one_event_out,2024,mmp,4150474,19-009c,Magnetic Island Reef (No 2) (19-009c),2024,Central GBR,0.3503963600443477,9.07,0.18275253450005705,0.996374213958009,0.4,-0.00362578604199104,0,NA,0.0197,b,NA,partial bleaching at time of surveys,coral bleaching,partial bleaching at time of surveys  coral bleaching,0.01872444187005203,0.01550456127462527,0.01591109203276322,0.01872444187005203,0.01591109203276322,0.0160134597121794,0.01112215147635855,0.02009299107434753,0.3316719181742957,0.3348917987697224,0.3344852680115845,0.3316719181742957,0.3344852680115845,0.33438290033216833,0.3392742085679892,0.3303033689700002,-0.0028133498372888144,0,-0.0028133498372888144,-0.0032198805954267162,5.088984375540839e-4,-0.004891308235820846,0.008970839597989,0.004588429799722238
leave_one_event_out,2024,mmp,4150494,19-009c,Magnetic Island Reef (No 2) (19-009c),2024,Central GBR,0.2005775744341932,9.07,0.11902635288320192,0.996374213958009,0.4,-0.00362578604199104,0,NA,0.0197,b,NA,partial bleaching at time of surveys,coral bleaching,partial bleaching at time of surveys  coral bleaching,0.01744408843866888,0.01445171578606382,0.01591109203276322,0.01744408843866888,0.01591109203276322,0.01526877401675274,0.00970265024075401,0.01848945151866979,0.18313348599552431,0.1861258586481294,0.18466648240143,0.18313348599552431,0.18466648240143,0.18530880041744047,0.1908749241934392,0.18208812291552345,-0.0015329964059056789,0,-0.0015329964059056789,-0.0029923726526050742,8.170582306889218e-4,-0.005566123775998744,0.008786801277915757,0.004037735732605935
leave_one_event_out,2024,manta,4066204,19-098,Wansfell Reef (19-098),2024,Central GBR,0.19912105097139948,3.37,0.18775765340217165,0,0.45,0,17.6666666666667,0,0,b,NA,Aerial bl 3 2024 DHW 3.37 2024 DHW 2.61 2025,coral bleaching,Aerial bl 3 2024 DHW 3.37 2024 DHW 2.61 2025  coral bleaching,0.02253656224689224,0.04314939621907352,0.02914605291160699,0.02253656224689224,0.02914605291160699,0.03766583033720949,0.02649541989592742,0.04284948868614163,0.17658448872450724,0.15597165475232597,0.1699749980597925,0.17658448872450724,0.1699749980597925,0.16145522063419,0.17262563107547207,0.15627156228525785,0.006609490664714751,0,0.006609490664714751,0.020612833972181277,-0.005483565881864022,-0.011170410441282086,0.016354068790214227,-2.999075329318812e-4
leave_one_event_out,2024,ltmp,4233078,19-131a,U/N Reef (19-131a),2024,Central GBR,0,5.82,0.15580743050357476,0,0.45,0,18.8,0.00555555569007993,0.0064,NA,NA,NA,NA,NA,0.03862583677957138,0.05488253877710203,0.04814164267922206,0.03862583677957138,0.04814164267922206,0.05529701810332189,0.06654207660238644,0.06465368338544879,0.03862583677957138,0.05488253877710203,0.04814164267922206,0.03862583677957138,0.04814164267922206,0.05529701810332189,0.06654207660238644,0.06465368338544879,-0.009515805899650676,0,-0.009515805899650676,-0.016256701997530647,-4.14479326219859e-4,-0.011245058499064549,0.0018883932169376505,-0.009771144608346757
leave_one_event_out,2024,ltmp,4233079,19-131a,U/N Reef (19-131a),2024,Central GBR,0,5.82,0.1289236137275135,0,0.45,0,18.8,0.00555555569007993,0.0064,NA,NA,NA,NA,NA,0.03862583677957138,0.05488253877710203,0.04814164267922206,0.03862583677957138,0.04814164267922206,0.05529701810332189,0.06291672461293006,0.06465368338544879,0.03862583677957138,0.05488253877710203,0.04814164267922206,0.03862583677957138,0.04814164267922206,0.05529701810332189,0.06291672461293006,0.06465368338544879,-0.009515805899650676,0,-0.009515805899650676,-0.016256701997530647,-4.14479326219859e-4,-0.007619706509608172,-0.0017369587725187263,-0.009771144608346757
leave_one_event_out,2024,manta,4067674,19-131a,U/N Reef (19-131a),2024,Central GBR,0.02128026046641708,5.82,0.15580743050357476,0,0.45,0,18.8,0.00555555569007993,0.0064,NA,NA,NA,NA,NA,0.03741852310466614,0.04888292110768233,0.04177970274760738,0.03741852310466614,0.04177970274760738,0.04928222998384754,0.05204662876274511,0.06040722973517065,0.01613826263824906,0.02760266064126524,0.02049944228119029,0.01613826263824906,0.02049944228119029,0.02800196951743045,0.03076636829632802,0.03912696926875357,-0.004361179642941228,0,-0.004361179642941228,-0.011464398003016178,-3.993088761652108e-4,-0.002764398778897569,-0.008360600972425553,-0.011524308627488333
leave_one_event_out,2024,manta,4067675,19-131a,U/N Reef (19-131a),2024,Central GBR,0,5.82,0.1289236137275135,0,0.45,0,18.8,0.00555555569007993,0.0064,NA,NA,NA,NA,NA,0.03741852310466614,0.04888292110768233,0.04177970274760738,0.03741852310466614,0.04177970274760738,0.04928222998384754,0.05356358520585836,0.0613632371591122,0.03741852310466614,0.04888292110768233,0.04177970274760738,0.03741852310466614,0.04177970274760738,0.04928222998384754,0.05356358520585836,0.0613632371591122,-0.004361179642941242,0,-0.004361179642941242,-0.011464398003016192,-3.993088761652108e-4,-0.00428135522201082,-0.007799651953253835,-0.012480316051429866
leave_one_event_out,2024,manta,4067702,19-135,Hardy Reef (19-135),2024,Central GBR,0,5.28,0.1732226800728372,0,0.4,0,16.875,0,0,NA,NA,NA,NA,NA,0.03004739345878754,0.04706584114525355,0.03580422954395756,0.03004739345878754,0.03580422954395756,0.04804318598014238,0.05100067571410646,0.064234870295547,0.03004739345878754,0.04706584114525355,0.03580422954395756,0.03004739345878754,0.03580422954395756,0.04804318598014238,0.05100067571410646,0.064234870295547,-0.005756836085170018,0,-0.005756836085170018,-0.017018447686466008,-9.773448348888297e-4,-0.0029574897339640777,-0.013234194581440546,-0.017169029150293454
leave_one_event_out,2024,ltmp,4231590,19-138,U/N Reef (19-138),2024,Central GBR,0,5.78,0.2237363080890812,0,0.45,0,21,0,0.0064,NA,NA,NA,NA,NA,0.03659553293726606,0.05561256589846802,0.0471456777123966,0.03659553293726606,0.0471456777123966,0.06051843413026866,0.06874041267639248,0.06077646667429839,0.03659553293726606,0.05561256589846802,0.0471456777123966,0.03659553293726606,0.0471456777123966,0.06051843413026866,0.06874041267639248,0.06077646667429839,-0.010550144775130534,0,-0.010550144775130534,-0.019017032961201955,-0.004905868231800642,-0.008221978546123825,0.007963946002094095,-0.005163900775830371
leave_one_event_out,2024,ltmp,4231591,19-138,U/N Reef (19-138),2024,Central GBR,0,5.78,0.19822604048299736,0,0.45,0,21,0,0.0064,NA,NA,NA,NA,NA,0.03381947955883341,0.04867739771427256,0.04316810041213314,0.03381947955883341,0.04316810041213314,0.05188979523694308,0.0569454603241319,0.05669889291079551,0.03381947955883341,0.04867739771427256,0.04316810041213314,0.03381947955883341,0.04316810041213314,0.05188979523694308,0.0569454603241319,0.05669889291079551,-0.009348620853299731,0,-0.009348620853299731,-0.014857918155439152,-0.0032123975226705168,-0.0050556650871888195,2.4656741333638904e-4,-0.008021495196522947
leave_one_event_out,2024,manta,4067379,19-138,U/N Reef (19-138),2024,Central GBR,0.1009258296179353,5.78,0.2237363080890812,0,0.45,0,21,0,0.0064,NA,NA,NA,NA,NA,0.0338699680724329,0.04670218784095917,0.04160328729734208,0.0338699680724329,0.04160328729734208,0.05521076860918998,0.05218758883143119,0.05725513958511973,0.06705586154550239,0.05422364177697612,0.05932254232059321,0.06705586154550239,0.05932254232059321,0.04571506100874531,0.0487382407865041,0.04367069003281557,0.007733319224909177,0,0.007733319224909177,0.01283221976852627,0.008508580768230807,-0.0030231797777587888,0.005067550753688532,0.01055295174416055
leave_one_event_out,2024,manta,4067380,19-138,U/N Reef (19-138),2024,Central GBR,0,5.78,0.19822604048299736,0,0.45,0,21,0,0.0064,NA,NA,NA,NA,NA,0.03314499303929864,0.04582280510825401,0.03754756326732253,0.03314499303929864,0.03754756326732253,0.04881478778705778,0.04641732865820971,0.05280521457544593,0.03314499303929864,0.04582280510825401,0.03754756326732253,0.03314499303929864,0.03754756326732253,0.04881478778705778,0.04641732865820971,0.05280521457544593,-0.004402570228023893,0,-0.004402570228023893,-0.012677812068955373,-0.0029919826788037673,0.0023974591288480687,-0.00638788591723622,-0.006982409467191919
leave_one_event_out,2024,ltmp,4227302,19-159,Slate Reef (19-159),2024,Central GBR,0.0636605992892416,8.61,0.6136352481490801,0,0.45,0,33,0.0222222227603197,0.0198,NA,NA,NA,NA,NA,0.1149086106482924,0.06710010384935429,0.13847267614140735,0.1149086106482924,0.13847267614140735,0.093238265668604825,0.10297348548271422,0.12185919179800098,0.0512480113590508,0.00343950456011268,0.07481207685216575,0.0512480113590508,0.07481207685216575,0.02957766637936322,0.03931288619347262,0.05819859250875937,-0.023564065493114947,0,-0.023564065493114947,0.04780850679893812,-0.02613816181925054,-0.009735219814109398,-0.01888570631528675,-0.05475908794864669
leave_one_event_out,2024,ltmp,4227303,19-159,Slate Reef (19-159),2024,Central GBR,0.13128332055698222,8.61,0.6586105214947701,0,0.45,0,33,0.0222222227603197,0.0198,b,NA,NA,coral bleaching,coral bleaching,0.1149086106482924,0.07538734536904595,0.13847267614140735,0.1149086106482924,0.13847267614140735,0.09907501877178378,0.1094852249902262,0.1279621817018,0.01637470990868982,0.05589597518793626,0.00718935558442512,0.01637470990868982,0.00718935558442512,0.03220830178519844,0.021798095566756,0.00332113885518223,0.009185354324264698,0,0.009185354324264698,-0.03952126527924644,0.023687673402737815,0.010410206218442443,0.018476956711573768,0.052574836332754026
leave_one_event_out,2024,manta,4067116,19-159,Slate Reef (19-159),2024,Central GBR,0,8.61,0.6136352481490801,0,0.45,0,33,0.0222222227603197,0.0198,NA,NA,NA,NA,NA,0.07642852441949784,0.04810110270792472,0.0946586495335037,0.07642852441949784,0.0946586495335037,0.06575381141276596,0.0723386768291328,0.08480186605297867,0.07642852441949784,0.04810110270792472,0.0946586495335037,0.07642852441949784,0.0946586495335037,0.06575381141276596,0.0723386768291328,0.08480186605297867,-0.01823012511400586,0,-0.01823012511400586,0.02832742171157312,-0.017652708704841237,-0.006584865416366839,-0.012463189223845872,-0.03670076334505395
leave_one_event_out,2024,manta,4067117,19-159,Slate Reef (19-159),2024,Central GBR,0.14645471025517404,8.61,0.6586105214947701,0,0.45,0,33,0.0222222227603197,0.0198,b,NA,DHW 8.61,coral bleaching,DHW 8.61  coral bleaching,0.07642852441949784,0.04810110270792472,0.0946586495335037,0.07642852441949784,0.0946586495335037,0.06575381141276596,0.0723386768291328,0.08480186605297867,0.0700261858356762,0.09835360754724932,0.05179606072167034,0.0700261858356762,0.05179606072167034,0.08070089884240808,0.07411603342604124,0.06165284420219537,0.01823012511400586,0,0.01823012511400586,-0.028327421711573125,0.017652708704841244,0.006584865416366839,0.012463189223845872,0.036700763345053955
leave_one_event_out,2024,ltmp,4228737,19-207,Hyde Reef (19-207),2024,Central GBR,0.01598408772518924,9.25,0.7162796368719883,0,0.45,0,33,0,8e-4,NA,NA,NA,NA,NA,0.16491430467030282,0.08419979939922702,0.17666105781694028,0.16491430467030282,0.17666105781694028,0.09977099470963528,0.14776933815500654,0.1645383753369513,0.14893021694511355,0.06821571167403777,0.16067697009175105,0.14893021694511355,0.16067697009175105,0.08378690698444602,0.13178525042981729,0.14855428761176204,-0.011746753146637506,0,-0.011746753146637506,0.08071450527107578,-0.01557119531040825,-0.047998343445371267,-0.01676903718194475,-0.08033857593772427
leave_one_event_out,2024,ltmp,4228738,19-207,Hyde Reef (19-207),2024,Central GBR,0.25692201562212913,9.25,0.7299065476187283,0,0.45,0,33,0,8e-4,b,NA,NA,coral bleaching,coral bleaching,0.15300172828608108,0.08152605470587172,0.17244392916092868,0.15300172828608108,0.17244392916092868,0.0949426256391649,0.1399829233637013,0.15734626976051805,0.10392028733604804,0.17539596091625742,0.08447808646120045,0.10392028733604804,0.08447808646120045,0.16197938998296424,0.11693909225842784,0.09957574586161108,0.01944220087484759,0,0.01944220087484759,-0.07147567358020938,0.013416570933293182,0.045040297724536396,0.017363346396816762,0.07582021505464634
leave_one_event_out,2024,manta,4066821,19-207,Hyde Reef (19-207),2024,Central GBR,0.05836551351214857,9.25,0.7162796368719883,0,0.45,0,33,0,8e-4,NA,NA,NA,NA,NA,0.10832809632271256,0.05919494323198813,0.12280902267682652,0.10832809632271256,0.12280902267682652,0.06964466709792909,0.09528307514198762,0.11472032630854916,0.04996258281056397,8.294297198395556e-4,0.06444350916467795,0.04996258281056397,0.06444350916467795,0.01127915358578051,0.03691756162983905,0.05635481279640059,-0.01448092635411398,0,-0.01448092635411398,0.04913315309072441,-0.010449723865940954,-0.025638408044058543,-0.019437251166561538,-0.05552538307656103
leave_one_event_out,2024,manta,4066822,19-207,Hyde Reef (19-207),2024,Central GBR,0.1937272499760806,9.25,0.7299065476187283,0,0.45,0,33,0,8e-4,b,NA,DHW 9.2 to 10.15,coral bleaching,DHW 9.2 to 10.15  coral bleaching,0.10832809632271256,0.06115458006052871,0.12280902267682652,0.10832809632271256,0.12280902267682652,0.06964466709792909,0.10192583383328134,0.11472032630854916,0.08539915365336805,0.1325726699155519,0.07091822729925407,0.08539915365336805,0.07091822729925407,0.1240825828781515,0.09180141614279926,0.07900692366753143,0.01448092635411398,0,0.01448092635411398,-0.04717351626218384,0.008490087037400382,0.03228116673535225,0.01279449247526783,0.05356574624802046
leave_one_event_out,2024,ltmp,4228045,19-209,Rebe Reef (19-209),2024,Central GBR,0.3688870700792086,11.14,0.6402774310653515,0,0.45,0,33,0,5e-4,b,NA,Aerial bl 4,coral bleaching,Aerial bl 4  coral bleaching,0.12998828542603302,0.05230484530553068,0.15577543489201923,0.12998828542603302,0.15577543489201923,0.0695956093341719,0.11048579745973149,0.12246448884123728,0.2388987846531756,0.3165822247736779,0.21311163518718937,0.2388987846531756,0.21311163518718937,0.2992914607450367,0.25840127261947715,0.24642258123797137,0.02578714946598623,0,0.02578714946598623,-0.07768344012050232,0.017290764028641215,0.04089018812555956,0.011978691381505785,0.07015964353570656
leave_one_event_out,2024,manta,4067239,19-209,Rebe Reef (19-209),2024,Central GBR,0,11.14,0.6402774310653515,0,0.45,0,33,0,5e-4,b,NA,Aerial bl 4,NA,Aerial bl 4,0.09176242875893434,0.03631608741099356,0.11338429108918673,0.09176242875893434,0.11338429108918673,0.05073445069412584,0.07693813740960552,0.08408971083906516,0.09176242875893434,0.03631608741099356,0.11338429108918673,0.09176242875893434,0.11338429108918673,0.05073445069412584,0.07693813740960552,0.08408971083906516,-0.021621862330252387,0,-0.021621862330252387,0.05544634134794078,-0.014418363283132278,-0.02620368671547968,-0.007151573429459643,-0.0477736234280716
leave_one_event_out,2024,manta,4067240,19-209,Rebe Reef (19-209),2024,Central GBR,0.2429906656982307,11.14,0.6402774310653515,0,0.45,0,33,0,5e-4,b,NA,DHW 9.3 to 11.1,coral bleaching,DHW 9.3 to 11.1  coral bleaching,0.09176242875893434,0.03763685995567683,0.11338429108918673,0.09176242875893434,0.11338429108918673,0.05073445069412584,0.07946628569854346,0.08408971083906516,0.15122823693929635,0.20535380574255385,0.12960637460904398,0.15122823693929635,0.12960637460904398,0.19225621500410484,0.16352437999968722,0.15890095485916553,0.021621862330252373,0,0.021621862330252373,-0.0541255688032575,0.013097590738449016,0.028731835004417616,0.004623425140521692,0.046452850883388325
leave_one_event_out,2024,ltmp,4233800,20-014,Hayman Island Reef (20-014),2024,Central GBR,0.01011147474511542,5.8500000000000005,0.3996552510163357,0.205780518226557,0.3,-0.25473789843137007,12,0,0,NA,NA,NA,NA,NA,0.01820805915275385,0.02615304211688341,0.01505034342471302,0.01820805915275385,0.01505034342471302,0.01810123578455165,0.02387871067099211,0.04427252690900375,0.00809658440763842,0.01604156737176798,0.00493886867959759,0.00809658440763842,0.00493886867959759,0.00798976103943622,0.01376723592587669,0.03416105216388832,0.00315771572804083,0,0.00315771572804083,-0.00794498296412956,0.008051806332331761,-0.005777474886440471,-0.020393816238011626,-0.018119484792120336
leave_one_event_out,2024,ltmp,4233801,20-014,Hayman Island Reef (20-014),2024,Central GBR,0,5.8500000000000005,0.14030141659542145,0.205780518226557,0.3,-0.25473789843137007,12,0,0,b,NA,DHW 5.85,NA,DHW 5.85,0.01397052108136792,0.02036008958976265,0.01173321247816231,0.01397052108136792,0.01173321247816231,0.01381366197801694,0.01655185958095367,0.03477888317276449,0.01397052108136792,0.02036008958976265,0.01173321247816231,0.01397052108136792,0.01173321247816231,0.01381366197801694,0.01655185958095367,0.03477888317276449,0.002237308603205611,0,0.002237308603205611,-0.006389568508394729,0.00654642761174571,-0.0027381976029367296,-0.018227023591810818,-0.014418793583001837
leave_one_event_out,2024,manta,4067315,20-014,Hayman Island Reef (20-014),2024,Central GBR,0,5.8500000000000005,0.14030141659542145,0.205780518226557,0.3,-0.25473789843137007,12,0,0,b,NA,DHW 5.85,coral bleaching,DHW 5.85  coral bleaching,0.01344394263696299,0.01999485563465615,0.01034126817429065,0.01344394263696299,0.01034126817429065,0.01397306630798425,0.01626402081312698,0.03332764984919754,0.01344394263696299,0.01999485563465615,0.01034126817429065,0.01344394263696299,0.01034126817429065,0.01397306630798425,0.01626402081312698,0.03332764984919754,0.0031026744626723394,0,0.0031026744626723394,-0.00655091299769316,0.006021789326671899,-0.0022909545051427293,-0.01706362903607056,-0.01333279421454139
leave_one_event_out,2024,mmp,4139904,20-028d,Hook Island Reef (No 4) (20-028d),2024,Central GBR,0,6.61,0.1423214731378012,0.214605554955516,0.1,-0.360890165177843,11.75,NA,9e-4,NA,NA,NA,NA,NA,0.01619478143027967,0.01786642341849709,0.0134659846294976,0.01619478143027967,0.0134659846294976,0.01411220843060556,0.00964713620840821,0.03409181940966874,0.01619478143027967,0.01786642341849709,0.0134659846294976,0.01619478143027967,0.0134659846294976,0.01411220843060556,0.00964713620840821,0.03409181940966874,0.002728796800782071,0,0.002728796800782071,-0.001671641988217419,0.0037542149878915312,0.0044650722221973495,-0.02444468320126053,-0.01622539599117165
leave_one_event_out,2024,mmp,4139918,20-028d,Hook Island Reef (No 4) (20-028d),2024,Central GBR,0,6.61,0.03849021114891813,0.214605554955516,0.1,-0.360890165177843,11.75,NA,9e-4,NA,NA,NA,NA,NA,0.02659540472654869,0.02788059020079151,0.02383512573117771,0.02659540472654869,0.02383512573117771,0.02183786305147601,0.0246435307506467,0.05244042519876438,0.02659540472654869,0.02788059020079151,0.02383512573117771,0.02659540472654869,0.02383512573117771,0.02183786305147601,0.0246435307506467,0.05244042519876438,0.002760278995370978,0,0.002760278995370978,-0.0012851854742428198,0.006042727149315499,-0.0028056676991706914,-0.027796894448117677,-0.02455983499797287
leave_one_event_out,2024,mmp,4156652,20-035a,Daydream Reef (No 1) (20-035a),2024,Central GBR,0,8.78,0.2598230662382889,0.582045224237017,0.1,-0.1913181768069775,0,NA,0.0019,NA,NA,NA,NA,NA,0.01863723241890054,0.01660633613478004,0.01626501427411442,0.01863723241890054,0.01626501427411442,0.01208112895084655,0.01292067408866119,0.02422589032153502,0.01863723241890054,0.01660633613478004,0.01626501427411442,0.01863723241890054,0.01626501427411442,0.01208112895084655,0.01292067408866119,0.02422589032153502,0.0023722181447861194,0,0.0023722181447861194,0.0020308962841204987,0.00452520718393349,-8.395451378146387e-4,-0.011305216232873831,-0.00761955418675498
leave_one_event_out,2024,mmp,4156671,20-035a,Daydream Reef (No 1) (20-035a),2024,Central GBR,0,8.78,0.3450043885487789,0.582045224237017,0.1,-0.1913181768069775,0,NA,0.0019,NA,NA,NA,NA,NA,0.01700959928935086,0.01508318662770034,0.01626501427411442,0.01700959928935086,0.01626501427411442,0.01204309883999784,0.01223453294851203,0.02282397429628346,0.01700959928935086,0.01508318662770034,0.01626501427411442,0.01700959928935086,0.01626501427411442,0.01204309883999784,0.01223453294851203,0.02282397429628346,7.445850152364396e-4,0,7.445850152364396e-4,0.0019264126616505197,0.003040087787702499,-1.914341085141897e-4,-0.01058944134777143,-0.00774078766858312
leave_one_event_out,2024,mmp,4145380,20-058a,Dent Reef (No 1) (20-058a),2024,Central GBR,0,8.46,0.04684196083012745,0.32629943114293,0,-0.3402678693695566,0,NA,0.0033,NA,NA,NA,NA,NA,0.02710934500646826,0.02925129232049207,0.0238936996334266,0.02710934500646826,0.0238936996334266,0.02337124069116852,0.04320282665493347,0.04695420376503978,0.02710934500646826,0.02925129232049207,0.0238936996334266,0.02710934500646826,0.0238936996334266,0.02337124069116852,0.04320282665493347,0.04695420376503978,0.0032156453730416597,0,0.0032156453730416597,-0.0021419473140238086,0.005880051629323549,-0.01983158596376495,-0.003751377110106313,-0.017702911444547713
leave_one_event_out,2024,mmp,4145395,20-058a,Dent Reef (No 1) (20-058a),2024,Central GBR,0,8.46,0.05247557858289701,0.32629943114293,0,-0.3402678693695566,0,NA,0.0033,NA,NA,NA,NA,NA,0.02672632861221005,0.02775082457662344,0.02471922886551413,0.02672632861221005,0.02471922886551413,0.02299530795015176,0.03890697498650292,0.04280817699923187,0.02672632861221005,0.02775082457662344,0.02471922886551413,0.02672632861221005,0.02471922886551413,0.02299530795015176,0.03890697498650292,0.04280817699923187,0.002007099746695922,0,0.002007099746695922,-0.0010244959644133897,0.004755516626471681,-0.01591166703635116,-0.0039012020127289493,-0.015057352422608427
leave_one_event_out,2024,mmp,4151714,20-061,Pine Island Reef (20-061),2024,Central GBR,0,9.17,0.05431621459248693,0.581681122802904,0,-0.26131431948144157,8,NA,0.0028,NA,NA,NA,NA,NA,0.01441919907624158,0.02597870072231962,0.01329981784753843,0.01441919907624158,0.01329981784753843,0.01488258173162489,0.01426217221973342,0.03720200453702837,0.01441919907624158,0.02597870072231962,0.01329981784753843,0.01441919907624158,0.01329981784753843,0.01488258173162489,0.01426217221973342,0.03720200453702837,0.0011193812287031493,0,0.0011193812287031493,-0.011559501646078042,0.011096118990694731,6.20409511891469e-4,-0.022939832317294948,-0.011223303814708749
leave_one_event_out,2024,mmp,4151734,20-061,Pine Island Reef (20-061),2024,Central GBR,0,9.17,0.04014192197989718,0.581681122802904,0,-0.26131431948144157,8,NA,0.0028,NA,NA,NA,NA,NA,0.01427101017512376,0.02697914186836933,0.01454466175641481,0.01427101017512376,0.01454466175641481,0.0153656466062334,0.01732770106551327,0.03626432513907988,0.01427101017512376,0.02697914186836933,0.01454466175641481,0.01427101017512376,0.01454466175641481,0.0153656466062334,0.01732770106551327,0.03626432513907988,-2.7365158129104977e-4,0,-2.7365158129104977e-4,-0.01270813169324557,0.011613495262135929,-0.001962054459279869,-0.01893662407356661,-0.00928518327071055
leave_one_event_out,2024,mmp,4146310,20-095,Seaforth Reef (20-095),2024,Central GBR,0.01502604639453262,9.47,0.05021782281804785,0.348719914826354,0.1,-0.2366546377751485,0,NA,0.0041,NA,NA,NA,NA,NA,0.01767037731260381,0.03074524693594185,0.01497105845770483,0.01767037731260381,0.01497105845770483,0.01745605990752778,0.01783848607049583,0.03637016465164242,0.00264433091807118,0.01571920054140922,5.498793682778835e-5,0.00264433091807118,5.498793682778835e-5,0.00243001351299515,0.00281243967596321,0.02134411825710979,0.0025893429812433918,0,0.0025893429812433918,-0.013074869623338039,0.013289187028414069,-3.8242616296806e-4,-0.01853167858114658,-0.005624917715700572
leave_one_event_out,2024,mmp,4146325,20-095,Seaforth Reef (20-095),2024,Central GBR,0,9.47,0,0.348719914826354,0.1,-0.2366546377751485,0,NA,0.0041,NA,NA,NA,NA,NA,0.01582725372725411,0.03026102425346353,0.01630471594449769,0.01582725372725411,0.01630471594449769,0.0170890291825851,0.01522467949666347,0.03273832003076018,0.01582725372725411,0.03026102425346353,0.01630471594449769,0.01582725372725411,0.01630471594449769,0.0170890291825851,0.01522467949666347,0.03273832003076018,-4.774622172435787e-4,0,-4.774622172435787e-4,-0.014433770526209418,0.01317199507087843,0.001864349685921628,-0.01751364053409671,-0.0024772957772966515
leave_one_event_out,2024,manta,4067753,20-104,U/N Reef (20-104),2024,Central GBR,0.05916872045396826,5.5600000000000005,0.3166147337257602,0,0.3,0,26,0,0.0038,b,NA,Aerial bl 3 2024 DHW 2024 DHW 2.52 2025,coral bleaching,Aerial bl 3 2024 DHW 2024 DHW 2.52 2025  coral bleaching,0.03743005399073428,0.05992413743224897,0.04737149817054652,0.03743005399073428,0.04737149817054652,0.0682339413181966,0.08147332511522717,0.07032762323314504,0.02173866646323398,7.554169782807083e-4,0.01179722228342174,0.02173866646323398,0.01179722228342174,0.00906522086422834,0.02230460466125891,0.01115890277917677,0.009941444179812239,0,0.009941444179812239,0.02098324948495327,-0.008309803885947632,-0.01323938379703057,0.011145701882082141,-0.010403485800896062
leave_one_event_out,2024,manta,4067754,20-104,U/N Reef (20-104),2024,Central GBR,0,5.5600000000000005,0.20685377657459916,0,0.3,0,26,0,0.0038,NA,NA,NA,NA,NA,0.02939603042765762,0.04730862245430648,0.03460500478248703,0.02939603042765762,0.03460500478248703,0.05350622388891786,0.05447650031252514,0.05327723087627967,0.02939603042765762,0.04730862245430648,0.03460500478248703,0.02939603042765762,0.03460500478248703,0.05350622388891786,0.05447650031252514,0.05327723087627967,-0.005208974354829407,0,-0.005208974354829407,-0.01791259202664886,-0.006197601434611379,-9.702764236072803e-4,0.0011992694362454731,-0.005968608421973186
leave_one_event_out,2024,manta,4067796,20-287,Credlin Reefs (East) (20-287),2024,Southern GBR,0,8.14,0.1631631572030451,0,0.45,0,14.2307692307692,0,0.0261,NA,NA,NA,NA,NA,0.02465873257134706,0.03174378411290615,0.03495986306492976,0.02465873257134706,0.03495986306492976,0.03558298147324806,0.03232525912861176,0.03341536850687717,0.02465873257134706,0.03174378411290615,0.03495986306492976,0.02465873257134706,0.03495986306492976,0.03558298147324806,0.03232525912861176,0.03341536850687717,-0.010301130493582698,0,-0.010301130493582698,-0.007085051541559088,-0.0038391973603419116,0.0032577223446362963,-0.0010901093782654109,-0.0016715843939710262
leave_one_event_out,2024,manta,4049479,20-297,Creal Reef (20-297),2024,Southern GBR,0.14353057103012326,8.370000000000001,0.2396430089858636,0,0.35,0,30,0,0.0078,NA,NA,NA,NA,NA,0.13763157904932694,0.05958532907166516,0.14901632458930028,0.13763157904932694,0.14901632458930028,0.06597488864971858,0.15883837728690833,0.12007380916412788,0.00589899198079632,0.0839452419584581,0.00548575355917702,0.00589899198079632,0.00548575355917702,0.07755568238040468,0.01530780625678507,0.02345676186599539,4.1323842161930004e-4,0,4.1323842161930004e-4,-0.07804624997766177,0.006389559578053414,0.06224787612361961,-0.008148955609210319,0.0604884800924627
leave_one_event_out,2024,manta,4066466,20-348,U/N Reef (20-348),2024,Southern GBR,0.3195506149689588,8.39,0.2769734684349537,0,0.35,0,18.0714285714286,NA,0.0303,b,NA,Aerial bl 3 2024 DHW 8.39 2024,coral bleaching,Aerial bl 3 2024 DHW 8.39 2024  coral bleaching,0.09623455899908737,0.03204942711055878,0.11230855203022012,0.09623455899908737,0.11230855203022012,0.05942142308105761,0.08808603872905876,0.08918398884686578,0.22331605596987145,0.2875011878584,0.2072420629387387,0.22331605596987145,0.2072420629387387,0.2601291918879012,0.23146457623990005,0.23036662612209305,0.016073993031132744,0,0.016073993031132744,-0.06418513188852856,0.02737199597049883,0.02866461564800113,0.0010979501178070006,0.05713456173630696
leave_one_event_out,2024,ltmp,4225567,20-351a,Pompey Reef (No 1) (20-351a),2024,Southern GBR,0.07887795268029442,8.63,0.22497349239822223,0,0.35,0,3.36,0,0,NA,NA,NA,NA,NA,0.0382620338401814,0.02802913476474826,0.05090254391846791,0.0382620338401814,0.05090254391846791,0.04526366891462279,0.05550007461574222,0.06307128568695133,0.04061591884011302,0.05084881791554616,0.0279754087618265,0.04061591884011302,0.0279754087618265,0.03361428376567162,0.02337787806455219,0.01580666699334308,0.01264051007828652,0,0.01264051007828652,-0.010232899075433136,0.01723453414987454,0.010236405701119427,0.007571211071209113,0.03504215092220308
leave_one_event_out,2024,manta,4066907,20-351a,Pompey Reef (No 1) (20-351a),2024,Southern GBR,0.07325807915336613,8.63,0.22497349239822223,0,0.35,0,3.36,0,0,NA,NA,NA,NA,NA,0.03332241287478604,0.0245680093654802,0.04417616608629794,0.03332241287478604,0.04417616608629794,0.04077307963230604,0.04654164349741585,0.05230857723590191,0.03993566627858008,0.04869006978788592,0.02908191306706819,0.03993566627858008,0.02908191306706819,0.03248499952106009,0.02671643565595027,0.02094950191746421,0.010853753211511889,0,0.010853753211511889,-0.008754403509305841,0.016205070266825827,0.0057685638651098214,0.005766933738486059,0.027740567870421708
leave_one_event_out,2024,ltmp,4223666,20-351b,Pompey Reef (No 2) (20-351b),2024,Southern GBR,0,8.63,0.26586271071453776,0,0.35,0,1.00000000000045,0,0,NA,NA,NA,NA,NA,0.03933613835197667,0.02628814942215025,0.05459627929000524,0.03933613835197667,0.05459627929000524,0.04303522983103844,0.04699635235577639,0.06345021369652874,0.03933613835197667,0.02628814942215025,0.05459627929000524,0.03933613835197667,0.05459627929000524,0.04303522983103844,0.04699635235577639,0.06345021369652874,-0.01526014093802857,0,-0.01526014093802857,0.01304798892982642,-0.01674708040888819,-0.003961122524737952,-0.01645386134075235,-0.037162064274378494
leave_one_event_out,2024,manta,4067069,20-351b,Pompey Reef (No 2) (20-351b),2024,Southern GBR,0.04145156284186047,8.63,0.26586271071453776,0,0.35,0,1.00000000000045,0,0,NA,NA,NA,NA,NA,0.0369938997453379,0.02478662952206732,0.04934873108881487,0.0369938997453379,0.04934873108881487,0.04235598806925566,0.04157047282491713,0.05734870424150221,0.00445766309652256,0.01666493331979314,0.0078971682469544,0.00445766309652256,0.0078971682469544,9.044252273951932e-4,1.1890998305666424e-4,0.01589714139964174,-0.0034395051504318395,0,-0.0034395051504318395,-0.01220727022327058,0.015760508092397946,7.85515244338529e-4,-0.015778231416585076,7.677919201513998e-4
leave_one_event_out,2024,manta,4066856,20-353,U/N Reef (20-353),2024,Southern GBR,0.18809007889069235,8.51,0.28257324232113723,0,0.35,0,15.5555555555556,NA,0.0051,b,NA,DHW 8.51,coral bleaching,DHW 8.51  coral bleaching,0.10876541864592217,0.03644645417086857,0.11811227969380074,0.10876541864592217,0.11811227969380074,0.04749899103728495,0.07128430195304067,0.07505045969641205,0.07932466024477018,0.1516436247198238,0.06997779919689161,0.07932466024477018,0.06997779919689161,0.1405910878534074,0.11680577693765168,0.1130396191942803,0.009346861047878574,0,0.009346861047878574,-0.07231896447505361,0.011052536866416385,0.023785310915755725,0.0037661577433713844,0.038604005525543494
leave_one_event_out,2024,manta,4067591,20-354,U/N Reef (20-354),2024,Southern GBR,0.14510858480817607,8.24,0.2798883931931086,0,0.35,0,0,NA,0.0216,b,NA,DHW 8.25,coral bleaching,DHW 8.25  coral bleaching,0.1241086764506455,0.04203720856437577,0.15216957162172193,0.1241086764506455,0.15216957162172193,0.05933790638898287,0.07870634924651292,0.08066323612634217,0.02099990835753057,0.1030713762438003,0.00706098681354586,0.02099990835753057,0.00706098681354586,0.0857706784191932,0.06640223556166315,0.0644453486818339,0.013938921543984708,0,0.013938921543984708,-0.08207146788626973,0.01730069782460711,0.019368442857530047,0.001956886879829256,0.03862602756196641
leave_one_event_out,2024,ltmp,4223966,21-025,Penrith Reef (21-025),2024,Southern GBR,0,8.25,0.02455375498852522,0,0.4,0,4,0,0,NA,NA,NA,NA,NA,0.01668056072945501,0.02743919680458961,0.02450728196327934,0.01668056072945501,0.02450728196327934,0.03293523221194063,0.0200836615376235,0.03537181794009042,0.01668056072945501,0.02743919680458961,0.02450728196327934,0.01668056072945501,0.02450728196327934,0.03293523221194063,0.0200836615376235,0.03537181794009042,-0.00782672123382433,0,-0.00782672123382433,-0.010758636075134598,-0.005496035407351017,0.012851570674317126,-0.015288156402466922,-0.007932621135500813
leave_one_event_out,2024,manta,4067168,21-025,Penrith Reef (21-025),2024,Southern GBR,0.4209413337751398,8.25,0.02455375498852522,0,0.4,0,4,0,0,NA,NA,NA,NA,NA,0.02106239966470588,0.03127054888867962,0.03022657916049484,0.02106239966470588,0.03022657916049484,0.04343334525533925,0.02627984586158686,0.04415087590187921,0.399878934110434,0.38967078488646023,0.39071475461464505,0.399878934110434,0.39071475461464505,0.3775079885198006,0.394661487913553,0.37679045787326065,0.00916417949578896,0,0.00916417949578896,0.010208149223973784,0.012162796366659623,-0.01715349939375238,0.017871030040292335,0.012880327013199577
leave_one_event_out,2024,ltmp,4224277,21-060,U/N Reef (21-060),2024,Southern GBR,0,8.99,0.4194754038758102,0,0.4,0,1,0,0,NA,NA,NA,NA,NA,0.03750208704988585,0.02459282297905797,0.04741176279878321,0.03750208704988585,0.04741176279878321,0.03532979826942138,0.02861446797814634,0.04048562740030331,0.03750208704988585,0.02459282297905797,0.04741176279878321,0.03750208704988585,0.04741176279878321,0.03532979826942138,0.02861446797814634,0.04048562740030331,-0.00990967574889736,0,-0.00990967574889736,0.012909264070827878,-0.010736975290363406,0.006715330291275037,-0.011871159422156968,-0.015892804421245337
leave_one_event_out,2024,manta,4067141,21-060,U/N Reef (21-060),2024,Southern GBR,0.3164588026273036,8.99,0.4194754038758102,0,0.4,0,1,0,0,NA,NA,NA,NA,NA,0.04892330225764738,0.03358984686924821,0.06060008941264189,0.04892330225764738,0.06060008941264189,0.04736327828732658,0.04146305886522615,0.05359166526003926,0.26753550036965623,0.2828689557580554,0.2558587132146617,0.26753550036965623,0.2558587132146617,0.269095524339977,0.2749957437620774,0.2628671373672643,0.011676787154994539,0,0.011676787154994539,-0.015333455388399142,0.013773431418078352,-0.0059002194221003945,0.012128606394813113,0.02000181839079107
leave_one_event_out,2024,manta,4066917,21-062,U/N Reef (21-062),2024,Southern GBR,0.2163631144836532,8.21,0.28973125972355407,0,0.35,0,9.16666666666667,0,0,b,NA,Aerial bl 4 2024 DHW 8.21 2024,coral bleaching,Aerial bl 4 2024 DHW 8.21 2024  coral bleaching,0.04026625270504488,0.02070708723800546,0.05331777347355099,0.04026625270504488,0.05331777347355099,0.03613439060923211,0.03910279106483716,0.05565515623854168,0.17609686177860834,0.19565602724564776,0.16304534101010223,0.17609686177860834,0.16304534101010223,0.18022872387442113,0.17726032341881606,0.16070795824511155,0.013051520768506103,0,0.013051520768506103,-0.019559165467039424,0.015427303371226636,0.0029684004556050636,0.01655236517370451,0.03494806900053621
leave_one_event_out,2024,manta,4067305,21-064,U/N Reef (21-064),2024,Southern GBR,0,8.82,0.30248149893283544,0,0.4,0,2.66666666666667,0,0,b,NA,Aerial bl 3 2024 DHW 8.82 2024,coral bleaching,Aerial bl 3 2024 DHW 8.82 2024  coral bleaching,0.03549962437588429,0.0199000025982,0.04579147720870626,0.03549962437588429,0.04579147720870626,0.03624850793788591,0.03208971796007576,0.04876732416091194,0.03549962437588429,0.0199000025982,0.04579147720870626,0.03549962437588429,0.04579147720870626,0.03624850793788591,0.03208971796007576,0.04876732416091194,-0.010291852832821968,0,-0.010291852832821968,0.01559962177768429,-0.016348505339685907,0.004158789977810148,-0.01667760620083618,-0.028867321562711937
leave_one_event_out,2024,ltmp,4223046,21-139,U/N Reef (21-139),2024,Southern GBR,0.17477970140301632,8.6,0.161084953587778,0,0.4,0,1,0.00833333345750968,0.0335,NA,NA,NA,NA,NA,0.18425015272821507,0.06741716332632865,0.20484169151058668,0.18425015272821507,0.20484169151058668,0.0899209594583555,0.13525772058785743,0.14236733805990287,0.00947045132519874,0.10736253807668768,0.03006199010757035,0.00947045132519874,0.03006199010757035,0.08485874194466082,0.0395219808151589,0.03241236334311345,-0.020591538782371608,0,-0.020591538782371608,-0.09789208675148894,0.022503796132026854,0.045336761129501926,0.00710961747204545,0.07495017473357424
leave_one_event_out,2024,manta,4067086,21-139,U/N Reef (21-139),2024,Southern GBR,0.21994377052766945,8.6,0.161084953587778,0,0.4,0,1,0.00833333345750968,0.0335,NA,NA,NA,NA,NA,0.11290828694409726,0.04355167243712744,0.13825934213325802,0.11290828694409726,0.13825934213325802,0.05801749782219836,0.08629313766253122,0.08640225546262906,0.10703548358357216,0.17639209809054196,0.0816844283944114,0.10703548358357216,0.0816844283944114,0.16192627270547105,0.1336506328651382,0.13354151506504036,0.025351055189160768,0,0.025351055189160768,-0.0693566145069698,0.014465825385070907,0.02827563984033285,1.09117800097841e-4,0.0428505830255016
leave_one_event_out,2024,ltmp,4224936,21-187,U/N Reef (21-187),2024,Southern GBR,0.16372669436792,7.25,0.3136770924524844,0,0.4,0,0,0.420531406998634,0,b,NA,decline following bleaching,coral bleaching,decline following bleaching  coral bleaching,0.3143236276101739,0.1343535979088587,0.3321099773351129,0.3143236276101739,0.3321099773351129,0.16958798341928744,0.2376096346772547,0.26234422846936406,0.1505969332422539,0.0293730964590613,0.16838328296719288,0.1505969332422539,0.16838328296719288,0.00586128905136743,0.07388294030933473,0.09861753410144404,-0.017786349724938977,0,-0.017786349724938977,0.1212238367831926,0.02351180740769387,-0.0680216512579673,-0.024734593792109308,-0.06924443764238274
leave_one_event_out,2024,manta,4066635,21-187,U/N Reef (21-187),2024,Southern GBR,0.44183377601544943,7.25,0.3136770924524844,0,0.4,0,0,0.420531406998634,0,b,NA,decline following bleaching,NA,decline following bleaching,0.18864838763679556,0.08650082346456149,0.22439781302305437,0.18864838763679556,0.22439781302305437,0.11036581113484475,0.15114431886214608,0.16603695112018402,0.2531853883786539,0.3553329525508879,0.2174359629923951,0.2531853883786539,0.2174359629923951,0.3314679648806047,0.29068945715330335,0.2757968248952654,0.035749425386258804,0,0.035749425386258804,-0.10214756417223403,0.023864987670283222,0.04077850772730135,0.014892632258037941,0.07953612765562251
leave_one_event_out,2024,manta,4067277,21-245,U/N Reef (21-245),2024,Southern GBR,0.14277996567627907,6.22,0.17480474460241177,0,0.5,0,7,0.0325203239917755,0.0361,NA,NA,NA,NA,NA,0.06042414263880739,0.02934127425582806,0.0678805490546061,0.06042414263880739,0.0678805490546061,0.03584111611272215,0.01416269528826511,0.02286184824552482,0.08235582303747169,0.113438691420451,0.07489941662167297,0.08235582303747169,0.07489941662167297,0.10693884956355693,0.12861727038801396,0.11991811743075424,0.007456406415798714,0,0.007456406415798714,-0.031082868382979315,0.006499841856894076,-0.021678420824457034,0.008699152957259718,-0.006479426010303241
leave_one_event_out,2024,manta,4067278,21-245,U/N Reef (21-245),2024,Southern GBR,0.06671505324129029,6.22,0.19722631201351185,0,0.5,0,7,0.0325203239917755,0.0361,b,NA,DHW 6.56 0.03 COTS per tow,coral bleaching,DHW 6.56 0.03 COTS per tow  coral bleaching,0.06042414263880739,0.02934127425582806,0.0678805490546061,0.06042414263880739,0.0678805490546061,0.03584111611272215,0.0139359772241586,0.02286184824552482,0.0062909106024829,0.03737377898546222,0.0011654958133158,0.0062909106024829,0.0011654958133158,0.03087393712856814,0.05277907601713169,0.04385320499576546,0.0051254147891671,0,0.0051254147891671,-0.03108286838297932,0.006499841856894083,-0.021905138888563554,0.00892587102136623,-0.006479426010303241
leave_one_event_out,2024,manta,4049349,21-296,U/N Reef (21-296),2024,Southern GBR,0,6.8500000000000005,0.2073805916775587,0.0257730235339691,1,0.0257730235339691,5.83333333333333,NA,0.0421,b,NA,Aerial bl 5 2024 DHW 6.85 2024,coral bleaching,Aerial bl 5 2024 DHW 6.85 2024  coral bleaching,0.10286393651036864,0.0365328242605402,0.1033193101720785,0.10286393651036864,0.1033193101720785,0.0427047606461829,0.01516126213828058,0.02242776444402332,0.10286393651036864,0.0365328242605402,0.1033193101720785,0.10286393651036864,0.1033193101720785,0.0427047606461829,0.01516126213828058,0.02242776444402332,-4.553736617098625e-4,0,-4.553736617098625e-4,0.06633111224982843,-0.006171936385642701,0.02754349850790232,-0.007266502305742741,0.014105059816516878
leave_one_event_out,2024,ltmp,4238621,21-305,East Cay Reef (21-305),2024,Southern GBR,0.17436133243673674,7.67,0.209397721527752,0.0429008331167437,1,0.0429008331167437,4,NA,0.0421,b,NA,Aerial bl 5 2024 DHW 7.67,NA,Aerial bl 5 2024 DHW 7.67,0.22908580618259783,0.0723194612701207,0.21621032870939536,0.22908580618259783,0.21621032870939536,0.07783651264804,0.03872961579106544,0.04148564010311238,0.05472447374586112,0.10204187116661605,0.04184899627265864,0.05472447374586112,0.04184899627265864,0.09652481978869674,0.1356317166456713,0.13287569233362434,0.01287547747320248,0,0.01287547747320248,-0.04731739742075493,0.005517051377919302,-0.03910689685697456,0.0027560243120469674,-0.030833821167008293
leave_one_event_out,2024,ltmp,4238622,21-305,East Cay Reef (21-305),2024,Southern GBR,0.19028260394560065,7.67,0.21688656916806204,0.0429008331167437,1,0.0429008331167437,4,NA,0.0421,b,NA,DHW 7.67 mass loss of SC,coral bleaching,DHW 7.67 mass loss of SC  coral bleaching,0.22308250730823304,0.07488861049748644,0.2101715062119132,0.22308250730823304,0.2101715062119132,0.08018756585793758,0.03280144340098488,0.04246840264606274,0.03279990336263239,0.1153939934481142,0.01988890226631254,0.03279990336263239,0.01988890226631254,0.11009503808766306,0.15748116054461575,0.1478142012995379,0.012911001096319846,0,0.012911001096319846,-0.08259409008548181,0.005298955360451135,-0.04738612245695269,0.00966695924507785,-0.0324202078514237
leave_one_event_out,2024,manta,4284380,21-305,East Cay Reef (21-305),2024,Southern GBR,0.2779171356313509,7.67,0.21688656916806204,0.0429008331167437,1,0.0429008331167437,4,NA,0.0421,b,NA,Aerial bl 5 2024 DHW 7.67,coral bleaching,Aerial bl 5 2024 DHW 7.67  coral bleaching,0.14649430943699368,0.04689628178113128,0.14267202006145352,0.14649430943699368,0.14267202006145352,0.05535082610184001,0.0179857608670013,0.02581362950668127,0.13142282619435722,0.2310208538502196,0.13524511556989738,0.13142282619435722,0.13524511556989738,0.2225663095295109,0.2599313747643496,0.25210350612466964,-0.003822289375540161,0,-0.003822289375540161,-0.09959802765586237,0.00845454432070869,-0.03736506523483868,0.007827868639679936,-0.021082652274450053
leave_one_event_out,2024,ltmp,4183353,21-529,U/N Reef (21-529),2024,Southern GBR,0.07120233399391916,7.19,0.38615538690823586,0,0.5,0,0,0,0,b,NA,Aerial bl 5 2024 DHW 7.19 2024,coral bleaching,Aerial bl 5 2024 DHW 7.19 2024  coral bleaching,0.20117747086662613,0.09329397116900384,0.21589083353347047,0.20117747086662613,0.21589083353347047,0.11103868250286644,0.05792782684952319,0.08920066220858665,0.12997513687270695,0.02209163717508466,0.14468849953955132,0.12997513687270695,0.14468849953955132,0.03983634850894727,0.01327450714439597,0.01799832821466748,-0.014713362666844365,0,-0.014713362666844365,0.10788349969762229,-0.017744711333862608,0.026561841364551295,-0.004723821070271509,0.00409330896041718
leave_one_event_out,2024,manta,3989168,21-529,U/N Reef (21-529),2024,Southern GBR,0.3674510897264907,7.19,0.38615538690823586,0,0.5,0,0,0,0,b,NA,Aerial bl 5 2024 DHW 7.19 2024,coral bleaching,Aerial bl 5 2024 DHW 7.19 2024  coral bleaching,0.11988049712239736,0.06267196441576278,0.14291196633718586,0.11988049712239736,0.14291196633718586,0.07338591863737118,0.0364559084872814,0.05487675045932481,0.24757059260409336,0.3047791253107279,0.22453912338930485,0.24757059260409336,0.22453912338930485,0.29406517108911956,0.3309951812392093,0.3125743392671659,0.02303146921478852,0,0.02303146921478852,-0.05720853270663456,0.010713954221608368,-0.03693001015008973,0.01842084197204341,-0.007795213956437952
leave_one_event_out,2024,manta,4284566,21-550,U/N Reef (21-550),2024,Southern GBR,0.3105929180461531,7.85,0.22806223341999204,0.023349571128696,1,0.023349571128696,0,0.526315808296204,0.1427,NA,NA,NA,NA,NA,0.0966256290891588,0.04585535161650359,0.09999605391535676,0.0966256290891588,0.09999605391535676,0.04884486665929628,0.02343232602687869,0.02881188828877048,0.21396728895699427,0.2647375664296495,0.2105968641307963,0.21396728895699427,0.2105968641307963,0.2617480513868568,0.2871605920192744,0.2817810297573826,0.003370424826197954,0,0.003370424826197954,-0.05077027747265525,0.002989515042792712,-0.025412540632417602,0.00537956226189179,-0.0170434633277331
leave_one_event_out,2024,ltmp,4184037,21-556,Gannett Cay Reef (21-556),2024,Southern GBR,0.01898982005665171,8.47,0.01612053627624607,0.0454545468091965,1,0.0454545468091965,0,0,0.0144,b,NA,DHW 8.47,coral bleaching,DHW 8.47  coral bleaching,0.03002156182718351,0.01746690428412642,0.03537159749897274,0.03002156182718351,0.03537159749897274,0.02721292601824647,0.00300770856542603,0.01231360329273447,0.01103174177053179,0.00152291577252529,0.01638177744232102,0.01103174177053179,0.01638177744232102,0.00822310596159476,0.01598211149122568,0.00667621676391723,-0.00535003567178923,0,-0.00535003567178923,0.0095088259980065,-0.00670019018906947,-0.007759005529630918,0.009305894727308448,-0.00515330099139194
leave_one_event_out,2024,manta,4284599,21-556,Gannett Cay Reef (21-556),2024,Southern GBR,0,8.47,0.01612053627624607,0.0454545468091965,1,0.0454545468091965,0,0,0.0144,b,NA,DHW 8.47,coral bleaching,DHW 8.47  coral bleaching,0.02898313085648404,0.01841295902150683,0.03191271369926136,0.02898313085648404,0.03191271369926136,0.02641451505351262,0.00404948253429461,0.01255919798198916,0.02898313085648404,0.01841295902150683,0.03191271369926136,0.02898313085648404,0.03191271369926136,0.02641451505351262,0.00404948253429461,0.01255919798198916,-0.00292958284277732,0,-0.00292958284277732,0.010570171834977209,-0.00800155603200579,0.02236503251921801,-0.008509715447694549,0.005853761039517671
leave_one_event_out,2024,ltmp,4224607,21-558,U/N Reef (21-558),2024,Southern GBR,0.06769401672425976,7.54,0.07481468055436158,0.0448146287353424,1,0.0448146287353424,2.2,0.0775834644834201,0.0275,NA,NA,NA,NA,NA,0.15979167181045617,0.05506505815456274,0.14706114175324914,0.15979167181045617,0.14706114175324914,0.05538846154691222,0.02152410638698261,0.03593704475673785,0.0920976550861964,0.01262895856969701,0.07936712502898938,0.0920976550861964,0.07936712502898938,0.01230555517734753,0.04616991033727714,0.03175697196752191,0.01273053005720702,0,0.01273053005720702,0.07946869651649939,3.234033923494792e-4,-0.03386435515992961,0.014412938369755227,-0.019128013397824904
leave_one_event_out,2024,ltmp,4224608,21-558,U/N Reef (21-558),2024,Southern GBR,0.1884063959137199,7.54,0.1629579657459985,0.0448146287353424,1,0.0448146287353424,2.2,0.0775834644834201,0.0275,b,NA,NA,coral bleaching,coral bleaching,0.16206040818767514,0.0599017242987943,0.14935595961643156,0.16206040818767514,0.14935595961643156,0.05633603098748389,0.02386086014659901,0.03593704475673785,0.02634598772604479,0.12850467161492565,0.03905043629728838,0.02634598772604479,0.03905043629728838,0.13207036492623603,0.16454553576712092,0.1524693511569821,-0.01270444857124359,0,-0.01270444857124359,-0.10215868388888086,-0.003565693311310375,-0.03247517084088489,0.012076184610138818,-0.023964679542056444
leave_one_event_out,2024,manta,4284588,21-558,U/N Reef (21-558),2024,Southern GBR,0.25960430422350816,7.54,0.07481468055436158,0.0448146287353424,1,0.0448146287353424,2.2,0.0775834644834201,0.0275,NA,NA,NA,NA,NA,0.12201593111880156,0.04101908726634254,0.12187667372350632,0.12201593111880156,0.12187667372350632,0.05317378913390214,0.01731602997308779,0.02664744363238647,0.1375883731047066,0.2185852169571656,0.13772763050000186,0.1375883731047066,0.13772763050000186,0.20643051508960605,0.2422882742504204,0.2329568605911217,-1.3925739529527248e-4,0,-1.3925739529527248e-4,-0.080996843852459,0.012154701867559542,-0.03585775916081435,0.00933141365929871,-0.0143716436339561
leave_one_event_out,2024,manta,4284589,21-558,U/N Reef (21-558),2024,Southern GBR,0,7.54,0.1629579657459985,0.0448146287353424,1,0.0448146287353424,2.2,0.0775834644834201,0.0275,b,NA,DHW 7.24 to 8.27,coral bleaching,DHW 7.24 to 8.27  coral bleaching,0.1234708196968816,0.04610818043861069,0.12205727459675247,0.1234708196968816,0.12205727459675247,0.05373260682789416,0.01959612271865565,0.0275126836956217,0.1234708196968816,0.04610818043861069,0.12205727459675247,0.1234708196968816,0.12205727459675247,0.05373260682789416,0.01959612271865565,0.0275126836956217,0.0014135451001291294,0,0.0014135451001291294,0.07736263925827092,-0.00762442638928347,0.03413648410923851,-0.00791656097696605,0.01859549674298899
leave_one_event_out,2024,ltmp,4232334,21-562,Turner Reef (21-562),2024,Southern GBR,0.10489837425504042,9.27,0.12813436740046336,0.0455957978304078,1,0.0455957978304078,0,0,0.0207,NA,NA,NA,NA,NA,0.14888510354601167,0.06046655973832471,0.14058706855279066,0.14888510354601167,0.14058706855279066,0.06332551566701983,0.02329628697394982,0.03560717968854895,0.04398672929097125,0.04443181451671571,0.03568869429775023,0.04398672929097125,0.03568869429775023,0.04157285858802059,0.0816020872810906,0.06929119456649147,0.008298034993221022,0,0.008298034993221022,-4.4508522574446263e-4,0.002858955928695124,-0.04002922869307001,0.012310892714599134,-0.024859380049775753
leave_one_event_out,2024,ltmp,4232335,21-562,Turner Reef (21-562),2024,Southern GBR,0,9.27,0.08656072859991064,0.0455957978304078,1,0.0455957978304078,0,0,0.0207,b,NA,NA,coral bleaching,coral bleaching,0.1448665086618422,0.05351036964699751,0.13544963364920087,0.1448665086618422,0.13544963364920087,0.06220799178327623,0.02007898746095511,0.03523137341443261,0.1448665086618422,0.05351036964699751,0.13544963364920087,0.1448665086618422,0.13544963364920087,0.06220799178327623,0.02007898746095511,0.03523137341443261,0.009416875012641324,0,0.009416875012641324,0.09135613901484468,-0.00869762213627872,0.042129004322321126,-0.0151523859534775,0.018278996232564904
leave_one_event_out,2024,manta,4284698,21-562,Turner Reef (21-562),2024,Southern GBR,0.3153081782272817,9.27,0.12813436740046336,0.0455957978304078,1,0.0455957978304078,0,0,0.0207,NA,NA,NA,NA,NA,0.12958605737502102,0.04604257770147117,0.1204373555665668,0.12958605737502102,0.1204373555665668,0.05858994094059942,0.02042750012956695,0.0293882145452993,0.18572212085226067,0.2692656005258105,0.1948708226607149,0.18572212085226067,0.1948708226607149,0.25671823728668225,0.29488067809771473,0.28591996368198236,-0.00914870180845423,0,-0.00914870180845423,-0.08354347967354983,0.01254736323912825,-0.03816244081103248,0.008960714415732374,-0.01665436315617186
leave_one_event_out,2024,manta,4284699,21-562,Turner Reef (21-562),2024,Southern GBR,0,9.27,0.08656072859991064,0.0455957978304078,1,0.0455957978304078,0,0,0.0207,b,NA,DHW 8.65 to 9.27,coral bleaching,DHW 8.65 to 9.27  coral bleaching,0.099581518441905,0.03658121144071042,0.09241399494385406,0.099581518441905,0.09241399494385406,0.04263471062711489,0.01186404915352932,0.02351163564575336,0.099581518441905,0.03658121144071042,0.09241399494385406,0.099581518441905,0.09241399494385406,0.04263471062711489,0.01186404915352932,0.02351163564575336,0.007167523498050943,0,0.007167523498050943,0.06300030700119458,-0.006053499186404465,0.030770661473585568,-0.01164758649222404,0.013069575794957062
leave_one_event_out,2024,ltmp,4180542,21-588,Wade Reef (21-588),2024,Southern GBR,0,9.33,0.31761851319151824,0.0454545468091965,1,0.0454545468091965,0,0,0.0124,b,NA,hc increase but sc decline,coral bleaching,hc increase but sc decline  coral bleaching,0.0928953535658789,0.04980725706331038,0.09247109223217656,0.0928953535658789,0.09247109223217656,0.06275044066780486,0.0221820143380805,0.03735343779390488,0.0928953535658789,0.04980725706331038,0.09247109223217656,0.0928953535658789,0.09247109223217656,0.06275044066780486,0.0221820143380805,0.03735343779390488,4.2426133370233876e-4,0,4.2426133370233876e-4,0.04308809650256852,-0.01294318360449448,0.04056842632972436,-0.015171423455824382,0.012453819269405496
leave_one_event_out,2024,manta,3989106,21-588,Wade Reef (21-588),2024,Southern GBR,0.00629080401453635,9.33,0.31761851319151824,0.0454545468091965,1,0.0454545468091965,0,0,0.0124,b,NA,Aerial bl 4 2024  DHW 9.57 2024,coral bleaching,Aerial bl 4 2024  DHW 9.57 2024  coral bleaching,0.0636170720971497,0.03530351523894935,0.0634968885449761,0.0636170720971497,0.0634968885449761,0.04729602651295139,0.01372970068968704,0.02459914714117833,0.05732626808261334,0.029012711224413,0.05720608453043974,0.05732626808261334,0.05720608453043974,0.04100522249841504,0.00743889667515069,0.01830834312664197,1.2018355217360138e-4,0,1.2018355217360138e-4,0.02831355685820034,-0.01199251127400204,0.03356632582326435,-0.01086944645149128,0.01070436809777103
leave_one_event_out,2024,ltmp,4223356,21-591,U/N Reef (21-591),2024,Southern GBR,0,8.13,0.3441447761193373,0,0.35,0,4,0,0,NA,NA,NA,NA,NA,0.04412620013997457,0.03255265970273241,0.05320160397505458,0.04412620013997457,0.05320160397505458,0.04500177357218189,0.04292840079474175,0.05859444172346803,0.04412620013997457,0.03255265970273241,0.05320160397505458,0.04412620013997457,0.05320160397505458,0.04500177357218189,0.04292840079474175,0.05859444172346803,-0.009075403835080008,0,-0.009075403835080008,0.01157354043724216,-0.012449113869449475,0.002073372777440137,-0.015666040928726283,-0.02604178202073562
leave_one_event_out,2024,manta,4067531,21-591,U/N Reef (21-591),2024,Southern GBR,0,8.13,0.3441447761193373,0,0.35,0,4,0,0,NA,NA,NA,NA,NA,0.03750717454746694,0.03016380205398331,0.04679296066619311,0.03750717454746694,0.04679296066619311,0.04446364606292303,0.03812235986107461,0.04939442389619539,0.03750717454746694,0.03016380205398331,0.04679296066619311,0.03750717454746694,0.04679296066619311,0.04446364606292303,0.03812235986107461,0.04939442389619539,-0.009285786118726172,0,-0.009285786118726172,0.007343372493483626,-0.01429984400893972,0.0063412862018484215,-0.01127206403512078,-0.019230621842212078
leave_one_event_out,2024,mmp,4140753,22-009,Barren Island Reef (22-009),2024,Southern GBR,0.17115624670633436,11.06,0.53129173943683,1,0.55,0,0,NA,NA,b,NA,further decline as a result of bleaching in 2024,coral bleaching,further decline as a result of bleaching in 2024  coral bleaching,0.0352887428555085,0.03751744373198788,0.02930785520013242,0.0352887428555085,0.02930785520013242,0.02938095569669444,0.01538197758494974,0.02590207975994957,0.13586750385082583,0.1336388029743465,0.14184839150620193,0.13586750385082583,0.14184839150620193,0.14177529100963993,0.15577426912138462,0.1452541669463848,-0.005980887655376105,0,-0.005980887655376105,0.0022287008764793337,-0.008136488035293432,-0.013998978111744692,0.010520102174999824,-0.0116153639720383
leave_one_event_out,2024,mmp,4140754,22-009,Barren Island Reef (22-009),2024,Southern GBR,0.5607580187998068,11.06,0.8432966093606045,1,0.55,0,0,NA,NA,b,NA,bleaching still evident at time of surveys,coral bleaching,bleaching still evident at time of surveys  coral bleaching,0.03253766748860735,0.04006187502831948,0.02811372747452235,0.03253766748860735,0.02811372747452235,0.03093804686254563,0.01785832008290411,0.02471989858213905,0.5282203513111995,0.5206961437714873,0.5326442913252845,0.5282203513111995,0.5326442913252845,0.5298199719372612,0.5428996987169027,0.5360381202176677,-0.0044239400140849705,0,-0.0044239400140849705,0.007524207539712169,-0.00912382816577384,-0.013079726779641532,0.006861578499234966,-0.015341976446180405
leave_one_event_out,2024,mmp,4140772,22-009,Barren Island Reef (22-009),2024,Southern GBR,0.2354543608301246,11.06,0.9188685148426852,1,0.55,0,0,NA,NA,b,NA,further decline as a result of bleaching in 2024,coral bleaching,further decline as a result of bleaching in 2024  coral bleaching,0.03056164425068299,0.03747784028597504,0.02811372747452235,0.03056164425068299,0.02811372747452235,0.02951213025776067,0.01589089041378047,0.02277257364911016,0.2048927165794416,0.1979765205441496,0.20734063335560227,0.2048927165794416,0.20734063335560227,0.2059422305723639,0.21956347041634416,0.21268178718101444,-0.002447916776160658,0,-0.002447916776160658,0.006916196035292005,-0.007965710028214307,-0.013621239843980254,0.0068816832353297275,-0.014705266636864833
leave_one_event_out,2024,mmp,4140773,22-009,Barren Island Reef (22-009),2024,Southern GBR,0.1182622800359385,11.06,0.9329570973491906,1,0.55,0,0,NA,NA,b,NA,bleaching still evident at time of surveys,coral bleaching,bleaching still evident at time of surveys  coral bleaching,0.03056164425068299,0.03747784028597504,0.02811372747452235,0.03056164425068299,0.02811372747452235,0.02951213025776067,0.01589089041378047,0.02277257364911016,0.0877006357852555,0.08078443974996347,0.09014855256141616,0.0877006357852555,0.09014855256141616,0.08875014977817783,0.10237138962215804,0.09548970638682834,-0.002447916776160658,0,-0.002447916776160658,0.006916196035292033,-0.007965710028214362,-0.013621239843980212,0.0068816832353297,-0.014705266636864875
leave_one_event_out,2024,manta,4284476,22-084,U/N Reef (22-084),2024,Southern GBR,0.2971606639822993,8.47,0.10148678379186,0.0454545468091965,1,0.0454545468091965,0,0,0.0144,NA,NA,NA,NA,NA,0.02957234237904026,0.01964458205905701,0.03094627304130686,0.02957234237904026,0.03094627304130686,0.02750483684802903,0.0040913252515002,0.01170605303755444,0.267588321603259,0.2775160819232423,0.2662143909409924,0.267588321603259,0.2662143909409924,0.2696558271342703,0.2930693387307991,0.28545461094474484,0.001373930662266598,0,0.001373930662266598,-0.00992776031998327,0.00786025478897201,-0.023413511596528824,0.007614727786054265,-0.00793852902150255
leave_one_event_out,2024,manta,4284672,22-088a,U/N Reef (22-088a),2024,Southern GBR,0.3397865462448271,7.58,0.2864416104796866,0,0.5,0,0,0.0918367356061935,0.1239,b,NA,DHW 7.58,coral bleaching,DHW 7.58  coral bleaching,0.10647071120856144,0.04984971717542476,0.11300069033397628,0.10647071120856144,0.11300069033397628,0.05950253316465104,0.02711341925017458,0.04153194204690155,0.23331583503626568,0.2899368290694024,0.2267858559108508,0.23331583503626568,0.2267858559108508,0.2802840130801761,0.31267312699465255,0.2982546041979256,0.006529979125414892,0,0.006529979125414892,-0.056620994033136696,0.009652815989226293,-0.032389113914476464,0.014418522796726951,-0.00831777512852322
leave_one_event_out,2024,ltmp,4186339,22-102,Chinaman Reef (22-102),2024,Southern GBR,0.1549831580635079,9.41,0.14325013683013463,0.0454545468091965,1,0.0454545468091965,0,0,0.0124,b,NA,decline hc,coral bleaching,decline hc  coral bleaching,0.1074517714214149,0.04900475145364453,0.11056635705074128,0.1074517714214149,0.11056635705074128,0.06438724384372341,0.02279250597519683,0.0295757678968369,0.047531386642093,0.10597840660986338,0.04441680101276661,0.047531386642093,0.04441680101276661,0.0905959142197845,0.13219065208831107,0.125407390166671,0.0031145856293263857,0,0.0031145856293263857,-0.05844701996777038,0.015382492390078883,-0.04159473786852658,0.0067832619216400825,-0.01942898355680761
leave_one_event_out,2024,manta,4284635,22-102,Chinaman Reef (22-102),2024,Southern GBR,0,9.41,0.14325013683013463,0.0454545468091965,1,0.0454545468091965,0,0,0.0124,b,NA,Aerial bl 3 2024 DHW 9.57,coral bleaching,Aerial bl 3 2024 DHW 9.57  coral bleaching,0.10152797609512232,0.04149046891904284,0.09518544606384,0.10152797609512232,0.09518544606384,0.05762538644722342,0.02081609449166899,0.02755800261967355,0.10152797609512232,0.04149046891904284,0.09518544606384,0.10152797609512232,0.09518544606384,0.05762538644722342,0.02081609449166899,0.02755800261967355,0.006342530031282323,0,0.006342530031282323,0.06003750717607948,-0.01613491752818058,0.03680929195555443,-0.00674190812800456,0.013932466299369287
leave_one_event_out,2024,ltmp,4182001,22-104a,Horseshoe Reef (No 1) (22-104a),2024,Southern GBR,0.10896430189600032,9.08,0.4872440402232475,0.0440845602679131,1,0.0440845602679131,0,0.0352941192686558,0.0187,b,NA,hc decline,coral bleaching,hc decline  coral bleaching,0.11779850671762294,0.05467769459487379,0.11920397662440456,0.11779850671762294,0.11920397662440456,0.0664935973208303,0.02497696563709879,0.02672573173307329,0.00883420482162263,0.05428660730112652,0.01023967472840423,0.00883420482162263,0.01023967472840423,0.04247070457517002,0.08398733625890152,0.08223857016292703,-0.0014054699067816007,0,-0.0014054699067816007,-0.04545240247950389,0.0118159027259565,-0.0415166316837315,0.001748766095974491,-0.02795196286180051
leave_one_event_out,2024,manta,3989230,22-104a,Horseshoe Reef (No 1) (22-104a),2024,Southern GBR,0.0026179461240754,9.08,0.4872440402232475,0.0440845602679131,1,0.0440845602679131,0,0.0352941192686558,0.0187,b,NA,DHW 9.19,coral bleaching,DHW 9.19  coral bleaching,0.0827214843034911,0.03902882072680284,0.07331367585543083,0.0827214843034911,0.07331367585543083,0.04412576574366905,0.01019586803110586,0.01828216102557549,0.0801035381794157,0.03641087460272743,0.07069572973135543,0.0801035381794157,0.07069572973135543,0.04150781961959364,0.00757792190703046,0.01566421490150009,0.009407808448060273,0,0.009407808448060273,0.04369266357668827,-0.005096945016866208,0.03392989771256318,-0.00808629299446963,0.020746659701227344
leave_one_event_out,2024,mmp,4143649,23-004b,North Keppel (Ko-no-mie) Island Reef (No 2) (23-004b),2024,Southern GBR,0.649764667289415,12.41,0.9702392451266664,0.874654366947519,0.1,-0.09219169675271,0,NA,NA,b,NA,further decline as a result of bleaching in 2024,coral bleaching,further decline as a result of bleaching in 2024  coral bleaching,0.09381483118243202,0.08835191754430359,0.0777476811412248,0.09381483118243202,0.0777476811412248,0.07278235533114759,0.1386976713545596,0.14462859936389863,0.5559498361069829,0.5614127497451114,0.5720169861481902,0.5559498361069829,0.5720169861481902,0.5769823119582673,0.5110669959348554,0.5051360679255164,-0.01606715004120729,0,-0.01606715004120729,-0.005462913638128453,-0.015569562213155974,0.06591531602341194,0.0059309280093390315,0.056276681819595
leave_one_event_out,2024,mmp,4143650,23-004b,North Keppel (Ko-no-mie) Island Reef (No 2) (23-004b),2024,Southern GBR,0.6322997657703442,12.41,0.9831720862579036,0.874654366947519,0.1,-0.09219169675271,0,NA,NA,b,NA,bleaching still evident at time of surveys,coral bleaching,bleaching still evident at time of surveys  coral bleaching,0.0823224258342372,0.0927056945655514,0.07039047557732168,0.0823224258342372,0.07039047557732168,0.07042593304696604,0.13788248551161328,0.1436964053834134,0.549977339936107,0.5395940712047929,0.5619092901930225,0.549977339936107,0.5619092901930225,0.5618738327233781,0.4944172802587309,0.4886033603869307,-0.011931950256915513,0,-0.011931950256915513,0.010383268731314121,-0.02227976151858524,0.06745655246464721,0.005813919871800188,0.05099071081786216
leave_one_event_out,2024,mmp,4143665,23-004b,North Keppel (Ko-no-mie) Island Reef (No 2) (23-004b),2024,Southern GBR,0.2382175190368768,12.41,0.8174194259823503,0.874654366947519,0.1,-0.09219169675271,0,NA,NA,b,NA,further decline as a result of bleaching in 2024,coral bleaching,further decline as a result of bleaching in 2024  coral bleaching,0.08803812768913678,0.08869489787526237,0.07270970380207804,0.08803812768913678,0.07270970380207804,0.06709690049895006,0.12474618509058528,0.14550301727231707,0.15017939134774,0.1495226211616144,0.16550781523479874,0.15017939134774,0.16550781523479874,0.17112061853792673,0.11347133394629152,0.09271450176455973,-0.01532842388705874,0,-0.01532842388705874,6.567701861255881e-4,-0.021597997376312322,0.05764928459163521,0.0207568321817318,0.056808119397054685
leave_one_event_out,2024,mmp,4143666,23-004b,North Keppel (Ko-no-mie) Island Reef (No 2) (23-004b),2024,Southern GBR,0.25663674359498084,12.41,0.855313419480824,0.874654366947519,0.1,-0.09219169675271,0,NA,NA,b,NA,bleaching still evident at time of surveys,coral bleaching,bleaching still evident at time of surveys  coral bleaching,0.08756318578390575,0.08540556745313442,0.07308710509027207,0.08756318578390575,0.07308710509027207,0.0665584498835562,0.12955786626361912,0.1420397854558756,0.16907355781107508,0.1712311761418464,0.1835496385047088,0.16907355781107508,0.1835496385047088,0.19007829371142465,0.12707887733136172,0.11459695813910524,-0.014476080693633708,0,-0.014476080693633708,-0.002157618330771327,-0.018847117569578242,0.06299941638006293,0.012481919192256483,0.05663421800274117
leave_one_event_out,2024,mmp,4138915,23-010,Middle (Ba-la-ba) Island Reef (23-010),2024,Southern GBR,0.48766349684223503,12.23,0.4589503712397904,0.88543541568752,0.3,-0.04714947352788246,0,NA,NA,b,NA,further decline as a result of bleaching in 2024,coral bleaching,further decline as a result of bleaching in 2024  coral bleaching,0.05686134668756211,0.06533907373759669,0.04590543293009124,0.05686134668756211,0.04590543293009124,0.04603110455718851,0.08565295215103325,0.09111037759289006,0.43080215015467294,0.4223244231046384,0.4417580639121438,0.43080215015467294,0.4417580639121438,0.4416323922850465,0.4020105446912018,0.396553119249345,-0.010955913757470848,0,-0.010955913757470848,0.008477727050034523,-0.019307969180408113,0.03962184759384474,0.005457425441856789,0.025771303855293415
leave_one_event_out,2024,mmp,4138916,23-010,Middle (Ba-la-ba) Island Reef (23-010),2024,Southern GBR,0.5143849272933385,12.23,0.7664047472610901,0.88543541568752,0.3,-0.04714947352788246,0,NA,NA,b,NA,bleaching still evident at time of surveys,coral bleaching,bleaching still evident at time of surveys  coral bleaching,0.07747599952914928,0.08677392508486947,0.06022122533594628,0.07747599952914928,0.06022122533594628,0.06558135246121707,0.13801797025899332,0.12051653380726536,0.4369089277641892,0.42761100220846904,0.45416370195739225,0.4369089277641892,0.45416370195739225,0.4488035748321214,0.3763669570343452,0.3938683934860732,-0.017254774193203037,0,-0.017254774193203037,0.009297925555720177,-0.021192572623652373,0.07243661779777621,-0.017501436451728025,0.03374260872239582
leave_one_event_out,2024,mmp,4138931,23-010,Middle (Ba-la-ba) Island Reef (23-010),2024,Southern GBR,0.28856582591991914,12.23,0.3533715797147019,0.88543541568752,0.3,-0.04714947352788246,0,NA,NA,b,NA,further decline as a result of bleaching in 2024,coral bleaching,further decline as a result of bleaching in 2024  coral bleaching,0.05070413430185423,0.06150867417953171,0.04347298263536501,0.05070413430185423,0.04347298263536501,0.04347522172438429,0.07574427452411703,0.08537892088741675,0.23786169161806492,0.22705715174038743,0.2450928432845541,0.23786169161806492,0.2450928432845541,0.24509060419553488,0.2128215513958021,0.2031869050325024,-0.007231151666489188,0,-0.007231151666489188,0.010804539877677488,-0.018033452455147453,0.03226905279973277,0.00963464636329972,0.02387024670788504
leave_one_event_out,2024,mmp,4138932,23-010,Middle (Ba-la-ba) Island Reef (23-010),2024,Southern GBR,0.41195017565191666,12.23,0.48147352484178185,0.88543541568752,0.3,-0.04714947352788246,0,NA,NA,b,NA,bleaching still evident at time of surveys,coral bleaching,bleaching still evident at time of surveys  coral bleaching,0.07050076981082976,0.07582951106989634,0.056336389616335913,0.07050076981082976,0.056336389616335913,0.05874339827470429,0.10988549638536602,0.11047770735379452,0.3414494058410869,0.33612066458202033,0.35561378603558075,0.3414494058410869,0.35561378603558075,0.3532067773772124,0.3020646792665507,0.30147246829812213,-0.014164380194493842,0,-0.014164380194493842,0.005328741259066572,-0.017086112795192065,0.05114209811066173,5.922109684285415e-4,0.0346481962838982
leave_one_event_out,2024,mmp,4155453,23-016,Humpy (Bur-ye-Bur-ye) Reef (23-016),2024,Southern GBR,0.6554932597858075,12.47,0.7075329405300055,0.742819670261997,0.3,-0.06790996624503798,0,NA,0,b,NA,further decline as a result of bleaching in 2024,coral bleaching,further decline as a result of bleaching in 2024  coral bleaching,0.06646039401423291,0.07055253068674543,0.05549558147474912,0.06646039401423291,0.05549558147474912,0.05226557692574635,0.11604749159946004,0.12440690843638746,0.5890328657715747,0.5849407290990621,0.5999976783110584,0.5890328657715747,0.5999976783110584,0.6032276828600611,0.5394457681863475,0.5310863513494201,-0.010964812539483781,0,-0.010964812539483781,0.004092136672512514,-0.01828695376099898,0.06378191467371364,0.008359416836927425,0.05385437774964208
leave_one_event_out,2024,mmp,4155454,23-016,Humpy (Bur-ye-Bur-ye) Reef (23-016),2024,Southern GBR,0.5371587878089377,12.47,0.8806702661451502,0.742819670261997,0.3,-0.06790996624503798,0,NA,0,b,NA,bleaching still evident at time of surveys,coral bleaching,bleaching still evident at time of surveys  coral bleaching,0.0610996970220254,0.07578737465314049,0.05305749224938415,0.0610996970220254,0.05305749224938415,0.05532370417149748,0.12060623089030952,0.11517891025557175,0.4760590907869123,0.4613714131557971,0.4841012955595535,0.4760590907869123,0.4841012955595535,0.4818350836374402,0.41655255691862814,0.4219798775533659,-0.008042204772641226,0,-0.008042204772641226,0.01468767763111517,-0.020463670481643104,0.06528252671881207,-0.005427320634737776,0.039391535602431194
leave_one_event_out,2024,mmp,4155473,23-016,Humpy (Bur-ye-Bur-ye) Reef (23-016),2024,Southern GBR,0.5474064906348262,12.47,0.7596478225945502,0.742819670261997,0.3,-0.06790996624503798,0,NA,0,b,NA,further decline as a result of bleaching in 2024,coral bleaching,further decline as a result of bleaching in 2024  coral bleaching,0.04352432700472136,0.05103347991075848,0.0416599338204357,0.04352432700472136,0.0416599338204357,0.03660070594469853,0.06706616072982739,0.08720613285969407,0.5038821636301047,0.4963730107240677,0.5057465568143904,0.5038821636301047,0.5057465568143904,0.5108057846901276,0.4803403299049987,0.4602003577751321,-0.001864393184285662,0,-0.001864393184285662,0.007509152906037042,-0.014432773966059909,0.03046545478512891,0.020139972129866623,0.036172652948935624
leave_one_event_out,2024,mmp,4155474,23-016,Humpy (Bur-ye-Bur-ye) Reef (23-016),2024,Southern GBR,0.5048925612238839,12.47,0.901484765985602,0.742819670261997,0.3,-0.06790996624503798,0,NA,0,b,NA,bleaching still evident at time of surveys,coral bleaching,bleaching still evident at time of surveys  coral bleaching,0.06434230938613147,0.06945246791986334,0.05549558147474912,0.06434230938613147,0.05549558147474912,0.05203057738446655,0.10471911755374144,0.1136942814316426,0.4405502518377524,0.43544009330402056,0.4493969797491348,0.4405502518377524,0.4493969797491348,0.4528619838394174,0.4001734436701425,0.3911982797922413,-0.008846727911382357,0,-0.008846727911382357,0.005110158533731868,-0.017421890535396833,0.05268854016927488,0.008975163877901204,0.04424181351177925
leave_one_event_out,2024,mmp,4149293,23-017,Pelican Island Reef (23-017),2024,Southern GBR,0,13.26,0.15284497105653488,0.982514254126998,0.3,-0.01725404792966256,0,NA,NA,NA,NA,NA,NA,NA,0.03530459284580931,0.03992114942299529,0.03126823429108462,0.03530459284580931,0.03126823429108462,0.03448020849433179,0.03368200141671472,0.06513054261224266,0.03530459284580931,0.03992114942299529,0.03126823429108462,0.03530459284580931,0.03126823429108462,0.03448020849433179,0.03368200141671472,0.06513054261224266,0.004036358554724687,0,0.004036358554724687,-0.00461655657718598,0.0054409409286634985,7.982070776170677e-4,-0.03144854119552794,-0.02520939318924737
leave_one_event_out,2024,mmp,4149294,23-017,Pelican Island Reef (23-017),2024,Southern GBR,0.40807202558722055,13.26,0.13438736512389293,0.982514254126998,0.3,-0.01725404792966256,0,NA,NA,b,NA,bleaching still evident at time of surveys,coral bleaching,bleaching still evident at time of surveys  coral bleaching,0.03530459284580931,0.03992114942299529,0.03126823429108462,0.03530459284580931,0.03126823429108462,0.03448020849433179,0.03368200141671472,0.06513054261224266,0.3727674327414112,0.36815087616422526,0.3768037912961359,0.3727674327414112,0.3768037912961359,0.37359181709288874,0.3743900241705058,0.3429414829749779,-0.004036358554724673,0,-0.004036358554724673,0.00461655657718596,-0.005440940928663485,-7.982070776170747e-4,0.031448541195527924,0.025209393189247364
leave_one_event_out,2024,mmp,4149312,23-017,Pelican Island Reef (23-017),2024,Southern GBR,0.02301944253341331,13.26,0.00450898632981563,0.982514254126998,0.3,-0.01725404792966256,0,NA,NA,NA,NA,NA,NA,NA,0.04844163858061247,0.05369918537904402,0.046034162906679,0.04844163858061247,0.046034162906679,0.04832134678066641,0.05902208654361139,0.08632014000290236,0.02542219604719916,0.03067974284563071,0.02301472037326568,0.02542219604719916,0.02301472037326568,0.0253019042472531,0.03600264401019808,0.06330069746948905,0.0024074756739334777,0,0.0024074756739334777,-0.005257546798431552,0.005377838598377611,-0.010700739762944979,-0.02729805345929097,-0.032620954623858334
leave_one_event_out,2024,mmp,4149313,23-017,Pelican Island Reef (23-017),2024,Southern GBR,0.01857781972865065,13.26,0.0160741119416249,0.982514254126998,0.3,-0.01725404792966256,0,NA,NA,b,NA,bleaching still evident at time of surveys,coral bleaching,bleaching still evident at time of surveys  coral bleaching,0.04639407307926183,0.05369918537904402,0.04406555754939408,0.04639407307926183,0.04406555754939408,0.04544023407704323,0.05681930464259164,0.08450006503037788,0.02781625335061117,0.03512136565039336,0.02548773782074342,0.02781625335061117,0.02548773782074342,0.02686241434839258,0.03824148491394098,0.06592224530172722,0.00232851552986775,0,0.00232851552986775,-0.007305112299782188,0.008258951302000779,-0.011379070565548398,-0.02768076038778624,-0.030800879651333858
leave_one_event_out,2024,ltmp,4188168,23-048,Broomfield Reef (23-048),2024,Southern GBR,0.6883989417687074,11.6,0.862233938344424,0.0430566355266609,0.7,0.0430566355266609,0,0,0,m,NA,Aerial bl 5 2024   DHW 11.6,"coral bleaching, unknown storm","Aerial bl 5 2024   DHW 11.6  coral bleaching, unknown storm",0.24912790976964225,0.14124546389778372,0.27706958987078795,0.24912790976964225,0.27706958987078795,0.17269894749056466,0.1476231945606636,0.13081928462608805,0.43927103199906514,0.5471534778709237,0.4113293518979194,0.43927103199906514,0.4113293518979194,0.5156999942781427,0.5407757472080438,0.5575796571426194,0.027941680101145727,0,0.027941680101145727,-0.10788244587185858,0.031453483592780995,-0.025075752929901052,-0.01680390993457559,-0.010426179271695646
leave_one_event_out,2024,manta,4284725,23-048,Broomfield Reef (23-048),2024,Southern GBR,0.5712917276690362,11.6,0.862233938344424,0.0430566355266609,0.7,0.0430566355266609,0,0,0,m,NA,Aerial bl 5 2024   DHW 11.6,"coral bleaching, unknown storm","Aerial bl 5 2024   DHW 11.6  coral bleaching, unknown storm",0.1742614066220859,0.0914638717871559,0.1995518705618113,0.1742614066220859,0.1995518705618113,0.12143051790538806,0.09531185632705368,0.08391501487083125,0.3970303210469503,0.4798278558818804,0.3717398571072249,0.3970303210469503,0.3717398571072249,0.4498612097636482,0.47597987134198255,0.487376712798205,0.025290463939725394,0,0.025290463939725394,-0.08279753483493013,0.029966646118232243,-0.026118661578334368,-0.01139684145622244,-0.0075488569163245645
leave_one_event_out,2024,ltmp,4182299,23-051,Wreck Island Reef (23-051),2024,Southern GBR,0.5446213063879788,11.64,0.9797631868153628,0.0454611954935722,0.9,0.0454611954935722,0,0,0,b,NA,big hc decline,coral bleaching,big hc decline  coral bleaching,0.2638588543472514,0.1468365270609469,0.28120553618281136,0.2638588543472514,0.28120553618281136,0.18988463682031176,0.1461497346680471,0.13636895817000447,0.28076245204072736,0.3977847793270319,0.26341577020516743,0.28076245204072736,0.26341577020516743,0.35473666956766703,0.39847157171993175,0.4082523482179743,0.01734668183555993,0,0.01734668183555993,-0.11702232728630452,0.04304810975936485,-0.04373490215226472,-0.009780776498042543,-0.010467568890942414
leave_one_event_out,2024,manta,4284526,23-051,Wreck Island Reef (23-051),2024,Southern GBR,0.3704552530009853,11.64,0.9797631868153628,0.0454611954935722,0.9,0.0454611954935722,0,0,0,m,NA,Aerial bl 5 2024  DHW 11.64,"coral bleaching, unknown storm","Aerial bl 5 2024  DHW 11.64  coral bleaching, unknown storm",0.1851095909358181,0.09638216851616226,0.20259662578213855,0.1851095909358181,0.20259662578213855,0.13402968358971484,0.09501036159340752,0.08747489474096726,0.1853456620651672,0.27407308448482304,0.16785862721884676,0.1853456620651672,0.16785862721884676,0.2364255694112705,0.2754448914075778,0.28298035826001805,0.017487034846320443,0,0.017487034846320443,-0.08872742241965584,0.037647515073552545,-0.03901932199630728,-0.007535466852440276,-0.008907273775195013
leave_one_event_out,2024,ltmp,4185533,23-055a,One Tree Island Reef (23-055a),2024,Southern GBR,0.7056209452888168,11.53,0.9167527148244318,0.0455607442369428,0.9,0.0455607442369428,0,0.0428571440279484,0.0397,m,NA,DHW 11,"coral bleaching, coral disease","DHW 11  coral bleaching, coral disease",0.3312959867742769,0.28519912305596085,0.3626011315176894,0.3312959867742769,0.3626011315176894,0.3294112828250522,0.27544396545110733,0.2095035980747324,0.3743249585145399,0.420421822232856,0.34301981377112734,0.3743249585145399,0.34301981377112734,0.3762096624637646,0.4301769798377094,0.4961173472140844,0.03130514474341256,0,0.03130514474341256,-0.04609686371831612,0.04421215976909143,-0.053967317373944834,-0.06594036737637499,-0.07569552498122839
leave_one_event_out,2024,manta,4284425,23-055a,One Tree Island Reef (23-055a),2024,Southern GBR,0.5107539897859481,11.53,0.9167527148244318,0.0455607442369428,0.9,0.0455607442369428,0,0.0428571440279484,0.0397,m,NA,Aerial bl 4 2024  DHW 11.81,"coral bleaching, coral disease, crown-of-thorns starfish, unknown storm","Aerial bl 4 2024  DHW 11.81  coral bleaching, coral disease, crown-of-thorns starfish, unknown storm",0.24081462215686897,0.19666344122568,0.2715248090265809,0.24081462215686897,0.2715248090265809,0.2448602090691192,0.1937456955430769,0.14478778756011831,0.26993936762907916,0.3140905485602681,0.2392291807593672,0.26993936762907916,0.2392291807593672,0.2658937807168289,0.3170082942428712,0.36596620222582976,0.03071018686971197,0,0.03071018686971197,-0.044151180931188916,0.04819676784343918,-0.05111451352604229,-0.04895790798295857,-0.05187565366556168
leave_one_event_out,2024,ltmp,4181245,23-068,Erskine Reef (23-068),2024,Southern GBR,0.14256428051898865,11.17,0.8208239385774314,0.025341655981035,0.4,-0.0201128908281615,0,0,0,b,NA,Aerial bl 4 2024 DHW 11.17,coral bleaching,Aerial bl 4 2024 DHW 11.17  coral bleaching,0.16221766227352305,0.1315324081242842,0.16689826185096282,0.16221766227352305,0.16689826185096282,0.14448093788860766,0.19521045154317623,0.15685634576845395,0.0196533817545344,0.01103187239470443,0.02433398133197417,0.0196533817545344,0.02433398133197417,0.00191665736961901,0.05264617102418759,0.0142920652494653,-0.00468059957743977,0,-0.00468059957743977,0.00862150935982997,0.009115215025085421,-0.05072951365456858,0.038354105774722286,-0.00326019285476087
leave_one_event_out,2024,manta,4284411,23-068,Erskine Reef (23-068),2024,Southern GBR,0.06654453617104276,11.17,0.8208239385774314,0.025341655981035,0.4,-0.0201128908281615,0,0,0,b,NA,Aerial bl 4 2024 DHW 11.17,coral bleaching,Aerial bl 4 2024 DHW 11.17  coral bleaching,0.15387657022118745,0.11868277263124606,0.14960773096276986,0.15387657022118745,0.14960773096276986,0.13212919936213294,0.16823436573550363,0.13659518444504748,0.08733203405014468,0.0521382364602033,0.0830631947917271,0.08733203405014468,0.0830631947917271,0.06558466319109017,0.10168982956446086,0.07005064827400471,0.004268839258417589,0,0.004268839258417589,0.035193797589941386,-0.013446426730886876,-0.03610516637337069,0.03163918129045615,-0.017912411813801418
leave_one_event_out,2024,ltmp,4181617,23-069,Mast Head Reef (23-069),2024,Southern GBR,0.2019468711406776,11.08,0.7967591332408196,0.00124849993778155,0.4,-0.04420604687141495,0,0,0,b,NA,decline in hc,coral bleaching,decline in hc  coral bleaching,0.11371874323194878,0.1053274714520104,0.13460961648597394,0.11371874323194878,0.13460961648597394,0.14079928677428147,0.18396044840328693,0.15027017446561605,0.08822812790872883,0.0966193996886672,0.06733725465470367,0.08822812790872883,0.06733725465470367,0.06114758436639614,0.01798642273739067,0.05167669667506155,0.020890873254025166,0,0.020890873254025166,-0.00839127177993837,0.03547181532227106,0.04316116162900547,-0.03369027393767088,0.04494270301360565
leave_one_event_out,2024,manta,4284513,23-069,Mast Head Reef (23-069),2024,Southern GBR,0.27324709489204596,11.08,0.7967591332408196,0.00124849993778155,0.4,-0.04420604687141495,0,0,0,b,NA,DHW 11.17,coral bleaching,DHW 11.17  coral bleaching,0.1097174376878884,0.097658152294908,0.12219397565835138,0.1097174376878884,0.12219397565835138,0.13128091638922174,0.16335862953040173,0.13445496385561567,0.16352965720415755,0.17558894259713795,0.15105311923369458,0.16352965720415755,0.15105311923369458,0.14196617850282425,0.10988846536164423,0.1387921310364303,0.01247653797046297,0,0.01247653797046297,-0.012059285392980401,0.033622764094313695,0.03207771314118002,-0.028903665674786055,0.03679681156070766
leave_one_event_out,2024,manta,4284550,23-080,Hoskyn Islands Reef (23-080),2024,Southern GBR,0.5478185490121976,11.2,0.8814544768695094,0.0454545468091965,0.85,0.0454545468091965,0,0.0161290317773819,0.0161,b,NA,DHW 11.48,coral bleaching,DHW 11.48  coral bleaching,0.23143675589684992,0.1946224237768222,0.2617156130503984,0.23143675589684992,0.2617156130503984,0.24451053441334336,0.19351058107924207,0.14526702850443324,0.3163817931153477,0.3531961252353754,0.2861029359617992,0.3163817931153477,0.2861029359617992,0.30330801459885426,0.35430796793295555,0.4025515205077644,0.0302788571535485,0,0.0302788571535485,-0.036814332120027715,0.049888110636521155,-0.05099995333410129,-0.048243552574808835,-0.04935539527238897
leave_one_event_out,2024,ltmp,4180873,23-081,Fairfax Islands Reef (23-081),2024,Southern GBR,0.17622110261289636,11.26,0.8421051184060283,0.0818748265521753,0.9,0.0818748265521753,0,0.00581395346671343,0.0202,m,NA,"Aerial bl 4 2024 DHW 11.46 2024, moderate disease","coral bleaching, coral disease","Aerial bl 4 2024 DHW 11.46 2024, moderate disease  coral bleaching, coral disease",0.36749980117313,0.2892813544274468,0.3471829631886071,0.36749980117313,0.3471829631886071,0.31100116944162376,0.2769070535526805,0.22104225523263984,0.1912786985602337,0.11306025181455044,0.17096186057571072,0.1912786985602337,0.17096186057571072,0.1347800668287274,0.10068595093978416,0.04482115261974348,0.020316837984522967,0,0.020316837984522967,0.07821844674568325,-0.021719815014176955,0.03409411588894323,0.05586479832004068,0.06823909919480696
leave_one_event_out,2024,manta,4284498,23-081,Fairfax Islands Reef (23-081),2024,Southern GBR,0.37356823802927674,11.26,0.8421051184060283,0.0818748265521753,0.9,0.0818748265521753,0,0.00581395346671343,0.0202,b,NA,Aerial bl 4 2024 DHW 11.46 2024,coral bleaching,Aerial bl 4 2024 DHW 11.46 2024  coral bleaching,0.2579119791025587,0.198946548748213,0.2458872576756348,0.2579119791025587,0.2458872576756348,0.2190752598849278,0.19741425137142649,0.14782139549674678,0.11565625892671803,0.17462168928106375,0.12768098035364192,0.11565625892671803,0.12768098035364192,0.15449297814434895,0.1761539866578503,0.22574684253252997,-0.012024721426923887,0,-0.012024721426923887,-0.05896543035434572,0.0201287111367148,-0.021661008513501334,-0.04959285587467968,-0.051125153251466215
leave_one_event_out,2024,ltmp,4187208,23-082a,Lady Musgrave Reef (23-082a),2024,Southern GBR,0.5425304381746469,11.12,0.9474516636293956,0.0530255667004531,0.8,0.0530255667004531,0,0.0214888722014924,0.0202,m,NA,b s 34% decline hc abs 55% decline rel,"coral bleaching, coral disease, unknown storm","b s 34% decline hc abs 55% decline rel  coral bleaching, coral disease, unknown storm",0.3622296924292539,0.3018463402316377,0.34324392406630566,0.3622296924292539,0.34324392406630566,0.3152639681200991,0.30162045947065425,0.20159643067547653,0.18030074574539295,0.24068409794300916,0.1992865141083412,0.18030074574539295,0.1992865141083412,0.22726647005454775,0.2409099787039926,0.34093400749917036,-0.01898576836294824,0,-0.01898576836294824,-0.0603833521976162,0.013417627888461403,-0.013643508649444858,-0.10002402879517774,-0.1002499095561612
leave_one_event_out,2024,manta,4284760,23-082a,Lady Musgrave Reef (23-082a),2024,Southern GBR,0.3784926956594735,11.12,0.9474516636293956,0.0530255667004531,0.8,0.0530255667004531,0,0.0214888722014924,0.0202,m,NA,Aerial bl 4 2024 DHW 11.42,"coral bleaching, unknown storm","Aerial bl 4 2024 DHW 11.42  coral bleaching, unknown storm",0.25879479591306864,0.19904225941608808,0.24370009132348225,0.25879479591306864,0.24370009132348225,0.22048249090347596,0.21195561378861935,0.13377918431286895,0.11969789974640488,0.17945043624338544,0.13479260433599127,0.11969789974640488,0.13479260433599127,0.15801020475599756,0.16653708187085417,0.24471351134660457,-0.015094704589586394,0,-0.015094704589586394,-0.05975253649698056,0.021440231487387884,-0.008526877114856612,-0.0781764294757504,-0.06526307510321913
reef_blocked_2024,1,ltmp,4241950,12-061,Lagoon Reef (12-061),2024,Northern GBR,0.20439217846985944,5.54,0.3241122180549288,0.033256764816276,0.6,0.01794252278248349,0,0,0,b,NA,decline hc abs 7% rel 25% DHW 5.54,coral bleaching,decline hc abs 7% rel 25% DHW 5.54  coral bleaching,0.0860211773733046,0.1012554670177816,0.09935424223066842,0.09347370741968555,0.08808598621435325,0.11162570068572658,0.11004641083902778,0.11478882502902192,0.11837100109655484,0.10313671145207784,0.105037936239191,0.11091847105017388,0.1163061922555062,0.09276647778413286,0.09434576763083166,0.0896033534408375,0.013333064857363838,0.0074525300463809535,0.002064808841048635,0.015234289644476998,0.010370233667944984,-0.001579289846698806,0.00474241418999416,0.013533358011240337
reef_blocked_2024,1,manta,4285498,12-061,Lagoon Reef (12-061),2024,Northern GBR,0.1983460233310179,5.54,0.3241122180549288,0.033256764816276,0.6,0.01794252278248349,0,0,0,b,NA,DHW 5.54- cots prior,coral bleaching,DHW 5.54- cots prior  coral bleaching,0.21512305059645903,0.22464782869153857,0.21081852798178152,0.22586642571317184,0.20114148606922003,0.21734095130418743,0.2367704508057669,0.2122776647809004,0.01677702726544114,0.02630180536052068,0.01247250465076363,0.02752040238215397,0.00279546273820216,0.01899492797316954,0.03842442747474897,0.01393164144988248,0.004304522614677512,-0.01074337511671283,0.013981564527238982,-0.009524778095079539,0.0073068773873511406,-0.019429499501579434,0.024492786024866493,0.0123701639106382
reef_blocked_2024,1,ltmp,4184758,14-087,Snake Reef (14-087),2024,Northern GBR,0.1393369130067698,6.91,0.49661045255586744,0.513612464304515,1,0.2588340779562835,0,NA,0.0042,b,NA,hc declines,coral bleaching,hc declines  coral bleaching,0.1663592284441412,0.20188816144356173,0.14861189893928192,0.17126028570589535,0.16005354647718675,0.1816840917049755,0.19998029428060657,0.1846613402224789,0.0270223154373714,0.06255124843679194,0.00927498593251213,0.03192337269912557,0.02071663347041696,0.0423471786982057,0.06064338127383675,0.04532442721570912,0.01774732950485927,-0.004901057261754167,0.006305681966954441,-0.03552893299942054,0.02020406973858624,-0.018296202575631047,0.01531895405812763,0.017226821221082822
reef_blocked_2024,1,manta,3988617,14-118,Eyrie Reef (14-118),2024,Northern GBR,0.5256729155551548,6.2700000000000005,0.5154641976894707,0.387817227069386,1,0.2936125563709091,0,0.0737812916437785,0.0613,b,NA,DHW 6.27 to 6.32,coral bleaching,DHW 6.27 to 6.32  coral bleaching,0.191694623661193,0.24829668849383796,0.1560664603191031,0.1794715472775545,0.1235296703985164,0.2104229760937101,0.2331249484345729,0.22400712660292557,0.33397829189396183,0.27737622706131687,0.36960645523605173,0.34620136827760034,0.4021432451566384,0.3152499394614447,0.29254796712058195,0.3016657889522293,-0.0356281633420899,-0.01222307638363851,-0.06816495326267658,0.05660206483264496,-0.037873712400127824,0.02270197234086274,-0.009117821831647333,-0.024289561890912414
reef_blocked_2024,1,ltmp,4172974,14-123,Martin Reef (14-123),2024,Northern GBR,0.3676370188512778,6.4,0.5837078855804666,0.530025205470943,1,0.3896797019922375,0,0.0158266127109528,0.0201,b,NA,no decline,coral bleaching,no decline  coral bleaching,0.1051893181076876,0.1892857983159049,0.1078313672042082,0.10553245446302016,0.10983002568630884,0.19123417083364688,0.17773602223676072,0.2026884249447099,0.2624477007435902,0.17835122053537292,0.2598056516470696,0.26210456438825763,0.25780699316496897,0.17640284801763093,0.1899009966145171,0.1649485939065679,0.0026420490965206045,3.431363553325628e-4,0.004640707578621228,0.08409648020821728,0.001948372517741992,-0.013498148596886167,0.024952402707949184,0.013402626628805009
reef_blocked_2024,1,manta,4285469,14-123,Martin Reef (14-123),2024,Northern GBR,0.19967709485407348,6.4,0.5837078855804666,0.530025205470943,1,0.3896797019922375,0,0.0158266127109528,0.0201,b,NA,DHW 6.73 aerial bl 5,coral bleaching,DHW 6.73 aerial bl 5  coral bleaching,0.1721818744420057,0.26676485752748985,0.18043915917224912,0.16159191069024306,0.14956683947544405,0.2328488340716943,0.2516965372420119,0.2345412384331554,0.02749522041206778,0.06708776267341637,0.01923793568182436,0.03808518416383041,0.05011025537862942,0.03317173921762081,0.05201944238793843,0.03486414357908193,0.008257284730243421,-0.010589963751762629,-0.02261503496656164,-0.03959254226134859,0.033916023455795564,-0.01884770317031762,0.017155298808856502,0.032223619094334445
reef_blocked_2024,1,ltmp,4175968,14-138,Yonge Reef (14-138),2024,Northern GBR,0,8.08,0.2688625059919296,0,0.45,0,4,0,0,b,NA,Aerial bl 2 2024 DHW 8.08,NA,Aerial bl 2 2024 DHW 8.08,0.07826599554023334,0.1130334361375145,0.08707672758341901,0.06756023677082272,0.06131312503338908,0.10571778507226594,0.10731463252657147,0.11705084043210956,0.07826599554023334,0.1130334361375145,0.08707672758341901,0.06756023677082272,0.06131312503338908,0.10571778507226594,0.10731463252657147,0.11705084043210956,-0.008810732043185679,0.010705758769410614,0.016952870506844256,-0.034767440597281166,0.007315651065248563,-0.001596847454305536,-0.009736207905538086,-0.004017404294595059
reef_blocked_2024,1,manta,4206459,14-138,Yonge Reef (14-138),2024,Northern GBR,0.11897693253026977,8.08,0.2688625059919296,0,0.45,0,4,0,0,b,NA,Aerial bl 2 2024 DHW 8.08,coral bleaching,Aerial bl 2 2024 DHW 8.08  coral bleaching,0.10744104630510204,0.13368619508974802,0.11624859030191902,0.09311940022844611,0.08232528161778858,0.1115011261259072,0.12846139776612903,0.11842307135328078,0.01153588622516774,0.01470926255947825,0.00272834222835074,0.02585753230182365,0.03665165091248118,0.00747580640436257,0.00948446523585928,5.538611769889817e-4,0.008807543996817001,-0.014321646076655908,-0.02511576468731344,-0.0031733763343105084,0.007233456155115679,-0.002008658831496709,0.008930604058870297,0.014155401382489267
reef_blocked_2024,1,manta,4206312,15-030,Swinger Reef (15-030),2024,Northern GBR,0.34618830788839955,3.87,0.5685984833602956,0.149812788731616,1,0.10100326410607618,0,0,0.0025,b,NA,DHW 3.87,coral bleaching,DHW 3.87  coral bleaching,0.08391102902437234,0.22978561622321717,0.0611596935689712,0.08700991312175323,0.05570980685514238,0.1968575929031343,0.21786833549411472,0.21496165630140637,0.2622772788640272,0.11640269166518238,0.28502861431942833,0.25917839476664634,0.2904785010332572,0.14933071498526526,0.12831997239428483,0.13122665158699318,-0.022751335455401145,0.0030988840973808496,-0.02820122216922999,0.1458745871988448,-0.03292802332008288,0.02101074259098043,-0.0029066791927083446,-0.014823959921810792
reef_blocked_2024,1,ltmp,4176749,15-099c,Agincourt Reefs (No 1) (15-099c),2024,Central GBR,0.147059946921269,6.97,0.3820065936993378,0.044311645741118,0.7,0.044311645741118,0,0,0,m,NA,declines hc and sc B Jasper,"coral bleaching, Cyclone Jasper","declines hc and sc B Jasper  coral bleaching, Cyclone Jasper",0.08915468352042996,0.21345453931429664,0.1056838135245865,0.08018102076125655,0.08726277070974724,0.2098672522996992,0.21396866756462243,0.1954960090362416,0.05790526340083904,0.06639459239302761,0.0413761333966825,0.06687892616001245,0.05979717621152176,0.06280730537843018,0.06690872064335343,0.04843606211497259,0.01652913000415654,-0.008973662759173412,-0.001891912810682718,-0.008489328992188572,0.003587287014597429,-0.004101415264923247,0.018472658528380842,0.017958530278055024
reef_blocked_2024,1,manta,4206426,15-099c,Agincourt Reefs (No 1) (15-099c),2024,Central GBR,0.23551593127835632,6.97,0.3820065936993378,0.044311645741118,0.7,0.044311645741118,0,0,0,m,NA,Aerial bl 3 2024 DHW 6.97,"coral bleaching, Cyclone Jasper","Aerial bl 3 2024 DHW 6.97  coral bleaching, Cyclone Jasper",0.1770284972335519,0.32863064848691936,0.1933023936748243,0.1679290454774649,0.1786404719330115,0.33429778220702744,0.33314958681019213,0.30163668315402653,0.05848743404480439,0.09311471720856304,0.04221353760353202,0.06758688580089142,0.05687545934534482,0.09878185092867112,0.0976336555318358,0.06612075187567021,0.01627389644127237,-0.009099451756087035,0.0016119746994595688,-0.034627283163758654,-0.005667133720108075,0.0011481953968353192,0.03151290365616559,0.026993965332892833
reef_blocked_2024,1,mmp,4167064,17-053,Stingaree Reefs (17-053),2024,Central GBR,0,4.15,0.616506583925962,0.939069623828006,0.5,-0.00537384389114203,0,NA,1e-4,b,NA,partial bleaching at time of surveys,coral bleaching,partial bleaching at time of surveys  coral bleaching,0.27679468237592364,0.3806735504204499,0.3118099323573019,0.2759388707115565,0.2527601319668097,0.3472656603484722,0.3633143761753178,0.32007266761061864,0.27679468237592364,0.3806735504204499,0.3118099323573019,0.2759388707115565,0.2527601319668097,0.3472656603484722,0.3633143761753178,0.32007266761061864,-0.03501524998137828,8.558116643671565e-4,0.024034550409113953,-0.10387886804452628,0.0334078900719777,-0.016048715826845583,0.043241708564699166,0.06060088280983128
reef_blocked_2024,1,mmp,4167081,17-053,Stingaree Reefs (17-053),2024,Central GBR,0,4.15,0.12818230888325138,0.939069623828006,0.5,-0.00537384389114203,0,NA,1e-4,b,NA,partial bleaching at time of surveys,coral bleaching,partial bleaching at time of surveys  coral bleaching,0.15199745604867684,0.2085706237838047,0.1691796707970649,0.14407890099709866,0.13472274083758942,0.21797634636763277,0.19039673271631433,0.19087024455047785,0.15199745604867684,0.2085706237838047,0.1691796707970649,0.14407890099709866,0.13472274083758942,0.21797634636763277,0.19039673271631433,0.19087024455047785,-0.017182214748388047,0.00791855505157818,0.01727471521108742,-0.056573167735127855,-0.009405722583828074,0.027579613651318446,-4.735118341635258e-4,0.017700379233326846
reef_blocked_2024,1,mmp,4167098,17-053,Stingaree Reefs (17-053),2024,Central GBR,0.08448089989497658,4.15,0.616506583925962,0.939069623828006,0.5,-0.00537384389114203,0,NA,1e-4,b,NA,partial bleaching at time of surveys,coral bleaching,partial bleaching at time of surveys  coral bleaching,0.354195048026791,0.4877937275286941,0.38595983669749223,0.35498896097120325,0.33045132742771116,0.4671004367287797,0.4716039456229371,0.4188469780550853,0.26971414813181444,0.4033128276337175,0.30147893680251564,0.27050806107622666,0.24597042753273457,0.3826195368338031,0.3871230457279605,0.3343660781601087,-0.031764788670701205,-7.939129444122228e-4,0.023743720599079865,-0.13359867950190307,0.020693290799914388,-0.004503508894157404,0.05275696756785181,0.06894674947360879
reef_blocked_2024,1,mmp,4167117,17-053,Stingaree Reefs (17-053),2024,Central GBR,0.11474101713504836,4.15,0.12818230888325138,0.939069623828006,0.5,-0.00537384389114203,0,NA,1e-4,b,NA,partial bleaching at time of surveys,coral bleaching,partial bleaching at time of surveys  coral bleaching,0.15199745604867684,0.2085706237838047,0.1691796707970649,0.14407890099709866,0.13472274083758942,0.21797634636763277,0.19039673271631433,0.19087024455047785,0.03725643891362849,0.09382960664875636,0.05443865366201654,0.02933788386205031,0.01998172370254107,0.1032353292325844,0.07565571558126598,0.0761292274154295,-0.017182214748388054,0.007918555051578176,0.017274715211087418,-0.056573167735127876,-0.009405722583828033,0.02757961365131842,-4.735118341635258e-4,0.01770037923332686
reef_blocked_2024,1,ltmp,3802952,17-063a,Farquharson Reef (No 1) (17-063a),2024,Central GBR,0,4.91,0.15402442656132434,0.0651378266978902,0.8,0.04241055329329195,10,0,0,NA,NA,NA,NA,NA,0.00462352786971694,0.03020929577113529,0.00515324084399697,0.00448256947988418,0.00563156622827365,0.03696493651895652,0.02791397645828751,0.04204886618092249,0.00462352786971694,0.03020929577113529,0.00515324084399697,0.00448256947988418,0.00563156622827365,0.03696493651895652,0.02791397645828751,0.04204886618092249,-5.297129742800307e-4,1.4095838983275988e-4,-0.0010080383585567105,-0.025585767901418352,-0.006755640747821229,0.009050960060669012,-0.01413488972263498,-0.011839570409787198
reef_blocked_2024,1,manta,4066960,17-063a,Farquharson Reef (No 1) (17-063a),2024,Central GBR,0,4.91,0.15402442656132434,0.0651378266978902,0.8,0.04241055329329195,10,0,0,NA,NA,NA,NA,NA,0.008748812416213,0.040915956494837,0.00883129468569027,0.0082015329714945,0.00876084292536064,0.04284779360154961,0.03798375745194455,0.04890990642701609,0.008748812416213,0.040915956494837,0.00883129468569027,0.0082015329714945,0.00876084292536064,0.04284779360154961,0.03798375745194455,0.04890990642701609,-8.24822694772704e-5,5.472794447184993e-4,-1.2030509147640395e-5,-0.032167144078624005,-0.0019318371067126097,0.00486403614960506,-0.010926148975071541,-0.007993949932179091
reef_blocked_2024,1,ltmp,4230870,18-039,Dip Reef (18-039),2024,Central GBR,0,7.32,0.3069695489966417,0,0.45,0,8,NA,0,NA,NA,NA,NA,NA,0.07203875679457705,0.02888338774629614,0.06903663185968477,0.05498937125261268,0.06675097677750894,0.02474074347895422,0.02960740169767286,0.03031049133053509,0.07203875679457705,0.02888338774629614,0.06903663185968477,0.05498937125261268,0.06675097677750894,0.02474074347895422,0.02960740169767286,0.03031049133053509,0.0030021249348922835,0.01704938554196437,0.005287780017068117,0.04315536904828091,0.00414264426734192,-0.00486665821871864,-7.030896328622319e-4,-0.0014271035842389514
reef_blocked_2024,1,ltmp,4230871,18-039,Dip Reef (18-039),2024,Central GBR,0.03803979731714051,7.32,0.4511818546018339,0,0.45,0,8,NA,0,b,NA,DHW 8.02 flat lining,coral bleaching,DHW 8.02 flat lining  coral bleaching,0.08825317373506812,0.04035467446331432,0.08120676757069095,0.07314908343096312,0.08635823606152496,0.03532579695771951,0.04256266890826818,0.04478742621838319,0.0502133764179276,0.0023148771461738,0.04316697025355044,0.0351092861138226,0.04831843874438444,0.002714000359421,0.00452287159112766,0.00674762890124267,0.007046406164377163,0.015104090304104999,0.001894937673543158,0.0478984992717538,-3.991232132472002e-4,-0.00180887123170666,-0.00222475731011501,-0.004432751755068871
reef_blocked_2024,1,mmp,4150474,19-009c,Magnetic Island Reef (No 2) (19-009c),2024,Central GBR,0.3503963600443477,9.07,0.18275253450005705,0.996374213958009,0.4,-0.00362578604199104,0,NA,0.0197,b,NA,partial bleaching at time of surveys,coral bleaching,partial bleaching at time of surveys  coral bleaching,0.05080513269256592,0.02553409973424895,0.07002399623688307,0.05077530002804777,0.07457302908708414,0.03012082983065878,0.0249438922366191,0.0284985453833015,0.2995912273517818,0.32486226031009874,0.28037236380746466,0.29962106001629996,0.2758233309572636,0.32027553021368893,0.32545246780772863,0.3218978146610462,0.019218863544317122,-2.9832664518170127e-5,0.023767896394518206,-0.025271032958316952,0.004586730096409808,-0.005176937594039699,0.003554653146682407,0.002964445649052516
reef_blocked_2024,1,mmp,4150494,19-009c,Magnetic Island Reef (No 2) (19-009c),2024,Central GBR,0.2005775744341932,9.07,0.11902635288320192,0.996374213958009,0.4,-0.00362578604199104,0,NA,0.0197,b,NA,partial bleaching at time of surveys,coral bleaching,partial bleaching at time of surveys  coral bleaching,0.02023956458333004,0.00987937473291995,0.03512603379298604,0.02380395072668679,0.04111792212483067,0.0129086569654316,0.00884569231197401,0.01149011705391497,0.1803380098508632,0.19069819970127325,0.16545154064120718,0.17677362370750643,0.15945965230936254,0.1876689174687616,0.1917318821222192,0.18908745738027824,0.014886469209656028,0.0035643861433567736,0.020878357541500664,-0.01036018985041004,0.003029282232511643,-0.004062964653457596,0.0026444247419409594,0.0016107423209950067
reef_blocked_2024,1,ltmp,4227302,19-159,Slate Reef (19-159),2024,Central GBR,0.0636605992892416,8.61,0.6136352481490801,0,0.45,0,33,0.0222222227603197,0.0198,NA,NA,NA,NA,NA,0.18001280091134494,0.13456480466881485,0.1684141559622373,0.2161024732645972,0.23370853266289568,0.16102069155328216,0.15182460218356789,0.1389981076860891,0.11635220162210334,0.07090420537957325,0.1047535566729957,0.15244187397535564,0.1700479333736541,0.09736009226404056,0.08816400289432628,0.07533750839684751,0.011598644949107645,-0.03608967235325229,-0.05369573175155075,0.0454479962425301,-0.026455886884467317,0.009196089369714278,0.012826494497478774,-0.004433303017274265
reef_blocked_2024,1,ltmp,4227303,19-159,Slate Reef (19-159),2024,Central GBR,0.13128332055698222,8.61,0.6586105214947701,0,0.45,0,33,0.0222222227603197,0.0198,b,NA,NA,coral bleaching,coral bleaching,0.19394394747732263,0.14906202362836615,0.18124916074093964,0.22757194202765263,0.24296358290037387,0.16569661057078405,0.1602099613849652,0.14671759679824045,0.06266062692034041,0.01777870307138393,0.04996584018395741,0.0962886214706704,0.11168026234339164,0.03441329001380183,0.02892664082798299,0.01543427624125823,0.012694786736383003,-0.033627994550329984,-0.049019635423051225,0.04488192384895648,-0.016634586942417897,0.005486649185818836,0.01349236458672476,0.0023444268301256992
reef_blocked_2024,1,manta,4067116,19-159,Slate Reef (19-159),2024,Central GBR,0,8.61,0.6136352481490801,0,0.45,0,33,0.0222222227603197,0.0198,NA,NA,NA,NA,NA,0.22186899592647963,0.17293622693857047,0.20140039749000616,0.24641663120549864,0.2544772865238843,0.186374281739261,0.18074639041979057,0.1644340256867733,0.22186899592647963,0.17293622693857047,0.20140039749000616,0.24641663120549864,0.2544772865238843,0.186374281739261,0.18074639041979057,0.1644340256867733,0.020468598436473473,-0.024547635279019014,-0.032608290597404666,0.04893276898790916,-0.013438054800690519,0.005627891319470418,0.01631236473301728,0.008502201251797181
reef_blocked_2024,1,manta,4067117,19-159,Slate Reef (19-159),2024,Central GBR,0.14645471025517404,8.61,0.6586105214947701,0,0.45,0,33,0.0222222227603197,0.0198,b,NA,DHW 8.61,coral bleaching,DHW 8.61  coral bleaching,0.2342199292276321,0.18725579038256657,0.2097989989172997,0.255778232254455,0.26139884555731874,0.1941185686184415,0.19373248992197947,0.18249967279583829,0.08776521897245806,0.0408010801273925,0.06334428866212566,0.10932352199928096,0.1149441353021447,0.0476638583632675,0.04727777966680543,0.03604496254066425,0.024420930310332406,-0.021558303026822892,-0.027178916329686637,0.04696413884506556,-0.006862778235875,3.8607869646207355e-4,0.01123281712614118,0.0047561175867282535
reef_blocked_2024,1,mmp,4139904,20-028d,Hook Island Reef (No 4) (20-028d),2024,Central GBR,0,6.61,0.1423214731378012,0.214605554955516,0.1,-0.360890165177843,11.75,NA,9e-4,NA,NA,NA,NA,NA,0.01569011724659726,0.00735327053320268,0.00961066999764714,0.01951187673109974,0.0118708502731621,0.00766154218433418,0.0079239332846866,0.01185484872144389,0.01569011724659726,0.00735327053320268,0.00961066999764714,0.01951187673109974,0.0118708502731621,0.00766154218433418,0.0079239332846866,0.01185484872144389,0.006079447248950119,-0.0038217594845024808,0.0038192669734351606,0.00833684671339458,-3.082716511315e-4,-2.623911003524198e-4,-0.00393091543675729,-0.00450157818824121
reef_blocked_2024,1,mmp,4139918,20-028d,Hook Island Reef (No 4) (20-028d),2024,Central GBR,0,6.61,0.03849021114891813,0.214605554955516,0.1,-0.360890165177843,11.75,NA,9e-4,NA,NA,NA,NA,NA,0.01532254788331465,0.00394518028934824,0.00866060643659016,0.01916701934058772,0.00962172009571892,0.00493048690099613,0.00454392301461395,0.00822484809178721,0.01532254788331465,0.00394518028934824,0.00866060643659016,0.01916701934058772,0.00962172009571892,0.00493048690099613,0.00454392301461395,0.00822484809178721,0.00666194144672449,-0.003844471457273072,0.00570082778759573,0.01137736759396641,-9.853066116478895e-4,3.865638863821798e-4,-0.00368092507717326,-0.0042796678024389695
reef_blocked_2024,1,mmp,4146310,20-095,Seaforth Reef (20-095),2024,Central GBR,0.01502604639453262,9.47,0.05021782281804785,0.348719914826354,0.1,-0.2366546377751485,0,NA,0.0041,NA,NA,NA,NA,NA,0.02115012882753658,0.01302363993475058,0.01821422247462106,0.02119859650212151,0.020269474163695,0.01407230132901124,0.01320792088405788,0.01576245292584474,0.00612408243300396,0.00200240645978204,0.00318817608008844,0.00617255010758889,0.00524342776916238,9.53745065521384e-4,0.00181812551047474,7.364065313121195e-4,0.0029359063529155204,-4.846767458492954e-5,8.806546638415805e-4,0.00412167597322192,0.001048661394260656,-8.64380444953356e-4,0.0010817189791626205,0.0012659999284699206
reef_blocked_2024,1,mmp,4146325,20-095,Seaforth Reef (20-095),2024,Central GBR,0,9.47,0,0.348719914826354,0.1,-0.2366546377751485,0,NA,0.0041,NA,NA,NA,NA,NA,0.00244207183092868,0.0011922513157876,9.486250800108264e-4,0.00263747487285992,0.00289359122112614,4.7454848744077105e-4,9.535286292725232e-4,0.00189392985244251,0.00244207183092868,0.0011922513157876,9.486250800108264e-4,0.00263747487285992,0.00289359122112614,4.7454848744077105e-4,9.535286292725232e-4,0.00189392985244251,0.0014934467509178538,-1.9540304193123997e-4,-4.515193901974599e-4,0.0012498205151410802,7.177028283468288e-4,-4.789801418317522e-4,-9.404012231699867e-4,-7.0167853665491e-4
reef_blocked_2024,1,ltmp,4223666,20-351b,Pompey Reef (No 2) (20-351b),2024,Southern GBR,0,8.63,0.26586271071453776,0,0.35,0,1.00000000000045,0,0,NA,NA,NA,NA,NA,0.12436810995186788,0.09782966633290116,0.12251978633291656,0.12124515409961792,0.08956604557840711,0.09097095432056047,0.1055252790568262,0.10330994339365708,0.12436810995186788,0.09782966633290116,0.12251978633291656,0.12124515409961792,0.08956604557840711,0.09097095432056047,0.1055252790568262,0.10330994339365708,0.0018483236189513197,0.0031229558522499618,0.03480206437346077,0.02653844361896672,0.006858712012340687,-0.014554324736265722,0.0022153356631691157,-0.00548027706075592
reef_blocked_2024,1,manta,4067069,20-351b,Pompey Reef (No 2) (20-351b),2024,Southern GBR,0.04145156284186047,8.63,0.26586271071453776,0,0.35,0,1.00000000000045,0,0,NA,NA,NA,NA,NA,0.1416083074832295,0.1196830358602624,0.14026380088749116,0.14332636560163942,0.102730519548858,0.1041881773581674,0.12791817271944472,0.12195806473206092,0.10015674464136903,0.07823147301840194,0.09881223804563068,0.10187480275977896,0.06127895670699752,0.06273661451630694,0.08646660987758426,0.08050650189020045,0.0013445065957383567,-0.0017180581184099292,0.038877787934371515,0.02192527162296709,0.015494858502095005,-0.023729995361277317,0.005960107987383806,-0.0022750288717985068
reef_blocked_2024,1,manta,4284566,21-550,U/N Reef (21-550),2024,Southern GBR,0.3105929180461531,7.85,0.22806223341999204,0.023349571128696,1,0.023349571128696,0,0.526315808296204,0.1427,NA,NA,NA,NA,NA,0.17594147410058478,0.1956307707017528,0.17981884317331517,0.1803901888527481,0.16926961324393328,0.17417034743531393,0.1865331000228955,0.17248818357123163,0.1346514439455683,0.11496214734440029,0.13077407487283793,0.13020272919340498,0.1413233048022198,0.13642257061083915,0.12405981802325758,0.13810473447492144,0.003877369072730369,0.004448714752163324,-0.006671860856651501,0.019689296601168013,-0.021460423266438863,0.012362752587581571,-0.014044916451663864,-0.023142587130521156
reef_blocked_2024,1,ltmp,4184037,21-556,Gannett Cay Reef (21-556),2024,Southern GBR,0.01898982005665171,8.47,0.01612053627624607,0.0454545468091965,1,0.0454545468091965,0,0,0.0144,b,NA,DHW 8.47,coral bleaching,DHW 8.47  coral bleaching,0.0052917619215015,0.02028938130527438,0.00256848376256748,0.00433861741682273,0.00842690034418006,0.02063849164387577,0.02039673585997497,0.02557148209716595,0.0136980581351502,0.00129956124862266,0.01642133629408423,0.01465120263982897,0.01056291971247164,0.00164867158722405,0.00140691580332325,0.00658166204051424,-0.00272327815893403,-9.531445046787688e-4,0.0031351384226785614,0.01239849688652754,-3.491103386013899e-4,2.4175578390079992e-4,-0.00517474623719099,-0.00528210079189158
reef_blocked_2024,1,manta,4284599,21-556,Gannett Cay Reef (21-556),2024,Southern GBR,0,8.47,0.01612053627624607,0.0454545468091965,1,0.0454545468091965,0,0,0.0144,b,NA,DHW 8.47,coral bleaching,DHW 8.47  coral bleaching,0.01335575327330425,0.03646279761187427,0.0101752997648977,0.01373244535151276,0.01510419487958133,0.03050233886550342,0.0341384049977597,0.0348015412339769,0.01335575327330425,0.03646279761187427,0.0101752997648977,0.01373244535151276,0.01510419487958133,0.03050233886550342,0.0341384049977597,0.0348015412339769,0.003180453508406551,-3.7669207820850877e-4,-0.0017484416062770788,-0.02310704433857002,0.005960458746370852,-0.003636066132256279,-6.631362362172002e-4,0.001661256377897373
reef_blocked_2024,1,ltmp,4232334,21-562,Turner Reef (21-562),2024,Southern GBR,0.10489837425504042,9.27,0.12813436740046336,0.0455957978304078,1,0.0455957978304078,0,0,0.0207,NA,NA,NA,NA,NA,0.07388908317164289,0.07399261435743919,0.07408029629748585,0.0685963402880424,0.08191882824885202,0.082644329780197,0.06651531143787368,0.07749586607713548,0.03100929108339753,0.03090575989760123,0.03081807795755457,0.03630203396699802,0.0229795460061884,0.02225404447484341,0.03838306281716674,0.02740250817790494,1.9121312584296016e-4,-0.005292742883600491,0.00802974507720913,1.0353118579629894e-4,0.008651715422757819,-0.016129018342323328,0.0109805546392618,0.003503251719696291
reef_blocked_2024,1,ltmp,4232335,21-562,Turner Reef (21-562),2024,Southern GBR,0,9.27,0.08656072859991064,0.0455957978304078,1,0.0455957978304078,0,0,0.0207,b,NA,NA,coral bleaching,coral bleaching,0.06821486107151968,0.07344730794023634,0.06845156601777488,0.06213890615992695,0.07695422025790027,0.07991134502894406,0.06352329193929333,0.07541984507639357,0.06821486107151968,0.07344730794023634,0.06845156601777488,0.06213890615992695,0.07695422025790027,0.07991134502894406,0.06352329193929333,0.07541984507639357,-2.3670494625520344e-4,0.006075954911592733,-0.008739359186380594,-0.005232446868716656,-0.0064640370887077275,0.01638805308965073,-0.011896553137100238,-0.0019725371361572347
reef_blocked_2024,1,manta,4284698,21-562,Turner Reef (21-562),2024,Southern GBR,0.3153081782272817,9.27,0.12813436740046336,0.0455957978304078,1,0.0455957978304078,0,0,0.0207,NA,NA,NA,NA,NA,0.15850454846596787,0.1350625950162536,0.15117272207865473,0.1537505848689928,0.14988573706969602,0.13128496293142314,0.11641004261118756,0.12875014494365022,0.15680362976131382,0.1802455832110281,0.16413545614862696,0.1615575933582889,0.16542244115758567,0.18402321529585855,0.19889813561609415,0.18655803328363144,-0.0073318263873131395,-0.00475396359697508,-0.008618811396271853,-0.02344195344971428,-0.003777632084830451,-0.014874920320235602,0.012340102332462716,-0.006312450072603337
reef_blocked_2024,1,manta,4284699,21-562,Turner Reef (21-562),2024,Southern GBR,0,9.27,0.08656072859991064,0.0455957978304078,1,0.0455957978304078,0,0,0.0207,b,NA,DHW 8.65 to 9.27,coral bleaching,DHW 8.65 to 9.27  coral bleaching,0.08963160335888899,0.086931350426254,0.08427787204798964,0.08679537553362547,0.08860520358093615,0.09551763011182517,0.07937350947554846,0.09056551099090213,0.08963160335888899,0.086931350426254,0.08427787204798964,0.08679537553362547,0.08860520358093615,0.09551763011182517,0.07937350947554846,0.09056551099090213,0.005353731310899348,0.002836227825263521,0.0010263997779528383,0.0027002529326349972,-0.008586279685571171,0.01614412063627671,-0.01119200151535367,-0.003634160564648131
reef_blocked_2024,1,mmp,4140753,22-009,Barren Island Reef (22-009),2024,Southern GBR,0.17115624670633436,11.06,0.53129173943683,1,0.55,0,0,NA,NA,b,NA,further decline as a result of bleaching in 2024,coral bleaching,further decline as a result of bleaching in 2024  coral bleaching,0.17609979532160008,0.18433347668659691,0.19543354507613916,0.18109677624824408,0.2181134553282715,0.2098129068589919,0.1841907536527757,0.1670304379260087,0.00494354861526571,0.01317722998026255,0.0242772983698048,0.00994052954190971,0.04695720862193714,0.03865666015265753,0.01303450694644137,0.00412580878032567,-0.01933374975453909,-0.004996980926644,-0.04201366000667143,-0.008233681364996841,-0.025479430172394978,0.025622153206216157,0.008908698166115699,0.00905142119993688
reef_blocked_2024,1,mmp,4140754,22-009,Barren Island Reef (22-009),2024,Southern GBR,0.5607580187998068,11.06,0.8432966093606045,1,0.55,0,0,NA,NA,b,NA,bleaching still evident at time of surveys,coral bleaching,bleaching still evident at time of surveys  coral bleaching,0.33487345543309144,0.27731791000511496,0.3415125458243494,0.33097471245785337,0.38000923433992995,0.3414626771164292,0.27945049900105184,0.259771528237555,0.22588456336671536,0.28344010879469184,0.21924547297545735,0.22978330634195343,0.18074878445987683,0.2192953416833776,0.28130751979875496,0.3009864905622518,0.006639090391258012,-0.0038987429752380676,0.045135778906838536,-0.05755554542797647,0.06414476711131423,-0.06201217811537735,-0.01967897076349684,-0.01754638176755996
reef_blocked_2024,1,mmp,4140772,22-009,Barren Island Reef (22-009),2024,Southern GBR,0.2354543608301246,11.06,0.9188685148426852,1,0.55,0,0,NA,NA,b,NA,further decline as a result of bleaching in 2024,coral bleaching,further decline as a result of bleaching in 2024  coral bleaching,0.25986709046036344,0.2285508801887841,0.2690125026047279,0.2636007036451706,0.32454333435888394,0.28233101058403404,0.2336872582825281,0.2307631843155769,0.02441272963023882,0.00690348064134049,0.03355814177460331,0.02814634281504596,0.08908897352875933,0.04687664975390943,0.00176710254759651,0.0046911765145477,-0.009145412144364491,-0.0037336131848071386,-0.0646762438985205,0.01750924898889833,-0.039973169112568936,0.04510954720631292,-0.0029240739669511894,0.0022123041267927907
reef_blocked_2024,1,mmp,4140773,22-009,Barren Island Reef (22-009),2024,Southern GBR,0.1182622800359385,11.06,0.9329570973491906,1,0.55,0,0,NA,NA,b,NA,bleaching still evident at time of surveys,coral bleaching,bleaching still evident at time of surveys  coral bleaching,0.25986709046036344,0.2285508801887841,0.2686701812522741,0.2636007036451706,0.32454333435888394,0.28233101058403404,0.2336872582825281,0.2307631843155769,0.14160481042442494,0.1102886001528456,0.1504079012163356,0.14533842360923208,0.20628105432294544,0.16406873054809554,0.1154249782465896,0.1125009042796384,-0.008803090791910662,-0.0037336131848071386,-0.0646762438985205,0.03131621027157934,-0.05378013039524994,0.048643752301505944,0.002924073966951199,-0.0022123041267927968
reef_blocked_2024,1,ltmp,4185533,23-055a,One Tree Island Reef (23-055a),2024,Southern GBR,0.7056209452888168,11.53,0.9167527148244318,0.0455607442369428,0.9,0.0455607442369428,0,0.0428571440279484,0.0397,m,NA,DHW 11,"coral bleaching, coral disease","DHW 11  coral bleaching, coral disease",0.5227545578897068,0.5263956114828341,0.5071285910324581,0.5203559114548639,0.4457029163357952,0.4882670484301469,0.5053068093373982,0.4723348333851691,0.18286638739911,0.1792253338059827,0.1984923542563587,0.18526503383395287,0.25991802895302163,0.21735389685866996,0.20031413595141856,0.23328611190364773,-0.015625966857248708,-0.002398646434842888,-0.07705164155391164,0.0036410535931272747,-0.03812856305268725,0.0170397609072514,-0.03297197595222917,-0.05406077809766502
reef_blocked_2024,1,manta,4284425,23-055a,One Tree Island Reef (23-055a),2024,Southern GBR,0.5107539897859481,11.53,0.9167527148244318,0.0455607442369428,0.9,0.0455607442369428,0,0.0428571440279484,0.0397,m,NA,Aerial bl 4 2024  DHW 11.81,"coral bleaching, coral disease, crown-of-thorns starfish, unknown storm","Aerial bl 4 2024  DHW 11.81  coral bleaching, coral disease, crown-of-thorns starfish, unknown storm",0.5012248879697935,0.5178935245949736,0.4830519298408187,0.4990761146380964,0.4290541625468769,0.48486922009114014,0.497936791986664,0.46103127364031093,0.00952910181615462,0.00713953480902551,0.02770205994512942,0.01167787514785173,0.08169982723907121,0.02588476969480796,0.01281719779928414,0.04972271614563717,-0.0181729581289748,-0.0021487733316971104,-0.0721707254229166,0.0023895670071291094,-0.01874523488578245,0.01306757189552382,-0.03690551834635303,-0.04258318133661166
reef_blocked_2024,1,ltmp,4181245,23-068,Erskine Reef (23-068),2024,Southern GBR,0.14256428051898865,11.17,0.8208239385774314,0.025341655981035,0.4,-0.0201128908281615,0,0,0,b,NA,Aerial bl 4 2024 DHW 11.17,coral bleaching,Aerial bl 4 2024 DHW 11.17  coral bleaching,0.3704360025246785,0.35883759056092895,0.3680625367747567,0.3624503635106975,0.3433009570448676,0.3574222531954415,0.34921386592595005,0.34371692881842614,0.22787172200568984,0.2162733100419403,0.22549825625576805,0.21988608299170884,0.20073667652587895,0.21485797267645287,0.2066495854069614,0.2011526482994375,0.0023734657499217826,0.007985639013981,0.027135045479810882,0.011598411963749528,0.0014153373654874346,0.008208387269491468,0.005496937107523914,0.015120661742502817
reef_blocked_2024,1,manta,4284411,23-068,Erskine Reef (23-068),2024,Southern GBR,0.06654453617104276,11.17,0.8208239385774314,0.025341655981035,0.4,-0.0201128908281615,0,0,0,b,NA,Aerial bl 4 2024 DHW 11.17,coral bleaching,Aerial bl 4 2024 DHW 11.17  coral bleaching,0.34561310142497387,0.3474146629723091,0.355846021873279,0.34479166489662677,0.3180846237950163,0.33242846836582807,0.34228687783010664,0.3363951797670235,0.2790685652539311,0.28087012680126633,0.28930148570223624,0.278247128725584,0.2515400876239735,0.2658839321947853,0.27574234165906386,0.2698506435959807,-0.01023292044830515,8.21436528347097e-4,0.027528477629957582,-0.0018015615473352398,0.01498619460648104,-0.009858409464278572,0.005891698063083151,0.011019483205285618
reef_blocked_2024,2,ltmp,4241126,11-016,McSweeney Reef (11-016),2024,Northern GBR,0,5.43,0,0.175338227942203,1,0.175338227942203,0,0,0.004,NA,NA,NA,NA,NA,0,0,0,0,0,0,0,0,0,0,0,0,0,0,0,0,0,0,0,0,0,0,0,0
reef_blocked_2024,2,ltmp,4169247,14-116a,Lizard Island Reef (North West) (14-116a),2024,Northern GBR,0,6.2700000000000005,0.14877724148928995,0.0473388095731419,0.6,0.02459738366791302,0,0,0,b,NA,DHW 6.27  aerial bl 4,NA,DHW 6.27  aerial bl 4,0.0505699637554553,0.08470188024414198,0.04192588719655994,0.05563077618208303,0.04390498653209435,0.08850441516610298,0.08702959672072477,0.06307002284953071,0.0505699637554553,0.08470188024414198,0.04192588719655994,0.05563077618208303,0.04390498653209435,0.08850441516610298,0.08702959672072477,0.06307002284953071,0.008644076558895361,-0.005060812426627731,0.00666497722336095,-0.03413191648868668,-0.003802534921961004,0.0014748184453782093,0.02395957387119406,0.021631857394611265
reef_blocked_2024,2,manta,4285515,14-116a,Lizard Island Reef (North West) (14-116a),2024,Northern GBR,0.4615802349862708,6.2700000000000005,0.14877724148928995,0.0473388095731419,0.6,0.02459738366791302,0,0,0,b,NA,DHW 6.27  aerial bl 4,coral bleaching,DHW 6.27  aerial bl 4  coral bleaching,0.09333436185313557,0.14471007294788202,0.07631833113368103,0.10201644877399094,0.078493298262202,0.14360995135776214,0.14699726381895026,0.11766160135724917,0.3682458731331352,0.31687016203838875,0.38526190385258974,0.3595637862122798,0.3830869367240688,0.31797028362850865,0.3145829711673205,0.34391863362902164,-0.01701603071945451,0.008682086920855425,-0.014841063590933568,0.05137571109474648,-0.0011001215901199068,0.0033873124611881744,-0.029335662461701162,-0.027048471590632894
reef_blocked_2024,2,manta,3988509,14-147a,South Direction Reef (North) (14-147a),2024,Northern GBR,0.2226589198311119,6.4,0.41269945972762634,0.0447928826902812,0.5,0.02107278940083535,0,0,0.0076,b,NA,DHW 6.4 aerial bl 5,coral bleaching,DHW 6.4 aerial bl 5  coral bleaching,0.14766204387500792,0.2184469157715338,0.1439211889073149,0.1537929852753492,0.14446774376830968,0.218539539607329,0.217097665232112,0.2125467836782211,0.07499687595610402,0.00421200405957813,0.07873773092379704,0.06886593455576273,0.07819117606280226,0.00411938022378294,0.00556125459899994,0.01011213615289083,-0.0037408549676930247,0.006130941400341289,-0.0031943001066982446,0.0707848718965259,9.262383579519001e-5,-0.001441874375217,-0.004550881553890889,-0.005900132093312699
reef_blocked_2024,2,mmp,4162774,16-054a,Fitzroy Island Reef (No 1) (16-054a),2024,Central GBR,0.5242365308289569,7.82,0.589862940713534,0.529954681473679,0.9,0.18146982260318445,0,0,1e-4,b | m,NA,partial bleaching during bleaching surveys Feb24 | bleaching observed during targetted bleaching surveys,"coral bleaching at 2.0 m only | coral bleaching at 2.0 m only, Cyclone Jasper","partial bleaching during bleaching surveys Feb24 | bleaching observed during targetted bleaching surveys  coral bleaching at 2.0 m only | coral bleaching at 2.0 m only, Cyclone Jasper",0.3329608810427668,0.41246262044222054,0.338977639922211,0.32534711154989054,0.32693404963975553,0.3955699284765706,0.4161246470937141,0.3894261446120469,0.19127564978619016,0.1117739103867364,0.1852588909067459,0.1988894192790664,0.1973024811892014,0.12866660235238636,0.10811188373524289,0.13481038621691005,0.006016758879444251,-0.007613769492876232,-0.006026831403011246,0.07950173939945376,-0.016892691965649964,0.020554718617143475,-0.026698502481667163,-0.023036475830173653
reef_blocked_2024,2,mmp,4162795,16-054a,Fitzroy Island Reef (No 1) (16-054a),2024,Central GBR,0.07995491504811622,7.82,0.24786093423705963,0.529954681473679,0.9,0.18146982260318445,0,0,1e-4,b | m,NA,partial bleaching during bleaching surveys Feb24 | bleaching observed during targetted bleaching surveys,"coral bleaching at 2.0 m only | coral bleaching at 2.0 m only, Cyclone Jasper","partial bleaching during bleaching surveys Feb24 | bleaching observed during targetted bleaching surveys  coral bleaching at 2.0 m only | coral bleaching at 2.0 m only, Cyclone Jasper",0.1024241846814548,0.1577728367408987,0.12181045186930078,0.10139595727684853,0.11225843878096615,0.164269487697865,0.16205551273937271,0.15235879997362303,0.02246926963333859,0.07781792169278248,0.04185553682118456,0.02144104222873229,0.03230352373284993,0.08431457264974879,0.0821005976912565,0.07240388492550681,-0.019386267187845967,0.0010282274046062995,-0.009834254099511337,-0.05534865205944389,-0.0064966509569663045,0.002213974958492293,0.009696712765749682,0.005414036767275671
reef_blocked_2024,2,mmp,4162816,16-054a,Fitzroy Island Reef (No 1) (16-054a),2024,Central GBR,0.2690843862833956,7.82,0.589862940713534,0.529954681473679,0.9,0.18146982260318445,0,0,1e-4,b | m,NA,partial bleaching during bleaching surveys Feb24 | bleaching observed during targetted bleaching surveys,"coral bleaching at 2.0 m only | coral bleaching at 2.0 m only, Cyclone Jasper","partial bleaching during bleaching surveys Feb24 | bleaching observed during targetted bleaching surveys  coral bleaching at 2.0 m only | coral bleaching at 2.0 m only, Cyclone Jasper",0.2579182984599166,0.33571849104079954,0.25815704565618863,0.2507234671876869,0.25062233923160937,0.31912698627207375,0.33374023340684383,0.30915089927303774,0.01116608782347899,0.06663410475740394,0.01092734062720696,0.01836091909570869,0.01846204705178622,0.05004259998867816,0.06465584712344824,0.04006651298964214,2.387471962720291e-4,-0.007194831272229701,-0.00729595922830723,-0.05546801693392495,0.016591504768725784,-0.01461324713477008,0.024589334133806103,0.026567591767761807
reef_blocked_2024,2,mmp,4162832,16-054a,Fitzroy Island Reef (No 1) (16-054a),2024,Central GBR,0,7.82,0.24786093423705963,0.529954681473679,0.9,0.18146982260318445,0,0,1e-4,b | m,NA,partial bleaching during bleaching surveys Feb24 | bleaching observed during targetted bleaching surveys,"coral bleaching at 2.0 m only | coral bleaching at 2.0 m only, Cyclone Jasper","partial bleaching during bleaching surveys Feb24 | bleaching observed during targetted bleaching surveys  coral bleaching at 2.0 m only | coral bleaching at 2.0 m only, Cyclone Jasper",0.10085860116154542,0.15543394837227528,0.11966183840007356,0.09932112127598436,0.11025685804106032,0.16180469550544674,0.15928652857933376,0.1504416380797253,0.10085860116154542,0.15543394837227528,0.11966183840007356,0.09932112127598436,0.11025685804106032,0.16180469550544674,0.15928652857933376,0.1504416380797253,-0.018803237238528142,0.0015374798855610633,-0.009398256879514899,-0.05457534721072986,-0.006370747133171456,0.00251816692611298,0.00884489049960846,0.004992310292549984
reef_blocked_2024,2,ltmp,4179541,16-057,Hastings Reef (16-057),2024,Central GBR,0.1327893266155054,7.62,0.1802122772005963,0.08249482618129,0.9,0.05884948517955871,38,0,2e-4,m,Jasper,small decline,"Cyclone Jasper, coral bleaching","small decline Jasper Cyclone Jasper, coral bleaching",0.02417423796640059,0.04810938160832487,0.01839503930723067,0.0434027695952481,0.03194108796019804,0.04367551747213813,0.05433929040269613,0.05365515517045925,0.10861508864910482,0.08467994500718054,0.11439428730827474,0.0893865570202573,0.10084823865530736,0.08911380914336728,0.07845003621280927,0.07913417144504616,-0.005779198659169912,0.019228531628847523,0.007766849993797467,0.023935143641924284,-0.004433864136186738,0.010663772930558008,-6.841352322368849e-4,0.0055457735621343845
reef_blocked_2024,2,manta,4206246,16-057,Hastings Reef (16-057),2024,Central GBR,0.4288792674978628,7.62,0.1802122772005963,0.08249482618129,0.9,0.05884948517955871,38,0,2e-4,m,Jasper,Jasper,"Cyclone Jasper, coral bleaching","Jasper Jasper Cyclone Jasper, coral bleaching",0.06481898405565208,0.10958901009660912,0.04924208279462702,0.10201717335662824,0.08005454098021142,0.10040268363957865,0.12023079324700273,0.12089170006714708,0.3640602834422107,0.3192902574012537,0.3796371847032358,0.32686209414123457,0.3488247265176514,0.32847658385828415,0.30864847425086006,0.30798756743071576,-0.015576901261025122,0.037198189300976126,0.015235556924559301,0.04477002604095698,-0.009186326457030436,0.019828109607424094,6.609068201443025e-4,0.01130268997053796
reef_blocked_2024,2,ltmp,4236105,18-034,Myrmidon Reef (18-034),2024,Central GBR,0,8.73,0.15606337630475434,0,0.5,0,9,0,0,b,NA,DHW 7.18,NA,DHW 7.18,0.03257366296902542,0.05618494825919933,0.03033856108352861,0.02861932230817847,0.02743746880219269,0.06047540969890949,0.05273496952999747,0.05130542361329283,0.03257366296902542,0.05618494825919933,0.03033856108352861,0.02861932230817847,0.02743746880219269,0.06047540969890949,0.05273496952999747,0.05130542361329283,0.0022351018854968076,0.003954340660846947,0.005136194166832728,-0.02361128529017391,-0.0042904614397101595,0.0077404401689120175,0.00142954591670464,0.004879524645906498
reef_blocked_2024,2,ltmp,4236106,18-034,Myrmidon Reef (18-034),2024,Central GBR,0.10658121074123428,8.73,0.3299598280057257,0,0.5,0,9,0,0,b,NA,DHW 8.73 bleaching Kirrily,coral bleaching,DHW 8.73 bleaching Kirrily  coral bleaching,0.06045669205733329,0.08540862285588248,0.05959370866468282,0.05211092083385064,0.05344932622994645,0.0882786139066939,0.08038052677009291,0.07438872078299642,0.04612451868390099,0.0211725878853518,0.04698750207655146,0.05447028990738363,0.05313188451128782,0.01830259683454037,0.02620068397114136,0.03219248995823785,-8.629833926504724e-4,-0.008345771223482644,-0.007007365827386834,0.02495193079854919,0.002869991050811427,-0.007898087136600989,-0.005991805987096487,-0.01101990207288605
reef_blocked_2024,2,manta,4066112,18-034,Myrmidon Reef (18-034),2024,Central GBR,0.3643114357676447,8.73,0.15606337630475434,0,0.5,0,9,0,0,b,NA,DHW 7.18,coral bleaching,DHW 7.18  coral bleaching,0.07026766276225244,0.10726121814591694,0.06824354248340615,0.06543763873972679,0.06323255518300447,0.10483773201869154,0.09981978629637552,0.09381862091964611,0.29404377300539225,0.25705021762172775,0.29606789328423855,0.2988737970279179,0.3010788805846402,0.2594737037489532,0.26449164947126913,0.2704928148479986,-0.0020241202788462975,-0.004830024022525636,-0.007035107579247968,0.0369935553836645,-0.002423486127225427,-0.005017945722315953,-0.006001165376729456,-0.013442597226270836
reef_blocked_2024,2,manta,4066113,18-034,Myrmidon Reef (18-034),2024,Central GBR,0.06268897611282381,8.73,0.3299598280057257,0,0.5,0,9,0,0,m,NA,DHW 8.73,"coral bleaching, Cyclone Kirrily","DHW 8.73  coral bleaching, Cyclone Kirrily",0.10228668470667254,0.13911330406305028,0.09877292249514924,0.09235819265259376,0.09115400183471854,0.13559627468806598,0.1307084321755955,0.11982814131252104,0.03959770859384873,0.07642432795022647,0.03608394638232544,0.02966921653976993,0.02846502572189473,0.07290729857524217,0.06801945606277168,0.05713916519969724,0.0035137622115232886,0.009928492054078801,0.011132682871954,-0.03682661935637774,0.0035170293749842985,0.004887842512470486,0.010880290863074446,0.01928516275052923
reef_blocked_2024,2,mmp,4137924,18-049e,Orpheus (Goolboddi) Island Reef (No 5) (18-049e),2024,Central GBR,0.33651069129053574,5.37,0.9172638468175502,0.281607665198612,0.3,-0.049333424283445,0,NA,0.0011,m,NA,bleaching observed during targetted bleaching surveys,"coral bleaching, Cyclone Kirrily","bleaching observed during targetted bleaching surveys  coral bleaching, Cyclone Kirrily",0.15403333696893406,0.13778337034945393,0.13102200352016724,0.14570605788246077,0.1266723908683924,0.118546190881301,0.13579501284781478,0.14693276790705517,0.18247735432160167,0.1987273209410818,0.2054886877703685,0.19080463340807496,0.20983830042214333,0.2179645004092347,0.20071567844272095,0.1895779233834806,-0.023011333448766824,-0.008327279086473294,-0.027360946100541655,-0.01624996661948014,-0.0192371794681529,0.017248821966513755,0.011137755059240362,0.009149397557601219
reef_blocked_2024,2,mmp,4137940,18-049e,Orpheus (Goolboddi) Island Reef (No 5) (18-049e),2024,Central GBR,0.23408438029879564,5.37,0.8773050262564269,0.281607665198612,0.3,-0.049333424283445,0,NA,0.0011,m,NA,bleaching observed during targetted bleaching surveys,"coral bleaching, Cyclone Kirrily","bleaching observed during targetted bleaching surveys  coral bleaching, Cyclone Kirrily",0.1041820739515705,0.0938997300454578,0.08734565051710473,0.09401067371161508,0.08264059470507643,0.0841640554109116,0.08667393774153129,0.09976332729662084,0.12990230634722513,0.14018465025333782,0.1467387297816909,0.14007370658718055,0.1514437855937192,0.14992032488788404,0.14741044255726435,0.13432105300217478,-0.016836423434465758,-0.010171400239955414,-0.021541479246494077,-0.010282343906112684,-0.00973567463454622,0.0025098823306196894,0.013089389555089564,0.005863597251163033
reef_blocked_2024,2,ltmp,4235330,18-075,John Brewer Reef (18-075),2024,Central GBR,0,5.79,0.2646118463495706,0,0.45,0,3.5000000000008,0,0.0187,m,Kirrily,Cyclone Kirrily,NA,Cyclone Kirrily Kirrily,0.01561730125780924,0.01506009867227293,0.01548865288805401,0.01254382822199393,0.01325224224620345,0.01534856773096797,0.01430094073728539,0.0139546172581962,0.01561730125780924,0.01506009867227293,0.01548865288805401,0.01254382822199393,0.01325224224620345,0.01534856773096797,0.01430094073728539,0.0139546172581962,1.2864836975522848e-4,0.0030734730358153092,0.00236505901160579,5.572025855363101e-4,-2.884690586950414e-4,0.00104762699368258,3.46323479089191e-4,0.0011054814140767297
reef_blocked_2024,2,manta,4068096,18-075,John Brewer Reef (18-075),2024,Central GBR,0.26174312602717364,5.79,0.2646118463495706,0,0.45,0,3.5000000000008,0,0.0187,m,Kirrily,Cyclone Kirrily,"Cyclone Kirrily, coral bleaching","Cyclone Kirrily Kirrily Cyclone Kirrily, coral bleaching",0.04173096893854596,0.03113625270483971,0.04168544796567551,0.03568228778310885,0.03535192281437214,0.0318654896336546,0.03019313854055909,0.03253622478520104,0.22001215708862767,0.23060687332233393,0.22005767806149812,0.2260608382440648,0.2263912032128015,0.22987763639351905,0.23154998748661457,0.2292069012419726,-4.552097287044421e-5,-0.006048681155437136,-0.006379046124173837,-0.010594716233706253,7.292369288148803e-4,-0.0016723510930955199,0.0023430862446419676,0.001399972080361328
reef_blocked_2024,2,ltmp,4226931,18-081,Knife Reef (18-081),2024,Central GBR,0.09635988962854024,6.54,0.570519458454164,0,0.4,0,9,0,0.0042,m,NA,decline 5%  disease 60 DHW 6.54 Kirrily,"coral bleaching, coral disease","decline 5%  disease 60 DHW 6.54 Kirrily  coral bleaching, coral disease",0.08513212962158688,0.05570479365125028,0.0846520300044208,0.07329878172579689,0.07527559460075768,0.05760166383411531,0.05294907140648899,0.05438297204242976,0.01122776000695335,0.04065509597728995,0.01170785962411943,0.02306110790274335,0.02108429502778255,0.03875822579442492,0.04341081822205125,0.04197691758611047,-4.800996171660816e-4,-0.01183334789579,-0.0098565350208292,-0.0294273359703366,0.0018968701828650306,-0.004652592427626327,0.001433900635940781,-0.0013218216088205156
reef_blocked_2024,2,mmp,4156652,20-035a,Daydream Reef (No 1) (20-035a),2024,Central GBR,0,8.78,0.2598230662382889,0.582045224237017,0.1,-0.1913181768069775,0,NA,0.0019,NA,NA,NA,NA,NA,0.01836039315421319,0.0144593948838317,0.04074779419650923,0.02025353641054108,0.04620754813484869,0.02250109692092776,0.01416910781724512,0.01287779803134147,0.01836039315421319,0.0144593948838317,0.04074779419650923,0.02025353641054108,0.04620754813484869,0.02250109692092776,0.01416910781724512,0.01287779803134147,-0.02238740104229604,-0.0018931432563278894,-0.0278471549806355,0.0039009982703814908,-0.00804170203709606,0.008331989103682639,0.0012913097859036504,0.0015815968524902288
reef_blocked_2024,2,mmp,4156671,20-035a,Daydream Reef (No 1) (20-035a),2024,Central GBR,0,8.78,0.3450043885487789,0.582045224237017,0.1,-0.1913181768069775,0,NA,0.0019,NA,NA,NA,NA,NA,0.00670498570908483,0.00706941290535436,0.02586877012598412,0.00679125886533288,0.03024676022692558,0.012946543956539,0.00440947407680519,0.00361910543095434,0.00670498570908483,0.00706941290535436,0.02586877012598412,0.00679125886533288,0.03024676022692558,0.012946543956539,0.00440947407680519,0.00361910543095434,-0.019163784416899293,-8.627315624804965e-5,-0.02354177451784075,-3.644271962695298e-4,-0.005877131051184641,0.008537069879733811,7.903686458508499e-4,0.00345030747440002
reef_blocked_2024,2,manta,4067796,20-287,Credlin Reefs (East) (20-287),2024,Southern GBR,0,8.14,0.1631631572030451,0,0.45,0,14.2307692307692,0,0.0261,NA,NA,NA,NA,NA,0.06500364638432371,0.08283293303544449,0.06995616036680422,0.05917248738778769,0.05990454334652775,0.08299963113323228,0.07884384888684613,0.08662794317510165,0.06500364638432371,0.08283293303544449,0.06995616036680422,0.05917248738778769,0.05990454334652775,0.08299963113323228,0.07884384888684613,0.08662794317510165,-0.004952513982480505,0.005831158996536023,0.0050991030377959615,-0.017829286651120782,-1.6669809778778466e-4,0.004155782246386144,-0.007784094288255522,-0.0037950101396571623
reef_blocked_2024,2,manta,4049479,20-297,Creal Reef (20-297),2024,Southern GBR,0.14353057103012326,8.370000000000001,0.2396430089858636,0,0.35,0,30,0,0.0078,NA,NA,NA,NA,NA,0.2510288964148385,0.2732378295785977,0.23267268256088872,0.2334453520239802,0.22401349151930383,0.2615300060337933,0.28839374979302335,0.25719985091934405,0.10749832538471524,0.12970725854847445,0.08914211153076546,0.08991478099385694,0.08048292048918057,0.11799943500367002,0.14486317876290009,0.1136692798892208,0.018356213853949782,0.017583544390858297,0.027015404895534667,-0.022208933163759215,0.01170782354480443,-0.026863743759230063,0.03119389887367928,0.016037978659253646
reef_blocked_2024,2,manta,4066856,20-353,U/N Reef (20-353),2024,Southern GBR,0.18809007889069235,8.51,0.28257324232113723,0,0.35,0,15.5555555555556,NA,0.0051,b,NA,DHW 8.51,coral bleaching,DHW 8.51  coral bleaching,0.1716382190143252,0.20179594715451357,0.1707365813919076,0.15764267022565046,0.15886247483662774,0.19268087189181057,0.20220494438161585,0.19352475044759365,0.01645185987636716,0.01370586826382122,0.01735349749878476,0.03044740866504189,0.0292276040540646,0.00459079300111819,0.01411486549092347,0.0054346715569013,-9.016376224176004e-4,-0.01399554878867473,-0.012775744177697442,0.002745991612545939,0.00911507526270303,-0.00952407248980528,0.00868019393402217,0.00827119670691992
reef_blocked_2024,2,ltmp,4223966,21-025,Penrith Reef (21-025),2024,Southern GBR,0,8.25,0.02455375498852522,0,0.4,0,4,0,0,NA,NA,NA,NA,NA,0.00252364223084493,0.00163287514876368,0.00249297821561681,0.00106657946978933,0.00164018463777448,0.0028411907179593,0.00310377269505529,0.0031742075020553,0.00252364223084493,0.00163287514876368,0.00249297821561681,0.00106657946978933,0.00164018463777448,0.0028411907179593,0.00310377269505529,0.0031742075020553,3.0664015228120105e-5,0.0014570627610556,8.8345759307045e-4,8.9076708208125e-4,-0.00120831556919562,-2.6258197709599007e-4,-7.043480700001008e-5,-0.0015413323532916202
reef_blocked_2024,2,manta,4067168,21-025,Penrith Reef (21-025),2024,Southern GBR,0.4209413337751398,8.25,0.02455375498852522,0,0.4,0,4,0,0,NA,NA,NA,NA,NA,0.03224118492656434,0.03842929418570383,0.03104563757714306,0.02364520233647844,0.02501427281618854,0.0431656732596654,0.04074165635008717,0.0445510468672011,0.3887001488485755,0.382512039589436,0.3898956961979968,0.39729613143866144,0.3959270609589513,0.37777566051547445,0.3801996774250527,0.37639028690793874,-0.0011955473494212887,-0.008595982590085927,-0.007226912110375794,0.006188109259139485,0.004736379073961572,-0.0024240169095782194,0.003809390517113931,0.006121752681497283
reef_blocked_2024,2,ltmp,4238621,21-305,East Cay Reef (21-305),2024,Southern GBR,0.17436133243673674,7.67,0.209397721527752,0.0429008331167437,1,0.0429008331167437,4,NA,0.0421,b,NA,Aerial bl 5 2024 DHW 7.67,NA,Aerial bl 5 2024 DHW 7.67,0.14916695822475712,0.12513133937108192,0.1403686441803165,0.1281283273540493,0.12414022338675022,0.10990603965383,0.1022862804297546,0.1076200235588578,0.02519437421197962,0.04922999306565481,0.03399268825642024,0.04623300508268743,0.05022110904998651,0.06445529278290675,0.07207505200698214,0.06674130887787894,-0.00879831404444062,-0.021038630870707807,-0.025026734838006888,-0.024035618853675188,-0.015225299717251943,-0.007619759224075387,0.005333743129103202,-0.017511315812224128
reef_blocked_2024,2,ltmp,4238622,21-305,East Cay Reef (21-305),2024,Southern GBR,0.19028260394560065,7.67,0.21688656916806204,0.0429008331167437,1,0.0429008331167437,4,NA,0.0421,b,NA,DHW 7.67 mass loss of SC,coral bleaching,DHW 7.67 mass loss of SC  coral bleaching,0.1293719461146285,0.12230197064282312,0.1254016127750767,0.11246603659160216,0.111192132586952,0.1095604239626673,0.09731438982471492,0.10398904007102124,0.06091065783097216,0.06798063330277752,0.06488099117052396,0.07781656735399849,0.07909047135864865,0.08072217998293335,0.09296821412088573,0.08629356387457941,-0.003970333339551796,-0.016905909523026327,-0.01817981352767649,-0.007069975471805365,-0.012741546680155827,-0.012246034137952375,0.006674650246306313,-0.01831293057180189
reef_blocked_2024,2,manta,4284380,21-305,East Cay Reef (21-305),2024,Southern GBR,0.2779171356313509,7.67,0.21688656916806204,0.0429008331167437,1,0.0429008331167437,4,NA,0.0421,b,NA,Aerial bl 5 2024 DHW 7.67,coral bleaching,Aerial bl 5 2024 DHW 7.67  coral bleaching,0.1508395659484412,0.16620861688733876,0.15597742662321715,0.13307373125684596,0.13849107233481978,0.1526657745073381,0.1413177994667082,0.13840484065718167,0.1270775696829097,0.11170851874401214,0.12193970900813376,0.14484340437450494,0.13942606329653112,0.1252513611240128,0.1365993361646427,0.13951229497416923,0.0051378606747759376,-0.017765834691595234,-0.01234849361362142,0.015369050938897566,-0.01354284238000067,-0.011347975040629898,-0.0029129588095265224,-0.02780377623015709
reef_blocked_2024,2,ltmp,4223356,21-591,U/N Reef (21-591),2024,Southern GBR,0,8.13,0.3441447761193373,0,0.35,0,4,0,0,NA,NA,NA,NA,NA,0.10211484979919222,0.06967321637475815,0.08023178216375626,0.08655262812575652,0.0687441961722775,0.05594186967549371,0.06967150689957895,0.06816687321154453,0.10211484979919222,0.06967321637475815,0.08023178216375626,0.08655262812575652,0.0687441961722775,0.05594186967549371,0.06967150689957895,0.06816687321154453,0.02188306763543596,0.015562221673435697,0.033370653626914715,0.03244163342443407,0.013731346699264443,-0.01372963722408524,0.0015046336880344124,0.0015063431632136165
reef_blocked_2024,2,manta,4067531,21-591,U/N Reef (21-591),2024,Southern GBR,0,8.13,0.3441447761193373,0,0.35,0,4,0,0,NA,NA,NA,NA,NA,0.14146350353664464,0.12547487505046095,0.13315529849916763,0.1294800898576222,0.11961911333492292,0.11575556713656791,0.1251303928890963,0.12528698735185032,0.14146350353664464,0.12547487505046095,0.13315529849916763,0.1294800898576222,0.11961911333492292,0.11575556713656791,0.1251303928890963,0.12528698735185032,0.008308205037477007,0.011983413679022448,0.021844390201721714,0.01598862848618368,0.009719307913893041,-0.00937482575252839,-1.5659446275401168e-4,1.8788769861063925e-4
reef_blocked_2024,2,manta,4284476,22-084,U/N Reef (22-084),2024,Southern GBR,0.2971606639822993,8.47,0.10148678379186,0.0454545468091965,1,0.0454545468091965,0,0,0.0144,NA,NA,NA,NA,NA,0.0412563106537072,0.04988969403483013,0.04088569792045285,0.04540431629496047,0.04507187507202387,0.05423516137477013,0.03937831526658632,0.03384221975053783,0.25590435332859207,0.24727096994746917,0.2562749660618464,0.2517563476873388,0.2520887889102754,0.24292550260752915,0.257782348715713,0.26331844423176143,-3.706127332543385e-4,0.004148005641253283,0.0038155644183166526,0.008633383381122905,0.004345467339940012,-0.01485684610818383,-0.005536095516048445,-0.016047474284292262
reef_blocked_2024,2,ltmp,4186339,22-102,Chinaman Reef (22-102),2024,Southern GBR,0.1549831580635079,9.41,0.14325013683013463,0.0454545468091965,1,0.0454545468091965,0,0,0.0124,b,NA,decline hc,coral bleaching,decline hc  coral bleaching,0.0818390815503477,0.08143965810577747,0.07840027684693847,0.09439080009834816,0.09130588911095967,0.0877715917096078,0.07676830552004116,0.06997562241175688,0.0731440765131602,0.07354349995773043,0.07658288121656943,0.06059235796515973,0.06367726895254823,0.0672115663539001,0.07821485254346675,0.08500753565175102,-0.0034388047034092373,0.012551718548000468,0.009466807560611967,-3.994234445702377e-4,0.006331933603830331,-0.011003286189566641,-0.006792683108284278,-0.011464035694020588
reef_blocked_2024,2,manta,4284635,22-102,Chinaman Reef (22-102),2024,Southern GBR,0,9.41,0.14325013683013463,0.0454545468091965,1,0.0454545468091965,0,0,0.0124,b,NA,Aerial bl 3 2024 DHW 9.57,coral bleaching,Aerial bl 3 2024 DHW 9.57  coral bleaching,0.12736759087738672,0.10821513736863075,0.11842707610049814,0.13677232783248316,0.12877854400149497,0.10866933272638996,0.1032569956864863,0.09575118889732326,0.12736759087738672,0.10821513736863075,0.11842707610049814,0.13677232783248316,0.12877854400149497,0.10866933272638996,0.1032569956864863,0.09575118889732326,0.008940514776888578,-0.009404736955096443,-0.001410953124108244,0.019152453508755968,-4.541953577592017e-4,0.005412337039903653,0.007505806789163044,0.012463948471307496
reef_blocked_2024,2,ltmp,4182001,22-104a,Horseshoe Reef (No 1) (22-104a),2024,Southern GBR,0.10896430189600032,9.08,0.4872440402232475,0.0440845602679131,1,0.0440845602679131,0,0.0352941192686558,0.0187,b,NA,hc decline,coral bleaching,hc decline  coral bleaching,0.10979601763121656,0.1219324022469702,0.09802980021144247,0.11637485258906864,0.10708703425803089,0.1179867483311008,0.10427600497713246,0.08813999800944286,8.317157352162596e-4,0.01296810035096988,0.01093450168455784,0.00741055069306832,0.00187726763796942,0.00902244643510048,0.00468829691886785,0.02082430388655745,-0.01010278594934158,-0.00657883495785206,-0.0010455519027531605,-0.01213638461575362,0.0039456539158694,0.00433414951623263,-0.016136006967689603,-0.007856203535587572
reef_blocked_2024,2,manta,3989230,22-104a,Horseshoe Reef (No 1) (22-104a),2024,Southern GBR,0.0026179461240754,9.08,0.4872440402232475,0.0440845602679131,1,0.0440845602679131,0,0.0352941192686558,0.0187,b,NA,DHW 9.19,coral bleaching,DHW 9.19  coral bleaching,0.10727539421789307,0.11179894826901828,0.10092890548555124,0.10972486612250117,0.10507856689553458,0.10119587841125376,0.09024402361140084,0.08266967638185935,0.10465744809381768,0.10918100214494288,0.09831095936147584,0.10710691999842575,0.10246062077145918,0.09857793228717836,0.08762607748732545,0.08005173025778395,0.006346488732341837,-0.0024494719046080776,0.0021968273223584994,-0.0045235540511252,0.010603069857764519,0.010951854799852903,0.007574347229541506,0.029129271887158928
reef_blocked_2024,2,ltmp,4181617,23-069,Mast Head Reef (23-069),2024,Southern GBR,0.2019468711406776,11.08,0.7967591332408196,0.00124849993778155,0.4,-0.04420604687141495,0,0,0,b,NA,decline in hc,coral bleaching,decline in hc  coral bleaching,0.15173083424662315,0.13460795891866686,0.13901368491092225,0.15883536134678602,0.14383008390600682,0.1437293661794239,0.14576296667924094,0.1363924163123697,0.05021603689405446,0.06733891222201074,0.06293318622975536,0.04311150979389158,0.05811678723467078,0.05821750496125372,0.05618390446143667,0.0655544548283079,-0.012717149335700895,0.007104527100162884,-0.007900750340616318,-0.017122875327956283,0.009121407260757025,0.0020336004998170454,-0.009370550366871233,0.0017844573937028374
reef_blocked_2024,2,manta,4284513,23-069,Mast Head Reef (23-069),2024,Southern GBR,0.27324709489204596,11.08,0.7967591332408196,0.00124849993778155,0.4,-0.04420604687141495,0,0,0,b,NA,DHW 11.17,coral bleaching,DHW 11.17  coral bleaching,0.1755046033483407,0.1584747518247357,0.16217945526532385,0.1788573468303428,0.16682140206486196,0.1632703380129715,0.16592450443803516,0.15879496381702865,0.09774249154370526,0.1147723430673103,0.11106763962672211,0.09438974806170317,0.106425692827184,0.10997675687907446,0.1073225904540108,0.11445213107501732,-0.013325148083016852,0.0033527434820020963,-0.008683201283478742,-0.017029851523605033,0.004795586188235834,0.0026541664250636643,-0.007129540621006528,3.202119922929708e-4
reef_blocked_2024,3,ltmp,4240946,11-029,Monsoon Reef (11-029),2024,Northern GBR,0.04432306029797992,5.4,0.04414182150574954,0.143377982925101,0.9,0.143377982925101,0,0.0740740746259689,0.0598,NA,NA,NA,NA,NA,0,0.00714344557863905,0.00147152481689636,0.00392293525193379,3.744970929584045e-4,0.00355728146038158,0.01424943238368825,0.01590440712058647,0.04432306029797992,0.03717961471934087,0.04285153548108356,0.04040012504604613,0.04394856320502152,0.04076577883759833,0.03007362791429167,0.02841865317739345,0.0014715248168963649,0.003922935251933796,3.744970929584063e-4,0.007143445578639052,-0.0035861641182574552,0.010692150923306658,0.0016549747368982196,0.008760961541947422
reef_blocked_2024,3,ltmp,4241313,12-056,Mantis Reef (12-056),2024,Northern GBR,0.1187941519452774,8.73,0.216141422466712,0.058949040699155,0.9,0.01226818083992944,0,0,0,b,NA,similar hc to prior but slightly lower,coral bleaching,similar hc to prior but slightly lower  coral bleaching,0.0269141240435385,0.01945332035319844,0.0225817576229806,0.0295729994937922,0.02913480628951069,0.0144387431806977,0.04602183018447061,0.04882435311089374,0.09188002790173892,0.09934083159207896,0.0962123943222968,0.08922115245148521,0.08965934565576672,0.10435540876457972,0.07277232176080681,0.06996979883438367,-0.0043323664205578705,0.0026588754502537143,0.0022206822459722025,-0.007460803690340037,-0.005014577172500756,0.03158308700377291,0.0028025229264231344,0.029371032757695287
reef_blocked_2024,3,manta,4285298,12-056,Mantis Reef (12-056),2024,Northern GBR,0.2638245588761013,8.73,0.216141422466712,0.058949040699155,0.9,0.01226818083992944,0,0,0,b,NA,DHW 8.91,coral bleaching,DHW 8.91  coral bleaching,0.11993162178656087,0.1265176828205986,0.106264939014195,0.128625636977008,0.12056685340821294,0.10130368301451316,0.16542502818135094,0.17406287138041313,0.14389293708954043,0.13730687605550268,0.1575596198619063,0.1351989218990933,0.14325770546788835,0.16252087586158814,0.09839953069475035,0.08976168749568816,-0.013666682772365879,0.00869401519044713,6.35231621652077e-4,0.006586061034037749,-0.025213999806085463,0.06412134516683779,0.00863784319906219,0.047545188559814516
reef_blocked_2024,3,ltmp,4173742,14-137,Carter Reef (14-137),2024,Northern GBR,0,8.21,0.18196194788730016,0,0.4,0,0,0,0,b,NA,DHW 8.21,NA,DHW 8.21,0.10962036050829448,0.1278082623276529,0.11300272313627206,0.08903394049210127,0.1079521670939818,0.14467845145544153,0.1546233840244179,0.14910407207342177,0.10962036050829448,0.1278082623276529,0.11300272313627206,0.08903394049210127,0.1079521670939818,0.14467845145544153,0.1546233840244179,0.14910407207342177,-0.0033823626279775865,0.020586420016193208,0.0016681934143126798,-0.018187901819358435,-0.01687018912778862,-0.009944932568976356,0.005519311950996114,-0.021295809745768862
reef_blocked_2024,3,manta,3988787,14-137,Carter Reef (14-137),2024,Northern GBR,0,8.21,0.18196194788730016,0,0.4,0,0,0,0,b,NA,DHW 8.21,coral bleaching,DHW 8.21  coral bleaching,0.16130784258382258,0.17224420166984014,0.1463448643457616,0.1368598847750664,0.14228081356029332,0.1822171115871844,0.17906673718145816,0.17096888487299663,0.16130784258382258,0.17224420166984014,0.1463448643457616,0.1368598847750664,0.14228081356029332,0.1822171115871844,0.17906673718145816,0.17096888487299663,0.014962978238060975,0.024447957808756193,0.019027029023529263,-0.01093635908601756,-0.009972909917344258,0.0031503744057262417,0.008097852308461523,0.0012753167968435064
reef_blocked_2024,3,ltmp,4169991,14-139,No Name Reef (14-139),2024,Northern GBR,0,7.61,0.28556436252650325,0,0.45,0,0,0,0,b,NA,increase in hc,coral bleaching,increase in hc  coral bleaching,0.05115670193280139,0.1322127789563497,0.07606340408588723,0.06283287459985984,0.05912292457209379,0.14861110452923332,0.12911534721939769,0.12531417287028893,0.05115670193280139,0.1322127789563497,0.07606340408588723,0.06283287459985984,0.05912292457209379,0.14861110452923332,0.12911534721939769,0.12531417287028893,-0.02490670215308584,-0.011676172667058449,-0.007966222639292399,-0.0810560770235483,-0.01639832557288362,0.019495757309835632,0.00380117434910876,0.006898606086060771
reef_blocked_2024,3,manta,3988849,14-139,No Name Reef (14-139),2024,Northern GBR,0,7.61,0.28556436252650325,0,0.45,0,0,0,0,b,NA,DHW 7.98 aerial bl 1,coral bleaching,DHW 7.98 aerial bl 1  coral bleaching,0.03497202004060613,0.0787981145341703,0.05471918884335527,0.04394024463111741,0.03518720377840636,0.09597845013618964,0.07866786623361227,0.07638639553099202,0.03497202004060613,0.0787981145341703,0.05471918884335527,0.04394024463111741,0.03518720377840636,0.09597845013618964,0.07866786623361227,0.07638639553099202,-0.01974716880274914,-0.008968224590511283,-2.1518373780023137e-4,-0.043826094493564165,-0.017180335602019342,0.017310583902577364,0.0022814707026202474,0.00241171900317827
reef_blocked_2024,3,mmp,4164846,17-009a,Tobias Spit (17-009a),2024,Central GBR,0.5493500371623812,6.32,0.2715440227550341,0.748991096360115,0.8,0.14855903622271094,0,NA,1e-4,m,NA,clear depth limit to level of mortality,"flood waters at 2.0 m only, Cyclone Jasper at 2.0 m only, crown-of-thorns starfish at 5.0 m only","clear depth limit to level of mortality  flood waters at 2.0 m only, Cyclone Jasper at 2.0 m only, crown-of-thorns starfish at 5.0 m only",0.16453240569263325,0.2678297706552556,0.19325476207793,0.17767860861496776,0.1723843067987436,0.2634504566499787,0.2471167453687565,0.22080974686720897,0.3848176314697479,0.2815202665071256,0.35609527508445116,0.3716714285474134,0.3769657303636376,0.2858995805124025,0.3022332917936247,0.3285402902951722,0.028722356385296743,0.013146202922334482,0.007851901106110282,0.10329736496262232,-0.004379314005276913,-0.016333711281222185,-0.026306998501547496,-0.047020023788046594
reef_blocked_2024,3,mmp,4164863,17-009a,Tobias Spit (17-009a),2024,Central GBR,0,6.32,0.2715440227550341,0.748991096360115,0.8,0.14855903622271094,0,NA,1e-4,m,NA,clear depth limit to level of mortality,"flood waters at 2.0 m only, Cyclone Jasper at 2.0 m only, crown-of-thorns starfish at 5.0 m only","clear depth limit to level of mortality  flood waters at 2.0 m only, Cyclone Jasper at 2.0 m only, crown-of-thorns starfish at 5.0 m only",0.29520078595108157,0.434730002694312,0.2966824140796317,0.30415580381636287,0.30448604738997503,0.4329411614015461,0.3639714216787922,0.3357734132145986,0.29520078595108157,0.434730002694312,0.2966824140796317,0.30415580381636287,0.30448604738997503,0.4329411614015461,0.3639714216787922,0.3357734132145986,-0.0014816281285501276,-0.0089550178652813,-0.009285261438893466,-0.13952921674323043,0.001788841292765908,0.06896973972275389,0.028198008464193625,0.09895658947971342
reef_blocked_2024,3,mmp,4164883,17-009a,Tobias Spit (17-009a),2024,Central GBR,0.07674865937178825,6.32,0.22859264013099512,0.748991096360115,0.8,0.14855903622271094,0,NA,1e-4,m,NA,clear depth limit to level of mortality,"flood waters at 2.0 m only, Cyclone Jasper at 2.0 m only, crown-of-thorns starfish at 5.0 m only","clear depth limit to level of mortality  flood waters at 2.0 m only, Cyclone Jasper at 2.0 m only, crown-of-thorns starfish at 5.0 m only",0.11215263186516354,0.1797772433579476,0.15460249386656544,0.145071708442559,0.12363872465704216,0.19718676615109684,0.1980401394344616,0.18002099963398746,0.03540397249337529,0.10302858398615934,0.07785383449477719,0.06832304907077076,0.04689006528525391,0.1204381067793086,0.12129148006267332,0.1032723402621992,-0.0424498620014019,-0.03291907657739547,-0.011486092791878622,-0.06762461149278405,-0.017409522793149265,-8.533732833647112e-4,0.01801913980047412,-2.437562760398554e-4
reef_blocked_2024,3,mmp,4164900,17-009a,Tobias Spit (17-009a),2024,Central GBR,0,6.32,0.22859264013099512,0.748991096360115,0.8,0.14855903622271094,0,NA,1e-4,m,NA,clear depth limit to level of mortality,"flood waters at 2.0 m only, Cyclone Jasper at 2.0 m only, crown-of-thorns starfish at 5.0 m only","clear depth limit to level of mortality  flood waters at 2.0 m only, Cyclone Jasper at 2.0 m only, crown-of-thorns starfish at 5.0 m only",0.0281659785631006,0.06448270775419895,0.05406400348446451,0.04665942891862697,0.04288646650205692,0.07893793801150994,0.09835438488075512,0.08955159694804411,0.0281659785631006,0.06448270775419895,0.05406400348446451,0.04665942891862697,0.04288646650205692,0.07893793801150994,0.09835438488075512,0.08955159694804411,-0.02589802492136391,-0.01849345035552637,-0.014720487938956323,-0.03631672919109835,-0.014455230257310991,-0.01941644686924518,0.008802787932711012,-0.02506888919384516
reef_blocked_2024,3,ltmp,3753785,17-024,Peart Reef (17-024),2024,Central GBR,0.09176739690951512,5.4,0.32131913917438787,0.0632850722604437,0.7,0.01779391253058185,8.526512829121199e-13,0,0,b,NA,NA,coral bleaching,coral bleaching,0.08734477296007175,0.16062259717231175,0.08649243392114074,0.08295725990229132,0.07867453982274802,0.16489422357475986,0.18328283396986703,0.17760485707464255,0.00442262394944338,0.06885520026279662,0.00527496298837439,0.00881013700722381,0.0130928570867671,0.07312682666524473,0.0915154370603519,0.08583746016512742,-8.5233903893101e-4,-0.004387513057780429,-0.00867023313732372,-0.06443257631335324,-0.004271626402448103,-0.01838861039510717,0.005677976895224479,-0.016982259902330793
reef_blocked_2024,3,manta,4067477,17-024,Peart Reef (17-024),2024,Central GBR,0.16297797479960072,5.4,0.32131913917438787,0.0632850722604437,0.7,0.01779391253058185,8.526512829121199e-13,0,0,b,NA,DHW 5.4,coral bleaching,DHW 5.4  coral bleaching,0.06006498741458976,0.12917548808560844,0.05621168492379341,0.05995451875874878,0.05848237007827877,0.129702869932775,0.13169048871915431,0.12414926175546616,0.10291298738501096,0.03380248671399227,0.1067662898758073,0.10302345604085196,0.10449560472132194,0.03327510486682572,0.0312874860804464,0.03882871304413454,-0.003853302490796337,-1.1046865584099508e-4,-0.0015826173363109736,0.0691105006710187,5.273818471665456e-4,0.0019876187863793193,-0.007541226963688134,-0.005026226330142269
reef_blocked_2024,3,ltmp,4239584,18-032,Rib Reef (18-032),2024,Central GBR,0,6.7,0.25835783163767373,0.0708951209808588,1,0.0708951209808588,7,0,7e-4,b,NA,DHW 6.7,NA,DHW 6.7,0.05074448736203948,0.01802468662682982,0.04789268053806707,0.04870866018740368,0.03009866369535119,0.00899299870877473,0.01268404617438473,0.01389664590387965,0.05074448736203948,0.01802468662682982,0.04789268053806707,0.04870866018740368,0.03009866369535119,0.00899299870877473,0.01268404617438473,0.01389664590387965,0.0028518068239724095,0.002035827174635803,0.02064582366668829,0.032719800735209664,0.009031687918055089,-0.0036910474656099996,-0.001212599729494921,0.004128040722950168
reef_blocked_2024,3,manta,4068045,18-032,Rib Reef (18-032),2024,Central GBR,0,6.7,0.25835783163767373,0.0708951209808588,1,0.0708951209808588,7,0,7e-4,b,NA,DHW 6.7,coral bleaching,DHW 6.7  coral bleaching,0.07310020714589002,0.03924183351294115,0.07454896272706145,0.07429479288546278,0.04635593857000587,0.02211738319869007,0.02207790336344617,0.02569785204635999,0.07310020714589002,0.03924183351294115,0.07454896272706145,0.07429479288546278,0.04635593857000587,0.02211738319869007,0.02207790336344617,0.02569785204635999,-0.0014487555811714264,-0.0011945857395727622,0.026744268575884154,0.03385837363294887,0.017124450314251083,3.9479835243900335e-5,-0.0036199486829138205,0.013543981466581163
reef_blocked_2024,3,ltmp,4225908,18-065,Havannah Reef (18-065),2024,Central GBR,0,6.92,0.42131306586001627,0.479253770957126,0.6,0.03043883859427348,0,NA,0.0107,NA,NA,NA,NA,NA,0.04188724317694149,0.01182103724963163,0.03902095545353659,0.0415604408634601,0.03136306524248961,0.00748743526836031,0.01104706021138529,0.01292811991408189,0.04188724317694149,0.01182103724963163,0.03902095545353659,0.0415604408634601,0.03136306524248961,0.00748743526836031,0.01104706021138529,0.01292811991408189,0.0028662877234048936,3.268023134813877e-4,0.01052417793445188,0.030066205927309856,0.004333601981271321,-0.00355962494302498,-0.0018810597026965997,-0.0011070826644502593
reef_blocked_2024,3,mmp,4148236,18-065,Havannah Reef (18-065),2024,Central GBR,0,6.92,0.22901103363301673,0.479253770957126,0.6,0.03043883859427348,0,NA,0.0107,NA,NA,NA,NA,NA,0.06075067516995419,0.02328639123361049,0.06002493399885566,0.06920781492129002,0.04843073821371969,0.02213547000737028,0.021635705454069,0.02701369353099514,0.06075067516995419,0.02328639123361049,0.06002493399885566,0.06920781492129002,0.04843073821371969,0.02213547000737028,0.021635705454069,0.02701369353099514,7.257411710985262e-4,-0.008457139751335836,0.012319936956234498,0.0374642839363437,0.0011509212262402098,4.997645533012796e-4,-0.005377988076926139,-0.00372730229738465
reef_blocked_2024,3,mmp,4148253,18-065,Havannah Reef (18-065),2024,Central GBR,0.00284240626175549,6.92,0.2126580124355757,0.479253770957126,0.6,0.03043883859427348,0,NA,0.0107,NA,NA,NA,NA,NA,0.02236116172213765,0.0044582118859657904,0.03742225272826655,0.04459144991321435,0.02234772159896014,0.00717658410959432,0.00694828272669376,0.01082761205235328,0.01951875546038215,0.00161580562421029,0.03457984646651105,0.04174904365145885,0.01950531533720464,0.00433417784783882,0.00410587646493826,0.00798520579059778,-0.015061091006128898,-0.0222302881910767,1.3440123177509838e-5,0.017902949836171862,-0.00271837222362853,2.2830138290055955e-4,-0.00387932932565952,-0.0063694001663874905
reef_blocked_2024,3,ltmp,4231590,19-138,U/N Reef (19-138),2024,Central GBR,0,5.78,0.2237363080890812,0,0.45,0,21,0,0.0064,NA,NA,NA,NA,NA,0.06332325927709323,0.06822635250765123,0.06212696094261211,0.0752245844446487,0.05954534567304324,0.0772967773322484,0.07135275297839062,0.06981698487593684,0.06332325927709323,0.06822635250765123,0.06212696094261211,0.0752245844446487,0.05954534567304324,0.0772967773322484,0.07135275297839062,0.06981698487593684,0.0011962983344811218,-0.011901325167555474,0.0037779136040499914,-0.0049030932305580005,-0.009070424824597176,0.0059440243538577825,0.0015357681024537884,-0.001590632368285605
reef_blocked_2024,3,ltmp,4231591,19-138,U/N Reef (19-138),2024,Central GBR,0,5.78,0.19822604048299736,0,0.45,0,21,0,0.0064,NA,NA,NA,NA,NA,0.04490263943372118,0.05092466601586712,0.04929373707838938,0.06358649473858692,0.04505342925669715,0.05783873498950222,0.05661853972738817,0.05448656988247333,0.04490263943372118,0.05092466601586712,0.04929373707838938,0.06358649473858692,0.04505342925669715,0.05783873498950222,0.05661853972738817,0.05448656988247333,-0.004391097644668204,-0.018683855304865743,-1.507898229759705e-4,-0.006022026582145942,-0.0069140689736350985,0.001220195262114046,0.002131969844914844,-0.0035619038666062086
reef_blocked_2024,3,manta,4067379,19-138,U/N Reef (19-138),2024,Central GBR,0.1009258296179353,5.78,0.2237363080890812,0,0.45,0,21,0,0.0064,NA,NA,NA,NA,NA,0.03288926415951321,0.03181146002325924,0.0406221406994593,0.06114569337023739,0.0471903383747325,0.04480031482055491,0.05227228584956606,0.05266251698674985,0.06803656545842209,0.06911436959467605,0.06030368891847599,0.0397801362476979,0.05373549124320279,0.05612551479738038,0.04865354376836924,0.04826331263118545,0.007732876539946094,0.028256429210724188,0.014301074215219298,-0.001077804136253968,0.012988854797295675,0.007471971029011142,3.9023113718378993e-4,0.020851056963490606
reef_blocked_2024,3,manta,4067380,19-138,U/N Reef (19-138),2024,Central GBR,0,5.78,0.19822604048299736,0,0.45,0,21,0,0.0064,NA,NA,NA,NA,NA,0.02229126762599593,0.01769653820158146,0.02328155281618376,0.04335828038711697,0.03443736420517812,0.02237197656490547,0.03183361124536469,0.03020600136959914,0.02229126762599593,0.01769653820158146,0.02328155281618376,0.04335828038711697,0.03443736420517812,0.02237197656490547,0.03183361124536469,0.03020600136959914,-9.902851901878312e-4,-0.02106701276112104,-0.012146096579182194,0.004594729424414468,-0.00467543836332401,-0.00946163468045922,0.0016276098757655524,-0.012509463168017678
reef_blocked_2024,3,ltmp,4233800,20-014,Hayman Island Reef (20-014),2024,Central GBR,0.01011147474511542,5.8500000000000005,0.3996552510163357,0.205780518226557,0.3,-0.25473789843137007,12,0,0,NA,NA,NA,NA,NA,0.02051571285920832,0.03572387382634663,0.01403608797212644,0.01701657984058119,0.00795814057921025,0.0183371039644333,0.02789414433227555,0.02610585927092589,0.01040423811409289,0.0256123990812312,0.00392461322701101,0.00690510509546576,0.00215333416590516,0.00822562921931787,0.01778266958716012,0.01599438452581047,0.006479624887081879,0.003499133018627129,0.00825090394818773,-0.01520816096713831,0.01738676986191333,-0.00955704036784225,0.0017882850613496516,0.009618014555420731
reef_blocked_2024,3,ltmp,4233801,20-014,Hayman Island Reef (20-014),2024,Central GBR,0,5.8500000000000005,0.14030141659542145,0.205780518226557,0.3,-0.25473789843137007,12,0,0,b,NA,DHW 5.85,NA,DHW 5.85,0.00897759168908655,0.0198602703631629,0.00875752840240912,0.01008432265928085,0.00338620390255106,0.00936384302187382,0.01377088132625512,0.01244362625861648,0.00897759168908655,0.0198602703631629,0.00875752840240912,0.01008432265928085,0.00338620390255106,0.00936384302187382,0.01377088132625512,0.01244362625861648,2.2006328667742957e-4,-0.0011067309701943001,0.00559138778653549,-0.010882678674076348,0.010496427341289078,-0.0044070383043813,0.0013272550676386406,0.007416644104546418
reef_blocked_2024,3,manta,4067315,20-014,Hayman Island Reef (20-014),2024,Central GBR,0,5.8500000000000005,0.14030141659542145,0.205780518226557,0.3,-0.25473789843137007,12,0,0,b,NA,DHW 5.85,coral bleaching,DHW 5.85  coral bleaching,0.01823935955617062,0.0364857056913604,0.01366115844610816,0.01530295723404339,0.00789192273915213,0.01613581647009783,0.0277460947211704,0.02534028751741346,0.01823935955617062,0.0364857056913604,0.01366115844610816,0.01530295723404339,0.00789192273915213,0.01613581647009783,0.0277460947211704,0.02534028751741346,0.00457820111006246,0.0029364023221272306,0.01034743681701849,-0.01824634613518978,0.02034988922126257,-0.01161027825107257,0.0024058072037569413,0.011145418173946941
reef_blocked_2024,3,mmp,4145380,20-058a,Dent Reef (No 1) (20-058a),2024,Central GBR,0,8.46,0.04684196083012745,0.32629943114293,0,-0.3402678693695566,0,NA,0.0033,NA,NA,NA,NA,NA,0.0243345619092744,0.01577910047038415,0.02777103759373838,0.03908804017142717,0.02090625321130436,0.01774944522144798,0.01098489046303827,0.01198761656219073,0.0243345619092744,0.01577910047038415,0.02777103759373838,0.03908804017142717,0.02090625321130436,0.01774944522144798,0.01098489046303827,0.01198761656219073,-0.00343647568446398,-0.014753478262152769,0.003428308697970041,0.00855546143889025,-0.0019703447510638315,0.006764554758409711,-0.0010027260991524595,0.0037914839081934198
reef_blocked_2024,3,mmp,4145395,20-058a,Dent Reef (No 1) (20-058a),2024,Central GBR,0,8.46,0.05247557858289701,0.32629943114293,0,-0.3402678693695566,0,NA,0.0033,NA,NA,NA,NA,NA,0.0101810936676615,0.00767711773384751,0.0295630565504018,0.03776446642324989,0.01208690695993649,0.01218738635942679,0,0.00229067844886667,0.0101810936676615,0.00767711773384751,0.0295630565504018,0.03776446642324989,0.01208690695993649,0.01218738635942679,0,0.00229067844886667,-0.0193819628827403,-0.027583372755588392,-0.00190581329227499,0.002503975933813989,-0.00451026862557928,0.01218738635942679,-0.00229067844886667,0.005386439284980841
reef_blocked_2024,3,manta,4066466,20-348,U/N Reef (20-348),2024,Southern GBR,0.3195506149689588,8.39,0.2769734684349537,0,0.35,0,18.0714285714286,NA,0.0303,b,NA,Aerial bl 3 2024 DHW 8.39 2024,coral bleaching,Aerial bl 3 2024 DHW 8.39 2024  coral bleaching,0.11133100905629344,0.13162801062482854,0.135930941470203,0.13135449335494082,0.12713196844845956,0.1387006317320543,0.1624379714354306,0.1520100468233468,0.20821960591266536,0.18792260434413027,0.1836196734987558,0.188196121614018,0.19241864652049925,0.18084998323690452,0.15711264353352822,0.16754056814561202,0.024599932413909564,0.020023484298647365,0.01580095939216611,0.02029700156853509,0.007072621107225757,0.023737339703376298,-0.010427924612083805,0.02038203619851825
reef_blocked_2024,3,ltmp,4224277,21-060,U/N Reef (21-060),2024,Southern GBR,0,8.99,0.4194754038758102,0,0.4,0,1,0,0,NA,NA,NA,NA,NA,0.01915609482834623,0.00589216345985415,0.0286858505200504,0.02989611939104184,0.02172210916980763,0.00433738205533182,0.02290591790267469,0.02452242954981457,0.01915609482834623,0.00589216345985415,0.0286858505200504,0.02989611939104184,0.02172210916980763,0.00433738205533182,0.02290591790267469,0.02452242954981457,-0.00952975569170417,-0.01074002456269561,-0.0025660143414613992,0.01326393136849208,0.0015547814045223304,-0.01856853584734287,-0.001616511647139881,-0.01863026608996042
reef_blocked_2024,3,manta,4067141,21-060,U/N Reef (21-060),2024,Southern GBR,0.3164588026273036,8.99,0.4194754038758102,0,0.4,0,1,0,0,NA,NA,NA,NA,NA,0.09910239826167994,0.07993116666709514,0.10944156370164912,0.11080316440005364,0.10522170973974455,0.076406201227351,0.07317275474673612,0.08196104776176538,0.21735640436562365,0.23652763596020843,0.20701723892565443,0.20565563822724992,0.21123709288755904,0.24005260139995255,0.24328604788056743,0.2344977548655382,0.010339165439969211,0.01170076613837373,0.006119311478064604,-0.01917123159458478,-0.003524965439744121,-0.003233446480614882,0.00878829301502923,0.0020298810946702273
reef_blocked_2024,3,manta,4066917,21-062,U/N Reef (21-062),2024,Southern GBR,0.2163631144836532,8.21,0.28973125972355407,0,0.35,0,9.16666666666667,0,0,b,NA,Aerial bl 4 2024 DHW 8.21 2024,coral bleaching,Aerial bl 4 2024 DHW 8.21 2024  coral bleaching,0.07017861644336412,0.05813878683764492,0.08132126689934091,0.07681089265696756,0.07318469679851389,0.06324487070285147,0.06914947792056057,0.07697197218785977,0.1461844980402891,0.1582243276460083,0.1350418475843123,0.13955222182668567,0.14317841768513934,0.15311824378080174,0.14721363656309266,0.13939114229579347,0.011142650455976788,0.006632276213603433,0.003006080355149765,-0.012039829605719199,0.0051060838652065565,0.005904607217709079,0.007822494267299196,0.01883318535021483
reef_blocked_2024,3,ltmp,4183353,21-529,U/N Reef (21-529),2024,Southern GBR,0.07120233399391916,7.19,0.38615538690823586,0,0.5,0,0,0,0,b,NA,Aerial bl 5 2024 DHW 7.19 2024,coral bleaching,Aerial bl 5 2024 DHW 7.19 2024  coral bleaching,0.1489409298767511,0.155745254830301,0.1774521310414204,0.15486406141973427,0.14017833104632663,0.14289503240992743,0.13904075858099754,0.14292068883619402,0.07773859588283193,0.08454292083638183,0.10624979704750125,0.08366172742581511,0.06897599705240749,0.07169269841600827,0.06783842458707838,0.07171835484227486,-0.02851120116466932,-0.005923131542983184,0.008762598830424434,-0.006804324953549906,0.012850222420373564,0.0038542738289298883,-0.0038799302551964787,0.012824565994106973
reef_blocked_2024,3,manta,3989168,21-529,U/N Reef (21-529),2024,Southern GBR,0.3674510897264907,7.19,0.38615538690823586,0,0.5,0,0,0,0,b,NA,Aerial bl 5 2024 DHW 7.19 2024,coral bleaching,Aerial bl 5 2024 DHW 7.19 2024  coral bleaching,0.20412215505181555,0.2172564333265132,0.20167302029334877,0.20300612978376867,0.1861736741782026,0.20761291698707116,0.19107568520567708,0.19491785372355688,0.16332893467467516,0.15019465639997753,0.16577806943314194,0.16444495994272204,0.1812774155482881,0.15983817273941955,0.17637540452081363,0.17253323600293383,-0.002449134758466781,-0.001116025268046883,-0.01794848087361295,0.013134278274697625,-0.009643516339442021,-0.016537231781394074,0.0038421685178798015,-0.022338579602956293
reef_blocked_2024,3,manta,4284672,22-088a,U/N Reef (22-088a),2024,Southern GBR,0.3397865462448271,7.58,0.2864416104796866,0,0.5,0,0,0.0918367356061935,0.1239,b,NA,DHW 7.58,coral bleaching,DHW 7.58  coral bleaching,0.1349107598730778,0.188572750832675,0.13995153207974456,0.12279527330364289,0.11883695899029764,0.20393445350820957,0.1690632276284471,0.1682072293176788,0.20487578637174933,0.15121379541215213,0.19983501416508256,0.21699127294118423,0.2209495872545295,0.13585209273661755,0.17072331861638002,0.17157931692714834,0.005040772206666766,-0.012115486569434897,-0.01607380088278018,0.0536619909595972,0.015361702675534578,-0.03487122587976246,-8.559983107683244e-4,-0.02036552151499621
reef_blocked_2024,3,mmp,4143649,23-004b,North Keppel (Ko-no-mie) Island Reef (No 2) (23-004b),2024,Southern GBR,0.649764667289415,12.41,0.9702392451266664,0.874654366947519,0.1,-0.09219169675271,0,NA,NA,b,NA,further decline as a result of bleaching in 2024,coral bleaching,further decline as a result of bleaching in 2024  coral bleaching,0.2620211960850011,0.32722251041405626,0.23482528453312437,0.2646166725528105,0.23622672301222905,0.3282971393709189,0.28432535523344277,0.28535500954647053,0.3877434712044139,0.3225421568753587,0.4149393827562906,0.3851479947366045,0.41353794427718593,0.32146752791849603,0.3654393120559722,0.3644096577429444,-0.027195911551876728,0.002595476467809388,-0.02579447307277205,0.06520131432905518,0.0010746289568626666,-0.043971784137476155,0.0010296543130277613,-0.04186750086758573
reef_blocked_2024,3,mmp,4143650,23-004b,North Keppel (Ko-no-mie) Island Reef (No 2) (23-004b),2024,Southern GBR,0.6322997657703442,12.41,0.9831720862579036,0.874654366947519,0.1,-0.09219169675271,0,NA,NA,b,NA,bleaching still evident at time of surveys,coral bleaching,bleaching still evident at time of surveys  coral bleaching,0.35819724787749463,0.3995284885774765,0.3221338284357102,0.3528267513383625,0.35189272434149604,0.4250584787026612,0.3387897116963878,0.3425878362432894,0.27410251789284956,0.2327712771928677,0.310165937334634,0.2794730144319817,0.28040704142884815,0.20724128706768305,0.2935100540739564,0.28971192952705477,-0.03606341944178443,-0.00537049653913213,-0.006304523535998585,0.04133124069998187,0.025529990125184643,-0.08626876700627337,0.003798124546901649,-0.056940652334187075
reef_blocked_2024,3,mmp,4143665,23-004b,North Keppel (Ko-no-mie) Island Reef (No 2) (23-004b),2024,Southern GBR,0.2382175190368768,12.41,0.8174194259823503,0.874654366947519,0.1,-0.09219169675271,0,NA,NA,b,NA,further decline as a result of bleaching in 2024,coral bleaching,further decline as a result of bleaching in 2024  coral bleaching,0.15623381959512067,0.21088996860457493,0.16917787400932677,0.1821474060052019,0.15141300386157003,0.21317133189037704,0.18697839348763928,0.1907910757029291,0.08198369944175612,0.02732755043230186,0.06903964502755003,0.05607011303167486,0.08680451517530677,0.02504618714649975,0.05123912554923751,0.04742644333394769,0.012944054414206096,0.025913586410081263,-0.004820815733550643,0.054656149009454265,0.002281363285802109,-0.026192938402737762,0.0038126822152898254,-0.020098892901645828
reef_blocked_2024,3,mmp,4143666,23-004b,North Keppel (Ko-no-mie) Island Reef (No 2) (23-004b),2024,Southern GBR,0.25663674359498084,12.41,0.855313419480824,0.874654366947519,0.1,-0.09219169675271,0,NA,NA,b,NA,bleaching still evident at time of surveys,coral bleaching,bleaching still evident at time of surveys  coral bleaching,0.2169210504239115,0.26584922913435977,0.22022774488588948,0.24462127783903356,0.19463598210886163,0.2724652831956472,0.23525778407759496,0.23789641798914923,0.03971569317106938,0.00921248553937892,0.03640899870909137,0.01201546575594728,0.06200076148611919,0.01582853960066638,0.02137895951738586,0.01874032560583161,0.0033066944619780103,0.027700227415122097,-0.02228506831504981,0.030503207631690458,-0.006616054061287461,-0.005550419916719479,0.00263863391155425,-0.00952784006645269
reef_blocked_2024,3,mmp,4155453,23-016,Humpy (Bur-ye-Bur-ye) Reef (23-016),2024,Southern GBR,0.6554932597858075,12.47,0.7075329405300055,0.742819670261997,0.3,-0.06790996624503798,0,NA,0,b,NA,further decline as a result of bleaching in 2024,coral bleaching,further decline as a result of bleaching in 2024  coral bleaching,0.23345029209000656,0.27404035660467274,0.22280903572793395,0.24068056677050745,0.2204732080573508,0.26449618306558126,0.25064908877669123,0.2440643094391608,0.42204296769580096,0.3814529031811348,0.43268422405787355,0.4148126930153001,0.4350200517284567,0.39099707672022627,0.4048441710091163,0.4114289503466467,-0.010641256362072582,0.007230274680500859,-0.012977084032655739,0.04059006451466618,-0.009544173539091483,-0.013847094288890027,-0.006584779337530433,-0.029976047165511943
reef_blocked_2024,3,mmp,4155454,23-016,Humpy (Bur-ye-Bur-ye) Reef (23-016),2024,Southern GBR,0.5371587878089377,12.47,0.8806702661451502,0.742819670261997,0.3,-0.06790996624503798,0,NA,0,b,NA,bleaching still evident at time of surveys,coral bleaching,bleaching still evident at time of surveys  coral bleaching,0.36015588610078453,0.3833132396731144,0.32581397027351566,0.3548800041909288,0.35984375310322075,0.3995683313170412,0.3390180326353638,0.3365611402718611,0.17700290170815314,0.1538455481358233,0.211344817535422,0.1822787836180089,0.1773150347057169,0.13759045649189644,0.19814075517357388,0.20059764753707657,-0.034341915827268865,-0.005275881909855756,-3.1213299756377433e-4,0.023157353572329842,0.016255091643926856,-0.06055029868167744,-0.0024568923635026885,-0.04675209940125327
reef_blocked_2024,3,mmp,4155473,23-016,Humpy (Bur-ye-Bur-ye) Reef (23-016),2024,Southern GBR,0.5474064906348262,12.47,0.7596478225945502,0.742819670261997,0.3,-0.06790996624503798,0,NA,0,b,NA,further decline as a result of bleaching in 2024,coral bleaching,further decline as a result of bleaching in 2024  coral bleaching,0.10605719945085892,0.1566510131213961,0.133133330528728,0.14178932475123812,0.11889695225602588,0.1626717399349823,0.14525145389578298,0.14484535028592876,0.44134929118396726,0.3907554775134301,0.41427316010609816,0.405617165883588,0.4285095383788003,0.38473475069984386,0.4021550367390432,0.4025611403488974,0.027076131077869103,0.03573212530037928,0.01283975280516697,0.05059381367053717,0.00602072681358623,-0.017420286039199318,-4.061036098542137e-4,-0.011805662835467301
reef_blocked_2024,3,mmp,4155474,23-016,Humpy (Bur-ye-Bur-ye) Reef (23-016),2024,Southern GBR,0.5048925612238839,12.47,0.901484765985602,0.742819670261997,0.3,-0.06790996624503798,0,NA,0,b,NA,bleaching still evident at time of surveys,coral bleaching,bleaching still evident at time of surveys  coral bleaching,0.21698714138143613,0.23790284038290016,0.22363963647850557,0.24473072419828187,0.20140009712709284,0.23980138079560645,0.2293140154353606,0.22884394944747255,0.2879054198424478,0.26698972084098377,0.28125292474537833,0.260161837025602,0.3034924640967911,0.2650911804282775,0.27557854578852337,0.2760486117764114,0.006652495097069444,0.027743582816845747,-0.015587044254343319,0.020915699001464005,0.0018985404127062622,-0.01048736536024586,-4.700659878880131e-4,-0.00905889093542761
reef_blocked_2024,3,ltmp,4182299,23-051,Wreck Island Reef (23-051),2024,Southern GBR,0.5446213063879788,11.64,0.9797631868153628,0.0454611954935722,0.9,0.0454611954935722,0,0,0,b,NA,big hc decline,coral bleaching,big hc decline  coral bleaching,0.5453146486110775,0.658899159333871,0.5211695190317731,0.5235632451090905,0.540865193421937,0.6575838446983819,0.5884992997752195,0.587857384589946,6.933422230986919e-4,0.1142778529458922,0.02345178735620567,0.02105806127888831,0.00375611296604183,0.11296253831040316,0.04387799338724074,0.04323607820196717,-0.02275844513310698,-0.02036471905578962,-0.0030627707429431382,-0.1135845107227935,0.0013153146354890344,0.06908454492316243,6.419151852735672e-4,0.07104177474392503
reef_blocked_2024,3,manta,4284526,23-051,Wreck Island Reef (23-051),2024,Southern GBR,0.3704552530009853,11.64,0.9797631868153628,0.0454611954935722,0.9,0.0454611954935722,0,0,0,m,NA,Aerial bl 5 2024  DHW 11.64,"coral bleaching, unknown storm","Aerial bl 5 2024  DHW 11.64  coral bleaching, unknown storm",0.4810338946924844,0.5805906906779998,0.47826729218899017,0.45525379199110544,0.5011761626389222,0.5858955406536336,0.5459357164038521,0.5499074768673349,0.11057864169149911,0.21013543767701456,0.10781203918800486,0.08479853899012013,0.13072090963793687,0.21544028765264828,0.17548046340286677,0.17945222386634957,0.002766602503494253,0.025780102701378982,-0.020142267946437753,-0.09955679598551545,-0.005304849975633713,0.039959824249781506,-0.0039717604634827985,0.030683213810664994
reef_blocked_2024,3,ltmp,4180873,23-081,Fairfax Islands Reef (23-081),2024,Southern GBR,0.17622110261289636,11.26,0.8421051184060283,0.0818748265521753,0.9,0.0818748265521753,0,0.00581395346671343,0.0202,m,NA,"Aerial bl 4 2024 DHW 11.46 2024, moderate disease","coral bleaching, coral disease","Aerial bl 4 2024 DHW 11.46 2024, moderate disease  coral bleaching, coral disease",0.4946548559039112,0.5678797551744791,0.4770331215319428,0.5120232587856167,0.4739656788617362,0.5498910483237662,0.4870010814505213,0.49088455876840903,0.31843375329101486,0.3916586525615827,0.3008120189190464,0.33580215617272036,0.2977445762488398,0.37366994571086987,0.3107799788376249,0.31466345615551267,0.017621734371968456,-0.01736840288170549,0.020689177042175044,-0.07322489927056786,0.017988706850712854,0.06288996687324494,-0.00388347731788774,0.07699519640607005
reef_blocked_2024,3,manta,4284498,23-081,Fairfax Islands Reef (23-081),2024,Southern GBR,0.37356823802927674,11.26,0.8421051184060283,0.0818748265521753,0.9,0.0818748265521753,0,0.00581395346671343,0.0202,b,NA,Aerial bl 4 2024 DHW 11.46 2024,coral bleaching,Aerial bl 4 2024 DHW 11.46 2024  coral bleaching,0.4861671585478261,0.5266760932253912,0.4843385541259762,0.488301256936588,0.4880615577170996,0.5048640893949176,0.5159088045521245,0.5155375802606693,0.1125989205185493,0.15310785519611447,0.11077031609669946,0.11473301890731125,0.11449331968782284,0.1312958513656408,0.14234056652284777,0.14196934223139257,0.0018286044218498443,-0.0021340983887619402,-0.0018943991692735307,-0.04050893467756517,0.021812003830473686,-0.01104471515720698,3.7122429145519664e-4,0.011138512964721903
reef_blocked_2024,4,ltmp,4242160,13-124,U/N Reef (13-124),2024,Northern GBR,0,7.65,0.1774292151097992,0.289484885761631,0.8,0.10742366029323452,0,0,0,b,NA,DHW 7.65,NA,DHW 7.65,0.17959929204541086,0.21720252276752935,0.15872663563518405,0.1519508068479373,0.13809344277337157,0.1958076899551411,0.20974937049060813,0.20825656437765644,0.17959929204541086,0.21720252276752935,0.15872663563518405,0.1519508068479373,0.13809344277337157,0.1958076899551411,0.20974937049060813,0.20825656437765644,0.020872656410226814,0.027648485197473566,0.04150584927203929,-0.03760323072211849,0.021394832812388243,-0.013941680535467016,0.001492806112951689,0.008945958389872916
reef_blocked_2024,4,manta,4285225,13-124,U/N Reef (13-124),2024,Northern GBR,0.38359369951258,7.65,0.1774292151097992,0.289484885761631,0.8,0.10742366029323452,0,0,0,b,NA,DHW 7.65,coral bleaching,DHW 7.65  coral bleaching,0.20583978560071223,0.24334794720904696,0.1817486156318791,0.1803042196627571,0.17808765804851906,0.2186311453036464,0.23614573799491836,0.2362415125662493,0.17775391391186782,0.1402457523035331,0.2018450838807009,0.20328947984982296,0.20550604146406096,0.16496255420893366,0.14744796151766168,0.14735218694633073,-0.024091169968833093,-0.02553556593795514,-0.02775212755219314,0.03750816160833473,-0.02471680190540057,0.01751459269127198,9.577457133094769e-5,-0.007106434642797643
reef_blocked_2024,4,manta,4285433,13-127,Rodda Reef (13-127),2024,Northern GBR,0.14416255797900124,7.23,0.3284942720325735,0.157033639186111,0.8,0.08343184913394575,0,0,0,b,NA,DHW 7.23,coral bleaching,DHW 7.23  coral bleaching,0.1860672802561724,0.22937464780065409,0.14656363009277035,0.17688665106597046,0.15740493661975452,0.19915730556304,0.2208857146961824,0.21940988901617717,0.04190472227717115,0.08521208982165285,0.0024010721137691,0.03272409308696922,0.01324237864075328,0.05499474758403877,0.07672315671718116,0.07524733103717593,0.03950365016340205,0.009180629190201933,0.028662343636417873,-0.043307367544481695,0.030217342237614075,-0.02172840913314239,0.0014758256800052327,0.009964758784476918
reef_blocked_2024,4,ltmp,4240550,13-130,Davie Reef (13-130),2024,Northern GBR,0.02774463588112439,7.03,0.4165932314736618,0.19893148191917,0.9,0.07486658984324951,0,0,0,b,NA,Aerial bl 2 2024  DHW 7.03,NA,Aerial bl 2 2024  DHW 7.03,0.2672803250165553,0.29718109072465976,0.24486708819917935,0.28045385185974187,0.22524642331313835,0.2949343248795925,0.3078963377963916,0.3008315165158793,0.2395356891354309,0.26943645484353534,0.21712245231805496,0.25270921597861745,0.19750178743201396,0.26718968899846807,0.28015170191526717,0.2730868806347549,0.022413236817375948,-0.01317352684318654,0.04203390170341695,-0.029900765708104432,0.002246765845067278,-0.012962012916799104,0.007064821280512279,-0.003650425791219547
reef_blocked_2024,4,manta,4285380,13-130,Davie Reef (13-130),2024,Northern GBR,7.179161652642996e-4,7.03,0.4165932314736618,0.19893148191917,0.9,0.07486658984324951,0,0,0,b,NA,Aerial bl 2 2024  DHW 7.03,coral bleaching,Aerial bl 2 2024  DHW 7.03  coral bleaching,0.2596197959208313,0.262633454370501,0.23378488808641143,0.2705407410408115,0.24068316068148524,0.2436343730181039,0.2645981263759877,0.266025801577541,0.258901879755567,0.2619155382052367,0.23306697192114711,0.2698228248755472,0.23996524451622095,0.2429164568528396,0.2638802102107234,0.26530788541227673,0.025834907834419885,-0.010920945119980208,0.01893663523934605,-0.0030136584496697205,0.018999081352397112,-0.02096375335788378,-0.0014276752015533467,-0.003392347207040014
reef_blocked_2024,4,ltmp,4241733,14-045,Sand Bank No 1 Reef (14-045),2024,Northern GBR,0.01057912412750655,7.16,0.35876184588002236,0.127170719473362,0.4,-0.00895666424692048,0,0,0,b,NA,DHW 8.19,NA,DHW 8.19,0.20981301916288805,0.20354343878850745,0.19829522568408137,0.22668408522719843,0.1876439679423423,0.20161116726108255,0.2318134509625139,0.23321180045986176,0.1992338950353815,0.1929643146610009,0.1877161015565748,0.21610496109969188,0.17706484381483578,0.191032043133576,0.22123432683500735,0.22263267633235523,0.011517793478806687,-0.01687106606431038,0.022169051220545716,0.006269580374380607,0.0019322715274248947,-0.030202283701431354,-0.0013983494973478783,-0.029668361671354337
reef_blocked_2024,4,manta,4285211,14-045,Sand Bank No 1 Reef (14-045),2024,Northern GBR,0.1631671639396755,7.16,0.35876184588002236,0.127170719473362,0.4,-0.00895666424692048,0,0,0,b,NA,DHW 8.19,coral bleaching,DHW 8.19  coral bleaching,0.28025286267609933,0.2449680477389733,0.25455967363951365,0.29710233180901674,0.24220531918008917,0.24120468887216664,0.27687756649010087,0.2710753261361744,0.11708569873642384,0.08180088379929776,0.09139250969983814,0.13393516786934123,0.07903815524041366,0.07803752493249111,0.11371040255042536,0.1079081621964989,0.025693189036585698,-0.01684946913291739,0.03804754349601018,0.03528481493712608,0.0037633588668066487,-0.03567287761793425,0.005802240353926458,-0.026107278397201145
reef_blocked_2024,4,ltmp,4171456,14-114,MacGillivray Reef (14-114),2024,Northern GBR,0,5.93,0.22238725883456137,0.0434454558104632,0.8,0.0434454558104632,0,0,0.0092,b,NA,DHW 6.03,NA,DHW 6.03,0.0716606211969655,0.1312548014115915,0.08601772685922135,0.06057401118985994,0.06741244465296584,0.14239187849448798,0.12308489400901168,0.1355984848311911,0.0716606211969655,0.1312548014115915,0.08601772685922135,0.06057401118985994,0.06741244465296584,0.14239187849448798,0.12308489400901168,0.1355984848311911,-0.014357105662255856,0.011086610007105556,0.004248176543999657,-0.059594180214625994,-0.01113707708289649,0.019306984485476297,-0.012513590822179427,-0.00434368341959962
reef_blocked_2024,4,manta,4206375,14-114,MacGillivray Reef (14-114),2024,Northern GBR,0.3889435143171571,5.93,0.22238725883456137,0.0434454558104632,0.8,0.0434454558104632,0,0,0.0092,b,NA,DHW 6.03,coral bleaching,DHW 6.03  coral bleaching,0.16195494790610226,0.2291857171371415,0.17564679625963373,0.13477115330236605,0.13088913454296702,0.2384956551751386,0.2225938749602522,0.2407566877611748,0.2269885664110549,0.15975779718001562,0.2132967180575234,0.2541723610147911,0.2580543797741901,0.15044785914201853,0.16634963935690492,0.14818682655598234,0.013691848353531488,-0.02718379460373624,-0.031065813363135214,0.06723076923103927,0.009309938037997095,-0.01590178021488639,0.01816281280092258,0.011570970624033283
reef_blocked_2024,4,ltmp,4174485,16-015,Mackay Reef (16-015),2024,Central GBR,0.2553628149610071,3.52,0.11108575555250784,0.0670124787248476,0.8,0.04428520532024935,0,0,4e-4,m,Jasper,NA,"Cyclone Jasper, flood waters, coral bleaching","Jasper Cyclone Jasper, flood waters, coral bleaching",0.0453279302694193,0.11211130480734129,0.0323354712928231,0.05027749038296314,0.02836401428063423,0.10514627081728388,0.09972741463097574,0.10163281964944446,0.2100348846915878,0.14325151015366583,0.223027343668184,0.20508532457804396,0.22699880068037287,0.15021654414372324,0.15563540033003137,0.15372999531156264,-0.012992458976596205,0.004949560113543833,-0.016963915988785078,0.06678337453792196,-0.0069650339900574065,-0.005418856186308135,0.0019054050184687255,-0.010478485157896816
reef_blocked_2024,4,manta,4206192,16-015,Mackay Reef (16-015),2024,Central GBR,0.6125403307582871,3.52,0.11108575555250784,0.0670124787248476,0.8,0.04428520532024935,0,0,4e-4,m,NA,DHW 4.03,"coral bleaching, Cyclone Jasper, flood waters","DHW 4.03  coral bleaching, Cyclone Jasper, flood waters",0.10492343528880188,0.17932610574337807,0.08486316548806147,0.0963786349731603,0.0755905935515915,0.16263476089896026,0.1716604226452717,0.1712221624400583,0.5076168954694852,0.433214225014909,0.5276771652702256,0.5161616957851267,0.5369497372066956,0.4499055698593269,0.44087990811301536,0.44131816831822873,-0.020060269800740382,-0.008544800315641532,-0.029332841737210402,0.07440267045457616,-0.016691344844417866,0.00902566174631153,-4.3826020521336995e-4,-0.008103943303319705
reef_blocked_2024,4,ltmp,4177618,16-019,St Crispin Reef (16-019),2024,Central GBR,0.14925263511949396,5.87,0.5909846656384597,0.0118783666655456,0.5,-0.01084890673905264,28.6666666666667,0.00590551178902388,0.002,m,NA,DHW 6.98,"coral bleaching, Cyclone Jasper","DHW 6.98  coral bleaching, Cyclone Jasper",0.1460673268969065,0.2647337700694399,0.1565690601829906,0.1550460120545809,0.15729432786978145,0.28178120689129027,0.2567716755954989,0.2397514433762568,0.00318530822258747,0.11548113494994593,0.00731642506349664,0.00579337693508694,0.00804169275028746,0.1325285717717963,0.10751904047600494,0.09049880825676282,-0.004131116840909169,-0.0026080687124994703,-0.00485638452769999,-0.11229582672735845,-0.01704743682185038,0.025009531295791365,0.01702023221924212,0.024982326693183107
reef_blocked_2024,4,manta,4206488,16-019,St Crispin Reef (16-019),2024,Central GBR,0.207455587532888,5.87,0.5909846656384597,0.0118783666655456,0.5,-0.01084890673905264,28.6666666666667,0.00590551178902388,0.002,m,NA,DHW 6.98,"coral bleaching, Cyclone Jasper","DHW 6.98  coral bleaching, Cyclone Jasper",0.17828555419949652,0.25788261003019625,0.18069900358800736,0.20272152251527897,0.19882769592579416,0.2844232165627398,0.2774113522951183,0.25011620666620726,0.029170033333391462,0.05042702249730826,0.02675658394488062,0.00473406501760903,0.00862789160709381,0.0769676290298518,0.06995576476223034,0.04266061913331928,0.002413449388510843,0.02443596831578243,0.020542141726297654,-0.021256989163916797,-0.02654060653254354,0.007011864267621459,0.027295145628911055,0.007766403363988976
reef_blocked_2024,4,ltmp,3754965,17-034,Feather Reef (17-034),2024,Central GBR,0,5.54,0.2671748848874488,0.14934229030886,0.9,0.1037885048581075,14,0,0,b,NA,DHW 5.54,NA,DHW 5.54,0.0902543943737234,0.17178027441569949,0.06917092954902958,0.08527157327250132,0.07057762118295605,0.14894609683984006,0.15973920481313783,0.161179748561242,0.0902543943737234,0.17178027441569949,0.06917092954902958,0.08527157327250132,0.07057762118295605,0.14894609683984006,0.15973920481313783,0.161179748561242,0.021083464824693823,0.004982821101222085,0.019676773190767355,-0.08152588004197608,0.022834177575859427,-0.010793107973297772,-0.0014405437481041783,0.010600525854457477
reef_blocked_2024,4,manta,4068667,17-034,Feather Reef (17-034),2024,Central GBR,0,5.54,0.2671748848874488,0.14934229030886,0.9,0.1037885048581075,14,0,0,b,NA,DHW 5.54,coral bleaching,DHW 5.54  coral bleaching,0.08863479553453338,0.15790303325415217,0.06921660653291248,0.09114540968283052,0.07870171648174397,0.14178160615809993,0.15230200962245397,0.14944234276037305,0.08863479553453338,0.15790303325415217,0.06921660653291248,0.09114540968283052,0.07870171648174397,0.14178160615809993,0.15230200962245397,0.14944234276037305,0.0194181890016209,-0.0025106141482971467,0.00993307905278941,-0.06926823771961879,0.016121427096052243,-0.010520403464354039,0.0028596668620809174,0.008460690493779122
reef_blocked_2024,4,ltmp,3752581,17-064,Taylor Reef (17-064),2024,Central GBR,0,4.45,0.28264456502362123,0.0653108091876699,0.8,0.04258353578307165,10,0,3e-4,b,NA,Aerial bl 1 2024 DHW 4.6,NA,Aerial bl 1 2024 DHW 4.6,0.00673205276393736,0.0347347993789841,0.00652162196955697,0.0070524813399709,0.00836513041691285,0.04287942315421377,0.03502047240334043,0.03292822916114645,0.00673205276393736,0.0347347993789841,0.00652162196955697,0.0070524813399709,0.00836513041691285,0.04287942315421377,0.03502047240334043,0.03292822916114645,2.1043079438038976e-4,-3.2042857603353965e-4,-0.0016330776529754898,-0.028002746615046738,-0.008144623775229669,0.00785895075087334,0.0020922432421939807,0.001806570217837651
reef_blocked_2024,4,manta,4067738,17-064,Taylor Reef (17-064),2024,Central GBR,0,4.45,0.28264456502362123,0.0653108091876699,0.8,0.04258353578307165,10,0,3e-4,b,NA,Aerial bl 1 2024 DHW 4.6,coral bleaching,Aerial bl 1 2024 DHW 4.6  coral bleaching,0.03557879509165666,0.09589932612546644,0.0286370635691057,0.03201436003371322,0.03247910980017329,0.10332794632443772,0.0967413495920561,0.09656824026542137,0.03557879509165666,0.09589932612546644,0.0286370635691057,0.03201436003371322,0.03247910980017329,0.10332794632443772,0.0967413495920561,0.09656824026542137,0.006941731522550957,0.0035644350579434395,0.00309968529148337,-0.06032053103380978,-0.007428620198971281,0.006586596732381614,1.7310932663473777e-4,-6.689141399549292e-4
reef_blocked_2024,4,ltmp,4222718,18-076,Helix Reef (18-076),2024,Central GBR,0.106430452853776,6.11,0.5054491943511117,0,0.5,0,1,0,0.0257,m,Kirrily,70 phys,"Cyclone Kirrily, coral bleaching","70 phys Kirrily Cyclone Kirrily, coral bleaching",0.14632951891526605,0.099033620663792,0.15716280501764968,0.15511819699326643,0.14434098980919555,0.08677629467101938,0.06847308396104544,0.0887454002865579,0.03989906606149004,0.007396832189984,0.05073235216387367,0.04868774413949042,0.03791053695541954,0.01965415818275662,0.03795736889273056,0.0176850525672181,-0.010833286102383634,-0.008788678078000378,0.0019885291060705024,0.03250223387150604,-0.01225732599277262,-0.01830321070997394,0.020272316325512463,-0.010288220377234099
reef_blocked_2024,4,manta,4067887,18-076,Helix Reef (18-076),2024,Central GBR,0.1797052706947009,6.11,0.5054491943511117,0,0.5,0,1,0,0.0257,m,Kirrily,Cyclone Kirrily and DHW 6.11,"Cyclone Kirrily, coral bleaching","Cyclone Kirrily and DHW 6.11 Kirrily Cyclone Kirrily, coral bleaching",0.1735987524079433,0.12836609978125843,0.18488682838037224,0.18180220288069157,0.18011597221715828,0.12024646220359007,0.08935840183032384,0.11188777071125829,0.00610651828675759,0.05133917091344248,0.00518155768567135,0.00209693218599066,4.1070152245736846e-4,0.05945880849111082,0.09034686886437708,0.06781749998344264,9.249606010862397e-4,0.00400958610076693,0.0056958167643002214,-0.04523265262668489,-0.008119637577668343,-0.03088806037326626,0.022529368880934444,-0.01647832907000016
reef_blocked_2024,4,ltmp,4237691,18-086,Chicken Reef (18-086),2024,Central GBR,0.04517456415014378,6.640000000000001,0.43773493291083154,0,0.4,0,6.48529411764706,0,0.02,NA,NA,NA,NA,NA,0.1119166017624435,0.08775364253957947,0.12326749658658598,0.0982403448211534,0.10069900968741977,0.08373595318359783,0.08346085710361352,0.09802570892559008,0.06674203761229971,0.04257907838943569,0.07809293243644219,0.05306578067100961,0.05552444553727598,0.03856138903345405,0.03828629295346974,0.0528511447754463,-0.011350894824142477,0.013676256941290106,0.011217592075023736,0.024162959222864024,0.004017689355981645,2.7509607998430635e-4,-0.01456485182197656,-0.010272066386010609
reef_blocked_2024,4,manta,4066787,18-086,Chicken Reef (18-086),2024,Central GBR,0,6.640000000000001,0.43773493291083154,0,0.4,0,6.48529411764706,0,0.02,NA,NA,NA,NA,NA,0.11989933139086384,0.08142237985989244,0.12564821067141502,0.10529794649127622,0.11226231838029577,0.07955117258703286,0.08396457178260705,0.0937949802419495,0.11989933139086384,0.08142237985989244,0.12564821067141502,0.10529794649127622,0.11226231838029577,0.07955117258703286,0.08396457178260705,0.0937949802419495,-0.005748879280551178,0.014601384899587622,0.007637013010568072,0.0384769515309714,0.0018712072728595819,-0.004413399195574194,-0.009830408459342452,-0.012372600382057064
reef_blocked_2024,4,ltmp,4228737,19-207,Hyde Reef (19-207),2024,Central GBR,0.01598408772518924,9.25,0.7162796368719883,0,0.45,0,33,0,8e-4,NA,NA,NA,NA,NA,0.23551494927222677,0.18807266985675208,0.25200607151689736,0.2677180980769235,0.25952184892073016,0.22109050786050172,0.2259113881548859,0.2135258291805724,0.21953086154703752,0.1720885821315628,0.2360219837917081,0.25173401035173426,0.2435377611955409,0.20510642013531247,0.20992730042969665,0.1975417414553831,-0.016491122244670586,-0.03220314880469674,-0.024006899648503388,0.047442279415474714,-0.03301783800374966,-0.004820880294384183,0.012385558974313537,-0.025453159323820307
reef_blocked_2024,4,ltmp,4228738,19-207,Hyde Reef (19-207),2024,Central GBR,0.25692201562212913,9.25,0.7299065476187283,0,0.45,0,33,0,8e-4,b,NA,NA,coral bleaching,coral bleaching,0.2094983257878053,0.1856275993196519,0.2203793726548841,0.2432705606541866,0.2431335641534909,0.2058794283506807,0.2040868785859359,0.1990719823623864,0.04742368983432382,0.07129441630247724,0.03654264296724502,0.01365145496794253,0.01378845146863821,0.05104258727144839,0.05283513703619319,0.05785003325974275,0.010881046867078803,0.03377223486638129,0.03363523836568561,-0.023870726468153414,0.020251829031028845,-0.0017925497647447997,-0.005014896223549559,0.013444383042734487
reef_blocked_2024,4,manta,4066821,19-207,Hyde Reef (19-207),2024,Central GBR,0.05836551351214857,9.25,0.7162796368719883,0,0.45,0,33,0,8e-4,NA,NA,NA,NA,NA,0.19443140690891497,0.16608298518140216,0.20129904181702615,0.22427175234705984,0.2350031472525827,0.19243511483234335,0.188208516087506,0.18386361179584856,0.1360658933967664,0.10771747166925358,0.14293352830487757,0.16590623883491126,0.17663763374043412,0.13406960132019477,0.12984300257535744,0.12549809828369998,-0.006867634908111181,-0.029840345438144872,-0.04057174034366773,0.028348421727512813,-0.026352129650941192,0.004226598744837329,0.004344904291657459,-0.017780626614446404
reef_blocked_2024,4,manta,4066822,19-207,Hyde Reef (19-207),2024,Central GBR,0.1937272499760806,9.25,0.7299065476187283,0,0.45,0,33,0,8e-4,b,NA,DHW 9.2 to 10.15,coral bleaching,DHW 9.2 to 10.15  coral bleaching,0.21799412284936764,0.1928239164838506,0.2253867561876715,0.2361442426507936,0.2484358169171752,0.2169255935475738,0.21045391618905537,0.2109382041244441,0.02426687287328705,9.033334922299852e-4,0.03165950621159094,0.04241699267471299,0.0547085669410946,0.02319834357149319,0.01672666621297475,0.01721095414836351,-0.0073926333383038945,-0.01815011980142594,-0.03044169406780755,0.023363539381057064,-0.022295010079263204,0.006471677358518439,-4.842879353887594e-4,-0.016307620656133524
reef_blocked_2024,4,mmp,4151714,20-061,Pine Island Reef (20-061),2024,Central GBR,0,9.17,0.05431621459248693,0.581681122802904,0,-0.26131431948144157,8,NA,0.0028,NA,NA,NA,NA,NA,0.0105671374682909,0.01424023115198036,0.02178214355335463,0.00752346907577382,0.02152839412956025,0.01620539162406025,0.01499297910656099,0.01265379589460416,0.0105671374682909,0.01424023115198036,0.02178214355335463,0.00752346907577382,0.02152839412956025,0.01620539162406025,0.01499297910656099,0.01265379589460416,-0.01121500608506373,0.00304366839251708,-0.01096125666126935,-0.0036730936836894598,-0.0019651604720798913,0.0012124125174992617,0.0023391832119568287,0.001586435257376199
reef_blocked_2024,4,mmp,4151734,20-061,Pine Island Reef (20-061),2024,Central GBR,0,9.17,0.04014192197989718,0.581681122802904,0,-0.26131431948144157,8,NA,0.0028,NA,NA,NA,NA,NA,0.01237484900158796,0.01251084294556617,0.02371670265771986,0.00784364910960662,0.02590923844939749,0.01111828252704028,0.01209282405819974,0.01171819483173,0.01237484900158796,0.01251084294556617,0.02371670265771986,0.00784364910960662,0.02590923844939749,0.01111828252704028,0.01209282405819974,0.01171819483173,-0.011341853656131901,0.004531199891981339,-0.01353438944780953,-1.3599394397821075e-4,0.0013925604185258903,-9.745415311594608e-4,3.746292264697401e-4,7.926481138361696e-4
reef_blocked_2024,4,manta,4067753,20-104,U/N Reef (20-104),2024,Central GBR,0.05916872045396826,5.5600000000000005,0.3166147337257602,0,0.3,0,26,0,0.0038,b,NA,Aerial bl 3 2024 DHW 2024 DHW 2.52 2025,coral bleaching,Aerial bl 3 2024 DHW 2024 DHW 2.52 2025  coral bleaching,0.05534986231622134,0.05423589370338354,0.0635873003499736,0.07796369090851825,0.08196542690428969,0.06392924798069273,0.0607661837792124,0.06267057378270494,0.00381885813774691,0.00493282675058471,0.00441857989600534,0.01879497045454999,0.02279670645032143,0.00476052752672447,0.00159746332524414,0.00350185332873667,-5.997217582584301e-4,-0.01497611231680308,-0.01897784831257452,-0.0011139686128378004,1.7229922386024013e-4,0.00316306420148033,-0.00190439000349253,0.0014309734218480403
reef_blocked_2024,4,manta,4067754,20-104,U/N Reef (20-104),2024,Central GBR,0,5.5600000000000005,0.20685377657459916,0,0.3,0,26,0,0.0038,NA,NA,NA,NA,NA,0.0176074439936637,0.02470399157087859,0.02204811740407081,0.03082233404903063,0.03207191305329807,0.03480811604365787,0.03615872588744612,0.03248898610614417,0.0176074439936637,0.02470399157087859,0.02204811740407081,0.03082233404903063,0.03207191305329807,0.03480811604365787,0.03615872588744612,0.03248898610614417,-0.00444067341040711,-0.01321489005536693,-0.014464469059634368,-0.007096547577214889,-0.01010412447277928,-0.0013506098437882502,0.003669739781301952,-0.007784994535265578
reef_blocked_2024,4,manta,4067591,20-354,U/N Reef (20-354),2024,Southern GBR,0.14510858480817607,8.24,0.2798883931931086,0,0.35,0,0,NA,0.0216,b,NA,DHW 8.25,coral bleaching,DHW 8.25  coral bleaching,0.2055385816581551,0.21565547191850035,0.203307796770436,0.21541884306757791,0.20985171310991824,0.21991615578422213,0.2205349731396979,0.2354207636753675,0.06042999684997907,0.07054688711032431,0.05819921196225994,0.07031025825940188,0.0647431283017422,0.07480757097604607,0.07542638833152182,0.09031217886719142,0.002230784887719134,-0.009880261409422803,-0.004313131451763125,-0.010116890260345235,-0.004260683865721759,-6.188173554757537e-4,-0.014885790535669602,-0.019765291756867115
reef_blocked_2024,4,manta,4067305,21-064,U/N Reef (21-064),2024,Southern GBR,0,8.82,0.30248149893283544,0,0.4,0,2.66666666666667,0,0,b,NA,Aerial bl 3 2024 DHW 8.82 2024,coral bleaching,Aerial bl 3 2024 DHW 8.82 2024  coral bleaching,0.08945685615583546,0.1068257381488704,0.0910188520884892,0.08496991084074969,0.08789932306670063,0.10159851150391172,0.10753954803308288,0.10292979320589934,0.08945685615583546,0.1068257381488704,0.0910188520884892,0.08496991084074969,0.08789932306670063,0.10159851150391172,0.10753954803308288,0.10292979320589934,-0.0015619959326537425,0.004486945315085769,0.0015575330891348244,-0.01736888199303495,0.005227226644958685,-0.005941036529171162,0.004609754827183538,0.0038959449429710608
reef_blocked_2024,4,ltmp,4223046,21-139,U/N Reef (21-139),2024,Southern GBR,0.17477970140301632,8.6,0.161084953587778,0,0.4,0,1,0.00833333345750968,0.0335,NA,NA,NA,NA,NA,0.1998248455058056,0.21425094346904677,0.20341735493499635,0.20150883933365957,0.1955181801034919,0.1969981857083807,0.20756920766661216,0.22658221760592692,0.02504514410278927,0.03947124206603045,0.02863765353198003,0.02672913793064324,0.02073847870047557,0.02221848430536438,0.03278950626359583,0.0518025162029106,-0.00359250942919076,-0.001683993827853971,0.0043066654023136974,-0.01442609796324118,0.01725275776066607,-0.010571021958231449,-0.01901300993931477,-0.01233127413688015
reef_blocked_2024,4,manta,4067086,21-139,U/N Reef (21-139),2024,Southern GBR,0.21994377052766945,8.6,0.161084953587778,0,0.4,0,1,0.00833333345750968,0.0335,NA,NA,NA,NA,NA,0.229997649750022,0.24826779136013644,0.22682397210784283,0.22111749074794937,0.2249411471022928,0.24183412965762663,0.2429836306677315,0.26089449365625256,0.01005387922235256,0.02832402083246701,0.00688020158017341,0.00117372022027995,0.0049973765746234,0.02189035912995721,0.02303986014006207,0.04095072312858314,0.00317367764217915,0.00888015900207261,0.00505650264772916,-0.01827014161011445,0.006433661702509801,-0.0011495010101048586,-0.01791086298852107,-0.012626702296116128
reef_blocked_2024,4,ltmp,4224607,21-558,U/N Reef (21-558),2024,Southern GBR,0.06769401672425976,7.54,0.07481468055436158,0.0448146287353424,1,0.0448146287353424,2.2,0.0775834644834201,0.0275,NA,NA,NA,NA,NA,0.10882080652966895,0.1039134328236425,0.09376273763442444,0.10414633726841954,0.09388069687764292,0.0996120760874932,0.09759725312219102,0.09022951580419598,0.04112678980540919,0.03621941609938274,0.02606872091016468,0.03645232054415978,0.02618668015338317,0.03191805936323344,0.02990323639793125,0.02253549907993622,0.015058068895244508,0.004674469261249405,0.014940109652026017,0.004907373706026445,0.0043013567361493005,0.002014822965302192,0.007367737317995029,0.013683917019446521
reef_blocked_2024,4,ltmp,4224608,21-558,U/N Reef (21-558),2024,Southern GBR,0.1884063959137199,7.54,0.1629579657459985,0.0448146287353424,1,0.0448146287353424,2.2,0.0775834644834201,0.0275,b,NA,NA,coral bleaching,coral bleaching,0.1288958005528418,0.11673217578237605,0.12418348772788285,0.1226721041782535,0.12485922979238258,0.11222074881173771,0.11343923608084412,0.10855454978945828,0.05951059536087813,0.07167422013134389,0.0642229081858371,0.06573429173546644,0.06354716612133736,0.07618564710198221,0.07496715983287582,0.07985184612426166,-0.004712312824958972,-0.006223696374588306,-0.004036570760459227,-0.012163624770465759,-0.004511426970638319,0.0012184872691063942,-0.004884686291385845,-0.00817762599291777
reef_blocked_2024,4,manta,4284588,21-558,U/N Reef (21-558),2024,Southern GBR,0.25960430422350816,7.54,0.07481468055436158,0.0448146287353424,1,0.0448146287353424,2.2,0.0775834644834201,0.0275,NA,NA,NA,NA,NA,0.15784972649318563,0.17271336966407738,0.1494994886597842,0.145584140596678,0.1462841597727103,0.16196436788020663,0.15814142075367552,0.1557287512118322,0.10175457773032254,0.08689093455943078,0.11010481556372398,0.11402016362683016,0.11332014445079786,0.09763993634330154,0.10146288346983263,0.10387555301167598,-0.008350237833401442,-0.012265585896507628,-0.011565566720475318,0.014863643170891755,-0.010749001783870754,-0.0038229471265310982,-0.0024126695418433403,-0.016984618452245193
reef_blocked_2024,4,manta,4284589,21-558,U/N Reef (21-558),2024,Southern GBR,0,7.54,0.1629579657459985,0.0448146287353424,1,0.0448146287353424,2.2,0.0775834644834201,0.0275,b,NA,DHW 7.24 to 8.27,coral bleaching,DHW 7.24 to 8.27  coral bleaching,0.16670530954867824,0.175136709897242,0.16197477579217037,0.15342886769569286,0.1556783986384356,0.16526540765047065,0.160368431521258,0.16178210922332892,0.16670530954867824,0.175136709897242,0.16197477579217037,0.15342886769569286,0.1556783986384356,0.16526540765047065,0.160368431521258,0.16178210922332892,0.004730533756507865,0.013276441852985377,0.011026910910242632,-0.008431400348563767,0.009871302246771352,0.004896976129212666,-0.0014136777020709312,0.013354600673913086
reef_blocked_2024,4,mmp,4138915,23-010,Middle (Ba-la-ba) Island Reef (23-010),2024,Southern GBR,0.48766349684223503,12.23,0.4589503712397904,0.88543541568752,0.3,-0.04714947352788246,0,NA,NA,b,NA,further decline as a result of bleaching in 2024,coral bleaching,further decline as a result of bleaching in 2024  coral bleaching,0.32543814232536694,0.3370001685963476,0.34988324221956424,0.30503558601931335,0.3532569363763132,0.338226736772305,0.33212500179373605,0.3445270376894293,0.1622253545168681,0.1506633282458874,0.1377802546226708,0.18262791082292168,0.1344065604659218,0.14943676006993,0.15553849504849898,0.1431364591528057,0.024445099894197297,-0.020402556306053587,0.027818794050946283,0.011562026270980685,0.0012265681759573988,-0.006101734978568973,0.012402035895693275,0.007526869093081701
reef_blocked_2024,4,mmp,4138916,23-010,Middle (Ba-la-ba) Island Reef (23-010),2024,Southern GBR,0.5143849272933385,12.23,0.7664047472610901,0.88543541568752,0.3,-0.04714947352788246,0,NA,NA,b,NA,bleaching still evident at time of surveys,coral bleaching,bleaching still evident at time of surveys  coral bleaching,0.46652958062625705,0.43185097433542463,0.4880040844433136,0.4389053841382859,0.479257239468886,0.4446595694928835,0.4357573437962393,0.4258301686445504,0.04785534666708146,0.08253395295791388,0.02638084285002495,0.07547954315505262,0.03512768782445252,0.06972535780045502,0.0786275834970992,0.08855475864878809,0.021474503817056508,-0.02762419648797116,0.012727658842628942,-0.03467860629083242,0.012808595157458857,-0.008902225696644173,-0.009927175151688894,-0.006020805690874209
reef_blocked_2024,4,mmp,4138931,23-010,Middle (Ba-la-ba) Island Reef (23-010),2024,Southern GBR,0.28856582591991914,12.23,0.3533715797147019,0.88543541568752,0.3,-0.04714947352788246,0,NA,NA,b,NA,further decline as a result of bleaching in 2024,coral bleaching,further decline as a result of bleaching in 2024  coral bleaching,0.21726508715909945,0.2655860003580119,0.2644473442080388,0.2058667451799117,0.2751343350204049,0.2526254803761656,0.2566274105256857,0.2668768364905609,0.07130073876081969,0.02297982556190725,0.02411848171188035,0.08269908074000748,0.01343149089951423,0.03594034554375353,0.03193841539423342,0.02168898942935826,0.04718225704893934,-0.011398341979187793,0.057869247861305456,0.048320913198912435,-0.012960519981846278,0.004001930149520105,0.010249425964875162,0.0012908361325489892
reef_blocked_2024,4,mmp,4138932,23-010,Middle (Ba-la-ba) Island Reef (23-010),2024,Southern GBR,0.41195017565191666,12.23,0.48147352484178185,0.88543541568752,0.3,-0.04714947352788246,0,NA,NA,b,NA,bleaching still evident at time of surveys,coral bleaching,bleaching still evident at time of surveys  coral bleaching,0.33834288895642595,0.32133316831508985,0.361755803152061,0.31289765402483843,0.3583520795580564,0.3200153299143285,0.31996747531946196,0.31946792134997687,0.07360728669549071,0.09061700733682682,0.05019437249985564,0.09905252162707824,0.05359809609386024,0.09193484573758814,0.0919827003324547,0.0924822543019398,0.023412914195635078,-0.025445234931587526,0.020009190601630478,-0.0170097206413361,-0.0013178384007613286,-4.785459486655874e-5,-4.995539694851031e-4,-0.0018652469651129905
reef_blocked_2024,4,ltmp,4188168,23-048,Broomfield Reef (23-048),2024,Southern GBR,0.6883989417687074,11.6,0.862233938344424,0.0430566355266609,0.7,0.0430566355266609,0,0,0,m,NA,Aerial bl 5 2024   DHW 11.6,"coral bleaching, unknown storm","Aerial bl 5 2024   DHW 11.6  coral bleaching, unknown storm",0.4770335249219071,0.4770498736563597,0.46728323693197377,0.47083736718522295,0.4553783724626611,0.468082979046218,0.4781066401828714,0.4766592103916683,0.21136541684680027,0.21134906811234777,0.22111570483673365,0.2175615745834845,0.23302056930604623,0.22031596272248943,0.210292301585836,0.21173973137703905,-0.009750287989933382,-0.006196157736684221,-0.021655152459245958,1.634873445249818e-5,-0.008966894610141662,0.010023661136653428,-0.0014474297912030476,-3.906632646912822e-4
reef_blocked_2024,4,manta,4284725,23-048,Broomfield Reef (23-048),2024,Southern GBR,0.5712917276690362,11.6,0.862233938344424,0.0430566355266609,0.7,0.0430566355266609,0,0,0,m,NA,Aerial bl 5 2024   DHW 11.6,"coral bleaching, unknown storm","Aerial bl 5 2024   DHW 11.6  coral bleaching, unknown storm",0.43268296440997867,0.43991574398954536,0.41833875590006264,0.4214108778335166,0.4167568975214888,0.4394576335454499,0.4427777515320154,0.43741719865156176,0.13860876325905758,0.13137598367949088,0.1529529717689736,0.14988084983551964,0.15453483014754743,0.13183409412358632,0.12851397613702087,0.1338745290174745,-0.014344208509916023,-0.01127208657646206,-0.015926066888489854,0.007232779579566695,-4.5811044409543866e-4,0.0033201179865654518,-0.005360552880453617,-0.0024985453379836042
reef_blocked_2024,4,manta,4284550,23-080,Hoskyn Islands Reef (23-080),2024,Southern GBR,0.5478185490121976,11.2,0.8814544768695094,0.0454545468091965,0.85,0.0454545468091965,0,0.0161290317773819,0.0161,b,NA,DHW 11.48,coral bleaching,DHW 11.48  coral bleaching,0.3166892066886144,0.3588760059319098,0.33730653155119755,0.3267632476106601,0.3360120423254894,0.3519930467248101,0.3360114132712707,0.3438618447939574,0.23112934232358323,0.1889425430802878,0.21051201746100007,0.2210553014015375,0.2118065066867082,0.19582550228738752,0.2118071357409269,0.2039567042182402,0.020617324862583164,0.010074040922045724,0.019322835636875035,0.042186799243295436,-0.00688295920709972,-0.015981633453539396,0.007850431522686718,-0.015014161137952398
reef_blocked_2024,5,manta,4285342,13-133,Tydeman Reef (13-133),2024,Northern GBR,0.26606508064600476,7.18,0.36088278135206137,0.154226945103219,0.9,0.06331785148482759,0,0,0,b,NA,Aerial bl 3 2024 DHW 7.18,coral bleaching,Aerial bl 3 2024 DHW 7.18  coral bleaching,0.1011565642394482,0.10026194849652052,0.09709004837694377,0.10448199924075412,0.09892015124847028,0.09400928054825046,0.09215145515395098,0.09982738444096166,0.16490851640655657,0.16580313214948425,0.16897503226906102,0.16158308140525063,0.16714492939753448,0.17205580009775429,0.17391362549205375,0.16623769620504308,-0.0040665158625044495,0.003325435001305943,-0.002236412990977904,-8.946157429276791e-4,-0.006252667948270035,-0.0018578253942994616,0.007675929287010663,-4.345640555588337e-4
reef_blocked_2024,5,ltmp,4242370,14-016,Corbett Reef (14-016),2024,Northern GBR,0.09426476809555026,7.49,0.29881445006710233,0.580108750421401,1,0.296049051889948,0,0,0,b,NA,Aerial bl 3 2024 DHW 6.82,NA,Aerial bl 3 2024 DHW 6.82,0.11437447359575556,0.10947521712373114,0.1295573720127402,0.12642449425625,0.12998381472829107,0.11251285279666388,0.1036713542457894,0.0957067732858778,0.02010970550020531,0.01521044902818087,0.03529260391718994,0.03215972616069973,0.03571904663274081,0.01824808470111361,0.00940658615023913,0.00144200519032752,-0.015182898416984631,-0.012050020660494421,-0.015609341132535499,0.00489925647202444,-0.0030376356729327394,0.00884149855087448,0.007964580959911611,0.013768443837853351
reef_blocked_2024,5,manta,4285333,14-016,Corbett Reef (14-016),2024,Northern GBR,0.41992308186246713,7.49,0.29881445006710233,0.580108750421401,1,0.296049051889948,0,0,0,b,NA,Aerial bl 3 2024 DHW 6.82,coral bleaching,Aerial bl 3 2024 DHW 6.82  coral bleaching,0.1641345556320609,0.13431465855094973,0.162228599751125,0.1715069933076932,0.16286346392537793,0.14156809736613488,0.1410483785387059,0.11927328111973232,0.25578852623040627,0.28560842331151737,0.25769448211134216,0.24841608855477393,0.2570596179370892,0.2783549844963322,0.27887470332376124,0.30064980074273484,-0.0019059558809358945,0.007372437675632337,-0.0012710917066829364,-0.029819897081111102,0.0072534388151851426,-5.197188274290165e-4,-0.0217750974189736,-0.015041377431217473
reef_blocked_2024,5,ltmp,4175199,14-126,Linnet Reef (14-126),2024,Northern GBR,0.4141783096477083,6.73,0.6343256027311654,0.536864378405265,1,0.39753303003351054,0,0.024274891987443,0.0201,b,NA,DHW 6.73,coral bleaching,DHW 6.73  coral bleaching,0.18435298075691153,0.19370857698237692,0.16479960120029902,0.1726862589001082,0.16608681678202789,0.2099430048992632,0.19222827696505831,0.17482064839963493,0.2298253288907968,0.22046973266533143,0.24937870844740936,0.24149205074760016,0.24809149286568047,0.20423530474844517,0.22195003268265004,0.23935766124807345,-0.01955337955661257,-0.01166672185680337,-0.018266163974883676,0.009355596225465362,0.016234427916886257,-0.017714727934204866,-0.01740762856542341,-0.01888792858274202
reef_blocked_2024,5,manta,4285399,14-126,Linnet Reef (14-126),2024,Northern GBR,0.7147170912272767,6.73,0.6343256027311654,0.536864378405265,1,0.39753303003351054,0,0.024274891987443,0.0201,b,NA,DHW 6.73,coral bleaching,DHW 6.73  coral bleaching,0.24214023820931055,0.2402102617853132,0.22254475824158185,0.23080897035385495,0.21981027183106736,0.27751924723768323,0.2652220915138936,0.22630855371574235,0.4725768530179661,0.47450682944196343,0.4921723329856949,0.4839081208734217,0.4949068193962093,0.43719784398959344,0.4494949997133831,0.48840853751153435,-0.019595479967728813,-0.011331267855455629,-0.022329966378243193,-0.0019299764239973372,0.03730898545236999,-0.012297155723789643,-0.038913537798151265,-0.013901708069570917
reef_blocked_2024,5,ltmp,4172230,14-143,North Direction Reef (14-143),2024,Northern GBR,0.27692573545021293,6.23,0.4371273713667701,0.0201384624835262,0.8,0.0201384624835262,0,0,0.0092,b,NA,decline in hc and sc,coral bleaching,decline in hc and sc  coral bleaching,0.04172999249000154,0.12727485729634777,0.04976814401416223,0.0403314406857056,0.04595776548924819,0.11388238163598116,0.1189995369651715,0.12643711612081748,0.2351957429602114,0.14965087815386516,0.2271575914360507,0.23659429476450733,0.23096796996096475,0.1630433538142318,0.1579261984850414,0.15048861932939545,0.008038151524160708,-0.0013985518042959333,0.004227772999246648,0.08554486480634624,-0.013392475660366637,0.0051171553291903815,0.007437579155645968,-8.377411755302877e-4
reef_blocked_2024,5,mmp,4160180,16-006,Snapper Reef (16-006),2024,Central GBR,0.6942901257684129,6.93,0.2276483309360394,0.897197855579998,0.9,0.15894063309421047,0,NA,0.001,m,Jasper,NA,"Cyclone Jasper, flood waters at 2.0 m only, coral bleaching at 5.0 m only | flood waters, Cyclone Jasper","Jasper Cyclone Jasper, flood waters at 2.0 m only, coral bleaching at 5.0 m only | flood waters, Cyclone Jasper",0.10628078251289592,0.10337076288754486,0.12077163616769582,0.11279086159525828,0.12888594674022852,0.12294020513932737,0.1018043752015576,0.1091570754089006,0.5880093432555169,0.590919362880868,0.573518489600717,0.5814992641731546,0.5654041790281843,0.5713499206290855,0.5924857505668553,0.5851330503595122,0.014490853654799851,0.006510079082362341,0.022605164227332608,-0.00291001962535109,0.019569442251782476,-0.021135829937769746,0.0073527002073430214,0.005786312521355752
reef_blocked_2024,5,mmp,4160201,16-006,Snapper Reef (16-006),2024,Central GBR,1,6.93,0.2276483309360394,0.897197855579998,0.9,0.15894063309421047,0,NA,0.001,m,Jasper,NA,"Cyclone Jasper, flood waters at 2.0 m only, coral bleaching at 5.0 m only | flood waters, Cyclone Jasper","Jasper Cyclone Jasper, flood waters at 2.0 m only, coral bleaching at 5.0 m only | flood waters, Cyclone Jasper",0.26784310096004116,0.22174807733574656,0.24973305187820785,0.26937721715029067,0.2534456187525169,0.2520595977698783,0.2422317129068815,0.21899180872814009,0.7321568990399588,0.7782519226642535,0.7502669481217922,0.7306227828497094,0.7465543812474831,0.7479404022301217,0.7577682870931185,0.7810081912718599,-0.018110049081833335,0.0015341161902494571,-0.014397482207524237,-0.04609502362429463,0.030311520434131767,-0.009827884862996794,-0.023239904178741444,-0.0027562686076064713
reef_blocked_2024,5,mmp,4160222,16-006,Snapper Reef (16-006),2024,Central GBR,0,6.93,0.13825214405281794,0.897197855579998,0.9,0.15894063309421047,0,NA,0.001,m,Jasper,NA,"Cyclone Jasper, flood waters at 2.0 m only, coral bleaching at 5.0 m only | flood waters, Cyclone Jasper","Jasper Cyclone Jasper, flood waters at 2.0 m only, coral bleaching at 5.0 m only | flood waters, Cyclone Jasper",0.14477148134722262,0.11871797289344228,0.148209026544198,0.15382665477661123,0.15780542656606705,0.1338899271702974,0.09931962227029371,0.12129470104534804,0.14477148134722262,0.11871797289344228,0.148209026544198,0.15382665477661123,0.15780542656606705,0.1338899271702974,0.09931962227029371,0.12129470104534804,-0.0034375451969753945,-0.009055173429388608,-0.013033945218844434,0.026053508453780336,-0.015171954276855124,0.03457030490000369,-0.02197507877505432,-0.0025767281519057522
reef_blocked_2024,5,mmp,4160243,16-006,Snapper Reef (16-006),2024,Central GBR,1,6.93,0.13825214405281794,0.897197855579998,0.9,0.15894063309421047,0,NA,0.001,m,Jasper,NA,"Cyclone Jasper, flood waters at 2.0 m only, coral bleaching at 5.0 m only | flood waters, Cyclone Jasper","Jasper Cyclone Jasper, flood waters at 2.0 m only, coral bleaching at 5.0 m only | flood waters, Cyclone Jasper",0.19025381927383572,0.15695410481704292,0.18680675446056452,0.1965197261473919,0.1916984568631073,0.18811376750403885,0.1492513119579223,0.15800036857820124,0.8097461807261643,0.8430458951829571,0.8131932455394355,0.8034802738526081,0.8083015431368927,0.8118862324959611,0.8507486880420777,0.8419996314217988,-0.0034470648132711723,0.006265906873556215,0.0014446375892716024,-0.033299714456792806,0.031159662686995993,-0.03886245554611656,0.008749056620278917,0.0010462637611583503
reef_blocked_2024,5,ltmp,4170711,16-028,Low Islands Reef (16-028),2024,Central GBR,0.17859848813708523,6.42,0.07365554786941506,0.564896066302209,1,0.289486881626768,0,0,1e-4,m,Jasper,NA,"Cyclone Jasper, flood waters, coral bleaching","Jasper Cyclone Jasper, flood waters, coral bleaching",0.17288120965753276,0.14445799952527505,0.1745211947313725,0.1746824857388167,0.17891918660729483,0.1656966598399513,0.14076022265067248,0.13946569188963687,0.00571727847955247,0.03414048861181018,0.00407729340571272,0.00391600239826853,3.206984702096e-4,0.01290182829713393,0.03783826548641275,0.03913279624744836,0.0016399850738397495,0.0018012760812839397,0.00539658000934287,-0.028423210132257713,0.021238660314676253,-0.024936437189278824,-0.0012945307610356047,-0.004992307635638175
reef_blocked_2024,5,manta,4206349,16-028,Low Islands Reef (16-028),2024,Central GBR,0.4177050324727606,6.42,0.07365554786941506,0.564896066302209,1,0.289486881626768,0,0,1e-4,m,Jasper,Jasper,"Cyclone Jasper, flood waters, coral bleaching","Jasper Jasper Cyclone Jasper, flood waters, coral bleaching",0.2715170131107224,0.2074098829717551,0.24514803910758615,0.26813330941568425,0.24512482039062516,0.24630875600404795,0.22773804664649183,0.1999882086275404,0.14618801936203818,0.21029514950100545,0.17255699336517444,0.14957172305707633,0.17258021208213542,0.17139627646871264,0.18996698582626875,0.21771682384522015,-0.02636897400313626,-0.003383703695038154,-0.02639219272009724,-0.06410713013896727,0.03889887303229281,-0.018570709357556114,-0.027749838018951395,-0.0074216743442147015
reef_blocked_2024,5,ltmp,4178609,16-068,Thetford Reef (16-068),2024,Central GBR,0.05542349117761327,7.34,0.1800947025045891,0.0704767616531914,0.8,0.02438038435635965,34,0,0,b,NA,Aerial bl 3 2024 DHW 7.63 2024,NA,Aerial bl 3 2024 DHW 7.63 2024,0.05276771707735406,0.08436740590771477,0.05249206803549684,0.07485669360559899,0.07683689894919396,0.07861440305778358,0.11064021162248146,0.0883334319765222,0.0026557741002592,0.0289439147301015,0.00293142314211642,0.01943320242798572,0.02141340777158069,0.02319091188017031,0.05521672044486819,0.03290994079890893,-2.7564904185722015e-4,-0.01677742832772652,-0.01875763367132149,-0.0262881406298423,0.0057530028499311915,-0.032025808564697875,0.022306779645959257,-0.0039660260688074295
reef_blocked_2024,5,manta,4068550,16-068,Thetford Reef (16-068),2024,Central GBR,0.22109938427513848,7.34,0.1800947025045891,0.0704767616531914,0.8,0.02438038435635965,34,0,0,b,NA,Aerial bl 3 2024 DHW 7.63 2024,coral bleaching,Aerial bl 3 2024 DHW 7.63 2024  coral bleaching,0.08620398937942486,0.10940599745019788,0.07774532605777346,0.12020997239885084,0.11114756807449064,0.11652799989833382,0.15081892433050811,0.11508368517784465,0.13489539489571362,0.1116933868249406,0.14335405821736502,0.10088941187628764,0.10995181620064784,0.10457138437680466,0.07028045994463036,0.10601569909729384,-0.008458663321651405,0.03400598301942598,0.024943578695065777,0.023202008070773023,0.007122002448135933,0.0342909244321743,-0.03573523915266348,0.005677687727646749
reef_blocked_2024,5,mmp,4142980,18-001,Richards (Bedarra) Reef (18-001),2024,Central GBR,0,4.12,0.3256942657515102,0.691931621395728,0,-0.2128136208180611,0,NA,1e-4,NA,NA,NA,NA,NA,0.0199219832851216,0.05359756663817949,0.03015112791589305,0.02384444324299056,0.03023882362730141,0.07716486379378365,0.0364305660683246,0.06193870197299249,0.0199219832851216,0.05359756663817949,0.03015112791589305,0.02384444324299056,0.03023882362730141,0.07716486379378365,0.0364305660683246,0.06193870197299249,-0.010229144630771448,-0.003922459957868961,-0.01031684034217981,-0.033675583353057884,-0.023567297155604162,0.04073429772545905,-0.02550813590466789,-0.008341135334813003
reef_blocked_2024,5,mmp,4142991,18-001,Richards (Bedarra) Reef (18-001),2024,Central GBR,0.04904518159865426,4.12,0.02206680707521358,0.691931621395728,0,-0.2128136208180611,0,NA,1e-4,NA,NA,NA,NA,NA,0.02475112025348313,0.04769962120896209,0.04328943640064631,0.03374214683884156,0.04393377490697576,0.05174313735372881,0.03366877734019203,0.05784010412236901,0.02429406134517112,0.00134556038969216,0.00575574519800794,0.01530303475981269,0.00511140669167849,0.00269795575507455,0.01537640425846222,0.00879492252371475,0.01853831614716318,0.00899102658535843,0.01918265465349263,0.02294850095547896,-0.0013523953653823899,-0.01267844850338767,0.00658148173474747,-0.007449362134022591
reef_blocked_2024,5,ltmp,4226570,18-030,Kelso Reef (18-030),2024,Central GBR,0,6.72,0.233741827105771,0,0.45,0,7,0.00285714287310839,0.0054,b,NA,Aerial bl 4 2024 DHW6.56 2025 6.48 2024,NA,Aerial bl 4 2024 DHW6.56 2025 6.48 2024,0.03994330520269732,0.03007934632551889,0.04597540515645838,0.04081795670969877,0.04869091169946023,0.02336530032519635,0.02669257201091533,0.02971573228724241,0.03994330520269732,0.03007934632551889,0.04597540515645838,0.04081795670969877,0.04869091169946023,0.02336530032519635,0.02669257201091533,0.02971573228724241,-0.006032099953761055,-8.746515070014449e-4,-0.008747606496762907,0.009863958877178433,0.006714046000322538,-0.003327271685718978,-0.0030231602763270797,3.636140382764809e-4
reef_blocked_2024,5,manta,4066150,18-030,Kelso Reef (18-030),2024,Central GBR,0,6.72,0.233741827105771,0,0.45,0,7,0.00285714287310839,0.0054,b,NA,Aerial bl 4 2024 DHW6.56 2025 6.48 2024,coral bleaching,Aerial bl 4 2024 DHW6.56 2025 6.48 2024  coral bleaching,0.09632785475225202,0.06623229638329708,0.09910694670971328,0.10952237036191256,0.10439048309783223,0.05963923412124121,0.06690332425874661,0.06742326029790795,0.09632785475225202,0.06623229638329708,0.09910694670971328,0.10952237036191256,0.10439048309783223,0.05963923412124121,0.06690332425874661,0.06742326029790795,-0.0027790919574612605,-0.013194515609660548,-0.00806262834558022,0.03009555836895493,0.006593062262055874,-0.007264090137505397,-5.199360391613395e-4,-0.0011909639146108625
reef_blocked_2024,5,ltmp,4234580,18-096,Davies Reef (18-096),2024,Central GBR,0,4.2700000000000005,0.30933731156813715,0,0.45,0,4.09523809523809,0.0175088650236527,0.0364,m,Kirrily,DHW 4.27,NA,DHW 4.27 Kirrily,0.05677432910892437,0.03646178831340161,0.06694893496703631,0.05649246558219736,0.06857273550929491,0.03055297064044273,0.02513342559768811,0.03514338261938518,0.05677432910892437,0.03646178831340161,0.06694893496703631,0.05649246558219736,0.06857273550929491,0.03055297064044273,0.02513342559768811,0.03514338261938518,-0.010174605858111946,2.818635267270095e-4,-0.01179840640037054,0.020312540795522756,0.005908817672958883,0.005419545042754617,-0.010009957021697071,0.0013184056940164293
reef_blocked_2024,5,manta,4068156,18-096,Davies Reef (18-096),2024,Central GBR,0,4.2700000000000005,0.30933731156813715,0,0.45,0,4.09523809523809,0.0175088650236527,0.0364,m,Kirrily,DHW 4.27,"Cyclone Kirrily, coral bleaching","DHW 4.27 Kirrily Cyclone Kirrily, coral bleaching",0.11678537853249828,0.0773111443649822,0.11562225577128588,0.1161811538303718,0.11842645654189118,0.08802947126446019,0.07183702135273805,0.07444651785548681,0.11678537853249828,0.0773111443649822,0.11562225577128588,0.1161811538303718,0.11842645654189118,0.08802947126446019,0.07183702135273805,0.07444651785548681,0.0011631227612124012,6.042247021264824e-4,-0.0016410780093929073,0.03947423416751608,-0.010718326899477992,0.01619244991172214,-0.002609496502748762,0.0028646265094953854
reef_blocked_2024,5,manta,4066204,19-098,Wansfell Reef (19-098),2024,Central GBR,0.19912105097139948,3.37,0.18775765340217165,0,0.45,0,17.6666666666667,0,0,b,NA,Aerial bl 3 2024 DHW 3.37 2024 DHW 2.61 2025,coral bleaching,Aerial bl 3 2024 DHW 3.37 2024 DHW 2.61 2025  coral bleaching,0.05184964583984022,0.05016602297120056,0.05935135528474212,0.06427289850016135,0.07342386896448114,0.06356782443607335,0.04696290977661362,0.04142678682143502,0.14727140513155926,0.1489550280001989,0.13976969568665737,0.13484815247123813,0.12569718200691837,0.13555322653532614,0.15215814119478585,0.15769426414996446,0.007501709444901888,0.012423252660321127,0.021574223124640884,-0.001683622868639656,0.01340180146487277,-0.016604914659459707,-0.005536122955178607,-0.008739236149765545
reef_blocked_2024,5,ltmp,4233078,19-131a,U/N Reef (19-131a),2024,Central GBR,0,5.82,0.15580743050357476,0,0.45,0,18.8,0.00555555569007993,0.0064,NA,NA,NA,NA,NA,0.09999401959701798,0.09366899142683403,0.1169982485356681,0.10784191817939916,0.1193025546068589,0.11311921872182962,0.07610903833417725,0.08625183914618323,0.09999401959701798,0.09366899142683403,0.1169982485356681,0.10784191817939916,0.1193025546068589,0.11311921872182962,0.07610903833417725,0.08625183914618323,-0.017004228938650126,-0.007847898582381177,-0.01930853500984092,0.006325028170183947,-0.019450227294995584,0.03701018038765237,-0.010142800812005984,0.0074171522806508045
reef_blocked_2024,5,ltmp,4233079,19-131a,U/N Reef (19-131a),2024,Central GBR,0,5.82,0.1289236137275135,0,0.45,0,18.8,0.00555555569007993,0.0064,NA,NA,NA,NA,NA,0.0986589394731653,0.09023871931300952,0.11588351662404632,0.10784191817939916,0.11821938765291864,0.11106173619411112,0.07294970992273163,0.08157034784663258,0.0986589394731653,0.09023871931300952,0.11588351662404632,0.10784191817939916,0.11821938765291864,0.11106173619411112,0.07294970992273163,0.08157034784663258,-0.01722457715088102,-0.009182978706233857,-0.019560448179753345,0.008420220160155784,-0.020823016881101608,0.038112026271379496,-0.008620637923900956,0.008668371466376931
reef_blocked_2024,5,manta,4067674,19-131a,U/N Reef (19-131a),2024,Central GBR,0.02128026046641708,5.82,0.15580743050357476,0,0.45,0,18.8,0.00555555569007993,0.0064,NA,NA,NA,NA,NA,0.06710856660665344,0.07142418355029424,0.08763001765185904,0.08278287761535444,0.09745854520520078,0.08284368625716973,0.06246499386127414,0.06660115051113018,0.04582830614023636,0.05014392308387716,0.06634975718544196,0.06150261714893736,0.0761782847387837,0.06156342579075265,0.04118473339485705,0.0453208900447131,-0.0205214510452056,-0.015674311008700995,-0.030349978598547336,-0.004315616943640799,-0.011419502706875487,0.020378692395895598,-0.004136156649856046,0.004823033039164065
reef_blocked_2024,5,manta,4067675,19-131a,U/N Reef (19-131a),2024,Central GBR,0,5.82,0.1289236137275135,0,0.45,0,18.8,0.00555555569007993,0.0064,NA,NA,NA,NA,NA,0.05080364560110806,0.06456481616542341,0.0783448929916255,0.06085391434125541,0.08607156155242505,0.07501662453128582,0.05729893044276779,0.06130032575917139,0.05080364560110806,0.06456481616542341,0.0783448929916255,0.06085391434125541,0.08607156155242505,0.07501662453128582,0.05729893044276779,0.06130032575917139,-0.027541247390517443,-0.010050268740147347,-0.035267915951316994,-0.013761170564315348,-0.010451808365862417,0.017717694088518032,-0.004001395316403596,0.00326449040625202
reef_blocked_2024,5,manta,4067702,19-135,Hardy Reef (19-135),2024,Central GBR,0,5.28,0.1732226800728372,0,0.4,0,16.875,0,0,NA,NA,NA,NA,NA,0.09619727434116553,0.08661678280219573,0.10826006244824456,0.10355649428523546,0.1139828870153474,0.10673038370709276,0.08923211436509185,0.08174537442690126,0.09619727434116553,0.08661678280219573,0.10826006244824456,0.10355649428523546,0.1139828870153474,0.10673038370709276,0.08923211436509185,0.08174537442690126,-0.012062788107079031,-0.0073592199440699335,-0.01778561267418187,0.009580491538969796,-0.020113600904897028,0.01749826934200091,0.007486739938190587,0.00487140837529447
reef_blocked_2024,5,ltmp,4228045,19-209,Rebe Reef (19-209),2024,Central GBR,0.3688870700792086,11.14,0.6402774310653515,0,0.45,0,33,0,5e-4,b,NA,Aerial bl 4,coral bleaching,Aerial bl 4  coral bleaching,0.20376410831921055,0.181469613683701,0.20878127600596236,0.21528960305283645,0.22476975955436412,0.20473252783234783,0.1745671548067531,0.1808096688186085,0.16512296175999808,0.1874174563955076,0.1601057940732463,0.1535974670263722,0.1441173105248445,0.1641545422468608,0.1943199152724555,0.18807740126060016,0.005017167686751783,0.01152549473362588,0.021005651235153577,-0.022294494635509532,0.023262914148646813,-0.030165373025594716,0.006242514011855355,-6.599448650925488e-4
reef_blocked_2024,5,manta,4067239,19-209,Rebe Reef (19-209),2024,Central GBR,0,11.14,0.6402774310653515,0,0.45,0,33,0,5e-4,b,NA,Aerial bl 4,NA,Aerial bl 4,0.2461532099737896,0.202080289252914,0.2196584028561847,0.24310543376960675,0.23177865423217708,0.22855746977681612,0.2067672259517202,0.20395734937188295,0.2461532099737896,0.202080289252914,0.2196584028561847,0.24310543376960675,0.23177865423217708,0.22855746977681612,0.2067672259517202,0.20395734937188295,0.02649480711760488,0.0030477762041828393,0.014374555741612505,0.0440729207208756,-0.026477180523902133,0.021790243825095923,0.0028098765798372505,-0.0018770601189689595
reef_blocked_2024,5,manta,4067240,19-209,Rebe Reef (19-209),2024,Central GBR,0.2429906656982307,11.14,0.6402774310653515,0,0.45,0,33,0,5e-4,b,NA,DHW 9.3 to 11.1,coral bleaching,DHW 9.3 to 11.1  coral bleaching,0.2552543312537154,0.20350176766530131,0.2196584028561847,0.2533887451634849,0.23177865423217708,0.22855746977681612,0.21239081092167275,0.20682471170017636,0.01226366555548469,0.03948889803292937,0.02333226284204595,0.01039807946525422,0.0112120114660536,0.01443319592141456,0.03059985477655794,0.03616595399805433,-0.01106859728656126,0.0018655860902304696,0.00105165408943109,-0.02722523247744468,0.02505570211151481,-0.01616665885514338,-0.005566099221496389,0.0033229440348750416
reef_blocked_2024,5,ltmp,4225567,20-351a,Pompey Reef (No 1) (20-351a),2024,Southern GBR,0.07887795268029442,8.63,0.22497349239822223,0,0.35,0,3.36,0,0,NA,NA,NA,NA,NA,0.09977114689985989,0.08515702628069771,0.1007293530799378,0.10771811346493727,0.10370099941944234,0.08249370484534659,0.09553216240340402,0.09692287594378476,0.02089319421956545,0.00627907360040329,0.02185140039964338,0.02884016078464285,0.02482304673914792,0.00361575216505216,0.0166542097231096,0.01804492326349033,-9.582061800779314e-4,-0.007946966565077401,-0.003929852519582472,0.01461412061916216,0.00266332143535113,-0.01303845755805744,-0.0013907135403807315,-0.011765849663087042
reef_blocked_2024,5,manta,4066907,20-351a,Pompey Reef (No 1) (20-351a),2024,Southern GBR,0.07325807915336613,8.63,0.22497349239822223,0,0.35,0,3.36,0,0,NA,NA,NA,NA,NA,0.1387808127452928,0.10779072364479944,0.1333720932828828,0.14606319454384445,0.13661061025747742,0.11194950438087818,0.12102373997397094,0.1178466056266139,0.06552273359192667,0.03453264449143332,0.06011401412951667,0.07280511539047832,0.06335253110411129,0.03869142522751205,0.04776566082060481,0.04458852647324778,0.0054087194624100055,-0.007282381798551646,0.0021702024878153814,0.030990089100493355,-0.0041587807360787335,-0.009074235593092755,0.00317713434735703,-0.010055881981814459
reef_blocked_2024,5,ltmp,4224936,21-187,U/N Reef (21-187),2024,Southern GBR,0.16372669436792,7.25,0.3136770924524844,0,0.4,0,0,0.420531406998634,0,b,NA,decline following bleaching,coral bleaching,decline following bleaching  coral bleaching,0.30260357873038685,0.26633861668635195,0.3257008248901879,0.2902543085214674,0.32306924964941597,0.2994079972952984,0.2817172042668028,0.2636542114999499,0.13887688436246684,0.10261192231843194,0.16197413052226792,0.12652761415354738,0.15934255528149596,0.13568130292737837,0.1179905098988828,0.09992751713202988,-0.023097246159801077,0.01234927020891946,-0.020465670919029122,0.0362649620440349,-0.03306938060894643,0.017690793028495577,0.018062992766852914,0.0026844051864020613
reef_blocked_2024,5,manta,4066635,21-187,U/N Reef (21-187),2024,Southern GBR,0.44183377601544943,7.25,0.3136770924524844,0,0.4,0,0,0.420531406998634,0,b,NA,decline following bleaching,NA,decline following bleaching,0.28566243691514537,0.25686916685181294,0.3099191973970203,0.2895802399725503,0.31166307910116164,0.28745099623201054,0.27768741838024474,0.25468832175076966,0.15617133910030406,0.1849646091636365,0.13191457861842917,0.15225353604289915,0.1301706969142878,0.1543827797834389,0.1641463576352047,0.18714545426467977,0.02425676048187489,0.003917803057404912,0.026000642186016276,-0.028793270063332432,0.0305818293801976,-0.009763577851765792,-0.02299909662947508,-0.0021808451010432717
reef_blocked_2024,5,manta,4067277,21-245,U/N Reef (21-245),2024,Southern GBR,0.14277996567627907,6.22,0.17480474460241177,0,0.5,0,7,0.0325203239917755,0.0361,NA,NA,NA,NA,NA,0.1832270683642847,0.13436833119475888,0.17129751265137944,0.17988826342188596,0.1758171122097902,0.1350830548281759,0.15476409681200898,0.13259717566942808,0.04044710268800566,0.00841163448152018,0.02851754697510036,0.03710829774560689,0.03303714653351114,0.00769691084810317,0.0119841311357299,0.01018279000685098,0.011929555712905299,0.003338804942398771,0.007409956154494517,0.03203546820648548,7.147236334170111e-4,-0.00428722028762673,0.0018013411288789194,-0.0017711555253307996
reef_blocked_2024,5,manta,4067278,21-245,U/N Reef (21-245),2024,Southern GBR,0.06671505324129029,6.22,0.19722631201351185,0,0.5,0,7,0.0325203239917755,0.0361,b,NA,DHW 6.56 0.03 COTS per tow,coral bleaching,DHW 6.56 0.03 COTS per tow  coral bleaching,0.20071539365508417,0.15054784878136365,0.18329578470649313,0.19760743056308136,0.18886018472224847,0.1519825733312258,0.16718510479527743,0.14487105660695385,0.13400034041379388,0.08383279554007336,0.11658073146520284,0.13089237732179107,0.12214513148095818,0.08526752008993552,0.10047005155398714,0.07815600336566356,0.017419608948591042,0.0031079630920028134,0.011855208932835704,0.05016754487372052,-0.0014347245498621541,-0.015202531464051622,0.022314048188323582,0.005676792174409806
reef_blocked_2024,5,manta,4049349,21-296,U/N Reef (21-296),2024,Southern GBR,0,6.8500000000000005,0.2073805916775587,0.0257730235339691,1,0.0257730235339691,5.83333333333333,NA,0.0421,b,NA,Aerial bl 5 2024 DHW 6.85 2024,coral bleaching,Aerial bl 5 2024 DHW 6.85 2024  coral bleaching,0.15888690568173902,0.11410562481805576,0.16049204440679107,0.1589071676060618,0.1646994457935995,0.13624823407079187,0.14186128272535165,0.11053114777866432,0.15888690568173902,0.11410562481805576,0.16049204440679107,0.1589071676060618,0.1646994457935995,0.13624823407079187,0.14186128272535165,0.11053114777866432,-0.0016051387250520521,-2.0261924322778624e-5,-0.00581254011186047,0.04478128086368326,-0.022142609252736103,-0.005613048654559777,0.03133013494668732,0.003574477039391441
reef_blocked_2024,5,ltmp,4180542,21-588,Wade Reef (21-588),2024,Southern GBR,0,9.33,0.31761851319151824,0.0454545468091965,1,0.0454545468091965,0,0,0.0124,b,NA,hc increase but sc decline,coral bleaching,hc increase but sc decline  coral bleaching,0.08483136382354883,0.112008245737557,0.08727094981985725,0.07824116545346936,0.08494348753421394,0.10548678462463716,0.09733383611134395,0.10277659205316694,0.08483136382354883,0.112008245737557,0.08727094981985725,0.07824116545346936,0.08494348753421394,0.10548678462463716,0.09733383611134395,0.10277659205316694,-0.0024395859963084188,0.0065901983700794725,-1.1212371066510185e-4,-0.02717688191400816,0.0065214611129198324,0.008152948513293207,-0.005442755941822988,0.009231653684390051
reef_blocked_2024,5,manta,3989106,21-588,Wade Reef (21-588),2024,Southern GBR,0.00629080401453635,9.33,0.31761851319151824,0.0454545468091965,1,0.0454545468091965,0,0,0.0124,b,NA,Aerial bl 4 2024  DHW 9.57 2024,coral bleaching,Aerial bl 4 2024  DHW 9.57 2024  coral bleaching,0.10370610967016385,0.1297836200145112,0.10032035347892004,0.09701985891371329,0.09744577489442996,0.12162226357475792,0.12099343351342463,0.123855461029515,0.09741530565562748,0.12349281599997486,0.09402954946438367,0.09072905489917692,0.0911549708798936,0.11533145956022156,0.11470262949888828,0.11756465701497865,0.0033857561912438022,0.00668625075645056,0.006260334775733872,-0.026077510344347382,0.008161356439753298,6.288300613332826e-4,-0.002862027516090368,0.005928158984996212
reef_blocked_2024,5,mmp,4149293,23-017,Pelican Island Reef (23-017),2024,Southern GBR,0,13.26,0.15284497105653488,0.982514254126998,0.3,-0.01725404792966256,0,NA,NA,NA,NA,NA,NA,NA,0.2627206739003869,0.2358040264218089,0.29190903478049707,0.26668843882365734,0.2953505913981304,0.2896993579752801,0.3023735840204811,0.25925480353723274,0.2627206739003869,0.2358040264218089,0.29190903478049707,0.26668843882365734,0.2953505913981304,0.2896993579752801,0.3023735840204811,0.25925480353723274,-0.029188360880110176,-0.003967764923270445,-0.03262991749774352,0.026916647478578,-0.05389533155347123,-0.012674226045200965,0.04311878048324835,-0.023450777115423843
reef_blocked_2024,5,mmp,4149294,23-017,Pelican Island Reef (23-017),2024,Southern GBR,0.40807202558722055,13.26,0.13438736512389293,0.982514254126998,0.3,-0.01725404792966256,0,NA,NA,b,NA,bleaching still evident at time of surveys,coral bleaching,bleaching still evident at time of surveys  coral bleaching,0.2627206739003869,0.2358040264218089,0.29190903478049707,0.26668843882365734,0.2953505913981304,0.2896993579752801,0.3023735840204811,0.25925480353723274,0.14535135168683366,0.17226799916541166,0.11616299080672347,0.14138358676356322,0.11272143418909014,0.11837266761194044,0.10569844156673948,0.14881722204998782,0.02918836088011019,0.003967764923270445,0.03262991749774352,-0.026916647478578,0.05389533155347122,0.012674226045200965,-0.04311878048324834,0.023450777115423843
reef_blocked_2024,5,mmp,4149312,23-017,Pelican Island Reef (23-017),2024,Southern GBR,0.02301944253341331,13.26,0.00450898632981563,0.982514254126998,0.3,-0.01725404792966256,0,NA,NA,NA,NA,NA,NA,NA,0.28692532873971877,0.28228838963400815,0.3117508275105473,0.2885171554167283,0.31803059856707483,0.2841149189192862,0.3262480174163676,0.30194124131483907,0.26390588620630545,0.25926894710059484,0.28873138497713396,0.265497712883315,0.2950111560336615,0.2610954763858729,0.3032285748829543,0.27892179878142576,-0.024825498770828514,-0.0015918266770095224,-0.031105269827356063,0.0046369391057106135,-0.0018265292852780446,-0.04213309849708141,0.024306776101528538,-0.01965285168083092
reef_blocked_2024,5,mmp,4149313,23-017,Pelican Island Reef (23-017),2024,Southern GBR,0.01857781972865065,13.26,0.0160741119416249,0.982514254126998,0.3,-0.01725404792966256,0,NA,NA,b,NA,bleaching still evident at time of surveys,coral bleaching,bleaching still evident at time of surveys  coral bleaching,0.28948231994995494,0.28228838963400815,0.3117508275105473,0.2913211605694552,0.31803059856707483,0.2841149189192862,0.3318128673955357,0.30194124131483907,0.2709045002213043,0.2637105699053575,0.29317300778189664,0.27274334084080454,0.2994527788384242,0.26553709919063556,0.3132350476668851,0.28336342158618844,-0.022268507560592343,-0.0018388406195002371,-0.028548278617119893,0.007193930315946784,-0.0018265292852780446,-0.04769794847624953,0.029871626080696656,-0.01965285168083092
reef_blocked_2024,5,ltmp,4187208,23-082a,Lady Musgrave Reef (23-082a),2024,Southern GBR,0.5425304381746469,11.12,0.9474516636293956,0.0530255667004531,0.8,0.0530255667004531,0,0.0214888722014924,0.0202,m,NA,b s 34% decline hc abs 55% decline rel,"coral bleaching, coral disease, unknown storm","b s 34% decline hc abs 55% decline rel  coral bleaching, coral disease, unknown storm",0.3902902766680459,0.3480972839441223,0.30374706607143387,0.3674694856925649,0.29956858094426175,0.28679380832683976,0.35088956105728747,0.3298925294354155,0.15224016150660097,0.19443315423052457,0.238783372103213,0.17506095248208198,0.2429618572303851,0.2557366298478071,0.1916408771173594,0.21263790873923133,-0.08654321059661202,-0.02282079097548101,-0.09072169572378413,-0.0421929927239236,-0.06130347561728253,0.06409575273044771,-0.020997031621871942,-0.01820475450870676
reef_blocked_2024,5,manta,4284760,23-082a,Lady Musgrave Reef (23-082a),2024,Southern GBR,0.3784926956594735,11.12,0.9474516636293956,0.0530255667004531,0.8,0.0530255667004531,0,0.0214888722014924,0.0202,m,NA,Aerial bl 4 2024 DHW 11.42,"coral bleaching, unknown storm","Aerial bl 4 2024 DHW 11.42  coral bleaching, unknown storm",0.34061651149106814,0.3183867043968524,0.2763701431735664,0.3319656160874465,0.27503074652234366,0.2570935440838114,0.323597609384011,0.3081300318053743,0.03787618416840538,0.06010599126262112,0.10212255248590713,0.04652707957202701,0.10346194913712986,0.12139915157566213,0.05489508627546252,0.07036266385409923,-0.06424636831750175,-0.008650895403621628,-0.06558576496872448,-0.022229807094215737,-0.06129316031304101,0.06650406530019962,-0.015467577578636711,-0.010256672591478111
