event_year,site,lat,lon,discrepancy,logger_series,median_depth_m,position_rule,prediction,fold,scheme,range_km
2016,19-131 Reef,-19.7641,149.3786,2.4881428483989625,1,,shallow_preferred,-0.49290547059562134,2016,leave_event_out,25.0
2016,19-138 Reef,-19.8024,149.4199,1.615120950831018,1,,shallow_preferred,-0.5202245369034876,2016,leave_event_out,25.0
2016,19-159 Reef,-19.6661,149.9146,-3.01,1,,shallow_preferred,-2.405168837260159,2016,leave_event_out,25.0
2016,20-104 Reef,-20.0286,149.6933,1.2862792410082275,1,,shallow_preferred,-0.529830249666806,2016,leave_event_out,25.0
2016,21-062 Reef,-21.028,150.8534,-0.47,1,,shallow_preferred,-1.0317800812812923,2016,leave_event_out,25.0
2016,21-139 Reef,-21.4552,151.4654,-0.64,1,,shallow_preferred,-0.2864205901202886,2016,leave_event_out,25.0
2016,21-187 Reef,-21.4072,151.6414,-0.31,1,,shallow_preferred,-0.24568882265743583,2016,leave_event_out,25.0
2016,21-245 Reef,-21.298,152.4425,0.0,1,,shallow_preferred,-0.6839303179869467,2016,leave_event_out,25.0
2016,21-550 Reef,-21.9471,152.3069,0.0921533394028272,1,,shallow_preferred,-0.14068383452634897,2016,leave_event_out,25.0
2016,21-591 Reef,-21.0266,150.3807,-1.14,1,,all_available,-1.2719246720267112,2016,leave_event_out,25.0
2016,Agincourt Reef Number 1,-16.0398,145.8652,0.6706690019749448,1,,shallow_preferred,-0.2732760453698993,2016,leave_event_out,25.0
2016,Arlington Reef,-16.6891,146.0871,1.8697210938847693,1,,shallow_preferred,0.6411707892743964,2016,leave_event_out,25.0
2016,Barren Island,-23.1578,151.0707,0.3594048150164696,1,,all_available,0.6613800965418928,2016,leave_event_out,25.0
2016,Border Island,-20.171,149.0319,-1.1542022049138567,1,,shallow_preferred,-0.049667378774220325,2016,leave_event_out,25.0
2016,Boult Reef,-23.747,152.2725,-0.15,1,,shallow_preferred,-0.8642344318523686,2016,leave_event_out,25.0
2016,Cattle Bay,-18.5691,146.4823,-0.6118180509479609,1,,shallow_preferred,-0.13807857588577563,2016,leave_event_out,25.0
2016,Centipede Reef,-18.7324,147.554,-1.864780516451196,1,,all_available,-1.3464325943432272,2016,leave_event_out,25.0
2016,Chicken Reef,-18.6534,147.7199,-1.9926378104458151,1,,shallow_preferred,-1.563937065205104,2016,leave_event_out,25.0
2016,Chinaman Reef,-21.9973,152.664,-0.0185903126361312,1,,shallow_preferred,-0.08626092347621526,2016,leave_event_out,25.0
2016,Davies Reef,-18.8065,147.6688,-1.1285137776708165,1,,shallow_preferred,-1.5377009116336189,2016,leave_event_out,25.0
2016,Daydream Island,-20.2557,148.8122,2.6965346641335963,1,,shallow_preferred,0.2847780046921328,2016,leave_event_out,25.0
2016,Dent Island,-20.345,148.9382,2.8108011389618843,1,,shallow_preferred,0.7638677693322987,2016,leave_event_out,25.0
2016,Dip Reef,-18.3999,147.4519,-4.222305870596005,1,,all_available,-1.8440944727899369,2016,leave_event_out,25.0
2016,Double Cone,-20.1046,148.7218,0.4252579264263967,1,,shallow_preferred,-0.13708527195006331,2016,leave_event_out,25.0
2016,Dunk Island,-17.9263,146.1461,-1.417138406452865,1,,shallow_preferred,1.4619424457916508,2016,leave_event_out,25.0
2016,East Cay,-21.4727,152.5662,0.0,1,,shallow_preferred,-0.7717172396679394,2016,leave_event_out,25.0
2016,Erskine Island,-23.498800000000003,151.7748,0.0,2,6.25,shallow_preferred,-0.007869912284369502,2016,leave_event_out,25.0
2016,Farquharson Reef,-17.79,146.5315,2.174716284413961,1,,shallow_preferred,0.905064722910567,2016,leave_event_out,25.0
2016,Feather Reef,-17.51845,146.3896,-0.4887138188329878,2,1.1,shallow_preferred,0.49315826912073013,2016,leave_event_out,25.0
2016,Frankland Islands,-17.227,146.0904,-0.6161032549995185,1,,shallow_preferred,-0.001476595790098478,2016,leave_event_out,25.0
2016,Gannet Cay Reef,-21.9784,152.4742,-0.35,1,,shallow_preferred,-0.1301492020236836,2016,leave_event_out,25.0
2016,Geoffrey Bay,-19.1549,146.8685,13.548800298159325,1,,all_available,2.9472514419273805,2016,leave_event_out,25.0
2016,"Green Island, Qld",-16.7755,145.9803,-0.3151215766624777,1,,all_available,0.9164695377380395,2016,leave_event_out,25.0
2016,Hastings Reef,-16.5013,146.017,2.161549404886196,1,,shallow_preferred,0.6065316244503303,2016,leave_event_out,25.0
2016,Havannah Island,-18.8472,146.5428,1.2404488095497328,1,,shallow_preferred,0.08822534779469508,2016,leave_event_out,25.0
2016,Hayman Island,-20.0413,148.8819,-0.4657770304710102,1,,shallow_preferred,-0.308961761686683,2016,leave_event_out,25.0
2016,Hedley Reef,-17.2235,146.4754,0.2598472693507516,1,,shallow_preferred,0.6955257001104722,2016,leave_event_out,25.0
2016,Helix Reef,-18.6201,147.2976,-0.3794971308614112,1,,all_available,-1.2426671139877812,2016,leave_event_out,25.0
2016,High Island,-17.1622,146.007,-0.051167761052802,1,,shallow_preferred,0.11284577199894735,2016,leave_event_out,25.0
2016,Horseshoe Reef,-22.0227,152.6166,-0.53,1,,shallow_preferred,-0.09330132248715639,2016,leave_event_out,25.0
2016,Humpy Island,-23.2162,150.9638,-0.0253816807258292,1,,shallow_preferred,0.8696160251601952,2016,leave_event_out,25.0
2016,Hyde Reef,-19.7457,150.0822,-3.13,1,,shallow_preferred,-2.269677806297253,2016,leave_event_out,25.0
2016,John Brewer,-18.6189,147.0813,-0.3312680887880521,2,4.0,shallow_preferred,-0.9192964530440456,2016,leave_event_out,25.0
2016,Knife Reef,-18.5711,147.5772,-0.9066023963914605,1,,all_available,-1.7982655546724682,2016,leave_event_out,25.0
2016,Lady Musgrave,-23.8884,152.422,-0.611715588038071,1,,shallow_preferred,-1.243810848349746,2016,leave_event_out,25.0
2016,Langford Island,-20.0877,148.8848,-1.231077688911029,1,,shallow_preferred,-0.3141890899717343,2016,leave_event_out,25.0
2016,Linnet Reef,-14.7811,145.3474,7.626145269299075,1,,shallow_preferred,0.39057050148642974,2016,leave_event_out,25.0
2016,Lizard Island,-14.694067,145.45705,-0.683264140547168,1,0.6,shallow_preferred,-0.20454267723264669,2016,leave_event_out,25.0
2016,Low Isles,-16.3831,145.5619,3.328373418627904,1,,shallow_preferred,1.6415563063278704,2016,leave_event_out,25.0
2016,Mackay Reef,-16.0399,145.6506,3.142228224810014,1,,shallow_preferred,0.8499108004377446,2016,leave_event_out,25.0
2016,Martin,-14.7553,145.3722,3.718709690722728,1,,all_available,0.31835136335008035,2016,leave_event_out,25.0
2016,Mast Head Reef,-23.5341,151.7497,0.0,1,,all_available,0.17478071622649025,2016,leave_event_out,25.0
2016,McCulloch Reef,-17.2834,146.4777,-0.1369223508137507,1,,shallow_preferred,0.6875783400698046,2016,leave_event_out,25.0
2016,Michaelmas Reef,-16.5528,146.0454,2.5921159963802545,1,,shallow_preferred,0.6786386864759284,2016,leave_event_out,25.0
2016,Moore Reef,-16.8519,146.2336,1.393790788382177,1,,shallow_preferred,0.6280401069861045,2016,leave_event_out,25.0
2016,North Keppel Island,-23.0864,150.9052,0.4119327808008783,1,,shallow_preferred,0.717960640800522,2016,leave_event_out,25.0
2016,North Reef,-23.1775,151.9041,0.0,1,5.5,shallow_preferred,-0.4441723839127857,2016,leave_event_out,25.0
2016,One Tree Island,-23.4833,152.0739,0.0746192843859103,2,,all_available,-0.7037169573053904,2016,leave_event_out,25.0
2016,Opal Reef,-16.2034,145.9065,-0.870952350315747,1,,all_available,0.4174935817952615,2016,leave_event_out,25.0
2016,Orpheus Island,-18.601750000000003,146.48829999999998,0.14085842937082727,2,,all_available,-0.06045629307623581,2016,leave_event_out,25.0
2016,Pandora Reef,-18.8164,146.4341,-1.230475505080305,1,,shallow_preferred,0.21436725788183572,2016,leave_event_out,25.0
2016,Peak Island,-23.3413,150.9369,0.7980236209381337,1,,shallow_preferred,1.1747786346511486,2016,leave_event_out,25.0
2016,Peart Reef,-17.46705,146.40255,-0.7899533874370499,2,2.4,shallow_preferred,0.457127326056391,2016,leave_event_out,25.0
2016,Pelican Island,-23.2397,150.8742,0.8965753957673843,1,,shallow_preferred,1.0813365265316077,2016,leave_event_out,25.0
2016,Pelorus Island,-18.5406,146.4888,-0.4118532764787783,1,,shallow_preferred,-0.2051555820440069,2016,leave_event_out,25.0
2016,Penrith Reef,-21.0032,149.8875,-1.99,1,,all_available,-1.4854563360515476,2016,leave_event_out,25.0
2016,Pine Island,-20.378,148.8884,2.758559077194137,1,,shallow_preferred,0.8073046189345812,2016,leave_event_out,25.0
2016,Pompey Reef (No 1),-20.9201,150.5582,-0.8300000000000001,1,,shallow_preferred,-1.182892285796077,2016,leave_event_out,25.0
2016,Rebe Reef,-19.795,150.1499,-2.99,1,,shallow_preferred,-2.9623396707656213,2016,leave_event_out,25.0
2016,Rib Reef,-18.473,146.8774,-0.1772024504667313,1,,shallow_preferred,-0.8790752685665983,2016,leave_event_out,25.0
2016,Seaforth Island,-20.4685,149.0389,1.428689279780309,1,,shallow_preferred,0.8278135526834479,2016,leave_event_out,25.0
2016,Shute and Tancred Islands,-20.3009,148.7983,5.099828531280933,1,,shallow_preferred,0.43210313311570303,2016,leave_event_out,25.0
2016,Small Lagoon Reef,-21.8678,152.5239,0.1231167317810061,1,,shallow_preferred,-0.10956375677034376,2016,leave_event_out,25.0
2016,Snake Reef,-22.0232,152.1928,0.3360573961696979,1,,shallow_preferred,-0.23766464085894914,2016,leave_event_out,25.0
2016,Snapper Island North,-16.2924,145.4969,5.2608957298267205,1,13.6,shallow_preferred,1.9857844768080244,2016,leave_event_out,25.0
2016,St Crispin Reef,-16.0733,145.8438,0.8079247213057474,1,,shallow_preferred,-0.04825320726852786,2016,leave_event_out,25.0
2016,Taylor Reef,-17.8121,146.5703,2.0139693667363594,1,,shallow_preferred,0.8642102085297722,2016,leave_event_out,25.0
2016,Tern Reef,-20.9023,150.0264,-1.95,1,,shallow_preferred,-1.398110025625002,2016,leave_event_out,25.0
2016,Thetford Reef,-16.7995,146.1951,1.7851117645284935,1,,shallow_preferred,0.6776928741453049,2016,leave_event_out,25.0
2016,Turner Cay,-21.7031,152.5605,-0.16,1,,all_available,-0.46697176648450917,2016,leave_event_out,25.0
2016,Woiz Reef,-10.1741,143.226,9.436863183715728,1,,all_available,-0.2584849299968808,2016,leave_event_out,25.0
2016,Yonge Reef,-14.5731,145.6147,-1.8764307465645336,1,,shallow_preferred,-1.2027089950845928,2016,leave_event_out,25.0
2017,19-131 Reef,-19.7641,149.3786,0.1648669316651334,1,,shallow_preferred,-0.0030881374367561754,2017,leave_event_out,25.0
2017,19-138 Reef,-19.8024,149.4199,-0.6955989138045973,1,,shallow_preferred,-0.0835993960634831,2017,leave_event_out,25.0
2017,19-159 Reef,-19.6661,149.9146,-0.47,1,,shallow_preferred,-2.5747460873469876,2017,leave_event_out,25.0
2017,20-104 Reef,-20.0286,149.6933,-0.2948143010351345,1,,shallow_preferred,-0.23320753529478874,2017,leave_event_out,25.0
2017,21-062 Reef,-21.028,150.8534,-1.3030360356554327,1,,shallow_preferred,-0.6384331748189022,2017,leave_event_out,25.0
2017,21-139 Reef,-21.4552,151.4654,-0.8370985853263284,1,,shallow_preferred,-0.29107568507461057,2017,leave_event_out,25.0
2017,21-187 Reef,-21.4072,151.6414,-0.6164626088503855,1,,shallow_preferred,-0.23443876342878212,2017,leave_event_out,25.0
2017,21-245 Reef,-21.298,152.4425,0.0679673369730013,1,,shallow_preferred,-0.7169193887124774,2017,leave_event_out,25.0
2017,21-550 Reef,-21.9471,152.3069,0.3405297474348194,1,,shallow_preferred,-0.14234697834541743,2017,leave_event_out,25.0
2017,21-591 Reef,-21.0266,150.3807,-2.930230544831029,1,,all_available,-0.7392481157006859,2017,leave_event_out,25.0
2017,Agincourt Reef Number 1,-16.0384,145.8688,-3.146731387263813,1,,all_available,-0.3086032344119769,2017,leave_event_out,25.0
2017,Arlington Reef,-16.6891,146.0871,0.8026286572687749,1,,shallow_preferred,0.4536757471181491,2017,leave_event_out,25.0
2017,Barren Island,-23.1578,151.0707,0.6004196062900613,1,,all_available,0.3271372737706711,2017,leave_event_out,25.0
2017,Bedarra Island,-18.0094,146.148,3.5504139827964547,1,,shallow_preferred,1.0299718248717569,2017,leave_event_out,25.0
2017,Border Island,-20.171,149.0319,-0.5385739067167545,1,,shallow_preferred,-0.10340634294432258,2017,leave_event_out,25.0
2017,Boult Reef,-23.747,152.2725,-1.5204336353105217,1,,shallow_preferred,-0.3981450426222947,2017,leave_event_out,25.0
2017,Camp Island East,-19.8508,147.9052,6.633293001799257,1,,shallow_preferred,0.0,2017,leave_event_out,25.0
2017,Carter,-14.5238,145.5817,-5.795992916884115,1,,all_available,-0.6542189061725702,2017,leave_event_out,25.0
2017,Cattle Bay,-18.5691,146.4823,-0.2121164498235934,1,5.6,shallow_preferred,-0.30523610752891656,2017,leave_event_out,25.0
2017,Cherepo,-10.6893,142.2799,0.9537529396181982,1,,shallow_preferred,1.2859234131524595,2017,leave_event_out,25.0
2017,Chicken Reef,-18.6534,147.7199,-1.3663101188473838,1,,shallow_preferred,-1.4900626707515305,2017,leave_event_out,25.0
2017,Chinaman Reef,-21.9973,152.664,0.076558152790821,1,,shallow_preferred,-0.1549967711916803,2017,leave_event_out,25.0
2017,Davies Reef,-18.8065,147.6688,-0.460888870782222,1,,shallow_preferred,-1.521093746299374,2017,leave_event_out,25.0
2017,Dent Island,-20.345,148.9382,2.042098752777987,1,,shallow_preferred,0.9249797455711337,2017,leave_event_out,25.0
2017,Dip Reef,-18.3999,147.4519,-4.333377514241236,1,,all_available,-1.7051348853160917,2017,leave_event_out,25.0
2017,Double Cone,-20.1046,148.7218,0.2690576907372026,1,,shallow_preferred,-0.10718053808426806,2017,leave_event_out,25.0
2017,Dugong Island,-10.518,143.0997,-0.3522696767022557,1,,shallow_preferred,-1.0920870545914823,2017,leave_event_out,25.0
2017,Dunk Island,-17.9263,146.1461,0.2751631929575673,1,,shallow_preferred,1.182938108715004,2017,leave_event_out,25.0
2017,East Cay,-21.4727,152.5662,0.160089970195385,1,,shallow_preferred,-0.8193443294328799,2017,leave_event_out,25.0
2017,Erskine Island,-23.498800000000003,151.7748,-0.038515396352895456,2,6.25,shallow_preferred,-0.10510465955376694,2017,leave_event_out,25.0
2017,Farquharson Reef,-17.79,146.5315,1.465914024900595,1,,shallow_preferred,0.9665651210998186,2017,leave_event_out,25.0
2017,Feather Reef,-17.519,146.3887,0.6378752502221996,1,,shallow_preferred,0.17605966731290731,2017,leave_event_out,25.0
2017,Fitzroy Island,-16.9233,145.9963,2.110728215512085,1,7.6,shallow_preferred,0.5656751272951382,2017,leave_event_out,25.0
2017,Frankland Islands,-17.227,146.0904,1.5541734846759017,1,,shallow_preferred,-0.5103783137576121,2017,leave_event_out,25.0
2017,Gannet Cay Reef,-21.9784,152.4742,-0.1627587981511653,1,,shallow_preferred,-0.19500634387477644,2017,leave_event_out,25.0
2017,Geoffrey Bay,-19.1548,146.8685,5.926048371480657,1,,shallow_preferred,2.931665950789677,2017,leave_event_out,25.0
2017,"Green Island, Qld",-16.7583,145.97,2.340191435615312,1,,shallow_preferred,0.4497314102480805,2017,leave_event_out,25.0
2017,Hastings Reef,-16.5013,146.017,0.4853243896715344,1,,shallow_preferred,0.4850267387332154,2017,leave_event_out,25.0
2017,Havannah Island,-18.8472,146.5428,0.0869171131405899,1,,shallow_preferred,-0.025951734326867044,2017,leave_event_out,25.0
2017,Hayman Island,-20.0413,148.8819,0.1848600545097944,1,,shallow_preferred,-0.35581275436757104,2017,leave_event_out,25.0
2017,Hedley Reef,-17.2235,146.4754,1.5130401055442544,1,,shallow_preferred,0.1289612206251685,2017,leave_event_out,25.0
2017,Helix Reef,-18.6203,147.2958,-1.0224455431706163,1,,shallow_preferred,-1.1056059294396265,2017,leave_event_out,25.0
2017,Heron Island,-23.4384,151.9182,1.4967732072370152,1,,shallow_preferred,-0.2644228532183545,2017,leave_event_out,25.0
2017,High Island,-17.1622,146.007,0.670128926553808,1,,shallow_preferred,-0.35153823094112296,2017,leave_event_out,25.0
2017,Holbourne Island East,-19.7333,148.3644,-3.374739542342464,1,,all_available,-0.12845721808358124,2017,leave_event_out,25.0
2017,Horseshoe Reef,-22.0227,152.6166,-0.2975069033353643,1,,shallow_preferred,-0.15671449502267676,2017,leave_event_out,25.0
2017,Humpy Island,-23.2162,150.9638,1.8548445110707927,1,,shallow_preferred,0.45644285814941654,2017,leave_event_out,25.0
2017,Hyde Reef,-19.7457,150.0822,-0.8,1,,shallow_preferred,-2.724395218632308,2017,leave_event_out,25.0
2017,John Brewer,-18.6189,147.0813,-0.19977371658930343,2,4.0,shallow_preferred,-0.9133931059161499,2017,leave_event_out,25.0
2017,Knife Reef,-18.5711,147.5772,-4.635100374605694,1,,all_available,-1.4975684820017736,2017,leave_event_out,25.0
2017,Kubin Island,-10.2388,142.2176,-0.1928151333613488,1,,all_available,0.5324589800375003,2017,leave_event_out,25.0
2017,Lady Elliot Reef,-18.6798,146.3325,5.367763141106728,1,,shallow_preferred,0.33177487296118574,2017,leave_event_out,25.0
2017,Lady Musgrave,-23.8884,152.422,-1.75598395577755,1,,shallow_preferred,-0.7634726496289435,2017,leave_event_out,25.0
2017,Langford Island,-20.0877,148.8848,-1.0806375377260815,1,,shallow_preferred,-0.3457419414055049,2017,leave_event_out,25.0
2017,Linnet Reef,-14.7852,145.3554,3.206928576833631,1,,all_available,1.0435682141698477,2017,leave_event_out,25.0
2017,Lizard Island,-14.6884,145.4422,3.4645279972952707,1,,shallow_preferred,0.16308303978524566,2017,leave_event_out,25.0
2017,Low Isles,-16.3831,145.5619,2.0405781380827364,1,,shallow_preferred,1.8693031589621982,2017,leave_event_out,25.0
2017,Macgillivray,-14.6485,145.4915,-0.9683515096486346,1,,all_available,-0.2733501936558039,2017,leave_event_out,25.0
2017,Mackay Reef,-16.0399,145.6506,2.2522848881274307,1,,shallow_preferred,0.9396429786083615,2017,leave_event_out,25.0
2017,Manning Island,-23.854,151.3533,3.6855037764959153,1,2.0,shallow_preferred,2.3357090571779624,2017,leave_event_out,25.0
2017,Martin,-14.7553,145.3722,2.925004485266232,1,,all_available,0.884780740407509,2017,leave_event_out,25.0
2017,Mast Head Reef,-23.5341,151.7497,0.2643198653873018,1,,all_available,0.041337976930198445,2017,leave_event_out,25.0
2017,McCulloch Reef,-17.2834,146.4777,1.6562348400435951,1,,shallow_preferred,0.15241572476432894,2017,leave_event_out,25.0
2017,Michaelmas Reef,-16.5528,146.0454,2.5909335644133407,1,,shallow_preferred,0.5300282794863949,2017,leave_event_out,25.0
2017,Moore Reef,-16.8519,146.2336,-0.1839636080845217,1,,shallow_preferred,0.5611198391759403,2017,leave_event_out,25.0
2017,No Name,-14.6279,145.6453,-6.923401607784927,1,,all_available,-0.7792319819799227,2017,leave_event_out,25.0
2017,North Direction Island,-14.7435,145.5136,1.654546928877684,1,,shallow_preferred,0.09048776218422314,2017,leave_event_out,25.0
2017,North Keppel Island,-23.0864,150.9052,1.558054564812532,1,,shallow_preferred,0.34910602764148024,2017,leave_event_out,25.0
2017,North Reef,-23.1775,151.9041,-1.6125873014673375,1,5.5,shallow_preferred,-0.4142666312078699,2017,leave_event_out,25.0
2017,Northeast Reef,-18.5718,146.4947,1.081957224109642,1,2.0,shallow_preferred,-0.3014788094981763,2017,leave_event_out,25.0
2017,One Tree Island,-23.4833,152.0739,-2.369160070150796,3,,all_available,-0.49288945155187636,2017,leave_event_out,25.0
2017,Opal Reef,-16.2042,145.9005,4.085801976706115,1,,shallow_preferred,0.07425289435992069,2017,leave_event_out,25.0
2017,Orpheus Island,-18.601750000000003,146.48829999999998,0.5985243157258839,2,,all_available,-0.24223185449082654,2017,leave_event_out,25.0
2017,Pandora Reef,-18.8164,146.4341,0.4563194908363481,1,,shallow_preferred,-0.056188780451495515,2017,leave_event_out,25.0
2017,Peak Island,-23.3413,150.9369,2.5338963002932164,1,,shallow_preferred,0.6284376675913067,2017,leave_event_out,25.0
2017,Peart Reef,-17.4676,146.402,0.2564586963575834,1,,shallow_preferred,0.0921945678030023,2017,leave_event_out,25.0
2017,Pelican Island,-23.2397,150.8742,5.076861281952688,1,,shallow_preferred,0.6037979126397469,2017,leave_event_out,25.0
2017,Pelorus Island,-18.5406,146.4888,0.2443588332417867,1,,shallow_preferred,-0.36402635072494094,2017,leave_event_out,25.0
2017,Penrith Reef,-21.0032,149.8875,-3.2164805609812284,1,,all_available,-1.2097936863595025,2017,leave_event_out,25.0
2017,Pine Island,-20.378,148.8884,2.267680691159056,1,,shallow_preferred,0.9846477555148523,2017,leave_event_out,25.0
2017,Pompey Reef (No 1),-20.9201,150.5582,-1.4256318177575098,1,,shallow_preferred,-0.7235921421933134,2017,leave_event_out,25.0
2017,Rat Island,-23.767,151.3185,5.937374202789373,1,,shallow_preferred,2.4934693752394415,2017,leave_event_out,25.0
2017,Rebe Reef,-19.795,150.1499,-3.61,1,,shallow_preferred,-3.339365630303261,2017,leave_event_out,25.0
2017,Repulse,-20.5779,148.8625,-1.5644129148914745,1,,all_available,1.1908482081445615,2017,leave_event_out,25.0
2017,Rib Reef,-18.473,146.8774,-0.4027165745273926,1,9.4,shallow_preferred,-0.8955107160782613,2017,leave_event_out,25.0
2017,Seaforth Island,-20.4685,149.0389,1.416027765909833,1,,shallow_preferred,1.0022700465974934,2017,leave_event_out,25.0
2017,Seal Rocks North,-23.9583,151.4849,3.70408024696868,1,,shallow_preferred,2.0950982076131957,2017,leave_event_out,25.0
2017,Shute and Tancred Islands,-20.3009,148.7983,1.4164816374178564,2,3.6,shallow_preferred,0.5448068957523685,2017,leave_event_out,25.0
2017,Small Lagoon Reef,-21.8678,152.5239,0.6451005694404068,1,,shallow_preferred,-0.22192345558164164,2017,leave_event_out,25.0
2017,Snake Reef,-22.0232,152.1928,-1.8438006949277133,1,,shallow_preferred,-0.09350188391318873,2017,leave_event_out,25.0
2017,Snapper Island North,-16.2924,145.4969,4.04035081925011,1,,shallow_preferred,2.219809198936871,2017,leave_event_out,25.0
2017,St Crispin Reef,-16.0733,145.8438,0.1684520194030891,1,,shallow_preferred,-0.09813796902290309,2017,leave_event_out,25.0
2017,Taylor Reef,-17.8121,146.5703,0.914864962408548,1,,shallow_preferred,0.9516725492022783,2017,leave_event_out,25.0
2017,Tern Reef,-20.9023,150.0264,-1.4831185058775374,1,,shallow_preferred,-1.2682317233872935,2017,leave_event_out,25.0
2017,Thetford Reef,-16.7995,146.1951,0.2855790394732214,1,,shallow_preferred,0.6266672275430314,2017,leave_event_out,25.0
2017,Tryon Island,-23.2457,151.7739,0.2693227123175901,1,,shallow_preferred,-0.5142404030682866,2017,leave_event_out,25.0
2017,Turner Cay,-21.7031,152.5605,-0.9409643198063032,1,,all_available,-0.5602072637039379,2017,leave_event_out,25.0
2017,Twin Island,-10.4629,142.4358,0.144507896456286,1,,shallow_preferred,0.7425743167364512,2017,leave_event_out,25.0
2017,Warraber Island,-10.200800000000001,142.81900000000002,-0.5776570387070736,2,1.2,shallow_preferred,-0.5195587026894849,2017,leave_event_out,25.0
2017,Willis Island,-16.288,149.96345,-0.004634673557972757,2,,shallow_preferred,-6.172093128796479,2017,leave_event_out,25.0
2017,Woiz Reef,-10.1744,143.2264,-0.0823360794803385,1,,shallow_preferred,0.29311751153090176,2017,leave_event_out,25.0
2017,Yonge Reef,-14.5731,145.6147,-1.6965574448576124,1,,shallow_preferred,-0.7611259744203815,2017,leave_event_out,25.0
2020,19-131 Reef,-19.7641,149.3786,2.681231950161008,1,,shallow_preferred,-0.4586578427986426,2020,leave_event_out,25.0
2020,19-138 Reef,-19.8024,149.4199,-0.2586793278278807,1,,shallow_preferred,-0.4868353007986887,2020,leave_event_out,25.0
2020,20-104 Reef,-20.0286,149.6933,1.3679715009030966,1,,shallow_preferred,-0.5220843212893611,2020,leave_event_out,25.0
2020,21-062 Reef,-21.0266,150.8538,-0.2332874208135233,1,,all_available,-1.0245761685713684,2020,leave_event_out,25.0
2020,21-187 Reef,-21.4072,151.6414,0.8718928705099143,1,,shallow_preferred,-0.34677364027632146,2020,leave_event_out,25.0
2020,21-245 Reef,-21.2965,152.4465,-0.4331639766129953,1,,all_available,-0.6902272757420692,2020,leave_event_out,25.0
2020,21-296 Reef,-21.3297,152.5636,-0.338299175268177,1,,shallow_preferred,-0.9591671067217801,2020,leave_event_out,25.0
2020,21-550 Reef,-21.9471,152.3069,0.2899349813298437,1,,shallow_preferred,-0.1742549514179287,2020,leave_event_out,25.0
2020,Agincourt Reef Number 1,-16.0398,145.8652,-6.3761235901028375,1,,shallow_preferred,-0.007839217023737775,2020,leave_event_out,25.0
2020,Aquila Island,-21.9611,149.5816,1.900201645273785,1,,shallow_preferred,0.7232172225463379,2020,leave_event_out,25.0
2020,Arlington Reef,-16.6461,146.1107,-0.5133974087988227,1,,all_available,0.801842334787011,2020,leave_event_out,25.0
2020,Barren Island,-23.1578,151.0707,-1.7387467211694982,1,,shallow_preferred,0.6362916169650885,2020,leave_event_out,25.0
2020,Bedarra Island,-18.0094,146.148,4.73335811084036,1,,shallow_preferred,0.6765088557807234,2020,leave_event_out,25.0
2020,Cattle Bay,-18.5691,146.4823,-2.477269859827372,1,,shallow_preferred,0.0037990149999356207,2020,leave_event_out,25.0
2020,Centipede Reef,-18.7341,147.5522,-0.5921616319662082,1,,shallow_preferred,-1.6751228592430256,2020,leave_event_out,25.0
2020,Chicken Reef,-18.6534,147.7199,-1.3399441724789538,1,,shallow_preferred,-1.810359329784962,2020,leave_event_out,25.0
2020,Chinaman Reef,-21.9973,152.664,0.3270784856057034,1,2.5,shallow_preferred,-0.15934567944538525,2020,leave_event_out,25.0
2020,Curd Reef,-12.5853,143.5112,4.110928124208211,1,,shallow_preferred,-1.8414766976105499,2020,leave_event_out,25.0
2020,Davies Reef,-18.8065,147.6688,-1.096379040767636,1,,shallow_preferred,-1.7935708600298,2020,leave_event_out,25.0
2020,Daydream Island,-20.2557,148.8122,0.6551431759961712,1,,shallow_preferred,0.7079302523817119,2020,leave_event_out,25.0
2020,Dent Island,-20.345,148.9382,2.420851269963028,1,,shallow_preferred,0.928457153639452,2020,leave_event_out,25.0
2020,Dip Reef,-18.3999,147.4519,-3.5408187431900267,1,,all_available,-2.089738582128274,2020,leave_event_out,25.0
2020,Double Cone,-20.1046,148.7218,-0.2069540241686525,1,,shallow_preferred,0.21740708495490077,2020,leave_event_out,25.0
2020,Dugong Island,-10.518,143.0997,-1.334900480255203,1,,shallow_preferred,-1.0141870120889702,2020,leave_event_out,25.0
2020,Dunk Island,-17.9263,146.1461,4.646749671684462,1,,shallow_preferred,0.6551364135937489,2020,leave_event_out,25.0
2020,East Cay,-21.4727,152.5662,-1.3561652153503905,1,,shallow_preferred,-0.7082797974640538,2020,leave_event_out,25.0
2020,Erskine Island,-23.4993,151.7749,0.6358016707944536,1,,shallow_preferred,0.20188873806756727,2020,leave_event_out,25.0
2020,Farquharson Reef,-17.79,146.5315,1.6638072792425138,1,,shallow_preferred,0.8543615445020495,2020,leave_event_out,25.0
2020,Feather Reef,-17.519,146.3887,1.2824785990351666,1,,shallow_preferred,0.05504820894073782,2020,leave_event_out,25.0
2020,Fitzroy Island,-16.9233,145.9963,3.912260745858256,1,,shallow_preferred,0.698090669432171,2020,leave_event_out,25.0
2020,Flinders Reef,-17.71485,148.44805,-0.7344176355788066,2,,shallow_preferred,0.0,2020,leave_event_out,25.0
2020,Frankland Islands,-17.227,146.0904,1.7410113732625885,1,,shallow_preferred,-0.2335263289696279,2020,leave_event_out,25.0
2020,Gannet Cay Reef,-21.9758,152.4797,-0.4839372673882147,1,,all_available,-0.18220662215020947,2020,leave_event_out,25.0
2020,Geoffrey Bay,-19.1548,146.8685,5.872039081989005,1,,shallow_preferred,2.9004940200402927,2020,leave_event_out,25.0
2020,"Green Island, Qld",-16.7583,145.97,4.1304421271126,1,,shallow_preferred,0.6562866070019358,2020,leave_event_out,25.0
2020,Grub Reef,-18.6214,147.433,-1.9438025416596412,1,,shallow_preferred,-1.602544699628358,2020,leave_event_out,25.0
2020,Hastings Reef,-16.5013,146.017,-0.6945687193633798,1,,shallow_preferred,0.94769676683986,2020,leave_event_out,25.0
2020,Havannah Island,-18.8472,146.5428,1.5996019487396875,1,,shallow_preferred,-0.008238556568060563,2020,leave_event_out,25.0
2020,Hayman Island,-20.0572,148.8997,-1.086136790930217,1,,all_available,-0.016408611462984335,2020,leave_event_out,25.0
2020,Hedley Reef,-17.2235,146.4754,2.2332465574489904,1,,shallow_preferred,0.16939046112058126,2020,leave_event_out,25.0
2020,Helix Reef,-18.6203,147.2958,-0.0315414839450269,1,,shallow_preferred,-1.4211760296252276,2020,leave_event_out,25.0
2020,Henderson Island,-21.4856,149.9091,1.195587940616754,1,,all_available,-0.11148549253084868,2020,leave_event_out,25.0
2020,Heron Island,-23.4384,151.9182,-0.1325011480103937,1,,shallow_preferred,0.21220008040645252,2020,leave_event_out,25.0
2020,High Island,-17.1622,146.007,-4.069798420007173,1,,shallow_preferred,0.08719717181468922,2020,leave_event_out,25.0
2020,Hook Island,-20.1681,148.8871,-3.7770271771735215,1,,shallow_preferred,0.11600168928847217,2020,leave_event_out,25.0
2020,Horseshoe Reef,-22.0227,152.6166,0.5820267758588589,1,,shallow_preferred,-0.16808940708495831,2020,leave_event_out,25.0
2020,Humpy Island,-23.2162,150.9638,-0.1949930341297481,1,,shallow_preferred,0.7323708004242249,2020,leave_event_out,25.0
2020,John Brewer,-18.619,147.0811,0.1904078716576975,1,,shallow_preferred,-0.9352342434489552,2020,leave_event_out,25.0
2020,Kelso Reef,-18.4448,146.9933,-2.390825026230913,1,,shallow_preferred,-0.9658379122823474,2020,leave_event_out,25.0
2020,Knife Reef,-18.572,147.5759,-0.8337973625298156,1,,shallow_preferred,-2.056181331086995,2020,leave_event_out,25.0
2020,Lady Elliot Reef,-18.6798,146.3325,7.410464728408286,1,,shallow_preferred,0.5090209401604722,2020,leave_event_out,25.0
2020,Lady Musgrave,-23.8884,152.422,-2.2420646583098907,1,,shallow_preferred,-0.7840172899773982,2020,leave_event_out,25.0
2020,Lagoon Reef,-12.3923,143.74,-1.526612835689486,1,,shallow_preferred,-2.8322978357041126,2020,leave_event_out,25.0
2020,Lizard Island,-14.68796,145.45285,0.4795624356526891,2,0.6,shallow_preferred,0.2997423116199076,2020,leave_event_out,25.0
2020,Low Isles,-16.3831,145.5619,1.407814282110004,1,,shallow_preferred,1.9632487756236694,2020,leave_event_out,25.0
2020,Macgillivray,-14.6485,145.4915,-4.299430568059551,1,,all_available,-0.06211772631199981,2020,leave_event_out,25.0
2020,Mackay Reef,-16.0399,145.6506,2.2648477201922943,1,,shallow_preferred,1.1065652600973797,2020,leave_event_out,25.0
2020,Manning Island,-23.854,151.3533,2.9522047055525817,1,,shallow_preferred,2.785707184130203,2020,leave_event_out,25.0
2020,Martin,-14.7553,145.3722,1.2220278261895885,1,,all_available,1.030294604859498,2020,leave_event_out,25.0
2020,Mast Head Reef,-23.5341,151.7497,1.3050274284054115,1,,all_available,0.35150187930516164,2020,leave_event_out,25.0
2020,McCulloch Reef,-17.2834,146.4777,2.116830558170516,1,,shallow_preferred,0.1454800583486452,2020,leave_event_out,25.0
2020,Michaelmas Reef,-16.5528,146.0454,1.1469479944542602,1,,shallow_preferred,0.9636292719041938,2020,leave_event_out,25.0
2020,Moore Reef,-16.8519,146.2336,1.5139498544599743,1,,shallow_preferred,0.5530413966393751,2020,leave_event_out,25.0
2020,Moore Reef-Coral Sea,-15.8866,149.1516,-4.987052573988572,1,,shallow_preferred,0.0,2020,leave_event_out,25.0
2020,Myrmidon Reef,-18.2585,147.3814,-0.6244883420862655,1,,shallow_preferred,-1.762757453979393,2020,leave_event_out,25.0
2020,No Name,-14.6308,145.6418,-4.310231988865706,1,,shallow_preferred,-0.7475354705391299,2020,leave_event_out,25.0
2020,North Direction Island,-14.7435,145.5136,-6.57,1,,shallow_preferred,0.30224760457395944,2020,leave_event_out,25.0
2020,North Keppel Island,-23.0864,150.9052,-0.0437870365482258,1,,shallow_preferred,0.6693646628654171,2020,leave_event_out,25.0
2020,North Reef,-23.1755,151.9086,0.0,1,,all_available,-0.13682399096344988,2020,leave_event_out,25.0
2020,Northeast Reef,-18.5718,146.4947,-2.2315763578432497,1,,shallow_preferred,0.0034310483043678884,2020,leave_event_out,25.0
2020,Nth Barnards (Jesse Is),-17.6722,146.1742,5.556803929865103,1,,shallow_preferred,0.0477213274893522,2020,leave_event_out,25.0
2020,One Tree Island,-23.4833,152.0739,-3.1230587818809963,3,,all_available,-0.2308461178078991,2020,leave_event_out,25.0
2020,Opal Reef,-16.2042,145.9005,-0.7276474892046885,1,,shallow_preferred,0.6557264490733286,2020,leave_event_out,25.0
2020,Pandora Reef,-18.8164,146.4341,2.415483371564374,1,,shallow_preferred,0.03061316382464061,2020,leave_event_out,25.0
2020,Peak Island,-23.3413,150.9369,2.0302291152499343,1,,shallow_preferred,0.860641436941476,2020,leave_event_out,25.0
2020,Peart Reef,-17.4676,146.402,1.027260252243318,1,,shallow_preferred,-0.004428257548735739,2020,leave_event_out,25.0
2020,Pelican Island,-23.2397,150.8742,2.036700049354229,1,,shallow_preferred,0.8828089039164602,2020,leave_event_out,25.0
2020,Pelorus Island,-18.5406,146.4888,-3.0800208505562527,1,,shallow_preferred,-0.021903944078657856,2020,leave_event_out,25.0
2020,Penrith Reef,-21.0036,149.8882,-1.0546015138842613,1,,shallow_preferred,-1.670272871587529,2020,leave_event_out,25.0
2020,Pine Island,-20.378,148.8884,1.9326931379161556,1,,shallow_preferred,0.950176600092664,2020,leave_event_out,25.0
2020,Pine Peak Island,-21.5145,150.2515,0.6812159480858444,1,,shallow_preferred,-0.5720525957040911,2020,leave_event_out,25.0
2020,Pompey Reef (No 1),-20.9201,150.5582,-0.0615643802336514,1,,shallow_preferred,-1.179270762607255,2020,leave_event_out,25.0
2020,Rat Island,-23.767,151.3185,4.032971175530797,1,,shallow_preferred,2.9328166096020234,2020,leave_event_out,25.0
2020,Rebe Reef,-19.795,150.1499,-6.47,1,,shallow_preferred,-2.674724809553178,2020,leave_event_out,25.0
2020,Repulse,-20.5779,148.8625,3.481321265505569,1,,all_available,0.47547519759299933,2020,leave_event_out,25.0
2020,Rib Reef,-18.473,146.8774,0.4080477107976641,1,,shallow_preferred,-0.5905982540765077,2020,leave_event_out,25.0
2020,Roxburgh Reef,-18.4321,147.0563,-3.331693297466966,1,,shallow_preferred,-1.1238522431925773,2020,leave_event_out,25.0
2020,Sand Bank No7,-13.4363,143.9722,-6.03,1,,shallow_preferred,-3.4730722493918256,2020,leave_event_out,25.0
2020,Seaforth Island,-20.4685,149.0389,2.016782735515747,1,,shallow_preferred,0.8354472650012335,2020,leave_event_out,25.0
2020,Seal Rocks North,-23.9583,151.4849,2.838999863593152,1,,shallow_preferred,2.4873541587409576,2020,leave_event_out,25.0
2020,Shute and Tancred Islands,-20.3009,148.7983,1.348653458250242,1,,shallow_preferred,0.8017788658186903,2020,leave_event_out,25.0
2020,Small Lagoon Reef,-21.8678,152.5239,2.2234787121065374,1,,shallow_preferred,-0.19294052373567963,2020,leave_event_out,25.0
2020,Snake Reef,-22.0232,152.1928,-0.0755047190480606,1,,shallow_preferred,-0.22679293639982115,2020,leave_event_out,25.0
2020,Snapper Island North,-16.2924,145.4969,5.115966535074563,1,,shallow_preferred,2.230368079210975,2020,leave_event_out,25.0
2020,St Crispin Reef,-16.0733,145.8438,88.25537843400438,1,,shallow_preferred,0.18901118379453502,2020,leave_event_out,25.0
2020,Taylor Reef,-17.8121,146.5703,0.3831780430515588,1,,shallow_preferred,0.876058434961886,2020,leave_event_out,25.0
2020,Tern Reef,-20.9023,150.0264,-1.0741594610218153,1,,shallow_preferred,-1.5555133425549408,2020,leave_event_out,25.0
2020,Thetford Reef,-16.7995,146.1951,1.1996534608867409,1,,shallow_preferred,0.6981438770033398,2020,leave_event_out,25.0
2020,Tryon Island,-23.2457,151.7739,-3.263919477013788,1,,shallow_preferred,0.11803863612903717,2020,leave_event_out,25.0
2020,Tuesday,-10.5519,142.3265,2.989141947783424,1,,shallow_preferred,0.07244264241567157,2020,leave_event_out,25.0
2020,Turner Cay,-21.7031,152.5605,-1.2722601282566712,1,,all_available,-0.49533041558203095,2020,leave_event_out,25.0
2020,Tydeman Cay,-13.9715,144.5017,-5.401408447634655,2,2.6,shallow_preferred,-1.818924348884162,2020,leave_event_out,25.0
2020,Warraber Island,-10.2007,142.8189,1.78781952851811,1,,all_available,-1.1148478438857703,2020,leave_event_out,25.0
2020,Willis Island,-16.28805,149.9634,-5.210242417599298,2,,shallow_preferred,-4.419342638873009,2020,leave_event_out,25.0
2020,Woiz Reef,-10.1744,143.2264,1.1404435733747071,1,,shallow_preferred,-0.4143414782494685,2020,leave_event_out,25.0
2020,Yonge Reef,-14.57695,145.61415,-4.376788490280496,2,,shallow_preferred,-0.8207577718136743,2020,leave_event_out,25.0
2022,19-131 Reef,-19.7641,149.3786,-2.3785906080173893,1,,shallow_preferred,0.15681638358874683,2022,leave_event_out,25.0
2022,19-159 Reef,-19.6628,149.9152,-4.44,1,,all_available,-1.8289705883794645,2022,leave_event_out,25.0
2022,21-062 Reef,-21.0266,150.8538,-1.045948682836028,1,,all_available,-0.7572968484123173,2022,leave_event_out,25.0
2022,21-139 Reef,-21.4552,151.4654,-0.4091454128263019,1,,shallow_preferred,-0.4188418167803536,2022,leave_event_out,25.0
2022,21-187 Reef,-21.4072,151.6414,-0.083471493881662,1,,shallow_preferred,-0.34931596771983653,2022,leave_event_out,25.0
2022,21-245 Reef,-21.2965,152.4465,-0.4454734262389186,1,,all_available,-0.5547140435037935,2022,leave_event_out,25.0
2022,21-296 Reef,-21.3283,152.5656,-1.4652746991282903,1,,all_available,-0.7978455654094141,2022,leave_event_out,25.0
2022,21-550 Reef,-21.9471,152.3069,-0.0034301923432069,1,,shallow_preferred,-0.1219420413868596,2022,leave_event_out,25.0
2022,Agincourt Reef Number 1,-16.0398,145.8652,-2.651844619931497,1,,shallow_preferred,-0.2665046541366503,2022,leave_event_out,25.0
2022,Aquila Island,-21.9611,149.5816,1.9098567453975277,1,,shallow_preferred,0.7793031278991398,2022,leave_event_out,25.0
2022,Arlington Reef,-16.6461,146.1107,-0.5367593562922782,1,,all_available,1.0833021562303011,2022,leave_event_out,25.0
2022,Barren Island,-23.1578,151.0707,-0.3208671857457266,1,,shallow_preferred,0.6603622374738628,2022,leave_event_out,25.0
2022,Bedarra Island,-18.0094,146.148,1.133605519395835,1,,shallow_preferred,1.5117027852443459,2022,leave_event_out,25.0
2022,Cattle Bay,-18.5691,146.4823,-1.4469747705416411,1,,shallow_preferred,0.11255107048189758,2022,leave_event_out,25.0
2022,Chicken Reef,-18.6543,147.7143,-1.4657225110230736,1,,shallow_preferred,-1.3564994839753215,2022,leave_event_out,25.0
2022,Chinaman Reef,-21.9973,152.664,0.1627848857765562,1,,shallow_preferred,-0.11071479236387788,2022,leave_event_out,25.0
2022,Davies Reef,-18.8065,147.6688,-4.097198572006766,1,,shallow_preferred,-1.1659601490786935,2022,leave_event_out,25.0
2022,Daydream Island,-20.2557,148.8122,2.136293212639157,1,,shallow_preferred,0.339565376030319,2022,leave_event_out,25.0
2022,Dent Island,-20.345,148.9382,1.3304348506075487,1,,shallow_preferred,0.8364014356501419,2022,leave_event_out,25.0
2022,Dip Reef,-18.3999,147.4519,-3.4808544735666334,1,,all_available,-1.8052084243454116,2022,leave_event_out,25.0
2022,Double Cone,-20.1046,148.7218,-1.340713240785889,1,,shallow_preferred,-0.11143748620193042,2022,leave_event_out,25.0
2022,Dugong Island,-10.518,143.0997,-3.104144143713349,1,,shallow_preferred,-0.23347670019679762,2022,leave_event_out,25.0
2022,Dunk Island,-17.9263,146.1461,2.6186019242209104,1,,shallow_preferred,1.3022384896316306,2022,leave_event_out,25.0
2022,East Cay,-21.46965,152.56664999999998,-1.408171322422771,2,,all_available,-0.5973682359005315,2022,leave_event_out,25.0
2022,Erskine Island,-23.4993,151.7749,-0.1361484251800034,1,,shallow_preferred,-0.154866657415219,2022,leave_event_out,25.0
2022,Farquharson Reef,-17.79,146.5315,4.046969595776141,1,,shallow_preferred,0.8744149860096362,2022,leave_event_out,25.0
2022,Feather Reef,-17.519,146.3887,0.6317105884816945,1,,shallow_preferred,0.46018792588579055,2022,leave_event_out,25.0
2022,Fitzroy Island,-16.9233,145.9963,2.65282077204235,1,,shallow_preferred,1.250606076254704,2022,leave_event_out,25.0
2022,Frankland Islands,-17.227,146.0904,-2.82,1,,shallow_preferred,0.5787758539529139,2022,leave_event_out,25.0
2022,Gannet Cay Reef,-21.9784,152.4742,-0.1507100538374921,1,,shallow_preferred,-0.13835127626567092,2022,leave_event_out,25.0
2022,Geoffrey Bay,-19.1548,146.8685,5.061730904646273,1,,shallow_preferred,3.333557066613704,2022,leave_event_out,25.0
2022,"Green Island, Qld",-16.7755,145.9803,-0.4121544361777092,1,,all_available,1.2568790648366799,2022,leave_event_out,25.0
2022,Havannah Island,-18.8472,146.5428,-7.62,1,,shallow_preferred,0.6046193756509187,2022,leave_event_out,25.0
2022,Hayman Island,-20.0415,148.8819,0.494145963859558,1,,shallow_preferred,-0.3738961608453409,2022,leave_event_out,25.0
2022,Hedley Reef,-17.2235,146.4754,-1.657937384793584,1,,shallow_preferred,0.8303481847250338,2022,leave_event_out,25.0
2022,Helix Reef,-18.6203,147.2958,-1.1398314146952075,1,,shallow_preferred,-1.1659283721752856,2022,leave_event_out,25.0
2022,Henderson Island,-21.4854,149.9096,-0.0543985601681202,1,,shallow_preferred,0.2583746790304522,2022,leave_event_out,25.0
2022,Heron Island,-23.4384,151.9182,2.1808009517332927,1,,shallow_preferred,-0.3746614231581639,2022,leave_event_out,25.0
2022,High Island,-17.1622,146.007,-2.77,1,,shallow_preferred,0.7506468705253537,2022,leave_event_out,25.0
2022,Hook Island,-20.1681,148.8871,0.2107336087404583,1,,shallow_preferred,-0.32087443346973926,2022,leave_event_out,25.0
2022,Horseshoe Reef,-22.0229,152.6192,0.0112034489833148,1,,all_available,-0.12148122732303464,2022,leave_event_out,25.0
2022,Humpy Island,-23.2162,150.9638,0.279434735430043,1,,shallow_preferred,0.7914171363040082,2022,leave_event_out,25.0
2022,John Brewer,-18.619,147.0811,0.4930263576224289,1,,shallow_preferred,-0.9069627603028665,2022,leave_event_out,25.0
2022,Kelso Reef,-18.4448,146.9933,-1.0781514652946915,1,,shallow_preferred,-1.19794951228932,2022,leave_event_out,25.0
2022,Knife Reef,-18.5711,147.5772,-3.2651574439186666,1,,all_available,-1.5198434402397571,2022,leave_event_out,25.0
2022,Lady Elliot Reef,-18.6798,146.3325,3.8833344612980607,1,,shallow_preferred,0.95377671409269,2022,leave_event_out,25.0
2022,Lady Musgrave,-23.8896,152.42,-0.47,1,,shallow_preferred,-1.1947145733553395,2022,leave_event_out,25.0
2022,Lagoon Reef,-12.3923,143.74,-4.43344753368639,1,,shallow_preferred,-1.0102087039078766,2022,leave_event_out,25.0
2022,Lizard Island,-14.68995,145.45430850000002,0.01200421625706849,2,5.0,shallow_preferred,0.2761387797191857,2022,leave_event_out,25.0
2022,Low Isles,-16.3831,145.5619,2.007534551996275,1,,shallow_preferred,1.9295288239790407,2022,leave_event_out,25.0
2022,Macgillivray,-14.6485,145.4915,-3.113379619347248,1,,all_available,-0.11509339732204209,2022,leave_event_out,25.0
2022,Mackay Reef,-16.0399,145.6506,0.9261292605345348,1,,shallow_preferred,0.9870802933354874,2022,leave_event_out,25.0
2022,Manning Island,-23.854,151.3533,5.309158172425871,1,,shallow_preferred,2.475445619137883,2022,leave_event_out,25.0
2022,Martin,-14.7553,145.3722,1.9154301837787944,1,,all_available,1.0163768829318192,2022,leave_event_out,25.0
2022,Mast Head Reef,-23.5341,151.7497,0.3320649799632625,1,,all_available,0.005845965333811361,2022,leave_event_out,25.0
2022,McCulloch Reef,-17.2834,146.4777,1.0634930497346478,1,,shallow_preferred,0.7920540317406132,2022,leave_event_out,25.0
2022,Myrmidon Reef,-18.25695,147.38115,-2.106265781265818,2,,all_available,-1.4625979854194562,2022,leave_event_out,25.0
2022,No Name,-14.6308,145.6418,-1.705695853816663,1,,shallow_preferred,-0.9318491170599692,2022,leave_event_out,25.0
2022,North Direction Island,-14.7435,145.5136,0.7454363748168298,1,,shallow_preferred,0.252272243013652,2022,leave_event_out,25.0
2022,North Keppel Island,-23.0864,150.9052,-0.7961308644747469,1,,shallow_preferred,0.7083753616661391,2022,leave_event_out,25.0
2022,Northeast Reef,-18.5718,146.4947,0.1769185098647074,1,,shallow_preferred,0.11244151369948546,2022,leave_event_out,25.0
2022,Nth Barnards (Jesse Is),-17.6717,146.1747,1.273264460917427,1,,all_available,0.8407733241552553,2022,leave_event_out,25.0
2022,One Tree Island,-23.4833,152.0739,-0.32,4,,all_available,-0.8053106104898208,2022,leave_event_out,25.0
2022,Pandora Reef,-18.8164,146.4341,-1.3308283189703358,1,,shallow_preferred,0.56860168114074,2022,leave_event_out,25.0
2022,Peak Island,-23.3413,150.9369,0.5855679313135402,1,,shallow_preferred,1.0721826855931955,2022,leave_event_out,25.0
2022,Peart Reef,-17.4676,146.402,-0.8201420307894405,1,,shallow_preferred,0.4485190534155552,2022,leave_event_out,25.0
2022,Pelican Island,-23.2397,150.8742,2.87801058962431,1,,shallow_preferred,0.932458901273021,2022,leave_event_out,25.0
2022,Pelorus Island,-18.5406,146.4888,-1.0987203135328016,1,,shallow_preferred,0.04658241200593234,2022,leave_event_out,25.0
2022,Penrith Reef,-21.0036,149.8882,-1.4836345387472027,1,,shallow_preferred,-1.546965522687169,2022,leave_event_out,25.0
2022,Pine Island,-20.378,148.8884,1.614351045119581,1,,shallow_preferred,0.8829720829809452,2022,leave_event_out,25.0
2022,Pine Peak Island,-21.5145,150.2515,-0.6866243656929498,1,,shallow_preferred,-0.15776625661501217,2022,leave_event_out,25.0
2022,Pompey Reef (No 1),-20.9201,150.5582,-1.631415408490577,1,,shallow_preferred,-0.8678420845064556,2022,leave_event_out,25.0
2022,Rat Island,-23.767,151.3185,6.114287463581379,1,,shallow_preferred,2.621256256742804,2022,leave_event_out,25.0
2022,Rebe Reef,-19.795,150.1499,-5.96,1,,shallow_preferred,-2.6072476164372542,2022,leave_event_out,25.0
2022,Rib Reef,-18.473,146.8774,-3.641424667151929,1,,shallow_preferred,-0.7700283888359075,2022,leave_event_out,25.0
2022,Sand Bank No7,-13.4363,143.9722,-4.078812431810763,1,,shallow_preferred,-4.0956442741610175,2022,leave_event_out,25.0
2022,Seaforth Island,-20.4685,149.0389,1.3896108603220183,1,,shallow_preferred,0.8833740797121424,2022,leave_event_out,25.0
2022,Shute and Tancred Islands,-20.3009,148.7983,1.2805066431930934,1,,shallow_preferred,0.4982846403346597,2022,leave_event_out,25.0
2022,Small Lagoon Reef,-21.8678,152.5239,-0.49,1,,shallow_preferred,-0.09354167710552329,2022,leave_event_out,25.0
2022,Snake Reef,-22.0232,152.1928,0.2680475636644979,1,,shallow_preferred,-0.22273529174844828,2022,leave_event_out,25.0
2022,Snapper Island North,-16.2924,145.4969,4.223499478603828,1,,shallow_preferred,2.2693042725155186,2022,leave_event_out,25.0
2022,St Crispin Reef,-16.0733,145.8438,-0.410183903401097,1,,shallow_preferred,-0.03311181535078158,2022,leave_event_out,25.0
2022,Taylor Reef,-17.8121,146.5703,1.8551421834079156,1,,shallow_preferred,0.8386299776468101,2022,leave_event_out,25.0
2022,Tern Reef,-20.9023,150.0264,-1.940902751155893,1,,shallow_preferred,-1.3874801210683607,2022,leave_event_out,25.0
2022,Thetford Reef,-16.7995,146.1951,0.6869782559540729,1,,shallow_preferred,1.1037598974607454,2022,leave_event_out,25.0
2022,Tryon Island,-23.2457,151.7739,0.7394298817738182,1,,shallow_preferred,-0.530548380960531,2022,leave_event_out,25.0
2022,Turner Cay,-21.7031,152.5605,-1.11,1,,all_available,-0.41478852011365186,2022,leave_event_out,25.0
2022,Tydeman Cay,-13.9715,144.5017,-3.554377203886662,1,,shallow_preferred,-2.7007042238173273,2022,leave_event_out,25.0
2022,Warraber Island,-10.2007,142.8189,-3.827378726930228,1,,all_available,0.3559510435216345,2022,leave_event_out,25.0
2022,Woiz Reef,-10.1744,143.2264,-0.5409761267719593,1,,shallow_preferred,0.5953807887010275,2022,leave_event_out,25.0
2024,19-131 Reef,-19.7641,149.3786,-0.6744511753434193,1,,shallow_preferred,0.26738552214795736,2024,leave_event_out,25.0
2024,19-138 Reef,-19.8024,149.4199,-1.0230412376642537,1,,shallow_preferred,0.15905977366239232,2024,leave_event_out,25.0
2024,19-159 Reef,-19.6661,149.9146,-7.65684152839136,1,,shallow_preferred,-1.7887397198759503,2024,leave_event_out,25.0
2024,21-062 Reef,-21.0266,150.8538,-1.9333814204583104,1,,all_available,-0.7377539082469019,2024,leave_event_out,25.0
2024,21-139 Reef,-21.4552,151.4654,0.0726746718180955,1,,shallow_preferred,-0.3771533600765742,2024,leave_event_out,25.0
2024,21-187 Reef,-21.4072,151.6414,-0.4103944612504753,1,,shallow_preferred,-0.2602352374760906,2024,leave_event_out,25.0
2024,21-296 Reef,-21.3283,152.5656,-4.404290636113286,1,,all_available,-0.446597791119419,2024,leave_event_out,25.0
2024,21-550 Reef,-21.9471,152.3069,-6.265088692108982,1,,shallow_preferred,-0.009110811124925807,2024,leave_event_out,25.0
2024,Agincourt Reef Number 1,-16.0398,145.8652,-4.012516339372439,1,,shallow_preferred,-0.172538680161373,2024,leave_event_out,25.0
2024,Aquila Island,-21.9611,149.5816,0.4390047486318469,1,,shallow_preferred,1.2032618878006132,2024,leave_event_out,25.0
2024,Barren Island,-23.1578,151.0707,0.3196292238013338,1,,all_available,0.5520631531401404,2024,leave_event_out,25.0
2024,Bedarra Island,-18.0094,146.148,1.1625144023774636,1,,shallow_preferred,1.7913830817947667,2024,leave_event_out,25.0
2024,Cattle Bay,-18.5691,146.4823,-0.7300712136667187,1,,shallow_preferred,0.16224581505818617,2024,leave_event_out,25.0
2024,Chicken Reef,-18.6543,147.7143,-2.184520626102456,1,,shallow_preferred,-1.2068538248438758,2024,leave_event_out,25.0
2024,Chinaman Reef,-21.9973,152.664,-0.5064200122349298,1,,shallow_preferred,-0.04856084445972386,2024,leave_event_out,25.0
2024,Davies Reef,-18.8065,147.6688,-4.23,1,,shallow_preferred,-1.0647033025702506,2024,leave_event_out,25.0
2024,Daydream Island,-20.2557,148.8122,0.6784482753618271,1,,shallow_preferred,0.643344617986647,2024,leave_event_out,25.0
2024,Dent Island,-20.345,148.9382,2.566522705175249,1,,shallow_preferred,1.0005386261227918,2024,leave_event_out,25.0
2024,Double Cone,-20.1046,148.7218,1.2275266028900518,1,,shallow_preferred,0.12705635692056474,2024,leave_event_out,25.0
2024,Dunk Island,-17.9263,146.1461,1.9648675111953395,1,,shallow_preferred,1.6410658401437181,2024,leave_event_out,25.0
2024,East Cay,-21.4731,152.5661,-2.711257994167201,1,,shallow_preferred,-0.42564065526437517,2024,leave_event_out,25.0
2024,Erskine Island,-23.4993,151.7749,-0.1237739004500273,1,,shallow_preferred,0.28074156229554287,2024,leave_event_out,25.0
2024,Farquharson Reef,-17.79,146.5315,-0.4620728254939896,1,,shallow_preferred,1.2660104486430073,2024,leave_event_out,25.0
2024,Feather Reef,-17.519,146.3887,-0.1261575783816608,1,,shallow_preferred,0.6928923346559638,2024,leave_event_out,25.0
2024,Fitzroy Island,-16.9233,145.9963,2.4398755607444453,1,,shallow_preferred,0.9548667773495548,2024,leave_event_out,25.0
2024,Frankland Islands,-17.227,146.0904,-4.0774689296026985,1,,shallow_preferred,0.25638162453014135,2024,leave_event_out,25.0
2024,Gannet Cay Reef,-21.9784,152.4742,-1.6855877548702187,1,,shallow_preferred,-0.06060139558237012,2024,leave_event_out,25.0
2024,Geoffrey Bay,-19.1548,146.8685,3.1578664283643807,1,,shallow_preferred,3.3450756013460694,2024,leave_event_out,25.0
2024,Havannah Island,-18.8472,146.5428,-2.0044825113156497,1,,shallow_preferred,0.6255565236543005,2024,leave_event_out,25.0
2024,Hayman Island,-20.0572,148.8997,-1.6394145048062023,1,,all_available,-0.06788379705101173,2024,leave_event_out,25.0
2024,Helix Reef,-18.6203,147.2958,-2.0171620859266275,1,,shallow_preferred,-1.0439022199514896,2024,leave_event_out,25.0
2024,Henderson Island,-21.4854,149.9096,1.126334270875045,1,,shallow_preferred,0.09018604230964047,2024,leave_event_out,25.0
2024,Heron Island,-23.4384,151.9182,-0.181553811969767,1,,shallow_preferred,0.27553066563267614,2024,leave_event_out,25.0
2024,High Island,-17.1622,146.007,1.535772150210808,1,,shallow_preferred,0.17601544523217236,2024,leave_event_out,25.0
2024,Hook Island,-20.1681,148.8871,-3.042549039341085,1,,all_available,0.04653395128634456,2024,leave_event_out,25.0
2024,Horseshoe Reef,-22.0227,152.6166,-0.1809719599408747,1,,shallow_preferred,-0.05498839847505703,2024,leave_event_out,25.0
2024,Humpy Island,-23.2162,150.9638,0.6080076396220804,1,,shallow_preferred,0.7063115614994038,2024,leave_event_out,25.0
2024,John Brewer,-18.619,147.0811,-2.873303413257616,1,,shallow_preferred,-0.7543532911494504,2024,leave_event_out,25.0
2024,Kelso Reef,-18.4448,146.9933,-3.000988014471895,1,,shallow_preferred,-0.9890962019900964,2024,leave_event_out,25.0
2024,Knife Reef,-18.5711,147.5772,-4.760525391713829,1,,all_available,-1.3440582226150597,2024,leave_event_out,25.0
2024,Lady Elliot Reef,-18.6798,146.3325,2.6642012664764696,1,,shallow_preferred,0.985900615974135,2024,leave_event_out,25.0
2024,Lady Musgrave,-23.8896,152.42,-1.9318759413607989,1,,shallow_preferred,-0.775950958152962,2024,leave_event_out,25.0
2024,Lagoon Reef,-12.3926,143.7398,-3.979975825951212,1,,all_available,-1.1277309964891098,2024,leave_event_out,25.0
2024,Lizard Island,-14.68995,145.45430850000002,0.9437563272144394,2,5.0,shallow_preferred,-0.23953110774995254,2024,leave_event_out,25.0
2024,Low Isles,-16.3831,145.5619,3.234717160448197,1,,shallow_preferred,1.6425432775533149,2024,leave_event_out,25.0
2024,Macgillivray,-14.6485,145.4915,0.3334817723541992,1,,all_available,-0.6547233993732019,2024,leave_event_out,25.0
2024,Mackay Reef,-16.0399,145.6506,2.986583602448798,1,,shallow_preferred,0.8800721027462941,2024,leave_event_out,25.0
2024,Manning Island,-23.854,151.3533,0.8688011005989598,1,,shallow_preferred,2.799274000320919,2024,leave_event_out,25.0
2024,Martin,-14.7553,145.3722,3.8351490990065393,1,,all_available,0.5304320311192849,2024,leave_event_out,25.0
2024,Mast Head Reef,-23.5341,151.7497,0.0469545366380899,1,,all_available,0.4323427009348867,2024,leave_event_out,25.0
2024,Myrmidon Reef,-18.2585,147.3814,-1.772714135542496,1,,shallow_preferred,-1.4021599627315056,2024,leave_event_out,25.0
2024,No Name,-14.6308,145.6418,-3.1206719496112054,1,,shallow_preferred,-1.2720768137853935,2024,leave_event_out,25.0
2024,North Direction Island,-14.7435,145.5136,5.383649436141575,1,,shallow_preferred,-0.25326667248513196,2024,leave_event_out,25.0
2024,North Keppel Island,-23.0864,150.9052,1.0622295146220626,1,,shallow_preferred,0.5491395174055848,2024,leave_event_out,25.0
2024,Northeast Reef,-18.5718,146.4947,0.4083809324888072,1,,shallow_preferred,0.16175059706697617,2024,leave_event_out,25.0
2024,Nth Barnards (Jesse Is),-17.6717,146.1747,-2.745176977858989,1,,all_available,1.4769176582678023,2024,leave_event_out,25.0
2024,One Tree Island,-23.4833,152.0739,-1.8831180838731818,4,,all_available,-0.22304315011925163,2024,leave_event_out,25.0
2024,Pandora Reef,-18.8164,146.4341,-1.2492841044856169,1,,shallow_preferred,0.5905667778188096,2024,leave_event_out,25.0
2024,Peart Reef,-17.4665,146.4031,-2.1103074542540026,1,,all_available,0.6162113444973615,2024,leave_event_out,25.0
2024,Pelican Island,-23.2397,150.8742,1.3336012499129186,1,,shallow_preferred,0.9305140325413646,2024,leave_event_out,25.0
2024,Pelorus Island,-18.5406,146.4888,-4.99468701852191,1,,shallow_preferred,0.1305962633328237,2024,leave_event_out,25.0
2024,Penrith Reef,-21.0036,149.8882,-8.25,1,,shallow_preferred,-1.2052447366310066,2024,leave_event_out,25.0
2024,Pine Island,-20.378,148.8884,2.039983382562866,1,,shallow_preferred,1.0463510826053988,2024,leave_event_out,25.0
2024,Pine Peak Island,-21.5145,150.2515,-0.7875008679016648,1,,shallow_preferred,-0.17792475711108682,2024,leave_event_out,25.0
2024,Rat Island,-23.767,151.3185,5.273399331924637,1,,shallow_preferred,2.9556735496934445,2024,leave_event_out,25.0
2024,Rebe Reef,-19.795,150.1499,-8.971298792288794,1,,shallow_preferred,-2.511584500607498,2024,leave_event_out,25.0
2024,Rib Reef,-18.473,146.8774,-0.7957262887094778,1,,shallow_preferred,-0.603002456310678,2024,leave_event_out,25.0
2024,Sand Bank No7,-13.4363,143.9722,-6.256932822483051,1,,shallow_preferred,-3.369604143936921,2024,leave_event_out,25.0
2024,Seaforth Island,-20.4685,149.0389,1.0099774032713746,1,,all_available,0.9934434005378686,2024,leave_event_out,25.0
2024,Seal Rocks North,-23.9583,151.4849,3.263794696516893,1,,shallow_preferred,2.4519017013915625,2024,leave_event_out,25.0
2024,Shute and Tancred Islands,-20.3009,148.7983,1.6179930495016066,1,,shallow_preferred,0.7367510258999228,2024,leave_event_out,25.0
2024,Snake Reef,-22.0232,152.1928,-1.1544690991552988,1,,shallow_preferred,0.010542984550591957,2024,leave_event_out,25.0
2024,Snapper Island North,-16.2924,145.4969,7.4435563247489664,1,,shallow_preferred,1.986333022314895,2024,leave_event_out,25.0
2024,St Crispin Reef,-16.0733,145.8438,-2.0280244486688037,1,,shallow_preferred,0.020645101779217793,2024,leave_event_out,25.0
2024,Taylor Reef,-17.8121,146.5703,-0.1915376615305835,1,,shallow_preferred,1.2484288389207248,2024,leave_event_out,25.0
2024,Tern Reef,-20.9023,150.0264,-3.845918940878663,1,,shallow_preferred,-1.2418005227469426,2024,leave_event_out,25.0
2024,Thetford Reef,-16.7995,146.1951,1.199482382797532,1,,shallow_preferred,0.8410655156321729,2024,leave_event_out,25.0
2024,Tryon Island,-23.2457,151.7739,-1.813614176405533,1,,shallow_preferred,0.24119322029597018,2024,leave_event_out,25.0
2024,Turner Cay,-21.7031,152.5605,-2.5344971807506527,1,,all_available,-0.3353307695749739,2024,leave_event_out,25.0
2024,Willis Island,-16.2897,149.9649,-13.17,1,,shallow_preferred,-1.7382510111501166,2024,leave_event_out,25.0
2024,Yonge Reef,-14.5731,145.6147,-1.8594030718308463,1,,shallow_preferred,-1.2881065601834711,2024,leave_event_out,25.0
2016,19-131 Reef,-19.7641,149.3786,2.4881428483989625,1,,shallow_preferred,-0.5617837297782323,19-131 Reef,leave_site_out,25.0
2017,19-131 Reef,-19.7641,149.3786,0.1648669316651334,1,,shallow_preferred,-0.5617837297782323,19-131 Reef,leave_site_out,25.0
2020,19-131 Reef,-19.7641,149.3786,2.681231950161008,1,,shallow_preferred,-0.5617837297782323,19-131 Reef,leave_site_out,25.0
2022,19-131 Reef,-19.7641,149.3786,-2.3785906080173893,1,,shallow_preferred,-0.5617837297782323,19-131 Reef,leave_site_out,25.0
2024,19-131 Reef,-19.7641,149.3786,-0.6744511753434193,1,,shallow_preferred,-0.5617837297782323,19-131 Reef,leave_site_out,25.0
2016,19-138 Reef,-19.8024,149.4199,1.615120950831018,1,,shallow_preferred,-0.2698570206641084,19-138 Reef,leave_site_out,25.0
2017,19-138 Reef,-19.8024,149.4199,-0.6955989138045973,1,,shallow_preferred,-0.2698570206641084,19-138 Reef,leave_site_out,25.0
2020,19-138 Reef,-19.8024,149.4199,-0.2586793278278807,1,,shallow_preferred,-0.2698570206641084,19-138 Reef,leave_site_out,25.0
2024,19-138 Reef,-19.8024,149.4199,-1.0230412376642537,1,,shallow_preferred,-0.2698570206641084,19-138 Reef,leave_site_out,25.0
2016,19-159 Reef,-19.6661,149.9146,-3.01,1,,shallow_preferred,-1.5476706494499919,19-159 Reef,leave_site_out,25.0
2017,19-159 Reef,-19.6661,149.9146,-0.47,1,,shallow_preferred,-1.5476706494499919,19-159 Reef,leave_site_out,25.0
2022,19-159 Reef,-19.6628,149.9152,-4.44,1,,all_available,-1.547729944624443,19-159 Reef,leave_site_out,25.0
2024,19-159 Reef,-19.6661,149.9146,-7.65684152839136,1,,shallow_preferred,-1.5476706494499919,19-159 Reef,leave_site_out,25.0
2016,20-104 Reef,-20.0286,149.6933,1.2862792410082275,1,,shallow_preferred,-0.8600299925670118,20-104 Reef,leave_site_out,25.0
2017,20-104 Reef,-20.0286,149.6933,-0.2948143010351345,1,,shallow_preferred,-0.8600299925670118,20-104 Reef,leave_site_out,25.0
2020,20-104 Reef,-20.0286,149.6933,1.3679715009030966,1,,shallow_preferred,-0.8600299925670118,20-104 Reef,leave_site_out,25.0
2016,21-062 Reef,-21.028,150.8534,-0.47,1,,shallow_preferred,-0.690837963676367,21-062 Reef,leave_site_out,25.0
2017,21-062 Reef,-21.028,150.8534,-1.3030360356554327,1,,shallow_preferred,-0.690837963676367,21-062 Reef,leave_site_out,25.0
2020,21-062 Reef,-21.0266,150.8538,-0.2332874208135233,1,,all_available,-0.6909988089777483,21-062 Reef,leave_site_out,25.0
2022,21-062 Reef,-21.0266,150.8538,-1.045948682836028,1,,all_available,-0.6909988089777483,21-062 Reef,leave_site_out,25.0
2024,21-062 Reef,-21.0266,150.8538,-1.9333814204583104,1,,all_available,-0.6909988089777483,21-062 Reef,leave_site_out,25.0
2016,21-139 Reef,-21.4552,151.4654,-0.64,1,,shallow_preferred,-0.22921362507156035,21-139 Reef,leave_site_out,25.0
2017,21-139 Reef,-21.4552,151.4654,-0.8370985853263284,1,,shallow_preferred,-0.22921362507156035,21-139 Reef,leave_site_out,25.0
2022,21-139 Reef,-21.4552,151.4654,-0.4091454128263019,1,,shallow_preferred,-0.22921362507156035,21-139 Reef,leave_site_out,25.0
2024,21-139 Reef,-21.4552,151.4654,0.0726746718180955,1,,shallow_preferred,-0.22921362507156035,21-139 Reef,leave_site_out,25.0
2016,21-187 Reef,-21.4072,151.6414,-0.31,1,,shallow_preferred,-0.3693908237631555,21-187 Reef,leave_site_out,25.0
2017,21-187 Reef,-21.4072,151.6414,-0.6164626088503855,1,,shallow_preferred,-0.3693908237631555,21-187 Reef,leave_site_out,25.0
2020,21-187 Reef,-21.4072,151.6414,0.8718928705099143,1,,shallow_preferred,-0.3693908237631555,21-187 Reef,leave_site_out,25.0
2022,21-187 Reef,-21.4072,151.6414,-0.083471493881662,1,,shallow_preferred,-0.3693908237631555,21-187 Reef,leave_site_out,25.0
2024,21-187 Reef,-21.4072,151.6414,-0.4103944612504753,1,,shallow_preferred,-0.3693908237631555,21-187 Reef,leave_site_out,25.0
2016,21-245 Reef,-21.298,152.4425,0.0,1,,shallow_preferred,-0.897035549032037,21-245 Reef,leave_site_out,25.0
2017,21-245 Reef,-21.298,152.4425,0.0679673369730013,1,,shallow_preferred,-0.897035549032037,21-245 Reef,leave_site_out,25.0
2020,21-245 Reef,-21.2965,152.4465,-0.4331639766129953,1,,all_available,-0.9021620957305327,21-245 Reef,leave_site_out,25.0
2022,21-245 Reef,-21.2965,152.4465,-0.4454734262389186,1,,all_available,-0.9021620957305327,21-245 Reef,leave_site_out,25.0
2020,21-296 Reef,-21.3297,152.5636,-0.338299175268177,1,,shallow_preferred,-0.5192678363383608,21-296 Reef,leave_site_out,25.0
2022,21-296 Reef,-21.3283,152.5656,-1.4652746991282903,1,,all_available,-0.537382587169312,21-296 Reef,leave_site_out,25.0
2024,21-296 Reef,-21.3283,152.5656,-4.404290636113286,1,,all_available,-0.537382587169312,21-296 Reef,leave_site_out,25.0
2016,21-550 Reef,-21.9471,152.3069,0.0921533394028272,1,,shallow_preferred,-0.17167140892563884,21-550 Reef,leave_site_out,25.0
2017,21-550 Reef,-21.9471,152.3069,0.3405297474348194,1,,shallow_preferred,-0.17167140892563884,21-550 Reef,leave_site_out,25.0
2020,21-550 Reef,-21.9471,152.3069,0.2899349813298437,1,,shallow_preferred,-0.17167140892563884,21-550 Reef,leave_site_out,25.0
2022,21-550 Reef,-21.9471,152.3069,-0.0034301923432069,1,,shallow_preferred,-0.17167140892563884,21-550 Reef,leave_site_out,25.0
2024,21-550 Reef,-21.9471,152.3069,-6.265088692108982,1,,shallow_preferred,-0.17167140892563884,21-550 Reef,leave_site_out,25.0
2016,21-591 Reef,-21.0266,150.3807,-1.14,1,,all_available,-0.8261115700688612,21-591 Reef,leave_site_out,25.0
2017,21-591 Reef,-21.0266,150.3807,-2.930230544831029,1,,all_available,-0.8261115700688612,21-591 Reef,leave_site_out,25.0
2016,Agincourt Reef Number 1,-16.0398,145.8652,0.6706690019749448,1,,shallow_preferred,0.7353580567431803,Agincourt Reef Number 1,leave_site_out,25.0
2017,Agincourt Reef Number 1,-16.0384,145.8688,-3.146731387263813,1,,all_available,0.7308012188370423,Agincourt Reef Number 1,leave_site_out,25.0
2020,Agincourt Reef Number 1,-16.0398,145.8652,-6.3761235901028375,1,,shallow_preferred,0.7353580567431803,Agincourt Reef Number 1,leave_site_out,25.0
2022,Agincourt Reef Number 1,-16.0398,145.8652,-2.651844619931497,1,,shallow_preferred,0.7353580567431803,Agincourt Reef Number 1,leave_site_out,25.0
2024,Agincourt Reef Number 1,-16.0398,145.8652,-4.012516339372439,1,,shallow_preferred,0.7353580567431803,Agincourt Reef Number 1,leave_site_out,25.0
2020,Aquila Island,-21.9611,149.5816,1.900201645273785,1,,shallow_preferred,0.17156056286289859,Aquila Island,leave_site_out,25.0
2022,Aquila Island,-21.9611,149.5816,1.9098567453975277,1,,shallow_preferred,0.17156056286289859,Aquila Island,leave_site_out,25.0
2024,Aquila Island,-21.9611,149.5816,0.4390047486318469,1,,shallow_preferred,0.17156056286289859,Aquila Island,leave_site_out,25.0
2016,Arlington Reef,-16.6891,146.0871,1.8697210938847693,1,,shallow_preferred,0.9748425099486102,Arlington Reef,leave_site_out,25.0
2017,Arlington Reef,-16.6891,146.0871,0.8026286572687749,1,,shallow_preferred,0.9748425099486102,Arlington Reef,leave_site_out,25.0
2020,Arlington Reef,-16.6461,146.1107,-0.5133974087988227,1,,all_available,0.9971030714743988,Arlington Reef,leave_site_out,25.0
2022,Arlington Reef,-16.6461,146.1107,-0.5367593562922782,1,,all_available,0.9971030714743988,Arlington Reef,leave_site_out,25.0
2016,Barren Island,-23.1578,151.0707,0.3594048150164696,1,,all_available,0.7728076490830109,Barren Island,leave_site_out,25.0
2017,Barren Island,-23.1578,151.0707,0.6004196062900613,1,,all_available,0.7728076490830109,Barren Island,leave_site_out,25.0
2020,Barren Island,-23.1578,151.0707,-1.7387467211694982,1,,shallow_preferred,0.7728076490830109,Barren Island,leave_site_out,25.0
2022,Barren Island,-23.1578,151.0707,-0.3208671857457266,1,,shallow_preferred,0.7728076490830109,Barren Island,leave_site_out,25.0
2024,Barren Island,-23.1578,151.0707,0.3196292238013338,1,,all_available,0.7728076490830109,Barren Island,leave_site_out,25.0
2017,Bedarra Island,-18.0094,146.148,3.5504139827964547,1,,shallow_preferred,1.0109293248899078,Bedarra Island,leave_site_out,25.0
2020,Bedarra Island,-18.0094,146.148,4.73335811084036,1,,shallow_preferred,1.0109293248899078,Bedarra Island,leave_site_out,25.0
2022,Bedarra Island,-18.0094,146.148,1.133605519395835,1,,shallow_preferred,1.0109293248899078,Bedarra Island,leave_site_out,25.0
2024,Bedarra Island,-18.0094,146.148,1.1625144023774636,1,,shallow_preferred,1.0109293248899078,Bedarra Island,leave_site_out,25.0
2016,Border Island,-20.171,149.0319,-1.1542022049138567,1,,shallow_preferred,0.20486158104046495,Border Island,leave_site_out,25.0
2017,Border Island,-20.171,149.0319,-0.5385739067167545,1,,shallow_preferred,0.20486158104046495,Border Island,leave_site_out,25.0
2016,Boult Reef,-23.747,152.2725,-0.15,1,,shallow_preferred,-0.7140366617663062,Boult Reef,leave_site_out,25.0
2017,Boult Reef,-23.747,152.2725,-1.5204336353105217,1,,shallow_preferred,-0.7140366617663062,Boult Reef,leave_site_out,25.0
2017,Camp Island East,-19.8508,147.9052,6.633293001799257,1,,shallow_preferred,-0.6347973115855304,Camp Island East,leave_site_out,25.0
2017,Carter,-14.5238,145.5817,-5.795992916884115,1,,all_available,-0.578842441171661,Carter,leave_site_out,25.0
2016,Cattle Bay,-18.5691,146.4823,-0.6118180509479609,1,,shallow_preferred,0.17304547384988445,Cattle Bay,leave_site_out,25.0
2017,Cattle Bay,-18.5691,146.4823,-0.2121164498235934,1,5.6,shallow_preferred,0.17304547384988445,Cattle Bay,leave_site_out,25.0
2020,Cattle Bay,-18.5691,146.4823,-2.477269859827372,1,,shallow_preferred,0.17304547384988445,Cattle Bay,leave_site_out,25.0
2022,Cattle Bay,-18.5691,146.4823,-1.4469747705416411,1,,shallow_preferred,0.17304547384988445,Cattle Bay,leave_site_out,25.0
2024,Cattle Bay,-18.5691,146.4823,-0.7300712136667187,1,,shallow_preferred,0.17304547384988445,Cattle Bay,leave_site_out,25.0
2016,Centipede Reef,-18.7324,147.554,-1.864780516451196,1,,all_available,-1.3357284455805292,Centipede Reef,leave_site_out,25.0
2020,Centipede Reef,-18.7341,147.5522,-0.5921616319662082,1,,shallow_preferred,-1.3325674986672176,Centipede Reef,leave_site_out,25.0
2017,Cherepo,-10.6893,142.2799,0.9537529396181982,1,,shallow_preferred,0.7284391333839212,Cherepo,leave_site_out,25.0
2016,Chicken Reef,-18.6534,147.7199,-1.9926378104458151,1,,shallow_preferred,-1.3211149264978626,Chicken Reef,leave_site_out,25.0
2017,Chicken Reef,-18.6534,147.7199,-1.3663101188473838,1,,shallow_preferred,-1.3211149264978626,Chicken Reef,leave_site_out,25.0
2020,Chicken Reef,-18.6534,147.7199,-1.3399441724789538,1,,shallow_preferred,-1.3211149264978626,Chicken Reef,leave_site_out,25.0
2022,Chicken Reef,-18.6543,147.7143,-1.4657225110230736,1,,shallow_preferred,-1.3283475907575923,Chicken Reef,leave_site_out,25.0
2024,Chicken Reef,-18.6543,147.7143,-2.184520626102456,1,,shallow_preferred,-1.3283475907575923,Chicken Reef,leave_site_out,25.0
2016,Chinaman Reef,-21.9973,152.664,-0.0185903126361312,1,,shallow_preferred,-0.19267528239640078,Chinaman Reef,leave_site_out,25.0
2017,Chinaman Reef,-21.9973,152.664,0.076558152790821,1,,shallow_preferred,-0.19267528239640078,Chinaman Reef,leave_site_out,25.0
2020,Chinaman Reef,-21.9973,152.664,0.3270784856057034,1,2.5,shallow_preferred,-0.19267528239640078,Chinaman Reef,leave_site_out,25.0
2022,Chinaman Reef,-21.9973,152.664,0.1627848857765562,1,,shallow_preferred,-0.19267528239640078,Chinaman Reef,leave_site_out,25.0
2024,Chinaman Reef,-21.9973,152.664,-0.5064200122349298,1,,shallow_preferred,-0.19267528239640078,Chinaman Reef,leave_site_out,25.0
2020,Curd Reef,-12.5853,143.5112,4.110928124208211,1,,shallow_preferred,-1.9474861249010307,Curd Reef,leave_site_out,25.0
2016,Davies Reef,-18.8065,147.6688,-1.1285137776708165,1,,shallow_preferred,-1.2656829212293517,Davies Reef,leave_site_out,25.0
2017,Davies Reef,-18.8065,147.6688,-0.460888870782222,1,,shallow_preferred,-1.2656829212293517,Davies Reef,leave_site_out,25.0
2020,Davies Reef,-18.8065,147.6688,-1.096379040767636,1,,shallow_preferred,-1.2656829212293517,Davies Reef,leave_site_out,25.0
2022,Davies Reef,-18.8065,147.6688,-4.097198572006766,1,,shallow_preferred,-1.2656829212293517,Davies Reef,leave_site_out,25.0
2024,Davies Reef,-18.8065,147.6688,-4.23,1,,shallow_preferred,-1.2656829212293517,Davies Reef,leave_site_out,25.0
2016,Daydream Island,-20.2557,148.8122,2.6965346641335963,1,,shallow_preferred,0.21179076811246325,Daydream Island,leave_site_out,25.0
2020,Daydream Island,-20.2557,148.8122,0.6551431759961712,1,,shallow_preferred,0.21179076811246325,Daydream Island,leave_site_out,25.0
2022,Daydream Island,-20.2557,148.8122,2.136293212639157,1,,shallow_preferred,0.21179076811246325,Daydream Island,leave_site_out,25.0
2024,Daydream Island,-20.2557,148.8122,0.6784482753618271,1,,shallow_preferred,0.21179076811246325,Daydream Island,leave_site_out,25.0
2016,Dent Island,-20.345,148.9382,2.8108011389618843,1,,shallow_preferred,0.4625189848774406,Dent Island,leave_site_out,25.0
2017,Dent Island,-20.345,148.9382,2.042098752777987,1,,shallow_preferred,0.4625189848774406,Dent Island,leave_site_out,25.0
2020,Dent Island,-20.345,148.9382,2.420851269963028,1,,shallow_preferred,0.4625189848774406,Dent Island,leave_site_out,25.0
2022,Dent Island,-20.345,148.9382,1.3304348506075487,1,,shallow_preferred,0.4625189848774406,Dent Island,leave_site_out,25.0
2024,Dent Island,-20.345,148.9382,2.566522705175249,1,,shallow_preferred,0.4625189848774406,Dent Island,leave_site_out,25.0
2016,Dip Reef,-18.3999,147.4519,-4.222305870596005,1,,all_available,-1.1928714826902187,Dip Reef,leave_site_out,25.0
2017,Dip Reef,-18.3999,147.4519,-4.333377514241236,1,,all_available,-1.1928714826902187,Dip Reef,leave_site_out,25.0
2020,Dip Reef,-18.3999,147.4519,-3.5408187431900267,1,,all_available,-1.1928714826902187,Dip Reef,leave_site_out,25.0
2022,Dip Reef,-18.3999,147.4519,-3.4808544735666334,1,,all_available,-1.1928714826902187,Dip Reef,leave_site_out,25.0
2016,Double Cone,-20.1046,148.7218,0.4252579264263967,1,,shallow_preferred,0.017918383375229534,Double Cone,leave_site_out,25.0
2017,Double Cone,-20.1046,148.7218,0.2690576907372026,1,,shallow_preferred,0.017918383375229534,Double Cone,leave_site_out,25.0
2020,Double Cone,-20.1046,148.7218,-0.2069540241686525,1,,shallow_preferred,0.017918383375229534,Double Cone,leave_site_out,25.0
2022,Double Cone,-20.1046,148.7218,-1.340713240785889,1,,shallow_preferred,0.017918383375229534,Double Cone,leave_site_out,25.0
2024,Double Cone,-20.1046,148.7218,1.2275266028900518,1,,shallow_preferred,0.017918383375229534,Double Cone,leave_site_out,25.0
2017,Dugong Island,-10.518,143.0997,-0.3522696767022557,1,,shallow_preferred,0.021462054556874548,Dugong Island,leave_site_out,25.0
2020,Dugong Island,-10.518,143.0997,-1.334900480255203,1,,shallow_preferred,0.021462054556874548,Dugong Island,leave_site_out,25.0
2022,Dugong Island,-10.518,143.0997,-3.104144143713349,1,,shallow_preferred,0.021462054556874548,Dugong Island,leave_site_out,25.0
2016,Dunk Island,-17.9263,146.1461,-1.417138406452865,1,,shallow_preferred,1.2061813524095484,Dunk Island,leave_site_out,25.0
2017,Dunk Island,-17.9263,146.1461,0.2751631929575673,1,,shallow_preferred,1.2061813524095484,Dunk Island,leave_site_out,25.0
2020,Dunk Island,-17.9263,146.1461,4.646749671684462,1,,shallow_preferred,1.2061813524095484,Dunk Island,leave_site_out,25.0
2022,Dunk Island,-17.9263,146.1461,2.6186019242209104,1,,shallow_preferred,1.2061813524095484,Dunk Island,leave_site_out,25.0
2024,Dunk Island,-17.9263,146.1461,1.9648675111953395,1,,shallow_preferred,1.2061813524095484,Dunk Island,leave_site_out,25.0
2016,East Cay,-21.4727,152.5662,0.0,1,,shallow_preferred,-0.4793638390345434,East Cay,leave_site_out,25.0
2017,East Cay,-21.4727,152.5662,0.160089970195385,1,,shallow_preferred,-0.4793638390345434,East Cay,leave_site_out,25.0
2020,East Cay,-21.4727,152.5662,-1.3561652153503905,1,,shallow_preferred,-0.4793638390345434,East Cay,leave_site_out,25.0
2022,East Cay,-21.46965,152.56664999999998,-1.408171322422771,2,,all_available,-0.48386015712162334,East Cay,leave_site_out,25.0
2024,East Cay,-21.4731,152.5661,-2.711257994167201,1,,shallow_preferred,-0.47876561592406713,East Cay,leave_site_out,25.0
2016,Erskine Island,-23.498800000000003,151.7748,0.0,2,6.25,shallow_preferred,0.18972276214979786,Erskine Island,leave_site_out,25.0
2017,Erskine Island,-23.498800000000003,151.7748,-0.038515396352895456,2,6.25,shallow_preferred,0.18972276214979786,Erskine Island,leave_site_out,25.0
2020,Erskine Island,-23.4993,151.7749,0.6358016707944536,1,,shallow_preferred,0.19016465691204218,Erskine Island,leave_site_out,25.0
2022,Erskine Island,-23.4993,151.7749,-0.1361484251800034,1,,shallow_preferred,0.19016465691204218,Erskine Island,leave_site_out,25.0
2024,Erskine Island,-23.4993,151.7749,-0.1237739004500273,1,,shallow_preferred,0.19016465691204218,Erskine Island,leave_site_out,25.0
2016,Farquharson Reef,-17.79,146.5315,2.174716284413961,1,,shallow_preferred,0.7576470434270125,Farquharson Reef,leave_site_out,25.0
2017,Farquharson Reef,-17.79,146.5315,1.465914024900595,1,,shallow_preferred,0.7576470434270125,Farquharson Reef,leave_site_out,25.0
2020,Farquharson Reef,-17.79,146.5315,1.6638072792425138,1,,shallow_preferred,0.7576470434270125,Farquharson Reef,leave_site_out,25.0
2022,Farquharson Reef,-17.79,146.5315,4.046969595776141,1,,shallow_preferred,0.7576470434270125,Farquharson Reef,leave_site_out,25.0
2024,Farquharson Reef,-17.79,146.5315,-0.4620728254939896,1,,shallow_preferred,0.7576470434270125,Farquharson Reef,leave_site_out,25.0
2016,Feather Reef,-17.51845,146.3896,-0.4887138188329878,2,1.1,shallow_preferred,0.3800157323808479,Feather Reef,leave_site_out,25.0
2017,Feather Reef,-17.519,146.3887,0.6378752502221996,1,,shallow_preferred,0.3810966393694353,Feather Reef,leave_site_out,25.0
2020,Feather Reef,-17.519,146.3887,1.2824785990351666,1,,shallow_preferred,0.3810966393694353,Feather Reef,leave_site_out,25.0
2022,Feather Reef,-17.519,146.3887,0.6317105884816945,1,,shallow_preferred,0.3810966393694353,Feather Reef,leave_site_out,25.0
2024,Feather Reef,-17.519,146.3887,-0.1261575783816608,1,,shallow_preferred,0.3810966393694353,Feather Reef,leave_site_out,25.0
2017,Fitzroy Island,-16.9233,145.9963,2.110728215512085,1,7.6,shallow_preferred,0.5158177626994388,Fitzroy Island,leave_site_out,25.0
2020,Fitzroy Island,-16.9233,145.9963,3.912260745858256,1,,shallow_preferred,0.5158177626994388,Fitzroy Island,leave_site_out,25.0
2022,Fitzroy Island,-16.9233,145.9963,2.65282077204235,1,,shallow_preferred,0.5158177626994388,Fitzroy Island,leave_site_out,25.0
2024,Fitzroy Island,-16.9233,145.9963,2.4398755607444453,1,,shallow_preferred,0.5158177626994388,Fitzroy Island,leave_site_out,25.0
2020,Flinders Reef,-17.71485,148.44805,-0.7344176355788066,2,,shallow_preferred,0.0,Flinders Reef,leave_site_out,25.0
2016,Frankland Islands,-17.227,146.0904,-0.6161032549995185,1,,shallow_preferred,0.5368039336339921,Frankland Islands,leave_site_out,25.0
2017,Frankland Islands,-17.227,146.0904,1.5541734846759017,1,,shallow_preferred,0.5368039336339921,Frankland Islands,leave_site_out,25.0
2020,Frankland Islands,-17.227,146.0904,1.7410113732625885,1,,shallow_preferred,0.5368039336339921,Frankland Islands,leave_site_out,25.0
2022,Frankland Islands,-17.227,146.0904,-2.82,1,,shallow_preferred,0.5368039336339921,Frankland Islands,leave_site_out,25.0
2024,Frankland Islands,-17.227,146.0904,-4.0774689296026985,1,,shallow_preferred,0.5368039336339921,Frankland Islands,leave_site_out,25.0
2016,Gannet Cay Reef,-21.9784,152.4742,-0.35,1,,shallow_preferred,-0.09935134004321043,Gannet Cay Reef,leave_site_out,25.0
2017,Gannet Cay Reef,-21.9784,152.4742,-0.1627587981511653,1,,shallow_preferred,-0.09935134004321043,Gannet Cay Reef,leave_site_out,25.0
2020,Gannet Cay Reef,-21.9758,152.4797,-0.4839372673882147,1,,all_available,-0.10072917773555974,Gannet Cay Reef,leave_site_out,25.0
2022,Gannet Cay Reef,-21.9784,152.4742,-0.1507100538374921,1,,shallow_preferred,-0.09935134004321043,Gannet Cay Reef,leave_site_out,25.0
2024,Gannet Cay Reef,-21.9784,152.4742,-1.6855877548702187,1,,shallow_preferred,-0.09935134004321043,Gannet Cay Reef,leave_site_out,25.0
2016,Geoffrey Bay,-19.1549,146.8685,13.548800298159325,1,,all_available,-0.12434788856708553,Geoffrey Bay,leave_site_out,25.0
2017,Geoffrey Bay,-19.1548,146.8685,5.926048371480657,1,,shallow_preferred,-0.12438211847566692,Geoffrey Bay,leave_site_out,25.0
2020,Geoffrey Bay,-19.1548,146.8685,5.872039081989005,1,,shallow_preferred,-0.12438211847566692,Geoffrey Bay,leave_site_out,25.0
2022,Geoffrey Bay,-19.1548,146.8685,5.061730904646273,1,,shallow_preferred,-0.12438211847566692,Geoffrey Bay,leave_site_out,25.0
2024,Geoffrey Bay,-19.1548,146.8685,3.1578664283643807,1,,shallow_preferred,-0.12438211847566692,Geoffrey Bay,leave_site_out,25.0
2016,"Green Island, Qld",-16.7755,145.9803,-0.3151215766624777,1,,all_available,0.8490761694100837,"Green Island, Qld",leave_site_out,25.0
2017,"Green Island, Qld",-16.7583,145.97,2.340191435615312,1,,shallow_preferred,0.8382179940908093,"Green Island, Qld",leave_site_out,25.0
2020,"Green Island, Qld",-16.7583,145.97,4.1304421271126,1,,shallow_preferred,0.8382179940908093,"Green Island, Qld",leave_site_out,25.0
2022,"Green Island, Qld",-16.7755,145.9803,-0.4121544361777092,1,,all_available,0.8490761694100837,"Green Island, Qld",leave_site_out,25.0
2020,Grub Reef,-18.6214,147.433,-1.9438025416596412,1,,shallow_preferred,-1.3766159315396795,Grub Reef,leave_site_out,25.0
2016,Hastings Reef,-16.5013,146.017,2.161549404886196,1,,shallow_preferred,1.0391189248051826,Hastings Reef,leave_site_out,25.0
2017,Hastings Reef,-16.5013,146.017,0.4853243896715344,1,,shallow_preferred,1.0391189248051826,Hastings Reef,leave_site_out,25.0
2020,Hastings Reef,-16.5013,146.017,-0.6945687193633798,1,,shallow_preferred,1.0391189248051826,Hastings Reef,leave_site_out,25.0
2016,Havannah Island,-18.8472,146.5428,1.2404488095497328,1,,shallow_preferred,0.3710649768804955,Havannah Island,leave_site_out,25.0
2017,Havannah Island,-18.8472,146.5428,0.0869171131405899,1,,shallow_preferred,0.3710649768804955,Havannah Island,leave_site_out,25.0
2020,Havannah Island,-18.8472,146.5428,1.5996019487396875,1,,shallow_preferred,0.3710649768804955,Havannah Island,leave_site_out,25.0
2022,Havannah Island,-18.8472,146.5428,-7.62,1,,shallow_preferred,0.3710649768804955,Havannah Island,leave_site_out,25.0
2024,Havannah Island,-18.8472,146.5428,-2.0044825113156497,1,,shallow_preferred,0.3710649768804955,Havannah Island,leave_site_out,25.0
2016,Hayman Island,-20.0413,148.8819,-0.4657770304710102,1,,shallow_preferred,-0.12379495359805015,Hayman Island,leave_site_out,25.0
2017,Hayman Island,-20.0413,148.8819,0.1848600545097944,1,,shallow_preferred,-0.12379495359805015,Hayman Island,leave_site_out,25.0
2020,Hayman Island,-20.0572,148.8997,-1.086136790930217,1,,all_available,-0.13424567130834136,Hayman Island,leave_site_out,25.0
2022,Hayman Island,-20.0415,148.8819,0.494145963859558,1,,shallow_preferred,-0.12382726645915781,Hayman Island,leave_site_out,25.0
2024,Hayman Island,-20.0572,148.8997,-1.6394145048062023,1,,all_available,-0.13424567130834136,Hayman Island,leave_site_out,25.0
2016,Hedley Reef,-17.2235,146.4754,0.2598472693507516,1,,shallow_preferred,0.47519934216199305,Hedley Reef,leave_site_out,25.0
2017,Hedley Reef,-17.2235,146.4754,1.5130401055442544,1,,shallow_preferred,0.47519934216199305,Hedley Reef,leave_site_out,25.0
2020,Hedley Reef,-17.2235,146.4754,2.2332465574489904,1,,shallow_preferred,0.47519934216199305,Hedley Reef,leave_site_out,25.0
2022,Hedley Reef,-17.2235,146.4754,-1.657937384793584,1,,shallow_preferred,0.47519934216199305,Hedley Reef,leave_site_out,25.0
2016,Helix Reef,-18.6201,147.2976,-0.3794971308614112,1,,all_available,-1.3556061577472998,Helix Reef,leave_site_out,25.0
2017,Helix Reef,-18.6203,147.2958,-1.0224455431706163,1,,shallow_preferred,-1.3507850072285936,Helix Reef,leave_site_out,25.0
2020,Helix Reef,-18.6203,147.2958,-0.0315414839450269,1,,shallow_preferred,-1.3507850072285936,Helix Reef,leave_site_out,25.0
2022,Helix Reef,-18.6203,147.2958,-1.1398314146952075,1,,shallow_preferred,-1.3507850072285936,Helix Reef,leave_site_out,25.0
2024,Helix Reef,-18.6203,147.2958,-2.0171620859266275,1,,shallow_preferred,-1.3507850072285936,Helix Reef,leave_site_out,25.0
2020,Henderson Island,-21.4856,149.9091,1.195587940616754,1,,all_available,-0.427913505688347,Henderson Island,leave_site_out,25.0
2022,Henderson Island,-21.4854,149.9096,-0.0543985601681202,1,,shallow_preferred,-0.42903158152362997,Henderson Island,leave_site_out,25.0
2024,Henderson Island,-21.4854,149.9096,1.126334270875045,1,,shallow_preferred,-0.42903158152362997,Henderson Island,leave_site_out,25.0
2017,Heron Island,-23.4384,151.9182,1.4967732072370152,1,,shallow_preferred,-0.32380216261424644,Heron Island,leave_site_out,25.0
2020,Heron Island,-23.4384,151.9182,-0.1325011480103937,1,,shallow_preferred,-0.32380216261424644,Heron Island,leave_site_out,25.0
2022,Heron Island,-23.4384,151.9182,2.1808009517332927,1,,shallow_preferred,-0.32380216261424644,Heron Island,leave_site_out,25.0
2024,Heron Island,-23.4384,151.9182,-0.181553811969767,1,,shallow_preferred,-0.32380216261424644,Heron Island,leave_site_out,25.0
2016,High Island,-17.1622,146.007,-0.051167761052802,1,,shallow_preferred,0.514832953228841,High Island,leave_site_out,25.0
2017,High Island,-17.1622,146.007,0.670128926553808,1,,shallow_preferred,0.514832953228841,High Island,leave_site_out,25.0
2020,High Island,-17.1622,146.007,-4.069798420007173,1,,shallow_preferred,0.514832953228841,High Island,leave_site_out,25.0
2022,High Island,-17.1622,146.007,-2.77,1,,shallow_preferred,0.514832953228841,High Island,leave_site_out,25.0
2024,High Island,-17.1622,146.007,1.535772150210808,1,,shallow_preferred,0.514832953228841,High Island,leave_site_out,25.0
2017,Holbourne Island East,-19.7333,148.3644,-3.374739542342464,1,,all_available,0.2418379971592658,Holbourne Island East,leave_site_out,25.0
2020,Hook Island,-20.1681,148.8871,-3.7770271771735215,1,,shallow_preferred,0.4195239581476637,Hook Island,leave_site_out,25.0
2022,Hook Island,-20.1681,148.8871,0.2107336087404583,1,,shallow_preferred,0.4195239581476637,Hook Island,leave_site_out,25.0
2024,Hook Island,-20.1681,148.8871,-3.042549039341085,1,,all_available,0.4195239581476637,Hook Island,leave_site_out,25.0
2016,Horseshoe Reef,-22.0227,152.6166,-0.53,1,,shallow_preferred,-0.11249370876104363,Horseshoe Reef,leave_site_out,25.0
2017,Horseshoe Reef,-22.0227,152.6166,-0.2975069033353643,1,,shallow_preferred,-0.11249370876104363,Horseshoe Reef,leave_site_out,25.0
2020,Horseshoe Reef,-22.0227,152.6166,0.5820267758588589,1,,shallow_preferred,-0.11249370876104363,Horseshoe Reef,leave_site_out,25.0
2022,Horseshoe Reef,-22.0229,152.6192,0.0112034489833148,1,,all_available,-0.11214769766171251,Horseshoe Reef,leave_site_out,25.0
2024,Horseshoe Reef,-22.0227,152.6166,-0.1809719599408747,1,,shallow_preferred,-0.11249370876104363,Horseshoe Reef,leave_site_out,25.0
2016,Humpy Island,-23.2162,150.9638,-0.0253816807258292,1,,shallow_preferred,0.9399594241137769,Humpy Island,leave_site_out,25.0
2017,Humpy Island,-23.2162,150.9638,1.8548445110707927,1,,shallow_preferred,0.9399594241137769,Humpy Island,leave_site_out,25.0
2020,Humpy Island,-23.2162,150.9638,-0.1949930341297481,1,,shallow_preferred,0.9399594241137769,Humpy Island,leave_site_out,25.0
2022,Humpy Island,-23.2162,150.9638,0.279434735430043,1,,shallow_preferred,0.9399594241137769,Humpy Island,leave_site_out,25.0
2024,Humpy Island,-23.2162,150.9638,0.6080076396220804,1,,shallow_preferred,0.9399594241137769,Humpy Island,leave_site_out,25.0
2016,Hyde Reef,-19.7457,150.0822,-3.13,1,,shallow_preferred,-3.2807486489258917,Hyde Reef,leave_site_out,25.0
2017,Hyde Reef,-19.7457,150.0822,-0.8,1,,shallow_preferred,-3.2807486489258917,Hyde Reef,leave_site_out,25.0
2016,John Brewer,-18.6189,147.0813,-0.3312680887880521,2,4.0,shallow_preferred,-1.1053497186765298,John Brewer,leave_site_out,25.0
2017,John Brewer,-18.6189,147.0813,-0.19977371658930343,2,4.0,shallow_preferred,-1.1053497186765298,John Brewer,leave_site_out,25.0
2020,John Brewer,-18.619,147.0811,0.1904078716576975,1,,shallow_preferred,-1.1051168827112332,John Brewer,leave_site_out,25.0
2022,John Brewer,-18.619,147.0811,0.4930263576224289,1,,shallow_preferred,-1.1051168827112332,John Brewer,leave_site_out,25.0
2024,John Brewer,-18.619,147.0811,-2.873303413257616,1,,shallow_preferred,-1.1051168827112332,John Brewer,leave_site_out,25.0
2020,Kelso Reef,-18.4448,146.9933,-2.390825026230913,1,,shallow_preferred,-1.014683835822014,Kelso Reef,leave_site_out,25.0
2022,Kelso Reef,-18.4448,146.9933,-1.0781514652946915,1,,shallow_preferred,-1.014683835822014,Kelso Reef,leave_site_out,25.0
2024,Kelso Reef,-18.4448,146.9933,-3.000988014471895,1,,shallow_preferred,-1.014683835822014,Kelso Reef,leave_site_out,25.0
2016,Knife Reef,-18.5711,147.5772,-0.9066023963914605,1,,all_available,-1.1416699073857106,Knife Reef,leave_site_out,25.0
2017,Knife Reef,-18.5711,147.5772,-4.635100374605694,1,,all_available,-1.1416699073857106,Knife Reef,leave_site_out,25.0
2020,Knife Reef,-18.572,147.5759,-0.8337973625298156,1,,shallow_preferred,-1.1428718566117926,Knife Reef,leave_site_out,25.0
2022,Knife Reef,-18.5711,147.5772,-3.2651574439186666,1,,all_available,-1.1416699073857106,Knife Reef,leave_site_out,25.0
2024,Knife Reef,-18.5711,147.5772,-4.760525391713829,1,,all_available,-1.1416699073857106,Knife Reef,leave_site_out,25.0
2017,Kubin Island,-10.2388,142.2176,-0.1928151333613488,1,,all_available,0.34454564567161666,Kubin Island,leave_site_out,25.0
2017,Lady Elliot Reef,-18.6798,146.3325,5.367763141106728,1,,shallow_preferred,-0.33681248283206416,Lady Elliot Reef,leave_site_out,25.0
2020,Lady Elliot Reef,-18.6798,146.3325,7.410464728408286,1,,shallow_preferred,-0.33681248283206416,Lady Elliot Reef,leave_site_out,25.0
2022,Lady Elliot Reef,-18.6798,146.3325,3.8833344612980607,1,,shallow_preferred,-0.33681248283206416,Lady Elliot Reef,leave_site_out,25.0
2024,Lady Elliot Reef,-18.6798,146.3325,2.6642012664764696,1,,shallow_preferred,-0.33681248283206416,Lady Elliot Reef,leave_site_out,25.0
2016,Lady Musgrave,-23.8884,152.422,-0.611715588038071,1,,shallow_preferred,-0.5234506401654669,Lady Musgrave,leave_site_out,25.0
2017,Lady Musgrave,-23.8884,152.422,-1.75598395577755,1,,shallow_preferred,-0.5234506401654669,Lady Musgrave,leave_site_out,25.0
2020,Lady Musgrave,-23.8884,152.422,-2.2420646583098907,1,,shallow_preferred,-0.5234506401654669,Lady Musgrave,leave_site_out,25.0
2022,Lady Musgrave,-23.8896,152.42,-0.47,1,,shallow_preferred,-0.5236957073525048,Lady Musgrave,leave_site_out,25.0
2024,Lady Musgrave,-23.8896,152.42,-1.9318759413607989,1,,shallow_preferred,-0.5236957073525048,Lady Musgrave,leave_site_out,25.0
2020,Lagoon Reef,-12.3923,143.74,-1.526612835689486,1,,shallow_preferred,1.3243497091940089,Lagoon Reef,leave_site_out,25.0
2022,Lagoon Reef,-12.3923,143.74,-4.43344753368639,1,,shallow_preferred,1.3243497091940089,Lagoon Reef,leave_site_out,25.0
2024,Lagoon Reef,-12.3926,143.7398,-3.979975825951212,1,,all_available,1.3256798044564444,Lagoon Reef,leave_site_out,25.0
2016,Langford Island,-20.0877,148.8848,-1.231077688911029,1,,shallow_preferred,-0.01985654036021083,Langford Island,leave_site_out,25.0
2017,Langford Island,-20.0877,148.8848,-1.0806375377260815,1,,shallow_preferred,-0.01985654036021083,Langford Island,leave_site_out,25.0
2016,Linnet Reef,-14.7811,145.3474,7.626145269299075,1,,shallow_preferred,0.11778887580236207,Linnet Reef,leave_site_out,25.0
2017,Linnet Reef,-14.7852,145.3554,3.206928576833631,1,,all_available,0.11387860638535931,Linnet Reef,leave_site_out,25.0
2016,Lizard Island,-14.694067,145.45705,-0.683264140547168,1,0.6,shallow_preferred,-0.04020640842075596,Lizard Island,leave_site_out,25.0
2017,Lizard Island,-14.6884,145.4422,3.4645279972952707,1,,shallow_preferred,0.011646624309075109,Lizard Island,leave_site_out,25.0
2020,Lizard Island,-14.68796,145.45285,0.4795624356526891,2,0.6,shallow_preferred,-0.05335274696261245,Lizard Island,leave_site_out,25.0
2022,Lizard Island,-14.68995,145.45430850000002,0.01200421625706849,2,5.0,shallow_preferred,-0.04962155877099998,Lizard Island,leave_site_out,25.0
2024,Lizard Island,-14.68995,145.45430850000002,0.9437563272144394,2,5.0,shallow_preferred,-0.04962155877099998,Lizard Island,leave_site_out,25.0
2016,Low Isles,-16.3831,145.5619,3.328373418627904,1,,shallow_preferred,1.6576450876493845,Low Isles,leave_site_out,25.0
2017,Low Isles,-16.3831,145.5619,2.0405781380827364,1,,shallow_preferred,1.6576450876493845,Low Isles,leave_site_out,25.0
2020,Low Isles,-16.3831,145.5619,1.407814282110004,1,,shallow_preferred,1.6576450876493845,Low Isles,leave_site_out,25.0
2022,Low Isles,-16.3831,145.5619,2.007534551996275,1,,shallow_preferred,1.6576450876493845,Low Isles,leave_site_out,25.0
2024,Low Isles,-16.3831,145.5619,3.234717160448197,1,,shallow_preferred,1.6576450876493845,Low Isles,leave_site_out,25.0
2017,Macgillivray,-14.6485,145.4915,-0.9683515096486346,1,,all_available,-0.041619175044026735,Macgillivray,leave_site_out,25.0
2020,Macgillivray,-14.6485,145.4915,-4.299430568059551,1,,all_available,-0.041619175044026735,Macgillivray,leave_site_out,25.0
2022,Macgillivray,-14.6485,145.4915,-3.113379619347248,1,,all_available,-0.041619175044026735,Macgillivray,leave_site_out,25.0
2024,Macgillivray,-14.6485,145.4915,0.3334817723541992,1,,all_available,-0.041619175044026735,Macgillivray,leave_site_out,25.0
2016,Mackay Reef,-16.0399,145.6506,3.142228224810014,1,,shallow_preferred,0.24365160600897892,Mackay Reef,leave_site_out,25.0
2017,Mackay Reef,-16.0399,145.6506,2.2522848881274307,1,,shallow_preferred,0.24365160600897892,Mackay Reef,leave_site_out,25.0
2020,Mackay Reef,-16.0399,145.6506,2.2648477201922943,1,,shallow_preferred,0.24365160600897892,Mackay Reef,leave_site_out,25.0
2022,Mackay Reef,-16.0399,145.6506,0.9261292605345348,1,,shallow_preferred,0.24365160600897892,Mackay Reef,leave_site_out,25.0
2024,Mackay Reef,-16.0399,145.6506,2.986583602448798,1,,shallow_preferred,0.24365160600897892,Mackay Reef,leave_site_out,25.0
2017,Manning Island,-23.854,151.3533,3.6855037764959153,1,2.0,shallow_preferred,2.771214912988383,Manning Island,leave_site_out,25.0
2020,Manning Island,-23.854,151.3533,2.9522047055525817,1,,shallow_preferred,2.771214912988383,Manning Island,leave_site_out,25.0
2022,Manning Island,-23.854,151.3533,5.309158172425871,1,,shallow_preferred,2.771214912988383,Manning Island,leave_site_out,25.0
2024,Manning Island,-23.854,151.3533,0.8688011005989598,1,,shallow_preferred,2.771214912988383,Manning Island,leave_site_out,25.0
2016,Martin,-14.7553,145.3722,3.718709690722728,1,,all_available,0.31527301803644586,Martin,leave_site_out,25.0
2017,Martin,-14.7553,145.3722,2.925004485266232,1,,all_available,0.31527301803644586,Martin,leave_site_out,25.0
2020,Martin,-14.7553,145.3722,1.2220278261895885,1,,all_available,0.31527301803644586,Martin,leave_site_out,25.0
2022,Martin,-14.7553,145.3722,1.9154301837787944,1,,all_available,0.31527301803644586,Martin,leave_site_out,25.0
2024,Martin,-14.7553,145.3722,3.8351490990065393,1,,all_available,0.31527301803644586,Martin,leave_site_out,25.0
2016,Mast Head Reef,-23.5341,151.7497,0.0,1,,all_available,0.32840160657122347,Mast Head Reef,leave_site_out,25.0
2017,Mast Head Reef,-23.5341,151.7497,0.2643198653873018,1,,all_available,0.32840160657122347,Mast Head Reef,leave_site_out,25.0
2020,Mast Head Reef,-23.5341,151.7497,1.3050274284054115,1,,all_available,0.32840160657122347,Mast Head Reef,leave_site_out,25.0
2022,Mast Head Reef,-23.5341,151.7497,0.3320649799632625,1,,all_available,0.32840160657122347,Mast Head Reef,leave_site_out,25.0
2024,Mast Head Reef,-23.5341,151.7497,0.0469545366380899,1,,all_available,0.32840160657122347,Mast Head Reef,leave_site_out,25.0
2016,McCulloch Reef,-17.2834,146.4777,-0.1369223508137507,1,,shallow_preferred,0.31537759109802277,McCulloch Reef,leave_site_out,25.0
2017,McCulloch Reef,-17.2834,146.4777,1.6562348400435951,1,,shallow_preferred,0.31537759109802277,McCulloch Reef,leave_site_out,25.0
2020,McCulloch Reef,-17.2834,146.4777,2.116830558170516,1,,shallow_preferred,0.31537759109802277,McCulloch Reef,leave_site_out,25.0
2022,McCulloch Reef,-17.2834,146.4777,1.0634930497346478,1,,shallow_preferred,0.31537759109802277,McCulloch Reef,leave_site_out,25.0
2016,Michaelmas Reef,-16.5528,146.0454,2.5921159963802545,1,,shallow_preferred,0.5803748300327973,Michaelmas Reef,leave_site_out,25.0
2017,Michaelmas Reef,-16.5528,146.0454,2.5909335644133407,1,,shallow_preferred,0.5803748300327973,Michaelmas Reef,leave_site_out,25.0
2020,Michaelmas Reef,-16.5528,146.0454,1.1469479944542602,1,,shallow_preferred,0.5803748300327973,Michaelmas Reef,leave_site_out,25.0
2016,Moore Reef,-16.8519,146.2336,1.393790788382177,1,,shallow_preferred,0.8228072871208861,Moore Reef,leave_site_out,25.0
2017,Moore Reef,-16.8519,146.2336,-0.1839636080845217,1,,shallow_preferred,0.8228072871208861,Moore Reef,leave_site_out,25.0
2020,Moore Reef,-16.8519,146.2336,1.5139498544599743,1,,shallow_preferred,0.8228072871208861,Moore Reef,leave_site_out,25.0
2020,Moore Reef-Coral Sea,-15.8866,149.1516,-4.987052573988572,1,,shallow_preferred,0.0,Moore Reef-Coral Sea,leave_site_out,25.0
2020,Myrmidon Reef,-18.2585,147.3814,-0.6244883420862655,1,,shallow_preferred,-1.6784731259399994,Myrmidon Reef,leave_site_out,25.0
2022,Myrmidon Reef,-18.25695,147.38115,-2.106265781265818,2,,all_available,-1.67423540306699,Myrmidon Reef,leave_site_out,25.0
2024,Myrmidon Reef,-18.2585,147.3814,-1.772714135542496,1,,shallow_preferred,-1.6784731259399994,Myrmidon Reef,leave_site_out,25.0
2017,No Name,-14.6279,145.6453,-6.923401607784927,1,,all_available,-0.47036366883911174,No Name,leave_site_out,25.0
2020,No Name,-14.6308,145.6418,-4.310231988865706,1,,shallow_preferred,-0.45403643837141205,No Name,leave_site_out,25.0
2022,No Name,-14.6308,145.6418,-1.705695853816663,1,,shallow_preferred,-0.45403643837141205,No Name,leave_site_out,25.0
2024,No Name,-14.6308,145.6418,-3.1206719496112054,1,,shallow_preferred,-0.45403643837141205,No Name,leave_site_out,25.0
2017,North Direction Island,-14.7435,145.5136,1.654546928877684,1,,shallow_preferred,-0.21810178294307195,North Direction Island,leave_site_out,25.0
2020,North Direction Island,-14.7435,145.5136,-6.57,1,,shallow_preferred,-0.21810178294307195,North Direction Island,leave_site_out,25.0
2022,North Direction Island,-14.7435,145.5136,0.7454363748168298,1,,shallow_preferred,-0.21810178294307195,North Direction Island,leave_site_out,25.0
2024,North Direction Island,-14.7435,145.5136,5.383649436141575,1,,shallow_preferred,-0.21810178294307195,North Direction Island,leave_site_out,25.0
2016,North Keppel Island,-23.0864,150.9052,0.4119327808008783,1,,shallow_preferred,0.716353661517666,North Keppel Island,leave_site_out,25.0
2017,North Keppel Island,-23.0864,150.9052,1.558054564812532,1,,shallow_preferred,0.716353661517666,North Keppel Island,leave_site_out,25.0
2020,North Keppel Island,-23.0864,150.9052,-0.0437870365482258,1,,shallow_preferred,0.716353661517666,North Keppel Island,leave_site_out,25.0
2022,North Keppel Island,-23.0864,150.9052,-0.7961308644747469,1,,shallow_preferred,0.716353661517666,North Keppel Island,leave_site_out,25.0
2024,North Keppel Island,-23.0864,150.9052,1.0622295146220626,1,,shallow_preferred,0.716353661517666,North Keppel Island,leave_site_out,25.0
2016,North Reef,-23.1775,151.9041,0.0,1,5.5,shallow_preferred,-0.3077636426730876,North Reef,leave_site_out,25.0
2017,North Reef,-23.1775,151.9041,-1.6125873014673375,1,5.5,shallow_preferred,-0.3077636426730876,North Reef,leave_site_out,25.0
2020,North Reef,-23.1755,151.9086,0.0,1,,all_available,-0.30677487904330314,North Reef,leave_site_out,25.0
2017,Northeast Reef,-18.5718,146.4947,1.081957224109642,1,2.0,shallow_preferred,-0.04348892650584267,Northeast Reef,leave_site_out,25.0
2020,Northeast Reef,-18.5718,146.4947,-2.2315763578432497,1,,shallow_preferred,-0.04348892650584267,Northeast Reef,leave_site_out,25.0
2022,Northeast Reef,-18.5718,146.4947,0.1769185098647074,1,,shallow_preferred,-0.04348892650584267,Northeast Reef,leave_site_out,25.0
2024,Northeast Reef,-18.5718,146.4947,0.4083809324888072,1,,shallow_preferred,-0.04348892650584267,Northeast Reef,leave_site_out,25.0
2020,Nth Barnards (Jesse Is),-17.6722,146.1742,5.556803929865103,1,,shallow_preferred,0.5753653799114254,Nth Barnards (Jesse Is),leave_site_out,25.0
2022,Nth Barnards (Jesse Is),-17.6717,146.1747,1.273264460917427,1,,all_available,0.5752112304915752,Nth Barnards (Jesse Is),leave_site_out,25.0
2024,Nth Barnards (Jesse Is),-17.6717,146.1747,-2.745176977858989,1,,all_available,0.5752112304915752,Nth Barnards (Jesse Is),leave_site_out,25.0
2016,One Tree Island,-23.4833,152.0739,0.0746192843859103,2,,all_available,-0.043709737206848016,One Tree Island,leave_site_out,25.0
2017,One Tree Island,-23.4833,152.0739,-2.369160070150796,3,,all_available,-0.043709737206848016,One Tree Island,leave_site_out,25.0
2020,One Tree Island,-23.4833,152.0739,-3.1230587818809963,3,,all_available,-0.043709737206848016,One Tree Island,leave_site_out,25.0
2022,One Tree Island,-23.4833,152.0739,-0.32,4,,all_available,-0.043709737206848016,One Tree Island,leave_site_out,25.0
2024,One Tree Island,-23.4833,152.0739,-1.8831180838731818,4,,all_available,-0.043709737206848016,One Tree Island,leave_site_out,25.0
2016,Opal Reef,-16.2034,145.9065,-0.870952350315747,1,,all_available,0.34317201804070546,Opal Reef,leave_site_out,25.0
2017,Opal Reef,-16.2042,145.9005,4.085801976706115,1,,shallow_preferred,0.3543980013135861,Opal Reef,leave_site_out,25.0
2020,Opal Reef,-16.2042,145.9005,-0.7276474892046885,1,,shallow_preferred,0.3543980013135861,Opal Reef,leave_site_out,25.0
2016,Orpheus Island,-18.601750000000003,146.48829999999998,0.14085842937082727,2,,all_available,0.024102852518941897,Orpheus Island,leave_site_out,25.0
2017,Orpheus Island,-18.601750000000003,146.48829999999998,0.5985243157258839,2,,all_available,0.024102852518941897,Orpheus Island,leave_site_out,25.0
2016,Pandora Reef,-18.8164,146.4341,-1.230475505080305,1,,shallow_preferred,0.6987459582840134,Pandora Reef,leave_site_out,25.0
2017,Pandora Reef,-18.8164,146.4341,0.4563194908363481,1,,shallow_preferred,0.6987459582840134,Pandora Reef,leave_site_out,25.0
2020,Pandora Reef,-18.8164,146.4341,2.415483371564374,1,,shallow_preferred,0.6987459582840134,Pandora Reef,leave_site_out,25.0
2022,Pandora Reef,-18.8164,146.4341,-1.3308283189703358,1,,shallow_preferred,0.6987459582840134,Pandora Reef,leave_site_out,25.0
2024,Pandora Reef,-18.8164,146.4341,-1.2492841044856169,1,,shallow_preferred,0.6987459582840134,Pandora Reef,leave_site_out,25.0
2016,Peak Island,-23.3413,150.9369,0.7980236209381337,1,,shallow_preferred,0.8757638492825331,Peak Island,leave_site_out,25.0
2017,Peak Island,-23.3413,150.9369,2.5338963002932164,1,,shallow_preferred,0.8757638492825331,Peak Island,leave_site_out,25.0
2020,Peak Island,-23.3413,150.9369,2.0302291152499343,1,,shallow_preferred,0.8757638492825331,Peak Island,leave_site_out,25.0
2022,Peak Island,-23.3413,150.9369,0.5855679313135402,1,,shallow_preferred,0.8757638492825331,Peak Island,leave_site_out,25.0
2016,Peart Reef,-17.46705,146.40255,-0.7899533874370499,2,2.4,shallow_preferred,0.66173498549231,Peart Reef,leave_site_out,25.0
2017,Peart Reef,-17.4676,146.402,0.2564586963575834,1,,shallow_preferred,0.6617637600692907,Peart Reef,leave_site_out,25.0
2020,Peart Reef,-17.4676,146.402,1.027260252243318,1,,shallow_preferred,0.6617637600692907,Peart Reef,leave_site_out,25.0
2022,Peart Reef,-17.4676,146.402,-0.8201420307894405,1,,shallow_preferred,0.6617637600692907,Peart Reef,leave_site_out,25.0
2024,Peart Reef,-17.4665,146.4031,-2.1103074542540026,1,,all_available,0.6617041198459287,Peart Reef,leave_site_out,25.0
2016,Pelican Island,-23.2397,150.8742,0.8965753957673843,1,,shallow_preferred,0.5684623441505448,Pelican Island,leave_site_out,25.0
2017,Pelican Island,-23.2397,150.8742,5.076861281952688,1,,shallow_preferred,0.5684623441505448,Pelican Island,leave_site_out,25.0
2020,Pelican Island,-23.2397,150.8742,2.036700049354229,1,,shallow_preferred,0.5684623441505448,Pelican Island,leave_site_out,25.0
2022,Pelican Island,-23.2397,150.8742,2.87801058962431,1,,shallow_preferred,0.5684623441505448,Pelican Island,leave_site_out,25.0
2024,Pelican Island,-23.2397,150.8742,1.3336012499129186,1,,shallow_preferred,0.5684623441505448,Pelican Island,leave_site_out,25.0
2016,Pelorus Island,-18.5406,146.4888,-0.4118532764787783,1,,shallow_preferred,0.20756640589432293,Pelorus Island,leave_site_out,25.0
2017,Pelorus Island,-18.5406,146.4888,0.2443588332417867,1,,shallow_preferred,0.20756640589432293,Pelorus Island,leave_site_out,25.0
2020,Pelorus Island,-18.5406,146.4888,-3.0800208505562527,1,,shallow_preferred,0.20756640589432293,Pelorus Island,leave_site_out,25.0
2022,Pelorus Island,-18.5406,146.4888,-1.0987203135328016,1,,shallow_preferred,0.20756640589432293,Pelorus Island,leave_site_out,25.0
2024,Pelorus Island,-18.5406,146.4888,-4.99468701852191,1,,shallow_preferred,0.20756640589432293,Pelorus Island,leave_site_out,25.0
2016,Penrith Reef,-21.0032,149.8875,-1.99,1,,all_available,-0.9726465579401727,Penrith Reef,leave_site_out,25.0
2017,Penrith Reef,-21.0032,149.8875,-3.2164805609812284,1,,all_available,-0.9726465579401727,Penrith Reef,leave_site_out,25.0
2020,Penrith Reef,-21.0036,149.8882,-1.0546015138842613,1,,shallow_preferred,-0.9728745717805724,Penrith Reef,leave_site_out,25.0
2022,Penrith Reef,-21.0036,149.8882,-1.4836345387472027,1,,shallow_preferred,-0.9728745717805724,Penrith Reef,leave_site_out,25.0
2024,Penrith Reef,-21.0036,149.8882,-8.25,1,,shallow_preferred,-0.9728745717805724,Penrith Reef,leave_site_out,25.0
2016,Pine Island,-20.378,148.8884,2.758559077194137,1,,shallow_preferred,0.6090375795852777,Pine Island,leave_site_out,25.0
2017,Pine Island,-20.378,148.8884,2.267680691159056,1,,shallow_preferred,0.6090375795852777,Pine Island,leave_site_out,25.0
2020,Pine Island,-20.378,148.8884,1.9326931379161556,1,,shallow_preferred,0.6090375795852777,Pine Island,leave_site_out,25.0
2022,Pine Island,-20.378,148.8884,1.614351045119581,1,,shallow_preferred,0.6090375795852777,Pine Island,leave_site_out,25.0
2024,Pine Island,-20.378,148.8884,2.039983382562866,1,,shallow_preferred,0.6090375795852777,Pine Island,leave_site_out,25.0
2020,Pine Peak Island,-21.5145,150.2515,0.6812159480858444,1,,shallow_preferred,-0.22359184323048992,Pine Peak Island,leave_site_out,25.0
2022,Pine Peak Island,-21.5145,150.2515,-0.6866243656929498,1,,shallow_preferred,-0.22359184323048992,Pine Peak Island,leave_site_out,25.0
2024,Pine Peak Island,-21.5145,150.2515,-0.7875008679016648,1,,shallow_preferred,-0.22359184323048992,Pine Peak Island,leave_site_out,25.0
2016,Pompey Reef (No 1),-20.9201,150.5582,-0.8300000000000001,1,,shallow_preferred,-1.0097292143033205,Pompey Reef (No 1),leave_site_out,25.0
2017,Pompey Reef (No 1),-20.9201,150.5582,-1.4256318177575098,1,,shallow_preferred,-1.0097292143033205,Pompey Reef (No 1),leave_site_out,25.0
2020,Pompey Reef (No 1),-20.9201,150.5582,-0.0615643802336514,1,,shallow_preferred,-1.0097292143033205,Pompey Reef (No 1),leave_site_out,25.0
2022,Pompey Reef (No 1),-20.9201,150.5582,-1.631415408490577,1,,shallow_preferred,-1.0097292143033205,Pompey Reef (No 1),leave_site_out,25.0
2017,Rat Island,-23.767,151.3185,5.937374202789373,1,,shallow_preferred,1.7602655731246886,Rat Island,leave_site_out,25.0
2020,Rat Island,-23.767,151.3185,4.032971175530797,1,,shallow_preferred,1.7602655731246886,Rat Island,leave_site_out,25.0
2022,Rat Island,-23.767,151.3185,6.114287463581379,1,,shallow_preferred,1.7602655731246886,Rat Island,leave_site_out,25.0
2024,Rat Island,-23.767,151.3185,5.273399331924637,1,,shallow_preferred,1.7602655731246886,Rat Island,leave_site_out,25.0
2016,Rebe Reef,-19.795,150.1499,-2.99,1,,shallow_preferred,-1.5121050783736658,Rebe Reef,leave_site_out,25.0
2017,Rebe Reef,-19.795,150.1499,-3.61,1,,shallow_preferred,-1.5121050783736658,Rebe Reef,leave_site_out,25.0
2020,Rebe Reef,-19.795,150.1499,-6.47,1,,shallow_preferred,-1.5121050783736658,Rebe Reef,leave_site_out,25.0
2022,Rebe Reef,-19.795,150.1499,-5.96,1,,shallow_preferred,-1.5121050783736658,Rebe Reef,leave_site_out,25.0
2024,Rebe Reef,-19.795,150.1499,-8.971298792288794,1,,shallow_preferred,-1.5121050783736658,Rebe Reef,leave_site_out,25.0
2017,Repulse,-20.5779,148.8625,-1.5644129148914745,1,,all_available,0.7508112127525126,Repulse,leave_site_out,25.0
2020,Repulse,-20.5779,148.8625,3.481321265505569,1,,all_available,0.7508112127525126,Repulse,leave_site_out,25.0
2016,Rib Reef,-18.473,146.8774,-0.1772024504667313,1,,shallow_preferred,-0.9232462995698365,Rib Reef,leave_site_out,25.0
2017,Rib Reef,-18.473,146.8774,-0.4027165745273926,1,9.4,shallow_preferred,-0.9232462995698365,Rib Reef,leave_site_out,25.0
2020,Rib Reef,-18.473,146.8774,0.4080477107976641,1,,shallow_preferred,-0.9232462995698365,Rib Reef,leave_site_out,25.0
2022,Rib Reef,-18.473,146.8774,-3.641424667151929,1,,shallow_preferred,-0.9232462995698365,Rib Reef,leave_site_out,25.0
2024,Rib Reef,-18.473,146.8774,-0.7957262887094778,1,,shallow_preferred,-0.9232462995698365,Rib Reef,leave_site_out,25.0
2020,Roxburgh Reef,-18.4321,147.0563,-3.331693297466966,1,,shallow_preferred,-1.1924468452494577,Roxburgh Reef,leave_site_out,25.0
2020,Sand Bank No7,-13.4363,143.9722,-6.03,1,,shallow_preferred,0.0,Sand Bank No7,leave_site_out,25.0
2022,Sand Bank No7,-13.4363,143.9722,-4.078812431810763,1,,shallow_preferred,0.0,Sand Bank No7,leave_site_out,25.0
2024,Sand Bank No7,-13.4363,143.9722,-6.256932822483051,1,,shallow_preferred,0.0,Sand Bank No7,leave_site_out,25.0
2016,Seaforth Island,-20.4685,149.0389,1.428689279780309,1,,shallow_preferred,0.6441177770392994,Seaforth Island,leave_site_out,25.0
2017,Seaforth Island,-20.4685,149.0389,1.416027765909833,1,,shallow_preferred,0.6441177770392994,Seaforth Island,leave_site_out,25.0
2020,Seaforth Island,-20.4685,149.0389,2.016782735515747,1,,shallow_preferred,0.6441177770392994,Seaforth Island,leave_site_out,25.0
2022,Seaforth Island,-20.4685,149.0389,1.3896108603220183,1,,shallow_preferred,0.6441177770392994,Seaforth Island,leave_site_out,25.0
2024,Seaforth Island,-20.4685,149.0389,1.0099774032713746,1,,all_available,0.6441177770392994,Seaforth Island,leave_site_out,25.0
2017,Seal Rocks North,-23.9583,151.4849,3.70408024696868,1,,shallow_preferred,2.309269794534122,Seal Rocks North,leave_site_out,25.0
2020,Seal Rocks North,-23.9583,151.4849,2.838999863593152,1,,shallow_preferred,2.309269794534122,Seal Rocks North,leave_site_out,25.0
2024,Seal Rocks North,-23.9583,151.4849,3.263794696516893,1,,shallow_preferred,2.309269794534122,Seal Rocks North,leave_site_out,25.0
2016,Shute and Tancred Islands,-20.3009,148.7983,5.099828531280933,1,,shallow_preferred,0.3494293462568548,Shute and Tancred Islands,leave_site_out,25.0
2017,Shute and Tancred Islands,-20.3009,148.7983,1.4164816374178564,2,3.6,shallow_preferred,0.3494293462568548,Shute and Tancred Islands,leave_site_out,25.0
2020,Shute and Tancred Islands,-20.3009,148.7983,1.348653458250242,1,,shallow_preferred,0.3494293462568548,Shute and Tancred Islands,leave_site_out,25.0
2022,Shute and Tancred Islands,-20.3009,148.7983,1.2805066431930934,1,,shallow_preferred,0.3494293462568548,Shute and Tancred Islands,leave_site_out,25.0
2024,Shute and Tancred Islands,-20.3009,148.7983,1.6179930495016066,1,,shallow_preferred,0.3494293462568548,Shute and Tancred Islands,leave_site_out,25.0
2016,Small Lagoon Reef,-21.8678,152.5239,0.1231167317810061,1,,shallow_preferred,-0.31430445137659535,Small Lagoon Reef,leave_site_out,25.0
2017,Small Lagoon Reef,-21.8678,152.5239,0.6451005694404068,1,,shallow_preferred,-0.31430445137659535,Small Lagoon Reef,leave_site_out,25.0
2020,Small Lagoon Reef,-21.8678,152.5239,2.2234787121065374,1,,shallow_preferred,-0.31430445137659535,Small Lagoon Reef,leave_site_out,25.0
2022,Small Lagoon Reef,-21.8678,152.5239,-0.49,1,,shallow_preferred,-0.31430445137659535,Small Lagoon Reef,leave_site_out,25.0
2016,Snake Reef,-22.0232,152.1928,0.3360573961696979,1,,shallow_preferred,-0.10851322196187033,Snake Reef,leave_site_out,25.0
2017,Snake Reef,-22.0232,152.1928,-1.8438006949277133,1,,shallow_preferred,-0.10851322196187033,Snake Reef,leave_site_out,25.0
2020,Snake Reef,-22.0232,152.1928,-0.0755047190480606,1,,shallow_preferred,-0.10851322196187033,Snake Reef,leave_site_out,25.0
2022,Snake Reef,-22.0232,152.1928,0.2680475636644979,1,,shallow_preferred,-0.10851322196187033,Snake Reef,leave_site_out,25.0
2024,Snake Reef,-22.0232,152.1928,-1.1544690991552988,1,,shallow_preferred,-0.10851322196187033,Snake Reef,leave_site_out,25.0
2016,Snapper Island North,-16.2924,145.4969,5.2608957298267205,1,13.6,shallow_preferred,0.7767497895682716,Snapper Island North,leave_site_out,25.0
2017,Snapper Island North,-16.2924,145.4969,4.04035081925011,1,,shallow_preferred,0.7767497895682716,Snapper Island North,leave_site_out,25.0
2020,Snapper Island North,-16.2924,145.4969,5.115966535074563,1,,shallow_preferred,0.7767497895682716,Snapper Island North,leave_site_out,25.0
2022,Snapper Island North,-16.2924,145.4969,4.223499478603828,1,,shallow_preferred,0.7767497895682716,Snapper Island North,leave_site_out,25.0
2024,Snapper Island North,-16.2924,145.4969,7.4435563247489664,1,,shallow_preferred,0.7767497895682716,Snapper Island North,leave_site_out,25.0
2016,St Crispin Reef,-16.0733,145.8438,0.8079247213057474,1,,shallow_preferred,-0.1859067707486977,St Crispin Reef,leave_site_out,25.0
2017,St Crispin Reef,-16.0733,145.8438,0.1684520194030891,1,,shallow_preferred,-0.1859067707486977,St Crispin Reef,leave_site_out,25.0
2020,St Crispin Reef,-16.0733,145.8438,88.25537843400438,1,,shallow_preferred,-0.1859067707486977,St Crispin Reef,leave_site_out,25.0
2022,St Crispin Reef,-16.0733,145.8438,-0.410183903401097,1,,shallow_preferred,-0.1859067707486977,St Crispin Reef,leave_site_out,25.0
2024,St Crispin Reef,-16.0733,145.8438,-2.0280244486688037,1,,shallow_preferred,-0.1859067707486977,St Crispin Reef,leave_site_out,25.0
2016,Taylor Reef,-17.8121,146.5703,2.0139693667363594,1,,shallow_preferred,1.0395366746061827,Taylor Reef,leave_site_out,25.0
2017,Taylor Reef,-17.8121,146.5703,0.914864962408548,1,,shallow_preferred,1.0395366746061827,Taylor Reef,leave_site_out,25.0
2020,Taylor Reef,-17.8121,146.5703,0.3831780430515588,1,,shallow_preferred,1.0395366746061827,Taylor Reef,leave_site_out,25.0
2022,Taylor Reef,-17.8121,146.5703,1.8551421834079156,1,,shallow_preferred,1.0395366746061827,Taylor Reef,leave_site_out,25.0
2024,Taylor Reef,-17.8121,146.5703,-0.1915376615305835,1,,shallow_preferred,1.0395366746061827,Taylor Reef,leave_site_out,25.0
2016,Tern Reef,-20.9023,150.0264,-1.95,1,,shallow_preferred,-1.090048250207886,Tern Reef,leave_site_out,25.0
2017,Tern Reef,-20.9023,150.0264,-1.4831185058775374,1,,shallow_preferred,-1.090048250207886,Tern Reef,leave_site_out,25.0
2020,Tern Reef,-20.9023,150.0264,-1.0741594610218153,1,,shallow_preferred,-1.090048250207886,Tern Reef,leave_site_out,25.0
2022,Tern Reef,-20.9023,150.0264,-1.940902751155893,1,,shallow_preferred,-1.090048250207886,Tern Reef,leave_site_out,25.0
2024,Tern Reef,-20.9023,150.0264,-3.845918940878663,1,,shallow_preferred,-1.090048250207886,Tern Reef,leave_site_out,25.0
2016,Thetford Reef,-16.7995,146.1951,1.7851117645284935,1,,shallow_preferred,0.8435787514485114,Thetford Reef,leave_site_out,25.0
2017,Thetford Reef,-16.7995,146.1951,0.2855790394732214,1,,shallow_preferred,0.8435787514485114,Thetford Reef,leave_site_out,25.0
2020,Thetford Reef,-16.7995,146.1951,1.1996534608867409,1,,shallow_preferred,0.8435787514485114,Thetford Reef,leave_site_out,25.0
2022,Thetford Reef,-16.7995,146.1951,0.6869782559540729,1,,shallow_preferred,0.8435787514485114,Thetford Reef,leave_site_out,25.0
2024,Thetford Reef,-16.7995,146.1951,1.199482382797532,1,,shallow_preferred,0.8435787514485114,Thetford Reef,leave_site_out,25.0
2017,Tryon Island,-23.2457,151.7739,0.2693227123175901,1,,shallow_preferred,0.08137384458912333,Tryon Island,leave_site_out,25.0
2020,Tryon Island,-23.2457,151.7739,-3.263919477013788,1,,shallow_preferred,0.08137384458912333,Tryon Island,leave_site_out,25.0
2022,Tryon Island,-23.2457,151.7739,0.7394298817738182,1,,shallow_preferred,0.08137384458912333,Tryon Island,leave_site_out,25.0
2024,Tryon Island,-23.2457,151.7739,-1.813614176405533,1,,shallow_preferred,0.08137384458912333,Tryon Island,leave_site_out,25.0
2020,Tuesday,-10.5519,142.3265,2.989141947783424,1,,shallow_preferred,0.13691704907214677,Tuesday,leave_site_out,25.0
2016,Turner Cay,-21.7031,152.5605,-0.16,1,,all_available,-0.23677201966559053,Turner Cay,leave_site_out,25.0
2017,Turner Cay,-21.7031,152.5605,-0.9409643198063032,1,,all_available,-0.23677201966559053,Turner Cay,leave_site_out,25.0
2020,Turner Cay,-21.7031,152.5605,-1.2722601282566712,1,,all_available,-0.23677201966559053,Turner Cay,leave_site_out,25.0
2022,Turner Cay,-21.7031,152.5605,-1.11,1,,all_available,-0.23677201966559053,Turner Cay,leave_site_out,25.0
2024,Turner Cay,-21.7031,152.5605,-2.5344971807506527,1,,all_available,-0.23677201966559053,Turner Cay,leave_site_out,25.0
2017,Twin Island,-10.4629,142.4358,0.144507896456286,1,,shallow_preferred,0.5594789894194377,Twin Island,leave_site_out,25.0
2020,Tydeman Cay,-13.9715,144.5017,-5.401408447634655,2,2.6,shallow_preferred,0.0,Tydeman Cay,leave_site_out,25.0
2022,Tydeman Cay,-13.9715,144.5017,-3.554377203886662,1,,shallow_preferred,0.0,Tydeman Cay,leave_site_out,25.0
2017,Warraber Island,-10.200800000000001,142.81900000000002,-0.5776570387070736,2,1.2,shallow_preferred,0.01138534077004038,Warraber Island,leave_site_out,25.0
2020,Warraber Island,-10.2007,142.8189,1.78781952851811,1,,all_available,0.01144074768369603,Warraber Island,leave_site_out,25.0
2022,Warraber Island,-10.2007,142.8189,-3.827378726930228,1,,all_available,0.01144074768369603,Warraber Island,leave_site_out,25.0
2017,Willis Island,-16.288,149.96345,-0.004634673557972757,2,,shallow_preferred,0.0,Willis Island,leave_site_out,25.0
2020,Willis Island,-16.28805,149.9634,-5.210242417599298,2,,shallow_preferred,0.0,Willis Island,leave_site_out,25.0
2024,Willis Island,-16.2897,149.9649,-13.17,1,,shallow_preferred,0.0,Willis Island,leave_site_out,25.0
2016,Woiz Reef,-10.1741,143.226,9.436863183715728,1,,all_available,-0.38755246543322247,Woiz Reef,leave_site_out,25.0
2017,Woiz Reef,-10.1744,143.2264,-0.0823360794803385,1,,shallow_preferred,-0.38792901323287987,Woiz Reef,leave_site_out,25.0
2020,Woiz Reef,-10.1744,143.2264,1.1404435733747071,1,,shallow_preferred,-0.38792901323287987,Woiz Reef,leave_site_out,25.0
2022,Woiz Reef,-10.1744,143.2264,-0.5409761267719593,1,,shallow_preferred,-0.38792901323287987,Woiz Reef,leave_site_out,25.0
2016,Yonge Reef,-14.5731,145.6147,-1.8764307465645336,1,,shallow_preferred,-0.9626086399422962,Yonge Reef,leave_site_out,25.0
2017,Yonge Reef,-14.5731,145.6147,-1.6965574448576124,1,,shallow_preferred,-0.9626086399422962,Yonge Reef,leave_site_out,25.0
2020,Yonge Reef,-14.57695,145.61415,-4.376788490280496,2,,shallow_preferred,-0.9507161837947072,Yonge Reef,leave_site_out,25.0
2024,Yonge Reef,-14.5731,145.6147,-1.8594030718308463,1,,shallow_preferred,-0.9626086399422962,Yonge Reef,leave_site_out,25.0
2016,19-131 Reef,-19.7641,149.3786,2.4881428483989625,1,,shallow_preferred,-0.682425630455933,2016,leave_event_out,50.0
2016,19-138 Reef,-19.8024,149.4199,1.615120950831018,1,,shallow_preferred,-0.6918233691366236,2016,leave_event_out,50.0
2016,19-159 Reef,-19.6661,149.9146,-3.01,1,,shallow_preferred,-1.8937453528944397,2016,leave_event_out,50.0
2016,20-104 Reef,-20.0286,149.6933,1.2862792410082275,1,,shallow_preferred,-0.9709905565960931,2016,leave_event_out,50.0
2016,21-062 Reef,-21.028,150.8534,-0.47,1,,shallow_preferred,-1.0051985423772625,2016,leave_event_out,50.0
2016,21-139 Reef,-21.4552,151.4654,-0.64,1,,shallow_preferred,-0.3981126900056914,2016,leave_event_out,50.0
2016,21-187 Reef,-21.4072,151.6414,-0.31,1,,shallow_preferred,-0.3923643874465847,2016,leave_event_out,50.0
2016,21-245 Reef,-21.298,152.4425,0.0,1,,shallow_preferred,-0.5838415816463399,2016,leave_event_out,50.0
2016,21-550 Reef,-21.9471,152.3069,0.0921533394028272,1,,shallow_preferred,-0.20144684251393333,2016,leave_event_out,50.0
2016,21-591 Reef,-21.0266,150.3807,-1.14,1,,all_available,-1.1056375570300356,2016,leave_event_out,50.0
2016,Agincourt Reef Number 1,-16.0398,145.8652,0.6706690019749448,1,,shallow_preferred,0.27208709564771233,2016,leave_event_out,50.0
2016,Arlington Reef,-16.6891,146.0871,1.8697210938847693,1,,shallow_preferred,0.65018023693955,2016,leave_event_out,50.0
2016,Barren Island,-23.1578,151.0707,0.3594048150164696,1,,all_available,0.8329976828224774,2016,leave_event_out,50.0
2016,Border Island,-20.171,149.0319,-1.1542022049138567,1,,shallow_preferred,0.0606296083674835,2016,leave_event_out,50.0
2016,Boult Reef,-23.747,152.2725,-0.15,1,,shallow_preferred,-0.730098654745562,2016,leave_event_out,50.0
2016,Cattle Bay,-18.5691,146.4823,-0.6118180509479609,1,,shallow_preferred,-0.05555363742458426,2016,leave_event_out,50.0
2016,Centipede Reef,-18.7324,147.554,-1.864780516451196,1,,all_available,-1.4067945402344573,2016,leave_event_out,50.0
2016,Chicken Reef,-18.6534,147.7199,-1.9926378104458151,1,,shallow_preferred,-1.5832444925216735,2016,leave_event_out,50.0
2016,Chinaman Reef,-21.9973,152.664,-0.0185903126361312,1,,shallow_preferred,-0.1693266448335582,2016,leave_event_out,50.0
2016,Davies Reef,-18.8065,147.6688,-1.1285137776708165,1,,shallow_preferred,-1.4846308660599918,2016,leave_event_out,50.0
2016,Daydream Island,-20.2557,148.8122,2.6965346641335963,1,,shallow_preferred,0.24836856276790897,2016,leave_event_out,50.0
2016,Dent Island,-20.345,148.9382,2.8108011389618843,1,,shallow_preferred,0.6303247017990327,2016,leave_event_out,50.0
2016,Dip Reef,-18.3999,147.4519,-4.222305870596005,1,,all_available,-1.6750556039518283,2016,leave_event_out,50.0
2016,Double Cone,-20.1046,148.7218,0.4252579264263967,1,,shallow_preferred,-0.0893087022267839,2016,leave_event_out,50.0
2016,Dunk Island,-17.9263,146.1461,-1.417138406452865,1,,shallow_preferred,1.0682083718457014,2016,leave_event_out,50.0
2016,East Cay,-21.4727,152.5662,0.0,1,,shallow_preferred,-0.5942427185527162,2016,leave_event_out,50.0
2016,Erskine Island,-23.498800000000003,151.7748,0.0,2,6.25,shallow_preferred,0.04109237101261586,2016,leave_event_out,50.0
2016,Farquharson Reef,-17.79,146.5315,2.174716284413961,1,,shallow_preferred,0.9301610432566642,2016,leave_event_out,50.0
2016,Feather Reef,-17.51845,146.3896,-0.4887138188329878,2,1.1,shallow_preferred,0.5583805750864204,2016,leave_event_out,50.0
2016,Frankland Islands,-17.227,146.0904,-0.6161032549995185,1,,shallow_preferred,0.2505235798903721,2016,leave_event_out,50.0
2016,Gannet Cay Reef,-21.9784,152.4742,-0.35,1,,shallow_preferred,-0.18751052733006499,2016,leave_event_out,50.0
2016,Geoffrey Bay,-19.1549,146.8685,13.548800298159325,1,,all_available,1.315901539387844,2016,leave_event_out,50.0
2016,"Green Island, Qld",-16.7755,145.9803,-0.3151215766624777,1,,all_available,0.7602569999595999,2016,leave_event_out,50.0
2016,Hastings Reef,-16.5013,146.017,2.161549404886196,1,,shallow_preferred,0.7250712292573958,2016,leave_event_out,50.0
2016,Havannah Island,-18.8472,146.5428,1.2404488095497328,1,,shallow_preferred,0.3378375154227168,2016,leave_event_out,50.0
2016,Hayman Island,-20.0413,148.8819,-0.4657770304710102,1,,shallow_preferred,-0.17854812056767602,2016,leave_event_out,50.0
2016,Hedley Reef,-17.2235,146.4754,0.2598472693507516,1,,shallow_preferred,0.4863593561891098,2016,leave_event_out,50.0
2016,Helix Reef,-18.6201,147.2976,-0.3794971308614112,1,,all_available,-1.34757644476146,2016,leave_event_out,50.0
2016,High Island,-17.1622,146.007,-0.051167761052802,1,,shallow_preferred,0.45084165391458847,2016,leave_event_out,50.0
2016,Horseshoe Reef,-22.0227,152.6166,-0.53,1,,shallow_preferred,-0.16822047044036526,2016,leave_event_out,50.0
2016,Humpy Island,-23.2162,150.9638,-0.0253816807258292,1,,shallow_preferred,1.0284839872063438,2016,leave_event_out,50.0
2016,Hyde Reef,-19.7457,150.0822,-3.13,1,,shallow_preferred,-2.0064224492843414,2016,leave_event_out,50.0
2016,John Brewer,-18.6189,147.0813,-0.3312680887880521,2,4.0,shallow_preferred,-1.0875870692830496,2016,leave_event_out,50.0
2016,Knife Reef,-18.5711,147.5772,-0.9066023963914605,1,,all_available,-1.6717352721756908,2016,leave_event_out,50.0
2016,Lady Musgrave,-23.8884,152.422,-0.611715588038071,1,,shallow_preferred,-0.7233822375267228,2016,leave_event_out,50.0
2016,Langford Island,-20.0877,148.8848,-1.231077688911029,1,,shallow_preferred,-0.17643400475317647,2016,leave_event_out,50.0
2016,Linnet Reef,-14.7811,145.3474,7.626145269299075,1,,shallow_preferred,-0.03383308929450657,2016,leave_event_out,50.0
2016,Lizard Island,-14.694067,145.45705,-0.683264140547168,1,0.6,shallow_preferred,-0.34107821738744104,2016,leave_event_out,50.0
2016,Low Isles,-16.3831,145.5619,3.328373418627904,1,,shallow_preferred,1.2297793653178302,2016,leave_event_out,50.0
2016,Mackay Reef,-16.0399,145.6506,3.142228224810014,1,,shallow_preferred,0.7955524552896668,2016,leave_event_out,50.0
2016,Martin,-14.7553,145.3722,3.718709690722728,1,,all_available,-0.07203448203078057,2016,leave_event_out,50.0
2016,Mast Head Reef,-23.5341,151.7497,0.0,1,,all_available,0.3336378285368148,2016,leave_event_out,50.0
2016,McCulloch Reef,-17.2834,146.4777,-0.1369223508137507,1,,shallow_preferred,0.49817219821478215,2016,leave_event_out,50.0
2016,Michaelmas Reef,-16.5528,146.0454,2.5921159963802545,1,,shallow_preferred,0.7506388419010813,2016,leave_event_out,50.0
2016,Moore Reef,-16.8519,146.2336,1.393790788382177,1,,shallow_preferred,0.6046461515391466,2016,leave_event_out,50.0
2016,North Keppel Island,-23.0864,150.9052,0.4119327808008783,1,,shallow_preferred,0.9431327502318166,2016,leave_event_out,50.0
2016,North Reef,-23.1775,151.9041,0.0,1,5.5,shallow_preferred,-0.40455372070448375,2016,leave_event_out,50.0
2016,One Tree Island,-23.4833,152.0739,0.0746192843859103,2,,all_available,-0.5920028763146123,2016,leave_event_out,50.0
2016,Opal Reef,-16.2034,145.9065,-0.870952350315747,1,,all_available,0.5673074568381892,2016,leave_event_out,50.0
2016,Orpheus Island,-18.601750000000003,146.48829999999998,0.14085842937082727,2,,all_available,-0.02062977822080016,2016,leave_event_out,50.0
2016,Pandora Reef,-18.8164,146.4341,-1.230475505080305,1,,shallow_preferred,0.3586033742619072,2016,leave_event_out,50.0
2016,Peak Island,-23.3413,150.9369,0.7980236209381337,1,,shallow_preferred,1.240597923507906,2016,leave_event_out,50.0
2016,Peart Reef,-17.46705,146.40255,-0.7899533874370499,2,2.4,shallow_preferred,0.5442148250056743,2016,leave_event_out,50.0
2016,Pelican Island,-23.2397,150.8742,0.8965753957673843,1,,shallow_preferred,1.1234439904146725,2016,leave_event_out,50.0
2016,Pelorus Island,-18.5406,146.4888,-0.4118532764787783,1,,shallow_preferred,-0.08620175418393343,2016,leave_event_out,50.0
2016,Penrith Reef,-21.0032,149.8875,-1.99,1,,all_available,-1.1116732621748582,2016,leave_event_out,50.0
2016,Pine Island,-20.378,148.8884,2.758559077194137,1,,shallow_preferred,0.6576859057805262,2016,leave_event_out,50.0
2016,Pompey Reef (No 1),-20.9201,150.5582,-0.8300000000000001,1,,shallow_preferred,-1.0783328728359107,2016,leave_event_out,50.0
2016,Rebe Reef,-19.795,150.1499,-2.99,1,,shallow_preferred,-2.234459713260937,2016,leave_event_out,50.0
2016,Rib Reef,-18.473,146.8774,-0.1772024504667313,1,,shallow_preferred,-0.8324919043625598,2016,leave_event_out,50.0
2016,Seaforth Island,-20.4685,149.0389,1.428689279780309,1,,shallow_preferred,0.6761192499609809,2016,leave_event_out,50.0
2016,Shute and Tancred Islands,-20.3009,148.7983,5.099828531280933,1,,shallow_preferred,0.32743818226056026,2016,leave_event_out,50.0
2016,Small Lagoon Reef,-21.8678,152.5239,0.1231167317810061,1,,shallow_preferred,-0.19575189048371977,2016,leave_event_out,50.0
2016,Snake Reef,-22.0232,152.1928,0.3360573961696979,1,,shallow_preferred,-0.2327053466739286,2016,leave_event_out,50.0
2016,Snapper Island North,-16.2924,145.4969,5.2608957298267205,1,13.6,shallow_preferred,1.3568731785431998,2016,leave_event_out,50.0
2016,St Crispin Reef,-16.0733,145.8438,0.8079247213057474,1,,shallow_preferred,0.36938324899375646,2016,leave_event_out,50.0
2016,Taylor Reef,-17.8121,146.5703,2.0139693667363594,1,,shallow_preferred,0.9173272890364474,2016,leave_event_out,50.0
2016,Tern Reef,-20.9023,150.0264,-1.95,1,,shallow_preferred,-1.1449799961166938,2016,leave_event_out,50.0
2016,Thetford Reef,-16.7995,146.1951,1.7851117645284935,1,,shallow_preferred,0.6557009570183974,2016,leave_event_out,50.0
2016,Turner Cay,-21.7031,152.5605,-0.16,1,,all_available,-0.40110396571963886,2016,leave_event_out,50.0
2016,Woiz Reef,-10.1741,143.226,9.436863183715728,1,,all_available,-0.21651976804250975,2016,leave_event_out,50.0
2016,Yonge Reef,-14.5731,145.6147,-1.8764307465645336,1,,shallow_preferred,-0.8751049075321536,2016,leave_event_out,50.0
2017,19-131 Reef,-19.7641,149.3786,0.1648669316651334,1,,shallow_preferred,-0.37435143320859493,2017,leave_event_out,50.0
2017,19-138 Reef,-19.8024,149.4199,-0.6955989138045973,1,,shallow_preferred,-0.398577321214897,2017,leave_event_out,50.0
2017,19-159 Reef,-19.6661,149.9146,-0.47,1,,shallow_preferred,-1.9823976755481774,2017,leave_event_out,50.0
2017,20-104 Reef,-20.0286,149.6933,-0.2948143010351345,1,,shallow_preferred,-0.8394142973617382,2017,leave_event_out,50.0
2017,21-062 Reef,-21.028,150.8534,-1.3030360356554327,1,,shallow_preferred,-0.6837423464685443,2017,leave_event_out,50.0
2017,21-139 Reef,-21.4552,151.4654,-0.8370985853263284,1,,shallow_preferred,-0.32922970370299753,2017,leave_event_out,50.0
2017,21-187 Reef,-21.4072,151.6414,-0.6164626088503855,1,,shallow_preferred,-0.3422504131612416,2017,leave_event_out,50.0
2017,21-245 Reef,-21.298,152.4425,0.0679673369730013,1,,shallow_preferred,-0.6416052364016666,2017,leave_event_out,50.0
2017,21-550 Reef,-21.9471,152.3069,0.3405297474348194,1,,shallow_preferred,-0.2098060816555823,2017,leave_event_out,50.0
2017,21-591 Reef,-21.0266,150.3807,-2.930230544831029,1,,all_available,-0.7276731310853322,2017,leave_event_out,50.0
2017,Agincourt Reef Number 1,-16.0384,145.8688,-3.146731387263813,1,,all_available,0.25537282513185633,2017,leave_event_out,50.0
2017,Arlington Reef,-16.6891,146.0871,0.8026286572687749,1,,shallow_preferred,0.4823562255511862,2017,leave_event_out,50.0
2017,Barren Island,-23.1578,151.0707,0.6004196062900613,1,,all_available,0.43971912068741675,2017,leave_event_out,50.0
2017,Bedarra Island,-18.0094,146.148,3.5504139827964547,1,,shallow_preferred,0.8062005662742685,2017,leave_event_out,50.0
2017,Border Island,-20.171,149.0319,-0.5385739067167545,1,,shallow_preferred,0.04279072446798506,2017,leave_event_out,50.0
2017,Boult Reef,-23.747,152.2725,-1.5204336353105217,1,,shallow_preferred,-0.45120791596571963,2017,leave_event_out,50.0
2017,Camp Island East,-19.8508,147.9052,6.633293001799257,1,,shallow_preferred,-0.08969304448737823,2017,leave_event_out,50.0
2017,Carter,-14.5238,145.5817,-5.795992916884115,1,,all_available,-0.36376582118867806,2017,leave_event_out,50.0
2017,Cattle Bay,-18.5691,146.4823,-0.2121164498235934,1,5.6,shallow_preferred,-0.2317308064754244,2017,leave_event_out,50.0
2017,Cherepo,-10.6893,142.2799,0.9537529396181982,1,,shallow_preferred,0.595203656620142,2017,leave_event_out,50.0
2017,Chicken Reef,-18.6534,147.7199,-1.3663101188473838,1,,shallow_preferred,-1.487598872001135,2017,leave_event_out,50.0
2017,Chinaman Reef,-21.9973,152.664,0.076558152790821,1,,shallow_preferred,-0.21978716867351497,2017,leave_event_out,50.0
2017,Davies Reef,-18.8065,147.6688,-0.460888870782222,1,,shallow_preferred,-1.4223919983401574,2017,leave_event_out,50.0
2017,Dent Island,-20.345,148.9382,2.042098752777987,1,,shallow_preferred,0.8047411889894964,2017,leave_event_out,50.0
2017,Dip Reef,-18.3999,147.4519,-4.333377514241236,1,,all_available,-1.5461305736826947,2017,leave_event_out,50.0
2017,Double Cone,-20.1046,148.7218,0.2690576907372026,1,,shallow_preferred,-0.06386730015089855,2017,leave_event_out,50.0
2017,Dugong Island,-10.518,143.0997,-0.3522696767022557,1,,shallow_preferred,-0.5854600900408551,2017,leave_event_out,50.0
2017,Dunk Island,-17.9263,146.1461,0.2751631929575673,1,,shallow_preferred,0.8521613581976465,2017,leave_event_out,50.0
2017,East Cay,-21.4727,152.5662,0.160089970195385,1,,shallow_preferred,-0.6622691130733139,2017,leave_event_out,50.0
2017,Erskine Island,-23.498800000000003,151.7748,-0.038515396352895456,2,6.25,shallow_preferred,-0.02352095421669911,2017,leave_event_out,50.0
2017,Farquharson Reef,-17.79,146.5315,1.465914024900595,1,,shallow_preferred,0.8555544991016795,2017,leave_event_out,50.0
2017,Feather Reef,-17.519,146.3887,0.6378752502221996,1,,shallow_preferred,0.2501249306701789,2017,leave_event_out,50.0
2017,Fitzroy Island,-16.9233,145.9963,2.110728215512085,1,7.6,shallow_preferred,0.3647851211581512,2017,leave_event_out,50.0
2017,Frankland Islands,-17.227,146.0904,1.5541734846759017,1,,shallow_preferred,-0.17852989273252573,2017,leave_event_out,50.0
2017,Gannet Cay Reef,-21.9784,152.4742,-0.1627587981511653,1,,shallow_preferred,-0.22953591401224188,2017,leave_event_out,50.0
2017,Geoffrey Bay,-19.1548,146.8685,5.926048371480657,1,,shallow_preferred,1.2835607549603398,2017,leave_event_out,50.0
2017,"Green Island, Qld",-16.7583,145.97,2.340191435615312,1,,shallow_preferred,0.4744080887409466,2017,leave_event_out,50.0
2017,Hastings Reef,-16.5013,146.017,0.4853243896715344,1,,shallow_preferred,0.48398350518299654,2017,leave_event_out,50.0
2017,Havannah Island,-18.8472,146.5428,0.0869171131405899,1,,shallow_preferred,0.1755993252979894,2017,leave_event_out,50.0
2017,Hayman Island,-20.0413,148.8819,0.1848600545097944,1,,shallow_preferred,-0.19172334809851943,2017,leave_event_out,50.0
2017,Hedley Reef,-17.2235,146.4754,1.5130401055442544,1,,shallow_preferred,0.03324994987815865,2017,leave_event_out,50.0
2017,Helix Reef,-18.6203,147.2958,-1.0224455431706163,1,,shallow_preferred,-1.218108610631161,2017,leave_event_out,50.0
2017,Heron Island,-23.4384,151.9182,1.4967732072370152,1,,shallow_preferred,-0.1478278782847457,2017,leave_event_out,50.0
2017,High Island,-17.1622,146.007,0.670128926553808,1,,shallow_preferred,-0.029606902809627998,2017,leave_event_out,50.0
2017,Holbourne Island East,-19.7333,148.3644,-3.374739542342464,1,,all_available,-0.09413688333442985,2017,leave_event_out,50.0
2017,Horseshoe Reef,-22.0227,152.6166,-0.2975069033353643,1,,shallow_preferred,-0.2148090985611739,2017,leave_event_out,50.0
2017,Humpy Island,-23.2162,150.9638,1.8548445110707927,1,,shallow_preferred,0.5865961565294537,2017,leave_event_out,50.0
2017,Hyde Reef,-19.7457,150.0822,-0.8,1,,shallow_preferred,-2.2364354533509463,2017,leave_event_out,50.0
2017,John Brewer,-18.6189,147.0813,-0.19977371658930343,2,4.0,shallow_preferred,-1.0745642326387077,2017,leave_event_out,50.0
2017,Knife Reef,-18.5711,147.5772,-4.635100374605694,1,,all_available,-1.4861287467436737,2017,leave_event_out,50.0
2017,Kubin Island,-10.2388,142.2176,-0.1928151333613488,1,,all_available,0.3345868858057609,2017,leave_event_out,50.0
2017,Lady Elliot Reef,-18.6798,146.3325,5.367763141106728,1,,shallow_preferred,0.04851254768001064,2017,leave_event_out,50.0
2017,Lady Musgrave,-23.8884,152.422,-1.75598395577755,1,,shallow_preferred,-0.3979502231276075,2017,leave_event_out,50.0
2017,Langford Island,-20.0877,148.8848,-1.0806375377260815,1,,shallow_preferred,-0.1822993899333827,2017,leave_event_out,50.0
2017,Linnet Reef,-14.7852,145.3554,3.206928576833631,1,,all_available,0.5102284544626259,2017,leave_event_out,50.0
2017,Lizard Island,-14.6884,145.4422,3.4645279972952707,1,,shallow_preferred,0.08472183600247826,2017,leave_event_out,50.0
2017,Low Isles,-16.3831,145.5619,2.0405781380827364,1,,shallow_preferred,1.356216697912391,2017,leave_event_out,50.0
2017,Macgillivray,-14.6485,145.4915,-0.9683515096486346,1,,all_available,-0.13917363271663094,2017,leave_event_out,50.0
2017,Mackay Reef,-16.0399,145.6506,2.2522848881274307,1,,shallow_preferred,0.8509746647322344,2017,leave_event_out,50.0
2017,Manning Island,-23.854,151.3533,3.6855037764959153,1,2.0,shallow_preferred,1.721524248776902,2017,leave_event_out,50.0
2017,Martin,-14.7553,145.3722,2.925004485266232,1,,all_available,0.43800699501053864,2017,leave_event_out,50.0
2017,Mast Head Reef,-23.5341,151.7497,0.2643198653873018,1,,all_available,0.19116152109941814,2017,leave_event_out,50.0
2017,McCulloch Reef,-17.2834,146.4777,1.6562348400435951,1,,shallow_preferred,0.03857511631466229,2017,leave_event_out,50.0
2017,Michaelmas Reef,-16.5528,146.0454,2.5909335644133407,1,,shallow_preferred,0.5126586898248571,2017,leave_event_out,50.0
2017,Moore Reef,-16.8519,146.2336,-0.1839636080845217,1,,shallow_preferred,0.3987938391010363,2017,leave_event_out,50.0
2017,No Name,-14.6279,145.6453,-6.923401607784927,1,,all_available,-0.4095257652136336,2017,leave_event_out,50.0
2017,North Direction Island,-14.7435,145.5136,1.654546928877684,1,,shallow_preferred,0.043637059238136766,2017,leave_event_out,50.0
2017,North Keppel Island,-23.0864,150.9052,1.558054564812532,1,,shallow_preferred,0.5239124146763636,2017,leave_event_out,50.0
2017,North Reef,-23.1775,151.9041,-1.6125873014673375,1,5.5,shallow_preferred,-0.3916838709443977,2017,leave_event_out,50.0
2017,Northeast Reef,-18.5718,146.4947,1.081957224109642,1,2.0,shallow_preferred,-0.23228224005906917,2017,leave_event_out,50.0
2017,One Tree Island,-23.4833,152.0739,-2.369160070150796,3,,all_available,-0.4512518552290601,2017,leave_event_out,50.0
2017,Opal Reef,-16.2042,145.9005,4.085801976706115,1,,shallow_preferred,0.4464086982553709,2017,leave_event_out,50.0
2017,Orpheus Island,-18.601750000000003,146.48829999999998,0.5985243157258839,2,,all_available,-0.20330763091298804,2017,leave_event_out,50.0
2017,Pandora Reef,-18.8164,146.4341,0.4563194908363481,1,,shallow_preferred,0.13183529974178956,2017,leave_event_out,50.0
2017,Peak Island,-23.3413,150.9369,2.5338963002932164,1,,shallow_preferred,0.7675822855815647,2017,leave_event_out,50.0
2017,Peart Reef,-17.4676,146.402,0.2564586963575834,1,,shallow_preferred,0.206033269247591,2017,leave_event_out,50.0
2017,Pelican Island,-23.2397,150.8742,5.076861281952688,1,,shallow_preferred,0.6548179651146538,2017,leave_event_out,50.0
2017,Pelorus Island,-18.5406,146.4888,0.2443588332417867,1,,shallow_preferred,-0.25787704022720637,2017,leave_event_out,50.0
2017,Penrith Reef,-21.0032,149.8875,-3.2164805609812284,1,,all_available,-0.864408238778902,2017,leave_event_out,50.0
2017,Pine Island,-20.378,148.8884,2.267680691159056,1,,shallow_preferred,0.8444227770566867,2017,leave_event_out,50.0
2017,Pompey Reef (No 1),-20.9201,150.5582,-1.4256318177575098,1,,shallow_preferred,-0.7115747689478248,2017,leave_event_out,50.0
2017,Rat Island,-23.767,151.3185,5.937374202789373,1,,shallow_preferred,1.8179060601940547,2017,leave_event_out,50.0
2017,Rebe Reef,-19.795,150.1499,-3.61,1,,shallow_preferred,-2.4325606684938954,2017,leave_event_out,50.0
2017,Repulse,-20.5779,148.8625,-1.5644129148914745,1,,all_available,0.96525849967172,2017,leave_event_out,50.0
2017,Rib Reef,-18.473,146.8774,-0.4027165745273926,1,9.4,shallow_preferred,-0.8707425760199542,2017,leave_event_out,50.0
2017,Seaforth Island,-20.4685,149.0389,1.416027765909833,1,,shallow_preferred,0.8639664521716461,2017,leave_event_out,50.0
2017,Seal Rocks North,-23.9583,151.4849,3.70408024696868,1,,shallow_preferred,1.5689336963103895,2017,leave_event_out,50.0
2017,Shute and Tancred Islands,-20.3009,148.7983,1.4164816374178564,2,3.6,shallow_preferred,0.41123248831323544,2017,leave_event_out,50.0
2017,Small Lagoon Reef,-21.8678,152.5239,0.6451005694404068,1,,shallow_preferred,-0.2602205506880896,2017,leave_event_out,50.0
2017,Snake Reef,-22.0232,152.1928,-1.8438006949277133,1,,shallow_preferred,-0.1825936995145523,2017,leave_event_out,50.0
2017,Snapper Island North,-16.2924,145.4969,4.04035081925011,1,,shallow_preferred,1.4898600696478967,2017,leave_event_out,50.0
2017,St Crispin Reef,-16.0733,145.8438,0.1684520194030891,1,,shallow_preferred,0.349387231000501,2017,leave_event_out,50.0
2017,Taylor Reef,-17.8121,146.5703,0.914864962408548,1,,shallow_preferred,0.8548325626021612,2017,leave_event_out,50.0
2017,Tern Reef,-20.9023,150.0264,-1.4831185058775374,1,,shallow_preferred,-0.910359860261078,2017,leave_event_out,50.0
2017,Thetford Reef,-16.7995,146.1951,0.2855790394732214,1,,shallow_preferred,0.5462877883755942,2017,leave_event_out,50.0
2017,Tryon Island,-23.2457,151.7739,0.2693227123175901,1,,shallow_preferred,-0.233028267016786,2017,leave_event_out,50.0
2017,Turner Cay,-21.7031,152.5605,-0.9409643198063032,1,,all_available,-0.4944671635134101,2017,leave_event_out,50.0
2017,Twin Island,-10.4629,142.4358,0.144507896456286,1,,shallow_preferred,0.3677639209624299,2017,leave_event_out,50.0
2017,Warraber Island,-10.200800000000001,142.81900000000002,-0.5776570387070736,2,1.2,shallow_preferred,-0.29553299809086053,2017,leave_event_out,50.0
2017,Willis Island,-16.288,149.96345,-0.004634673557972757,2,,shallow_preferred,-5.721833919870693,2017,leave_event_out,50.0
2017,Woiz Reef,-10.1744,143.2264,-0.0823360794803385,1,,shallow_preferred,0.008082258199234707,2017,leave_event_out,50.0
2017,Yonge Reef,-14.5731,145.6147,-1.6965574448576124,1,,shallow_preferred,-0.4117985430677795,2017,leave_event_out,50.0
2020,19-131 Reef,-19.7641,149.3786,2.681231950161008,1,,shallow_preferred,-0.5916412693827557,2020,leave_event_out,50.0
2020,19-138 Reef,-19.8024,149.4199,-0.2586793278278807,1,,shallow_preferred,-0.6025857277335054,2020,leave_event_out,50.0
2020,20-104 Reef,-20.0286,149.6933,1.3679715009030966,1,,shallow_preferred,-0.8641251624336423,2020,leave_event_out,50.0
2020,21-062 Reef,-21.0266,150.8538,-0.2332874208135233,1,,all_available,-1.0281660906325785,2020,leave_event_out,50.0
2020,21-187 Reef,-21.4072,151.6414,0.8718928705099143,1,,shallow_preferred,-0.4502079844348189,2020,leave_event_out,50.0
2020,21-245 Reef,-21.2965,152.4465,-0.4331639766129953,1,,all_available,-0.6125708087352223,2020,leave_event_out,50.0
2020,21-296 Reef,-21.3297,152.5636,-0.338299175268177,1,,shallow_preferred,-0.7152946434825284,2020,leave_event_out,50.0
2020,21-550 Reef,-21.9471,152.3069,0.2899349813298437,1,,shallow_preferred,-0.21636385366290342,2020,leave_event_out,50.0
2020,Agincourt Reef Number 1,-16.0398,145.8652,-6.3761235901028375,1,,shallow_preferred,0.5620029142011098,2020,leave_event_out,50.0
2020,Aquila Island,-21.9611,149.5816,1.900201645273785,1,,shallow_preferred,0.17627397239796022,2020,leave_event_out,50.0
2020,Arlington Reef,-16.6461,146.1107,-0.5133974087988227,1,,all_available,0.825349428745572,2020,leave_event_out,50.0
2020,Barren Island,-23.1578,151.0707,-1.7387467211694982,1,,shallow_preferred,0.785462519077846,2020,leave_event_out,50.0
2020,Bedarra Island,-18.0094,146.148,4.73335811084036,1,,shallow_preferred,0.5217474376974047,2020,leave_event_out,50.0
2020,Cattle Bay,-18.5691,146.4823,-2.477269859827372,1,,shallow_preferred,0.013255436627580351,2020,leave_event_out,50.0
2020,Centipede Reef,-18.7341,147.5522,-0.5921616319662082,1,,shallow_preferred,-1.6972461376977521,2020,leave_event_out,50.0
2020,Chicken Reef,-18.6534,147.7199,-1.3399441724789538,1,,shallow_preferred,-1.781062952709347,2020,leave_event_out,50.0
2020,Chinaman Reef,-21.9973,152.664,0.3270784856057034,1,2.5,shallow_preferred,-0.2065653662990599,2020,leave_event_out,50.0
2020,Curd Reef,-12.5853,143.5112,4.110928124208211,1,,shallow_preferred,-2.6496497405953066,2020,leave_event_out,50.0
2020,Davies Reef,-18.8065,147.6688,-1.096379040767636,1,,shallow_preferred,-1.748111370954975,2020,leave_event_out,50.0
2020,Daydream Island,-20.2557,148.8122,0.6551431759961712,1,,shallow_preferred,0.6153674921218799,2020,leave_event_out,50.0
2020,Dent Island,-20.345,148.9382,2.420851269963028,1,,shallow_preferred,0.7779567446156946,2020,leave_event_out,50.0
2020,Dip Reef,-18.3999,147.4519,-3.5408187431900267,1,,all_available,-1.813714749112892,2020,leave_event_out,50.0
2020,Double Cone,-20.1046,148.7218,-0.2069540241686525,1,,shallow_preferred,0.25216735571283394,2020,leave_event_out,50.0
2020,Dugong Island,-10.518,143.0997,-1.334900480255203,1,,shallow_preferred,-0.7392385691033292,2020,leave_event_out,50.0
2020,Dunk Island,-17.9263,146.1461,4.646749671684462,1,,shallow_preferred,0.5014029547963486,2020,leave_event_out,50.0
2020,East Cay,-21.4727,152.5662,-1.3561652153503905,1,,shallow_preferred,-0.5973765162603849,2020,leave_event_out,50.0
2020,Erskine Island,-23.4993,151.7749,0.6358016707944536,1,,shallow_preferred,0.29868535927446893,2020,leave_event_out,50.0
2020,Farquharson Reef,-17.79,146.5315,1.6638072792425138,1,,shallow_preferred,0.6580460007484422,2020,leave_event_out,50.0
2020,Feather Reef,-17.519,146.3887,1.2824785990351666,1,,shallow_preferred,0.10598966555815821,2020,leave_event_out,50.0
2020,Fitzroy Island,-16.9233,145.9963,3.912260745858256,1,,shallow_preferred,0.5622622502383624,2020,leave_event_out,50.0
2020,Flinders Reef,-17.71485,148.44805,-0.7344176355788066,2,,shallow_preferred,-0.40166010526469675,2020,leave_event_out,50.0
2020,Frankland Islands,-17.227,146.0904,1.7410113732625885,1,,shallow_preferred,0.011124219365337,2020,leave_event_out,50.0
2020,Gannet Cay Reef,-21.9758,152.4797,-0.4839372673882147,1,,all_available,-0.21520304050530484,2020,leave_event_out,50.0
2020,Geoffrey Bay,-19.1548,146.8685,5.872039081989005,1,,shallow_preferred,1.22806038114139,2020,leave_event_out,50.0
2020,"Green Island, Qld",-16.7583,145.97,4.1304421271126,1,,shallow_preferred,0.7225050845188639,2020,leave_event_out,50.0
2020,Grub Reef,-18.6214,147.433,-1.9438025416596412,1,,shallow_preferred,-1.671966014812272,2020,leave_event_out,50.0
2020,Hastings Reef,-16.5013,146.017,-0.6945687193633798,1,,shallow_preferred,0.8928513168711112,2020,leave_event_out,50.0
2020,Havannah Island,-18.8472,146.5428,1.5996019487396875,1,,shallow_preferred,0.28325837413618776,2020,leave_event_out,50.0
2020,Hayman Island,-20.0572,148.8997,-1.086136790930217,1,,all_available,0.13194692342145609,2020,leave_event_out,50.0
2020,Hedley Reef,-17.2235,146.4754,2.2332465574489904,1,,shallow_preferred,0.0954408509837387,2020,leave_event_out,50.0
2020,Helix Reef,-18.6203,147.2958,-0.0315414839450269,1,,shallow_preferred,-1.5552153567969353,2020,leave_event_out,50.0
2020,Henderson Island,-21.4856,149.9091,1.195587940616754,1,,all_available,-0.5054162575954864,2020,leave_event_out,50.0
2020,Heron Island,-23.4384,151.9182,-0.1325011480103937,1,,shallow_preferred,0.22851967934919834,2020,leave_event_out,50.0
2020,High Island,-17.1622,146.007,-4.069798420007173,1,,shallow_preferred,0.2014679140659901,2020,leave_event_out,50.0
2020,Hook Island,-20.1681,148.8871,-3.7770271771735215,1,,shallow_preferred,0.2103106145581976,2020,leave_event_out,50.0
2020,Horseshoe Reef,-22.0227,152.6166,0.5820267758588589,1,,shallow_preferred,-0.20725771518733596,2020,leave_event_out,50.0
2020,Humpy Island,-23.2162,150.9638,-0.1949930341297481,1,,shallow_preferred,0.9356220102461962,2020,leave_event_out,50.0
2020,John Brewer,-18.619,147.0811,0.1904078716576975,1,,shallow_preferred,-1.196002828331256,2020,leave_event_out,50.0
2020,Kelso Reef,-18.4448,146.9933,-2.390825026230913,1,,shallow_preferred,-0.9615028111826802,2020,leave_event_out,50.0
2020,Knife Reef,-18.572,147.5759,-0.8337973625298156,1,,shallow_preferred,-1.859528840099775,2020,leave_event_out,50.0
2020,Lady Elliot Reef,-18.6798,146.3325,7.410464728408286,1,,shallow_preferred,0.2281801626478315,2020,leave_event_out,50.0
2020,Lady Musgrave,-23.8884,152.422,-2.2420646583098907,1,,shallow_preferred,-0.37849437362425387,2020,leave_event_out,50.0
2020,Lagoon Reef,-12.3923,143.74,-1.526612835689486,1,,shallow_preferred,-2.88681321363579,2020,leave_event_out,50.0
2020,Lizard Island,-14.68796,145.45285,0.4795624356526891,2,0.6,shallow_preferred,0.18509462630747364,2020,leave_event_out,50.0
2020,Low Isles,-16.3831,145.5619,1.407814282110004,1,,shallow_preferred,1.5520828572156868,2020,leave_event_out,50.0
2020,Macgillivray,-14.6485,145.4915,-4.299430568059551,1,,all_available,-0.011447409645921863,2020,leave_event_out,50.0
2020,Mackay Reef,-16.0399,145.6506,2.2648477201922943,1,,shallow_preferred,1.0783877530797443,2020,leave_event_out,50.0
2020,Manning Island,-23.854,151.3533,2.9522047055525817,1,,shallow_preferred,2.1876734064084826,2020,leave_event_out,50.0
2020,Martin,-14.7553,145.3722,1.2220278261895885,1,,all_available,0.5547167046203803,2020,leave_event_out,50.0
2020,Mast Head Reef,-23.5341,151.7497,1.3050274284054115,1,,all_available,0.5688585604411966,2020,leave_event_out,50.0
2020,McCulloch Reef,-17.2834,146.4777,2.116830558170516,1,,shallow_preferred,0.007793640530329155,2020,leave_event_out,50.0
2020,Michaelmas Reef,-16.5528,146.0454,1.1469479944542602,1,,shallow_preferred,0.8934641462798069,2020,leave_event_out,50.0
2020,Moore Reef,-16.8519,146.2336,1.5139498544599743,1,,shallow_preferred,0.5263993074153733,2020,leave_event_out,50.0
2020,Moore Reef-Coral Sea,-15.8866,149.1516,-4.987052573988572,1,,shallow_preferred,-1.7027416271663376,2020,leave_event_out,50.0
2020,Myrmidon Reef,-18.2585,147.3814,-0.6244883420862655,1,,shallow_preferred,-1.695417350132765,2020,leave_event_out,50.0
2020,No Name,-14.6308,145.6418,-4.310231988865706,1,,shallow_preferred,-0.3751316538018451,2020,leave_event_out,50.0
2020,North Direction Island,-14.7435,145.5136,-6.57,1,,shallow_preferred,0.17718293521962897,2020,leave_event_out,50.0
2020,North Keppel Island,-23.0864,150.9052,-0.0437870365482258,1,,shallow_preferred,0.8884444659804506,2020,leave_event_out,50.0
2020,North Reef,-23.1755,151.9086,0.0,1,,all_available,-0.07749269413727858,2020,leave_event_out,50.0
2020,Northeast Reef,-18.5718,146.4947,-2.2315763578432497,1,,shallow_preferred,0.010488546080626313,2020,leave_event_out,50.0
2020,Nth Barnards (Jesse Is),-17.6722,146.1742,5.556803929865103,1,,shallow_preferred,0.16823877145205426,2020,leave_event_out,50.0
2020,One Tree Island,-23.4833,152.0739,-3.1230587818809963,3,,all_available,-0.1944694444158216,2020,leave_event_out,50.0
2020,Opal Reef,-16.2042,145.9005,-0.7276474892046885,1,,shallow_preferred,0.8638145681480099,2020,leave_event_out,50.0
2020,Pandora Reef,-18.8164,146.4341,2.415483371564374,1,,shallow_preferred,0.2674058598594082,2020,leave_event_out,50.0
2020,Peak Island,-23.3413,150.9369,2.0302291152499343,1,,shallow_preferred,1.037365645163312,2020,leave_event_out,50.0
2020,Peart Reef,-17.4676,146.402,1.027260252243318,1,,shallow_preferred,0.07679513159087262,2020,leave_event_out,50.0
2020,Pelican Island,-23.2397,150.8742,2.036700049354229,1,,shallow_preferred,0.9974744038706139,2020,leave_event_out,50.0
2020,Pelorus Island,-18.5406,146.4888,-3.0800208505562527,1,,shallow_preferred,0.001476538013575056,2020,leave_event_out,50.0
2020,Penrith Reef,-21.0036,149.8882,-1.0546015138842613,1,,shallow_preferred,-1.2610814761946039,2020,leave_event_out,50.0
2020,Pine Island,-20.378,148.8884,1.9326931379161556,1,,shallow_preferred,0.790988015763966,2020,leave_event_out,50.0
2020,Pine Peak Island,-21.5145,150.2515,0.6812159480858444,1,,shallow_preferred,-0.6917948075303276,2020,leave_event_out,50.0
2020,Pompey Reef (No 1),-20.9201,150.5582,-0.0615643802336514,1,,shallow_preferred,-1.1212533604542854,2020,leave_event_out,50.0
2020,Rat Island,-23.767,151.3185,4.032971175530797,1,,shallow_preferred,2.2074579886194408,2020,leave_event_out,50.0
2020,Rebe Reef,-19.795,150.1499,-6.47,1,,shallow_preferred,-2.0766261851482386,2020,leave_event_out,50.0
2020,Repulse,-20.5779,148.8625,3.481321265505569,1,,all_available,0.6072290082294637,2020,leave_event_out,50.0
2020,Rib Reef,-18.473,146.8774,0.4080477107976641,1,,shallow_preferred,-0.5246405066332386,2020,leave_event_out,50.0
2020,Roxburgh Reef,-18.4321,147.0563,-3.331693297466966,1,,shallow_preferred,-1.2551721222127397,2020,leave_event_out,50.0
2020,Sand Bank No7,-13.4363,143.9722,-6.03,1,,shallow_preferred,-3.1796758108582,2020,leave_event_out,50.0
2020,Seaforth Island,-20.4685,149.0389,2.016782735515747,1,,shallow_preferred,0.7331106647422082,2020,leave_event_out,50.0
2020,Seal Rocks North,-23.9583,151.4849,2.838999863593152,1,,shallow_preferred,1.9063986998673206,2020,leave_event_out,50.0
2020,Shute and Tancred Islands,-20.3009,148.7983,1.348653458250242,1,,shallow_preferred,0.6676550090886559,2020,leave_event_out,50.0
2020,Small Lagoon Reef,-21.8678,152.5239,2.2234787121065374,1,,shallow_preferred,-0.2289667413961048,2020,leave_event_out,50.0
2020,Snake Reef,-22.0232,152.1928,-0.0755047190480606,1,,shallow_preferred,-0.2320679476854791,2020,leave_event_out,50.0
2020,Snapper Island North,-16.2924,145.4969,5.115966535074563,1,,shallow_preferred,1.6453602710699176,2020,leave_event_out,50.0
2020,St Crispin Reef,-16.0733,145.8438,88.25537843400438,1,,shallow_preferred,0.6498167242545047,2020,leave_event_out,50.0
2020,Taylor Reef,-17.8121,146.5703,0.3831780430515588,1,,shallow_preferred,0.6741058647659678,2020,leave_event_out,50.0
2020,Tern Reef,-20.9023,150.0264,-1.0741594610218153,1,,shallow_preferred,-1.273282951284533,2020,leave_event_out,50.0
2020,Thetford Reef,-16.7995,146.1951,1.1996534608867409,1,,shallow_preferred,0.7284215305107432,2020,leave_event_out,50.0
2020,Tryon Island,-23.2457,151.7739,-3.263919477013788,1,,shallow_preferred,0.25242180650289037,2020,leave_event_out,50.0
2020,Tuesday,-10.5519,142.3265,2.989141947783424,1,,shallow_preferred,-0.1368745964289187,2020,leave_event_out,50.0
2020,Turner Cay,-21.7031,152.5605,-1.2722601282566712,1,,all_available,-0.4679533393411871,2020,leave_event_out,50.0
2020,Tydeman Cay,-13.9715,144.5017,-5.401408447634655,2,2.6,shallow_preferred,-1.4344335728936106,2020,leave_event_out,50.0
2020,Warraber Island,-10.2007,142.8189,1.78781952851811,1,,all_available,-0.7341947770272985,2020,leave_event_out,50.0
2020,Willis Island,-16.28805,149.9634,-5.210242417599298,2,,shallow_preferred,-4.419362201563728,2020,leave_event_out,50.0
2020,Woiz Reef,-10.1744,143.2264,1.1404435733747071,1,,shallow_preferred,-0.5363875841460408,2020,leave_event_out,50.0
2020,Yonge Reef,-14.57695,145.61415,-4.376788490280496,2,,shallow_preferred,-0.4229107701913929,2020,leave_event_out,50.0
2022,19-131 Reef,-19.7641,149.3786,-2.3785906080173893,1,,shallow_preferred,-0.20170432165628968,2022,leave_event_out,50.0
2022,19-159 Reef,-19.6628,149.9152,-4.44,1,,all_available,-1.4135434549465586,2022,leave_event_out,50.0
2022,21-062 Reef,-21.0266,150.8538,-1.045948682836028,1,,all_available,-0.8021566124816252,2022,leave_event_out,50.0
2022,21-139 Reef,-21.4552,151.4654,-0.4091454128263019,1,,shallow_preferred,-0.39847071907784387,2022,leave_event_out,50.0
2022,21-187 Reef,-21.4072,151.6414,-0.083471493881662,1,,shallow_preferred,-0.4142240337151978,2022,leave_event_out,50.0
2022,21-245 Reef,-21.2965,152.4465,-0.4454734262389186,1,,all_available,-0.4885271064989203,2022,leave_event_out,50.0
2022,21-296 Reef,-21.3283,152.5656,-1.4652746991282903,1,,all_available,-0.5747682500694116,2022,leave_event_out,50.0
2022,21-550 Reef,-21.9471,152.3069,-0.0034301923432069,1,,shallow_preferred,-0.16979714186007291,2022,leave_event_out,50.0
2022,Agincourt Reef Number 1,-16.0398,145.8652,-2.651844619931497,1,,shallow_preferred,0.3258863183109503,2022,leave_event_out,50.0
2022,Aquila Island,-21.9611,149.5816,1.9098567453975277,1,,shallow_preferred,0.3264005368045316,2022,leave_event_out,50.0
2022,Arlington Reef,-16.6461,146.1107,-0.5367593562922782,1,,all_available,1.0657403171948814,2022,leave_event_out,50.0
2022,Barren Island,-23.1578,151.0707,-0.3208671857457266,1,,shallow_preferred,0.7509637838493455,2022,leave_event_out,50.0
2022,Bedarra Island,-18.0094,146.148,1.133605519395835,1,,shallow_preferred,1.0781929241164068,2022,leave_event_out,50.0
2022,Cattle Bay,-18.5691,146.4823,-1.4469747705416411,1,,shallow_preferred,0.22964351337308173,2022,leave_event_out,50.0
2022,Chicken Reef,-18.6543,147.7143,-1.4657225110230736,1,,shallow_preferred,-1.3569298586736096,2022,leave_event_out,50.0
2022,Chinaman Reef,-21.9973,152.664,0.1627848857765562,1,,shallow_preferred,-0.15840734958734004,2022,leave_event_out,50.0
2022,Davies Reef,-18.8065,147.6688,-4.097198572006766,1,,shallow_preferred,-1.2331197845487436,2022,leave_event_out,50.0
2022,Daydream Island,-20.2557,148.8122,2.136293212639157,1,,shallow_preferred,0.29823319584074676,2022,leave_event_out,50.0
2022,Dent Island,-20.345,148.9382,1.3304348506075487,1,,shallow_preferred,0.6853494108030457,2022,leave_event_out,50.0
2022,Dip Reef,-18.3999,147.4519,-3.4808544735666334,1,,all_available,-1.5962963173831424,2022,leave_event_out,50.0
2022,Double Cone,-20.1046,148.7218,-1.340713240785889,1,,shallow_preferred,-0.08379841863322082,2022,leave_event_out,50.0
2022,Dugong Island,-10.518,143.0997,-3.104144143713349,1,,shallow_preferred,0.13005140035873825,2022,leave_event_out,50.0
2022,Dunk Island,-17.9263,146.1461,2.6186019242209104,1,,shallow_preferred,0.9965085419428118,2022,leave_event_out,50.0
2022,East Cay,-21.46965,152.56664999999998,-1.408171322422771,2,,all_available,-0.4840634758643222,2022,leave_event_out,50.0
2022,Erskine Island,-23.4993,151.7749,-0.1361484251800034,1,,shallow_preferred,-0.11021876875826911,2022,leave_event_out,50.0
2022,Farquharson Reef,-17.79,146.5315,4.046969595776141,1,,shallow_preferred,0.8875025669816887,2022,leave_event_out,50.0
2022,Feather Reef,-17.519,146.3887,0.6317105884816945,1,,shallow_preferred,0.5827151061068938,2022,leave_event_out,50.0
2022,Fitzroy Island,-16.9233,145.9963,2.65282077204235,1,,shallow_preferred,1.1578074736024322,2022,leave_event_out,50.0
2022,Frankland Islands,-17.227,146.0904,-2.82,1,,shallow_preferred,0.6668171977134093,2022,leave_event_out,50.0
2022,Gannet Cay Reef,-21.9784,152.4742,-0.1507100538374921,1,,shallow_preferred,-0.16940486641510397,2022,leave_event_out,50.0
2022,Geoffrey Bay,-19.1548,146.8685,5.061730904646273,1,,shallow_preferred,1.6475541976546073,2022,leave_event_out,50.0
2022,"Green Island, Qld",-16.7755,145.9803,-0.4121544361777092,1,,all_available,1.178242744246717,2022,leave_event_out,50.0
2022,Havannah Island,-18.8472,146.5428,-7.62,1,,shallow_preferred,0.7509208952376402,2022,leave_event_out,50.0
2022,Hayman Island,-20.0415,148.8819,0.494145963859558,1,,shallow_preferred,-0.21483154644197275,2022,leave_event_out,50.0
2022,Hedley Reef,-17.2235,146.4754,-1.657937384793584,1,,shallow_preferred,0.7102759492869839,2022,leave_event_out,50.0
2022,Helix Reef,-18.6203,147.2958,-1.1398314146952075,1,,shallow_preferred,-1.3039022346465967,2022,leave_event_out,50.0
2022,Henderson Island,-21.4854,149.9096,-0.0543985601681202,1,,shallow_preferred,-0.21009460201744526,2022,leave_event_out,50.0
2022,Heron Island,-23.4384,151.9182,2.1808009517332927,1,,shallow_preferred,-0.2685560934996289,2022,leave_event_out,50.0
2022,High Island,-17.1622,146.007,-2.77,1,,shallow_preferred,0.9270911294179489,2022,leave_event_out,50.0
2022,Hook Island,-20.1681,148.8871,0.2107336087404583,1,,shallow_preferred,-0.1682172472202404,2022,leave_event_out,50.0
2022,Horseshoe Reef,-22.0229,152.6192,0.0112034489833148,1,,all_available,-0.160447298547743,2022,leave_event_out,50.0
2022,Humpy Island,-23.2162,150.9638,0.279434735430043,1,,shallow_preferred,0.9046756339148466,2022,leave_event_out,50.0
2022,John Brewer,-18.619,147.0811,0.4930263576224289,1,,shallow_preferred,-1.0458778318345605,2022,leave_event_out,50.0
2022,Kelso Reef,-18.4448,146.9933,-1.0781514652946915,1,,shallow_preferred,-1.1606345566712368,2022,leave_event_out,50.0
2022,Knife Reef,-18.5711,147.5772,-3.2651574439186666,1,,all_available,-1.4294166762506866,2022,leave_event_out,50.0
2022,Lady Elliot Reef,-18.6798,146.3325,3.8833344612980607,1,,shallow_preferred,0.6093846930220956,2022,leave_event_out,50.0
2022,Lady Musgrave,-23.8896,152.42,-0.47,1,,shallow_preferred,-0.6895267722882685,2022,leave_event_out,50.0
2022,Lagoon Reef,-12.3923,143.74,-4.43344753368639,1,,shallow_preferred,-0.7133941448473957,2022,leave_event_out,50.0
2022,Lizard Island,-14.68995,145.45430850000002,0.01200421625706849,2,5.0,shallow_preferred,0.1346676522693948,2022,leave_event_out,50.0
2022,Low Isles,-16.3831,145.5619,2.007534551996275,1,,shallow_preferred,1.438898164900002,2022,leave_event_out,50.0
2022,Macgillivray,-14.6485,145.4915,-3.113379619347248,1,,all_available,-0.07723844061598775,2022,leave_event_out,50.0
2022,Mackay Reef,-16.0399,145.6506,0.9261292605345348,1,,shallow_preferred,0.9190502634578642,2022,leave_event_out,50.0
2022,Manning Island,-23.854,151.3533,5.309158172425871,1,,shallow_preferred,1.890578947431328,2022,leave_event_out,50.0
2022,Martin,-14.7553,145.3722,1.9154301837787944,1,,all_available,0.5121153389392025,2022,leave_event_out,50.0
2022,Mast Head Reef,-23.5341,151.7497,0.3320649799632625,1,,all_available,0.13515011698357657,2022,leave_event_out,50.0
2022,McCulloch Reef,-17.2834,146.4777,1.0634930497346478,1,,shallow_preferred,0.6879429368124964,2022,leave_event_out,50.0
2022,Myrmidon Reef,-18.25695,147.38115,-2.106265781265818,2,,all_available,-1.471843191398972,2022,leave_event_out,50.0
2022,No Name,-14.6308,145.6418,-1.705695853816663,1,,shallow_preferred,-0.5017618201568169,2022,leave_event_out,50.0
2022,North Direction Island,-14.7435,145.5136,0.7454363748168298,1,,shallow_preferred,0.11292086073179032,2022,leave_event_out,50.0
2022,North Keppel Island,-23.0864,150.9052,-0.7961308644747469,1,,shallow_preferred,0.8517101053214332,2022,leave_event_out,50.0
2022,Northeast Reef,-18.5718,146.4947,0.1769185098647074,1,,shallow_preferred,0.2269769559303059,2022,leave_event_out,50.0
2022,Nth Barnards (Jesse Is),-17.6717,146.1747,1.273264460917427,1,,all_available,0.8325183672859008,2022,leave_event_out,50.0
2022,One Tree Island,-23.4833,152.0739,-0.32,4,,all_available,-0.6824130795485516,2022,leave_event_out,50.0
2022,Pandora Reef,-18.8164,146.4341,-1.3308283189703358,1,,shallow_preferred,0.7095317753514496,2022,leave_event_out,50.0
2022,Peak Island,-23.3413,150.9369,0.5855679313135402,1,,shallow_preferred,1.1220258010589435,2022,leave_event_out,50.0
2022,Peart Reef,-17.4676,146.402,-0.8201420307894405,1,,shallow_preferred,0.5795620353762784,2022,leave_event_out,50.0
2022,Pelican Island,-23.2397,150.8742,2.87801058962431,1,,shallow_preferred,0.9736659696145566,2022,leave_event_out,50.0
2022,Pelorus Island,-18.5406,146.4888,-1.0987203135328016,1,,shallow_preferred,0.19859580775604943,2022,leave_event_out,50.0
2022,Penrith Reef,-21.0036,149.8882,-1.4836345387472027,1,,shallow_preferred,-1.0727775465042828,2022,leave_event_out,50.0
2022,Pine Island,-20.378,148.8884,1.614351045119581,1,,shallow_preferred,0.7153249709171235,2022,leave_event_out,50.0
2022,Pine Peak Island,-21.5145,150.2515,-0.6866243656929498,1,,shallow_preferred,-0.3754478558032788,2022,leave_event_out,50.0
2022,Pompey Reef (No 1),-20.9201,150.5582,-1.631415408490577,1,,shallow_preferred,-0.8552627241266776,2022,leave_event_out,50.0
2022,Rat Island,-23.767,151.3185,6.114287463581379,1,,shallow_preferred,1.993087981981675,2022,leave_event_out,50.0
2022,Rebe Reef,-19.795,150.1499,-5.96,1,,shallow_preferred,-1.8400066538630158,2022,leave_event_out,50.0
2022,Rib Reef,-18.473,146.8774,-3.641424667151929,1,,shallow_preferred,-0.7328169201924696,2022,leave_event_out,50.0
2022,Sand Bank No7,-13.4363,143.9722,-4.078812431810763,1,,shallow_preferred,-3.2389505919555615,2022,leave_event_out,50.0
2022,Seaforth Island,-20.4685,149.0389,1.3896108603220183,1,,shallow_preferred,0.7246260785602543,2022,leave_event_out,50.0
2022,Shute and Tancred Islands,-20.3009,148.7983,1.2805066431930934,1,,shallow_preferred,0.38225435711501593,2022,leave_event_out,50.0
2022,Small Lagoon Reef,-21.8678,152.5239,-0.49,1,,shallow_preferred,-0.16127174709343914,2022,leave_event_out,50.0
2022,Snake Reef,-22.0232,152.1928,0.2680475636644979,1,,shallow_preferred,-0.2045139500494685,2022,leave_event_out,50.0
2022,Snapper Island North,-16.2924,145.4969,4.223499478603828,1,,shallow_preferred,1.5633480082025577,2022,leave_event_out,50.0
2022,St Crispin Reef,-16.0733,145.8438,-0.410183903401097,1,,shallow_preferred,0.4279456308680241,2022,leave_event_out,50.0
2022,Taylor Reef,-17.8121,146.5703,1.8551421834079156,1,,shallow_preferred,0.877502471098567,2022,leave_event_out,50.0
2022,Tern Reef,-20.9023,150.0264,-1.940902751155893,1,,shallow_preferred,-1.048291799176344,2022,leave_event_out,50.0
2022,Thetford Reef,-16.7995,146.1951,0.6869782559540729,1,,shallow_preferred,1.110967584384781,2022,leave_event_out,50.0
2022,Tryon Island,-23.2457,151.7739,0.7394298817738182,1,,shallow_preferred,-0.26802964232702514,2022,leave_event_out,50.0
2022,Turner Cay,-21.7031,152.5605,-1.11,1,,all_available,-0.37178451566751497,2022,leave_event_out,50.0
2022,Tydeman Cay,-13.9715,144.5017,-3.554377203886662,1,,shallow_preferred,-2.037602710533496,2022,leave_event_out,50.0
2022,Warraber Island,-10.2007,142.8189,-3.827378726930228,1,,all_available,0.3537141489886286,2022,leave_event_out,50.0
2022,Woiz Reef,-10.1744,143.2264,-0.5409761267719593,1,,shallow_preferred,0.4255946469107895,2022,leave_event_out,50.0
2024,19-131 Reef,-19.7641,149.3786,-0.6744511753434193,1,,shallow_preferred,-0.04361696403698787,2024,leave_event_out,50.0
2024,19-138 Reef,-19.8024,149.4199,-1.0230412376642537,1,,shallow_preferred,-0.07682424769801371,2024,leave_event_out,50.0
2024,19-159 Reef,-19.6661,149.9146,-7.65684152839136,1,,shallow_preferred,-1.3482691383141687,2024,leave_event_out,50.0
2024,21-062 Reef,-21.0266,150.8538,-1.9333814204583104,1,,all_available,-0.7735310558671722,2024,leave_event_out,50.0
2024,21-139 Reef,-21.4552,151.4654,0.0726746718180955,1,,shallow_preferred,-0.3432259580468816,2024,leave_event_out,50.0
2024,21-187 Reef,-21.4072,151.6414,-0.4103944612504753,1,,shallow_preferred,-0.2807472916271923,2024,leave_event_out,50.0
2024,21-296 Reef,-21.3283,152.5656,-4.404290636113286,1,,all_available,-0.3533198449773288,2024,leave_event_out,50.0
2024,21-550 Reef,-21.9471,152.3069,-6.265088692108982,1,,shallow_preferred,-0.06401158173451318,2024,leave_event_out,50.0
2024,Agincourt Reef Number 1,-16.0398,145.8652,-4.012516339372439,1,,shallow_preferred,0.33029746281768496,2024,leave_event_out,50.0
2024,Aquila Island,-21.9611,149.5816,0.4390047486318469,1,,shallow_preferred,0.5928532141230096,2024,leave_event_out,50.0
2024,Barren Island,-23.1578,151.0707,0.3196292238013338,1,,all_available,0.7513137284745791,2024,leave_event_out,50.0
2024,Bedarra Island,-18.0094,146.148,1.1625144023774636,1,,shallow_preferred,1.4560905490044094,2024,leave_event_out,50.0
2024,Cattle Bay,-18.5691,146.4823,-0.7300712136667187,1,,shallow_preferred,0.2771881309982584,2024,leave_event_out,50.0
2024,Chicken Reef,-18.6543,147.7143,-2.184520626102456,1,,shallow_preferred,-1.234890952495275,2024,leave_event_out,50.0
2024,Chinaman Reef,-21.9973,152.664,-0.5064200122349298,1,,shallow_preferred,-0.08523492810846854,2024,leave_event_out,50.0
2024,Davies Reef,-18.8065,147.6688,-4.23,1,,shallow_preferred,-1.1154279633251942,2024,leave_event_out,50.0
2024,Daydream Island,-20.2557,148.8122,0.6784482753618271,1,,shallow_preferred,0.5489354665624924,2024,leave_event_out,50.0
2024,Dent Island,-20.345,148.9382,2.566522705175249,1,,shallow_preferred,0.8842644340807381,2024,leave_event_out,50.0
2024,Double Cone,-20.1046,148.7218,1.2275266028900518,1,,shallow_preferred,0.17762350775053073,2024,leave_event_out,50.0
2024,Dunk Island,-17.9263,146.1461,1.9648675111953395,1,,shallow_preferred,1.3988428795688093,2024,leave_event_out,50.0
2024,East Cay,-21.4731,152.5661,-2.711257994167201,1,,shallow_preferred,-0.33523407827251095,2024,leave_event_out,50.0
2024,Erskine Island,-23.4993,151.7749,-0.1237739004500273,1,,shallow_preferred,0.37999264959366164,2024,leave_event_out,50.0
2024,Farquharson Reef,-17.79,146.5315,-0.4620728254939896,1,,shallow_preferred,1.2538722274334486,2024,leave_event_out,50.0
2024,Feather Reef,-17.519,146.3887,-0.1261575783816608,1,,shallow_preferred,0.8225632097458336,2024,leave_event_out,50.0
2024,Fitzroy Island,-16.9233,145.9963,2.4398755607444453,1,,shallow_preferred,0.8195203487762437,2024,leave_event_out,50.0
2024,Frankland Islands,-17.227,146.0904,-4.0774689296026985,1,,shallow_preferred,0.4062742988217878,2024,leave_event_out,50.0
2024,Gannet Cay Reef,-21.9784,152.4742,-1.6855877548702187,1,,shallow_preferred,-0.08443848397980312,2024,leave_event_out,50.0
2024,Geoffrey Bay,-19.1548,146.8685,3.1578664283643807,1,,shallow_preferred,1.6546598664073102,2024,leave_event_out,50.0
2024,Havannah Island,-18.8472,146.5428,-2.0044825113156497,1,,shallow_preferred,0.7819600872876219,2024,leave_event_out,50.0
2024,Hayman Island,-20.0572,148.8997,-1.6394145048062023,1,,all_available,0.07459961865376677,2024,leave_event_out,50.0
2024,Helix Reef,-18.6203,147.2958,-2.0171620859266275,1,,shallow_preferred,-1.1507770111411222,2024,leave_event_out,50.0
2024,Henderson Island,-21.4854,149.9096,1.126334270875045,1,,shallow_preferred,-0.22123090266696782,2024,leave_event_out,50.0
2024,Heron Island,-23.4384,151.9182,-0.181553811969767,1,,shallow_preferred,0.3049981316348923,2024,leave_event_out,50.0
2024,High Island,-17.1622,146.007,1.535772150210808,1,,shallow_preferred,0.4769759293575591,2024,leave_event_out,50.0
2024,Hook Island,-20.1681,148.8871,-3.042549039341085,1,,all_available,0.1456411344357695,2024,leave_event_out,50.0
2024,Horseshoe Reef,-22.0227,152.6166,-0.1809719599408747,1,,shallow_preferred,-0.0836230929603091,2024,leave_event_out,50.0
2024,Humpy Island,-23.2162,150.9638,0.6080076396220804,1,,shallow_preferred,0.9234256468682379,2024,leave_event_out,50.0
2024,John Brewer,-18.619,147.0811,-2.873303413257616,1,,shallow_preferred,-0.9177343708674865,2024,leave_event_out,50.0
2024,Kelso Reef,-18.4448,146.9933,-3.000988014471895,1,,shallow_preferred,-1.0069616628244293,2024,leave_event_out,50.0
2024,Knife Reef,-18.5711,147.5772,-4.760525391713829,1,,all_available,-1.300532960541304,2024,leave_event_out,50.0
2024,Lady Elliot Reef,-18.6798,146.3325,2.6642012664764696,1,,shallow_preferred,0.6474627127812193,2024,leave_event_out,50.0
2024,Lady Musgrave,-23.8896,152.42,-1.9318759413607989,1,,shallow_preferred,-0.3458473252726549,2024,leave_event_out,50.0
2024,Lagoon Reef,-12.3926,143.7398,-3.979975825951212,1,,all_available,-0.7643752676783997,2024,leave_event_out,50.0
2024,Lizard Island,-14.68995,145.45430850000002,0.9437563272144394,2,5.0,shallow_preferred,-0.3314321641958414,2024,leave_event_out,50.0
2024,Low Isles,-16.3831,145.5619,3.234717160448197,1,,shallow_preferred,1.2580237830185497,2024,leave_event_out,50.0
2024,Macgillivray,-14.6485,145.4915,0.3334817723541992,1,,all_available,-0.5491162914130729,2024,leave_event_out,50.0
2024,Mackay Reef,-16.0399,145.6506,2.986583602448798,1,,shallow_preferred,0.8285657635262755,2024,leave_event_out,50.0
2024,Manning Island,-23.854,151.3533,0.8688011005989598,1,,shallow_preferred,2.2308621787255345,2024,leave_event_out,50.0
2024,Martin,-14.7553,145.3722,3.8351490990065393,1,,all_available,0.05518837040287935,2024,leave_event_out,50.0
2024,Mast Head Reef,-23.5341,151.7497,0.0469545366380899,1,,all_available,0.6490892673181843,2024,leave_event_out,50.0
2024,Myrmidon Reef,-18.2585,147.3814,-1.772714135542496,1,,shallow_preferred,-1.3525272054683,2024,leave_event_out,50.0
2024,No Name,-14.6308,145.6418,-3.1206719496112054,1,,shallow_preferred,-0.883094996594258,2024,leave_event_out,50.0
2024,North Direction Island,-14.7435,145.5136,5.383649436141575,1,,shallow_preferred,-0.34689287481173453,2024,leave_event_out,50.0
2024,North Keppel Island,-23.0864,150.9052,1.0622295146220626,1,,shallow_preferred,0.8333783552421001,2024,leave_event_out,50.0
2024,Northeast Reef,-18.5718,146.4947,0.4083809324888072,1,,shallow_preferred,0.27428832115618773,2024,leave_event_out,50.0
2024,Nth Barnards (Jesse Is),-17.6717,146.1747,-2.745176977858989,1,,all_available,1.2990006129060692,2024,leave_event_out,50.0
2024,One Tree Island,-23.4833,152.0739,-1.8831180838731818,4,,all_available,-0.14284428482036501,2024,leave_event_out,50.0
2024,Pandora Reef,-18.8164,146.4341,-1.2492841044856169,1,,shallow_preferred,0.7413336552280727,2024,leave_event_out,50.0
2024,Peart Reef,-17.4665,146.4031,-2.1103074542540026,1,,all_available,0.7828359268532562,2024,leave_event_out,50.0
2024,Pelican Island,-23.2397,150.8742,1.3336012499129186,1,,shallow_preferred,1.0165442306067722,2024,leave_event_out,50.0
2024,Pelorus Island,-18.5406,146.4888,-4.99468701852191,1,,shallow_preferred,0.2604767717970395,2024,leave_event_out,50.0
2024,Penrith Reef,-21.0036,149.8882,-8.25,1,,shallow_preferred,-0.9095509993652726,2024,leave_event_out,50.0
2024,Pine Island,-20.378,148.8884,2.039983382562866,1,,shallow_preferred,0.9124624034668126,2024,leave_event_out,50.0
2024,Pine Peak Island,-21.5145,150.2515,-0.7875008679016648,1,,shallow_preferred,-0.3538978575340487,2024,leave_event_out,50.0
2024,Rat Island,-23.767,151.3185,5.273399331924637,1,,shallow_preferred,2.2466698907435068,2024,leave_event_out,50.0
2024,Rebe Reef,-19.795,150.1499,-8.971298792288794,1,,shallow_preferred,-1.766248653729923,2024,leave_event_out,50.0
2024,Rib Reef,-18.473,146.8774,-0.7957262887094778,1,,shallow_preferred,-0.5711738675756945,2024,leave_event_out,50.0
2024,Sand Bank No7,-13.4363,143.9722,-6.256932822483051,1,,shallow_preferred,-2.7702453484282255,2024,leave_event_out,50.0
2024,Seaforth Island,-20.4685,149.0389,1.0099774032713746,1,,all_available,0.890373360075747,2024,leave_event_out,50.0
2024,Seal Rocks North,-23.9583,151.4849,3.263794696516893,1,,shallow_preferred,1.8927737055942102,2024,leave_event_out,50.0
2024,Shute and Tancred Islands,-20.3009,148.7983,1.6179930495016066,1,,shallow_preferred,0.6013596479463099,2024,leave_event_out,50.0
2024,Snake Reef,-22.0232,152.1928,-1.1544690991552988,1,,shallow_preferred,-0.05023363032953703,2024,leave_event_out,50.0
2024,Snapper Island North,-16.2924,145.4969,7.4435563247489664,1,,shallow_preferred,1.3806993822299591,2024,leave_event_out,50.0
2024,St Crispin Reef,-16.0733,145.8438,-2.0280244486688037,1,,shallow_preferred,0.4150188879003987,2024,leave_event_out,50.0
2024,Taylor Reef,-17.8121,146.5703,-0.1915376615305835,1,,shallow_preferred,1.2492609791363964,2024,leave_event_out,50.0
2024,Tern Reef,-20.9023,150.0264,-3.845918940878663,1,,shallow_preferred,-0.9531051673342565,2024,leave_event_out,50.0
2024,Thetford Reef,-16.7995,146.1951,1.199482382797532,1,,shallow_preferred,0.8062560257940548,2024,leave_event_out,50.0
2024,Tryon Island,-23.2457,151.7739,-1.813614176405533,1,,shallow_preferred,0.3506047595682858,2024,leave_event_out,50.0
2024,Turner Cay,-21.7031,152.5605,-2.5344971807506527,1,,all_available,-0.2631826945060737,2024,leave_event_out,50.0
2024,Willis Island,-16.2897,149.9649,-13.17,1,,shallow_preferred,-1.8323012732214494,2024,leave_event_out,50.0
2024,Yonge Reef,-14.5731,145.6147,-1.8594030718308463,1,,shallow_preferred,-0.9088678800858755,2024,leave_event_out,50.0
2016,19-131 Reef,-19.7641,149.3786,2.4881428483989625,1,,shallow_preferred,-0.770288263115959,19-131 Reef,leave_site_out,50.0
2017,19-131 Reef,-19.7641,149.3786,0.1648669316651334,1,,shallow_preferred,-0.770288263115959,19-131 Reef,leave_site_out,50.0
2020,19-131 Reef,-19.7641,149.3786,2.681231950161008,1,,shallow_preferred,-0.770288263115959,19-131 Reef,leave_site_out,50.0
2022,19-131 Reef,-19.7641,149.3786,-2.3785906080173893,1,,shallow_preferred,-0.770288263115959,19-131 Reef,leave_site_out,50.0
2024,19-131 Reef,-19.7641,149.3786,-0.6744511753434193,1,,shallow_preferred,-0.770288263115959,19-131 Reef,leave_site_out,50.0
2016,19-138 Reef,-19.8024,149.4199,1.615120950831018,1,,shallow_preferred,-0.6068843195962587,19-138 Reef,leave_site_out,50.0
2017,19-138 Reef,-19.8024,149.4199,-0.6955989138045973,1,,shallow_preferred,-0.6068843195962587,19-138 Reef,leave_site_out,50.0
2020,19-138 Reef,-19.8024,149.4199,-0.2586793278278807,1,,shallow_preferred,-0.6068843195962587,19-138 Reef,leave_site_out,50.0
2024,19-138 Reef,-19.8024,149.4199,-1.0230412376642537,1,,shallow_preferred,-0.6068843195962587,19-138 Reef,leave_site_out,50.0
2016,19-159 Reef,-19.6661,149.9146,-3.01,1,,shallow_preferred,-1.3285819286945737,19-159 Reef,leave_site_out,50.0
2017,19-159 Reef,-19.6661,149.9146,-0.47,1,,shallow_preferred,-1.3285819286945737,19-159 Reef,leave_site_out,50.0
2022,19-159 Reef,-19.6628,149.9152,-4.44,1,,all_available,-1.329698502067583,19-159 Reef,leave_site_out,50.0
2024,19-159 Reef,-19.6661,149.9146,-7.65684152839136,1,,shallow_preferred,-1.3285819286945737,19-159 Reef,leave_site_out,50.0
2016,20-104 Reef,-20.0286,149.6933,1.2862792410082275,1,,shallow_preferred,-1.1814555943709186,20-104 Reef,leave_site_out,50.0
2017,20-104 Reef,-20.0286,149.6933,-0.2948143010351345,1,,shallow_preferred,-1.1814555943709186,20-104 Reef,leave_site_out,50.0
2020,20-104 Reef,-20.0286,149.6933,1.3679715009030966,1,,shallow_preferred,-1.1814555943709186,20-104 Reef,leave_site_out,50.0
2016,21-062 Reef,-21.028,150.8534,-0.47,1,,shallow_preferred,-0.7815389886092513,21-062 Reef,leave_site_out,50.0
2017,21-062 Reef,-21.028,150.8534,-1.3030360356554327,1,,shallow_preferred,-0.7815389886092513,21-062 Reef,leave_site_out,50.0
2020,21-062 Reef,-21.0266,150.8538,-0.2332874208135233,1,,all_available,-0.7818674239902118,21-062 Reef,leave_site_out,50.0
2022,21-062 Reef,-21.0266,150.8538,-1.045948682836028,1,,all_available,-0.7818674239902118,21-062 Reef,leave_site_out,50.0
2024,21-062 Reef,-21.0266,150.8538,-1.9333814204583104,1,,all_available,-0.7818674239902118,21-062 Reef,leave_site_out,50.0
2016,21-139 Reef,-21.4552,151.4654,-0.64,1,,shallow_preferred,-0.4296494066303607,21-139 Reef,leave_site_out,50.0
2017,21-139 Reef,-21.4552,151.4654,-0.8370985853263284,1,,shallow_preferred,-0.4296494066303607,21-139 Reef,leave_site_out,50.0
2022,21-139 Reef,-21.4552,151.4654,-0.4091454128263019,1,,shallow_preferred,-0.4296494066303607,21-139 Reef,leave_site_out,50.0
2024,21-139 Reef,-21.4552,151.4654,0.0726746718180955,1,,shallow_preferred,-0.4296494066303607,21-139 Reef,leave_site_out,50.0
2016,21-187 Reef,-21.4072,151.6414,-0.31,1,,shallow_preferred,-0.4960938845028953,21-187 Reef,leave_site_out,50.0
2017,21-187 Reef,-21.4072,151.6414,-0.6164626088503855,1,,shallow_preferred,-0.4960938845028953,21-187 Reef,leave_site_out,50.0
2020,21-187 Reef,-21.4072,151.6414,0.8718928705099143,1,,shallow_preferred,-0.4960938845028953,21-187 Reef,leave_site_out,50.0
2022,21-187 Reef,-21.4072,151.6414,-0.083471493881662,1,,shallow_preferred,-0.4960938845028953,21-187 Reef,leave_site_out,50.0
2024,21-187 Reef,-21.4072,151.6414,-0.4103944612504753,1,,shallow_preferred,-0.4960938845028953,21-187 Reef,leave_site_out,50.0
2016,21-245 Reef,-21.298,152.4425,0.0,1,,shallow_preferred,-0.6488066654959157,21-245 Reef,leave_site_out,50.0
2017,21-245 Reef,-21.298,152.4425,0.0679673369730013,1,,shallow_preferred,-0.6488066654959157,21-245 Reef,leave_site_out,50.0
2020,21-245 Reef,-21.2965,152.4465,-0.4331639766129953,1,,all_available,-0.651019731736176,21-245 Reef,leave_site_out,50.0
2022,21-245 Reef,-21.2965,152.4465,-0.4454734262389186,1,,all_available,-0.651019731736176,21-245 Reef,leave_site_out,50.0
2020,21-296 Reef,-21.3297,152.5636,-0.338299175268177,1,,shallow_preferred,-0.42470087063641526,21-296 Reef,leave_site_out,50.0
2022,21-296 Reef,-21.3283,152.5656,-1.4652746991282903,1,,all_available,-0.4245791453663681,21-296 Reef,leave_site_out,50.0
2024,21-296 Reef,-21.3283,152.5656,-4.404290636113286,1,,all_available,-0.4245791453663681,21-296 Reef,leave_site_out,50.0
2016,21-550 Reef,-21.9471,152.3069,0.0921533394028272,1,,shallow_preferred,-0.23311629653373708,21-550 Reef,leave_site_out,50.0
2017,21-550 Reef,-21.9471,152.3069,0.3405297474348194,1,,shallow_preferred,-0.23311629653373708,21-550 Reef,leave_site_out,50.0
2020,21-550 Reef,-21.9471,152.3069,0.2899349813298437,1,,shallow_preferred,-0.23311629653373708,21-550 Reef,leave_site_out,50.0
2022,21-550 Reef,-21.9471,152.3069,-0.0034301923432069,1,,shallow_preferred,-0.23311629653373708,21-550 Reef,leave_site_out,50.0
2024,21-550 Reef,-21.9471,152.3069,-6.265088692108982,1,,shallow_preferred,-0.23311629653373708,21-550 Reef,leave_site_out,50.0
2016,21-591 Reef,-21.0266,150.3807,-1.14,1,,all_available,-0.8146967015843001,21-591 Reef,leave_site_out,50.0
2017,21-591 Reef,-21.0266,150.3807,-2.930230544831029,1,,all_available,-0.8146967015843001,21-591 Reef,leave_site_out,50.0
2016,Agincourt Reef Number 1,-16.0398,145.8652,0.6706690019749448,1,,shallow_preferred,1.0101209594370455,Agincourt Reef Number 1,leave_site_out,50.0
2017,Agincourt Reef Number 1,-16.0384,145.8688,-3.146731387263813,1,,all_available,1.0075358533026226,Agincourt Reef Number 1,leave_site_out,50.0
2020,Agincourt Reef Number 1,-16.0398,145.8652,-6.3761235901028375,1,,shallow_preferred,1.0101209594370455,Agincourt Reef Number 1,leave_site_out,50.0
2022,Agincourt Reef Number 1,-16.0398,145.8652,-2.651844619931497,1,,shallow_preferred,1.0101209594370455,Agincourt Reef Number 1,leave_site_out,50.0
2024,Agincourt Reef Number 1,-16.0398,145.8652,-4.012516339372439,1,,shallow_preferred,1.0101209594370455,Agincourt Reef Number 1,leave_site_out,50.0
2020,Aquila Island,-21.9611,149.5816,1.900201645273785,1,,shallow_preferred,-0.24761557936496487,Aquila Island,leave_site_out,50.0
2022,Aquila Island,-21.9611,149.5816,1.9098567453975277,1,,shallow_preferred,-0.24761557936496487,Aquila Island,leave_site_out,50.0
2024,Aquila Island,-21.9611,149.5816,0.4390047486318469,1,,shallow_preferred,-0.24761557936496487,Aquila Island,leave_site_out,50.0
2016,Arlington Reef,-16.6891,146.0871,1.8697210938847693,1,,shallow_preferred,0.9508769271528185,Arlington Reef,leave_site_out,50.0
2017,Arlington Reef,-16.6891,146.0871,0.8026286572687749,1,,shallow_preferred,0.9508769271528185,Arlington Reef,leave_site_out,50.0
2020,Arlington Reef,-16.6461,146.1107,-0.5133974087988227,1,,all_available,0.9499698444591527,Arlington Reef,leave_site_out,50.0
2022,Arlington Reef,-16.6461,146.1107,-0.5367593562922782,1,,all_available,0.9499698444591527,Arlington Reef,leave_site_out,50.0
2016,Barren Island,-23.1578,151.0707,0.3594048150164696,1,,all_available,0.8565673235380111,Barren Island,leave_site_out,50.0
2017,Barren Island,-23.1578,151.0707,0.6004196062900613,1,,all_available,0.8565673235380111,Barren Island,leave_site_out,50.0
2020,Barren Island,-23.1578,151.0707,-1.7387467211694982,1,,shallow_preferred,0.8565673235380111,Barren Island,leave_site_out,50.0
2022,Barren Island,-23.1578,151.0707,-0.3208671857457266,1,,shallow_preferred,0.8565673235380111,Barren Island,leave_site_out,50.0
2024,Barren Island,-23.1578,151.0707,0.3196292238013338,1,,all_available,0.8565673235380111,Barren Island,leave_site_out,50.0
2017,Bedarra Island,-18.0094,146.148,3.5504139827964547,1,,shallow_preferred,0.7020607597817545,Bedarra Island,leave_site_out,50.0
2020,Bedarra Island,-18.0094,146.148,4.73335811084036,1,,shallow_preferred,0.7020607597817545,Bedarra Island,leave_site_out,50.0
2022,Bedarra Island,-18.0094,146.148,1.133605519395835,1,,shallow_preferred,0.7020607597817545,Bedarra Island,leave_site_out,50.0
2024,Bedarra Island,-18.0094,146.148,1.1625144023774636,1,,shallow_preferred,0.7020607597817545,Bedarra Island,leave_site_out,50.0
2016,Border Island,-20.171,149.0319,-1.1542022049138567,1,,shallow_preferred,0.3386413959086597,Border Island,leave_site_out,50.0
2017,Border Island,-20.171,149.0319,-0.5385739067167545,1,,shallow_preferred,0.3386413959086597,Border Island,leave_site_out,50.0
2016,Boult Reef,-23.747,152.2725,-0.15,1,,shallow_preferred,-0.3954917703633407,Boult Reef,leave_site_out,50.0
2017,Boult Reef,-23.747,152.2725,-1.5204336353105217,1,,shallow_preferred,-0.3954917703633407,Boult Reef,leave_site_out,50.0
2017,Camp Island East,-19.8508,147.9052,6.633293001799257,1,,shallow_preferred,-0.3581975700463123,Camp Island East,leave_site_out,50.0
2017,Carter,-14.5238,145.5817,-5.795992916884115,1,,all_available,-0.26893795864529385,Carter,leave_site_out,50.0
2016,Cattle Bay,-18.5691,146.4823,-0.6118180509479609,1,,shallow_preferred,0.14296288561278156,Cattle Bay,leave_site_out,50.0
2017,Cattle Bay,-18.5691,146.4823,-0.2121164498235934,1,5.6,shallow_preferred,0.14296288561278156,Cattle Bay,leave_site_out,50.0
2020,Cattle Bay,-18.5691,146.4823,-2.477269859827372,1,,shallow_preferred,0.14296288561278156,Cattle Bay,leave_site_out,50.0
2022,Cattle Bay,-18.5691,146.4823,-1.4469747705416411,1,,shallow_preferred,0.14296288561278156,Cattle Bay,leave_site_out,50.0
2024,Cattle Bay,-18.5691,146.4823,-0.7300712136667187,1,,shallow_preferred,0.14296288561278156,Cattle Bay,leave_site_out,50.0
2016,Centipede Reef,-18.7324,147.554,-1.864780516451196,1,,all_available,-1.4178379337711837,Centipede Reef,leave_site_out,50.0
2020,Centipede Reef,-18.7341,147.5522,-0.5921616319662082,1,,shallow_preferred,-1.4162265887545837,Centipede Reef,leave_site_out,50.0
2017,Cherepo,-10.6893,142.2799,0.9537529396181982,1,,shallow_preferred,0.38992841243293047,Cherepo,leave_site_out,50.0
2016,Chicken Reef,-18.6534,147.7199,-1.9926378104458151,1,,shallow_preferred,-1.4079770394194933,Chicken Reef,leave_site_out,50.0
2017,Chicken Reef,-18.6534,147.7199,-1.3663101188473838,1,,shallow_preferred,-1.4079770394194933,Chicken Reef,leave_site_out,50.0
2020,Chicken Reef,-18.6534,147.7199,-1.3399441724789538,1,,shallow_preferred,-1.4079770394194933,Chicken Reef,leave_site_out,50.0
2022,Chicken Reef,-18.6543,147.7143,-1.4657225110230736,1,,shallow_preferred,-1.409366638293179,Chicken Reef,leave_site_out,50.0
2024,Chicken Reef,-18.6543,147.7143,-2.184520626102456,1,,shallow_preferred,-1.409366638293179,Chicken Reef,leave_site_out,50.0
2016,Chinaman Reef,-21.9973,152.664,-0.0185903126361312,1,,shallow_preferred,-0.29256609733011013,Chinaman Reef,leave_site_out,50.0
2017,Chinaman Reef,-21.9973,152.664,0.076558152790821,1,,shallow_preferred,-0.29256609733011013,Chinaman Reef,leave_site_out,50.0
2020,Chinaman Reef,-21.9973,152.664,0.3270784856057034,1,2.5,shallow_preferred,-0.29256609733011013,Chinaman Reef,leave_site_out,50.0
2022,Chinaman Reef,-21.9973,152.664,0.1627848857765562,1,,shallow_preferred,-0.29256609733011013,Chinaman Reef,leave_site_out,50.0
2024,Chinaman Reef,-21.9973,152.664,-0.5064200122349298,1,,shallow_preferred,-0.29256609733011013,Chinaman Reef,leave_site_out,50.0
2020,Curd Reef,-12.5853,143.5112,4.110928124208211,1,,shallow_preferred,-2.945969411599881,Curd Reef,leave_site_out,50.0
2016,Davies Reef,-18.8065,147.6688,-1.1285137776708165,1,,shallow_preferred,-1.3810369881564015,Davies Reef,leave_site_out,50.0
2017,Davies Reef,-18.8065,147.6688,-0.460888870782222,1,,shallow_preferred,-1.3810369881564015,Davies Reef,leave_site_out,50.0
2020,Davies Reef,-18.8065,147.6688,-1.096379040767636,1,,shallow_preferred,-1.3810369881564015,Davies Reef,leave_site_out,50.0
2022,Davies Reef,-18.8065,147.6688,-4.097198572006766,1,,shallow_preferred,-1.3810369881564015,Davies Reef,leave_site_out,50.0
2024,Davies Reef,-18.8065,147.6688,-4.23,1,,shallow_preferred,-1.3810369881564015,Davies Reef,leave_site_out,50.0
2016,Daydream Island,-20.2557,148.8122,2.6965346641335963,1,,shallow_preferred,0.1696623760123416,Daydream Island,leave_site_out,50.0
2020,Daydream Island,-20.2557,148.8122,0.6551431759961712,1,,shallow_preferred,0.1696623760123416,Daydream Island,leave_site_out,50.0
2022,Daydream Island,-20.2557,148.8122,2.136293212639157,1,,shallow_preferred,0.1696623760123416,Daydream Island,leave_site_out,50.0
2024,Daydream Island,-20.2557,148.8122,0.6784482753618271,1,,shallow_preferred,0.1696623760123416,Daydream Island,leave_site_out,50.0
2016,Dent Island,-20.345,148.9382,2.8108011389618843,1,,shallow_preferred,0.3610708660736116,Dent Island,leave_site_out,50.0
2017,Dent Island,-20.345,148.9382,2.042098752777987,1,,shallow_preferred,0.3610708660736116,Dent Island,leave_site_out,50.0
2020,Dent Island,-20.345,148.9382,2.420851269963028,1,,shallow_preferred,0.3610708660736116,Dent Island,leave_site_out,50.0
2022,Dent Island,-20.345,148.9382,1.3304348506075487,1,,shallow_preferred,0.3610708660736116,Dent Island,leave_site_out,50.0
2024,Dent Island,-20.345,148.9382,2.566522705175249,1,,shallow_preferred,0.3610708660736116,Dent Island,leave_site_out,50.0
2016,Dip Reef,-18.3999,147.4519,-4.222305870596005,1,,all_available,-1.2505905015047905,Dip Reef,leave_site_out,50.0
2017,Dip Reef,-18.3999,147.4519,-4.333377514241236,1,,all_available,-1.2505905015047905,Dip Reef,leave_site_out,50.0
2020,Dip Reef,-18.3999,147.4519,-3.5408187431900267,1,,all_available,-1.2505905015047905,Dip Reef,leave_site_out,50.0
2022,Dip Reef,-18.3999,147.4519,-3.4808544735666334,1,,all_available,-1.2505905015047905,Dip Reef,leave_site_out,50.0
2016,Double Cone,-20.1046,148.7218,0.4252579264263967,1,,shallow_preferred,0.12293234285725767,Double Cone,leave_site_out,50.0
2017,Double Cone,-20.1046,148.7218,0.2690576907372026,1,,shallow_preferred,0.12293234285725767,Double Cone,leave_site_out,50.0
2020,Double Cone,-20.1046,148.7218,-0.2069540241686525,1,,shallow_preferred,0.12293234285725767,Double Cone,leave_site_out,50.0
2022,Double Cone,-20.1046,148.7218,-1.340713240785889,1,,shallow_preferred,0.12293234285725767,Double Cone,leave_site_out,50.0
2024,Double Cone,-20.1046,148.7218,1.2275266028900518,1,,shallow_preferred,0.12293234285725767,Double Cone,leave_site_out,50.0
2017,Dugong Island,-10.518,143.0997,-0.3522696767022557,1,,shallow_preferred,0.19450224666416635,Dugong Island,leave_site_out,50.0
2020,Dugong Island,-10.518,143.0997,-1.334900480255203,1,,shallow_preferred,0.19450224666416635,Dugong Island,leave_site_out,50.0
2022,Dugong Island,-10.518,143.0997,-3.104144143713349,1,,shallow_preferred,0.19450224666416635,Dugong Island,leave_site_out,50.0
2016,Dunk Island,-17.9263,146.1461,-1.417138406452865,1,,shallow_preferred,0.7901933772918521,Dunk Island,leave_site_out,50.0
2017,Dunk Island,-17.9263,146.1461,0.2751631929575673,1,,shallow_preferred,0.7901933772918521,Dunk Island,leave_site_out,50.0
2020,Dunk Island,-17.9263,146.1461,4.646749671684462,1,,shallow_preferred,0.7901933772918521,Dunk Island,leave_site_out,50.0
2022,Dunk Island,-17.9263,146.1461,2.6186019242209104,1,,shallow_preferred,0.7901933772918521,Dunk Island,leave_site_out,50.0
2024,Dunk Island,-17.9263,146.1461,1.9648675111953395,1,,shallow_preferred,0.7901933772918521,Dunk Island,leave_site_out,50.0
2016,East Cay,-21.4727,152.5662,0.0,1,,shallow_preferred,-0.3950794924754915,East Cay,leave_site_out,50.0
2017,East Cay,-21.4727,152.5662,0.160089970195385,1,,shallow_preferred,-0.3950794924754915,East Cay,leave_site_out,50.0
2020,East Cay,-21.4727,152.5662,-1.3561652153503905,1,,shallow_preferred,-0.3950794924754915,East Cay,leave_site_out,50.0
2022,East Cay,-21.46965,152.56664999999998,-1.408171322422771,2,,all_available,-0.39691152719200107,East Cay,leave_site_out,50.0
2024,East Cay,-21.4731,152.5661,-2.711257994167201,1,,shallow_preferred,-0.3948362383794255,East Cay,leave_site_out,50.0
2016,Erskine Island,-23.498800000000003,151.7748,0.0,2,6.25,shallow_preferred,0.35614985955785594,Erskine Island,leave_site_out,50.0
2017,Erskine Island,-23.498800000000003,151.7748,-0.038515396352895456,2,6.25,shallow_preferred,0.35614985955785594,Erskine Island,leave_site_out,50.0
2020,Erskine Island,-23.4993,151.7749,0.6358016707944536,1,,shallow_preferred,0.35647606777134266,Erskine Island,leave_site_out,50.0
2022,Erskine Island,-23.4993,151.7749,-0.1361484251800034,1,,shallow_preferred,0.35647606777134266,Erskine Island,leave_site_out,50.0
2024,Erskine Island,-23.4993,151.7749,-0.1237739004500273,1,,shallow_preferred,0.35647606777134266,Erskine Island,leave_site_out,50.0
2016,Farquharson Reef,-17.79,146.5315,2.174716284413961,1,,shallow_preferred,0.8038962780314194,Farquharson Reef,leave_site_out,50.0
2017,Farquharson Reef,-17.79,146.5315,1.465914024900595,1,,shallow_preferred,0.8038962780314194,Farquharson Reef,leave_site_out,50.0
2020,Farquharson Reef,-17.79,146.5315,1.6638072792425138,1,,shallow_preferred,0.8038962780314194,Farquharson Reef,leave_site_out,50.0
2022,Farquharson Reef,-17.79,146.5315,4.046969595776141,1,,shallow_preferred,0.8038962780314194,Farquharson Reef,leave_site_out,50.0
2024,Farquharson Reef,-17.79,146.5315,-0.4620728254939896,1,,shallow_preferred,0.8038962780314194,Farquharson Reef,leave_site_out,50.0
2016,Feather Reef,-17.51845,146.3896,-0.4887138188329878,2,1.1,shallow_preferred,0.5445389352639834,Feather Reef,leave_site_out,50.0
2017,Feather Reef,-17.519,146.3887,0.6378752502221996,1,,shallow_preferred,0.5450167537815649,Feather Reef,leave_site_out,50.0
2020,Feather Reef,-17.519,146.3887,1.2824785990351666,1,,shallow_preferred,0.5450167537815649,Feather Reef,leave_site_out,50.0
2022,Feather Reef,-17.519,146.3887,0.6317105884816945,1,,shallow_preferred,0.5450167537815649,Feather Reef,leave_site_out,50.0
2024,Feather Reef,-17.519,146.3887,-0.1261575783816608,1,,shallow_preferred,0.5450167537815649,Feather Reef,leave_site_out,50.0
2017,Fitzroy Island,-16.9233,145.9963,2.110728215512085,1,7.6,shallow_preferred,0.5606433590200557,Fitzroy Island,leave_site_out,50.0
2020,Fitzroy Island,-16.9233,145.9963,3.912260745858256,1,,shallow_preferred,0.5606433590200557,Fitzroy Island,leave_site_out,50.0
2022,Fitzroy Island,-16.9233,145.9963,2.65282077204235,1,,shallow_preferred,0.5606433590200557,Fitzroy Island,leave_site_out,50.0
2024,Fitzroy Island,-16.9233,145.9963,2.4398755607444453,1,,shallow_preferred,0.5606433590200557,Fitzroy Island,leave_site_out,50.0
2020,Flinders Reef,-17.71485,148.44805,-0.7344176355788066,2,,shallow_preferred,-0.3269708468250384,Flinders Reef,leave_site_out,50.0
2016,Frankland Islands,-17.227,146.0904,-0.6161032549995185,1,,shallow_preferred,0.6435753781552921,Frankland Islands,leave_site_out,50.0
2017,Frankland Islands,-17.227,146.0904,1.5541734846759017,1,,shallow_preferred,0.6435753781552921,Frankland Islands,leave_site_out,50.0
2020,Frankland Islands,-17.227,146.0904,1.7410113732625885,1,,shallow_preferred,0.6435753781552921,Frankland Islands,leave_site_out,50.0
2022,Frankland Islands,-17.227,146.0904,-2.82,1,,shallow_preferred,0.6435753781552921,Frankland Islands,leave_site_out,50.0
2024,Frankland Islands,-17.227,146.0904,-4.0774689296026985,1,,shallow_preferred,0.6435753781552921,Frankland Islands,leave_site_out,50.0
2016,Gannet Cay Reef,-21.9784,152.4742,-0.35,1,,shallow_preferred,-0.20495973316956922,Gannet Cay Reef,leave_site_out,50.0
2017,Gannet Cay Reef,-21.9784,152.4742,-0.1627587981511653,1,,shallow_preferred,-0.20495973316956922,Gannet Cay Reef,leave_site_out,50.0
2020,Gannet Cay Reef,-21.9758,152.4797,-0.4839372673882147,1,,all_available,-0.20607595387141367,Gannet Cay Reef,leave_site_out,50.0
2022,Gannet Cay Reef,-21.9784,152.4742,-0.1507100538374921,1,,shallow_preferred,-0.20495973316956922,Gannet Cay Reef,leave_site_out,50.0
2024,Gannet Cay Reef,-21.9784,152.4742,-1.6855877548702187,1,,shallow_preferred,-0.20495973316956922,Gannet Cay Reef,leave_site_out,50.0
2016,Geoffrey Bay,-19.1549,146.8685,13.548800298159325,1,,all_available,-0.24546620697092203,Geoffrey Bay,leave_site_out,50.0
2017,Geoffrey Bay,-19.1548,146.8685,5.926048371480657,1,,shallow_preferred,-0.2454818860027773,Geoffrey Bay,leave_site_out,50.0
2020,Geoffrey Bay,-19.1548,146.8685,5.872039081989005,1,,shallow_preferred,-0.2454818860027773,Geoffrey Bay,leave_site_out,50.0
2022,Geoffrey Bay,-19.1548,146.8685,5.061730904646273,1,,shallow_preferred,-0.2454818860027773,Geoffrey Bay,leave_site_out,50.0
2024,Geoffrey Bay,-19.1548,146.8685,3.1578664283643807,1,,shallow_preferred,-0.2454818860027773,Geoffrey Bay,leave_site_out,50.0
2016,"Green Island, Qld",-16.7755,145.9803,-0.3151215766624777,1,,all_available,0.8327252125661511,"Green Island, Qld",leave_site_out,50.0
2017,"Green Island, Qld",-16.7583,145.97,2.340191435615312,1,,shallow_preferred,0.8316997638185739,"Green Island, Qld",leave_site_out,50.0
2020,"Green Island, Qld",-16.7583,145.97,4.1304421271126,1,,shallow_preferred,0.8316997638185739,"Green Island, Qld",leave_site_out,50.0
2022,"Green Island, Qld",-16.7755,145.9803,-0.4121544361777092,1,,all_available,0.8327252125661511,"Green Island, Qld",leave_site_out,50.0
2020,Grub Reef,-18.6214,147.433,-1.9438025416596412,1,,shallow_preferred,-1.424576037490637,Grub Reef,leave_site_out,50.0
2016,Hastings Reef,-16.5013,146.017,2.161549404886196,1,,shallow_preferred,0.9982456404907628,Hastings Reef,leave_site_out,50.0
2017,Hastings Reef,-16.5013,146.017,0.4853243896715344,1,,shallow_preferred,0.9982456404907628,Hastings Reef,leave_site_out,50.0
2020,Hastings Reef,-16.5013,146.017,-0.6945687193633798,1,,shallow_preferred,0.9982456404907628,Hastings Reef,leave_site_out,50.0
2016,Havannah Island,-18.8472,146.5428,1.2404488095497328,1,,shallow_preferred,0.5761355823892105,Havannah Island,leave_site_out,50.0
2017,Havannah Island,-18.8472,146.5428,0.0869171131405899,1,,shallow_preferred,0.5761355823892105,Havannah Island,leave_site_out,50.0
2020,Havannah Island,-18.8472,146.5428,1.5996019487396875,1,,shallow_preferred,0.5761355823892105,Havannah Island,leave_site_out,50.0
2022,Havannah Island,-18.8472,146.5428,-7.62,1,,shallow_preferred,0.5761355823892105,Havannah Island,leave_site_out,50.0
2024,Havannah Island,-18.8472,146.5428,-2.0044825113156497,1,,shallow_preferred,0.5761355823892105,Havannah Island,leave_site_out,50.0
2016,Hayman Island,-20.0413,148.8819,-0.4657770304710102,1,,shallow_preferred,0.09171631858161962,Hayman Island,leave_site_out,50.0
2017,Hayman Island,-20.0413,148.8819,0.1848600545097944,1,,shallow_preferred,0.09171631858161962,Hayman Island,leave_site_out,50.0
2020,Hayman Island,-20.0572,148.8997,-1.086136790930217,1,,all_available,0.08845916557028868,Hayman Island,leave_site_out,50.0
2022,Hayman Island,-20.0415,148.8819,0.494145963859558,1,,shallow_preferred,0.09172046127116425,Hayman Island,leave_site_out,50.0
2024,Hayman Island,-20.0572,148.8997,-1.6394145048062023,1,,all_available,0.08845916557028868,Hayman Island,leave_site_out,50.0
2016,Hedley Reef,-17.2235,146.4754,0.2598472693507516,1,,shallow_preferred,0.4174455438076026,Hedley Reef,leave_site_out,50.0
2017,Hedley Reef,-17.2235,146.4754,1.5130401055442544,1,,shallow_preferred,0.4174455438076026,Hedley Reef,leave_site_out,50.0
2020,Hedley Reef,-17.2235,146.4754,2.2332465574489904,1,,shallow_preferred,0.4174455438076026,Hedley Reef,leave_site_out,50.0
2022,Hedley Reef,-17.2235,146.4754,-1.657937384793584,1,,shallow_preferred,0.4174455438076026,Hedley Reef,leave_site_out,50.0
2016,Helix Reef,-18.6201,147.2976,-0.3794971308614112,1,,all_available,-1.4997854848804415,Helix Reef,leave_site_out,50.0
2017,Helix Reef,-18.6203,147.2958,-1.0224455431706163,1,,shallow_preferred,-1.4979950623869485,Helix Reef,leave_site_out,50.0
2020,Helix Reef,-18.6203,147.2958,-0.0315414839450269,1,,shallow_preferred,-1.4979950623869485,Helix Reef,leave_site_out,50.0
2022,Helix Reef,-18.6203,147.2958,-1.1398314146952075,1,,shallow_preferred,-1.4979950623869485,Helix Reef,leave_site_out,50.0
2024,Helix Reef,-18.6203,147.2958,-2.0171620859266275,1,,shallow_preferred,-1.4979950623869485,Helix Reef,leave_site_out,50.0
2020,Henderson Island,-21.4856,149.9091,1.195587940616754,1,,all_available,-0.6185988826508535,Henderson Island,leave_site_out,50.0
2022,Henderson Island,-21.4854,149.9096,-0.0543985601681202,1,,shallow_preferred,-0.6192775218458392,Henderson Island,leave_site_out,50.0
2024,Henderson Island,-21.4854,149.9096,1.126334270875045,1,,shallow_preferred,-0.6192775218458392,Henderson Island,leave_site_out,50.0
2017,Heron Island,-23.4384,151.9182,1.4967732072370152,1,,shallow_preferred,-0.20837548874628806,Heron Island,leave_site_out,50.0
2020,Heron Island,-23.4384,151.9182,-0.1325011480103937,1,,shallow_preferred,-0.20837548874628806,Heron Island,leave_site_out,50.0
2022,Heron Island,-23.4384,151.9182,2.1808009517332927,1,,shallow_preferred,-0.20837548874628806,Heron Island,leave_site_out,50.0
2024,Heron Island,-23.4384,151.9182,-0.181553811969767,1,,shallow_preferred,-0.20837548874628806,Heron Island,leave_site_out,50.0
2016,High Island,-17.1622,146.007,-0.051167761052802,1,,shallow_preferred,0.6338668979970801,High Island,leave_site_out,50.0
2017,High Island,-17.1622,146.007,0.670128926553808,1,,shallow_preferred,0.6338668979970801,High Island,leave_site_out,50.0
2020,High Island,-17.1622,146.007,-4.069798420007173,1,,shallow_preferred,0.6338668979970801,High Island,leave_site_out,50.0
2022,High Island,-17.1622,146.007,-2.77,1,,shallow_preferred,0.6338668979970801,High Island,leave_site_out,50.0
2024,High Island,-17.1622,146.007,1.535772150210808,1,,shallow_preferred,0.6338668979970801,High Island,leave_site_out,50.0
2017,Holbourne Island East,-19.7333,148.3644,-3.374739542342464,1,,all_available,0.31249511996091706,Holbourne Island East,leave_site_out,50.0
2020,Hook Island,-20.1681,148.8871,-3.7770271771735215,1,,shallow_preferred,0.4906791855616424,Hook Island,leave_site_out,50.0
2022,Hook Island,-20.1681,148.8871,0.2107336087404583,1,,shallow_preferred,0.4906791855616424,Hook Island,leave_site_out,50.0
2024,Hook Island,-20.1681,148.8871,-3.042549039341085,1,,all_available,0.4906791855616424,Hook Island,leave_site_out,50.0
2016,Horseshoe Reef,-22.0227,152.6166,-0.53,1,,shallow_preferred,-0.23155875626129066,Horseshoe Reef,leave_site_out,50.0
2017,Horseshoe Reef,-22.0227,152.6166,-0.2975069033353643,1,,shallow_preferred,-0.23155875626129066,Horseshoe Reef,leave_site_out,50.0
2020,Horseshoe Reef,-22.0227,152.6166,0.5820267758588589,1,,shallow_preferred,-0.23155875626129066,Horseshoe Reef,leave_site_out,50.0
2022,Horseshoe Reef,-22.0229,152.6192,0.0112034489833148,1,,all_available,-0.23162375308339733,Horseshoe Reef,leave_site_out,50.0
2024,Horseshoe Reef,-22.0227,152.6166,-0.1809719599408747,1,,shallow_preferred,-0.23155875626129066,Horseshoe Reef,leave_site_out,50.0
2016,Humpy Island,-23.2162,150.9638,-0.0253816807258292,1,,shallow_preferred,1.0703011050845244,Humpy Island,leave_site_out,50.0
2017,Humpy Island,-23.2162,150.9638,1.8548445110707927,1,,shallow_preferred,1.0703011050845244,Humpy Island,leave_site_out,50.0
2020,Humpy Island,-23.2162,150.9638,-0.1949930341297481,1,,shallow_preferred,1.0703011050845244,Humpy Island,leave_site_out,50.0
2022,Humpy Island,-23.2162,150.9638,0.279434735430043,1,,shallow_preferred,1.0703011050845244,Humpy Island,leave_site_out,50.0
2024,Humpy Island,-23.2162,150.9638,0.6080076396220804,1,,shallow_preferred,1.0703011050845244,Humpy Island,leave_site_out,50.0
2016,Hyde Reef,-19.7457,150.0822,-3.13,1,,shallow_preferred,-2.3394739749670497,Hyde Reef,leave_site_out,50.0
2017,Hyde Reef,-19.7457,150.0822,-0.8,1,,shallow_preferred,-2.3394739749670497,Hyde Reef,leave_site_out,50.0
2016,John Brewer,-18.6189,147.0813,-0.3312680887880521,2,4.0,shallow_preferred,-1.2825080729565514,John Brewer,leave_site_out,50.0
2017,John Brewer,-18.6189,147.0813,-0.19977371658930343,2,4.0,shallow_preferred,-1.2825080729565514,John Brewer,leave_site_out,50.0
2020,John Brewer,-18.619,147.0811,0.1904078716576975,1,,shallow_preferred,-1.2824083932555923,John Brewer,leave_site_out,50.0
2022,John Brewer,-18.619,147.0811,0.4930263576224289,1,,shallow_preferred,-1.2824083932555923,John Brewer,leave_site_out,50.0
2024,John Brewer,-18.619,147.0811,-2.873303413257616,1,,shallow_preferred,-1.2824083932555923,John Brewer,leave_site_out,50.0
2020,Kelso Reef,-18.4448,146.9933,-2.390825026230913,1,,shallow_preferred,-1.0847701524486761,Kelso Reef,leave_site_out,50.0
2022,Kelso Reef,-18.4448,146.9933,-1.0781514652946915,1,,shallow_preferred,-1.0847701524486761,Kelso Reef,leave_site_out,50.0
2024,Kelso Reef,-18.4448,146.9933,-3.000988014471895,1,,shallow_preferred,-1.0847701524486761,Kelso Reef,leave_site_out,50.0
2016,Knife Reef,-18.5711,147.5772,-0.9066023963914605,1,,all_available,-1.2055621480156595,Knife Reef,leave_site_out,50.0
2017,Knife Reef,-18.5711,147.5772,-4.635100374605694,1,,all_available,-1.2055621480156595,Knife Reef,leave_site_out,50.0
2020,Knife Reef,-18.572,147.5759,-0.8337973625298156,1,,shallow_preferred,-1.2055149122411566,Knife Reef,leave_site_out,50.0
2022,Knife Reef,-18.5711,147.5772,-3.2651574439186666,1,,all_available,-1.2055621480156595,Knife Reef,leave_site_out,50.0
2024,Knife Reef,-18.5711,147.5772,-4.760525391713829,1,,all_available,-1.2055621480156595,Knife Reef,leave_site_out,50.0
2017,Kubin Island,-10.2388,142.2176,-0.1928151333613488,1,,all_available,0.33133969986275,Kubin Island,leave_site_out,50.0
2017,Lady Elliot Reef,-18.6798,146.3325,5.367763141106728,1,,shallow_preferred,-0.41160204877541795,Lady Elliot Reef,leave_site_out,50.0
2020,Lady Elliot Reef,-18.6798,146.3325,7.410464728408286,1,,shallow_preferred,-0.41160204877541795,Lady Elliot Reef,leave_site_out,50.0
2022,Lady Elliot Reef,-18.6798,146.3325,3.8833344612980607,1,,shallow_preferred,-0.41160204877541795,Lady Elliot Reef,leave_site_out,50.0
2024,Lady Elliot Reef,-18.6798,146.3325,2.6642012664764696,1,,shallow_preferred,-0.41160204877541795,Lady Elliot Reef,leave_site_out,50.0
2016,Lady Musgrave,-23.8884,152.422,-0.611715588038071,1,,shallow_preferred,-0.19919371699226224,Lady Musgrave,leave_site_out,50.0
2017,Lady Musgrave,-23.8884,152.422,-1.75598395577755,1,,shallow_preferred,-0.19919371699226224,Lady Musgrave,leave_site_out,50.0
2020,Lady Musgrave,-23.8884,152.422,-2.2420646583098907,1,,shallow_preferred,-0.19919371699226224,Lady Musgrave,leave_site_out,50.0
2022,Lady Musgrave,-23.8896,152.42,-0.47,1,,shallow_preferred,-0.19844526364537562,Lady Musgrave,leave_site_out,50.0
2024,Lady Musgrave,-23.8896,152.42,-1.9318759413607989,1,,shallow_preferred,-0.19844526364537562,Lady Musgrave,leave_site_out,50.0
2020,Lagoon Reef,-12.3923,143.74,-1.526612835689486,1,,shallow_preferred,0.9333706660252469,Lagoon Reef,leave_site_out,50.0
2022,Lagoon Reef,-12.3923,143.74,-4.43344753368639,1,,shallow_preferred,0.9333706660252469,Lagoon Reef,leave_site_out,50.0
2024,Lagoon Reef,-12.3926,143.7398,-3.979975825951212,1,,all_available,0.9337606267871411,Lagoon Reef,leave_site_out,50.0
2016,Langford Island,-20.0877,148.8848,-1.231077688911029,1,,shallow_preferred,0.1711636160610942,Langford Island,leave_site_out,50.0
2017,Langford Island,-20.0877,148.8848,-1.0806375377260815,1,,shallow_preferred,0.1711636160610942,Langford Island,leave_site_out,50.0
2016,Linnet Reef,-14.7811,145.3474,7.626145269299075,1,,shallow_preferred,-0.365173242381033,Linnet Reef,leave_site_out,50.0
2017,Linnet Reef,-14.7852,145.3554,3.206928576833631,1,,all_available,-0.3653172549496618,Linnet Reef,leave_site_out,50.0
2016,Lizard Island,-14.694067,145.45705,-0.683264140547168,1,0.6,shallow_preferred,-0.19701963421173366,Lizard Island,leave_site_out,50.0
2017,Lizard Island,-14.6884,145.4422,3.4645279972952707,1,,shallow_preferred,-0.17192183891927548,Lizard Island,leave_site_out,50.0
2020,Lizard Island,-14.68796,145.45285,0.4795624356526891,2,0.6,shallow_preferred,-0.2041514747069159,Lizard Island,leave_site_out,50.0
2022,Lizard Island,-14.68995,145.45430850000002,0.01200421625706849,2,5.0,shallow_preferred,-0.2020912088228789,Lizard Island,leave_site_out,50.0
2024,Lizard Island,-14.68995,145.45430850000002,0.9437563272144394,2,5.0,shallow_preferred,-0.2020912088228789,Lizard Island,leave_site_out,50.0
2016,Low Isles,-16.3831,145.5619,3.328373418627904,1,,shallow_preferred,1.155127836310277,Low Isles,leave_site_out,50.0
2017,Low Isles,-16.3831,145.5619,2.0405781380827364,1,,shallow_preferred,1.155127836310277,Low Isles,leave_site_out,50.0
2020,Low Isles,-16.3831,145.5619,1.407814282110004,1,,shallow_preferred,1.155127836310277,Low Isles,leave_site_out,50.0
2022,Low Isles,-16.3831,145.5619,2.007534551996275,1,,shallow_preferred,1.155127836310277,Low Isles,leave_site_out,50.0
2024,Low Isles,-16.3831,145.5619,3.234717160448197,1,,shallow_preferred,1.155127836310277,Low Isles,leave_site_out,50.0
2017,Macgillivray,-14.6485,145.4915,-0.9683515096486346,1,,all_available,-0.06922889960757742,Macgillivray,leave_site_out,50.0
2020,Macgillivray,-14.6485,145.4915,-4.299430568059551,1,,all_available,-0.06922889960757742,Macgillivray,leave_site_out,50.0
2022,Macgillivray,-14.6485,145.4915,-3.113379619347248,1,,all_available,-0.06922889960757742,Macgillivray,leave_site_out,50.0
2024,Macgillivray,-14.6485,145.4915,0.3334817723541992,1,,all_available,-0.06922889960757742,Macgillivray,leave_site_out,50.0
2016,Mackay Reef,-16.0399,145.6506,3.142228224810014,1,,shallow_preferred,0.466151246742808,Mackay Reef,leave_site_out,50.0
2017,Mackay Reef,-16.0399,145.6506,2.2522848881274307,1,,shallow_preferred,0.466151246742808,Mackay Reef,leave_site_out,50.0
2020,Mackay Reef,-16.0399,145.6506,2.2648477201922943,1,,shallow_preferred,0.466151246742808,Mackay Reef,leave_site_out,50.0
2022,Mackay Reef,-16.0399,145.6506,0.9261292605345348,1,,shallow_preferred,0.466151246742808,Mackay Reef,leave_site_out,50.0
2024,Mackay Reef,-16.0399,145.6506,2.986583602448798,1,,shallow_preferred,0.466151246742808,Mackay Reef,leave_site_out,50.0
2017,Manning Island,-23.854,151.3533,3.6855037764959153,1,2.0,shallow_preferred,1.8632558478850192,Manning Island,leave_site_out,50.0
2020,Manning Island,-23.854,151.3533,2.9522047055525817,1,,shallow_preferred,1.8632558478850192,Manning Island,leave_site_out,50.0
2022,Manning Island,-23.854,151.3533,5.309158172425871,1,,shallow_preferred,1.8632558478850192,Manning Island,leave_site_out,50.0
2024,Manning Island,-23.854,151.3533,0.8688011005989598,1,,shallow_preferred,1.8632558478850192,Manning Island,leave_site_out,50.0
2016,Martin,-14.7553,145.3722,3.718709690722728,1,,all_available,-0.18315261209031933,Martin,leave_site_out,50.0
2017,Martin,-14.7553,145.3722,2.925004485266232,1,,all_available,-0.18315261209031933,Martin,leave_site_out,50.0
2020,Martin,-14.7553,145.3722,1.2220278261895885,1,,all_available,-0.18315261209031933,Martin,leave_site_out,50.0
2022,Martin,-14.7553,145.3722,1.9154301837787944,1,,all_available,-0.18315261209031933,Martin,leave_site_out,50.0
2024,Martin,-14.7553,145.3722,3.8351490990065393,1,,all_available,-0.18315261209031933,Martin,leave_site_out,50.0
2016,Mast Head Reef,-23.5341,151.7497,0.0,1,,all_available,0.6137054671849965,Mast Head Reef,leave_site_out,50.0
2017,Mast Head Reef,-23.5341,151.7497,0.2643198653873018,1,,all_available,0.6137054671849965,Mast Head Reef,leave_site_out,50.0
2020,Mast Head Reef,-23.5341,151.7497,1.3050274284054115,1,,all_available,0.6137054671849965,Mast Head Reef,leave_site_out,50.0
2022,Mast Head Reef,-23.5341,151.7497,0.3320649799632625,1,,all_available,0.6137054671849965,Mast Head Reef,leave_site_out,50.0
2024,Mast Head Reef,-23.5341,151.7497,0.0469545366380899,1,,all_available,0.6137054671849965,Mast Head Reef,leave_site_out,50.0
2016,McCulloch Reef,-17.2834,146.4777,-0.1369223508137507,1,,shallow_preferred,0.34516818811804156,McCulloch Reef,leave_site_out,50.0
2017,McCulloch Reef,-17.2834,146.4777,1.6562348400435951,1,,shallow_preferred,0.34516818811804156,McCulloch Reef,leave_site_out,50.0
2020,McCulloch Reef,-17.2834,146.4777,2.116830558170516,1,,shallow_preferred,0.34516818811804156,McCulloch Reef,leave_site_out,50.0
2022,McCulloch Reef,-17.2834,146.4777,1.0634930497346478,1,,shallow_preferred,0.34516818811804156,McCulloch Reef,leave_site_out,50.0
2016,Michaelmas Reef,-16.5528,146.0454,2.5921159963802545,1,,shallow_preferred,0.6910527681910619,Michaelmas Reef,leave_site_out,50.0
2017,Michaelmas Reef,-16.5528,146.0454,2.5909335644133407,1,,shallow_preferred,0.6910527681910619,Michaelmas Reef,leave_site_out,50.0
2020,Michaelmas Reef,-16.5528,146.0454,1.1469479944542602,1,,shallow_preferred,0.6910527681910619,Michaelmas Reef,leave_site_out,50.0
2016,Moore Reef,-16.8519,146.2336,1.393790788382177,1,,shallow_preferred,0.7724861949034718,Moore Reef,leave_site_out,50.0
2017,Moore Reef,-16.8519,146.2336,-0.1839636080845217,1,,shallow_preferred,0.7724861949034718,Moore Reef,leave_site_out,50.0
2020,Moore Reef,-16.8519,146.2336,1.5139498544599743,1,,shallow_preferred,0.7724861949034718,Moore Reef,leave_site_out,50.0
2020,Moore Reef-Coral Sea,-15.8866,149.1516,-4.987052573988572,1,,shallow_preferred,-1.5127854797540903,Moore Reef-Coral Sea,leave_site_out,50.0
2020,Myrmidon Reef,-18.2585,147.3814,-0.6244883420862655,1,,shallow_preferred,-1.640986151921111,Myrmidon Reef,leave_site_out,50.0
2022,Myrmidon Reef,-18.25695,147.38115,-2.106265781265818,2,,all_available,-1.6399330414564464,Myrmidon Reef,leave_site_out,50.0
2024,Myrmidon Reef,-18.2585,147.3814,-1.772714135542496,1,,shallow_preferred,-1.640986151921111,Myrmidon Reef,leave_site_out,50.0
2017,No Name,-14.6279,145.6453,-6.923401607784927,1,,all_available,-0.19973780553692824,No Name,leave_site_out,50.0
2020,No Name,-14.6308,145.6418,-4.310231988865706,1,,shallow_preferred,-0.19131961288162905,No Name,leave_site_out,50.0
2022,No Name,-14.6308,145.6418,-1.705695853816663,1,,shallow_preferred,-0.19131961288162905,No Name,leave_site_out,50.0
2024,No Name,-14.6308,145.6418,-3.1206719496112054,1,,shallow_preferred,-0.19131961288162905,No Name,leave_site_out,50.0
2017,North Direction Island,-14.7435,145.5136,1.654546928877684,1,,shallow_preferred,-0.3255834164040915,North Direction Island,leave_site_out,50.0
2020,North Direction Island,-14.7435,145.5136,-6.57,1,,shallow_preferred,-0.3255834164040915,North Direction Island,leave_site_out,50.0
2022,North Direction Island,-14.7435,145.5136,0.7454363748168298,1,,shallow_preferred,-0.3255834164040915,North Direction Island,leave_site_out,50.0
2024,North Direction Island,-14.7435,145.5136,5.383649436141575,1,,shallow_preferred,-0.3255834164040915,North Direction Island,leave_site_out,50.0
2016,North Keppel Island,-23.0864,150.9052,0.4119327808008783,1,,shallow_preferred,0.9623319590960413,North Keppel Island,leave_site_out,50.0
2017,North Keppel Island,-23.0864,150.9052,1.558054564812532,1,,shallow_preferred,0.9623319590960413,North Keppel Island,leave_site_out,50.0
2020,North Keppel Island,-23.0864,150.9052,-0.0437870365482258,1,,shallow_preferred,0.9623319590960413,North Keppel Island,leave_site_out,50.0
2022,North Keppel Island,-23.0864,150.9052,-0.7961308644747469,1,,shallow_preferred,0.9623319590960413,North Keppel Island,leave_site_out,50.0
2024,North Keppel Island,-23.0864,150.9052,1.0622295146220626,1,,shallow_preferred,0.9623319590960413,North Keppel Island,leave_site_out,50.0
2016,North Reef,-23.1775,151.9041,0.0,1,5.5,shallow_preferred,-0.045275789087813864,North Reef,leave_site_out,50.0
2017,North Reef,-23.1775,151.9041,-1.6125873014673375,1,5.5,shallow_preferred,-0.045275789087813864,North Reef,leave_site_out,50.0
2020,North Reef,-23.1755,151.9086,0.0,1,,all_available,-0.04695640650862894,North Reef,leave_site_out,50.0
2017,Northeast Reef,-18.5718,146.4947,1.081957224109642,1,2.0,shallow_preferred,-0.02443911701790005,Northeast Reef,leave_site_out,50.0
2020,Northeast Reef,-18.5718,146.4947,-2.2315763578432497,1,,shallow_preferred,-0.02443911701790005,Northeast Reef,leave_site_out,50.0
2022,Northeast Reef,-18.5718,146.4947,0.1769185098647074,1,,shallow_preferred,-0.02443911701790005,Northeast Reef,leave_site_out,50.0
2024,Northeast Reef,-18.5718,146.4947,0.4083809324888072,1,,shallow_preferred,-0.02443911701790005,Northeast Reef,leave_site_out,50.0
2020,Nth Barnards (Jesse Is),-17.6722,146.1742,5.556803929865103,1,,shallow_preferred,0.7167034776049471,Nth Barnards (Jesse Is),leave_site_out,50.0
2022,Nth Barnards (Jesse Is),-17.6717,146.1747,1.273264460917427,1,,all_available,0.7163420494327133,Nth Barnards (Jesse Is),leave_site_out,50.0
2024,Nth Barnards (Jesse Is),-17.6717,146.1747,-2.745176977858989,1,,all_available,0.7163420494327133,Nth Barnards (Jesse Is),leave_site_out,50.0
2016,One Tree Island,-23.4833,152.0739,0.0746192843859103,2,,all_available,-0.01564578687658545,One Tree Island,leave_site_out,50.0
2017,One Tree Island,-23.4833,152.0739,-2.369160070150796,3,,all_available,-0.01564578687658545,One Tree Island,leave_site_out,50.0
2020,One Tree Island,-23.4833,152.0739,-3.1230587818809963,3,,all_available,-0.01564578687658545,One Tree Island,leave_site_out,50.0
2022,One Tree Island,-23.4833,152.0739,-0.32,4,,all_available,-0.01564578687658545,One Tree Island,leave_site_out,50.0
2024,One Tree Island,-23.4833,152.0739,-1.8831180838731818,4,,all_available,-0.01564578687658545,One Tree Island,leave_site_out,50.0
2016,Opal Reef,-16.2034,145.9065,-0.870952350315747,1,,all_available,0.6732787288783404,Opal Reef,leave_site_out,50.0
2017,Opal Reef,-16.2042,145.9005,4.085801976706115,1,,shallow_preferred,0.6798443021792775,Opal Reef,leave_site_out,50.0
2020,Opal Reef,-16.2042,145.9005,-0.7276474892046885,1,,shallow_preferred,0.6798443021792775,Opal Reef,leave_site_out,50.0
2016,Orpheus Island,-18.601750000000003,146.48829999999998,0.14085842937082727,2,,all_available,0.008475428458192345,Orpheus Island,leave_site_out,50.0
2017,Orpheus Island,-18.601750000000003,146.48829999999998,0.5985243157258839,2,,all_available,0.008475428458192345,Orpheus Island,leave_site_out,50.0
2016,Pandora Reef,-18.8164,146.4341,-1.230475505080305,1,,shallow_preferred,0.7702345840054442,Pandora Reef,leave_site_out,50.0
2017,Pandora Reef,-18.8164,146.4341,0.4563194908363481,1,,shallow_preferred,0.7702345840054442,Pandora Reef,leave_site_out,50.0
2020,Pandora Reef,-18.8164,146.4341,2.415483371564374,1,,shallow_preferred,0.7702345840054442,Pandora Reef,leave_site_out,50.0
2022,Pandora Reef,-18.8164,146.4341,-1.3308283189703358,1,,shallow_preferred,0.7702345840054442,Pandora Reef,leave_site_out,50.0
2024,Pandora Reef,-18.8164,146.4341,-1.2492841044856169,1,,shallow_preferred,0.7702345840054442,Pandora Reef,leave_site_out,50.0
2016,Peak Island,-23.3413,150.9369,0.7980236209381337,1,,shallow_preferred,1.0104428755039265,Peak Island,leave_site_out,50.0
2017,Peak Island,-23.3413,150.9369,2.5338963002932164,1,,shallow_preferred,1.0104428755039265,Peak Island,leave_site_out,50.0
2020,Peak Island,-23.3413,150.9369,2.0302291152499343,1,,shallow_preferred,1.0104428755039265,Peak Island,leave_site_out,50.0
2022,Peak Island,-23.3413,150.9369,0.5855679313135402,1,,shallow_preferred,1.0104428755039265,Peak Island,leave_site_out,50.0
2016,Peart Reef,-17.46705,146.40255,-0.7899533874370499,2,2.4,shallow_preferred,0.6449694409373548,Peart Reef,leave_site_out,50.0
2017,Peart Reef,-17.4676,146.402,0.2564586963575834,1,,shallow_preferred,0.6449749953037522,Peart Reef,leave_site_out,50.0
2020,Peart Reef,-17.4676,146.402,1.027260252243318,1,,shallow_preferred,0.6449749953037522,Peart Reef,leave_site_out,50.0
2022,Peart Reef,-17.4676,146.402,-0.8201420307894405,1,,shallow_preferred,0.6449749953037522,Peart Reef,leave_site_out,50.0
2024,Peart Reef,-17.4665,146.4031,-2.1103074542540026,1,,all_available,0.6449635936042888,Peart Reef,leave_site_out,50.0
2016,Pelican Island,-23.2397,150.8742,0.8965753957673843,1,,shallow_preferred,0.7802289961903952,Pelican Island,leave_site_out,50.0
2017,Pelican Island,-23.2397,150.8742,5.076861281952688,1,,shallow_preferred,0.7802289961903952,Pelican Island,leave_site_out,50.0
2020,Pelican Island,-23.2397,150.8742,2.036700049354229,1,,shallow_preferred,0.7802289961903952,Pelican Island,leave_site_out,50.0
2022,Pelican Island,-23.2397,150.8742,2.87801058962431,1,,shallow_preferred,0.7802289961903952,Pelican Island,leave_site_out,50.0
2024,Pelican Island,-23.2397,150.8742,1.3336012499129186,1,,shallow_preferred,0.7802289961903952,Pelican Island,leave_site_out,50.0
2016,Pelorus Island,-18.5406,146.4888,-0.4118532764787783,1,,shallow_preferred,0.1761670527382713,Pelorus Island,leave_site_out,50.0
2017,Pelorus Island,-18.5406,146.4888,0.2443588332417867,1,,shallow_preferred,0.1761670527382713,Pelorus Island,leave_site_out,50.0
2020,Pelorus Island,-18.5406,146.4888,-3.0800208505562527,1,,shallow_preferred,0.1761670527382713,Pelorus Island,leave_site_out,50.0
2022,Pelorus Island,-18.5406,146.4888,-1.0987203135328016,1,,shallow_preferred,0.1761670527382713,Pelorus Island,leave_site_out,50.0
2024,Pelorus Island,-18.5406,146.4888,-4.99468701852191,1,,shallow_preferred,0.1761670527382713,Pelorus Island,leave_site_out,50.0
2016,Penrith Reef,-21.0032,149.8875,-1.99,1,,all_available,-0.6669166494084203,Penrith Reef,leave_site_out,50.0
2017,Penrith Reef,-21.0032,149.8875,-3.2164805609812284,1,,all_available,-0.6669166494084203,Penrith Reef,leave_site_out,50.0
2020,Penrith Reef,-21.0036,149.8882,-1.0546015138842613,1,,shallow_preferred,-0.6673668246134203,Penrith Reef,leave_site_out,50.0
2022,Penrith Reef,-21.0036,149.8882,-1.4836345387472027,1,,shallow_preferred,-0.6673668246134203,Penrith Reef,leave_site_out,50.0
2024,Penrith Reef,-21.0036,149.8882,-8.25,1,,shallow_preferred,-0.6673668246134203,Penrith Reef,leave_site_out,50.0
2016,Pine Island,-20.378,148.8884,2.758559077194137,1,,shallow_preferred,0.45753198046975807,Pine Island,leave_site_out,50.0
2017,Pine Island,-20.378,148.8884,2.267680691159056,1,,shallow_preferred,0.45753198046975807,Pine Island,leave_site_out,50.0
2020,Pine Island,-20.378,148.8884,1.9326931379161556,1,,shallow_preferred,0.45753198046975807,Pine Island,leave_site_out,50.0
2022,Pine Island,-20.378,148.8884,1.614351045119581,1,,shallow_preferred,0.45753198046975807,Pine Island,leave_site_out,50.0
2024,Pine Island,-20.378,148.8884,2.039983382562866,1,,shallow_preferred,0.45753198046975807,Pine Island,leave_site_out,50.0
2020,Pine Peak Island,-21.5145,150.2515,0.6812159480858444,1,,shallow_preferred,-0.44348176312504456,Pine Peak Island,leave_site_out,50.0
2022,Pine Peak Island,-21.5145,150.2515,-0.6866243656929498,1,,shallow_preferred,-0.44348176312504456,Pine Peak Island,leave_site_out,50.0
2024,Pine Peak Island,-21.5145,150.2515,-0.7875008679016648,1,,shallow_preferred,-0.44348176312504456,Pine Peak Island,leave_site_out,50.0
2016,Pompey Reef (No 1),-20.9201,150.5582,-0.8300000000000001,1,,shallow_preferred,-0.9605664168165217,Pompey Reef (No 1),leave_site_out,50.0
2017,Pompey Reef (No 1),-20.9201,150.5582,-1.4256318177575098,1,,shallow_preferred,-0.9605664168165217,Pompey Reef (No 1),leave_site_out,50.0
2020,Pompey Reef (No 1),-20.9201,150.5582,-0.0615643802336514,1,,shallow_preferred,-0.9605664168165217,Pompey Reef (No 1),leave_site_out,50.0
2022,Pompey Reef (No 1),-20.9201,150.5582,-1.631415408490577,1,,shallow_preferred,-0.9605664168165217,Pompey Reef (No 1),leave_site_out,50.0
2017,Rat Island,-23.767,151.3185,5.937374202789373,1,,shallow_preferred,1.3416060720924738,Rat Island,leave_site_out,50.0
2020,Rat Island,-23.767,151.3185,4.032971175530797,1,,shallow_preferred,1.3416060720924738,Rat Island,leave_site_out,50.0
2022,Rat Island,-23.767,151.3185,6.114287463581379,1,,shallow_preferred,1.3416060720924738,Rat Island,leave_site_out,50.0
2024,Rat Island,-23.767,151.3185,5.273399331924637,1,,shallow_preferred,1.3416060720924738,Rat Island,leave_site_out,50.0
2016,Rebe Reef,-19.795,150.1499,-2.99,1,,shallow_preferred,-1.1503135271071419,Rebe Reef,leave_site_out,50.0
2017,Rebe Reef,-19.795,150.1499,-3.61,1,,shallow_preferred,-1.1503135271071419,Rebe Reef,leave_site_out,50.0
2020,Rebe Reef,-19.795,150.1499,-6.47,1,,shallow_preferred,-1.1503135271071419,Rebe Reef,leave_site_out,50.0
2022,Rebe Reef,-19.795,150.1499,-5.96,1,,shallow_preferred,-1.1503135271071419,Rebe Reef,leave_site_out,50.0
2024,Rebe Reef,-19.795,150.1499,-8.971298792288794,1,,shallow_preferred,-1.1503135271071419,Rebe Reef,leave_site_out,50.0
2017,Repulse,-20.5779,148.8625,-1.5644129148914745,1,,all_available,0.6598743548255059,Repulse,leave_site_out,50.0
2020,Repulse,-20.5779,148.8625,3.481321265505569,1,,all_available,0.6598743548255059,Repulse,leave_site_out,50.0
2016,Rib Reef,-18.473,146.8774,-0.1772024504667313,1,,shallow_preferred,-0.8180168670071253,Rib Reef,leave_site_out,50.0
2017,Rib Reef,-18.473,146.8774,-0.4027165745273926,1,9.4,shallow_preferred,-0.8180168670071253,Rib Reef,leave_site_out,50.0
2020,Rib Reef,-18.473,146.8774,0.4080477107976641,1,,shallow_preferred,-0.8180168670071253,Rib Reef,leave_site_out,50.0
2022,Rib Reef,-18.473,146.8774,-3.641424667151929,1,,shallow_preferred,-0.8180168670071253,Rib Reef,leave_site_out,50.0
2024,Rib Reef,-18.473,146.8774,-0.7957262887094778,1,,shallow_preferred,-0.8180168670071253,Rib Reef,leave_site_out,50.0
2020,Roxburgh Reef,-18.4321,147.0563,-3.331693297466966,1,,shallow_preferred,-1.28339278203924,Roxburgh Reef,leave_site_out,50.0
2020,Sand Bank No7,-13.4363,143.9722,-6.03,1,,shallow_preferred,-0.7712159170114239,Sand Bank No7,leave_site_out,50.0
2022,Sand Bank No7,-13.4363,143.9722,-4.078812431810763,1,,shallow_preferred,-0.7712159170114239,Sand Bank No7,leave_site_out,50.0
2024,Sand Bank No7,-13.4363,143.9722,-6.256932822483051,1,,shallow_preferred,-0.7712159170114239,Sand Bank No7,leave_site_out,50.0
2016,Seaforth Island,-20.4685,149.0389,1.428689279780309,1,,shallow_preferred,0.5333687799609452,Seaforth Island,leave_site_out,50.0
2017,Seaforth Island,-20.4685,149.0389,1.416027765909833,1,,shallow_preferred,0.5333687799609452,Seaforth Island,leave_site_out,50.0
2020,Seaforth Island,-20.4685,149.0389,2.016782735515747,1,,shallow_preferred,0.5333687799609452,Seaforth Island,leave_site_out,50.0
2022,Seaforth Island,-20.4685,149.0389,1.3896108603220183,1,,shallow_preferred,0.5333687799609452,Seaforth Island,leave_site_out,50.0
2024,Seaforth Island,-20.4685,149.0389,1.0099774032713746,1,,all_available,0.5333687799609452,Seaforth Island,leave_site_out,50.0
2017,Seal Rocks North,-23.9583,151.4849,3.70408024696868,1,,shallow_preferred,1.450239597747541,Seal Rocks North,leave_site_out,50.0
2020,Seal Rocks North,-23.9583,151.4849,2.838999863593152,1,,shallow_preferred,1.450239597747541,Seal Rocks North,leave_site_out,50.0
2024,Seal Rocks North,-23.9583,151.4849,3.263794696516893,1,,shallow_preferred,1.450239597747541,Seal Rocks North,leave_site_out,50.0
2016,Shute and Tancred Islands,-20.3009,148.7983,5.099828531280933,1,,shallow_preferred,0.233707212491976,Shute and Tancred Islands,leave_site_out,50.0
2017,Shute and Tancred Islands,-20.3009,148.7983,1.4164816374178564,2,3.6,shallow_preferred,0.233707212491976,Shute and Tancred Islands,leave_site_out,50.0
2020,Shute and Tancred Islands,-20.3009,148.7983,1.348653458250242,1,,shallow_preferred,0.233707212491976,Shute and Tancred Islands,leave_site_out,50.0
2022,Shute and Tancred Islands,-20.3009,148.7983,1.2805066431930934,1,,shallow_preferred,0.233707212491976,Shute and Tancred Islands,leave_site_out,50.0
2024,Shute and Tancred Islands,-20.3009,148.7983,1.6179930495016066,1,,shallow_preferred,0.233707212491976,Shute and Tancred Islands,leave_site_out,50.0
2016,Small Lagoon Reef,-21.8678,152.5239,0.1231167317810061,1,,shallow_preferred,-0.37210952121293006,Small Lagoon Reef,leave_site_out,50.0
2017,Small Lagoon Reef,-21.8678,152.5239,0.6451005694404068,1,,shallow_preferred,-0.37210952121293006,Small Lagoon Reef,leave_site_out,50.0
2020,Small Lagoon Reef,-21.8678,152.5239,2.2234787121065374,1,,shallow_preferred,-0.37210952121293006,Small Lagoon Reef,leave_site_out,50.0
2022,Small Lagoon Reef,-21.8678,152.5239,-0.49,1,,shallow_preferred,-0.37210952121293006,Small Lagoon Reef,leave_site_out,50.0
2016,Snake Reef,-22.0232,152.1928,0.3360573961696979,1,,shallow_preferred,-0.19038164567093677,Snake Reef,leave_site_out,50.0
2017,Snake Reef,-22.0232,152.1928,-1.8438006949277133,1,,shallow_preferred,-0.19038164567093677,Snake Reef,leave_site_out,50.0
2020,Snake Reef,-22.0232,152.1928,-0.0755047190480606,1,,shallow_preferred,-0.19038164567093677,Snake Reef,leave_site_out,50.0
2022,Snake Reef,-22.0232,152.1928,0.2680475636644979,1,,shallow_preferred,-0.19038164567093677,Snake Reef,leave_site_out,50.0
2024,Snake Reef,-22.0232,152.1928,-1.1544690991552988,1,,shallow_preferred,-0.19038164567093677,Snake Reef,leave_site_out,50.0
2016,Snapper Island North,-16.2924,145.4969,5.2608957298267205,1,13.6,shallow_preferred,0.5759858763673591,Snapper Island North,leave_site_out,50.0
2017,Snapper Island North,-16.2924,145.4969,4.04035081925011,1,,shallow_preferred,0.5759858763673591,Snapper Island North,leave_site_out,50.0
2020,Snapper Island North,-16.2924,145.4969,5.115966535074563,1,,shallow_preferred,0.5759858763673591,Snapper Island North,leave_site_out,50.0
2022,Snapper Island North,-16.2924,145.4969,4.223499478603828,1,,shallow_preferred,0.5759858763673591,Snapper Island North,leave_site_out,50.0
2024,Snapper Island North,-16.2924,145.4969,7.4435563247489664,1,,shallow_preferred,0.5759858763673591,Snapper Island North,leave_site_out,50.0
2016,St Crispin Reef,-16.0733,145.8438,0.8079247213057474,1,,shallow_preferred,0.3994359007050703,St Crispin Reef,leave_site_out,50.0
2017,St Crispin Reef,-16.0733,145.8438,0.1684520194030891,1,,shallow_preferred,0.3994359007050703,St Crispin Reef,leave_site_out,50.0
2020,St Crispin Reef,-16.0733,145.8438,88.25537843400438,1,,shallow_preferred,0.3994359007050703,St Crispin Reef,leave_site_out,50.0
2022,St Crispin Reef,-16.0733,145.8438,-0.410183903401097,1,,shallow_preferred,0.3994359007050703,St Crispin Reef,leave_site_out,50.0
2024,St Crispin Reef,-16.0733,145.8438,-2.0280244486688037,1,,shallow_preferred,0.3994359007050703,St Crispin Reef,leave_site_out,50.0
2016,Taylor Reef,-17.8121,146.5703,2.0139693667363594,1,,shallow_preferred,0.9670187610732345,Taylor Reef,leave_site_out,50.0
2017,Taylor Reef,-17.8121,146.5703,0.914864962408548,1,,shallow_preferred,0.9670187610732345,Taylor Reef,leave_site_out,50.0
2020,Taylor Reef,-17.8121,146.5703,0.3831780430515588,1,,shallow_preferred,0.9670187610732345,Taylor Reef,leave_site_out,50.0
2022,Taylor Reef,-17.8121,146.5703,1.8551421834079156,1,,shallow_preferred,0.9670187610732345,Taylor Reef,leave_site_out,50.0
2024,Taylor Reef,-17.8121,146.5703,-0.1915376615305835,1,,shallow_preferred,0.9670187610732345,Taylor Reef,leave_site_out,50.0
2016,Tern Reef,-20.9023,150.0264,-1.95,1,,shallow_preferred,-0.7637954753711756,Tern Reef,leave_site_out,50.0
2017,Tern Reef,-20.9023,150.0264,-1.4831185058775374,1,,shallow_preferred,-0.7637954753711756,Tern Reef,leave_site_out,50.0
2020,Tern Reef,-20.9023,150.0264,-1.0741594610218153,1,,shallow_preferred,-0.7637954753711756,Tern Reef,leave_site_out,50.0
2022,Tern Reef,-20.9023,150.0264,-1.940902751155893,1,,shallow_preferred,-0.7637954753711756,Tern Reef,leave_site_out,50.0
2024,Tern Reef,-20.9023,150.0264,-3.845918940878663,1,,shallow_preferred,-0.7637954753711756,Tern Reef,leave_site_out,50.0
2016,Thetford Reef,-16.7995,146.1951,1.7851117645284935,1,,shallow_preferred,0.795122922106647,Thetford Reef,leave_site_out,50.0
2017,Thetford Reef,-16.7995,146.1951,0.2855790394732214,1,,shallow_preferred,0.795122922106647,Thetford Reef,leave_site_out,50.0
2020,Thetford Reef,-16.7995,146.1951,1.1996534608867409,1,,shallow_preferred,0.795122922106647,Thetford Reef,leave_site_out,50.0
2022,Thetford Reef,-16.7995,146.1951,0.6869782559540729,1,,shallow_preferred,0.795122922106647,Thetford Reef,leave_site_out,50.0
2024,Thetford Reef,-16.7995,146.1951,1.199482382797532,1,,shallow_preferred,0.795122922106647,Thetford Reef,leave_site_out,50.0
2017,Tryon Island,-23.2457,151.7739,0.2693227123175901,1,,shallow_preferred,0.17768220446678645,Tryon Island,leave_site_out,50.0
2020,Tryon Island,-23.2457,151.7739,-3.263919477013788,1,,shallow_preferred,0.17768220446678645,Tryon Island,leave_site_out,50.0
2022,Tryon Island,-23.2457,151.7739,0.7394298817738182,1,,shallow_preferred,0.17768220446678645,Tryon Island,leave_site_out,50.0
2024,Tryon Island,-23.2457,151.7739,-1.813614176405533,1,,shallow_preferred,0.17768220446678645,Tryon Island,leave_site_out,50.0
2020,Tuesday,-10.5519,142.3265,2.989141947783424,1,,shallow_preferred,0.019839139320542303,Tuesday,leave_site_out,50.0
2016,Turner Cay,-21.7031,152.5605,-0.16,1,,all_available,-0.2805612846591335,Turner Cay,leave_site_out,50.0
2017,Turner Cay,-21.7031,152.5605,-0.9409643198063032,1,,all_available,-0.2805612846591335,Turner Cay,leave_site_out,50.0
2020,Turner Cay,-21.7031,152.5605,-1.2722601282566712,1,,all_available,-0.2805612846591335,Turner Cay,leave_site_out,50.0
2022,Turner Cay,-21.7031,152.5605,-1.11,1,,all_available,-0.2805612846591335,Turner Cay,leave_site_out,50.0
2024,Turner Cay,-21.7031,152.5605,-2.5344971807506527,1,,all_available,-0.2805612846591335,Turner Cay,leave_site_out,50.0
2017,Twin Island,-10.4629,142.4358,0.144507896456286,1,,shallow_preferred,0.3603149333124621,Twin Island,leave_site_out,50.0
2020,Tydeman Cay,-13.9715,144.5017,-5.401408447634655,2,2.6,shallow_preferred,-0.5446857652452932,Tydeman Cay,leave_site_out,50.0
2022,Tydeman Cay,-13.9715,144.5017,-3.554377203886662,1,,shallow_preferred,-0.5446857652452932,Tydeman Cay,leave_site_out,50.0
2017,Warraber Island,-10.200800000000001,142.81900000000002,-0.5776570387070736,2,1.2,shallow_preferred,0.10442895553712057,Warraber Island,leave_site_out,50.0
2020,Warraber Island,-10.2007,142.8189,1.78781952851811,1,,all_available,0.10447027962961956,Warraber Island,leave_site_out,50.0
2022,Warraber Island,-10.2007,142.8189,-3.827378726930228,1,,all_available,0.10447027962961956,Warraber Island,leave_site_out,50.0
2017,Willis Island,-16.288,149.96345,-0.004634673557972757,2,,shallow_preferred,-0.9707795785263745,Willis Island,leave_site_out,50.0
2020,Willis Island,-16.28805,149.9634,-5.210242417599298,2,,shallow_preferred,-0.9708215417491163,Willis Island,leave_site_out,50.0
2024,Willis Island,-16.2897,149.9649,-13.17,1,,shallow_preferred,-0.9665422846283271,Willis Island,leave_site_out,50.0
2016,Woiz Reef,-10.1741,143.226,9.436863183715728,1,,all_available,-0.2669934090288681,Woiz Reef,leave_site_out,50.0
2017,Woiz Reef,-10.1744,143.2264,-0.0823360794803385,1,,shallow_preferred,-0.2671920040935449,Woiz Reef,leave_site_out,50.0
2020,Woiz Reef,-10.1744,143.2264,1.1404435733747071,1,,shallow_preferred,-0.2671920040935449,Woiz Reef,leave_site_out,50.0
2022,Woiz Reef,-10.1744,143.2264,-0.5409761267719593,1,,shallow_preferred,-0.2671920040935449,Woiz Reef,leave_site_out,50.0
2016,Yonge Reef,-14.5731,145.6147,-1.8764307465645336,1,,shallow_preferred,-0.5516991287744712,Yonge Reef,leave_site_out,50.0
2017,Yonge Reef,-14.5731,145.6147,-1.6965574448576124,1,,shallow_preferred,-0.5516991287744712,Yonge Reef,leave_site_out,50.0
2020,Yonge Reef,-14.57695,145.61415,-4.376788490280496,2,,shallow_preferred,-0.5457675026844373,Yonge Reef,leave_site_out,50.0
2024,Yonge Reef,-14.5731,145.6147,-1.8594030718308463,1,,shallow_preferred,-0.5516991287744712,Yonge Reef,leave_site_out,50.0
2016,19-131 Reef,-19.7641,149.3786,2.4881428483989625,1,,shallow_preferred,-0.7990505198481755,2016,leave_event_out,100.0
2016,19-138 Reef,-19.8024,149.4199,1.615120950831018,1,,shallow_preferred,-0.8026973594001423,2016,leave_event_out,100.0
2016,19-159 Reef,-19.6661,149.9146,-3.01,1,,shallow_preferred,-1.5765769801313543,2016,leave_event_out,100.0
2016,20-104 Reef,-20.0286,149.6933,1.2862792410082275,1,,shallow_preferred,-1.1331503590577365,2016,leave_event_out,100.0
2016,21-062 Reef,-21.028,150.8534,-0.47,1,,shallow_preferred,-0.9946364944651971,2016,leave_event_out,100.0
2016,21-139 Reef,-21.4552,151.4654,-0.64,1,,shallow_preferred,-0.4765159319822216,2016,leave_event_out,100.0
2016,21-187 Reef,-21.4072,151.6414,-0.31,1,,shallow_preferred,-0.4777746491904789,2016,leave_event_out,100.0
2016,21-245 Reef,-21.298,152.4425,0.0,1,,shallow_preferred,-0.49890184889079553,2016,leave_event_out,100.0
2016,21-550 Reef,-21.9471,152.3069,0.0921533394028272,1,,shallow_preferred,-0.24017525933999867,2016,leave_event_out,100.0
2016,21-591 Reef,-21.0266,150.3807,-1.14,1,,all_available,-0.9912377293789366,2016,leave_event_out,100.0
2016,Agincourt Reef Number 1,-16.0398,145.8652,0.6706690019749448,1,,shallow_preferred,0.5469769642307805,2016,leave_event_out,100.0
2016,Arlington Reef,-16.6891,146.0871,1.8697210938847693,1,,shallow_preferred,0.6345015418719638,2016,leave_event_out,100.0
2016,Barren Island,-23.1578,151.0707,0.3594048150164696,1,,all_available,0.9333613186810477,2016,leave_event_out,100.0
2016,Border Island,-20.171,149.0319,-1.1542022049138567,1,,shallow_preferred,0.11748692507145277,2016,leave_event_out,100.0
2016,Boult Reef,-23.747,152.2725,-0.15,1,,shallow_preferred,-0.645203382079785,2016,leave_event_out,100.0
2016,Cattle Bay,-18.5691,146.4823,-0.6118180509479609,1,,shallow_preferred,-0.022380331701137936,2016,leave_event_out,100.0
2016,Centipede Reef,-18.7324,147.554,-1.864780516451196,1,,all_available,-1.4174007521131196,2016,leave_event_out,100.0
2016,Chicken Reef,-18.6534,147.7199,-1.9926378104458151,1,,shallow_preferred,-1.5839456330277688,2016,leave_event_out,100.0
2016,Chinaman Reef,-21.9973,152.664,-0.0185903126361312,1,,shallow_preferred,-0.22369142613683268,2016,leave_event_out,100.0
2016,Davies Reef,-18.8065,147.6688,-1.1285137776708165,1,,shallow_preferred,-1.4526495325468203,2016,leave_event_out,100.0
2016,Daydream Island,-20.2557,148.8122,2.6965346641335963,1,,shallow_preferred,0.2307178430225779,2016,leave_event_out,100.0
2016,Dent Island,-20.345,148.9382,2.8108011389618843,1,,shallow_preferred,0.5676358452578679,2016,leave_event_out,100.0
2016,Dip Reef,-18.3999,147.4519,-4.222305870596005,1,,all_available,-1.5987032448389535,2016,leave_event_out,100.0
2016,Double Cone,-20.1046,148.7218,0.4252579264263967,1,,shallow_preferred,-0.05754791657946831,2016,leave_event_out,100.0
2016,Dunk Island,-17.9263,146.1461,-1.417138406452865,1,,shallow_preferred,0.853098406462349,2016,leave_event_out,100.0
2016,East Cay,-21.4727,152.5662,0.0,1,,shallow_preferred,-0.4941233869709143,2016,leave_event_out,100.0
2016,Erskine Island,-23.498800000000003,151.7748,0.0,2,6.25,shallow_preferred,0.09887769231448477,2016,leave_event_out,100.0
2016,Farquharson Reef,-17.79,146.5315,2.174716284413961,1,,shallow_preferred,0.9538066915102512,2016,leave_event_out,100.0
2016,Feather Reef,-17.51845,146.3896,-0.4887138188329878,2,1.1,shallow_preferred,0.5817764143820108,2016,leave_event_out,100.0
2016,Frankland Islands,-17.227,146.0904,-0.6161032549995185,1,,shallow_preferred,0.3638488173976113,2016,leave_event_out,100.0
2016,Gannet Cay Reef,-21.9784,152.4742,-0.35,1,,shallow_preferred,-0.23097018879224238,2016,leave_event_out,100.0
2016,Geoffrey Bay,-19.1549,146.8685,13.548800298159325,1,,all_available,0.7136384584402254,2016,leave_event_out,100.0
2016,"Green Island, Qld",-16.7755,145.9803,-0.3151215766624777,1,,all_available,0.6810358583013881,2016,leave_event_out,100.0
2016,Hastings Reef,-16.5013,146.017,2.161549404886196,1,,shallow_preferred,0.7861648931362308,2016,leave_event_out,100.0
2016,Havannah Island,-18.8472,146.5428,1.2404488095497328,1,,shallow_preferred,0.4705723088571479,2016,leave_event_out,100.0
2016,Hayman Island,-20.0413,148.8819,-0.4657770304710102,1,,shallow_preferred,-0.10266776929416284,2016,leave_event_out,100.0
2016,Hedley Reef,-17.2235,146.4754,0.2598472693507516,1,,shallow_preferred,0.38662832535095537,2016,leave_event_out,100.0
2016,Helix Reef,-18.6201,147.2976,-0.3794971308614112,1,,all_available,-1.3982899204187502,2016,leave_event_out,100.0
2016,High Island,-17.1622,146.007,-0.051167761052802,1,,shallow_preferred,0.6052207274630127,2016,leave_event_out,100.0
2016,Horseshoe Reef,-22.0227,152.6166,-0.53,1,,shallow_preferred,-0.22157527755146897,2016,leave_event_out,100.0
2016,Humpy Island,-23.2162,150.9638,-0.0253816807258292,1,,shallow_preferred,1.163508365069106,2016,leave_event_out,100.0
2016,Hyde Reef,-19.7457,150.0822,-3.13,1,,shallow_preferred,-1.7134066757419733,2016,leave_event_out,100.0
2016,John Brewer,-18.6189,147.0813,-0.3312680887880521,2,4.0,shallow_preferred,-1.1656610329242059,2016,leave_event_out,100.0
2016,Knife Reef,-18.5711,147.5772,-0.9066023963914605,1,,all_available,-1.6211679099667333,2016,leave_event_out,100.0
2016,Lady Musgrave,-23.8884,152.422,-0.611715588038071,1,,shallow_preferred,-0.44975284668209864,2016,leave_event_out,100.0
2016,Langford Island,-20.0877,148.8848,-1.231077688911029,1,,shallow_preferred,-0.10049892650931899,2016,leave_event_out,100.0
2016,Linnet Reef,-14.7811,145.3474,7.626145269299075,1,,shallow_preferred,-0.26302110048262267,2016,leave_event_out,100.0
2016,Lizard Island,-14.694067,145.45705,-0.683264140547168,1,0.6,shallow_preferred,-0.4164572515188893,2016,leave_event_out,100.0
2016,Low Isles,-16.3831,145.5619,3.328373418627904,1,,shallow_preferred,1.0066789232632045,2016,leave_event_out,100.0
2016,Mackay Reef,-16.0399,145.6506,3.142228224810014,1,,shallow_preferred,0.7912708235369661,2016,leave_event_out,100.0
2016,Martin,-14.7553,145.3722,3.718709690722728,1,,all_available,-0.28187110985073427,2016,leave_event_out,100.0
2016,Mast Head Reef,-23.5341,151.7497,0.0,1,,all_available,0.4583428959701897,2016,leave_event_out,100.0
2016,McCulloch Reef,-17.2834,146.4777,-0.1369223508137507,1,,shallow_preferred,0.4061405587096572,2016,leave_event_out,100.0
2016,Michaelmas Reef,-16.5528,146.0454,2.5921159963802545,1,,shallow_preferred,0.7963234766903124,2016,leave_event_out,100.0
2016,Moore Reef,-16.8519,146.2336,1.393790788382177,1,,shallow_preferred,0.580322066828318,2016,leave_event_out,100.0
2016,North Keppel Island,-23.0864,150.9052,0.4119327808008783,1,,shallow_preferred,1.1095606536849685,2016,leave_event_out,100.0
2016,North Reef,-23.1775,151.9041,0.0,1,5.5,shallow_preferred,-0.39030616053737865,2016,leave_event_out,100.0
2016,One Tree Island,-23.4833,152.0739,0.0746192843859103,2,,all_available,-0.5667034449458087,2016,leave_event_out,100.0
2016,Opal Reef,-16.2034,145.9065,-0.870952350315747,1,,all_available,0.674845957289433,2016,leave_event_out,100.0
2016,Orpheus Island,-18.601750000000003,146.48829999999998,0.14085842937082727,2,,all_available,-0.006419316522827261,2016,leave_event_out,100.0
2016,Pandora Reef,-18.8164,146.4341,-1.230475505080305,1,,shallow_preferred,0.46563883805941103,2016,leave_event_out,100.0
2016,Peak Island,-23.3413,150.9369,0.7980236209381337,1,,shallow_preferred,1.3289122272225589,2016,leave_event_out,100.0
2016,Peart Reef,-17.46705,146.40255,-0.7899533874370499,2,2.4,shallow_preferred,0.5753457685262163,2016,leave_event_out,100.0
2016,Pelican Island,-23.2397,150.8742,0.8965753957673843,1,,shallow_preferred,1.208218102327127,2016,leave_event_out,100.0
2016,Pelorus Island,-18.5406,146.4888,-0.4118532764787783,1,,shallow_preferred,-0.03677086289167902,2016,leave_event_out,100.0
2016,Penrith Reef,-21.0032,149.8875,-1.99,1,,all_available,-0.8934072883682425,2016,leave_event_out,100.0
2016,Pine Island,-20.378,148.8884,2.758559077194137,1,,shallow_preferred,0.5826349751229962,2016,leave_event_out,100.0
2016,Pompey Reef (No 1),-20.9201,150.5582,-0.8300000000000001,1,,shallow_preferred,-0.9861365740495458,2016,leave_event_out,100.0
2016,Rebe Reef,-19.795,150.1499,-2.99,1,,shallow_preferred,-1.8008477521516424,2016,leave_event_out,100.0
2016,Rib Reef,-18.473,146.8774,-0.1772024504667313,1,,shallow_preferred,-0.798744259252709,2016,leave_event_out,100.0
2016,Seaforth Island,-20.4685,149.0389,1.428689279780309,1,,shallow_preferred,0.593464929400355,2016,leave_event_out,100.0
2016,Shute and Tancred Islands,-20.3009,148.7983,5.099828531280933,1,,shallow_preferred,0.2747081332156488,2016,leave_event_out,100.0
2016,Small Lagoon Reef,-21.8678,152.5239,0.1231167317810061,1,,shallow_preferred,-0.2401677468147686,2016,leave_event_out,100.0
2016,Snake Reef,-22.0232,152.1928,0.3360573961696979,1,,shallow_preferred,-0.2511915778643047,2016,leave_event_out,100.0
2016,Snapper Island North,-16.2924,145.4969,5.2608957298267205,1,13.6,shallow_preferred,1.0565883430023306,2016,leave_event_out,100.0
2016,St Crispin Reef,-16.0733,145.8438,0.8079247213057474,1,,shallow_preferred,0.5897785642346277,2016,leave_event_out,100.0
2016,Taylor Reef,-17.8121,146.5703,2.0139693667363594,1,,shallow_preferred,0.9493614929657304,2016,leave_event_out,100.0
2016,Tern Reef,-20.9023,150.0264,-1.95,1,,shallow_preferred,-0.9665965444244922,2016,leave_event_out,100.0
2016,Thetford Reef,-16.7995,146.1951,1.7851117645284935,1,,shallow_preferred,0.6331022122465831,2016,leave_event_out,100.0
2016,Turner Cay,-21.7031,152.5605,-0.16,1,,all_available,-0.3782010569315913,2016,leave_event_out,100.0
2016,Woiz Reef,-10.1741,143.226,9.436863183715728,1,,all_available,-0.1772388278124942,2016,leave_event_out,100.0
2016,Yonge Reef,-14.5731,145.6147,-1.8764307465645336,1,,shallow_preferred,-0.6903247160360774,2016,leave_event_out,100.0
2017,19-131 Reef,-19.7641,149.3786,0.1648669316651334,1,,shallow_preferred,-0.5905718402439771,2017,leave_event_out,100.0
2017,19-138 Reef,-19.8024,149.4199,-0.6955989138045973,1,,shallow_preferred,-0.5982258621450701,2017,leave_event_out,100.0
2017,19-159 Reef,-19.6661,149.9146,-0.47,1,,shallow_preferred,-1.618489000090357,2017,leave_event_out,100.0
2017,20-104 Reef,-20.0286,149.6933,-0.2948143010351345,1,,shallow_preferred,-1.0791335182129052,2017,leave_event_out,100.0
2017,21-062 Reef,-21.028,150.8534,-1.3030360356554327,1,,shallow_preferred,-0.7144160634521125,2017,leave_event_out,100.0
2017,21-139 Reef,-21.4552,151.4654,-0.8370985853263284,1,,shallow_preferred,-0.3646420662074461,2017,leave_event_out,100.0
2017,21-187 Reef,-21.4072,151.6414,-0.6164626088503855,1,,shallow_preferred,-0.40562135508950975,2017,leave_event_out,100.0
2017,21-245 Reef,-21.298,152.4425,0.0679673369730013,1,,shallow_preferred,-0.5724357146558051,2017,leave_event_out,100.0
2017,21-550 Reef,-21.9471,152.3069,0.3405297474348194,1,,shallow_preferred,-0.25290903392305086,2017,leave_event_out,100.0
2017,21-591 Reef,-21.0266,150.3807,-2.930230544831029,1,,all_available,-0.6902323697471754,2017,leave_event_out,100.0
2017,Agincourt Reef Number 1,-16.0384,145.8688,-3.146731387263813,1,,all_available,0.558441191002701,2017,leave_event_out,100.0
2017,Arlington Reef,-16.6891,146.0871,0.8026286572687749,1,,shallow_preferred,0.47619509622456174,2017,leave_event_out,100.0
2017,Barren Island,-23.1578,151.0707,0.6004196062900613,1,,all_available,0.5117399757766037,2017,leave_event_out,100.0
2017,Bedarra Island,-18.0094,146.148,3.5504139827964547,1,,shallow_preferred,0.6455188114845664,2017,leave_event_out,100.0
2017,Border Island,-20.171,149.0319,-0.5385739067167545,1,,shallow_preferred,0.1155099558399167,2017,leave_event_out,100.0
2017,Boult Reef,-23.747,152.2725,-1.5204336353105217,1,,shallow_preferred,-0.453784928150007,2017,leave_event_out,100.0
2017,Camp Island East,-19.8508,147.9052,6.633293001799257,1,,shallow_preferred,-0.17872188728909189,2017,leave_event_out,100.0
2017,Carter,-14.5238,145.5817,-5.795992916884115,1,,all_available,-0.26420174689214915,2017,leave_event_out,100.0
2017,Cattle Bay,-18.5691,146.4823,-0.2121164498235934,1,5.6,shallow_preferred,-0.19944716688268657,2017,leave_event_out,100.0
2017,Cherepo,-10.6893,142.2799,0.9537529396181982,1,,shallow_preferred,0.20082828030418598,2017,leave_event_out,100.0
2017,Chicken Reef,-18.6534,147.7199,-1.3663101188473838,1,,shallow_preferred,-1.4833862626674759,2017,leave_event_out,100.0
2017,Chinaman Reef,-21.9973,152.664,0.076558152790821,1,,shallow_preferred,-0.25920126897970563,2017,leave_event_out,100.0
2017,Davies Reef,-18.8065,147.6688,-0.460888870782222,1,,shallow_preferred,-1.3710941520416144,2017,leave_event_out,100.0
2017,Dent Island,-20.345,148.9382,2.042098752777987,1,,shallow_preferred,0.7500958552109006,2017,leave_event_out,100.0
2017,Dip Reef,-18.3999,147.4519,-4.333377514241236,1,,all_available,-1.4819657686265442,2017,leave_event_out,100.0
2017,Double Cone,-20.1046,148.7218,0.2690576907372026,1,,shallow_preferred,-0.03462426081721718,2017,leave_event_out,100.0
2017,Dugong Island,-10.518,143.0997,-0.3522696767022557,1,,shallow_preferred,-0.32931226080889087,2017,leave_event_out,100.0
2017,Dunk Island,-17.9263,146.1461,0.2751631929575673,1,,shallow_preferred,0.6708357498215068,2017,leave_event_out,100.0
2017,East Cay,-21.4727,152.5662,0.160089970195385,1,,shallow_preferred,-0.5731287261308277,2017,leave_event_out,100.0
2017,Erskine Island,-23.498800000000003,151.7748,-0.038515396352895456,2,6.25,shallow_preferred,0.057667925141089725,2017,leave_event_out,100.0
2017,Farquharson Reef,-17.79,146.5315,1.465914024900595,1,,shallow_preferred,0.8102448790352095,2017,leave_event_out,100.0
2017,Feather Reef,-17.519,146.3887,0.6378752502221996,1,,shallow_preferred,0.27571067154479834,2017,leave_event_out,100.0
2017,Fitzroy Island,-16.9233,145.9963,2.110728215512085,1,7.6,shallow_preferred,0.2853227591553198,2017,leave_event_out,100.0
2017,Frankland Islands,-17.227,146.0904,1.5541734846759017,1,,shallow_preferred,-0.03109498239201773,2017,leave_event_out,100.0
2017,Gannet Cay Reef,-21.9784,152.4742,-0.1627587981511653,1,,shallow_preferred,-0.26058624604587954,2017,leave_event_out,100.0
2017,Geoffrey Bay,-19.1548,146.8685,5.926048371480657,1,,shallow_preferred,0.6717706217010451,2017,leave_event_out,100.0
2017,"Green Island, Qld",-16.7583,145.97,2.340191435615312,1,,shallow_preferred,0.46918045711282014,2017,leave_event_out,100.0
2017,Hastings Reef,-16.5013,146.017,0.4853243896715344,1,,shallow_preferred,0.4983871266782736,2017,leave_event_out,100.0
2017,Havannah Island,-18.8472,146.5428,0.0869171131405899,1,,shallow_preferred,0.2935193380780513,2017,leave_event_out,100.0
2017,Hayman Island,-20.0413,148.8819,0.1848600545097944,1,,shallow_preferred,-0.0989746564923332,2017,leave_event_out,100.0
2017,Hedley Reef,-17.2235,146.4754,1.5130401055442544,1,,shallow_preferred,-0.006090286818473353,2017,leave_event_out,100.0
2017,Helix Reef,-18.6203,147.2958,-1.0224455431706163,1,,shallow_preferred,-1.271295929452201,2017,leave_event_out,100.0
2017,Heron Island,-23.4384,151.9182,1.4967732072370152,1,,shallow_preferred,-0.022533375586348,2017,leave_event_out,100.0
2017,High Island,-17.1622,146.007,0.670128926553808,1,,shallow_preferred,0.11552123796804481,2017,leave_event_out,100.0
2017,Holbourne Island East,-19.7333,148.3644,-3.374739542342464,1,,all_available,-0.08555520921700419,2017,leave_event_out,100.0
2017,Horseshoe Reef,-22.0227,152.6166,-0.2975069033353643,1,,shallow_preferred,-0.25478812299522163,2017,leave_event_out,100.0
2017,Humpy Island,-23.2162,150.9638,1.8548445110707927,1,,shallow_preferred,0.7013333206476874,2017,leave_event_out,100.0
2017,Hyde Reef,-19.7457,150.0822,-0.8,1,,shallow_preferred,-1.8154904843513637,2017,leave_event_out,100.0
2017,John Brewer,-18.6189,147.0813,-0.19977371658930343,2,4.0,shallow_preferred,-1.151026969602339,2017,leave_event_out,100.0
2017,Knife Reef,-18.5711,147.5772,-4.635100374605694,1,,all_available,-1.4814214422426628,2017,leave_event_out,100.0
2017,Kubin Island,-10.2388,142.2176,-0.1928151333613488,1,,all_available,0.1294278398761935,2017,leave_event_out,100.0
2017,Lady Elliot Reef,-18.6798,146.3325,5.367763141106728,1,,shallow_preferred,-0.07051364879550695,2017,leave_event_out,100.0
2017,Lady Musgrave,-23.8884,152.422,-1.75598395577755,1,,shallow_preferred,-0.2132167988760508,2017,leave_event_out,100.0
2017,Langford Island,-20.0877,148.8848,-1.0806375377260815,1,,shallow_preferred,-0.09327417864441008,2017,leave_event_out,100.0
2017,Linnet Reef,-14.7852,145.3554,3.206928576833631,1,,all_available,0.16573128179913107,2017,leave_event_out,100.0
2017,Lizard Island,-14.6884,145.4422,3.4645279972952707,1,,shallow_preferred,-0.0322294377973091,2017,leave_event_out,100.0
2017,Low Isles,-16.3831,145.5619,2.0405781380827364,1,,shallow_preferred,1.0899914397594686,2017,leave_event_out,100.0
2017,Macgillivray,-14.6485,145.4915,-0.9683515096486346,1,,all_available,-0.14188674608057777,2017,leave_event_out,100.0
2017,Mackay Reef,-16.0399,145.6506,2.2522848881274307,1,,shallow_preferred,0.8396366819102461,2017,leave_event_out,100.0
2017,Manning Island,-23.854,151.3533,3.6855037764959153,1,2.0,shallow_preferred,1.3208355204942035,2017,leave_event_out,100.0
2017,Martin,-14.7553,145.3722,2.925004485266232,1,,all_available,0.1338893622264542,2017,leave_event_out,100.0
2017,Mast Head Reef,-23.5341,151.7497,0.2643198653873018,1,,all_available,0.3108721731840933,2017,leave_event_out,100.0
2017,McCulloch Reef,-17.2834,146.4777,1.6562348400435951,1,,shallow_preferred,-0.0055105035632695195,2017,leave_event_out,100.0
2017,Michaelmas Reef,-16.5528,146.0454,2.5909335644133407,1,,shallow_preferred,0.5148112619371655,2017,leave_event_out,100.0
2017,Moore Reef,-16.8519,146.2336,-0.1839636080845217,1,,shallow_preferred,0.31046293912807305,2017,leave_event_out,100.0
2017,No Name,-14.6279,145.6453,-6.923401607784927,1,,all_available,-0.2728409315244654,2017,leave_event_out,100.0
2017,North Direction Island,-14.7435,145.5136,1.654546928877684,1,,shallow_preferred,-0.047501451969817955,2017,leave_event_out,100.0
2017,North Keppel Island,-23.0864,150.9052,1.558054564812532,1,,shallow_preferred,0.6582651781245691,2017,leave_event_out,100.0
2017,North Reef,-23.1775,151.9041,-1.6125873014673375,1,5.5,shallow_preferred,-0.3642326103359322,2017,leave_event_out,100.0
2017,Northeast Reef,-18.5718,146.4947,1.081957224109642,1,2.0,shallow_preferred,-0.20036357054043966,2017,leave_event_out,100.0
2017,One Tree Island,-23.4833,152.0739,-2.369160070150796,3,,all_available,-0.44643340458678293,2017,leave_event_out,100.0
2017,Opal Reef,-16.2042,145.9005,4.085801976706115,1,,shallow_preferred,0.6467037266250818,2017,leave_event_out,100.0
2017,Orpheus Island,-18.601750000000003,146.48829999999998,0.5985243157258839,2,,all_available,-0.1864456006061146,2017,leave_event_out,100.0
2017,Pandora Reef,-18.8164,146.4341,0.4563194908363481,1,,shallow_preferred,0.25960414455254816,2017,leave_event_out,100.0
2017,Peak Island,-23.3413,150.9369,2.5338963002932164,1,,shallow_preferred,0.8899339389019237,2017,leave_event_out,100.0
2017,Peart Reef,-17.4676,146.402,0.2564586963575834,1,,shallow_preferred,0.2528965824491775,2017,leave_event_out,100.0
2017,Pelican Island,-23.2397,150.8742,5.076861281952688,1,,shallow_preferred,0.7350270603211184,2017,leave_event_out,100.0
2017,Pelorus Island,-18.5406,146.4888,0.2443588332417867,1,,shallow_preferred,-0.21148906722807778,2017,leave_event_out,100.0
2017,Penrith Reef,-21.0032,149.8875,-3.2164805609812284,1,,all_available,-0.6552469470391543,2017,leave_event_out,100.0
2017,Pine Island,-20.378,148.8884,2.267680691159056,1,,shallow_preferred,0.7723352100293078,2017,leave_event_out,100.0
2017,Pompey Reef (No 1),-20.9201,150.5582,-1.4256318177575098,1,,shallow_preferred,-0.6854920904803518,2017,leave_event_out,100.0
2017,Rat Island,-23.767,151.3185,5.937374202789373,1,,shallow_preferred,1.4374842671289139,2017,leave_event_out,100.0
2017,Rebe Reef,-19.795,150.1499,-3.61,1,,shallow_preferred,-1.8943874246867183,2017,leave_event_out,100.0
2017,Repulse,-20.5779,148.8625,-1.5644129148914745,1,,all_available,0.8364273723827719,2017,leave_event_out,100.0
2017,Rib Reef,-18.473,146.8774,-0.4027165745273926,1,9.4,shallow_preferred,-0.8474551081571493,2017,leave_event_out,100.0
2017,Seaforth Island,-20.4685,149.0389,1.416027765909833,1,,shallow_preferred,0.7842741006499674,2017,leave_event_out,100.0
2017,Seal Rocks North,-23.9583,151.4849,3.70408024696868,1,,shallow_preferred,1.2343045549453957,2017,leave_event_out,100.0
2017,Shute and Tancred Islands,-20.3009,148.7983,1.4164816374178564,2,3.6,shallow_preferred,0.3431512368649395,2017,leave_event_out,100.0
2017,Small Lagoon Reef,-21.8678,152.5239,0.6451005694404068,1,,shallow_preferred,-0.2808007370341624,2017,leave_event_out,100.0
2017,Snake Reef,-22.0232,152.1928,-1.8438006949277133,1,,shallow_preferred,-0.23915071210312602,2017,leave_event_out,100.0
2017,Snapper Island North,-16.2924,145.4969,4.04035081925011,1,,shallow_preferred,1.143308536377577,2017,leave_event_out,100.0
2017,St Crispin Reef,-16.0733,145.8438,0.1684520194030891,1,,shallow_preferred,0.6007969578777956,2017,leave_event_out,100.0
2017,Taylor Reef,-17.8121,146.5703,0.914864962408548,1,,shallow_preferred,0.8108948964448923,2017,leave_event_out,100.0
2017,Tern Reef,-20.9023,150.0264,-1.4831185058775374,1,,shallow_preferred,-0.6964643417665063,2017,leave_event_out,100.0
2017,Thetford Reef,-16.7995,146.1951,0.2855790394732214,1,,shallow_preferred,0.5007132138091159,2017,leave_event_out,100.0
2017,Tryon Island,-23.2457,151.7739,0.2693227123175901,1,,shallow_preferred,-0.04494166432280315,2017,leave_event_out,100.0
2017,Turner Cay,-21.7031,152.5605,-0.9409643198063032,1,,all_available,-0.46973203552670195,2017,leave_event_out,100.0
2017,Twin Island,-10.4629,142.4358,0.144507896456286,1,,shallow_preferred,0.11559390755770461,2017,leave_event_out,100.0
2017,Warraber Island,-10.200800000000001,142.81900000000002,-0.5776570387070736,2,1.2,shallow_preferred,-0.17562084963617122,2017,leave_event_out,100.0
2017,Willis Island,-16.288,149.96345,-0.004634673557972757,2,,shallow_preferred,-4.848448153611433,2017,leave_event_out,100.0
2017,Woiz Reef,-10.1744,143.2264,-0.0823360794803385,1,,shallow_preferred,-0.09873691679793326,2017,leave_event_out,100.0
2017,Yonge Reef,-14.5731,145.6147,-1.6965574448576124,1,,shallow_preferred,-0.2803792615018424,2017,leave_event_out,100.0
2020,19-131 Reef,-19.7641,149.3786,2.681231950161008,1,,shallow_preferred,-0.6700688934863276,2020,leave_event_out,100.0
2020,19-138 Reef,-19.8024,149.4199,-0.2586793278278807,1,,shallow_preferred,-0.6749108223380085,2020,leave_event_out,100.0
2020,20-104 Reef,-20.0286,149.6933,1.3679715009030966,1,,shallow_preferred,-0.9766502234556839,2020,leave_event_out,100.0
2020,21-062 Reef,-21.0266,150.8538,-0.2332874208135233,1,,all_available,-1.0357048789479435,2020,leave_event_out,100.0
2020,21-187 Reef,-21.4072,151.6414,0.8718928705099143,1,,shallow_preferred,-0.5151858728450143,2020,leave_event_out,100.0
2020,21-245 Reef,-21.2965,152.4465,-0.4331639766129953,1,,all_available,-0.538083362810607,2020,leave_event_out,100.0
2020,21-296 Reef,-21.3297,152.5636,-0.338299175268177,1,,shallow_preferred,-0.5771798292068849,2020,leave_event_out,100.0
2020,21-550 Reef,-21.9471,152.3069,0.2899349813298437,1,,shallow_preferred,-0.2399239895046274,2020,leave_event_out,100.0
2020,Agincourt Reef Number 1,-16.0398,145.8652,-6.3761235901028375,1,,shallow_preferred,0.8595152986601275,2020,leave_event_out,100.0
2020,Aquila Island,-21.9611,149.5816,1.900201645273785,1,,shallow_preferred,-0.372436825708058,2020,leave_event_out,100.0
2020,Arlington Reef,-16.6461,146.1107,-0.5133974087988227,1,,all_available,0.8394909208248279,2020,leave_event_out,100.0
2020,Barren Island,-23.1578,151.0707,-1.7387467211694982,1,,shallow_preferred,0.8941014203172274,2020,leave_event_out,100.0
2020,Bedarra Island,-18.0094,146.148,4.73335811084036,1,,shallow_preferred,0.42755237239845195,2020,leave_event_out,100.0
2020,Cattle Bay,-18.5691,146.4823,-2.477269859827372,1,,shallow_preferred,0.006994518665746509,2020,leave_event_out,100.0
2020,Centipede Reef,-18.7341,147.5522,-0.5921616319662082,1,,shallow_preferred,-1.6862548021849664,2020,leave_event_out,100.0
2020,Chicken Reef,-18.6534,147.7199,-1.3399441724789538,1,,shallow_preferred,-1.7328910492843395,2020,leave_event_out,100.0
2020,Chinaman Reef,-21.9973,152.664,0.3270784856057034,1,2.5,shallow_preferred,-0.2348064685740347,2020,leave_event_out,100.0
2020,Curd Reef,-12.5853,143.5112,4.110928124208211,1,,shallow_preferred,-2.2464196076510254,2020,leave_event_out,100.0
2020,Davies Reef,-18.8065,147.6688,-1.096379040767636,1,,shallow_preferred,-1.7104598262345163,2020,leave_event_out,100.0
2020,Daydream Island,-20.2557,148.8122,0.6551431759961712,1,,shallow_preferred,0.5702943661818792,2020,leave_event_out,100.0
2020,Dent Island,-20.345,148.9382,2.420851269963028,1,,shallow_preferred,0.7028689523519571,2020,leave_event_out,100.0
2020,Dip Reef,-18.3999,147.4519,-3.5408187431900267,1,,all_available,-1.685898053207859,2020,leave_event_out,100.0
2020,Double Cone,-20.1046,148.7218,-0.2069540241686525,1,,shallow_preferred,0.2734157734176486,2020,leave_event_out,100.0
2020,Dugong Island,-10.518,143.0997,-1.334900480255203,1,,shallow_preferred,-0.643437506928539,2020,leave_event_out,100.0
2020,Dunk Island,-17.9263,146.1461,4.646749671684462,1,,shallow_preferred,0.4201974473451184,2020,leave_event_out,100.0
2020,East Cay,-21.4727,152.5662,-1.3561652153503905,1,,shallow_preferred,-0.5232406281119113,2020,leave_event_out,100.0
2020,Erskine Island,-23.4993,151.7749,0.6358016707944536,1,,shallow_preferred,0.37136013875891205,2020,leave_event_out,100.0
2020,Farquharson Reef,-17.79,146.5315,1.6638072792425138,1,,shallow_preferred,0.5728828214276499,2020,leave_event_out,100.0
2020,Feather Reef,-17.519,146.3887,1.2824785990351666,1,,shallow_preferred,0.1250346310739791,2020,leave_event_out,100.0
2020,Fitzroy Island,-16.9233,145.9963,3.912260745858256,1,,shallow_preferred,0.5117696456979597,2020,leave_event_out,100.0
2020,Flinders Reef,-17.71485,148.44805,-0.7344176355788066,2,,shallow_preferred,-1.237355485798263,2020,leave_event_out,100.0
2020,Frankland Islands,-17.227,146.0904,1.7410113732625885,1,,shallow_preferred,0.10971429591872368,2020,leave_event_out,100.0
2020,Gannet Cay Reef,-21.9758,152.4797,-0.4839372673882147,1,,all_available,-0.23800104385022475,2020,leave_event_out,100.0
2020,Geoffrey Bay,-19.1548,146.8685,5.872039081989005,1,,shallow_preferred,0.6107904451715445,2020,leave_event_out,100.0
2020,"Green Island, Qld",-16.7583,145.97,4.1304421271126,1,,shallow_preferred,0.7427383893752021,2020,leave_event_out,100.0
2020,Grub Reef,-18.6214,147.433,-1.9438025416596412,1,,shallow_preferred,-1.6761561161122915,2020,leave_event_out,100.0
2020,Hastings Reef,-16.5013,146.017,-0.6945687193633798,1,,shallow_preferred,0.8710814570006795,2020,leave_event_out,100.0
2020,Havannah Island,-18.8472,146.5428,1.5996019487396875,1,,shallow_preferred,0.43962631497322624,2020,leave_event_out,100.0
2020,Hayman Island,-20.0572,148.8997,-1.086136790930217,1,,all_available,0.21293478244638628,2020,leave_event_out,100.0
2020,Hedley Reef,-17.2235,146.4754,2.2332465574489904,1,,shallow_preferred,0.06878991192562428,2020,leave_event_out,100.0
2020,Helix Reef,-18.6203,147.2958,-0.0315414839450269,1,,shallow_preferred,-1.6110559464678846,2020,leave_event_out,100.0
2020,Henderson Island,-21.4856,149.9091,1.195587940616754,1,,all_available,-0.6813786114039585,2020,leave_event_out,100.0
2020,Heron Island,-23.4384,151.9182,-0.1325011480103937,1,,shallow_preferred,0.3092526567896484,2020,leave_event_out,100.0
2020,High Island,-17.1622,146.007,-4.069798420007173,1,,shallow_preferred,0.2575011439976163,2020,leave_event_out,100.0
2020,Hook Island,-20.1681,148.8871,-3.7770271771735215,1,,shallow_preferred,0.25459410905971464,2020,leave_event_out,100.0
2020,Horseshoe Reef,-22.0227,152.6166,0.5820267758588589,1,,shallow_preferred,-0.23407456506917207,2020,leave_event_out,100.0
2020,Humpy Island,-23.2162,150.9638,-0.1949930341297481,1,,shallow_preferred,1.1119186158042291,2020,leave_event_out,100.0
2020,John Brewer,-18.619,147.0811,0.1904078716576975,1,,shallow_preferred,-1.32936548254626,2020,leave_event_out,100.0
2020,Kelso Reef,-18.4448,146.9933,-2.390825026230913,1,,shallow_preferred,-0.969143653794444,2020,leave_event_out,100.0
2020,Knife Reef,-18.572,147.5759,-0.8337973625298156,1,,shallow_preferred,-1.7600544325738798,2020,leave_event_out,100.0
2020,Lady Elliot Reef,-18.6798,146.3325,7.410464728408286,1,,shallow_preferred,0.10426205895523706,2020,leave_event_out,100.0
2020,Lady Musgrave,-23.8884,152.422,-2.2420646583098907,1,,shallow_preferred,-0.1598372666111246,2020,leave_event_out,100.0
2020,Lagoon Reef,-12.3923,143.74,-1.526612835689486,1,,shallow_preferred,-2.3286030297926748,2020,leave_event_out,100.0
2020,Lizard Island,-14.68796,145.45285,0.4795624356526891,2,0.6,shallow_preferred,0.11733210998221784,2020,leave_event_out,100.0
2020,Low Isles,-16.3831,145.5619,1.407814282110004,1,,shallow_preferred,1.3362482105291082,2020,leave_event_out,100.0
2020,Macgillivray,-14.6485,145.4915,-4.299430568059551,1,,all_available,0.015351607425487487,2020,leave_event_out,100.0
2020,Mackay Reef,-16.0399,145.6506,2.2648477201922943,1,,shallow_preferred,1.0988157361021609,2020,leave_event_out,100.0
2020,Manning Island,-23.854,151.3533,2.9522047055525817,1,,shallow_preferred,1.8061873475369914,2020,leave_event_out,100.0
2020,Martin,-14.7553,145.3722,1.2220278261895885,1,,all_available,0.3009302698786221,2020,leave_event_out,100.0
2020,Mast Head Reef,-23.5341,151.7497,1.3050274284054115,1,,all_available,0.7132104128496222,2020,leave_event_out,100.0
2020,McCulloch Reef,-17.2834,146.4777,2.116830558170516,1,,shallow_preferred,-0.05337003394723162,2020,leave_event_out,100.0
2020,Michaelmas Reef,-16.5528,146.0454,1.1469479944542602,1,,shallow_preferred,0.869984638474352,2020,leave_event_out,100.0
2020,Moore Reef,-16.8519,146.2336,1.5139498544599743,1,,shallow_preferred,0.5030105049965485,2020,leave_event_out,100.0
2020,Moore Reef-Coral Sea,-15.8866,149.1516,-4.987052573988572,1,,shallow_preferred,-3.4818284262960293,2020,leave_event_out,100.0
2020,Myrmidon Reef,-18.2585,147.3814,-0.6244883420862655,1,,shallow_preferred,-1.636623553596475,2020,leave_event_out,100.0
2020,No Name,-14.6308,145.6418,-4.310231988865706,1,,shallow_preferred,-0.17077998056676008,2020,leave_event_out,100.0
2020,North Direction Island,-14.7435,145.5136,-6.57,1,,shallow_preferred,0.11124668023381441,2020,leave_event_out,100.0
2020,North Keppel Island,-23.0864,150.9052,-0.0437870365482258,1,,shallow_preferred,1.0742741757352465,2020,leave_event_out,100.0
2020,North Reef,-23.1755,151.9086,0.0,1,,all_available,-0.06456989712641659,2020,leave_event_out,100.0
2020,Northeast Reef,-18.5718,146.4947,-2.2315763578432497,1,,shallow_preferred,0.004928414431686699,2020,leave_event_out,100.0
2020,Nth Barnards (Jesse Is),-17.6722,146.1742,5.556803929865103,1,,shallow_preferred,0.2086154879684287,2020,leave_event_out,100.0
2020,One Tree Island,-23.4833,152.0739,-3.1230587818809963,3,,all_available,-0.197221376447711,2020,leave_event_out,100.0
2020,Opal Reef,-16.2042,145.9005,-0.7276474892046885,1,,shallow_preferred,0.9955629950914024,2020,leave_event_out,100.0
2020,Pandora Reef,-18.8164,146.4341,2.415483371564374,1,,shallow_preferred,0.41823269089004744,2020,leave_event_out,100.0
2020,Peak Island,-23.3413,150.9369,2.0302291152499343,1,,shallow_preferred,1.1784054515577678,2020,leave_event_out,100.0
2020,Peart Reef,-17.4676,146.402,1.027260252243318,1,,shallow_preferred,0.11009970564471744,2020,leave_event_out,100.0
2020,Pelican Island,-23.2397,150.8742,2.036700049354229,1,,shallow_preferred,1.1395870853866332,2020,leave_event_out,100.0
2020,Pelorus Island,-18.5406,146.4888,-3.0800208505562527,1,,shallow_preferred,0.0014396862758325772,2020,leave_event_out,100.0
2020,Penrith Reef,-21.0036,149.8882,-1.0546015138842613,1,,shallow_preferred,-1.0187314234768325,2020,leave_event_out,100.0
2020,Pine Island,-20.378,148.8884,1.9326931379161556,1,,shallow_preferred,0.7097954325633984,2020,leave_event_out,100.0
2020,Pine Peak Island,-21.5145,150.2515,0.6812159480858444,1,,shallow_preferred,-0.7651367222592053,2020,leave_event_out,100.0
2020,Pompey Reef (No 1),-20.9201,150.5582,-0.0615643802336514,1,,shallow_preferred,-1.0617075665180586,2020,leave_event_out,100.0
2020,Rat Island,-23.767,151.3185,4.032971175530797,1,,shallow_preferred,1.8070574172414977,2020,leave_event_out,100.0
2020,Rebe Reef,-19.795,150.1499,-6.47,1,,shallow_preferred,-1.7147101308123138,2020,leave_event_out,100.0
2020,Repulse,-20.5779,148.8625,3.481321265505569,1,,all_available,0.6317133820719245,2020,leave_event_out,100.0
2020,Rib Reef,-18.473,146.8774,0.4080477107976641,1,,shallow_preferred,-0.49013255470584705,2020,leave_event_out,100.0
2020,Roxburgh Reef,-18.4321,147.0563,-3.331693297466966,1,,shallow_preferred,-1.3329002814763475,2020,leave_event_out,100.0
2020,Sand Bank No7,-13.4363,143.9722,-6.03,1,,shallow_preferred,-2.036259190879201,2020,leave_event_out,100.0
2020,Seaforth Island,-20.4685,149.0389,2.016782735515747,1,,shallow_preferred,0.680638816302164,2020,leave_event_out,100.0
2020,Seal Rocks North,-23.9583,151.4849,2.838999863593152,1,,shallow_preferred,1.5410456536868749,2020,leave_event_out,100.0
2020,Shute and Tancred Islands,-20.3009,148.7983,1.348653458250242,1,,shallow_preferred,0.5974292638433202,2020,leave_event_out,100.0
2020,Small Lagoon Reef,-21.8678,152.5239,2.2234787121065374,1,,shallow_preferred,-0.24702402190689093,2020,leave_event_out,100.0
2020,Snake Reef,-22.0232,152.1928,-0.0755047190480606,1,,shallow_preferred,-0.24515648321329758,2020,leave_event_out,100.0
2020,Snapper Island North,-16.2924,145.4969,5.115966535074563,1,,shallow_preferred,1.3702852113922166,2020,leave_event_out,100.0
2020,St Crispin Reef,-16.0733,145.8438,88.25537843400438,1,,shallow_preferred,0.8987075305155551,2020,leave_event_out,100.0
2020,Taylor Reef,-17.8121,146.5703,0.3831780430515588,1,,shallow_preferred,0.5810372482254053,2020,leave_event_out,100.0
2020,Tern Reef,-20.9023,150.0264,-1.0741594610218153,1,,shallow_preferred,-1.0814645496715216,2020,leave_event_out,100.0
2020,Thetford Reef,-16.7995,146.1951,1.1996534608867409,1,,shallow_preferred,0.7423438216886883,2020,leave_event_out,100.0
2020,Tryon Island,-23.2457,151.7739,-3.263919477013788,1,,shallow_preferred,0.38271430906724124,2020,leave_event_out,100.0
2020,Tuesday,-10.5519,142.3265,2.989141947783424,1,,shallow_preferred,-0.32267800762519305,2020,leave_event_out,100.0
2020,Turner Cay,-21.7031,152.5605,-1.2722601282566712,1,,all_available,-0.46425683033867543,2020,leave_event_out,100.0
2020,Tydeman Cay,-13.9715,144.5017,-5.401408447634655,2,2.6,shallow_preferred,-0.9370655231163029,2020,leave_event_out,100.0
2020,Warraber Island,-10.2007,142.8189,1.78781952851811,1,,all_available,-0.6017336149451491,2020,leave_event_out,100.0
2020,Willis Island,-16.28805,149.9634,-5.210242417599298,2,,shallow_preferred,-4.419367092249939,2020,leave_event_out,100.0
2020,Woiz Reef,-10.1744,143.2264,1.1404435733747071,1,,shallow_preferred,-0.5706089674681777,2020,leave_event_out,100.0
2020,Yonge Reef,-14.57695,145.61415,-4.376788490280496,2,,shallow_preferred,-0.19682913148583076,2020,leave_event_out,100.0
2022,19-131 Reef,-19.7641,149.3786,-2.3785906080173893,1,,shallow_preferred,-0.4094388054302243,2022,leave_event_out,100.0
2022,19-159 Reef,-19.6628,149.9152,-4.44,1,,all_available,-1.1531893096328503,2022,leave_event_out,100.0
2022,21-062 Reef,-21.0266,150.8538,-1.045948682836028,1,,all_available,-0.8339522333608707,2022,leave_event_out,100.0
2022,21-139 Reef,-21.4552,151.4654,-0.4091454128263019,1,,shallow_preferred,-0.38492775717042005,2022,leave_event_out,100.0
2022,21-187 Reef,-21.4072,151.6414,-0.083471493881662,1,,shallow_preferred,-0.4536516237190108,2022,leave_event_out,100.0
2022,21-245 Reef,-21.2965,152.4465,-0.4454734262389186,1,,all_available,-0.42088595274622204,2022,leave_event_out,100.0
2022,21-296 Reef,-21.3283,152.5656,-1.4652746991282903,1,,all_available,-0.45396692304073183,2022,leave_event_out,100.0
2022,21-550 Reef,-21.9471,152.3069,-0.0034301923432069,1,,shallow_preferred,-0.19572938249246444,2022,leave_event_out,100.0
2022,Agincourt Reef Number 1,-16.0398,145.8652,-2.651844619931497,1,,shallow_preferred,0.6473933933342289,2022,leave_event_out,100.0
2022,Aquila Island,-21.9611,149.5816,1.9098567453975277,1,,shallow_preferred,-0.16114277513985234,2022,leave_event_out,100.0
2022,Arlington Reef,-16.6461,146.1107,-0.5367593562922782,1,,all_available,1.0380179859419199,2022,leave_event_out,100.0
2022,Barren Island,-23.1578,151.0707,-0.3208671857457266,1,,shallow_preferred,0.7977913007317684,2022,leave_event_out,100.0
2022,Bedarra Island,-18.0094,146.148,1.133605519395835,1,,shallow_preferred,0.8380979122172523,2022,leave_event_out,100.0
2022,Cattle Bay,-18.5691,146.4823,-1.4469747705416411,1,,shallow_preferred,0.28350132602915834,2022,leave_event_out,100.0
2022,Chicken Reef,-18.6543,147.7143,-1.4657225110230736,1,,shallow_preferred,-1.3534220842422637,2022,leave_event_out,100.0
2022,Chinaman Reef,-21.9973,152.664,0.1627848857765562,1,,shallow_preferred,-0.18899351360198424,2022,leave_event_out,100.0
2022,Davies Reef,-18.8065,147.6688,-4.097198572006766,1,,shallow_preferred,-1.2581857945944872,2022,leave_event_out,100.0
2022,Daydream Island,-20.2557,148.8122,2.136293212639157,1,,shallow_preferred,0.2774657691228572,2022,leave_event_out,100.0
2022,Dent Island,-20.345,148.9382,1.3304348506075487,1,,shallow_preferred,0.6144393831584489,2022,leave_event_out,100.0
2022,Dip Reef,-18.3999,147.4519,-3.4808544735666334,1,,all_available,-1.512260781897204,2022,leave_event_out,100.0
2022,Double Cone,-20.1046,148.7218,-1.340713240785889,1,,shallow_preferred,-0.059644368741917586,2022,leave_event_out,100.0
2022,Dugong Island,-10.518,143.0997,-3.104144143713349,1,,shallow_preferred,0.2177785152898962,2022,leave_event_out,100.0
2022,Dunk Island,-17.9263,146.1461,2.6186019242209104,1,,shallow_preferred,0.8139913178097109,2022,leave_event_out,100.0
2022,East Cay,-21.46965,152.56664999999998,-1.408171322422771,2,,all_available,-0.4115684404311448,2022,leave_event_out,100.0
2022,Erskine Island,-23.4993,151.7749,-0.1361484251800034,1,,shallow_preferred,-0.04837174628348628,2022,leave_event_out,100.0
2022,Farquharson Reef,-17.79,146.5315,4.046969595776141,1,,shallow_preferred,0.9083343298213535,2022,leave_event_out,100.0
2022,Feather Reef,-17.519,146.3887,0.6317105884816945,1,,shallow_preferred,0.63636895911926,2022,leave_event_out,100.0
2022,Fitzroy Island,-16.9233,145.9963,2.65282077204235,1,,shallow_preferred,1.1222728146347243,2022,leave_event_out,100.0
2022,Frankland Islands,-17.227,146.0904,-2.82,1,,shallow_preferred,0.7038489470279994,2022,leave_event_out,100.0
2022,Gannet Cay Reef,-21.9784,152.4742,-0.1507100538374921,1,,shallow_preferred,-0.19344218763734378,2022,leave_event_out,100.0
2022,Geoffrey Bay,-19.1548,146.8685,5.061730904646273,1,,shallow_preferred,1.0128724183062507,2022,leave_event_out,100.0
2022,"Green Island, Qld",-16.7755,145.9803,-0.4121544361777092,1,,all_available,1.1365451044236752,2022,leave_event_out,100.0
2022,Havannah Island,-18.8472,146.5428,-7.62,1,,shallow_preferred,0.8431783881594738,2022,leave_event_out,100.0
2022,Hayman Island,-20.0415,148.8819,0.494145963859558,1,,shallow_preferred,-0.12471392883691697,2022,leave_event_out,100.0
2022,Hedley Reef,-17.2235,146.4754,-1.657937384793584,1,,shallow_preferred,0.6611253246809424,2022,leave_event_out,100.0
2022,Helix Reef,-18.6203,147.2958,-1.1398314146952075,1,,shallow_preferred,-1.3676243961697394,2022,leave_event_out,100.0
2022,Henderson Island,-21.4854,149.9096,-0.0543985601681202,1,,shallow_preferred,-0.42018238584698886,2022,leave_event_out,100.0
2022,Heron Island,-23.4384,151.9182,2.1808009517332927,1,,shallow_preferred,-0.14632303888025858,2022,leave_event_out,100.0
2022,High Island,-17.1622,146.007,-2.77,1,,shallow_preferred,1.0064569955469085,2022,leave_event_out,100.0
2022,Hook Island,-20.1681,148.8871,0.2107336087404583,1,,shallow_preferred,-0.09695801194343986,2022,leave_event_out,100.0
2022,Horseshoe Reef,-22.0229,152.6192,0.0112034489833148,1,,all_available,-0.1890122314335424,2022,leave_event_out,100.0
2022,Humpy Island,-23.2162,150.9638,0.279434735430043,1,,shallow_preferred,0.9948108371082701,2022,leave_event_out,100.0
2022,John Brewer,-18.619,147.0811,0.4930263576224289,1,,shallow_preferred,-1.1123996646239387,2022,leave_event_out,100.0
2022,Kelso Reef,-18.4448,146.9933,-1.0781514652946915,1,,shallow_preferred,-1.1611599802363857,2022,leave_event_out,100.0
2022,Knife Reef,-18.5711,147.5772,-3.2651574439186666,1,,all_available,-1.3868171393732105,2022,leave_event_out,100.0
2022,Lady Elliot Reef,-18.6798,146.3325,3.8833344612980607,1,,shallow_preferred,0.4612371771034665,2022,leave_event_out,100.0
2022,Lady Musgrave,-23.8896,152.42,-0.47,1,,shallow_preferred,-0.42639748431472085,2022,leave_event_out,100.0
2022,Lagoon Reef,-12.3923,143.74,-4.43344753368639,1,,shallow_preferred,-0.7260591125270998,2022,leave_event_out,100.0
2022,Lizard Island,-14.68995,145.45430850000002,0.01200421625706849,2,5.0,shallow_preferred,0.053413549771067284,2022,leave_event_out,100.0
2022,Low Isles,-16.3831,145.5619,2.007534551996275,1,,shallow_preferred,1.1860095102321555,2022,leave_event_out,100.0
2022,Macgillivray,-14.6485,145.4915,-3.113379619347248,1,,all_available,-0.056389037123599016,2022,leave_event_out,100.0
2022,Mackay Reef,-16.0399,145.6506,0.9261292605345348,1,,shallow_preferred,0.9254288796668648,2022,leave_event_out,100.0
2022,Manning Island,-23.854,151.3533,5.309158172425871,1,,shallow_preferred,1.5068629385057117,2022,leave_event_out,100.0
2022,Martin,-14.7553,145.3722,1.9154301837787944,1,,all_available,0.24154164987322418,2022,leave_event_out,100.0
2022,Mast Head Reef,-23.5341,151.7497,0.3320649799632625,1,,all_available,0.24706812108714404,2022,leave_event_out,100.0
2022,McCulloch Reef,-17.2834,146.4777,1.0634930497346478,1,,shallow_preferred,0.6485060630834513,2022,leave_event_out,100.0
2022,Myrmidon Reef,-18.25695,147.38115,-2.106265781265818,2,,all_available,-1.4533128355763962,2022,leave_event_out,100.0
2022,No Name,-14.6308,145.6418,-1.705695853816663,1,,shallow_preferred,-0.2715671817968895,2022,leave_event_out,100.0
2022,North Direction Island,-14.7435,145.5136,0.7454363748168298,1,,shallow_preferred,0.04026012966695135,2022,leave_event_out,100.0
2022,North Keppel Island,-23.0864,150.9052,-0.7961308644747469,1,,shallow_preferred,0.9570437618132841,2022,leave_event_out,100.0
2022,Northeast Reef,-18.5718,146.4947,0.1769185098647074,1,,shallow_preferred,0.28146192089479516,2022,leave_event_out,100.0
2022,Nth Barnards (Jesse Is),-17.6717,146.1747,1.273264460917427,1,,all_available,0.8305705165183349,2022,leave_event_out,100.0
2022,One Tree Island,-23.4833,152.0739,-0.32,4,,all_available,-0.648888646075339,2022,leave_event_out,100.0
2022,Pandora Reef,-18.8164,146.4341,-1.3308283189703358,1,,shallow_preferred,0.8117627363744827,2022,leave_event_out,100.0
2022,Peak Island,-23.3413,150.9369,0.5855679313135402,1,,shallow_preferred,1.1935695433137739,2022,leave_event_out,100.0
2022,Peart Reef,-17.4676,146.402,-0.8201420307894405,1,,shallow_preferred,0.635305249415784,2022,leave_event_out,100.0
2022,Pelican Island,-23.2397,150.8742,2.87801058962431,1,,shallow_preferred,1.03000171561938,2022,leave_event_out,100.0
2022,Pelorus Island,-18.5406,146.4888,-1.0987203135328016,1,,shallow_preferred,0.26863203036065697,2022,leave_event_out,100.0
2022,Penrith Reef,-21.0036,149.8882,-1.4836345387472027,1,,shallow_preferred,-0.7992860691894007,2022,leave_event_out,100.0
2022,Pine Island,-20.378,148.8884,1.614351045119581,1,,shallow_preferred,0.6309985484913292,2022,leave_event_out,100.0
2022,Pine Peak Island,-21.5145,150.2515,-0.6866243656929498,1,,shallow_preferred,-0.4918266030251803,2022,leave_event_out,100.0
2022,Pompey Reef (No 1),-20.9201,150.5582,-1.631415408490577,1,,shallow_preferred,-0.8147018173640832,2022,leave_event_out,100.0
2022,Rat Island,-23.767,151.3185,6.114287463581379,1,,shallow_preferred,1.6358081966191962,2022,leave_event_out,100.0
2022,Rebe Reef,-19.795,150.1499,-5.96,1,,shallow_preferred,-1.4000382823149595,2022,leave_event_out,100.0
2022,Rib Reef,-18.473,146.8774,-3.641424667151929,1,,shallow_preferred,-0.6999941029273369,2022,leave_event_out,100.0
2022,Sand Bank No7,-13.4363,143.9722,-4.078812431810763,1,,shallow_preferred,-1.8107640877794196,2022,leave_event_out,100.0
2022,Seaforth Island,-20.4685,149.0389,1.3896108603220183,1,,shallow_preferred,0.6374479718140058,2022,leave_event_out,100.0
2022,Shute and Tancred Islands,-20.3009,148.7983,1.2805066431930934,1,,shallow_preferred,0.322973043576776,2022,leave_event_out,100.0
2022,Small Lagoon Reef,-21.8678,152.5239,-0.49,1,,shallow_preferred,-0.19293550592226574,2022,leave_event_out,100.0
2022,Snake Reef,-22.0232,152.1928,0.2680475636644979,1,,shallow_preferred,-0.20897824797367945,2022,leave_event_out,100.0
2022,Snapper Island North,-16.2924,145.4969,4.223499478603828,1,,shallow_preferred,1.23359709456745,2022,leave_event_out,100.0
2022,St Crispin Reef,-16.0733,145.8438,-0.410183903401097,1,,shallow_preferred,0.6927506075694602,2022,leave_event_out,100.0
2022,Taylor Reef,-17.8121,146.5703,1.8551421834079156,1,,shallow_preferred,0.9052914385052729,2022,leave_event_out,100.0
2022,Tern Reef,-20.9023,150.0264,-1.940902751155893,1,,shallow_preferred,-0.8128417477534456,2022,leave_event_out,100.0
2022,Thetford Reef,-16.7995,146.1951,0.6869782559540729,1,,shallow_preferred,1.1057084826940229,2022,leave_event_out,100.0
2022,Tryon Island,-23.2457,151.7739,0.7394298817738182,1,,shallow_preferred,-0.08366597612319776,2022,leave_event_out,100.0
2022,Turner Cay,-21.7031,152.5605,-1.11,1,,all_available,-0.3619344696962667,2022,leave_event_out,100.0
2022,Tydeman Cay,-13.9715,144.5017,-3.554377203886662,1,,shallow_preferred,-1.2933131225805334,2022,leave_event_out,100.0
2022,Warraber Island,-10.2007,142.8189,-3.827378726930228,1,,all_available,0.3265248332861312,2022,leave_event_out,100.0
2022,Woiz Reef,-10.1744,143.2264,-0.5409761267719593,1,,shallow_preferred,0.3316417653307589,2022,leave_event_out,100.0
2024,19-131 Reef,-19.7641,149.3786,-0.6744511753434193,1,,shallow_preferred,-0.2199756345381037,2024,leave_event_out,100.0
2024,19-138 Reef,-19.8024,149.4199,-1.0230412376642537,1,,shallow_preferred,-0.23084415851365356,2024,leave_event_out,100.0
2024,19-159 Reef,-19.6661,149.9146,-7.65684152839136,1,,shallow_preferred,-1.0687686329645774,2024,leave_event_out,100.0
2024,21-062 Reef,-21.0266,150.8538,-1.9333814204583104,1,,all_available,-0.7830959794973608,2024,leave_event_out,100.0
2024,21-139 Reef,-21.4552,151.4654,0.0726746718180955,1,,shallow_preferred,-0.33172679291490914,2024,leave_event_out,100.0
2024,21-187 Reef,-21.4072,151.6414,-0.4103944612504753,1,,shallow_preferred,-0.2871273997538465,2024,leave_event_out,100.0
2024,21-296 Reef,-21.3283,152.5656,-4.404290636113286,1,,all_available,-0.29203383944205463,2024,leave_event_out,100.0
2024,21-550 Reef,-21.9471,152.3069,-6.265088692108982,1,,shallow_preferred,-0.09617654100881787,2024,leave_event_out,100.0
2024,Agincourt Reef Number 1,-16.0398,145.8652,-4.012516339372439,1,,shallow_preferred,0.6065063666371943,2024,leave_event_out,100.0
2024,Aquila Island,-21.9611,149.5816,0.4390047486318469,1,,shallow_preferred,-0.012076786184090112,2024,leave_event_out,100.0
2024,Barren Island,-23.1578,151.0707,0.3196292238013338,1,,all_available,0.8852425285998862,2024,leave_event_out,100.0
2024,Bedarra Island,-18.0094,146.148,1.1625144023774636,1,,shallow_preferred,1.2561375583048071,2024,leave_event_out,100.0
2024,Cattle Bay,-18.5691,146.4823,-0.7300712136667187,1,,shallow_preferred,0.3284878005431525,2024,leave_event_out,100.0
2024,Chicken Reef,-18.6543,147.7143,-2.184520626102456,1,,shallow_preferred,-1.2475123527988714,2024,leave_event_out,100.0
2024,Chinaman Reef,-21.9973,152.664,-0.5064200122349298,1,,shallow_preferred,-0.10724992365037182,2024,leave_event_out,100.0
2024,Davies Reef,-18.8065,147.6688,-4.23,1,,shallow_preferred,-1.134304886508141,2024,leave_event_out,100.0
2024,Daydream Island,-20.2557,148.8122,0.6784482753618271,1,,shallow_preferred,0.5034443644884786,2024,leave_event_out,100.0
2024,Dent Island,-20.345,148.9382,2.566522705175249,1,,shallow_preferred,0.8283682521757456,2024,leave_event_out,100.0
2024,Double Cone,-20.1046,148.7218,1.2275266028900518,1,,shallow_preferred,0.20571258172541215,2024,leave_event_out,100.0
2024,Dunk Island,-17.9263,146.1461,1.9648675111953395,1,,shallow_preferred,1.2402114689139059,2024,leave_event_out,100.0
2024,East Cay,-21.4731,152.5661,-2.711257994167201,1,,shallow_preferred,-0.28035021453615777,2024,leave_event_out,100.0
2024,Erskine Island,-23.4993,151.7749,-0.1237739004500273,1,,shallow_preferred,0.45429110445222054,2024,leave_event_out,100.0
2024,Farquharson Reef,-17.79,146.5315,-0.4620728254939896,1,,shallow_preferred,1.2567403550643663,2024,leave_event_out,100.0
2024,Feather Reef,-17.519,146.3887,-0.1261575783816608,1,,shallow_preferred,0.8780257599351909,2024,leave_event_out,100.0
2024,Fitzroy Island,-16.9233,145.9963,2.4398755607444453,1,,shallow_preferred,0.771884441627442,2024,leave_event_out,100.0
2024,Frankland Islands,-17.227,146.0904,-4.0774689296026985,1,,shallow_preferred,0.48038258541802603,2024,leave_event_out,100.0
2024,Gannet Cay Reef,-21.9784,152.4742,-1.6855877548702187,1,,shallow_preferred,-0.10470772057760955,2024,leave_event_out,100.0
2024,Geoffrey Bay,-19.1548,146.8685,3.1578664283643807,1,,shallow_preferred,1.019209651161937,2024,leave_event_out,100.0
2024,Havannah Island,-18.8472,146.5428,-2.0044825113156497,1,,shallow_preferred,0.8795130320907698,2024,leave_event_out,100.0
2024,Hayman Island,-20.0572,148.8997,-1.6394145048062023,1,,all_available,0.1532528756886786,2024,leave_event_out,100.0
2024,Helix Reef,-18.6203,147.2958,-2.0171620859266275,1,,shallow_preferred,-1.1995316112080892,2024,leave_event_out,100.0
2024,Henderson Island,-21.4854,149.9096,1.126334270875045,1,,shallow_preferred,-0.3715750325939067,2024,leave_event_out,100.0
2024,Heron Island,-23.4384,151.9182,-0.181553811969767,1,,shallow_preferred,0.3907313134816485,2024,leave_event_out,100.0
2024,High Island,-17.1622,146.007,1.535772150210808,1,,shallow_preferred,0.6032889606301584,2024,leave_event_out,100.0
2024,Hook Island,-20.1681,148.8871,-3.042549039341085,1,,all_available,0.19167382988072507,2024,leave_event_out,100.0
2024,Horseshoe Reef,-22.0227,152.6166,-0.1809719599408747,1,,shallow_preferred,-0.10498900496413419,2024,leave_event_out,100.0
2024,Humpy Island,-23.2162,150.9638,0.6080076396220804,1,,shallow_preferred,1.1065230958295686,2024,leave_event_out,100.0
2024,John Brewer,-18.619,147.0811,-2.873303413257616,1,,shallow_preferred,-0.9980083753826814,2024,leave_event_out,100.0
2024,Kelso Reef,-18.4448,146.9933,-3.000988014471895,1,,shallow_preferred,-1.0350896474511926,2024,leave_event_out,100.0
2024,Knife Reef,-18.5711,147.5772,-4.760525391713829,1,,all_available,-1.2789242769976934,2024,leave_event_out,100.0
2024,Lady Elliot Reef,-18.6798,146.3325,2.6642012664764696,1,,shallow_preferred,0.5014769949088376,2024,leave_event_out,100.0
2024,Lady Musgrave,-23.8896,152.42,-1.9318759413607989,1,,shallow_preferred,-0.1121071157872336,2024,leave_event_out,100.0
2024,Lagoon Reef,-12.3926,143.7398,-3.979975825951212,1,,all_available,-0.7471517898757943,2024,leave_event_out,100.0
2024,Lizard Island,-14.68995,145.45430850000002,0.9437563272144394,2,5.0,shallow_preferred,-0.3861152363078476,2024,leave_event_out,100.0
2024,Low Isles,-16.3831,145.5619,3.234717160448197,1,,shallow_preferred,1.057296637133733,2024,leave_event_out,100.0
2024,Macgillivray,-14.6485,145.4915,0.3334817723541992,1,,all_available,-0.4973843823492942,2024,leave_event_out,100.0
2024,Mackay Reef,-16.0399,145.6506,2.986583602448798,1,,shallow_preferred,0.8397603919721842,2024,leave_event_out,100.0
2024,Manning Island,-23.854,151.3533,0.8688011005989598,1,,shallow_preferred,1.872040112140924,2024,leave_event_out,100.0
2024,Martin,-14.7553,145.3722,3.8351490990065393,1,,all_available,-0.19492690768504325,2024,leave_event_out,100.0
2024,Mast Head Reef,-23.5341,151.7497,0.0469545366380899,1,,all_available,0.7946701259170059,2024,leave_event_out,100.0
2024,Myrmidon Reef,-18.2585,147.3814,-1.772714135542496,1,,shallow_preferred,-1.3076828177350241,2024,leave_event_out,100.0
2024,No Name,-14.6308,145.6418,-3.1206719496112054,1,,shallow_preferred,-0.6698322267487357,2024,leave_event_out,100.0
2024,North Direction Island,-14.7435,145.5136,5.383649436141575,1,,shallow_preferred,-0.3958737924735789,2024,leave_event_out,100.0
2024,North Keppel Island,-23.0864,150.9052,1.0622295146220626,1,,shallow_preferred,1.0496625028016577,2024,leave_event_out,100.0
2024,Northeast Reef,-18.5718,146.4947,0.4083809324888072,1,,shallow_preferred,0.32632163814990867,2024,leave_event_out,100.0
2024,Nth Barnards (Jesse Is),-17.6717,146.1747,-2.745176977858989,1,,all_available,1.2306641403167455,2024,leave_event_out,100.0
2024,One Tree Island,-23.4833,152.0739,-1.8831180838731818,4,,all_available,-0.127699757693873,2024,leave_event_out,100.0
2024,Pandora Reef,-18.8164,146.4341,-1.2492841044856169,1,,shallow_preferred,0.8485993348048686,2024,leave_event_out,100.0
2024,Peart Reef,-17.4665,146.4031,-2.1103074542540026,1,,all_available,0.857894711408009,2024,leave_event_out,100.0
2024,Pelican Island,-23.2397,150.8742,1.3336012499129186,1,,shallow_preferred,1.1476425279132618,2024,leave_event_out,100.0
2024,Pelorus Island,-18.5406,146.4888,-4.99468701852191,1,,shallow_preferred,0.3199774234697931,2024,leave_event_out,100.0
2024,Penrith Reef,-21.0036,149.8882,-8.25,1,,shallow_preferred,-0.7185828608428435,2024,leave_event_out,100.0
2024,Pine Island,-20.378,148.8884,2.039983382562866,1,,shallow_preferred,0.843724304555686,2024,leave_event_out,100.0
2024,Pine Peak Island,-21.5145,150.2515,-0.7875008679016648,1,,shallow_preferred,-0.44195692212631565,2024,leave_event_out,100.0
2024,Rat Island,-23.767,151.3185,5.273399331924637,1,,shallow_preferred,1.856217213593851,2024,leave_event_out,100.0
2024,Rebe Reef,-19.795,150.1499,-8.971298792288794,1,,shallow_preferred,-1.3383016807902965,2024,leave_event_out,100.0
2024,Rib Reef,-18.473,146.8774,-0.7957262887094778,1,,shallow_preferred,-0.544507278194678,2024,leave_event_out,100.0
2024,Sand Bank No7,-13.4363,143.9722,-6.256932822483051,1,,shallow_preferred,-1.6462676789068547,2024,leave_event_out,100.0
2024,Seaforth Island,-20.4685,149.0389,1.0099774032713746,1,,all_available,0.8334908002145528,2024,leave_event_out,100.0
2024,Seal Rocks North,-23.9583,151.4849,3.263794696516893,1,,shallow_preferred,1.536044174196431,2024,leave_event_out,100.0
2024,Shute and Tancred Islands,-20.3009,148.7983,1.6179930495016066,1,,shallow_preferred,0.530714669313443,2024,leave_event_out,100.0
2024,Snake Reef,-22.0232,152.1928,-1.1544690991552988,1,,shallow_preferred,-0.08875102258845104,2024,leave_event_out,100.0
2024,Snapper Island North,-16.2924,145.4969,7.4435563247489664,1,,shallow_preferred,1.1034622375667793,2024,leave_event_out,100.0
2024,St Crispin Reef,-16.0733,145.8438,-2.0280244486688037,1,,shallow_preferred,0.6442062269486643,2024,leave_event_out,100.0
2024,Taylor Reef,-17.8121,146.5703,-0.1915376615305835,1,,shallow_preferred,1.255353801247093,2024,leave_event_out,100.0
2024,Tern Reef,-20.9023,150.0264,-3.845918940878663,1,,shallow_preferred,-0.7560593816944552,2024,leave_event_out,100.0
2024,Thetford Reef,-16.7995,146.1951,1.199482382797532,1,,shallow_preferred,0.7762576090785911,2024,leave_event_out,100.0
2024,Tryon Island,-23.2457,151.7739,-1.813614176405533,1,,shallow_preferred,0.45979573243338795,2024,leave_event_out,100.0
2024,Turner Cay,-21.7031,152.5605,-2.5344971807506527,1,,all_available,-0.23645921058149186,2024,leave_event_out,100.0
2024,Willis Island,-16.2897,149.9649,-13.17,1,,shallow_preferred,-1.8338131610881585,2024,leave_event_out,100.0
2024,Yonge Reef,-14.5731,145.6147,-1.8594030718308463,1,,shallow_preferred,-0.686501575818465,2024,leave_event_out,100.0
2016,19-131 Reef,-19.7641,149.3786,2.4881428483989625,1,,shallow_preferred,-0.8787343516320227,19-131 Reef,leave_site_out,100.0
2017,19-131 Reef,-19.7641,149.3786,0.1648669316651334,1,,shallow_preferred,-0.8787343516320227,19-131 Reef,leave_site_out,100.0
2020,19-131 Reef,-19.7641,149.3786,2.681231950161008,1,,shallow_preferred,-0.8787343516320227,19-131 Reef,leave_site_out,100.0
2022,19-131 Reef,-19.7641,149.3786,-2.3785906080173893,1,,shallow_preferred,-0.8787343516320227,19-131 Reef,leave_site_out,100.0
2024,19-131 Reef,-19.7641,149.3786,-0.6744511753434193,1,,shallow_preferred,-0.8787343516320227,19-131 Reef,leave_site_out,100.0
2016,19-138 Reef,-19.8024,149.4199,1.615120950831018,1,,shallow_preferred,-0.7698310027659542,19-138 Reef,leave_site_out,100.0
2017,19-138 Reef,-19.8024,149.4199,-0.6955989138045973,1,,shallow_preferred,-0.7698310027659542,19-138 Reef,leave_site_out,100.0
2020,19-138 Reef,-19.8024,149.4199,-0.2586793278278807,1,,shallow_preferred,-0.7698310027659542,19-138 Reef,leave_site_out,100.0
2024,19-138 Reef,-19.8024,149.4199,-1.0230412376642537,1,,shallow_preferred,-0.7698310027659542,19-138 Reef,leave_site_out,100.0
2016,19-159 Reef,-19.6661,149.9146,-3.01,1,,shallow_preferred,-1.1333362211282938,19-159 Reef,leave_site_out,100.0
2017,19-159 Reef,-19.6661,149.9146,-0.47,1,,shallow_preferred,-1.1333362211282938,19-159 Reef,leave_site_out,100.0
2022,19-159 Reef,-19.6628,149.9152,-4.44,1,,all_available,-1.1340099010729756,19-159 Reef,leave_site_out,100.0
2024,19-159 Reef,-19.6661,149.9146,-7.65684152839136,1,,shallow_preferred,-1.1333362211282938,19-159 Reef,leave_site_out,100.0
2016,20-104 Reef,-20.0286,149.6933,1.2862792410082275,1,,shallow_preferred,-1.2598289253063952,20-104 Reef,leave_site_out,100.0
2017,20-104 Reef,-20.0286,149.6933,-0.2948143010351345,1,,shallow_preferred,-1.2598289253063952,20-104 Reef,leave_site_out,100.0
2020,20-104 Reef,-20.0286,149.6933,1.3679715009030966,1,,shallow_preferred,-1.2598289253063952,20-104 Reef,leave_site_out,100.0
2016,21-062 Reef,-21.028,150.8534,-0.47,1,,shallow_preferred,-0.7880698872470745,21-062 Reef,leave_site_out,100.0
2017,21-062 Reef,-21.028,150.8534,-1.3030360356554327,1,,shallow_preferred,-0.7880698872470745,21-062 Reef,leave_site_out,100.0
2020,21-062 Reef,-21.0266,150.8538,-0.2332874208135233,1,,all_available,-0.7882598976275884,21-062 Reef,leave_site_out,100.0
2022,21-062 Reef,-21.0266,150.8538,-1.045948682836028,1,,all_available,-0.7882598976275884,21-062 Reef,leave_site_out,100.0
2024,21-062 Reef,-21.0266,150.8538,-1.9333814204583104,1,,all_available,-0.7882598976275884,21-062 Reef,leave_site_out,100.0
2016,21-139 Reef,-21.4552,151.4654,-0.64,1,,shallow_preferred,-0.5039570452541328,21-139 Reef,leave_site_out,100.0
2017,21-139 Reef,-21.4552,151.4654,-0.8370985853263284,1,,shallow_preferred,-0.5039570452541328,21-139 Reef,leave_site_out,100.0
2022,21-139 Reef,-21.4552,151.4654,-0.4091454128263019,1,,shallow_preferred,-0.5039570452541328,21-139 Reef,leave_site_out,100.0
2024,21-139 Reef,-21.4552,151.4654,0.0726746718180955,1,,shallow_preferred,-0.5039570452541328,21-139 Reef,leave_site_out,100.0
2016,21-187 Reef,-21.4072,151.6414,-0.31,1,,shallow_preferred,-0.5448818254093831,21-187 Reef,leave_site_out,100.0
2017,21-187 Reef,-21.4072,151.6414,-0.6164626088503855,1,,shallow_preferred,-0.5448818254093831,21-187 Reef,leave_site_out,100.0
2020,21-187 Reef,-21.4072,151.6414,0.8718928705099143,1,,shallow_preferred,-0.5448818254093831,21-187 Reef,leave_site_out,100.0
2022,21-187 Reef,-21.4072,151.6414,-0.083471493881662,1,,shallow_preferred,-0.5448818254093831,21-187 Reef,leave_site_out,100.0
2024,21-187 Reef,-21.4072,151.6414,-0.4103944612504753,1,,shallow_preferred,-0.5448818254093831,21-187 Reef,leave_site_out,100.0
2016,21-245 Reef,-21.298,152.4425,0.0,1,,shallow_preferred,-0.524544432037144,21-245 Reef,leave_site_out,100.0
2017,21-245 Reef,-21.298,152.4425,0.0679673369730013,1,,shallow_preferred,-0.524544432037144,21-245 Reef,leave_site_out,100.0
2020,21-245 Reef,-21.2965,152.4465,-0.4331639766129953,1,,all_available,-0.5254502123563485,21-245 Reef,leave_site_out,100.0
2022,21-245 Reef,-21.2965,152.4465,-0.4454734262389186,1,,all_available,-0.5254502123563485,21-245 Reef,leave_site_out,100.0
2020,21-296 Reef,-21.3297,152.5636,-0.338299175268177,1,,shallow_preferred,-0.3564913408687783,21-296 Reef,leave_site_out,100.0
2022,21-296 Reef,-21.3283,152.5656,-1.4652746991282903,1,,all_available,-0.356481175986768,21-296 Reef,leave_site_out,100.0
2024,21-296 Reef,-21.3283,152.5656,-4.404290636113286,1,,all_available,-0.356481175986768,21-296 Reef,leave_site_out,100.0
2016,21-550 Reef,-21.9471,152.3069,0.0921533394028272,1,,shallow_preferred,-0.26860775755235117,21-550 Reef,leave_site_out,100.0
2017,21-550 Reef,-21.9471,152.3069,0.3405297474348194,1,,shallow_preferred,-0.26860775755235117,21-550 Reef,leave_site_out,100.0
2020,21-550 Reef,-21.9471,152.3069,0.2899349813298437,1,,shallow_preferred,-0.26860775755235117,21-550 Reef,leave_site_out,100.0
2022,21-550 Reef,-21.9471,152.3069,-0.0034301923432069,1,,shallow_preferred,-0.26860775755235117,21-550 Reef,leave_site_out,100.0
2024,21-550 Reef,-21.9471,152.3069,-6.265088692108982,1,,shallow_preferred,-0.26860775755235117,21-550 Reef,leave_site_out,100.0
2016,21-591 Reef,-21.0266,150.3807,-1.14,1,,all_available,-0.714362093920793,21-591 Reef,leave_site_out,100.0
2017,21-591 Reef,-21.0266,150.3807,-2.930230544831029,1,,all_available,-0.714362093920793,21-591 Reef,leave_site_out,100.0
2016,Agincourt Reef Number 1,-16.0398,145.8652,0.6706690019749448,1,,shallow_preferred,1.1330864119494426,Agincourt Reef Number 1,leave_site_out,100.0
2017,Agincourt Reef Number 1,-16.0384,145.8688,-3.146731387263813,1,,all_available,1.1317396961105262,Agincourt Reef Number 1,leave_site_out,100.0
2020,Agincourt Reef Number 1,-16.0398,145.8652,-6.3761235901028375,1,,shallow_preferred,1.1330864119494426,Agincourt Reef Number 1,leave_site_out,100.0
2022,Agincourt Reef Number 1,-16.0398,145.8652,-2.651844619931497,1,,shallow_preferred,1.1330864119494426,Agincourt Reef Number 1,leave_site_out,100.0
2024,Agincourt Reef Number 1,-16.0398,145.8652,-4.012516339372439,1,,shallow_preferred,1.1330864119494426,Agincourt Reef Number 1,leave_site_out,100.0
2020,Aquila Island,-21.9611,149.5816,1.900201645273785,1,,shallow_preferred,-0.5251264498089123,Aquila Island,leave_site_out,100.0
2022,Aquila Island,-21.9611,149.5816,1.9098567453975277,1,,shallow_preferred,-0.5251264498089123,Aquila Island,leave_site_out,100.0
2024,Aquila Island,-21.9611,149.5816,0.4390047486318469,1,,shallow_preferred,-0.5251264498089123,Aquila Island,leave_site_out,100.0
2016,Arlington Reef,-16.6891,146.0871,1.8697210938847693,1,,shallow_preferred,0.8982762148755372,Arlington Reef,leave_site_out,100.0
2017,Arlington Reef,-16.6891,146.0871,0.8026286572687749,1,,shallow_preferred,0.8982762148755372,Arlington Reef,leave_site_out,100.0
2020,Arlington Reef,-16.6461,146.1107,-0.5133974087988227,1,,all_available,0.8945733976783844,Arlington Reef,leave_site_out,100.0
2022,Arlington Reef,-16.6461,146.1107,-0.5367593562922782,1,,all_available,0.8945733976783844,Arlington Reef,leave_site_out,100.0
2016,Barren Island,-23.1578,151.0707,0.3594048150164696,1,,all_available,0.8995218864821879,Barren Island,leave_site_out,100.0
2017,Barren Island,-23.1578,151.0707,0.6004196062900613,1,,all_available,0.8995218864821879,Barren Island,leave_site_out,100.0
2020,Barren Island,-23.1578,151.0707,-1.7387467211694982,1,,shallow_preferred,0.8995218864821879,Barren Island,leave_site_out,100.0
2022,Barren Island,-23.1578,151.0707,-0.3208671857457266,1,,shallow_preferred,0.8995218864821879,Barren Island,leave_site_out,100.0
2024,Barren Island,-23.1578,151.0707,0.3196292238013338,1,,all_available,0.8995218864821879,Barren Island,leave_site_out,100.0
2017,Bedarra Island,-18.0094,146.148,3.5504139827964547,1,,shallow_preferred,0.5353662641880924,Bedarra Island,leave_site_out,100.0
2020,Bedarra Island,-18.0094,146.148,4.73335811084036,1,,shallow_preferred,0.5353662641880924,Bedarra Island,leave_site_out,100.0
2022,Bedarra Island,-18.0094,146.148,1.133605519395835,1,,shallow_preferred,0.5353662641880924,Bedarra Island,leave_site_out,100.0
2024,Bedarra Island,-18.0094,146.148,1.1625144023774636,1,,shallow_preferred,0.5353662641880924,Bedarra Island,leave_site_out,100.0
2016,Border Island,-20.171,149.0319,-1.1542022049138567,1,,shallow_preferred,0.4030566431018281,Border Island,leave_site_out,100.0
2017,Border Island,-20.171,149.0319,-0.5385739067167545,1,,shallow_preferred,0.4030566431018281,Border Island,leave_site_out,100.0
2016,Boult Reef,-23.747,152.2725,-0.15,1,,shallow_preferred,-0.23559330138077728,Boult Reef,leave_site_out,100.0
2017,Boult Reef,-23.747,152.2725,-1.5204336353105217,1,,shallow_preferred,-0.23559330138077728,Boult Reef,leave_site_out,100.0
2017,Camp Island East,-19.8508,147.9052,6.633293001799257,1,,shallow_preferred,-0.25315639119792693,Camp Island East,leave_site_out,100.0
2017,Carter,-14.5238,145.5817,-5.795992916884115,1,,all_available,-0.1637537600860614,Carter,leave_site_out,100.0
2016,Cattle Bay,-18.5691,146.4823,-0.6118180509479609,1,,shallow_preferred,0.09373444203129928,Cattle Bay,leave_site_out,100.0
2017,Cattle Bay,-18.5691,146.4823,-0.2121164498235934,1,5.6,shallow_preferred,0.09373444203129928,Cattle Bay,leave_site_out,100.0
2020,Cattle Bay,-18.5691,146.4823,-2.477269859827372,1,,shallow_preferred,0.09373444203129928,Cattle Bay,leave_site_out,100.0
2022,Cattle Bay,-18.5691,146.4823,-1.4469747705416411,1,,shallow_preferred,0.09373444203129928,Cattle Bay,leave_site_out,100.0
2024,Cattle Bay,-18.5691,146.4823,-0.7300712136667187,1,,shallow_preferred,0.09373444203129928,Cattle Bay,leave_site_out,100.0
2016,Centipede Reef,-18.7324,147.554,-1.864780516451196,1,,all_available,-1.4305240874893699,Centipede Reef,leave_site_out,100.0
2020,Centipede Reef,-18.7341,147.5522,-0.5921616319662082,1,,shallow_preferred,-1.4297188322071113,Centipede Reef,leave_site_out,100.0
2017,Cherepo,-10.6893,142.2799,0.9537529396181982,1,,shallow_preferred,0.1841931188665741,Cherepo,leave_site_out,100.0
2016,Chicken Reef,-18.6534,147.7199,-1.9926378104458151,1,,shallow_preferred,-1.4060389465462688,Chicken Reef,leave_site_out,100.0
2017,Chicken Reef,-18.6534,147.7199,-1.3663101188473838,1,,shallow_preferred,-1.4060389465462688,Chicken Reef,leave_site_out,100.0
2020,Chicken Reef,-18.6534,147.7199,-1.3399441724789538,1,,shallow_preferred,-1.4060389465462688,Chicken Reef,leave_site_out,100.0
2022,Chicken Reef,-18.6543,147.7143,-1.4657225110230736,1,,shallow_preferred,-1.4061064378436985,Chicken Reef,leave_site_out,100.0
2024,Chicken Reef,-18.6543,147.7143,-2.184520626102456,1,,shallow_preferred,-1.4061064378436985,Chicken Reef,leave_site_out,100.0
2016,Chinaman Reef,-21.9973,152.664,-0.0185903126361312,1,,shallow_preferred,-0.35023591345282745,Chinaman Reef,leave_site_out,100.0
2017,Chinaman Reef,-21.9973,152.664,0.076558152790821,1,,shallow_preferred,-0.35023591345282745,Chinaman Reef,leave_site_out,100.0
2020,Chinaman Reef,-21.9973,152.664,0.3270784856057034,1,2.5,shallow_preferred,-0.35023591345282745,Chinaman Reef,leave_site_out,100.0
2022,Chinaman Reef,-21.9973,152.664,0.1627848857765562,1,,shallow_preferred,-0.35023591345282745,Chinaman Reef,leave_site_out,100.0
2024,Chinaman Reef,-21.9973,152.664,-0.5064200122349298,1,,shallow_preferred,-0.35023591345282745,Chinaman Reef,leave_site_out,100.0
2020,Curd Reef,-12.5853,143.5112,4.110928124208211,1,,shallow_preferred,-2.4782294558937457,Curd Reef,leave_site_out,100.0
2016,Davies Reef,-18.8065,147.6688,-1.1285137776708165,1,,shallow_preferred,-1.4062039727839615,Davies Reef,leave_site_out,100.0
2017,Davies Reef,-18.8065,147.6688,-0.460888870782222,1,,shallow_preferred,-1.4062039727839615,Davies Reef,leave_site_out,100.0
2020,Davies Reef,-18.8065,147.6688,-1.096379040767636,1,,shallow_preferred,-1.4062039727839615,Davies Reef,leave_site_out,100.0
2022,Davies Reef,-18.8065,147.6688,-4.097198572006766,1,,shallow_preferred,-1.4062039727839615,Davies Reef,leave_site_out,100.0
2024,Davies Reef,-18.8065,147.6688,-4.23,1,,shallow_preferred,-1.4062039727839615,Davies Reef,leave_site_out,100.0
2016,Daydream Island,-20.2557,148.8122,2.6965346641335963,1,,shallow_preferred,0.14864760463182097,Daydream Island,leave_site_out,100.0
2020,Daydream Island,-20.2557,148.8122,0.6551431759961712,1,,shallow_preferred,0.14864760463182097,Daydream Island,leave_site_out,100.0
2022,Daydream Island,-20.2557,148.8122,2.136293212639157,1,,shallow_preferred,0.14864760463182097,Daydream Island,leave_site_out,100.0
2024,Daydream Island,-20.2557,148.8122,0.6784482753618271,1,,shallow_preferred,0.14864760463182097,Daydream Island,leave_site_out,100.0
2016,Dent Island,-20.345,148.9382,2.8108011389618843,1,,shallow_preferred,0.31094621353635393,Dent Island,leave_site_out,100.0
2017,Dent Island,-20.345,148.9382,2.042098752777987,1,,shallow_preferred,0.31094621353635393,Dent Island,leave_site_out,100.0
2020,Dent Island,-20.345,148.9382,2.420851269963028,1,,shallow_preferred,0.31094621353635393,Dent Island,leave_site_out,100.0
2022,Dent Island,-20.345,148.9382,1.3304348506075487,1,,shallow_preferred,0.31094621353635393,Dent Island,leave_site_out,100.0
2024,Dent Island,-20.345,148.9382,2.566522705175249,1,,shallow_preferred,0.31094621353635393,Dent Island,leave_site_out,100.0
2016,Dip Reef,-18.3999,147.4519,-4.222305870596005,1,,all_available,-1.2490073437678013,Dip Reef,leave_site_out,100.0
2017,Dip Reef,-18.3999,147.4519,-4.333377514241236,1,,all_available,-1.2490073437678013,Dip Reef,leave_site_out,100.0
2020,Dip Reef,-18.3999,147.4519,-3.5408187431900267,1,,all_available,-1.2490073437678013,Dip Reef,leave_site_out,100.0
2022,Dip Reef,-18.3999,147.4519,-3.4808544735666334,1,,all_available,-1.2490073437678013,Dip Reef,leave_site_out,100.0
2016,Double Cone,-20.1046,148.7218,0.4252579264263967,1,,shallow_preferred,0.1819371649669219,Double Cone,leave_site_out,100.0
2017,Double Cone,-20.1046,148.7218,0.2690576907372026,1,,shallow_preferred,0.1819371649669219,Double Cone,leave_site_out,100.0
2020,Double Cone,-20.1046,148.7218,-0.2069540241686525,1,,shallow_preferred,0.1819371649669219,Double Cone,leave_site_out,100.0
2022,Double Cone,-20.1046,148.7218,-1.340713240785889,1,,shallow_preferred,0.1819371649669219,Double Cone,leave_site_out,100.0
2024,Double Cone,-20.1046,148.7218,1.2275266028900518,1,,shallow_preferred,0.1819371649669219,Double Cone,leave_site_out,100.0
2017,Dugong Island,-10.518,143.0997,-0.3522696767022557,1,,shallow_preferred,0.2014637922001148,Dugong Island,leave_site_out,100.0
2020,Dugong Island,-10.518,143.0997,-1.334900480255203,1,,shallow_preferred,0.2014637922001148,Dugong Island,leave_site_out,100.0
2022,Dugong Island,-10.518,143.0997,-3.104144143713349,1,,shallow_preferred,0.2014637922001148,Dugong Island,leave_site_out,100.0
2016,Dunk Island,-17.9263,146.1461,-1.417138406452865,1,,shallow_preferred,0.6067862128855305,Dunk Island,leave_site_out,100.0
2017,Dunk Island,-17.9263,146.1461,0.2751631929575673,1,,shallow_preferred,0.6067862128855305,Dunk Island,leave_site_out,100.0
2020,Dunk Island,-17.9263,146.1461,4.646749671684462,1,,shallow_preferred,0.6067862128855305,Dunk Island,leave_site_out,100.0
2022,Dunk Island,-17.9263,146.1461,2.6186019242209104,1,,shallow_preferred,0.6067862128855305,Dunk Island,leave_site_out,100.0
2024,Dunk Island,-17.9263,146.1461,1.9648675111953395,1,,shallow_preferred,0.6067862128855305,Dunk Island,leave_site_out,100.0
2016,East Cay,-21.4727,152.5662,0.0,1,,shallow_preferred,-0.3393186460860805,East Cay,leave_site_out,100.0
2017,East Cay,-21.4727,152.5662,0.160089970195385,1,,shallow_preferred,-0.3393186460860805,East Cay,leave_site_out,100.0
2020,East Cay,-21.4727,152.5662,-1.3561652153503905,1,,shallow_preferred,-0.3393186460860805,East Cay,leave_site_out,100.0
2022,East Cay,-21.46965,152.56664999999998,-1.408171322422771,2,,all_available,-0.3400921462057654,East Cay,leave_site_out,100.0
2024,East Cay,-21.4731,152.5661,-2.711257994167201,1,,shallow_preferred,-0.33921601637183807,East Cay,leave_site_out,100.0
2016,Erskine Island,-23.498800000000003,151.7748,0.0,2,6.25,shallow_preferred,0.4836580402784327,Erskine Island,leave_site_out,100.0
2017,Erskine Island,-23.498800000000003,151.7748,-0.038515396352895456,2,6.25,shallow_preferred,0.4836580402784327,Erskine Island,leave_site_out,100.0
2020,Erskine Island,-23.4993,151.7749,0.6358016707944536,1,,shallow_preferred,0.48384912212810727,Erskine Island,leave_site_out,100.0
2022,Erskine Island,-23.4993,151.7749,-0.1361484251800034,1,,shallow_preferred,0.48384912212810727,Erskine Island,leave_site_out,100.0
2024,Erskine Island,-23.4993,151.7749,-0.1237739004500273,1,,shallow_preferred,0.48384912212810727,Erskine Island,leave_site_out,100.0
2016,Farquharson Reef,-17.79,146.5315,2.174716284413961,1,,shallow_preferred,0.8290240088636031,Farquharson Reef,leave_site_out,100.0
2017,Farquharson Reef,-17.79,146.5315,1.465914024900595,1,,shallow_preferred,0.8290240088636031,Farquharson Reef,leave_site_out,100.0
2020,Farquharson Reef,-17.79,146.5315,1.6638072792425138,1,,shallow_preferred,0.8290240088636031,Farquharson Reef,leave_site_out,100.0
2022,Farquharson Reef,-17.79,146.5315,4.046969595776141,1,,shallow_preferred,0.8290240088636031,Farquharson Reef,leave_site_out,100.0
2024,Farquharson Reef,-17.79,146.5315,-0.4620728254939896,1,,shallow_preferred,0.8290240088636031,Farquharson Reef,leave_site_out,100.0
2016,Feather Reef,-17.51845,146.3896,-0.4887138188329878,2,1.1,shallow_preferred,0.6092926122012241,Feather Reef,leave_site_out,100.0
2017,Feather Reef,-17.519,146.3887,0.6378752502221996,1,,shallow_preferred,0.6095206580155765,Feather Reef,leave_site_out,100.0
2020,Feather Reef,-17.519,146.3887,1.2824785990351666,1,,shallow_preferred,0.6095206580155765,Feather Reef,leave_site_out,100.0
2022,Feather Reef,-17.519,146.3887,0.6317105884816945,1,,shallow_preferred,0.6095206580155765,Feather Reef,leave_site_out,100.0
2024,Feather Reef,-17.519,146.3887,-0.1261575783816608,1,,shallow_preferred,0.6095206580155765,Feather Reef,leave_site_out,100.0
2017,Fitzroy Island,-16.9233,145.9963,2.110728215512085,1,7.6,shallow_preferred,0.573378641794068,Fitzroy Island,leave_site_out,100.0
2020,Fitzroy Island,-16.9233,145.9963,3.912260745858256,1,,shallow_preferred,0.573378641794068,Fitzroy Island,leave_site_out,100.0
2022,Fitzroy Island,-16.9233,145.9963,2.65282077204235,1,,shallow_preferred,0.573378641794068,Fitzroy Island,leave_site_out,100.0
2024,Fitzroy Island,-16.9233,145.9963,2.4398755607444453,1,,shallow_preferred,0.573378641794068,Fitzroy Island,leave_site_out,100.0
2020,Flinders Reef,-17.71485,148.44805,-0.7344176355788066,2,,shallow_preferred,-1.035730589386986,Flinders Reef,leave_site_out,100.0
2016,Frankland Islands,-17.227,146.0904,-0.6161032549995185,1,,shallow_preferred,0.6803121126293504,Frankland Islands,leave_site_out,100.0
2017,Frankland Islands,-17.227,146.0904,1.5541734846759017,1,,shallow_preferred,0.6803121126293504,Frankland Islands,leave_site_out,100.0
2020,Frankland Islands,-17.227,146.0904,1.7410113732625885,1,,shallow_preferred,0.6803121126293504,Frankland Islands,leave_site_out,100.0
2022,Frankland Islands,-17.227,146.0904,-2.82,1,,shallow_preferred,0.6803121126293504,Frankland Islands,leave_site_out,100.0
2024,Frankland Islands,-17.227,146.0904,-4.0774689296026985,1,,shallow_preferred,0.6803121126293504,Frankland Islands,leave_site_out,100.0
2016,Gannet Cay Reef,-21.9784,152.4742,-0.35,1,,shallow_preferred,-0.2798759838601169,Gannet Cay Reef,leave_site_out,100.0
2017,Gannet Cay Reef,-21.9784,152.4742,-0.1627587981511653,1,,shallow_preferred,-0.2798759838601169,Gannet Cay Reef,leave_site_out,100.0
2020,Gannet Cay Reef,-21.9758,152.4797,-0.4839372673882147,1,,all_available,-0.28052661661674166,Gannet Cay Reef,leave_site_out,100.0
2022,Gannet Cay Reef,-21.9784,152.4742,-0.1507100538374921,1,,shallow_preferred,-0.2798759838601169,Gannet Cay Reef,leave_site_out,100.0
2024,Gannet Cay Reef,-21.9784,152.4742,-1.6855877548702187,1,,shallow_preferred,-0.2798759838601169,Gannet Cay Reef,leave_site_out,100.0
2016,Geoffrey Bay,-19.1549,146.8685,13.548800298159325,1,,all_available,-0.29575347966000276,Geoffrey Bay,leave_site_out,100.0
2017,Geoffrey Bay,-19.1548,146.8685,5.926048371480657,1,,shallow_preferred,-0.29575732645090524,Geoffrey Bay,leave_site_out,100.0
2020,Geoffrey Bay,-19.1548,146.8685,5.872039081989005,1,,shallow_preferred,-0.29575732645090524,Geoffrey Bay,leave_site_out,100.0
2022,Geoffrey Bay,-19.1548,146.8685,5.061730904646273,1,,shallow_preferred,-0.29575732645090524,Geoffrey Bay,leave_site_out,100.0
2024,Geoffrey Bay,-19.1548,146.8685,3.1578664283643807,1,,shallow_preferred,-0.29575732645090524,Geoffrey Bay,leave_site_out,100.0
2016,"Green Island, Qld",-16.7755,145.9803,-0.3151215766624777,1,,all_available,0.793586490736109,"Green Island, Qld",leave_site_out,100.0
2017,"Green Island, Qld",-16.7583,145.97,2.340191435615312,1,,shallow_preferred,0.7943425823659356,"Green Island, Qld",leave_site_out,100.0
2020,"Green Island, Qld",-16.7583,145.97,4.1304421271126,1,,shallow_preferred,0.7943425823659356,"Green Island, Qld",leave_site_out,100.0
2022,"Green Island, Qld",-16.7755,145.9803,-0.4121544361777092,1,,all_available,0.793586490736109,"Green Island, Qld",leave_site_out,100.0
2020,Grub Reef,-18.6214,147.433,-1.9438025416596412,1,,shallow_preferred,-1.4223098293714997,Grub Reef,leave_site_out,100.0
2016,Hastings Reef,-16.5013,146.017,2.161549404886196,1,,shallow_preferred,0.9952870450556821,Hastings Reef,leave_site_out,100.0
2017,Hastings Reef,-16.5013,146.017,0.4853243896715344,1,,shallow_preferred,0.9952870450556821,Hastings Reef,leave_site_out,100.0
2020,Hastings Reef,-16.5013,146.017,-0.6945687193633798,1,,shallow_preferred,0.9952870450556821,Hastings Reef,leave_site_out,100.0
2016,Havannah Island,-18.8472,146.5428,1.2404488095497328,1,,shallow_preferred,0.6738934389383908,Havannah Island,leave_site_out,100.0
2017,Havannah Island,-18.8472,146.5428,0.0869171131405899,1,,shallow_preferred,0.6738934389383908,Havannah Island,leave_site_out,100.0
2020,Havannah Island,-18.8472,146.5428,1.5996019487396875,1,,shallow_preferred,0.6738934389383908,Havannah Island,leave_site_out,100.0
2022,Havannah Island,-18.8472,146.5428,-7.62,1,,shallow_preferred,0.6738934389383908,Havannah Island,leave_site_out,100.0
2024,Havannah Island,-18.8472,146.5428,-2.0044825113156497,1,,shallow_preferred,0.6738934389383908,Havannah Island,leave_site_out,100.0
2016,Hayman Island,-20.0413,148.8819,-0.4657770304710102,1,,shallow_preferred,0.20518368809963358,Hayman Island,leave_site_out,100.0
2017,Hayman Island,-20.0413,148.8819,0.1848600545097944,1,,shallow_preferred,0.20518368809963358,Hayman Island,leave_site_out,100.0
2020,Hayman Island,-20.0572,148.8997,-1.086136790930217,1,,all_available,0.2039891595338532,Hayman Island,leave_site_out,100.0
2022,Hayman Island,-20.0415,148.8819,0.494145963859558,1,,shallow_preferred,0.20518906718389357,Hayman Island,leave_site_out,100.0
2024,Hayman Island,-20.0572,148.8997,-1.6394145048062023,1,,all_available,0.2039891595338532,Hayman Island,leave_site_out,100.0
2016,Hedley Reef,-17.2235,146.4754,0.2598472693507516,1,,shallow_preferred,0.40972039429111684,Hedley Reef,leave_site_out,100.0
2017,Hedley Reef,-17.2235,146.4754,1.5130401055442544,1,,shallow_preferred,0.40972039429111684,Hedley Reef,leave_site_out,100.0
2020,Hedley Reef,-17.2235,146.4754,2.2332465574489904,1,,shallow_preferred,0.40972039429111684,Hedley Reef,leave_site_out,100.0
2022,Hedley Reef,-17.2235,146.4754,-1.657937384793584,1,,shallow_preferred,0.40972039429111684,Hedley Reef,leave_site_out,100.0
2016,Helix Reef,-18.6201,147.2976,-0.3794971308614112,1,,all_available,-1.5492261774224558,Helix Reef,leave_site_out,100.0
2017,Helix Reef,-18.6203,147.2958,-1.0224455431706163,1,,shallow_preferred,-1.5485309380366803,Helix Reef,leave_site_out,100.0
2020,Helix Reef,-18.6203,147.2958,-0.0315414839450269,1,,shallow_preferred,-1.5485309380366803,Helix Reef,leave_site_out,100.0
2022,Helix Reef,-18.6203,147.2958,-1.1398314146952075,1,,shallow_preferred,-1.5485309380366803,Helix Reef,leave_site_out,100.0
2024,Helix Reef,-18.6203,147.2958,-2.0171620859266275,1,,shallow_preferred,-1.5485309380366803,Helix Reef,leave_site_out,100.0
2020,Henderson Island,-21.4856,149.9091,1.195587940616754,1,,all_available,-0.6346309160641417,Henderson Island,leave_site_out,100.0
2022,Henderson Island,-21.4854,149.9096,-0.0543985601681202,1,,shallow_preferred,-0.6349651588372612,Henderson Island,leave_site_out,100.0
2024,Henderson Island,-21.4854,149.9096,1.126334270875045,1,,shallow_preferred,-0.6349651588372612,Henderson Island,leave_site_out,100.0
2017,Heron Island,-23.4384,151.9182,1.4967732072370152,1,,shallow_preferred,-0.098089684394325,Heron Island,leave_site_out,100.0
2020,Heron Island,-23.4384,151.9182,-0.1325011480103937,1,,shallow_preferred,-0.098089684394325,Heron Island,leave_site_out,100.0
2022,Heron Island,-23.4384,151.9182,2.1808009517332927,1,,shallow_preferred,-0.098089684394325,Heron Island,leave_site_out,100.0
2024,Heron Island,-23.4384,151.9182,-0.181553811969767,1,,shallow_preferred,-0.098089684394325,Heron Island,leave_site_out,100.0
2016,High Island,-17.1622,146.007,-0.051167761052802,1,,shallow_preferred,0.6667789057066789,High Island,leave_site_out,100.0
2017,High Island,-17.1622,146.007,0.670128926553808,1,,shallow_preferred,0.6667789057066789,High Island,leave_site_out,100.0
2020,High Island,-17.1622,146.007,-4.069798420007173,1,,shallow_preferred,0.6667789057066789,High Island,leave_site_out,100.0
2022,High Island,-17.1622,146.007,-2.77,1,,shallow_preferred,0.6667789057066789,High Island,leave_site_out,100.0
2024,High Island,-17.1622,146.007,1.535772150210808,1,,shallow_preferred,0.6667789057066789,High Island,leave_site_out,100.0
2017,Holbourne Island East,-19.7333,148.3644,-3.374739542342464,1,,all_available,0.286183100110759,Holbourne Island East,leave_site_out,100.0
2020,Hook Island,-20.1681,148.8871,-3.7770271771735215,1,,shallow_preferred,0.5246167698478437,Hook Island,leave_site_out,100.0
2022,Hook Island,-20.1681,148.8871,0.2107336087404583,1,,shallow_preferred,0.5246167698478437,Hook Island,leave_site_out,100.0
2024,Hook Island,-20.1681,148.8871,-3.042549039341085,1,,all_available,0.5246167698478437,Hook Island,leave_site_out,100.0
2016,Horseshoe Reef,-22.0227,152.6166,-0.53,1,,shallow_preferred,-0.3036075737591311,Horseshoe Reef,leave_site_out,100.0
2017,Horseshoe Reef,-22.0227,152.6166,-0.2975069033353643,1,,shallow_preferred,-0.3036075737591311,Horseshoe Reef,leave_site_out,100.0
2020,Horseshoe Reef,-22.0227,152.6166,0.5820267758588589,1,,shallow_preferred,-0.3036075737591311,Horseshoe Reef,leave_site_out,100.0
2022,Horseshoe Reef,-22.0229,152.6192,0.0112034489833148,1,,all_available,-0.30371045040772365,Horseshoe Reef,leave_site_out,100.0
2024,Horseshoe Reef,-22.0227,152.6166,-0.1809719599408747,1,,shallow_preferred,-0.3036075737591311,Horseshoe Reef,leave_site_out,100.0
2016,Humpy Island,-23.2162,150.9638,-0.0253816807258292,1,,shallow_preferred,1.1678044328030177,Humpy Island,leave_site_out,100.0
2017,Humpy Island,-23.2162,150.9638,1.8548445110707927,1,,shallow_preferred,1.1678044328030177,Humpy Island,leave_site_out,100.0
2020,Humpy Island,-23.2162,150.9638,-0.1949930341297481,1,,shallow_preferred,1.1678044328030177,Humpy Island,leave_site_out,100.0
2022,Humpy Island,-23.2162,150.9638,0.279434735430043,1,,shallow_preferred,1.1678044328030177,Humpy Island,leave_site_out,100.0
2024,Humpy Island,-23.2162,150.9638,0.6080076396220804,1,,shallow_preferred,1.1678044328030177,Humpy Island,leave_site_out,100.0
2016,Hyde Reef,-19.7457,150.0822,-3.13,1,,shallow_preferred,-1.7481857345046519,Hyde Reef,leave_site_out,100.0
2017,Hyde Reef,-19.7457,150.0822,-0.8,1,,shallow_preferred,-1.7481857345046519,Hyde Reef,leave_site_out,100.0
2016,John Brewer,-18.6189,147.0813,-0.3312680887880521,2,4.0,shallow_preferred,-1.3400414532175136,John Brewer,leave_site_out,100.0
2017,John Brewer,-18.6189,147.0813,-0.19977371658930343,2,4.0,shallow_preferred,-1.3400414532175136,John Brewer,leave_site_out,100.0
2020,John Brewer,-18.619,147.0811,0.1904078716576975,1,,shallow_preferred,-1.3399992487389494,John Brewer,leave_site_out,100.0
2022,John Brewer,-18.619,147.0811,0.4930263576224289,1,,shallow_preferred,-1.3399992487389494,John Brewer,leave_site_out,100.0
2024,John Brewer,-18.619,147.0811,-2.873303413257616,1,,shallow_preferred,-1.3399992487389494,John Brewer,leave_site_out,100.0
2020,Kelso Reef,-18.4448,146.9933,-2.390825026230913,1,,shallow_preferred,-1.1297859949915703,Kelso Reef,leave_site_out,100.0
2022,Kelso Reef,-18.4448,146.9933,-1.0781514652946915,1,,shallow_preferred,-1.1297859949915703,Kelso Reef,leave_site_out,100.0
2024,Kelso Reef,-18.4448,146.9933,-3.000988014471895,1,,shallow_preferred,-1.1297859949915703,Kelso Reef,leave_site_out,100.0
2016,Knife Reef,-18.5711,147.5772,-0.9066023963914605,1,,all_available,-1.2056360527678902,Knife Reef,leave_site_out,100.0
2017,Knife Reef,-18.5711,147.5772,-4.635100374605694,1,,all_available,-1.2056360527678902,Knife Reef,leave_site_out,100.0
2020,Knife Reef,-18.572,147.5759,-0.8337973625298156,1,,shallow_preferred,-1.2054370865492348,Knife Reef,leave_site_out,100.0
2022,Knife Reef,-18.5711,147.5772,-3.2651574439186666,1,,all_available,-1.2056360527678902,Knife Reef,leave_site_out,100.0
2024,Knife Reef,-18.5711,147.5772,-4.760525391713829,1,,all_available,-1.2056360527678902,Knife Reef,leave_site_out,100.0
2017,Kubin Island,-10.2388,142.2176,-0.1928151333613488,1,,all_available,0.23829710795593034,Kubin Island,leave_site_out,100.0
2017,Lady Elliot Reef,-18.6798,146.3325,5.367763141106728,1,,shallow_preferred,-0.46223132275873724,Lady Elliot Reef,leave_site_out,100.0
2020,Lady Elliot Reef,-18.6798,146.3325,7.410464728408286,1,,shallow_preferred,-0.46223132275873724,Lady Elliot Reef,leave_site_out,100.0
2022,Lady Elliot Reef,-18.6798,146.3325,3.8833344612980607,1,,shallow_preferred,-0.46223132275873724,Lady Elliot Reef,leave_site_out,100.0
2024,Lady Elliot Reef,-18.6798,146.3325,2.6642012664764696,1,,shallow_preferred,-0.46223132275873724,Lady Elliot Reef,leave_site_out,100.0
2016,Lady Musgrave,-23.8884,152.422,-0.611715588038071,1,,shallow_preferred,-0.07505612818177528,Lady Musgrave,leave_site_out,100.0
2017,Lady Musgrave,-23.8884,152.422,-1.75598395577755,1,,shallow_preferred,-0.07505612818177528,Lady Musgrave,leave_site_out,100.0
2020,Lady Musgrave,-23.8884,152.422,-2.2420646583098907,1,,shallow_preferred,-0.07505612818177528,Lady Musgrave,leave_site_out,100.0
2022,Lady Musgrave,-23.8896,152.42,-0.47,1,,shallow_preferred,-0.07456504811574857,Lady Musgrave,leave_site_out,100.0
2024,Lady Musgrave,-23.8896,152.42,-1.9318759413607989,1,,shallow_preferred,-0.07456504811574857,Lady Musgrave,leave_site_out,100.0
2020,Lagoon Reef,-12.3923,143.74,-1.526612835689486,1,,shallow_preferred,-0.1624033277207197,Lagoon Reef,leave_site_out,100.0
2022,Lagoon Reef,-12.3923,143.74,-4.43344753368639,1,,shallow_preferred,-0.1624033277207197,Lagoon Reef,leave_site_out,100.0
2024,Lagoon Reef,-12.3926,143.7398,-3.979975825951212,1,,all_available,-0.16233209316197317,Lagoon Reef,leave_site_out,100.0
2016,Langford Island,-20.0877,148.8848,-1.231077688911029,1,,shallow_preferred,0.2699299823722737,Langford Island,leave_site_out,100.0
2017,Langford Island,-20.0877,148.8848,-1.0806375377260815,1,,shallow_preferred,0.2699299823722737,Langford Island,leave_site_out,100.0
2016,Linnet Reef,-14.7811,145.3474,7.626145269299075,1,,shallow_preferred,-0.6573446373491134,Linnet Reef,leave_site_out,100.0
2017,Linnet Reef,-14.7852,145.3554,3.206928576833631,1,,all_available,-0.6563444052025904,Linnet Reef,leave_site_out,100.0
2016,Lizard Island,-14.694067,145.45705,-0.683264140547168,1,0.6,shallow_preferred,-0.34469644692794765,Lizard Island,leave_site_out,100.0
2017,Lizard Island,-14.6884,145.4422,3.4645279972952707,1,,shallow_preferred,-0.33399817273368554,Lizard Island,leave_site_out,100.0
2020,Lizard Island,-14.68796,145.45285,0.4795624356526891,2,0.6,shallow_preferred,-0.3487926711739908,Lizard Island,leave_site_out,100.0
2022,Lizard Island,-14.68995,145.45430850000002,0.01200421625706849,2,5.0,shallow_preferred,-0.34757330190134,Lizard Island,leave_site_out,100.0
2024,Lizard Island,-14.68995,145.45430850000002,0.9437563272144394,2,5.0,shallow_preferred,-0.34757330190134,Lizard Island,leave_site_out,100.0
2016,Low Isles,-16.3831,145.5619,3.328373418627904,1,,shallow_preferred,0.9425183368414372,Low Isles,leave_site_out,100.0
2017,Low Isles,-16.3831,145.5619,2.0405781380827364,1,,shallow_preferred,0.9425183368414372,Low Isles,leave_site_out,100.0
2020,Low Isles,-16.3831,145.5619,1.407814282110004,1,,shallow_preferred,0.9425183368414372,Low Isles,leave_site_out,100.0
2022,Low Isles,-16.3831,145.5619,2.007534551996275,1,,shallow_preferred,0.9425183368414372,Low Isles,leave_site_out,100.0
2024,Low Isles,-16.3831,145.5619,3.234717160448197,1,,shallow_preferred,0.9425183368414372,Low Isles,leave_site_out,100.0
2017,Macgillivray,-14.6485,145.4915,-0.9683515096486346,1,,all_available,-0.1452077720589031,Macgillivray,leave_site_out,100.0
2020,Macgillivray,-14.6485,145.4915,-4.299430568059551,1,,all_available,-0.1452077720589031,Macgillivray,leave_site_out,100.0
2022,Macgillivray,-14.6485,145.4915,-3.113379619347248,1,,all_available,-0.1452077720589031,Macgillivray,leave_site_out,100.0
2024,Macgillivray,-14.6485,145.4915,0.3334817723541992,1,,all_available,-0.1452077720589031,Macgillivray,leave_site_out,100.0
2016,Mackay Reef,-16.0399,145.6506,3.142228224810014,1,,shallow_preferred,0.5734415705313639,Mackay Reef,leave_site_out,100.0
2017,Mackay Reef,-16.0399,145.6506,2.2522848881274307,1,,shallow_preferred,0.5734415705313639,Mackay Reef,leave_site_out,100.0
2020,Mackay Reef,-16.0399,145.6506,2.2648477201922943,1,,shallow_preferred,0.5734415705313639,Mackay Reef,leave_site_out,100.0
2022,Mackay Reef,-16.0399,145.6506,0.9261292605345348,1,,shallow_preferred,0.5734415705313639,Mackay Reef,leave_site_out,100.0
2024,Mackay Reef,-16.0399,145.6506,2.986583602448798,1,,shallow_preferred,0.5734415705313639,Mackay Reef,leave_site_out,100.0
2017,Manning Island,-23.854,151.3533,3.6855037764959153,1,2.0,shallow_preferred,1.4292672295524913,Manning Island,leave_site_out,100.0
2020,Manning Island,-23.854,151.3533,2.9522047055525817,1,,shallow_preferred,1.4292672295524913,Manning Island,leave_site_out,100.0
2022,Manning Island,-23.854,151.3533,5.309158172425871,1,,shallow_preferred,1.4292672295524913,Manning Island,leave_site_out,100.0
2024,Manning Island,-23.854,151.3533,0.8688011005989598,1,,shallow_preferred,1.4292672295524913,Manning Island,leave_site_out,100.0
2016,Martin,-14.7553,145.3722,3.718709690722728,1,,all_available,-0.48804193009325847,Martin,leave_site_out,100.0
2017,Martin,-14.7553,145.3722,2.925004485266232,1,,all_available,-0.48804193009325847,Martin,leave_site_out,100.0
2020,Martin,-14.7553,145.3722,1.2220278261895885,1,,all_available,-0.48804193009325847,Martin,leave_site_out,100.0
2022,Martin,-14.7553,145.3722,1.9154301837787944,1,,all_available,-0.48804193009325847,Martin,leave_site_out,100.0
2024,Martin,-14.7553,145.3722,3.8351490990065393,1,,all_available,-0.48804193009325847,Martin,leave_site_out,100.0
2016,Mast Head Reef,-23.5341,151.7497,0.0,1,,all_available,0.7891351251139924,Mast Head Reef,leave_site_out,100.0
2017,Mast Head Reef,-23.5341,151.7497,0.2643198653873018,1,,all_available,0.7891351251139924,Mast Head Reef,leave_site_out,100.0
2020,Mast Head Reef,-23.5341,151.7497,1.3050274284054115,1,,all_available,0.7891351251139924,Mast Head Reef,leave_site_out,100.0
2022,Mast Head Reef,-23.5341,151.7497,0.3320649799632625,1,,all_available,0.7891351251139924,Mast Head Reef,leave_site_out,100.0
2024,Mast Head Reef,-23.5341,151.7497,0.0469545366380899,1,,all_available,0.7891351251139924,Mast Head Reef,leave_site_out,100.0
2016,McCulloch Reef,-17.2834,146.4777,-0.1369223508137507,1,,shallow_preferred,0.3766020908257939,McCulloch Reef,leave_site_out,100.0
2017,McCulloch Reef,-17.2834,146.4777,1.6562348400435951,1,,shallow_preferred,0.3766020908257939,McCulloch Reef,leave_site_out,100.0
2020,McCulloch Reef,-17.2834,146.4777,2.116830558170516,1,,shallow_preferred,0.3766020908257939,McCulloch Reef,leave_site_out,100.0
2022,McCulloch Reef,-17.2834,146.4777,1.0634930497346478,1,,shallow_preferred,0.3766020908257939,McCulloch Reef,leave_site_out,100.0
2016,Michaelmas Reef,-16.5528,146.0454,2.5921159963802545,1,,shallow_preferred,0.7482822817495645,Michaelmas Reef,leave_site_out,100.0
2017,Michaelmas Reef,-16.5528,146.0454,2.5909335644133407,1,,shallow_preferred,0.7482822817495645,Michaelmas Reef,leave_site_out,100.0
2020,Michaelmas Reef,-16.5528,146.0454,1.1469479944542602,1,,shallow_preferred,0.7482822817495645,Michaelmas Reef,leave_site_out,100.0
2016,Moore Reef,-16.8519,146.2336,1.393790788382177,1,,shallow_preferred,0.7403488754292202,Moore Reef,leave_site_out,100.0
2017,Moore Reef,-16.8519,146.2336,-0.1839636080845217,1,,shallow_preferred,0.7403488754292202,Moore Reef,leave_site_out,100.0
2020,Moore Reef,-16.8519,146.2336,1.5139498544599743,1,,shallow_preferred,0.7403488754292202,Moore Reef,leave_site_out,100.0
2020,Moore Reef-Coral Sea,-15.8866,149.1516,-4.987052573988572,1,,shallow_preferred,-2.4398204105089194,Moore Reef-Coral Sea,leave_site_out,100.0
2020,Myrmidon Reef,-18.2585,147.3814,-0.6244883420862655,1,,shallow_preferred,-1.5901994489929916,Myrmidon Reef,leave_site_out,100.0
2022,Myrmidon Reef,-18.25695,147.38115,-2.106265781265818,2,,all_available,-1.5899398517589314,Myrmidon Reef,leave_site_out,100.0
2024,Myrmidon Reef,-18.2585,147.3814,-1.772714135542496,1,,shallow_preferred,-1.5901994489929916,Myrmidon Reef,leave_site_out,100.0
2017,No Name,-14.6279,145.6453,-6.923401607784927,1,,all_available,-0.1138617020692733,No Name,leave_site_out,100.0
2020,No Name,-14.6308,145.6418,-4.310231988865706,1,,shallow_preferred,-0.10965019077729275,No Name,leave_site_out,100.0
2022,No Name,-14.6308,145.6418,-1.705695853816663,1,,shallow_preferred,-0.10965019077729275,No Name,leave_site_out,100.0
2024,No Name,-14.6308,145.6418,-3.1206719496112054,1,,shallow_preferred,-0.10965019077729275,No Name,leave_site_out,100.0
2017,North Direction Island,-14.7435,145.5136,1.654546928877684,1,,shallow_preferred,-0.4416541435239527,North Direction Island,leave_site_out,100.0
2020,North Direction Island,-14.7435,145.5136,-6.57,1,,shallow_preferred,-0.4416541435239527,North Direction Island,leave_site_out,100.0
2022,North Direction Island,-14.7435,145.5136,0.7454363748168298,1,,shallow_preferred,-0.4416541435239527,North Direction Island,leave_site_out,100.0
2024,North Direction Island,-14.7435,145.5136,5.383649436141575,1,,shallow_preferred,-0.4416541435239527,North Direction Island,leave_site_out,100.0
2016,North Keppel Island,-23.0864,150.9052,0.4119327808008783,1,,shallow_preferred,1.101605019997495,North Keppel Island,leave_site_out,100.0
2017,North Keppel Island,-23.0864,150.9052,1.558054564812532,1,,shallow_preferred,1.101605019997495,North Keppel Island,leave_site_out,100.0
2020,North Keppel Island,-23.0864,150.9052,-0.0437870365482258,1,,shallow_preferred,1.101605019997495,North Keppel Island,leave_site_out,100.0
2022,North Keppel Island,-23.0864,150.9052,-0.7961308644747469,1,,shallow_preferred,1.101605019997495,North Keppel Island,leave_site_out,100.0
2024,North Keppel Island,-23.0864,150.9052,1.0622295146220626,1,,shallow_preferred,1.101605019997495,North Keppel Island,leave_site_out,100.0
2016,North Reef,-23.1775,151.9041,0.0,1,5.5,shallow_preferred,0.11606637908821063,North Reef,leave_site_out,100.0
2017,North Reef,-23.1775,151.9041,-1.6125873014673375,1,5.5,shallow_preferred,0.11606637908821063,North Reef,leave_site_out,100.0
2020,North Reef,-23.1755,151.9086,0.0,1,,all_available,0.11476695480723831,North Reef,leave_site_out,100.0
2017,Northeast Reef,-18.5718,146.4947,1.081957224109642,1,2.0,shallow_preferred,-0.04550700039042766,Northeast Reef,leave_site_out,100.0
2020,Northeast Reef,-18.5718,146.4947,-2.2315763578432497,1,,shallow_preferred,-0.04550700039042766,Northeast Reef,leave_site_out,100.0
2022,Northeast Reef,-18.5718,146.4947,0.1769185098647074,1,,shallow_preferred,-0.04550700039042766,Northeast Reef,leave_site_out,100.0
2024,Northeast Reef,-18.5718,146.4947,0.4083809324888072,1,,shallow_preferred,-0.04550700039042766,Northeast Reef,leave_site_out,100.0
2020,Nth Barnards (Jesse Is),-17.6722,146.1742,5.556803929865103,1,,shallow_preferred,0.751524472759781,Nth Barnards (Jesse Is),leave_site_out,100.0
2022,Nth Barnards (Jesse Is),-17.6717,146.1747,1.273264460917427,1,,all_available,0.7512673569863253,Nth Barnards (Jesse Is),leave_site_out,100.0
2024,Nth Barnards (Jesse Is),-17.6717,146.1747,-2.745176977858989,1,,all_available,0.7512673569863253,Nth Barnards (Jesse Is),leave_site_out,100.0
2016,One Tree Island,-23.4833,152.0739,0.0746192843859103,2,,all_available,0.005420091154614471,One Tree Island,leave_site_out,100.0
2017,One Tree Island,-23.4833,152.0739,-2.369160070150796,3,,all_available,0.005420091154614471,One Tree Island,leave_site_out,100.0
2020,One Tree Island,-23.4833,152.0739,-3.1230587818809963,3,,all_available,0.005420091154614471,One Tree Island,leave_site_out,100.0
2022,One Tree Island,-23.4833,152.0739,-0.32,4,,all_available,0.005420091154614471,One Tree Island,leave_site_out,100.0
2024,One Tree Island,-23.4833,152.0739,-1.8831180838731818,4,,all_available,0.005420091154614471,One Tree Island,leave_site_out,100.0
2016,Opal Reef,-16.2034,145.9065,-0.870952350315747,1,,all_available,0.8298192123148946,Opal Reef,leave_site_out,100.0
2017,Opal Reef,-16.2042,145.9005,4.085801976706115,1,,shallow_preferred,0.8332138205428213,Opal Reef,leave_site_out,100.0
2020,Opal Reef,-16.2042,145.9005,-0.7276474892046885,1,,shallow_preferred,0.8332138205428213,Opal Reef,leave_site_out,100.0
2016,Orpheus Island,-18.601750000000003,146.48829999999998,0.14085842937082727,2,,all_available,-0.029649817645096967,Orpheus Island,leave_site_out,100.0
2017,Orpheus Island,-18.601750000000003,146.48829999999998,0.5985243157258839,2,,all_available,-0.029649817645096967,Orpheus Island,leave_site_out,100.0
2016,Pandora Reef,-18.8164,146.4341,-1.230475505080305,1,,shallow_preferred,0.8274300772353373,Pandora Reef,leave_site_out,100.0
2017,Pandora Reef,-18.8164,146.4341,0.4563194908363481,1,,shallow_preferred,0.8274300772353373,Pandora Reef,leave_site_out,100.0
2020,Pandora Reef,-18.8164,146.4341,2.415483371564374,1,,shallow_preferred,0.8274300772353373,Pandora Reef,leave_site_out,100.0
2022,Pandora Reef,-18.8164,146.4341,-1.3308283189703358,1,,shallow_preferred,0.8274300772353373,Pandora Reef,leave_site_out,100.0
2024,Pandora Reef,-18.8164,146.4341,-1.2492841044856169,1,,shallow_preferred,0.8274300772353373,Pandora Reef,leave_site_out,100.0
2016,Peak Island,-23.3413,150.9369,0.7980236209381337,1,,shallow_preferred,1.0954049278793783,Peak Island,leave_site_out,100.0
2017,Peak Island,-23.3413,150.9369,2.5338963002932164,1,,shallow_preferred,1.0954049278793783,Peak Island,leave_site_out,100.0
2020,Peak Island,-23.3413,150.9369,2.0302291152499343,1,,shallow_preferred,1.0954049278793783,Peak Island,leave_site_out,100.0
2022,Peak Island,-23.3413,150.9369,0.5855679313135402,1,,shallow_preferred,1.0954049278793783,Peak Island,leave_site_out,100.0
2016,Peart Reef,-17.46705,146.40255,-0.7899533874370499,2,2.4,shallow_preferred,0.6262239208914611,Peart Reef,leave_site_out,100.0
2017,Peart Reef,-17.4676,146.402,0.2564586963575834,1,,shallow_preferred,0.6262244817556573,Peart Reef,leave_site_out,100.0
2020,Peart Reef,-17.4676,146.402,1.027260252243318,1,,shallow_preferred,0.6262244817556573,Peart Reef,leave_site_out,100.0
2022,Peart Reef,-17.4676,146.402,-0.8201420307894405,1,,shallow_preferred,0.6262244817556573,Peart Reef,leave_site_out,100.0
2024,Peart Reef,-17.4665,146.4031,-2.1103074542540026,1,,all_available,0.626223379670398,Peart Reef,leave_site_out,100.0
2016,Pelican Island,-23.2397,150.8742,0.8965753957673843,1,,shallow_preferred,0.9301173514859707,Pelican Island,leave_site_out,100.0
2017,Pelican Island,-23.2397,150.8742,5.076861281952688,1,,shallow_preferred,0.9301173514859707,Pelican Island,leave_site_out,100.0
2020,Pelican Island,-23.2397,150.8742,2.036700049354229,1,,shallow_preferred,0.9301173514859707,Pelican Island,leave_site_out,100.0
2022,Pelican Island,-23.2397,150.8742,2.87801058962431,1,,shallow_preferred,0.9301173514859707,Pelican Island,leave_site_out,100.0
2024,Pelican Island,-23.2397,150.8742,1.3336012499129186,1,,shallow_preferred,0.9301173514859707,Pelican Island,leave_site_out,100.0
2016,Pelorus Island,-18.5406,146.4888,-0.4118532764787783,1,,shallow_preferred,0.12762512431948286,Pelorus Island,leave_site_out,100.0
2017,Pelorus Island,-18.5406,146.4888,0.2443588332417867,1,,shallow_preferred,0.12762512431948286,Pelorus Island,leave_site_out,100.0
2020,Pelorus Island,-18.5406,146.4888,-3.0800208505562527,1,,shallow_preferred,0.12762512431948286,Pelorus Island,leave_site_out,100.0
2022,Pelorus Island,-18.5406,146.4888,-1.0987203135328016,1,,shallow_preferred,0.12762512431948286,Pelorus Island,leave_site_out,100.0
2024,Pelorus Island,-18.5406,146.4888,-4.99468701852191,1,,shallow_preferred,0.12762512431948286,Pelorus Island,leave_site_out,100.0
2016,Penrith Reef,-21.0032,149.8875,-1.99,1,,all_available,-0.486226971740354,Penrith Reef,leave_site_out,100.0
2017,Penrith Reef,-21.0032,149.8875,-3.2164805609812284,1,,all_available,-0.486226971740354,Penrith Reef,leave_site_out,100.0
2020,Penrith Reef,-21.0036,149.8882,-1.0546015138842613,1,,shallow_preferred,-0.48656342389305474,Penrith Reef,leave_site_out,100.0
2022,Penrith Reef,-21.0036,149.8882,-1.4836345387472027,1,,shallow_preferred,-0.48656342389305474,Penrith Reef,leave_site_out,100.0
2024,Penrith Reef,-21.0036,149.8882,-8.25,1,,shallow_preferred,-0.48656342389305474,Penrith Reef,leave_site_out,100.0
2016,Pine Island,-20.378,148.8884,2.758559077194137,1,,shallow_preferred,0.3796125151898261,Pine Island,leave_site_out,100.0
2017,Pine Island,-20.378,148.8884,2.267680691159056,1,,shallow_preferred,0.3796125151898261,Pine Island,leave_site_out,100.0
2020,Pine Island,-20.378,148.8884,1.9326931379161556,1,,shallow_preferred,0.3796125151898261,Pine Island,leave_site_out,100.0
2022,Pine Island,-20.378,148.8884,1.614351045119581,1,,shallow_preferred,0.3796125151898261,Pine Island,leave_site_out,100.0
2024,Pine Island,-20.378,148.8884,2.039983382562866,1,,shallow_preferred,0.3796125151898261,Pine Island,leave_site_out,100.0
2020,Pine Peak Island,-21.5145,150.2515,0.6812159480858444,1,,shallow_preferred,-0.5402803397884599,Pine Peak Island,leave_site_out,100.0
2022,Pine Peak Island,-21.5145,150.2515,-0.6866243656929498,1,,shallow_preferred,-0.5402803397884599,Pine Peak Island,leave_site_out,100.0
2024,Pine Peak Island,-21.5145,150.2515,-0.7875008679016648,1,,shallow_preferred,-0.5402803397884599,Pine Peak Island,leave_site_out,100.0
2016,Pompey Reef (No 1),-20.9201,150.5582,-0.8300000000000001,1,,shallow_preferred,-0.875092185767791,Pompey Reef (No 1),leave_site_out,100.0
2017,Pompey Reef (No 1),-20.9201,150.5582,-1.4256318177575098,1,,shallow_preferred,-0.875092185767791,Pompey Reef (No 1),leave_site_out,100.0
2020,Pompey Reef (No 1),-20.9201,150.5582,-0.0615643802336514,1,,shallow_preferred,-0.875092185767791,Pompey Reef (No 1),leave_site_out,100.0
2022,Pompey Reef (No 1),-20.9201,150.5582,-1.631415408490577,1,,shallow_preferred,-0.875092185767791,Pompey Reef (No 1),leave_site_out,100.0
2017,Rat Island,-23.767,151.3185,5.937374202789373,1,,shallow_preferred,1.1204258357773982,Rat Island,leave_site_out,100.0
2020,Rat Island,-23.767,151.3185,4.032971175530797,1,,shallow_preferred,1.1204258357773982,Rat Island,leave_site_out,100.0
2022,Rat Island,-23.767,151.3185,6.114287463581379,1,,shallow_preferred,1.1204258357773982,Rat Island,leave_site_out,100.0
2024,Rat Island,-23.767,151.3185,5.273399331924637,1,,shallow_preferred,1.1204258357773982,Rat Island,leave_site_out,100.0
2016,Rebe Reef,-19.795,150.1499,-2.99,1,,shallow_preferred,-0.9707880437007347,Rebe Reef,leave_site_out,100.0
2017,Rebe Reef,-19.795,150.1499,-3.61,1,,shallow_preferred,-0.9707880437007347,Rebe Reef,leave_site_out,100.0
2020,Rebe Reef,-19.795,150.1499,-6.47,1,,shallow_preferred,-0.9707880437007347,Rebe Reef,leave_site_out,100.0
2022,Rebe Reef,-19.795,150.1499,-5.96,1,,shallow_preferred,-0.9707880437007347,Rebe Reef,leave_site_out,100.0
2024,Rebe Reef,-19.795,150.1499,-8.971298792288794,1,,shallow_preferred,-0.9707880437007347,Rebe Reef,leave_site_out,100.0
2017,Repulse,-20.5779,148.8625,-1.5644129148914745,1,,all_available,0.5621645922416839,Repulse,leave_site_out,100.0
2020,Repulse,-20.5779,148.8625,3.481321265505569,1,,all_available,0.5621645922416839,Repulse,leave_site_out,100.0
2016,Rib Reef,-18.473,146.8774,-0.1772024504667313,1,,shallow_preferred,-0.7584791642309745,Rib Reef,leave_site_out,100.0
2017,Rib Reef,-18.473,146.8774,-0.4027165745273926,1,9.4,shallow_preferred,-0.7584791642309745,Rib Reef,leave_site_out,100.0
2020,Rib Reef,-18.473,146.8774,0.4080477107976641,1,,shallow_preferred,-0.7584791642309745,Rib Reef,leave_site_out,100.0
2022,Rib Reef,-18.473,146.8774,-3.641424667151929,1,,shallow_preferred,-0.7584791642309745,Rib Reef,leave_site_out,100.0
2024,Rib Reef,-18.473,146.8774,-0.7957262887094778,1,,shallow_preferred,-0.7584791642309745,Rib Reef,leave_site_out,100.0
2020,Roxburgh Reef,-18.4321,147.0563,-3.331693297466966,1,,shallow_preferred,-1.3466420444708895,Roxburgh Reef,leave_site_out,100.0
2020,Sand Bank No7,-13.4363,143.9722,-6.03,1,,shallow_preferred,-0.6463677786902312,Sand Bank No7,leave_site_out,100.0
2022,Sand Bank No7,-13.4363,143.9722,-4.078812431810763,1,,shallow_preferred,-0.6463677786902312,Sand Bank No7,leave_site_out,100.0
2024,Sand Bank No7,-13.4363,143.9722,-6.256932822483051,1,,shallow_preferred,-0.6463677786902312,Sand Bank No7,leave_site_out,100.0
2016,Seaforth Island,-20.4685,149.0389,1.428689279780309,1,,shallow_preferred,0.45503569672025385,Seaforth Island,leave_site_out,100.0
2017,Seaforth Island,-20.4685,149.0389,1.416027765909833,1,,shallow_preferred,0.45503569672025385,Seaforth Island,leave_site_out,100.0
2020,Seaforth Island,-20.4685,149.0389,2.016782735515747,1,,shallow_preferred,0.45503569672025385,Seaforth Island,leave_site_out,100.0
2022,Seaforth Island,-20.4685,149.0389,1.3896108603220183,1,,shallow_preferred,0.45503569672025385,Seaforth Island,leave_site_out,100.0
2024,Seaforth Island,-20.4685,149.0389,1.0099774032713746,1,,all_available,0.45503569672025385,Seaforth Island,leave_site_out,100.0
2017,Seal Rocks North,-23.9583,151.4849,3.70408024696868,1,,shallow_preferred,1.0409785442641646,Seal Rocks North,leave_site_out,100.0
2020,Seal Rocks North,-23.9583,151.4849,2.838999863593152,1,,shallow_preferred,1.0409785442641646,Seal Rocks North,leave_site_out,100.0
2024,Seal Rocks North,-23.9583,151.4849,3.263794696516893,1,,shallow_preferred,1.0409785442641646,Seal Rocks North,leave_site_out,100.0
2016,Shute and Tancred Islands,-20.3009,148.7983,5.099828531280933,1,,shallow_preferred,0.1761640011551091,Shute and Tancred Islands,leave_site_out,100.0
2017,Shute and Tancred Islands,-20.3009,148.7983,1.4164816374178564,2,3.6,shallow_preferred,0.1761640011551091,Shute and Tancred Islands,leave_site_out,100.0
2020,Shute and Tancred Islands,-20.3009,148.7983,1.348653458250242,1,,shallow_preferred,0.1761640011551091,Shute and Tancred Islands,leave_site_out,100.0
2022,Shute and Tancred Islands,-20.3009,148.7983,1.2805066431930934,1,,shallow_preferred,0.1761640011551091,Shute and Tancred Islands,leave_site_out,100.0
2024,Shute and Tancred Islands,-20.3009,148.7983,1.6179930495016066,1,,shallow_preferred,0.1761640011551091,Shute and Tancred Islands,leave_site_out,100.0
2016,Small Lagoon Reef,-21.8678,152.5239,0.1231167317810061,1,,shallow_preferred,-0.40804380639341165,Small Lagoon Reef,leave_site_out,100.0
2017,Small Lagoon Reef,-21.8678,152.5239,0.6451005694404068,1,,shallow_preferred,-0.40804380639341165,Small Lagoon Reef,leave_site_out,100.0
2020,Small Lagoon Reef,-21.8678,152.5239,2.2234787121065374,1,,shallow_preferred,-0.40804380639341165,Small Lagoon Reef,leave_site_out,100.0
2022,Small Lagoon Reef,-21.8678,152.5239,-0.49,1,,shallow_preferred,-0.40804380639341165,Small Lagoon Reef,leave_site_out,100.0
2016,Snake Reef,-22.0232,152.1928,0.3360573961696979,1,,shallow_preferred,-0.23744131123362075,Snake Reef,leave_site_out,100.0
2017,Snake Reef,-22.0232,152.1928,-1.8438006949277133,1,,shallow_preferred,-0.23744131123362075,Snake Reef,leave_site_out,100.0
2020,Snake Reef,-22.0232,152.1928,-0.0755047190480606,1,,shallow_preferred,-0.23744131123362075,Snake Reef,leave_site_out,100.0
2022,Snake Reef,-22.0232,152.1928,0.2680475636644979,1,,shallow_preferred,-0.23744131123362075,Snake Reef,leave_site_out,100.0
2024,Snake Reef,-22.0232,152.1928,-1.1544690991552988,1,,shallow_preferred,-0.23744131123362075,Snake Reef,leave_site_out,100.0
2016,Snapper Island North,-16.2924,145.4969,5.2608957298267205,1,13.6,shallow_preferred,0.49878325302903403,Snapper Island North,leave_site_out,100.0
2017,Snapper Island North,-16.2924,145.4969,4.04035081925011,1,,shallow_preferred,0.49878325302903403,Snapper Island North,leave_site_out,100.0
2020,Snapper Island North,-16.2924,145.4969,5.115966535074563,1,,shallow_preferred,0.49878325302903403,Snapper Island North,leave_site_out,100.0
2022,Snapper Island North,-16.2924,145.4969,4.223499478603828,1,,shallow_preferred,0.49878325302903403,Snapper Island North,leave_site_out,100.0
2024,Snapper Island North,-16.2924,145.4969,7.4435563247489664,1,,shallow_preferred,0.49878325302903403,Snapper Island North,leave_site_out,100.0
2016,St Crispin Reef,-16.0733,145.8438,0.8079247213057474,1,,shallow_preferred,0.66330893200578,St Crispin Reef,leave_site_out,100.0
2017,St Crispin Reef,-16.0733,145.8438,0.1684520194030891,1,,shallow_preferred,0.66330893200578,St Crispin Reef,leave_site_out,100.0
2020,St Crispin Reef,-16.0733,145.8438,88.25537843400438,1,,shallow_preferred,0.66330893200578,St Crispin Reef,leave_site_out,100.0
2022,St Crispin Reef,-16.0733,145.8438,-0.410183903401097,1,,shallow_preferred,0.66330893200578,St Crispin Reef,leave_site_out,100.0
2024,St Crispin Reef,-16.0733,145.8438,-2.0280244486688037,1,,shallow_preferred,0.66330893200578,St Crispin Reef,leave_site_out,100.0
2016,Taylor Reef,-17.8121,146.5703,2.0139693667363594,1,,shallow_preferred,0.9446178851459058,Taylor Reef,leave_site_out,100.0
2017,Taylor Reef,-17.8121,146.5703,0.914864962408548,1,,shallow_preferred,0.9446178851459058,Taylor Reef,leave_site_out,100.0
2020,Taylor Reef,-17.8121,146.5703,0.3831780430515588,1,,shallow_preferred,0.9446178851459058,Taylor Reef,leave_site_out,100.0
2022,Taylor Reef,-17.8121,146.5703,1.8551421834079156,1,,shallow_preferred,0.9446178851459058,Taylor Reef,leave_site_out,100.0
2024,Taylor Reef,-17.8121,146.5703,-0.1915376615305835,1,,shallow_preferred,0.9446178851459058,Taylor Reef,leave_site_out,100.0
2016,Tern Reef,-20.9023,150.0264,-1.95,1,,shallow_preferred,-0.5449805227321822,Tern Reef,leave_site_out,100.0
2017,Tern Reef,-20.9023,150.0264,-1.4831185058775374,1,,shallow_preferred,-0.5449805227321822,Tern Reef,leave_site_out,100.0
2020,Tern Reef,-20.9023,150.0264,-1.0741594610218153,1,,shallow_preferred,-0.5449805227321822,Tern Reef,leave_site_out,100.0
2022,Tern Reef,-20.9023,150.0264,-1.940902751155893,1,,shallow_preferred,-0.5449805227321822,Tern Reef,leave_site_out,100.0
2024,Tern Reef,-20.9023,150.0264,-3.845918940878663,1,,shallow_preferred,-0.5449805227321822,Tern Reef,leave_site_out,100.0
2016,Thetford Reef,-16.7995,146.1951,1.7851117645284935,1,,shallow_preferred,0.7561681350933381,Thetford Reef,leave_site_out,100.0
2017,Thetford Reef,-16.7995,146.1951,0.2855790394732214,1,,shallow_preferred,0.7561681350933381,Thetford Reef,leave_site_out,100.0
2020,Thetford Reef,-16.7995,146.1951,1.1996534608867409,1,,shallow_preferred,0.7561681350933381,Thetford Reef,leave_site_out,100.0
2022,Thetford Reef,-16.7995,146.1951,0.6869782559540729,1,,shallow_preferred,0.7561681350933381,Thetford Reef,leave_site_out,100.0
2024,Thetford Reef,-16.7995,146.1951,1.199482382797532,1,,shallow_preferred,0.7561681350933381,Thetford Reef,leave_site_out,100.0
2017,Tryon Island,-23.2457,151.7739,0.2693227123175901,1,,shallow_preferred,0.2794722131884972,Tryon Island,leave_site_out,100.0
2020,Tryon Island,-23.2457,151.7739,-3.263919477013788,1,,shallow_preferred,0.2794722131884972,Tryon Island,leave_site_out,100.0
2022,Tryon Island,-23.2457,151.7739,0.7394298817738182,1,,shallow_preferred,0.2794722131884972,Tryon Island,leave_site_out,100.0
2024,Tryon Island,-23.2457,151.7739,-1.813614176405533,1,,shallow_preferred,0.2794722131884972,Tryon Island,leave_site_out,100.0
2020,Tuesday,-10.5519,142.3265,2.989141947783424,1,,shallow_preferred,-0.06695924436808315,Tuesday,leave_site_out,100.0
2016,Turner Cay,-21.7031,152.5605,-0.16,1,,all_available,-0.2955694121630479,Turner Cay,leave_site_out,100.0
2017,Turner Cay,-21.7031,152.5605,-0.9409643198063032,1,,all_available,-0.2955694121630479,Turner Cay,leave_site_out,100.0
2020,Turner Cay,-21.7031,152.5605,-1.2722601282566712,1,,all_available,-0.2955694121630479,Turner Cay,leave_site_out,100.0
2022,Turner Cay,-21.7031,152.5605,-1.11,1,,all_available,-0.2955694121630479,Turner Cay,leave_site_out,100.0
2024,Turner Cay,-21.7031,152.5605,-2.5344971807506527,1,,all_available,-0.2955694121630479,Turner Cay,leave_site_out,100.0
2017,Twin Island,-10.4629,142.4358,0.144507896456286,1,,shallow_preferred,0.21097453506885536,Twin Island,leave_site_out,100.0
2020,Tydeman Cay,-13.9715,144.5017,-5.401408447634655,2,2.6,shallow_preferred,-0.5764351235120874,Tydeman Cay,leave_site_out,100.0
2022,Tydeman Cay,-13.9715,144.5017,-3.554377203886662,1,,shallow_preferred,-0.5764351235120874,Tydeman Cay,leave_site_out,100.0
2017,Warraber Island,-10.200800000000001,142.81900000000002,-0.5776570387070736,2,1.2,shallow_preferred,0.1309955205683725,Warraber Island,leave_site_out,100.0
2020,Warraber Island,-10.2007,142.8189,1.78781952851811,1,,all_available,0.13102309596290482,Warraber Island,leave_site_out,100.0
2022,Warraber Island,-10.2007,142.8189,-3.827378726930228,1,,all_available,0.13102309596290482,Warraber Island,leave_site_out,100.0
2017,Willis Island,-16.288,149.96345,-0.004634673557972757,2,,shallow_preferred,-1.618858806907436,Willis Island,leave_site_out,100.0
2020,Willis Island,-16.28805,149.9634,-5.210242417599298,2,,shallow_preferred,-1.618860692497168,Willis Island,leave_site_out,100.0
2024,Willis Island,-16.2897,149.9649,-13.17,1,,shallow_preferred,-1.6163869738267116,Willis Island,leave_site_out,100.0
2016,Woiz Reef,-10.1741,143.226,9.436863183715728,1,,all_available,-0.147326616009249,Woiz Reef,leave_site_out,100.0
2017,Woiz Reef,-10.1744,143.2264,-0.0823360794803385,1,,shallow_preferred,-0.14742566308568866,Woiz Reef,leave_site_out,100.0
2020,Woiz Reef,-10.1744,143.2264,1.1404435733747071,1,,shallow_preferred,-0.14742566308568866,Woiz Reef,leave_site_out,100.0
2022,Woiz Reef,-10.1744,143.2264,-0.5409761267719593,1,,shallow_preferred,-0.14742566308568866,Woiz Reef,leave_site_out,100.0
2016,Yonge Reef,-14.5731,145.6147,-1.8764307465645336,1,,shallow_preferred,-0.3895176920894877,Yonge Reef,leave_site_out,100.0
2017,Yonge Reef,-14.5731,145.6147,-1.6965574448576124,1,,shallow_preferred,-0.3895176920894877,Yonge Reef,leave_site_out,100.0
2020,Yonge Reef,-14.57695,145.61415,-4.376788490280496,2,,shallow_preferred,-0.386423842331335,Yonge Reef,leave_site_out,100.0
2024,Yonge Reef,-14.5731,145.6147,-1.8594030718308463,1,,shallow_preferred,-0.3895176920894877,Yonge Reef,leave_site_out,100.0
2016,19-131 Reef,-19.7641,149.3786,2.4881428483989625,1,,shallow_preferred,-0.8571157842440594,2016,leave_event_out,200.0
2016,19-138 Reef,-19.8024,149.4199,1.615120950831018,1,,shallow_preferred,-0.8587417092430771,2016,leave_event_out,200.0
2016,19-159 Reef,-19.6661,149.9146,-3.01,1,,shallow_preferred,-1.4050700449964595,2016,leave_event_out,200.0
2016,20-104 Reef,-20.0286,149.6933,1.2862792410082275,1,,shallow_preferred,-1.190493415756745,2016,leave_event_out,200.0
2016,21-062 Reef,-21.028,150.8534,-0.47,1,,shallow_preferred,-0.988674310164904,2016,leave_event_out,200.0
2016,21-139 Reef,-21.4552,151.4654,-0.64,1,,shallow_preferred,-0.5169975369260039,2016,leave_event_out,200.0
2016,21-187 Reef,-21.4072,151.6414,-0.31,1,,shallow_preferred,-0.5196763145789398,2016,leave_event_out,200.0
2016,21-245 Reef,-21.298,152.4425,0.0,1,,shallow_preferred,-0.44800578501391697,2016,leave_event_out,200.0
2016,21-550 Reef,-21.9471,152.3069,0.0921533394028272,1,,shallow_preferred,-0.2620086306048587,2016,leave_event_out,200.0
2016,21-591 Reef,-21.0266,150.3807,-1.14,1,,all_available,-0.9251695587744598,2016,leave_event_out,200.0
2016,Agincourt Reef Number 1,-16.0398,145.8652,0.6706690019749448,1,,shallow_preferred,0.6762431720673575,2016,leave_event_out,200.0
2016,Arlington Reef,-16.6891,146.0871,1.8697210938847693,1,,shallow_preferred,0.6203469865189462,2016,leave_event_out,200.0
2016,Barren Island,-23.1578,151.0707,0.3594048150164696,1,,all_available,0.9836071625300402,2016,leave_event_out,200.0
2016,Border Island,-20.171,149.0319,-1.1542022049138567,1,,shallow_preferred,0.14599452814967231,2016,leave_event_out,200.0
2016,Boult Reef,-23.747,152.2725,-0.15,1,,shallow_preferred,-0.6026706900595259,2016,leave_event_out,200.0
2016,Cattle Bay,-18.5691,146.4823,-0.6118180509479609,1,,shallow_preferred,-0.009153319999513809,2016,leave_event_out,200.0
2016,Centipede Reef,-18.7324,147.554,-1.864780516451196,1,,all_available,-1.4170248757414043,2016,leave_event_out,200.0
2016,Chicken Reef,-18.6534,147.7199,-1.9926378104458151,1,,shallow_preferred,-1.5820561808194142,2016,leave_event_out,200.0
2016,Chinaman Reef,-21.9973,152.664,-0.0185903126361312,1,,shallow_preferred,-0.25379929830626496,2016,leave_event_out,200.0
2016,Davies Reef,-18.8065,147.6688,-1.1285137776708165,1,,shallow_preferred,-1.433849011457062,2016,leave_event_out,200.0
2016,Daydream Island,-20.2557,148.8122,2.6965346641335963,1,,shallow_preferred,0.22205785257762048,2016,leave_event_out,200.0
2016,Dent Island,-20.345,148.9382,2.8108011389618843,1,,shallow_preferred,0.5375847299298923,2016,leave_event_out,200.0
2016,Dip Reef,-18.3999,147.4519,-4.222305870596005,1,,all_available,-1.5631980961491843,2016,leave_event_out,200.0
2016,Double Cone,-20.1046,148.7218,0.4252579264263967,1,,shallow_preferred,-0.03987255271431144,2016,leave_event_out,200.0
2016,Dunk Island,-17.9263,146.1461,-1.417138406452865,1,,shallow_preferred,0.737795361318635,2016,leave_event_out,200.0
2016,East Cay,-21.4727,152.5662,0.0,1,,shallow_preferred,-0.4437568770715714,2016,leave_event_out,200.0
2016,Erskine Island,-23.498800000000003,151.7748,0.0,2,6.25,shallow_preferred,0.13756913282563646,2016,leave_event_out,200.0
2016,Farquharson Reef,-17.79,146.5315,2.174716284413961,1,,shallow_preferred,0.9678646825491691,2016,leave_event_out,200.0
2016,Feather Reef,-17.51845,146.3896,-0.4887138188329878,2,1.1,shallow_preferred,0.590263594834706,2016,leave_event_out,200.0
2016,Frankland Islands,-17.227,146.0904,-0.6161032549995185,1,,shallow_preferred,0.414333855621834,2016,leave_event_out,200.0
2016,Gannet Cay Reef,-21.9784,152.4742,-0.35,1,,shallow_preferred,-0.25684680443107727,2016,leave_event_out,200.0
2016,Geoffrey Bay,-19.1549,146.8685,13.548800298159325,1,,all_available,0.481003940051995,2016,leave_event_out,200.0
2016,"Green Island, Qld",-16.7755,145.9803,-0.3151215766624777,1,,all_available,0.6412965438505249,2016,leave_event_out,200.0
2016,Hastings Reef,-16.5013,146.017,2.161549404886196,1,,shallow_preferred,0.8161521514861363,2016,leave_event_out,200.0
2016,Havannah Island,-18.8472,146.5428,1.2404488095497328,1,,shallow_preferred,0.5386918948794092,2016,leave_event_out,200.0
2016,Hayman Island,-20.0413,148.8819,-0.4657770304710102,1,,shallow_preferred,-0.06251032354456122,2016,leave_event_out,200.0
2016,Hedley Reef,-17.2235,146.4754,0.2598472693507516,1,,shallow_preferred,0.3412397847817875,2016,leave_event_out,200.0
2016,Helix Reef,-18.6201,147.2976,-0.3794971308614112,1,,all_available,-1.4227298274556432,2016,leave_event_out,200.0
2016,High Island,-17.1622,146.007,-0.051167761052802,1,,shallow_preferred,0.6746983818089111,2016,leave_event_out,200.0
2016,Horseshoe Reef,-22.0227,152.6166,-0.53,1,,shallow_preferred,-0.25230808673810656,2016,leave_event_out,200.0
2016,Humpy Island,-23.2162,150.9638,-0.0253816807258292,1,,shallow_preferred,1.2456285281651407,2016,leave_event_out,200.0
2016,Hyde Reef,-19.7457,150.0822,-3.13,1,,shallow_preferred,-1.536672397636792,2016,leave_event_out,200.0
2016,John Brewer,-18.6189,147.0813,-0.3312680887880521,2,4.0,shallow_preferred,-1.202801905415951,2016,leave_event_out,200.0
2016,Knife Reef,-18.5711,147.5772,-0.9066023963914605,1,,all_available,-1.5989750213433882,2016,leave_event_out,200.0
2016,Lady Musgrave,-23.8884,152.422,-0.611715588038071,1,,shallow_preferred,-0.31124417097030055,2016,leave_event_out,200.0
2016,Langford Island,-20.0877,148.8848,-1.231077688911029,1,,shallow_preferred,-0.06116452014142253,2016,leave_event_out,200.0
2016,Linnet Reef,-14.7811,145.3474,7.626145269299075,1,,shallow_preferred,-0.37939739990995786,2016,leave_event_out,200.0
2016,Lizard Island,-14.694067,145.45705,-0.683264140547168,1,0.6,shallow_preferred,-0.4557073805842279,2016,leave_event_out,200.0
2016,Low Isles,-16.3831,145.5619,3.328373418627904,1,,shallow_preferred,0.8991107745339277,2016,leave_event_out,200.0
2016,Mackay Reef,-16.0399,145.6506,3.142228224810014,1,,shallow_preferred,0.79313999629123,2016,leave_event_out,200.0
2016,Martin,-14.7553,145.3722,3.718709690722728,1,,all_available,-0.3886602394991963,2016,leave_event_out,200.0
2016,Mast Head Reef,-23.5341,151.7497,0.0,1,,all_available,0.5318198167520066,2016,leave_event_out,200.0
2016,McCulloch Reef,-17.2834,146.4777,-0.1369223508137507,1,,shallow_preferred,0.3636413264122041,2016,leave_event_out,200.0
2016,Michaelmas Reef,-16.5528,146.0454,2.5921159963802545,1,,shallow_preferred,0.8206023864552124,2016,leave_event_out,200.0
2016,Moore Reef,-16.8519,146.2336,1.393790788382177,1,,shallow_preferred,0.5650893297126941,2016,leave_event_out,200.0
2016,North Keppel Island,-23.0864,150.9052,0.4119327808008783,1,,shallow_preferred,1.2156751093124036,2016,leave_event_out,200.0
2016,North Reef,-23.1775,151.9041,0.0,1,5.5,shallow_preferred,-0.383902166794988,2016,leave_event_out,200.0
2016,One Tree Island,-23.4833,152.0739,0.0746192843859103,2,,all_available,-0.561923733472118,2016,leave_event_out,200.0
2016,Opal Reef,-16.2034,145.9065,-0.870952350315747,1,,all_available,0.7344064981665658,2016,leave_event_out,200.0
2016,Orpheus Island,-18.601750000000003,146.48829999999998,0.14085842937082727,2,,all_available,-0.0016054828953251032,2016,leave_event_out,200.0
2016,Pandora Reef,-18.8164,146.4341,-1.230475505080305,1,,shallow_preferred,0.5318142544325835,2016,leave_event_out,200.0
2016,Peak Island,-23.3413,150.9369,0.7980236209381337,1,,shallow_preferred,1.3832819563121137,2016,leave_event_out,200.0
2016,Peart Reef,-17.46705,146.40255,-0.7899533874370499,2,2.4,shallow_preferred,0.5871638724688806,2016,leave_event_out,200.0
2016,Pelican Island,-23.2397,150.8742,0.8965753957673843,1,,shallow_preferred,1.2675159615595293,2016,leave_event_out,200.0
2016,Pelorus Island,-18.5406,146.4888,-0.4118532764787783,1,,shallow_preferred,-0.016097759125184487,2016,leave_event_out,200.0
2016,Penrith Reef,-21.0032,149.8875,-1.99,1,,all_available,-0.7825619215060182,2016,leave_event_out,200.0
2016,Pine Island,-20.378,148.8884,2.758559077194137,1,,shallow_preferred,0.5453987437533655,2016,leave_event_out,200.0
2016,Pompey Reef (No 1),-20.9201,150.5582,-0.8300000000000001,1,,shallow_preferred,-0.9242627446570895,2016,leave_event_out,200.0
2016,Rebe Reef,-19.795,150.1499,-2.99,1,,shallow_preferred,-1.5730052258119323,2016,leave_event_out,200.0
2016,Rib Reef,-18.473,146.8774,-0.1772024504667313,1,,shallow_preferred,-0.7802764132052368,2016,leave_event_out,200.0
2016,Seaforth Island,-20.4685,149.0389,1.428689279780309,1,,shallow_preferred,0.5511632494208698,2016,leave_event_out,200.0
2016,Shute and Tancred Islands,-20.3009,148.7983,5.099828531280933,1,,shallow_preferred,0.24853876496829913,2016,leave_event_out,200.0
2016,Small Lagoon Reef,-21.8678,152.5239,0.1231167317810061,1,,shallow_preferred,-0.2627465859153954,2016,leave_event_out,200.0
2016,Snake Reef,-22.0232,152.1928,0.3360573961696979,1,,shallow_preferred,-0.26640999738086585,2016,leave_event_out,200.0
2016,Snapper Island North,-16.2924,145.4969,5.2608957298267205,1,13.6,shallow_preferred,0.9205036424136289,2016,leave_event_out,200.0
2016,St Crispin Reef,-16.0733,145.8438,0.8079247213057474,1,,shallow_preferred,0.695987944312456,2016,leave_event_out,200.0
2016,Taylor Reef,-17.8121,146.5703,2.0139693667363594,1,,shallow_preferred,0.9661135677060814,2016,leave_event_out,200.0
2016,Tern Reef,-20.9023,150.0264,-1.95,1,,shallow_preferred,-0.8692707128817126,2016,leave_event_out,200.0
2016,Thetford Reef,-16.7995,146.1951,1.7851117645284935,1,,shallow_preferred,0.6184584137190539,2016,leave_event_out,200.0
2016,Turner Cay,-21.7031,152.5605,-0.16,1,,all_available,-0.3692357650982088,2016,leave_event_out,200.0
2016,Woiz Reef,-10.1741,143.226,9.436863183715728,1,,all_available,-0.20127193727556042,2016,leave_event_out,200.0
2016,Yonge Reef,-14.5731,145.6147,-1.8764307465645336,1,,shallow_preferred,-0.5940673960818406,2016,leave_event_out,200.0
2017,19-131 Reef,-19.7641,149.3786,0.1648669316651334,1,,shallow_preferred,-0.695117028016238,2017,leave_event_out,200.0
2017,19-138 Reef,-19.8024,149.4199,-0.6955989138045973,1,,shallow_preferred,-0.6979665479695775,2017,leave_event_out,200.0
2017,19-159 Reef,-19.6661,149.9146,-0.47,1,,shallow_preferred,-1.4301256350045435,2017,leave_event_out,200.0
2017,20-104 Reef,-20.0286,149.6933,-0.2948143010351345,1,,shallow_preferred,-1.1727616902137992,2017,leave_event_out,200.0
2017,21-062 Reef,-21.028,150.8534,-1.3030360356554327,1,,shallow_preferred,-0.7320437196522633,2017,leave_event_out,200.0
2017,21-139 Reef,-21.4552,151.4654,-0.8370985853263284,1,,shallow_preferred,-0.38547490374690185,2017,leave_event_out,200.0
2017,21-187 Reef,-21.4072,151.6414,-0.6164626088503855,1,,shallow_preferred,-0.4370578413351947,2017,leave_event_out,200.0
2017,21-245 Reef,-21.298,152.4425,0.0679673369730013,1,,shallow_preferred,-0.529589337698322,2017,leave_event_out,200.0
2017,21-550 Reef,-21.9471,152.3069,0.3405297474348194,1,,shallow_preferred,-0.2769937143924978,2017,leave_event_out,200.0
2017,21-591 Reef,-21.0266,150.3807,-2.930230544831029,1,,all_available,-0.6613566688413175,2017,leave_event_out,200.0
2017,Agincourt Reef Number 1,-16.0384,145.8688,-3.146731387263813,1,,all_available,0.7058417359237515,2017,leave_event_out,200.0
2017,Arlington Reef,-16.6891,146.0871,0.8026286572687749,1,,shallow_preferred,0.4663661313295188,2017,leave_event_out,200.0
2017,Barren Island,-23.1578,151.0707,0.6004196062900613,1,,all_available,0.5498664961789538,2017,leave_event_out,200.0
2017,Bedarra Island,-18.0094,146.148,3.5504139827964547,1,,shallow_preferred,0.5579751790018651,2017,leave_event_out,200.0
2017,Border Island,-20.171,149.0319,-0.5385739067167545,1,,shallow_preferred,0.151401211093107,2017,leave_event_out,200.0
2017,Boult Reef,-23.747,152.2725,-1.5204336353105217,1,,shallow_preferred,-0.4533896608074846,2017,leave_event_out,200.0
2017,Camp Island East,-19.8508,147.9052,6.633293001799257,1,,shallow_preferred,-0.21607098508279415,2017,leave_event_out,200.0
2017,Carter,-14.5238,145.5817,-5.795992916884115,1,,all_available,-0.26187842821358576,2017,leave_event_out,200.0
2017,Cattle Bay,-18.5691,146.4823,-0.2121164498235934,1,5.6,shallow_preferred,-0.18543482646478796,2017,leave_event_out,200.0
2017,Cherepo,-10.6893,142.2799,0.9537529396181982,1,,shallow_preferred,-0.30003108167806253,2017,leave_event_out,200.0
2017,Chicken Reef,-18.6534,147.7199,-1.3663101188473838,1,,shallow_preferred,-1.4804882048655028,2017,leave_event_out,200.0
2017,Chinaman Reef,-21.9973,152.664,0.076558152790821,1,,shallow_preferred,-0.2805162668546998,2017,leave_event_out,200.0
2017,Davies Reef,-18.8065,147.6688,-0.460888870782222,1,,shallow_preferred,-1.3445037900650614,2017,leave_event_out,200.0
2017,Dent Island,-20.345,148.9382,2.042098752777987,1,,shallow_preferred,0.7244119919752101,2017,leave_event_out,200.0
2017,Dip Reef,-18.3999,147.4519,-4.333377514241236,1,,all_available,-1.4541262111177213,2017,leave_event_out,200.0
2017,Double Cone,-20.1046,148.7218,0.2690576907372026,1,,shallow_preferred,-0.018272835256170867,2017,leave_event_out,200.0
2017,Dugong Island,-10.518,143.0997,-0.3522696767022557,1,,shallow_preferred,-0.5000434673415708,2017,leave_event_out,200.0
2017,Dunk Island,-17.9263,146.1461,0.2751631929575673,1,,shallow_preferred,0.5717341302839023,2017,leave_event_out,200.0
2017,East Cay,-21.4727,152.5662,0.160089970195385,1,,shallow_preferred,-0.5280416699113445,2017,leave_event_out,200.0
2017,Erskine Island,-23.498800000000003,151.7748,-0.038515396352895456,2,6.25,shallow_preferred,0.10932220982508452,2017,leave_event_out,200.0
2017,Farquharson Reef,-17.79,146.5315,1.465914024900595,1,,shallow_preferred,0.7916695766395975,2017,leave_event_out,200.0
2017,Feather Reef,-17.519,146.3887,0.6378752502221996,1,,shallow_preferred,0.2845320231576516,2017,leave_event_out,200.0
2017,Fitzroy Island,-16.9233,145.9963,2.110728215512085,1,7.6,shallow_preferred,0.25118799908460426,2017,leave_event_out,200.0
2017,Frankland Islands,-17.227,146.0904,1.5541734846759017,1,,shallow_preferred,0.03442280336618595,2017,leave_event_out,200.0
2017,Gannet Cay Reef,-21.9784,152.4742,-0.1627587981511653,1,,shallow_preferred,-0.2802174649276251,2017,leave_event_out,200.0
2017,Geoffrey Bay,-19.1548,146.8685,5.926048371480657,1,,shallow_preferred,0.4349386875666422,2017,leave_event_out,200.0
2017,"Green Island, Qld",-16.7583,145.97,2.340191435615312,1,,shallow_preferred,0.4618821278276151,2017,leave_event_out,200.0
2017,Hastings Reef,-16.5013,146.017,0.4853243896715344,1,,shallow_preferred,0.5096672340682488,2017,leave_event_out,200.0
2017,Havannah Island,-18.8472,146.5428,0.0869171131405899,1,,shallow_preferred,0.3565167200250074,2017,leave_event_out,200.0
2017,Hayman Island,-20.0413,148.8819,0.1848600545097944,1,,shallow_preferred,-0.05048937784311398,2017,leave_event_out,200.0
2017,Hedley Reef,-17.2235,146.4754,1.5130401055442544,1,,shallow_preferred,-0.021689592896195764,2017,leave_event_out,200.0
2017,Helix Reef,-18.6203,147.2958,-1.0224455431706163,1,,shallow_preferred,-1.2966953650632325,2017,leave_event_out,200.0
2017,Heron Island,-23.4384,151.9182,1.4967732072370152,1,,shallow_preferred,0.06369272955086022,2017,leave_event_out,200.0
2017,High Island,-17.1622,146.007,0.670128926553808,1,,shallow_preferred,0.18013662791147944,2017,leave_event_out,200.0
2017,Holbourne Island East,-19.7333,148.3644,-3.374739542342464,1,,all_available,-0.0712169156369831,2017,leave_event_out,200.0
2017,Horseshoe Reef,-22.0227,152.6166,-0.2975069033353643,1,,shallow_preferred,-0.27778177858287834,2017,leave_event_out,200.0
2017,Humpy Island,-23.2162,150.9638,1.8548445110707927,1,,shallow_preferred,0.7707948839036217,2017,leave_event_out,200.0
2017,Hyde Reef,-19.7457,150.0822,-0.8,1,,shallow_preferred,-1.5841409857810684,2017,leave_event_out,200.0
2017,John Brewer,-18.6189,147.0813,-0.19977371658930343,2,4.0,shallow_preferred,-1.1878576832939272,2017,leave_event_out,200.0
2017,Knife Reef,-18.5711,147.5772,-4.635100374605694,1,,all_available,-1.4792165087043117,2017,leave_event_out,200.0
2017,Kubin Island,-10.2388,142.2176,-0.1928151333613488,1,,all_available,-0.26432259859116813,2017,leave_event_out,200.0
2017,Lady Elliot Reef,-18.6798,146.3325,5.367763141106728,1,,shallow_preferred,-0.12395013163280028,2017,leave_event_out,200.0
2017,Lady Musgrave,-23.8884,152.422,-1.75598395577755,1,,shallow_preferred,-0.11968990307688988,2017,leave_event_out,200.0
2017,Langford Island,-20.0877,148.8848,-1.0806375377260815,1,,shallow_preferred,-0.04741298808466177,2017,leave_event_out,200.0
2017,Linnet Reef,-14.7852,145.3554,3.206928576833631,1,,all_available,-0.05262475036601364,2017,leave_event_out,200.0
2017,Lizard Island,-14.6884,145.4422,3.4645279972952707,1,,shallow_preferred,-0.1445676935821546,2017,leave_event_out,200.0
2017,Low Isles,-16.3831,145.5619,2.0405781380827364,1,,shallow_preferred,0.9643320267140963,2017,leave_event_out,200.0
2017,Macgillivray,-14.6485,145.4915,-0.9683515096486346,1,,all_available,-0.19742489586169845,2017,leave_event_out,200.0
2017,Mackay Reef,-16.0399,145.6506,2.2522848881274307,1,,shallow_preferred,0.8411169301008207,2017,leave_event_out,200.0
2017,Manning Island,-23.854,151.3533,3.6855037764959153,1,2.0,shallow_preferred,1.1076010565711485,2017,leave_event_out,200.0
2017,Martin,-14.7553,145.3722,2.925004485266232,1,,all_available,-0.06683307285734741,2017,leave_event_out,200.0
2017,Mast Head Reef,-23.5341,151.7497,0.2643198653873018,1,,all_available,0.3814740186565809,2017,leave_event_out,200.0
2017,McCulloch Reef,-17.2834,146.4777,1.6562348400435951,1,,shallow_preferred,-0.022450588065617498,2017,leave_event_out,200.0
2017,Michaelmas Reef,-16.5528,146.0454,2.5909335644133407,1,,shallow_preferred,0.5184394224878716,2017,leave_event_out,200.0
2017,Moore Reef,-16.8519,146.2336,-0.1839636080845217,1,,shallow_preferred,0.2656228260297915,2017,leave_event_out,200.0
2017,No Name,-14.6279,145.6453,-6.923401607784927,1,,all_available,-0.2589696282309839,2017,leave_event_out,200.0
2017,North Direction Island,-14.7435,145.5136,1.654546928877684,1,,shallow_preferred,-0.14856343743544273,2017,leave_event_out,200.0
2017,North Keppel Island,-23.0864,150.9052,1.558054564812532,1,,shallow_preferred,0.7459534510063027,2017,leave_event_out,200.0
2017,North Reef,-23.1775,151.9041,-1.6125873014673375,1,5.5,shallow_preferred,-0.34612953513896255,2017,leave_event_out,200.0
2017,Northeast Reef,-18.5718,146.4947,1.081957224109642,1,2.0,shallow_preferred,-0.18605233004063287,2017,leave_event_out,200.0
2017,One Tree Island,-23.4833,152.0739,-2.369160070150796,3,,all_available,-0.44821631024432723,2017,leave_event_out,200.0
2017,Opal Reef,-16.2042,145.9005,4.085801976706115,1,,shallow_preferred,0.7470998902939624,2017,leave_event_out,200.0
2017,Orpheus Island,-18.601750000000003,146.48829999999998,0.5985243157258839,2,,all_available,-0.17928613334868526,2017,leave_event_out,200.0
2017,Pandora Reef,-18.8164,146.4341,0.4563194908363481,1,,shallow_preferred,0.3359270681624365,2017,leave_event_out,200.0
2017,Peak Island,-23.3413,150.9369,2.5338963002932164,1,,shallow_preferred,0.9609257922036096,2017,leave_event_out,200.0
2017,Peart Reef,-17.4676,146.402,0.2564586963575834,1,,shallow_preferred,0.2729100759551973,2017,leave_event_out,200.0
2017,Pelican Island,-23.2397,150.8742,5.076861281952688,1,,shallow_preferred,0.7879462174865716,2017,leave_event_out,200.0
2017,Pelorus Island,-18.5406,146.4888,0.2443588332417867,1,,shallow_preferred,-0.1911790584573681,2017,leave_event_out,200.0
2017,Penrith Reef,-21.0032,149.8875,-3.2164805609812284,1,,all_available,-0.5488397723502418,2017,leave_event_out,200.0
2017,Pine Island,-20.378,148.8884,2.267680691159056,1,,shallow_preferred,0.73611747709623,2017,leave_event_out,200.0
2017,Pompey Reef (No 1),-20.9201,150.5582,-1.4256318177575098,1,,shallow_preferred,-0.6599559582164664,2017,leave_event_out,200.0
2017,Rat Island,-23.767,151.3185,5.937374202789373,1,,shallow_preferred,1.2535287330624183,2017,leave_event_out,200.0
2017,Rebe Reef,-19.795,150.1499,-3.61,1,,shallow_preferred,-1.618031992533622,2017,leave_event_out,200.0
2017,Repulse,-20.5779,148.8625,-1.5644129148914745,1,,all_available,0.7689663004196341,2017,leave_event_out,200.0
2017,Rib Reef,-18.473,146.8774,-0.4027165745273926,1,9.4,shallow_preferred,-0.833949397097612,2017,leave_event_out,200.0
2017,Seaforth Island,-20.4685,149.0389,1.416027765909833,1,,shallow_preferred,0.7425586297561293,2017,leave_event_out,200.0
2017,Seal Rocks North,-23.9583,151.4849,3.70408024696868,1,,shallow_preferred,1.0520346107675074,2017,leave_event_out,200.0
2017,Shute and Tancred Islands,-20.3009,148.7983,1.4164816374178564,2,3.6,shallow_preferred,0.3091719577483038,2017,leave_event_out,200.0
2017,Small Lagoon Reef,-21.8678,152.5239,0.6451005694404068,1,,shallow_preferred,-0.2915958369502654,2017,leave_event_out,200.0
2017,Snake Reef,-22.0232,152.1928,-1.8438006949277133,1,,shallow_preferred,-0.2701565414113284,2017,leave_event_out,200.0
2017,Snapper Island North,-16.2924,145.4969,4.04035081925011,1,,shallow_preferred,0.9873535831405195,2017,leave_event_out,200.0
2017,St Crispin Reef,-16.0733,145.8438,0.1684520194030891,1,,shallow_preferred,0.7256494629591898,2017,leave_event_out,200.0
2017,Taylor Reef,-17.8121,146.5703,0.914864962408548,1,,shallow_preferred,0.7921630784906192,2017,leave_event_out,200.0
2017,Tern Reef,-20.9023,150.0264,-1.4831185058775374,1,,shallow_preferred,-0.5862986173805879,2017,leave_event_out,200.0
2017,Thetford Reef,-16.7995,146.1951,0.2855790394732214,1,,shallow_preferred,0.4765297087726949,2017,leave_event_out,200.0
2017,Tryon Island,-23.2457,151.7739,0.2693227123175901,1,,shallow_preferred,0.06380545531065616,2017,leave_event_out,200.0
2017,Turner Cay,-21.7031,152.5605,-0.9409643198063032,1,,all_available,-0.4594921633963517,2017,leave_event_out,200.0
2017,Twin Island,-10.4629,142.4358,0.144507896456286,1,,shallow_preferred,-0.29162077585320384,2017,leave_event_out,200.0
2017,Warraber Island,-10.200800000000001,142.81900000000002,-0.5776570387070736,2,1.2,shallow_preferred,-0.37902585297471736,2017,leave_event_out,200.0
2017,Willis Island,-16.288,149.96345,-0.004634673557972757,2,,shallow_preferred,-3.4015562309411354,2017,leave_event_out,200.0
2017,Woiz Reef,-10.1744,143.2264,-0.0823360794803385,1,,shallow_preferred,-0.38523067674594913,2017,leave_event_out,200.0
2017,Yonge Reef,-14.5731,145.6147,-1.6965574448576124,1,,shallow_preferred,-0.26577028555412646,2017,leave_event_out,200.0
2020,19-131 Reef,-19.7641,149.3786,2.681231950161008,1,,shallow_preferred,-0.7080015959200874,2020,leave_event_out,200.0
2020,19-138 Reef,-19.8024,149.4199,-0.2586793278278807,1,,shallow_preferred,-0.7103303015551664,2020,leave_event_out,200.0
2020,20-104 Reef,-20.0286,149.6933,1.3679715009030966,1,,shallow_preferred,-1.0056983984277712,2020,leave_event_out,200.0
2020,21-062 Reef,-21.0266,150.8538,-0.2332874208135233,1,,all_available,-1.0400409249787463,2020,leave_event_out,200.0
2020,21-187 Reef,-21.4072,151.6414,0.8718928705099143,1,,shallow_preferred,-0.5484078844794029,2020,leave_event_out,200.0
2020,21-245 Reef,-21.2965,152.4465,-0.4331639766129953,1,,all_available,-0.4922316848793199,2020,leave_event_out,200.0
2020,21-296 Reef,-21.3297,152.5636,-0.338299175268177,1,,shallow_preferred,-0.5088160810224818,2020,leave_event_out,200.0
2020,21-550 Reef,-21.9471,152.3069,0.2899349813298437,1,,shallow_preferred,-0.2523446455033928,2020,leave_event_out,200.0
2020,Agincourt Reef Number 1,-16.0398,145.8652,-6.3761235901028375,1,,shallow_preferred,1.002242680187852,2020,leave_event_out,200.0
2020,Aquila Island,-21.9611,149.5816,1.900201645273785,1,,shallow_preferred,-0.615477997837635,2020,leave_event_out,200.0
2020,Arlington Reef,-16.6461,146.1107,-0.5133974087988227,1,,all_available,0.8472771709193108,2020,leave_event_out,200.0
2020,Barren Island,-23.1578,151.0707,-1.7387467211694982,1,,shallow_preferred,0.954501244898812,2020,leave_event_out,200.0
2020,Bedarra Island,-18.0094,146.148,4.73335811084036,1,,shallow_preferred,0.37907064398738266,2020,leave_event_out,200.0
2020,Cattle Bay,-18.5691,146.4823,-2.477269859827372,1,,shallow_preferred,0.0004936942196621042,2020,leave_event_out,200.0
2020,Centipede Reef,-18.7341,147.5522,-0.5921616319662082,1,,shallow_preferred,-1.6748598447195469,2020,leave_event_out,200.0
2020,Chicken Reef,-18.6534,147.7199,-1.3399441724789538,1,,shallow_preferred,-1.6993533167086998,2020,leave_event_out,200.0
2020,Chinaman Reef,-21.9973,152.664,0.3270784856057034,1,2.5,shallow_preferred,-0.24979246243092057,2020,leave_event_out,200.0
2020,Curd Reef,-12.5853,143.5112,4.110928124208211,1,,shallow_preferred,-1.7935152931732568,2020,leave_event_out,200.0
2020,Davies Reef,-18.8065,147.6688,-1.096379040767636,1,,shallow_preferred,-1.6867219755203018,2020,leave_event_out,200.0
2020,Daydream Island,-20.2557,148.8122,0.6551431759961712,1,,shallow_preferred,0.5481507539079384,2020,leave_event_out,200.0
2020,Dent Island,-20.345,148.9382,2.420851269963028,1,,shallow_preferred,0.6656253938160466,2020,leave_event_out,200.0
2020,Dip Reef,-18.3999,147.4519,-3.5408187431900267,1,,all_available,-1.6261945873292658,2020,leave_event_out,200.0
2020,Double Cone,-20.1046,148.7218,-0.2069540241686525,1,,shallow_preferred,0.2848863170452186,2020,leave_event_out,200.0
2020,Dugong Island,-10.518,143.0997,-1.334900480255203,1,,shallow_preferred,-0.7522670973174324,2020,leave_event_out,200.0
2020,Dunk Island,-17.9263,146.1461,4.646749671684462,1,,shallow_preferred,0.3763820271821814,2020,leave_event_out,200.0
2020,East Cay,-21.4727,152.5662,-1.3561652153503905,1,,shallow_preferred,-0.48362285106515673,2020,leave_event_out,200.0
2020,Erskine Island,-23.4993,151.7749,0.6358016707944536,1,,shallow_preferred,0.41437903068968734,2020,leave_event_out,200.0
2020,Farquharson Reef,-17.79,146.5315,1.6638072792425138,1,,shallow_preferred,0.5367222053000911,2020,leave_event_out,200.0
2020,Feather Reef,-17.519,146.3887,1.2824785990351666,1,,shallow_preferred,0.13203257434511165,2020,leave_event_out,200.0
2020,Fitzroy Island,-16.9233,145.9963,3.912260745858256,1,,shallow_preferred,0.4910285974608305,2020,leave_event_out,200.0
2020,Flinders Reef,-17.71485,148.44805,-0.7344176355788066,2,,shallow_preferred,-1.6560948732457719,2020,leave_event_out,200.0
2020,Frankland Islands,-17.227,146.0904,1.7410113732625885,1,,shallow_preferred,0.15125356857091882,2020,leave_event_out,200.0
2020,Gannet Cay Reef,-21.9758,152.4797,-0.4839372673882147,1,,all_available,-0.2510496538849198,2020,leave_event_out,200.0
2020,Geoffrey Bay,-19.1548,146.8685,5.872039081989005,1,,shallow_preferred,0.3739129732223628,2020,leave_event_out,200.0
2020,"Green Island, Qld",-16.7583,145.97,4.1304421271126,1,,shallow_preferred,0.7494685041146086,2020,leave_event_out,200.0
2020,Grub Reef,-18.6214,147.433,-1.9438025416596412,1,,shallow_preferred,-1.6704532523455913,2020,leave_event_out,200.0
2020,Hastings Reef,-16.5013,146.017,-0.6945687193633798,1,,shallow_preferred,0.8624612997934994,2020,leave_event_out,200.0
2020,Havannah Island,-18.8472,146.5428,1.5996019487396875,1,,shallow_preferred,0.5197300254131226,2020,leave_event_out,200.0
2020,Hayman Island,-20.0572,148.8997,-1.086136790930217,1,,all_available,0.254615275096568,2020,leave_event_out,200.0
2020,Hedley Reef,-17.2235,146.4754,2.2332465574489904,1,,shallow_preferred,0.05963879834950752,2020,leave_event_out,200.0
2020,Helix Reef,-18.6203,147.2958,-0.0315414839450269,1,,shallow_preferred,-1.6356775163562796,2020,leave_event_out,200.0
2020,Henderson Island,-21.4856,149.9091,1.195587940616754,1,,all_available,-0.7551190840413861,2020,leave_event_out,200.0
2020,Heron Island,-23.4384,151.9182,-0.1325011480103937,1,,shallow_preferred,0.3754419243601155,2020,leave_event_out,200.0
2020,High Island,-17.1622,146.007,-4.069798420007173,1,,shallow_preferred,0.28325003653531117,2020,leave_event_out,200.0
2020,Hook Island,-20.1681,148.8871,-3.7770271771735215,1,,shallow_preferred,0.2759836304563941,2020,leave_event_out,200.0
2020,Horseshoe Reef,-22.0227,152.6166,0.5820267758588589,1,,shallow_preferred,-0.24914829066502855,2020,leave_event_out,200.0
2020,Humpy Island,-23.2162,150.9638,-0.1949930341297481,1,,shallow_preferred,1.2232154923838034,2020,leave_event_out,200.0
2020,John Brewer,-18.619,147.0811,0.1904078716576975,1,,shallow_preferred,-1.3941393714419763,2020,leave_event_out,200.0
2020,Kelso Reef,-18.4448,146.9933,-2.390825026230913,1,,shallow_preferred,-0.9742975965524558,2020,leave_event_out,200.0
2020,Knife Reef,-18.572,147.5759,-0.8337973625298156,1,,shallow_preferred,-1.7099732941376393,2020,leave_event_out,200.0
2020,Lady Elliot Reef,-18.6798,146.3325,7.410464728408286,1,,shallow_preferred,0.046524892437827994,2020,leave_event_out,200.0
2020,Lady Musgrave,-23.8884,152.422,-2.2420646583098907,1,,shallow_preferred,-0.05093552280904007,2020,leave_event_out,200.0
2020,Lagoon Reef,-12.3923,143.74,-1.526612835689486,1,,shallow_preferred,-1.810553025853013,2020,leave_event_out,200.0
2020,Lizard Island,-14.68796,145.45285,0.4795624356526891,2,0.6,shallow_preferred,0.08104157517783812,2020,leave_event_out,200.0
2020,Low Isles,-16.3831,145.5619,1.407814282110004,1,,shallow_preferred,1.2337633743825593,2020,leave_event_out,200.0
2020,Macgillivray,-14.6485,145.4915,-4.299430568059551,1,,all_available,0.02915760809189419,2020,leave_event_out,200.0
2020,Mackay Reef,-16.0399,145.6506,2.2648477201922943,1,,shallow_preferred,1.1161780131569734,2020,leave_event_out,200.0
2020,Manning Island,-23.854,151.3533,2.9522047055525817,1,,shallow_preferred,1.6094400673883633,2020,leave_event_out,200.0
2020,Martin,-14.7553,145.3722,1.2220278261895885,1,,all_available,0.17221721038683474,2020,leave_event_out,200.0
2020,Mast Head Reef,-23.5341,151.7497,1.3050274284054115,1,,all_available,0.7932408048751155,2020,leave_event_out,200.0
2020,McCulloch Reef,-17.2834,146.4777,2.116830558170516,1,,shallow_preferred,-0.08001076981430216,2020,leave_event_out,200.0
2020,Michaelmas Reef,-16.5528,146.0454,1.1469479944542602,1,,shallow_preferred,0.8616212494102389,2020,leave_event_out,200.0
2020,Moore Reef,-16.8519,146.2336,1.5139498544599743,1,,shallow_preferred,0.4888787329234197,2020,leave_event_out,200.0
2020,Moore Reef-Coral Sea,-15.8866,149.1516,-4.987052573988572,1,,shallow_preferred,-1.4711206619379233,2020,leave_event_out,200.0
2020,Myrmidon Reef,-18.2585,147.3814,-0.6244883420862655,1,,shallow_preferred,-1.6037271667923485,2020,leave_event_out,200.0
2020,No Name,-14.6308,145.6418,-4.310231988865706,1,,shallow_preferred,-0.0648311999903204,2020,leave_event_out,200.0
2020,North Direction Island,-14.7435,145.5136,-6.57,1,,shallow_preferred,0.07749442949537662,2020,leave_event_out,200.0
2020,North Keppel Island,-23.0864,150.9052,-0.0437870365482258,1,,shallow_preferred,1.2005855513756756,2020,leave_event_out,200.0
2020,North Reef,-23.1755,151.9086,0.0,1,,all_available,-0.061587691087570284,2020,leave_event_out,200.0
2020,Northeast Reef,-18.5718,146.4947,-2.2315763578432497,1,,shallow_preferred,-0.0007076561598363544,2020,leave_event_out,200.0
2020,Nth Barnards (Jesse Is),-17.6722,146.1742,5.556803929865103,1,,shallow_preferred,0.22336012606681196,2020,leave_event_out,200.0
2020,One Tree Island,-23.4833,152.0739,-3.1230587818809963,3,,all_available,-0.20352631794160872,2020,leave_event_out,200.0
2020,Opal Reef,-16.2042,145.9005,-0.7276474892046885,1,,shallow_preferred,1.0655968233054387,2020,leave_event_out,200.0
2020,Pandora Reef,-18.8164,146.4341,2.415483371564374,1,,shallow_preferred,0.505103494506641,2020,leave_event_out,200.0
2020,Peak Island,-23.3413,150.9369,2.0302291152499343,1,,shallow_preferred,1.257123285512493,2020,leave_event_out,200.0
2020,Peart Reef,-17.4676,146.402,1.027260252243318,1,,shallow_preferred,0.12442054713284698,2020,leave_event_out,200.0
2020,Pelican Island,-23.2397,150.8742,2.036700049354229,1,,shallow_preferred,1.2364964830736127,2020,leave_event_out,200.0
2020,Pelorus Island,-18.5406,146.4888,-3.0800208505562527,1,,shallow_preferred,-0.002196150347352852,2020,leave_event_out,200.0
2020,Penrith Reef,-21.0036,149.8882,-1.0546015138842613,1,,shallow_preferred,-0.8946735162202154,2020,leave_event_out,200.0
2020,Pine Island,-20.378,148.8884,1.9326931379161556,1,,shallow_preferred,0.669172642728803,2020,leave_event_out,200.0
2020,Pine Peak Island,-21.5145,150.2515,0.6812159480858444,1,,shallow_preferred,-0.7945966356831963,2020,leave_event_out,200.0
2020,Pompey Reef (No 1),-20.9201,150.5582,-0.0615643802336514,1,,shallow_preferred,-1.018146663040845,2020,leave_event_out,200.0
2020,Rat Island,-23.767,151.3185,4.032971175530797,1,,shallow_preferred,1.6163964915265179,2020,leave_event_out,200.0
2020,Rebe Reef,-19.795,150.1499,-6.47,1,,shallow_preferred,-1.5261361365851203,2020,leave_event_out,200.0
2020,Repulse,-20.5779,148.8625,3.481321265505569,1,,all_available,0.6335062481862014,2020,leave_event_out,200.0
2020,Rib Reef,-18.473,146.8774,0.4080477107976641,1,,shallow_preferred,-0.47366554988358445,2020,leave_event_out,200.0
2020,Roxburgh Reef,-18.4321,147.0563,-3.331693297466966,1,,shallow_preferred,-1.3728510112995418,2020,leave_event_out,200.0
2020,Sand Bank No7,-13.4363,143.9722,-6.03,1,,shallow_preferred,-1.3223599700595927,2020,leave_event_out,200.0
2020,Seaforth Island,-20.4685,149.0389,2.016782735515747,1,,shallow_preferred,0.65453552165876,2020,leave_event_out,200.0
2020,Seal Rocks North,-23.9583,151.4849,2.838999863593152,1,,shallow_preferred,1.3410084564591374,2020,leave_event_out,200.0
2020,Shute and Tancred Islands,-20.3009,148.7983,1.348653458250242,1,,shallow_preferred,0.5619187922901229,2020,leave_event_out,200.0
2020,Small Lagoon Reef,-21.8678,152.5239,2.2234787121065374,1,,shallow_preferred,-0.25608641124317266,2020,leave_event_out,200.0
2020,Snake Reef,-22.0232,152.1928,-0.0755047190480606,1,,shallow_preferred,-0.25435402363125237,2020,leave_event_out,200.0
2020,Snapper Island North,-16.2924,145.4969,5.115966535074563,1,,shallow_preferred,1.247446803183848,2020,leave_event_out,200.0
2020,St Crispin Reef,-16.0733,145.8438,88.25537843400438,1,,shallow_preferred,1.0204369380088751,2020,leave_event_out,200.0
2020,Taylor Reef,-17.8121,146.5703,0.3831780430515588,1,,shallow_preferred,0.5407102995536913,2020,leave_event_out,200.0
2020,Tern Reef,-20.9023,150.0264,-1.0741594610218153,1,,shallow_preferred,-0.9777742692132471,2020,leave_event_out,200.0
2020,Thetford Reef,-16.7995,146.1951,1.1996534608867409,1,,shallow_preferred,0.7484997489077304,2020,leave_event_out,200.0
2020,Tryon Island,-23.2457,151.7739,-3.263919477013788,1,,shallow_preferred,0.46780087556771566,2020,leave_event_out,200.0
2020,Tuesday,-10.5519,142.3265,2.989141947783424,1,,shallow_preferred,-0.5744814789129824,2020,leave_event_out,200.0
2020,Turner Cay,-21.7031,152.5605,-1.2722601282566712,1,,all_available,-0.4647958103228603,2020,leave_event_out,200.0
2020,Tydeman Cay,-13.9715,144.5017,-5.401408447634655,2,2.6,shallow_preferred,-0.6850879398540685,2020,leave_event_out,200.0
2020,Warraber Island,-10.2007,142.8189,1.78781952851811,1,,all_available,-0.6874974209014705,2020,leave_event_out,200.0
2020,Willis Island,-16.28805,149.9634,-5.210242417599298,2,,shallow_preferred,-3.2165603007619787,2020,leave_event_out,200.0
2020,Woiz Reef,-10.1744,143.2264,1.1404435733747071,1,,shallow_preferred,-0.7069509888585266,2020,leave_event_out,200.0
2020,Yonge Reef,-14.57695,145.61415,-4.376788490280496,2,,shallow_preferred,-0.07829025028285522,2020,leave_event_out,200.0
2022,19-131 Reef,-19.7641,149.3786,-2.3785906080173893,1,,shallow_preferred,-0.5101751504579496,2022,leave_event_out,200.0
2022,19-159 Reef,-19.6628,149.9152,-4.44,1,,all_available,-1.0197759572490586,2022,leave_event_out,200.0
2022,21-062 Reef,-21.0266,150.8538,-1.045948682836028,1,,all_available,-0.8509382539188188,2022,leave_event_out,200.0
2022,21-139 Reef,-21.4552,151.4654,-0.4091454128263019,1,,shallow_preferred,-0.3784051488680547,2022,leave_event_out,200.0
2022,21-187 Reef,-21.4072,151.6414,-0.083471493881662,1,,shallow_preferred,-0.47367816641437926,2022,leave_event_out,200.0
2022,21-245 Reef,-21.2965,152.4465,-0.4454734262389186,1,,all_available,-0.37937497346874033,2022,leave_event_out,200.0
2022,21-296 Reef,-21.3283,152.5656,-1.4652746991282903,1,,all_available,-0.3934828572705825,2022,leave_event_out,200.0
2022,21-550 Reef,-21.9471,152.3069,-0.0034301923432069,1,,shallow_preferred,-0.20923910009005875,2022,leave_event_out,200.0
2022,Agincourt Reef Number 1,-16.0398,145.8652,-2.651844619931497,1,,shallow_preferred,0.8049481565572099,2022,leave_event_out,200.0
2022,Aquila Island,-21.9611,149.5816,1.9098567453975277,1,,shallow_preferred,-0.387069893341749,2022,leave_event_out,200.0
2022,Arlington Reef,-16.6461,146.1107,-0.5367593562922782,1,,all_available,1.0182706280377598,2022,leave_event_out,200.0
2022,Barren Island,-23.1578,151.0707,-0.3208671857457266,1,,shallow_preferred,0.8182701075201341,2022,leave_event_out,200.0
2022,Bedarra Island,-18.0094,146.148,1.133605519395835,1,,shallow_preferred,0.7205819745646895,2022,leave_event_out,200.0
2022,Cattle Bay,-18.5691,146.4823,-1.4469747705416411,1,,shallow_preferred,0.3076426769787892,2022,leave_event_out,200.0
2022,Chicken Reef,-18.6543,147.7143,-1.4657225110230736,1,,shallow_preferred,-1.350250740639469,2022,leave_event_out,200.0
2022,Chinaman Reef,-21.9973,152.664,0.1627848857765562,1,,shallow_preferred,-0.2056883147091435,2022,leave_event_out,200.0
2022,Davies Reef,-18.8065,147.6688,-4.097198572006766,1,,shallow_preferred,-1.2669600215716548,2022,leave_event_out,200.0
2022,Daydream Island,-20.2557,148.8122,2.136293212639157,1,,shallow_preferred,0.26709025915876705,2022,leave_event_out,200.0
2022,Dent Island,-20.345,148.9382,1.3304348506075487,1,,shallow_preferred,0.580441161786135,2022,leave_event_out,200.0
2022,Dip Reef,-18.3999,147.4519,-3.4808544735666334,1,,all_available,-1.4757751864302593,2022,leave_event_out,200.0
2022,Double Cone,-20.1046,148.7218,-1.340713240785889,1,,shallow_preferred,-0.04516496318897063,2022,leave_event_out,200.0
2022,Dugong Island,-10.518,143.0997,-3.104144143713349,1,,shallow_preferred,0.20198385214297374,2022,leave_event_out,200.0
2022,Dunk Island,-17.9263,146.1461,2.6186019242209104,1,,shallow_preferred,0.7130354512291498,2022,leave_event_out,200.0
2022,East Cay,-21.46965,152.56664999999998,-1.408171322422771,2,,all_available,-0.3734996803970355,2022,leave_event_out,200.0
2022,Erskine Island,-23.4993,151.7749,-0.1361484251800034,1,,shallow_preferred,-0.006178646715206121,2022,leave_event_out,200.0
2022,Farquharson Reef,-17.79,146.5315,4.046969595776141,1,,shallow_preferred,0.9220292128427044,2022,leave_event_out,200.0
2022,Feather Reef,-17.519,146.3887,0.6317105884816945,1,,shallow_preferred,0.660097777114155,2022,leave_event_out,200.0
2022,Fitzroy Island,-16.9233,145.9963,2.65282077204235,1,,shallow_preferred,1.1075019575849123,2022,leave_event_out,200.0
2022,Frankland Islands,-17.227,146.0904,-2.82,1,,shallow_preferred,0.7195841313740534,2022,leave_event_out,200.0
2022,Gannet Cay Reef,-21.9784,152.4742,-0.1507100538374921,1,,shallow_preferred,-0.20759553875924472,2022,leave_event_out,200.0
2022,Geoffrey Bay,-19.1548,146.8685,5.061730904646273,1,,shallow_preferred,0.7635032148929335,2022,leave_event_out,200.0
2022,"Green Island, Qld",-16.7755,145.9803,-0.4121544361777092,1,,all_available,1.1151296395622028,2022,leave_event_out,200.0
2022,Havannah Island,-18.8472,146.5428,-7.62,1,,shallow_preferred,0.8940996461233274,2022,leave_event_out,200.0
2022,Hayman Island,-20.0415,148.8819,0.494145963859558,1,,shallow_preferred,-0.07753596515369429,2022,leave_event_out,200.0
2022,Hedley Reef,-17.2235,146.4754,-1.657937384793584,1,,shallow_preferred,0.6411141568673533,2022,leave_event_out,200.0
2022,Helix Reef,-18.6203,147.2958,-1.1398314146952075,1,,shallow_preferred,-1.397647754425438,2022,leave_event_out,200.0
2022,Henderson Island,-21.4854,149.9096,-0.0543985601681202,1,,shallow_preferred,-0.5067726788534733,2022,leave_event_out,200.0
2022,Heron Island,-23.4384,151.9182,2.1808009517332927,1,,shallow_preferred,-0.060848053473662636,2022,leave_event_out,200.0
2022,High Island,-17.1622,146.007,-2.77,1,,shallow_preferred,1.0417807806268762,2022,leave_event_out,200.0
2022,Hook Island,-20.1681,148.8871,0.2107336087404583,1,,shallow_preferred,-0.06263503023047416,2022,leave_event_out,200.0
2022,Horseshoe Reef,-22.0229,152.6192,0.0112034489833148,1,,all_available,-0.20543718867483915,2022,leave_event_out,200.0
2022,Humpy Island,-23.2162,150.9638,0.279434735430043,1,,shallow_preferred,1.04551499197778,2022,leave_event_out,200.0
2022,John Brewer,-18.619,147.0811,0.4930263576224289,1,,shallow_preferred,-1.1445213578832436,2022,leave_event_out,200.0
2022,Kelso Reef,-18.4448,146.9933,-1.0781514652946915,1,,shallow_preferred,-1.1667416697813344,2022,leave_event_out,200.0
2022,Knife Reef,-18.5711,147.5772,-3.2651574439186666,1,,all_available,-1.3661757932636962,2022,leave_event_out,200.0
2022,Lady Elliot Reef,-18.6798,146.3325,3.8833344612980607,1,,shallow_preferred,0.3932542762845251,2022,leave_event_out,200.0
2022,Lady Musgrave,-23.8896,152.42,-0.47,1,,shallow_preferred,-0.29076262107254364,2022,leave_event_out,200.0
2022,Lagoon Reef,-12.3923,143.74,-4.43344753368639,1,,shallow_preferred,-0.6984459171762942,2022,leave_event_out,200.0
2022,Lizard Island,-14.68995,145.45430850000002,0.01200421625706849,2,5.0,shallow_preferred,0.010406289787708543,2022,leave_event_out,200.0
2022,Low Isles,-16.3831,145.5619,2.007534551996275,1,,shallow_preferred,1.0672097066334254,2022,leave_event_out,200.0
2022,Macgillivray,-14.6485,145.4915,-3.113379619347248,1,,all_available,-0.045419352884636506,2022,leave_event_out,200.0
2022,Mackay Reef,-16.0399,145.6506,0.9261292605345348,1,,shallow_preferred,0.9380772091769106,2022,leave_event_out,200.0
2022,Manning Island,-23.854,151.3533,5.309158172425871,1,,shallow_preferred,1.3018029941469398,2022,leave_event_out,200.0
2022,Martin,-14.7553,145.3722,1.9154301837787944,1,,all_available,0.103978711250101,2022,leave_event_out,200.0
2022,Mast Head Reef,-23.5341,151.7497,0.3320649799632625,1,,all_available,0.3148255548378145,2022,leave_event_out,200.0
2022,McCulloch Reef,-17.2834,146.4777,1.0634930497346478,1,,shallow_preferred,0.6334277004890683,2022,leave_event_out,200.0
2022,Myrmidon Reef,-18.25695,147.38115,-2.106265781265818,2,,all_available,-1.439680247339943,2022,leave_event_out,200.0
2022,No Name,-14.6308,145.6418,-1.705695853816663,1,,shallow_preferred,-0.15357206989158503,2022,leave_event_out,200.0
2022,North Direction Island,-14.7435,145.5136,0.7454363748168298,1,,shallow_preferred,0.0032897823834363645,2022,leave_event_out,200.0
2022,North Keppel Island,-23.0864,150.9052,-0.7961308644747469,1,,shallow_preferred,1.0234714226238413,2022,leave_event_out,200.0
2022,Northeast Reef,-18.5718,146.4947,0.1769185098647074,1,,shallow_preferred,0.30644397752181873,2022,leave_event_out,200.0
2022,Nth Barnards (Jesse Is),-17.6717,146.1747,1.273264460917427,1,,all_available,0.829862261224415,2022,leave_event_out,200.0
2022,One Tree Island,-23.4833,152.0739,-0.32,4,,all_available,-0.639681789166977,2022,leave_event_out,200.0
2022,Pandora Reef,-18.8164,146.4341,-1.3308283189703358,1,,shallow_preferred,0.8750688655267594,2022,leave_event_out,200.0
2022,Peak Island,-23.3413,150.9369,0.5855679313135402,1,,shallow_preferred,1.2370444686012878,2022,leave_event_out,200.0
2022,Peart Reef,-17.4676,146.402,-0.8201420307894405,1,,shallow_preferred,0.6596717535533902,2022,leave_event_out,200.0
2022,Pelican Island,-23.2397,150.8742,2.87801058962431,1,,shallow_preferred,1.0636837050937402,2022,leave_event_out,200.0
2022,Pelorus Island,-18.5406,146.4888,-1.0987203135328016,1,,shallow_preferred,0.300384192544782,2022,leave_event_out,200.0
2022,Penrith Reef,-21.0036,149.8882,-1.4836345387472027,1,,shallow_preferred,-0.6632404827482081,2022,leave_event_out,200.0
2022,Pine Island,-20.378,148.8884,1.614351045119581,1,,shallow_preferred,0.5890966760745054,2022,leave_event_out,200.0
2022,Pine Peak Island,-21.5145,150.2515,-0.6866243656929498,1,,shallow_preferred,-0.5397460014654796,2022,leave_event_out,200.0
2022,Pompey Reef (No 1),-20.9201,150.5582,-1.631415408490577,1,,shallow_preferred,-0.7796167894034006,2022,leave_event_out,200.0
2022,Rat Island,-23.767,151.3185,6.114287463581379,1,,shallow_preferred,1.4620482306849458,2022,leave_event_out,200.0
2022,Rebe Reef,-19.795,150.1499,-5.96,1,,shallow_preferred,-1.1813166748400874,2022,leave_event_out,200.0
2022,Rib Reef,-18.473,146.8774,-3.641424667151929,1,,shallow_preferred,-0.6810912266306955,2022,leave_event_out,200.0
2022,Sand Bank No7,-13.4363,143.9722,-4.078812431810763,1,,shallow_preferred,-1.030181198521806,2022,leave_event_out,200.0
2022,Seaforth Island,-20.4685,149.0389,1.3896108603220183,1,,shallow_preferred,0.592710754540742,2022,leave_event_out,200.0
2022,Shute and Tancred Islands,-20.3009,148.7983,1.2805066431930934,1,,shallow_preferred,0.29332649337587774,2022,leave_event_out,200.0
2022,Small Lagoon Reef,-21.8678,152.5239,-0.49,1,,shallow_preferred,-0.20820640147673095,2022,leave_event_out,200.0
2022,Snake Reef,-22.0232,152.1928,0.2680475636644979,1,,shallow_preferred,-0.21488034018959973,2022,leave_event_out,200.0
2022,Snapper Island North,-16.2924,145.4969,4.223499478603828,1,,shallow_preferred,1.0870799798540969,2022,leave_event_out,200.0
2022,St Crispin Reef,-16.0733,145.8438,-0.410183903401097,1,,shallow_preferred,0.8259882560295237,2022,leave_event_out,200.0
2022,Taylor Reef,-17.8121,146.5703,1.8551421834079156,1,,shallow_preferred,0.9209694334211976,2022,leave_event_out,200.0
2022,Tern Reef,-20.9023,150.0264,-1.940902751155893,1,,shallow_preferred,-0.6844911876168375,2022,leave_event_out,200.0
2022,Thetford Reef,-16.7995,146.1951,0.6869782559540729,1,,shallow_preferred,1.100448026378369,2022,leave_event_out,200.0
2022,Tryon Island,-23.2457,151.7739,0.7394298817738182,1,,shallow_preferred,0.02569335807365131,2022,leave_event_out,200.0
2022,Turner Cay,-21.7031,152.5605,-1.11,1,,all_available,-0.35974110132882053,2022,leave_event_out,200.0
2022,Tydeman Cay,-13.9715,144.5017,-3.554377203886662,1,,shallow_preferred,-0.9301070009330548,2022,leave_event_out,200.0
2022,Warraber Island,-10.2007,142.8189,-3.827378726930228,1,,all_available,0.26634384135749567,2022,leave_event_out,200.0
2022,Woiz Reef,-10.1744,143.2264,-0.5409761267719593,1,,shallow_preferred,0.2536796908858444,2022,leave_event_out,200.0
2024,19-131 Reef,-19.7641,149.3786,-0.6744511753434193,1,,shallow_preferred,-0.30419186543636073,2024,leave_event_out,200.0
2024,19-138 Reef,-19.8024,149.4199,-1.0230412376642537,1,,shallow_preferred,-0.3083528482050355,2024,leave_event_out,200.0
2024,19-159 Reef,-19.6661,149.9146,-7.65684152839136,1,,shallow_preferred,-0.9225591189849941,2024,leave_event_out,200.0
2024,21-062 Reef,-21.0266,150.8538,-1.9333814204583104,1,,all_available,-0.7838408909000631,2024,leave_event_out,200.0
2024,21-139 Reef,-21.4552,151.4654,0.0726746718180955,1,,shallow_preferred,-0.32916982955078955,2024,leave_event_out,200.0
2024,21-187 Reef,-21.4072,151.6414,-0.4103944612504753,1,,shallow_preferred,-0.28937627380685255,2024,leave_event_out,200.0
2024,21-296 Reef,-21.3283,152.5656,-4.404290636113286,1,,all_available,-0.2580647739115726,2024,leave_event_out,200.0
2024,21-550 Reef,-21.9471,152.3069,-6.265088692108982,1,,shallow_preferred,-0.11335646230925267,2024,leave_event_out,200.0
2024,Agincourt Reef Number 1,-16.0398,145.8652,-4.012516339372439,1,,shallow_preferred,0.7427955309793483,2024,leave_event_out,200.0
2024,Aquila Island,-21.9611,149.5816,0.4390047486318469,1,,shallow_preferred,-0.27705340237766624,2024,leave_event_out,200.0
2024,Barren Island,-23.1578,151.0707,0.3196292238013338,1,,all_available,0.9580079655833803,2024,leave_event_out,200.0
2024,Bedarra Island,-18.0094,146.148,1.1625144023774636,1,,shallow_preferred,1.1542873031505152,2024,leave_event_out,200.0
2024,Cattle Bay,-18.5691,146.4823,-0.7300712136667187,1,,shallow_preferred,0.3510006868867676,2024,leave_event_out,200.0
2024,Chicken Reef,-18.6543,147.7143,-2.184520626102456,1,,shallow_preferred,-1.2528636962689734,2024,leave_event_out,200.0
2024,Chinaman Reef,-21.9973,152.664,-0.5064200122349298,1,,shallow_preferred,-0.11902038118765457,2024,leave_event_out,200.0
2024,Davies Reef,-18.8065,147.6688,-4.23,1,,shallow_preferred,-1.140540567969753,2024,leave_event_out,200.0
2024,Daydream Island,-20.2557,148.8122,0.6784482753618271,1,,shallow_preferred,0.48121576073935884,2024,leave_event_out,200.0
2024,Dent Island,-20.345,148.9382,2.566522705175249,1,,shallow_preferred,0.801219352146794,2024,leave_event_out,200.0
2024,Double Cone,-20.1046,148.7218,1.2275266028900518,1,,shallow_preferred,0.2203349250092679,2024,leave_event_out,200.0
2024,Dunk Island,-17.9263,146.1461,1.9648675111953395,1,,shallow_preferred,1.1496831177702205,2024,leave_event_out,200.0
2024,East Cay,-21.4731,152.5661,-2.711257994167201,1,,shallow_preferred,-0.2518446981857228,2024,leave_event_out,200.0
2024,Erskine Island,-23.4993,151.7749,-0.1237739004500273,1,,shallow_preferred,0.49808089329392624,2024,leave_event_out,200.0
2024,Farquharson Reef,-17.79,146.5315,-0.4620728254939896,1,,shallow_preferred,1.2603944521274575,2024,leave_event_out,200.0
2024,Feather Reef,-17.519,146.3887,-0.1261575783816608,1,,shallow_preferred,0.9020734910490269,2024,leave_event_out,200.0
2024,Fitzroy Island,-16.9233,145.9963,2.4398755607444453,1,,shallow_preferred,0.7533044645948158,2024,leave_event_out,200.0
2024,Frankland Islands,-17.227,146.0904,-4.0774689296026985,1,,shallow_preferred,0.5147423379564977,2024,leave_event_out,200.0
2024,Gannet Cay Reef,-21.9784,152.4742,-1.6855877548702187,1,,shallow_preferred,-0.11716121136399825,2024,leave_event_out,200.0
2024,Geoffrey Bay,-19.1548,146.8685,3.1578664283643807,1,,shallow_preferred,0.7689922164651627,2024,leave_event_out,200.0
2024,Havannah Island,-18.8472,146.5428,-2.0044825113156497,1,,shallow_preferred,0.9330535124577582,2024,leave_event_out,200.0
2024,Hayman Island,-20.0572,148.8997,-1.6394145048062023,1,,all_available,0.19393084014659884,2024,leave_event_out,200.0
2024,Helix Reef,-18.6203,147.2958,-2.0171620859266275,1,,shallow_preferred,-1.222316233056299,2024,leave_event_out,200.0
2024,Henderson Island,-21.4854,149.9096,1.126334270875045,1,,shallow_preferred,-0.4383077818667442,2024,leave_event_out,200.0
2024,Heron Island,-23.4384,151.9182,-0.181553811969767,1,,shallow_preferred,0.45868285605765263,2024,leave_event_out,200.0
2024,High Island,-17.1622,146.007,1.535772150210808,1,,shallow_preferred,0.6575430767567743,2024,leave_event_out,200.0
2024,Hook Island,-20.1681,148.8871,-3.042549039341085,1,,all_available,0.21378486050185,2024,leave_event_out,200.0
2024,Horseshoe Reef,-22.0227,152.6166,-0.1809719599408747,1,,shallow_preferred,-0.11750768094562578,2024,leave_event_out,200.0
2024,Humpy Island,-23.2162,150.9638,0.6080076396220804,1,,shallow_preferred,1.2212999658591304,2024,leave_event_out,200.0
2024,John Brewer,-18.619,147.0811,-2.873303413257616,1,,shallow_preferred,-1.037270108182226,2024,leave_event_out,200.0
2024,Kelso Reef,-18.4448,146.9933,-3.000988014471895,1,,shallow_preferred,-1.0539772427225795,2024,leave_event_out,200.0
2024,Knife Reef,-18.5711,147.5772,-4.760525391713829,1,,all_available,-1.2681296864175453,2024,leave_event_out,200.0
2024,Lady Elliot Reef,-18.6798,146.3325,2.6642012664764696,1,,shallow_preferred,0.4342618176754012,2024,leave_event_out,200.0
2024,Lady Musgrave,-23.8896,152.42,-1.9318759413607989,1,,shallow_preferred,0.006101642499814076,2024,leave_event_out,200.0
2024,Lagoon Reef,-12.3926,143.7398,-3.979975825951212,1,,all_available,-0.7302778107523608,2024,leave_event_out,200.0
2024,Lizard Island,-14.68995,145.45430850000002,0.9437563272144394,2,5.0,shallow_preferred,-0.4155319366004494,2024,leave_event_out,200.0
2024,Low Isles,-16.3831,145.5619,3.234717160448197,1,,shallow_preferred,0.9627254153114431,2024,leave_event_out,200.0
2024,Macgillivray,-14.6485,145.4915,0.3334817723541992,1,,all_available,-0.4717545696536931,2024,leave_event_out,200.0
2024,Mackay Reef,-16.0399,145.6506,2.986583602448798,1,,shallow_preferred,0.8543442900058472,2024,leave_event_out,200.0
2024,Manning Island,-23.854,151.3533,0.8688011005989598,1,,shallow_preferred,1.687468681640492,2024,leave_event_out,200.0
2024,Martin,-14.7553,145.3722,3.8351490990065393,1,,all_available,-0.32080867292190524,2024,leave_event_out,200.0
2024,Mast Head Reef,-23.5341,151.7497,0.0469545366380899,1,,all_available,0.8756410240936788,2024,leave_event_out,200.0
2024,Myrmidon Reef,-18.2585,147.3814,-1.772714135542496,1,,shallow_preferred,-1.2821599951247642,2024,leave_event_out,200.0
2024,No Name,-14.6308,145.6418,-3.1206719496112054,1,,shallow_preferred,-0.5592011864213224,2024,leave_event_out,200.0
2024,North Direction Island,-14.7435,145.5136,5.383649436141575,1,,shallow_preferred,-0.4208957664776846,2024,leave_event_out,200.0
2024,North Keppel Island,-23.0864,150.9052,1.0622295146220626,1,,shallow_preferred,1.1898784987013085,2024,leave_event_out,200.0
2024,Northeast Reef,-18.5718,146.4947,0.4083809324888072,1,,shallow_preferred,0.34973626311432343,2024,leave_event_out,200.0
2024,Nth Barnards (Jesse Is),-17.6717,146.1747,-2.745176977858989,1,,all_available,1.2018127325248398,2024,leave_event_out,200.0
2024,One Tree Island,-23.4833,152.0739,-1.8831180838731818,4,,all_available,-0.12637215085766415,2024,leave_event_out,200.0
2024,Pandora Reef,-18.8164,146.4341,-1.2492841044856169,1,,shallow_preferred,0.9143153564260742,2024,leave_event_out,200.0
2024,Peart Reef,-17.4665,146.4031,-2.1103074542540026,1,,all_available,0.8919600482716121,2024,leave_event_out,200.0
2024,Pelican Island,-23.2397,150.8742,1.3336012499129186,1,,shallow_preferred,1.2406202523242924,2024,leave_event_out,200.0
2024,Pelorus Island,-18.5406,146.4888,-4.99468701852191,1,,shallow_preferred,0.34671107387979677,2024,leave_event_out,200.0
2024,Penrith Reef,-21.0036,149.8882,-8.25,1,,shallow_preferred,-0.6162811196206973,2024,leave_event_out,200.0
2024,Pine Island,-20.378,148.8884,2.039983382562866,1,,shallow_preferred,0.8091998220880444,2024,leave_event_out,200.0
2024,Pine Peak Island,-21.5145,150.2515,-0.7875008679016648,1,,shallow_preferred,-0.47419278890433036,2024,leave_event_out,200.0
2024,Rat Island,-23.767,151.3185,5.273399331924637,1,,shallow_preferred,1.6701820786667767,2024,leave_event_out,200.0
2024,Rebe Reef,-19.795,150.1499,-8.971298792288794,1,,shallow_preferred,-1.125747605125069,2024,leave_event_out,200.0
2024,Rib Reef,-18.473,146.8774,-0.7957262887094778,1,,shallow_preferred,-0.5293261768818924,2024,leave_event_out,200.0
2024,Sand Bank No7,-13.4363,143.9722,-6.256932822483051,1,,shallow_preferred,-1.0126777064343817,2024,leave_event_out,200.0
2024,Seaforth Island,-20.4685,149.0389,1.0099774032713746,1,,all_available,0.8042511633909636,2024,leave_event_out,200.0
2024,Seal Rocks North,-23.9583,151.4849,3.263794696516893,1,,shallow_preferred,1.3388131811466049,2024,leave_event_out,200.0
2024,Shute and Tancred Islands,-20.3009,148.7983,1.6179930495016066,1,,shallow_preferred,0.4950654601248166,2024,leave_event_out,200.0
2024,Snake Reef,-22.0232,152.1928,-1.1544690991552988,1,,shallow_preferred,-0.10957950780563562,2024,leave_event_out,200.0
2024,Snapper Island North,-16.2924,145.4969,7.4435563247489664,1,,shallow_preferred,0.9818330658837697,2024,leave_event_out,200.0
2024,St Crispin Reef,-16.0733,145.8438,-2.0280244486688037,1,,shallow_preferred,0.7602896846193075,2024,leave_event_out,200.0
2024,Taylor Reef,-17.8121,146.5703,-0.1915376615305835,1,,shallow_preferred,1.2599077992925838,2024,leave_event_out,200.0
2024,Tern Reef,-20.9023,150.0264,-3.845918940878663,1,,shallow_preferred,-0.6469325513811046,2024,leave_event_out,200.0
2024,Thetford Reef,-16.7995,146.1951,1.199482382797532,1,,shallow_preferred,0.7577195688058234,2024,leave_event_out,200.0
2024,Tryon Island,-23.2457,151.7739,-1.813614176405533,1,,shallow_preferred,0.5323541720867646,2024,leave_event_out,200.0
2024,Turner Cay,-21.7031,152.5605,-2.5344971807506527,1,,all_available,-0.22546614288037528,2024,leave_event_out,200.0
2024,Willis Island,-16.2897,149.9649,-13.17,1,,shallow_preferred,-1.6883029550474016,2024,leave_event_out,200.0
2024,Yonge Reef,-14.5731,145.6147,-1.8594030718308463,1,,shallow_preferred,-0.5683637074210635,2024,leave_event_out,200.0
2016,19-131 Reef,-19.7641,149.3786,2.4881428483989625,1,,shallow_preferred,-0.9292656125027786,19-131 Reef,leave_site_out,200.0
2017,19-131 Reef,-19.7641,149.3786,0.1648669316651334,1,,shallow_preferred,-0.9292656125027786,19-131 Reef,leave_site_out,200.0
2020,19-131 Reef,-19.7641,149.3786,2.681231950161008,1,,shallow_preferred,-0.9292656125027786,19-131 Reef,leave_site_out,200.0
2022,19-131 Reef,-19.7641,149.3786,-2.3785906080173893,1,,shallow_preferred,-0.9292656125027786,19-131 Reef,leave_site_out,200.0
2024,19-131 Reef,-19.7641,149.3786,-0.6744511753434193,1,,shallow_preferred,-0.9292656125027786,19-131 Reef,leave_site_out,200.0
2016,19-138 Reef,-19.8024,149.4199,1.615120950831018,1,,shallow_preferred,-0.842854288818257,19-138 Reef,leave_site_out,200.0
2017,19-138 Reef,-19.8024,149.4199,-0.6955989138045973,1,,shallow_preferred,-0.842854288818257,19-138 Reef,leave_site_out,200.0
2020,19-138 Reef,-19.8024,149.4199,-0.2586793278278807,1,,shallow_preferred,-0.842854288818257,19-138 Reef,leave_site_out,200.0
2024,19-138 Reef,-19.8024,149.4199,-1.0230412376642537,1,,shallow_preferred,-0.842854288818257,19-138 Reef,leave_site_out,200.0
2016,19-159 Reef,-19.6661,149.9146,-3.01,1,,shallow_preferred,-1.0246012934100348,19-159 Reef,leave_site_out,200.0
2017,19-159 Reef,-19.6661,149.9146,-0.47,1,,shallow_preferred,-1.0246012934100348,19-159 Reef,leave_site_out,200.0
2022,19-159 Reef,-19.6628,149.9152,-4.44,1,,all_available,-1.0249386086296157,19-159 Reef,leave_site_out,200.0
2024,19-159 Reef,-19.6661,149.9146,-7.65684152839136,1,,shallow_preferred,-1.0246012934100348,19-159 Reef,leave_site_out,200.0
2016,20-104 Reef,-20.0286,149.6933,1.2862792410082275,1,,shallow_preferred,-1.2543863012787704,20-104 Reef,leave_site_out,200.0
2017,20-104 Reef,-20.0286,149.6933,-0.2948143010351345,1,,shallow_preferred,-1.2543863012787704,20-104 Reef,leave_site_out,200.0
2020,20-104 Reef,-20.0286,149.6933,1.3679715009030966,1,,shallow_preferred,-1.2543863012787704,20-104 Reef,leave_site_out,200.0
2016,21-062 Reef,-21.028,150.8534,-0.47,1,,shallow_preferred,-0.7709665922157392,21-062 Reef,leave_site_out,200.0
2017,21-062 Reef,-21.028,150.8534,-1.3030360356554327,1,,shallow_preferred,-0.7709665922157392,21-062 Reef,leave_site_out,200.0
2020,21-062 Reef,-21.0266,150.8538,-0.2332874208135233,1,,all_available,-0.7710663631928747,21-062 Reef,leave_site_out,200.0
2022,21-062 Reef,-21.0266,150.8538,-1.045948682836028,1,,all_available,-0.7710663631928747,21-062 Reef,leave_site_out,200.0
2024,21-062 Reef,-21.0266,150.8538,-1.9333814204583104,1,,all_available,-0.7710663631928747,21-062 Reef,leave_site_out,200.0
2016,21-139 Reef,-21.4552,151.4654,-0.64,1,,shallow_preferred,-0.534657360512474,21-139 Reef,leave_site_out,200.0
2017,21-139 Reef,-21.4552,151.4654,-0.8370985853263284,1,,shallow_preferred,-0.534657360512474,21-139 Reef,leave_site_out,200.0
2022,21-139 Reef,-21.4552,151.4654,-0.4091454128263019,1,,shallow_preferred,-0.534657360512474,21-139 Reef,leave_site_out,200.0
2024,21-139 Reef,-21.4552,151.4654,0.0726746718180955,1,,shallow_preferred,-0.534657360512474,21-139 Reef,leave_site_out,200.0
2016,21-187 Reef,-21.4072,151.6414,-0.31,1,,shallow_preferred,-0.5652724289903391,21-187 Reef,leave_site_out,200.0
2017,21-187 Reef,-21.4072,151.6414,-0.6164626088503855,1,,shallow_preferred,-0.5652724289903391,21-187 Reef,leave_site_out,200.0
2020,21-187 Reef,-21.4072,151.6414,0.8718928705099143,1,,shallow_preferred,-0.5652724289903391,21-187 Reef,leave_site_out,200.0
2022,21-187 Reef,-21.4072,151.6414,-0.083471493881662,1,,shallow_preferred,-0.5652724289903391,21-187 Reef,leave_site_out,200.0
2024,21-187 Reef,-21.4072,151.6414,-0.4103944612504753,1,,shallow_preferred,-0.5652724289903391,21-187 Reef,leave_site_out,200.0
2016,21-245 Reef,-21.298,152.4425,0.0,1,,shallow_preferred,-0.46170588603537305,21-245 Reef,leave_site_out,200.0
2017,21-245 Reef,-21.298,152.4425,0.0679673369730013,1,,shallow_preferred,-0.46170588603537305,21-245 Reef,leave_site_out,200.0
2020,21-245 Reef,-21.2965,152.4465,-0.4331639766129953,1,,all_available,-0.46209964675612225,21-245 Reef,leave_site_out,200.0
2022,21-245 Reef,-21.2965,152.4465,-0.4454734262389186,1,,all_available,-0.46209964675612225,21-245 Reef,leave_site_out,200.0
2020,21-296 Reef,-21.3297,152.5636,-0.338299175268177,1,,shallow_preferred,-0.3200355132533698,21-296 Reef,leave_site_out,200.0
2022,21-296 Reef,-21.3283,152.5656,-1.4652746991282903,1,,all_available,-0.32004006025967835,21-296 Reef,leave_site_out,200.0
2024,21-296 Reef,-21.3283,152.5656,-4.404290636113286,1,,all_available,-0.32004006025967835,21-296 Reef,leave_site_out,200.0
2016,21-550 Reef,-21.9471,152.3069,0.0921533394028272,1,,shallow_preferred,-0.28672673303214513,21-550 Reef,leave_site_out,200.0
2017,21-550 Reef,-21.9471,152.3069,0.3405297474348194,1,,shallow_preferred,-0.28672673303214513,21-550 Reef,leave_site_out,200.0
2020,21-550 Reef,-21.9471,152.3069,0.2899349813298437,1,,shallow_preferred,-0.28672673303214513,21-550 Reef,leave_site_out,200.0
2022,21-550 Reef,-21.9471,152.3069,-0.0034301923432069,1,,shallow_preferred,-0.28672673303214513,21-550 Reef,leave_site_out,200.0
2024,21-550 Reef,-21.9471,152.3069,-6.265088692108982,1,,shallow_preferred,-0.28672673303214513,21-550 Reef,leave_site_out,200.0
2016,21-591 Reef,-21.0266,150.3807,-1.14,1,,all_available,-0.6323342850234069,21-591 Reef,leave_site_out,200.0
2017,21-591 Reef,-21.0266,150.3807,-2.930230544831029,1,,all_available,-0.6323342850234069,21-591 Reef,leave_site_out,200.0
2016,Agincourt Reef Number 1,-16.0398,145.8652,0.6706690019749448,1,,shallow_preferred,1.1842701261357305,Agincourt Reef Number 1,leave_site_out,200.0
2017,Agincourt Reef Number 1,-16.0384,145.8688,-3.146731387263813,1,,all_available,1.1835871766360773,Agincourt Reef Number 1,leave_site_out,200.0
2020,Agincourt Reef Number 1,-16.0398,145.8652,-6.3761235901028375,1,,shallow_preferred,1.1842701261357305,Agincourt Reef Number 1,leave_site_out,200.0
2022,Agincourt Reef Number 1,-16.0398,145.8652,-2.651844619931497,1,,shallow_preferred,1.1842701261357305,Agincourt Reef Number 1,leave_site_out,200.0
2024,Agincourt Reef Number 1,-16.0398,145.8652,-4.012516339372439,1,,shallow_preferred,1.1842701261357305,Agincourt Reef Number 1,leave_site_out,200.0
2020,Aquila Island,-21.9611,149.5816,1.900201645273785,1,,shallow_preferred,-0.6328419870521923,Aquila Island,leave_site_out,200.0
2022,Aquila Island,-21.9611,149.5816,1.9098567453975277,1,,shallow_preferred,-0.6328419870521923,Aquila Island,leave_site_out,200.0
2024,Aquila Island,-21.9611,149.5816,0.4390047486318469,1,,shallow_preferred,-0.6328419870521923,Aquila Island,leave_site_out,200.0
2016,Arlington Reef,-16.6891,146.0871,1.8697210938847693,1,,shallow_preferred,0.8611042133098002,Arlington Reef,leave_site_out,200.0
2017,Arlington Reef,-16.6891,146.0871,0.8026286572687749,1,,shallow_preferred,0.8611042133098002,Arlington Reef,leave_site_out,200.0
2020,Arlington Reef,-16.6461,146.1107,-0.5133974087988227,1,,all_available,0.8584476221963069,Arlington Reef,leave_site_out,200.0
2022,Arlington Reef,-16.6461,146.1107,-0.5367593562922782,1,,all_available,0.8584476221963069,Arlington Reef,leave_site_out,200.0
2016,Barren Island,-23.1578,151.0707,0.3594048150164696,1,,all_available,0.914544210779737,Barren Island,leave_site_out,200.0
2017,Barren Island,-23.1578,151.0707,0.6004196062900613,1,,all_available,0.914544210779737,Barren Island,leave_site_out,200.0
2020,Barren Island,-23.1578,151.0707,-1.7387467211694982,1,,shallow_preferred,0.914544210779737,Barren Island,leave_site_out,200.0
2022,Barren Island,-23.1578,151.0707,-0.3208671857457266,1,,shallow_preferred,0.914544210779737,Barren Island,leave_site_out,200.0
2024,Barren Island,-23.1578,151.0707,0.3196292238013338,1,,all_available,0.914544210779737,Barren Island,leave_site_out,200.0
2017,Bedarra Island,-18.0094,146.148,3.5504139827964547,1,,shallow_preferred,0.4542326343592731,Bedarra Island,leave_site_out,200.0
2020,Bedarra Island,-18.0094,146.148,4.73335811084036,1,,shallow_preferred,0.4542326343592731,Bedarra Island,leave_site_out,200.0
2022,Bedarra Island,-18.0094,146.148,1.133605519395835,1,,shallow_preferred,0.4542326343592731,Bedarra Island,leave_site_out,200.0
2024,Bedarra Island,-18.0094,146.148,1.1625144023774636,1,,shallow_preferred,0.4542326343592731,Bedarra Island,leave_site_out,200.0
2016,Border Island,-20.171,149.0319,-1.1542022049138567,1,,shallow_preferred,0.43358202383599975,Border Island,leave_site_out,200.0
2017,Border Island,-20.171,149.0319,-0.5385739067167545,1,,shallow_preferred,0.43358202383599975,Border Island,leave_site_out,200.0
2016,Boult Reef,-23.747,152.2725,-0.15,1,,shallow_preferred,-0.15089214857618552,Boult Reef,leave_site_out,200.0
2017,Boult Reef,-23.747,152.2725,-1.5204336353105217,1,,shallow_preferred,-0.15089214857618552,Boult Reef,leave_site_out,200.0
2017,Camp Island East,-19.8508,147.9052,6.633293001799257,1,,shallow_preferred,-0.18820235673792382,Camp Island East,leave_site_out,200.0
2017,Carter,-14.5238,145.5817,-5.795992916884115,1,,all_available,-0.16067104877256486,Carter,leave_site_out,200.0
2016,Cattle Bay,-18.5691,146.4823,-0.6118180509479609,1,,shallow_preferred,0.05891810449848602,Cattle Bay,leave_site_out,200.0
2017,Cattle Bay,-18.5691,146.4823,-0.2121164498235934,1,5.6,shallow_preferred,0.05891810449848602,Cattle Bay,leave_site_out,200.0
2020,Cattle Bay,-18.5691,146.4823,-2.477269859827372,1,,shallow_preferred,0.05891810449848602,Cattle Bay,leave_site_out,200.0
2022,Cattle Bay,-18.5691,146.4823,-1.4469747705416411,1,,shallow_preferred,0.05891810449848602,Cattle Bay,leave_site_out,200.0
2024,Cattle Bay,-18.5691,146.4823,-0.7300712136667187,1,,shallow_preferred,0.05891810449848602,Cattle Bay,leave_site_out,200.0
2016,Centipede Reef,-18.7324,147.554,-1.864780516451196,1,,all_available,-1.4289907275433922,Centipede Reef,leave_site_out,200.0
2020,Centipede Reef,-18.7341,147.5522,-0.5921616319662082,1,,shallow_preferred,-1.4285895207273624,Centipede Reef,leave_site_out,200.0
2017,Cherepo,-10.6893,142.2799,0.9537529396181982,1,,shallow_preferred,0.06156426970401734,Cherepo,leave_site_out,200.0
2016,Chicken Reef,-18.6534,147.7199,-1.9926378104458151,1,,shallow_preferred,-1.39236413402455,Chicken Reef,leave_site_out,200.0
2017,Chicken Reef,-18.6534,147.7199,-1.3663101188473838,1,,shallow_preferred,-1.39236413402455,Chicken Reef,leave_site_out,200.0
2020,Chicken Reef,-18.6534,147.7199,-1.3399441724789538,1,,shallow_preferred,-1.39236413402455,Chicken Reef,leave_site_out,200.0
2022,Chicken Reef,-18.6543,147.7143,-1.4657225110230736,1,,shallow_preferred,-1.3922408095708148,Chicken Reef,leave_site_out,200.0
2024,Chicken Reef,-18.6543,147.7143,-2.184520626102456,1,,shallow_preferred,-1.3922408095708148,Chicken Reef,leave_site_out,200.0
2016,Chinaman Reef,-21.9973,152.664,-0.0185903126361312,1,,shallow_preferred,-0.383328570531812,Chinaman Reef,leave_site_out,200.0
2017,Chinaman Reef,-21.9973,152.664,0.076558152790821,1,,shallow_preferred,-0.383328570531812,Chinaman Reef,leave_site_out,200.0
2020,Chinaman Reef,-21.9973,152.664,0.3270784856057034,1,2.5,shallow_preferred,-0.383328570531812,Chinaman Reef,leave_site_out,200.0
2022,Chinaman Reef,-21.9973,152.664,0.1627848857765562,1,,shallow_preferred,-0.383328570531812,Chinaman Reef,leave_site_out,200.0
2024,Chinaman Reef,-21.9973,152.664,-0.5064200122349298,1,,shallow_preferred,-0.383328570531812,Chinaman Reef,leave_site_out,200.0
2020,Curd Reef,-12.5853,143.5112,4.110928124208211,1,,shallow_preferred,-1.861200813255678,Curd Reef,leave_site_out,200.0
2016,Davies Reef,-18.8065,147.6688,-1.1285137776708165,1,,shallow_preferred,-1.4090968551461063,Davies Reef,leave_site_out,200.0
2017,Davies Reef,-18.8065,147.6688,-0.460888870782222,1,,shallow_preferred,-1.4090968551461063,Davies Reef,leave_site_out,200.0
2020,Davies Reef,-18.8065,147.6688,-1.096379040767636,1,,shallow_preferred,-1.4090968551461063,Davies Reef,leave_site_out,200.0
2022,Davies Reef,-18.8065,147.6688,-4.097198572006766,1,,shallow_preferred,-1.4090968551461063,Davies Reef,leave_site_out,200.0
2024,Davies Reef,-18.8065,147.6688,-4.23,1,,shallow_preferred,-1.4090968551461063,Davies Reef,leave_site_out,200.0
2016,Daydream Island,-20.2557,148.8122,2.6965346641335963,1,,shallow_preferred,0.13817581375492238,Daydream Island,leave_site_out,200.0
2020,Daydream Island,-20.2557,148.8122,0.6551431759961712,1,,shallow_preferred,0.13817581375492238,Daydream Island,leave_site_out,200.0
2022,Daydream Island,-20.2557,148.8122,2.136293212639157,1,,shallow_preferred,0.13817581375492238,Daydream Island,leave_site_out,200.0
2024,Daydream Island,-20.2557,148.8122,0.6784482753618271,1,,shallow_preferred,0.13817581375492238,Daydream Island,leave_site_out,200.0
2016,Dent Island,-20.345,148.9382,2.8108011389618843,1,,shallow_preferred,0.2862701626405725,Dent Island,leave_site_out,200.0
2017,Dent Island,-20.345,148.9382,2.042098752777987,1,,shallow_preferred,0.2862701626405725,Dent Island,leave_site_out,200.0
2020,Dent Island,-20.345,148.9382,2.420851269963028,1,,shallow_preferred,0.2862701626405725,Dent Island,leave_site_out,200.0
2022,Dent Island,-20.345,148.9382,1.3304348506075487,1,,shallow_preferred,0.2862701626405725,Dent Island,leave_site_out,200.0
2024,Dent Island,-20.345,148.9382,2.566522705175249,1,,shallow_preferred,0.2862701626405725,Dent Island,leave_site_out,200.0
2016,Dip Reef,-18.3999,147.4519,-4.222305870596005,1,,all_available,-1.240593932723566,Dip Reef,leave_site_out,200.0
2017,Dip Reef,-18.3999,147.4519,-4.333377514241236,1,,all_available,-1.240593932723566,Dip Reef,leave_site_out,200.0
2020,Dip Reef,-18.3999,147.4519,-3.5408187431900267,1,,all_available,-1.240593932723566,Dip Reef,leave_site_out,200.0
2022,Dip Reef,-18.3999,147.4519,-3.4808544735666334,1,,all_available,-1.240593932723566,Dip Reef,leave_site_out,200.0
2016,Double Cone,-20.1046,148.7218,0.4252579264263967,1,,shallow_preferred,0.2119334966426963,Double Cone,leave_site_out,200.0
2017,Double Cone,-20.1046,148.7218,0.2690576907372026,1,,shallow_preferred,0.2119334966426963,Double Cone,leave_site_out,200.0
2020,Double Cone,-20.1046,148.7218,-0.2069540241686525,1,,shallow_preferred,0.2119334966426963,Double Cone,leave_site_out,200.0
2022,Double Cone,-20.1046,148.7218,-1.340713240785889,1,,shallow_preferred,0.2119334966426963,Double Cone,leave_site_out,200.0
2024,Double Cone,-20.1046,148.7218,1.2275266028900518,1,,shallow_preferred,0.2119334966426963,Double Cone,leave_site_out,200.0
2017,Dugong Island,-10.518,143.0997,-0.3522696767022557,1,,shallow_preferred,0.1743083564446901,Dugong Island,leave_site_out,200.0
2020,Dugong Island,-10.518,143.0997,-1.334900480255203,1,,shallow_preferred,0.1743083564446901,Dugong Island,leave_site_out,200.0
2022,Dugong Island,-10.518,143.0997,-3.104144143713349,1,,shallow_preferred,0.1743083564446901,Dugong Island,leave_site_out,200.0
2016,Dunk Island,-17.9263,146.1461,-1.417138406452865,1,,shallow_preferred,0.5127396202932932,Dunk Island,leave_site_out,200.0
2017,Dunk Island,-17.9263,146.1461,0.2751631929575673,1,,shallow_preferred,0.5127396202932932,Dunk Island,leave_site_out,200.0
2020,Dunk Island,-17.9263,146.1461,4.646749671684462,1,,shallow_preferred,0.5127396202932932,Dunk Island,leave_site_out,200.0
2022,Dunk Island,-17.9263,146.1461,2.6186019242209104,1,,shallow_preferred,0.5127396202932932,Dunk Island,leave_site_out,200.0
2024,Dunk Island,-17.9263,146.1461,1.9648675111953395,1,,shallow_preferred,0.5127396202932932,Dunk Island,leave_site_out,200.0
2016,East Cay,-21.4727,152.5662,0.0,1,,shallow_preferred,-0.3103587804288581,East Cay,leave_site_out,200.0
2017,East Cay,-21.4727,152.5662,0.160089970195385,1,,shallow_preferred,-0.3103587804288581,East Cay,leave_site_out,200.0
2020,East Cay,-21.4727,152.5662,-1.3561652153503905,1,,shallow_preferred,-0.3103587804288581,East Cay,leave_site_out,200.0
2022,East Cay,-21.46965,152.56664999999998,-1.408171322422771,2,,all_available,-0.310706473768069,East Cay,leave_site_out,200.0
2024,East Cay,-21.4731,152.5661,-2.711257994167201,1,,shallow_preferred,-0.31031265244306533,East Cay,leave_site_out,200.0
2016,Erskine Island,-23.498800000000003,151.7748,0.0,2,6.25,shallow_preferred,0.5568665974994871,Erskine Island,leave_site_out,200.0
2017,Erskine Island,-23.498800000000003,151.7748,-0.038515396352895456,2,6.25,shallow_preferred,0.5568665974994871,Erskine Island,leave_site_out,200.0
2020,Erskine Island,-23.4993,151.7749,0.6358016707944536,1,,shallow_preferred,0.5569682108903451,Erskine Island,leave_site_out,200.0
2022,Erskine Island,-23.4993,151.7749,-0.1361484251800034,1,,shallow_preferred,0.5569682108903451,Erskine Island,leave_site_out,200.0
2024,Erskine Island,-23.4993,151.7749,-0.1237739004500273,1,,shallow_preferred,0.5569682108903451,Erskine Island,leave_site_out,200.0
2016,Farquharson Reef,-17.79,146.5315,2.174716284413961,1,,shallow_preferred,0.8413104768011048,Farquharson Reef,leave_site_out,200.0
2017,Farquharson Reef,-17.79,146.5315,1.465914024900595,1,,shallow_preferred,0.8413104768011048,Farquharson Reef,leave_site_out,200.0
2020,Farquharson Reef,-17.79,146.5315,1.6638072792425138,1,,shallow_preferred,0.8413104768011048,Farquharson Reef,leave_site_out,200.0
2022,Farquharson Reef,-17.79,146.5315,4.046969595776141,1,,shallow_preferred,0.8413104768011048,Farquharson Reef,leave_site_out,200.0
2024,Farquharson Reef,-17.79,146.5315,-0.4620728254939896,1,,shallow_preferred,0.8413104768011048,Farquharson Reef,leave_site_out,200.0
2016,Feather Reef,-17.51845,146.3896,-0.4887138188329878,2,1.1,shallow_preferred,0.6371156251648995,Feather Reef,leave_site_out,200.0
2017,Feather Reef,-17.519,146.3887,0.6378752502221996,1,,shallow_preferred,0.6372280081768423,Feather Reef,leave_site_out,200.0
2020,Feather Reef,-17.519,146.3887,1.2824785990351666,1,,shallow_preferred,0.6372280081768423,Feather Reef,leave_site_out,200.0
2022,Feather Reef,-17.519,146.3887,0.6317105884816945,1,,shallow_preferred,0.6372280081768423,Feather Reef,leave_site_out,200.0
2024,Feather Reef,-17.519,146.3887,-0.1261575783816608,1,,shallow_preferred,0.6372280081768423,Feather Reef,leave_site_out,200.0
2017,Fitzroy Island,-16.9233,145.9963,2.110728215512085,1,7.6,shallow_preferred,0.5770996117427399,Fitzroy Island,leave_site_out,200.0
2020,Fitzroy Island,-16.9233,145.9963,3.912260745858256,1,,shallow_preferred,0.5770996117427399,Fitzroy Island,leave_site_out,200.0
2022,Fitzroy Island,-16.9233,145.9963,2.65282077204235,1,,shallow_preferred,0.5770996117427399,Fitzroy Island,leave_site_out,200.0
2024,Fitzroy Island,-16.9233,145.9963,2.4398755607444453,1,,shallow_preferred,0.5770996117427399,Fitzroy Island,leave_site_out,200.0
2020,Flinders Reef,-17.71485,148.44805,-0.7344176355788066,2,,shallow_preferred,-1.3836031981171475,Flinders Reef,leave_site_out,200.0
2016,Frankland Islands,-17.227,146.0904,-0.6161032549995185,1,,shallow_preferred,0.6942414295834364,Frankland Islands,leave_site_out,200.0
2017,Frankland Islands,-17.227,146.0904,1.5541734846759017,1,,shallow_preferred,0.6942414295834364,Frankland Islands,leave_site_out,200.0
2020,Frankland Islands,-17.227,146.0904,1.7410113732625885,1,,shallow_preferred,0.6942414295834364,Frankland Islands,leave_site_out,200.0
2022,Frankland Islands,-17.227,146.0904,-2.82,1,,shallow_preferred,0.6942414295834364,Frankland Islands,leave_site_out,200.0
2024,Frankland Islands,-17.227,146.0904,-4.0774689296026985,1,,shallow_preferred,0.6942414295834364,Frankland Islands,leave_site_out,200.0
2016,Gannet Cay Reef,-21.9784,152.4742,-0.35,1,,shallow_preferred,-0.32321810029012,Gannet Cay Reef,leave_site_out,200.0
2017,Gannet Cay Reef,-21.9784,152.4742,-0.1627587981511653,1,,shallow_preferred,-0.32321810029012,Gannet Cay Reef,leave_site_out,200.0
2020,Gannet Cay Reef,-21.9758,152.4797,-0.4839372673882147,1,,all_available,-0.323559250816221,Gannet Cay Reef,leave_site_out,200.0
2022,Gannet Cay Reef,-21.9784,152.4742,-0.1507100538374921,1,,shallow_preferred,-0.32321810029012,Gannet Cay Reef,leave_site_out,200.0
2024,Gannet Cay Reef,-21.9784,152.4742,-1.6855877548702187,1,,shallow_preferred,-0.32321810029012,Gannet Cay Reef,leave_site_out,200.0
2016,Geoffrey Bay,-19.1549,146.8685,13.548800298159325,1,,all_available,-0.31012302434464095,Geoffrey Bay,leave_site_out,200.0
2017,Geoffrey Bay,-19.1548,146.8685,5.926048371480657,1,,shallow_preferred,-0.31012357665205076,Geoffrey Bay,leave_site_out,200.0
2020,Geoffrey Bay,-19.1548,146.8685,5.872039081989005,1,,shallow_preferred,-0.31012357665205076,Geoffrey Bay,leave_site_out,200.0
2022,Geoffrey Bay,-19.1548,146.8685,5.061730904646273,1,,shallow_preferred,-0.31012357665205076,Geoffrey Bay,leave_site_out,200.0
2024,Geoffrey Bay,-19.1548,146.8685,3.1578664283643807,1,,shallow_preferred,-0.31012357665205076,Geoffrey Bay,leave_site_out,200.0
2016,"Green Island, Qld",-16.7755,145.9803,-0.3151215766624777,1,,all_available,0.7664430976225173,"Green Island, Qld",leave_site_out,200.0
2017,"Green Island, Qld",-16.7583,145.97,2.340191435615312,1,,shallow_preferred,0.7671412535233195,"Green Island, Qld",leave_site_out,200.0
2020,"Green Island, Qld",-16.7583,145.97,4.1304421271126,1,,shallow_preferred,0.7671412535233195,"Green Island, Qld",leave_site_out,200.0
2022,"Green Island, Qld",-16.7755,145.9803,-0.4121544361777092,1,,all_available,0.7664430976225173,"Green Island, Qld",leave_site_out,200.0
2020,Grub Reef,-18.6214,147.433,-1.9438025416596412,1,,shallow_preferred,-1.4146260537839095,Grub Reef,leave_site_out,200.0
2016,Hastings Reef,-16.5013,146.017,2.161549404886196,1,,shallow_preferred,0.9979925815971932,Hastings Reef,leave_site_out,200.0
2017,Hastings Reef,-16.5013,146.017,0.4853243896715344,1,,shallow_preferred,0.9979925815971932,Hastings Reef,leave_site_out,200.0
2020,Hastings Reef,-16.5013,146.017,-0.6945687193633798,1,,shallow_preferred,0.9979925815971932,Hastings Reef,leave_site_out,200.0
2016,Havannah Island,-18.8472,146.5428,1.2404488095497328,1,,shallow_preferred,0.7202377928948722,Havannah Island,leave_site_out,200.0
2017,Havannah Island,-18.8472,146.5428,0.0869171131405899,1,,shallow_preferred,0.7202377928948722,Havannah Island,leave_site_out,200.0
2020,Havannah Island,-18.8472,146.5428,1.5996019487396875,1,,shallow_preferred,0.7202377928948722,Havannah Island,leave_site_out,200.0
2022,Havannah Island,-18.8472,146.5428,-7.62,1,,shallow_preferred,0.7202377928948722,Havannah Island,leave_site_out,200.0
2024,Havannah Island,-18.8472,146.5428,-2.0044825113156497,1,,shallow_preferred,0.7202377928948722,Havannah Island,leave_site_out,200.0
2016,Hayman Island,-20.0413,148.8819,-0.4657770304710102,1,,shallow_preferred,0.2624497388737664,Hayman Island,leave_site_out,200.0
2017,Hayman Island,-20.0413,148.8819,0.1848600545097944,1,,shallow_preferred,0.2624497388737664,Hayman Island,leave_site_out,200.0
2020,Hayman Island,-20.0572,148.8997,-1.086136790930217,1,,all_available,0.2619490327977232,Hayman Island,leave_site_out,200.0
2022,Hayman Island,-20.0415,148.8819,0.494145963859558,1,,shallow_preferred,0.262452985168097,Hayman Island,leave_site_out,200.0
2024,Hayman Island,-20.0572,148.8997,-1.6394145048062023,1,,all_available,0.2619490327977232,Hayman Island,leave_site_out,200.0
2016,Hedley Reef,-17.2235,146.4754,0.2598472693507516,1,,shallow_preferred,0.41094300592232136,Hedley Reef,leave_site_out,200.0
2017,Hedley Reef,-17.2235,146.4754,1.5130401055442544,1,,shallow_preferred,0.41094300592232136,Hedley Reef,leave_site_out,200.0
2020,Hedley Reef,-17.2235,146.4754,2.2332465574489904,1,,shallow_preferred,0.41094300592232136,Hedley Reef,leave_site_out,200.0
2022,Hedley Reef,-17.2235,146.4754,-1.657937384793584,1,,shallow_preferred,0.41094300592232136,Hedley Reef,leave_site_out,200.0
2016,Helix Reef,-18.6201,147.2976,-0.3794971308614112,1,,all_available,-1.5673954042383202,Helix Reef,leave_site_out,200.0
2017,Helix Reef,-18.6203,147.2958,-1.0224455431706163,1,,shallow_preferred,-1.5671020879001536,Helix Reef,leave_site_out,200.0
2020,Helix Reef,-18.6203,147.2958,-0.0315414839450269,1,,shallow_preferred,-1.5671020879001536,Helix Reef,leave_site_out,200.0
2022,Helix Reef,-18.6203,147.2958,-1.1398314146952075,1,,shallow_preferred,-1.5671020879001536,Helix Reef,leave_site_out,200.0
2024,Helix Reef,-18.6203,147.2958,-2.0171620859266275,1,,shallow_preferred,-1.5671020879001536,Helix Reef,leave_site_out,200.0
2020,Henderson Island,-21.4856,149.9091,1.195587940616754,1,,all_available,-0.6064466147926306,Henderson Island,leave_site_out,200.0
2022,Henderson Island,-21.4854,149.9096,-0.0543985601681202,1,,shallow_preferred,-0.6066093510103558,Henderson Island,leave_site_out,200.0
2024,Henderson Island,-21.4854,149.9096,1.126334270875045,1,,shallow_preferred,-0.6066093510103558,Henderson Island,leave_site_out,200.0
2017,Heron Island,-23.4384,151.9182,1.4967732072370152,1,,shallow_preferred,-0.028767230863877825,Heron Island,leave_site_out,200.0
2020,Heron Island,-23.4384,151.9182,-0.1325011480103937,1,,shallow_preferred,-0.028767230863877825,Heron Island,leave_site_out,200.0
2022,Heron Island,-23.4384,151.9182,2.1808009517332927,1,,shallow_preferred,-0.028767230863877825,Heron Island,leave_site_out,200.0
2024,Heron Island,-23.4384,151.9182,-0.181553811969767,1,,shallow_preferred,-0.028767230863877825,Heron Island,leave_site_out,200.0
2016,High Island,-17.1622,146.007,-0.051167761052802,1,,shallow_preferred,0.6763981804608376,High Island,leave_site_out,200.0
2017,High Island,-17.1622,146.007,0.670128926553808,1,,shallow_preferred,0.6763981804608376,High Island,leave_site_out,200.0
2020,High Island,-17.1622,146.007,-4.069798420007173,1,,shallow_preferred,0.6763981804608376,High Island,leave_site_out,200.0
2022,High Island,-17.1622,146.007,-2.77,1,,shallow_preferred,0.6763981804608376,High Island,leave_site_out,200.0
2024,High Island,-17.1622,146.007,1.535772150210808,1,,shallow_preferred,0.6763981804608376,High Island,leave_site_out,200.0
2017,Holbourne Island East,-19.7333,148.3644,-3.374739542342464,1,,all_available,0.256547112651052,Holbourne Island East,leave_site_out,200.0
2020,Hook Island,-20.1681,148.8871,-3.7770271771735215,1,,shallow_preferred,0.5409803742870565,Hook Island,leave_site_out,200.0
2022,Hook Island,-20.1681,148.8871,0.2107336087404583,1,,shallow_preferred,0.5409803742870565,Hook Island,leave_site_out,200.0
2024,Hook Island,-20.1681,148.8871,-3.042549039341085,1,,all_available,0.5409803742870565,Hook Island,leave_site_out,200.0
2016,Horseshoe Reef,-22.0227,152.6166,-0.53,1,,shallow_preferred,-0.3451492260011592,Horseshoe Reef,leave_site_out,200.0
2017,Horseshoe Reef,-22.0227,152.6166,-0.2975069033353643,1,,shallow_preferred,-0.3451492260011592,Horseshoe Reef,leave_site_out,200.0
2020,Horseshoe Reef,-22.0227,152.6166,0.5820267758588589,1,,shallow_preferred,-0.3451492260011592,Horseshoe Reef,leave_site_out,200.0
2022,Horseshoe Reef,-22.0229,152.6192,0.0112034489833148,1,,all_available,-0.3452186842539587,Horseshoe Reef,leave_site_out,200.0
2024,Horseshoe Reef,-22.0227,152.6166,-0.1809719599408747,1,,shallow_preferred,-0.3451492260011592,Horseshoe Reef,leave_site_out,200.0
2016,Humpy Island,-23.2162,150.9638,-0.0253816807258292,1,,shallow_preferred,1.2175551110228793,Humpy Island,leave_site_out,200.0
2017,Humpy Island,-23.2162,150.9638,1.8548445110707927,1,,shallow_preferred,1.2175551110228793,Humpy Island,leave_site_out,200.0
2020,Humpy Island,-23.2162,150.9638,-0.1949930341297481,1,,shallow_preferred,1.2175551110228793,Humpy Island,leave_site_out,200.0
2022,Humpy Island,-23.2162,150.9638,0.279434735430043,1,,shallow_preferred,1.2175551110228793,Humpy Island,leave_site_out,200.0
2024,Humpy Island,-23.2162,150.9638,0.6080076396220804,1,,shallow_preferred,1.2175551110228793,Humpy Island,leave_site_out,200.0
2016,Hyde Reef,-19.7457,150.0822,-3.13,1,,shallow_preferred,-1.4704444697686896,Hyde Reef,leave_site_out,200.0
2017,Hyde Reef,-19.7457,150.0822,-0.8,1,,shallow_preferred,-1.4704444697686896,Hyde Reef,leave_site_out,200.0
2016,John Brewer,-18.6189,147.0813,-0.3312680887880521,2,4.0,shallow_preferred,-1.3591276290378558,John Brewer,leave_site_out,200.0
2017,John Brewer,-18.6189,147.0813,-0.19977371658930343,2,4.0,shallow_preferred,-1.3591276290378558,John Brewer,leave_site_out,200.0
2020,John Brewer,-18.619,147.0811,0.1904078716576975,1,,shallow_preferred,-1.359108837970325,John Brewer,leave_site_out,200.0
2022,John Brewer,-18.619,147.0811,0.4930263576224289,1,,shallow_preferred,-1.359108837970325,John Brewer,leave_site_out,200.0
2024,John Brewer,-18.619,147.0811,-2.873303413257616,1,,shallow_preferred,-1.359108837970325,John Brewer,leave_site_out,200.0
2020,Kelso Reef,-18.4448,146.9933,-2.390825026230913,1,,shallow_preferred,-1.153394475183361,Kelso Reef,leave_site_out,200.0
2022,Kelso Reef,-18.4448,146.9933,-1.0781514652946915,1,,shallow_preferred,-1.153394475183361,Kelso Reef,leave_site_out,200.0
2024,Kelso Reef,-18.4448,146.9933,-3.000988014471895,1,,shallow_preferred,-1.153394475183361,Kelso Reef,leave_site_out,200.0
2016,Knife Reef,-18.5711,147.5772,-0.9066023963914605,1,,all_available,-1.1970555494202753,Knife Reef,leave_site_out,200.0
2017,Knife Reef,-18.5711,147.5772,-4.635100374605694,1,,all_available,-1.1970555494202753,Knife Reef,leave_site_out,200.0
2020,Knife Reef,-18.572,147.5759,-0.8337973625298156,1,,shallow_preferred,-1.1969124875337005,Knife Reef,leave_site_out,200.0
2022,Knife Reef,-18.5711,147.5772,-3.2651574439186666,1,,all_available,-1.1970555494202753,Knife Reef,leave_site_out,200.0
2024,Knife Reef,-18.5711,147.5772,-4.760525391713829,1,,all_available,-1.1970555494202753,Knife Reef,leave_site_out,200.0
2017,Kubin Island,-10.2388,142.2176,-0.1928151333613488,1,,all_available,0.14425493033619566,Kubin Island,leave_site_out,200.0
2017,Lady Elliot Reef,-18.6798,146.3325,5.367763141106728,1,,shallow_preferred,-0.4925712767212128,Lady Elliot Reef,leave_site_out,200.0
2020,Lady Elliot Reef,-18.6798,146.3325,7.410464728408286,1,,shallow_preferred,-0.4925712767212128,Lady Elliot Reef,leave_site_out,200.0
2022,Lady Elliot Reef,-18.6798,146.3325,3.8833344612980607,1,,shallow_preferred,-0.4925712767212128,Lady Elliot Reef,leave_site_out,200.0
2024,Lady Elliot Reef,-18.6798,146.3325,2.6642012664764696,1,,shallow_preferred,-0.4925712767212128,Lady Elliot Reef,leave_site_out,200.0
2016,Lady Musgrave,-23.8884,152.422,-0.611715588038071,1,,shallow_preferred,-0.011808784434459317,Lady Musgrave,leave_site_out,200.0
2017,Lady Musgrave,-23.8884,152.422,-1.75598395577755,1,,shallow_preferred,-0.011808784434459317,Lady Musgrave,leave_site_out,200.0
2020,Lady Musgrave,-23.8884,152.422,-2.2420646583098907,1,,shallow_preferred,-0.011808784434459317,Lady Musgrave,leave_site_out,200.0
2022,Lady Musgrave,-23.8896,152.42,-0.47,1,,shallow_preferred,-0.011540091926385831,Lady Musgrave,leave_site_out,200.0
2024,Lady Musgrave,-23.8896,152.42,-1.9318759413607989,1,,shallow_preferred,-0.011540091926385831,Lady Musgrave,leave_site_out,200.0
2020,Lagoon Reef,-12.3923,143.74,-1.526612835689486,1,,shallow_preferred,-0.48092907453125466,Lagoon Reef,leave_site_out,200.0
2022,Lagoon Reef,-12.3923,143.74,-4.43344753368639,1,,shallow_preferred,-0.48092907453125466,Lagoon Reef,leave_site_out,200.0
2024,Lagoon Reef,-12.3926,143.7398,-3.979975825951212,1,,all_available,-0.4809615885276087,Lagoon Reef,leave_site_out,200.0
2016,Langford Island,-20.0877,148.8848,-1.231077688911029,1,,shallow_preferred,0.31948657798757657,Langford Island,leave_site_out,200.0
2017,Langford Island,-20.0877,148.8848,-1.0806375377260815,1,,shallow_preferred,0.31948657798757657,Langford Island,leave_site_out,200.0
2016,Linnet Reef,-14.7811,145.3474,7.626145269299075,1,,shallow_preferred,-0.832274573826602,Linnet Reef,leave_site_out,200.0
2017,Linnet Reef,-14.7852,145.3554,3.206928576833631,1,,all_available,-0.8313444056046484,Linnet Reef,leave_site_out,200.0
2016,Lizard Island,-14.694067,145.45705,-0.683264140547168,1,0.6,shallow_preferred,-0.46447874643430875,Lizard Island,leave_site_out,200.0
2017,Lizard Island,-14.6884,145.4422,3.4645279972952707,1,,shallow_preferred,-0.46011615289429353,Lizard Island,leave_site_out,200.0
2020,Lizard Island,-14.68796,145.45285,0.4795624356526891,2,0.6,shallow_preferred,-0.4667840711461351,Lizard Island,leave_site_out,200.0
2022,Lizard Island,-14.68995,145.45430850000002,0.01200421625706849,2,5.0,shallow_preferred,-0.4660823245916469,Lizard Island,leave_site_out,200.0
2024,Lizard Island,-14.68995,145.45430850000002,0.9437563272144394,2,5.0,shallow_preferred,-0.4660823245916469,Lizard Island,leave_site_out,200.0
2016,Low Isles,-16.3831,145.5619,3.328373418627904,1,,shallow_preferred,0.8504294831989191,Low Isles,leave_site_out,200.0
2017,Low Isles,-16.3831,145.5619,2.0405781380827364,1,,shallow_preferred,0.8504294831989191,Low Isles,leave_site_out,200.0
2020,Low Isles,-16.3831,145.5619,1.407814282110004,1,,shallow_preferred,0.8504294831989191,Low Isles,leave_site_out,200.0
2022,Low Isles,-16.3831,145.5619,2.007534551996275,1,,shallow_preferred,0.8504294831989191,Low Isles,leave_site_out,200.0
2024,Low Isles,-16.3831,145.5619,3.234717160448197,1,,shallow_preferred,0.8504294831989191,Low Isles,leave_site_out,200.0
2017,Macgillivray,-14.6485,145.4915,-0.9683515096486346,1,,all_available,-0.23225047948811275,Macgillivray,leave_site_out,200.0
2020,Macgillivray,-14.6485,145.4915,-4.299430568059551,1,,all_available,-0.23225047948811275,Macgillivray,leave_site_out,200.0
2022,Macgillivray,-14.6485,145.4915,-3.113379619347248,1,,all_available,-0.23225047948811275,Macgillivray,leave_site_out,200.0
2024,Macgillivray,-14.6485,145.4915,0.3334817723541992,1,,all_available,-0.23225047948811275,Macgillivray,leave_site_out,200.0
2016,Mackay Reef,-16.0399,145.6506,3.142228224810014,1,,shallow_preferred,0.6195456728241787,Mackay Reef,leave_site_out,200.0
2017,Mackay Reef,-16.0399,145.6506,2.2522848881274307,1,,shallow_preferred,0.6195456728241787,Mackay Reef,leave_site_out,200.0
2020,Mackay Reef,-16.0399,145.6506,2.2648477201922943,1,,shallow_preferred,0.6195456728241787,Mackay Reef,leave_site_out,200.0
2022,Mackay Reef,-16.0399,145.6506,0.9261292605345348,1,,shallow_preferred,0.6195456728241787,Mackay Reef,leave_site_out,200.0
2024,Mackay Reef,-16.0399,145.6506,2.986583602448798,1,,shallow_preferred,0.6195456728241787,Mackay Reef,leave_site_out,200.0
2017,Manning Island,-23.854,151.3533,3.6855037764959153,1,2.0,shallow_preferred,1.226170805814942,Manning Island,leave_site_out,200.0
2020,Manning Island,-23.854,151.3533,2.9522047055525817,1,,shallow_preferred,1.226170805814942,Manning Island,leave_site_out,200.0
2022,Manning Island,-23.854,151.3533,5.309158172425871,1,,shallow_preferred,1.226170805814942,Manning Island,leave_site_out,200.0
2024,Manning Island,-23.854,151.3533,0.8688011005989598,1,,shallow_preferred,1.226170805814942,Manning Island,leave_site_out,200.0
2016,Martin,-14.7553,145.3722,3.718709690722728,1,,all_available,-0.6733449831154316,Martin,leave_site_out,200.0
2017,Martin,-14.7553,145.3722,2.925004485266232,1,,all_available,-0.6733449831154316,Martin,leave_site_out,200.0
2020,Martin,-14.7553,145.3722,1.2220278261895885,1,,all_available,-0.6733449831154316,Martin,leave_site_out,200.0
2022,Martin,-14.7553,145.3722,1.9154301837787944,1,,all_available,-0.6733449831154316,Martin,leave_site_out,200.0
2024,Martin,-14.7553,145.3722,3.8351490990065393,1,,all_available,-0.6733449831154316,Martin,leave_site_out,200.0
2016,Mast Head Reef,-23.5341,151.7497,0.0,1,,all_available,0.8821777307613339,Mast Head Reef,leave_site_out,200.0
2017,Mast Head Reef,-23.5341,151.7497,0.2643198653873018,1,,all_available,0.8821777307613339,Mast Head Reef,leave_site_out,200.0
2020,Mast Head Reef,-23.5341,151.7497,1.3050274284054115,1,,all_available,0.8821777307613339,Mast Head Reef,leave_site_out,200.0
2022,Mast Head Reef,-23.5341,151.7497,0.3320649799632625,1,,all_available,0.8821777307613339,Mast Head Reef,leave_site_out,200.0
2024,Mast Head Reef,-23.5341,151.7497,0.0469545366380899,1,,all_available,0.8821777307613339,Mast Head Reef,leave_site_out,200.0
2016,McCulloch Reef,-17.2834,146.4777,-0.1369223508137507,1,,shallow_preferred,0.39558318939238757,McCulloch Reef,leave_site_out,200.0
2017,McCulloch Reef,-17.2834,146.4777,1.6562348400435951,1,,shallow_preferred,0.39558318939238757,McCulloch Reef,leave_site_out,200.0
2020,McCulloch Reef,-17.2834,146.4777,2.116830558170516,1,,shallow_preferred,0.39558318939238757,McCulloch Reef,leave_site_out,200.0
2022,McCulloch Reef,-17.2834,146.4777,1.0634930497346478,1,,shallow_preferred,0.39558318939238757,McCulloch Reef,leave_site_out,200.0
2016,Michaelmas Reef,-16.5528,146.0454,2.5921159963802545,1,,shallow_preferred,0.7766861764258545,Michaelmas Reef,leave_site_out,200.0
2017,Michaelmas Reef,-16.5528,146.0454,2.5909335644133407,1,,shallow_preferred,0.7766861764258545,Michaelmas Reef,leave_site_out,200.0
2020,Michaelmas Reef,-16.5528,146.0454,1.1469479944542602,1,,shallow_preferred,0.7766861764258545,Michaelmas Reef,leave_site_out,200.0
2016,Moore Reef,-16.8519,146.2336,1.393790788382177,1,,shallow_preferred,0.7229024142956064,Moore Reef,leave_site_out,200.0
2017,Moore Reef,-16.8519,146.2336,-0.1839636080845217,1,,shallow_preferred,0.7229024142956064,Moore Reef,leave_site_out,200.0
2020,Moore Reef,-16.8519,146.2336,1.5139498544599743,1,,shallow_preferred,0.7229024142956064,Moore Reef,leave_site_out,200.0
2020,Moore Reef-Coral Sea,-15.8866,149.1516,-4.987052573988572,1,,shallow_preferred,-1.177143010103444,Moore Reef-Coral Sea,leave_site_out,200.0
2020,Myrmidon Reef,-18.2585,147.3814,-0.6244883420862655,1,,shallow_preferred,-1.5580283316833397,Myrmidon Reef,leave_site_out,200.0
2022,Myrmidon Reef,-18.25695,147.38115,-2.106265781265818,2,,all_available,-1.5579627858157408,Myrmidon Reef,leave_site_out,200.0
2024,Myrmidon Reef,-18.2585,147.3814,-1.772714135542496,1,,shallow_preferred,-1.5580283316833397,Myrmidon Reef,leave_site_out,200.0
2017,No Name,-14.6279,145.6453,-6.923401607784927,1,,all_available,-0.12516791451694534,No Name,leave_site_out,200.0
2020,No Name,-14.6308,145.6418,-4.310231988865706,1,,shallow_preferred,-0.12306856681443094,No Name,leave_site_out,200.0
2022,No Name,-14.6308,145.6418,-1.705695853816663,1,,shallow_preferred,-0.12306856681443094,No Name,leave_site_out,200.0
2024,No Name,-14.6308,145.6418,-3.1206719496112054,1,,shallow_preferred,-0.12306856681443094,No Name,leave_site_out,200.0
2017,North Direction Island,-14.7435,145.5136,1.654546928877684,1,,shallow_preferred,-0.5459314377035943,North Direction Island,leave_site_out,200.0
2020,North Direction Island,-14.7435,145.5136,-6.57,1,,shallow_preferred,-0.5459314377035943,North Direction Island,leave_site_out,200.0
2022,North Direction Island,-14.7435,145.5136,0.7454363748168298,1,,shallow_preferred,-0.5459314377035943,North Direction Island,leave_site_out,200.0
2024,North Direction Island,-14.7435,145.5136,5.383649436141575,1,,shallow_preferred,-0.5459314377035943,North Direction Island,leave_site_out,200.0
2016,North Keppel Island,-23.0864,150.9052,0.4119327808008783,1,,shallow_preferred,1.1766514718987835,North Keppel Island,leave_site_out,200.0
2017,North Keppel Island,-23.0864,150.9052,1.558054564812532,1,,shallow_preferred,1.1766514718987835,North Keppel Island,leave_site_out,200.0
2020,North Keppel Island,-23.0864,150.9052,-0.0437870365482258,1,,shallow_preferred,1.1766514718987835,North Keppel Island,leave_site_out,200.0
2022,North Keppel Island,-23.0864,150.9052,-0.7961308644747469,1,,shallow_preferred,1.1766514718987835,North Keppel Island,leave_site_out,200.0
2024,North Keppel Island,-23.0864,150.9052,1.0622295146220626,1,,shallow_preferred,1.1766514718987835,North Keppel Island,leave_site_out,200.0
2016,North Reef,-23.1775,151.9041,0.0,1,5.5,shallow_preferred,0.21812242347914867,North Reef,leave_site_out,200.0
2017,North Reef,-23.1775,151.9041,-1.6125873014673375,1,5.5,shallow_preferred,0.21812242347914867,North Reef,leave_site_out,200.0
2020,North Reef,-23.1755,151.9086,0.0,1,,all_available,0.21736774901363926,North Reef,leave_site_out,200.0
2017,Northeast Reef,-18.5718,146.4947,1.081957224109642,1,2.0,shallow_preferred,-0.06568094002653345,Northeast Reef,leave_site_out,200.0
2020,Northeast Reef,-18.5718,146.4947,-2.2315763578432497,1,,shallow_preferred,-0.06568094002653345,Northeast Reef,leave_site_out,200.0
2022,Northeast Reef,-18.5718,146.4947,0.1769185098647074,1,,shallow_preferred,-0.06568094002653345,Northeast Reef,leave_site_out,200.0
2024,Northeast Reef,-18.5718,146.4947,0.4083809324888072,1,,shallow_preferred,-0.06568094002653345,Northeast Reef,leave_site_out,200.0
2020,Nth Barnards (Jesse Is),-17.6722,146.1742,5.556803929865103,1,,shallow_preferred,0.75765717177458,Nth Barnards (Jesse Is),leave_site_out,200.0
2022,Nth Barnards (Jesse Is),-17.6717,146.1747,1.273264460917427,1,,all_available,0.7575107700576347,Nth Barnards (Jesse Is),leave_site_out,200.0
2024,Nth Barnards (Jesse Is),-17.6717,146.1747,-2.745176977858989,1,,all_available,0.7575107700576347,Nth Barnards (Jesse Is),leave_site_out,200.0
2016,One Tree Island,-23.4833,152.0739,0.0746192843859103,2,,all_available,0.02811828878833255,One Tree Island,leave_site_out,200.0
2017,One Tree Island,-23.4833,152.0739,-2.369160070150796,3,,all_available,0.02811828878833255,One Tree Island,leave_site_out,200.0
2020,One Tree Island,-23.4833,152.0739,-3.1230587818809963,3,,all_available,0.02811828878833255,One Tree Island,leave_site_out,200.0
2022,One Tree Island,-23.4833,152.0739,-0.32,4,,all_available,0.02811828878833255,One Tree Island,leave_site_out,200.0
2024,One Tree Island,-23.4833,152.0739,-1.8831180838731818,4,,all_available,0.02811828878833255,One Tree Island,leave_site_out,200.0
2016,Opal Reef,-16.2034,145.9065,-0.870952350315747,1,,all_available,0.9011250161648479,Opal Reef,leave_site_out,200.0
2017,Opal Reef,-16.2042,145.9005,4.085801976706115,1,,shallow_preferred,0.9028337211347078,Opal Reef,leave_site_out,200.0
2020,Opal Reef,-16.2042,145.9005,-0.7276474892046885,1,,shallow_preferred,0.9028337211347078,Opal Reef,leave_site_out,200.0
2016,Orpheus Island,-18.601750000000003,146.48829999999998,0.14085842937082727,2,,all_available,-0.05815739756281547,Orpheus Island,leave_site_out,200.0
2017,Orpheus Island,-18.601750000000003,146.48829999999998,0.5985243157258839,2,,all_available,-0.05815739756281547,Orpheus Island,leave_site_out,200.0
2016,Pandora Reef,-18.8164,146.4341,-1.230475505080305,1,,shallow_preferred,0.8628159120065544,Pandora Reef,leave_site_out,200.0
2017,Pandora Reef,-18.8164,146.4341,0.4563194908363481,1,,shallow_preferred,0.8628159120065544,Pandora Reef,leave_site_out,200.0
2020,Pandora Reef,-18.8164,146.4341,2.415483371564374,1,,shallow_preferred,0.8628159120065544,Pandora Reef,leave_site_out,200.0
2022,Pandora Reef,-18.8164,146.4341,-1.3308283189703358,1,,shallow_preferred,0.8628159120065544,Pandora Reef,leave_site_out,200.0
2024,Pandora Reef,-18.8164,146.4341,-1.2492841044856169,1,,shallow_preferred,0.8628159120065544,Pandora Reef,leave_site_out,200.0
2016,Peak Island,-23.3413,150.9369,0.7980236209381337,1,,shallow_preferred,1.128455779350652,Peak Island,leave_site_out,200.0
2017,Peak Island,-23.3413,150.9369,2.5338963002932164,1,,shallow_preferred,1.128455779350652,Peak Island,leave_site_out,200.0
2020,Peak Island,-23.3413,150.9369,2.0302291152499343,1,,shallow_preferred,1.128455779350652,Peak Island,leave_site_out,200.0
2022,Peak Island,-23.3413,150.9369,0.5855679313135402,1,,shallow_preferred,1.128455779350652,Peak Island,leave_site_out,200.0
2016,Peart Reef,-17.46705,146.40255,-0.7899533874370499,2,2.4,shallow_preferred,0.6144726882403715,Peart Reef,leave_site_out,200.0
2017,Peart Reef,-17.4676,146.402,0.2564586963575834,1,,shallow_preferred,0.6144724185185871,Peart Reef,leave_site_out,200.0
2020,Peart Reef,-17.4676,146.402,1.027260252243318,1,,shallow_preferred,0.6144724185185871,Peart Reef,leave_site_out,200.0
2022,Peart Reef,-17.4676,146.402,-0.8201420307894405,1,,shallow_preferred,0.6144724185185871,Peart Reef,leave_site_out,200.0
2024,Peart Reef,-17.4665,146.4031,-2.1103074542540026,1,,all_available,0.6144730047198204,Peart Reef,leave_site_out,200.0
2016,Pelican Island,-23.2397,150.8742,0.8965753957673843,1,,shallow_preferred,1.0078112392378304,Pelican Island,leave_site_out,200.0
2017,Pelican Island,-23.2397,150.8742,5.076861281952688,1,,shallow_preferred,1.0078112392378304,Pelican Island,leave_site_out,200.0
2020,Pelican Island,-23.2397,150.8742,2.036700049354229,1,,shallow_preferred,1.0078112392378304,Pelican Island,leave_site_out,200.0
2022,Pelican Island,-23.2397,150.8742,2.87801058962431,1,,shallow_preferred,1.0078112392378304,Pelican Island,leave_site_out,200.0
2024,Pelican Island,-23.2397,150.8742,1.3336012499129186,1,,shallow_preferred,1.0078112392378304,Pelican Island,leave_site_out,200.0
2016,Pelorus Island,-18.5406,146.4888,-0.4118532764787783,1,,shallow_preferred,0.09400914312968728,Pelorus Island,leave_site_out,200.0
2017,Pelorus Island,-18.5406,146.4888,0.2443588332417867,1,,shallow_preferred,0.09400914312968728,Pelorus Island,leave_site_out,200.0
2020,Pelorus Island,-18.5406,146.4888,-3.0800208505562527,1,,shallow_preferred,0.09400914312968728,Pelorus Island,leave_site_out,200.0
2022,Pelorus Island,-18.5406,146.4888,-1.0987203135328016,1,,shallow_preferred,0.09400914312968728,Pelorus Island,leave_site_out,200.0
2024,Pelorus Island,-18.5406,146.4888,-4.99468701852191,1,,shallow_preferred,0.09400914312968728,Pelorus Island,leave_site_out,200.0
2016,Penrith Reef,-21.0032,149.8875,-1.99,1,,all_available,-0.38888616262927794,Penrith Reef,leave_site_out,200.0
2017,Penrith Reef,-21.0032,149.8875,-3.2164805609812284,1,,all_available,-0.38888616262927794,Penrith Reef,leave_site_out,200.0
2020,Penrith Reef,-21.0036,149.8882,-1.0546015138842613,1,,shallow_preferred,-0.3890848828490873,Penrith Reef,leave_site_out,200.0
2022,Penrith Reef,-21.0036,149.8882,-1.4836345387472027,1,,shallow_preferred,-0.3890848828490873,Penrith Reef,leave_site_out,200.0
2024,Penrith Reef,-21.0036,149.8882,-8.25,1,,shallow_preferred,-0.3890848828490873,Penrith Reef,leave_site_out,200.0
2016,Pine Island,-20.378,148.8884,2.758559077194137,1,,shallow_preferred,0.34055737095889393,Pine Island,leave_site_out,200.0
2017,Pine Island,-20.378,148.8884,2.267680691159056,1,,shallow_preferred,0.34055737095889393,Pine Island,leave_site_out,200.0
2020,Pine Island,-20.378,148.8884,1.9326931379161556,1,,shallow_preferred,0.34055737095889393,Pine Island,leave_site_out,200.0
2022,Pine Island,-20.378,148.8884,1.614351045119581,1,,shallow_preferred,0.34055737095889393,Pine Island,leave_site_out,200.0
2024,Pine Island,-20.378,148.8884,2.039983382562866,1,,shallow_preferred,0.34055737095889393,Pine Island,leave_site_out,200.0
2020,Pine Peak Island,-21.5145,150.2515,0.6812159480858444,1,,shallow_preferred,-0.5676132980017824,Pine Peak Island,leave_site_out,200.0
2022,Pine Peak Island,-21.5145,150.2515,-0.6866243656929498,1,,shallow_preferred,-0.5676132980017824,Pine Peak Island,leave_site_out,200.0
2024,Pine Peak Island,-21.5145,150.2515,-0.7875008679016648,1,,shallow_preferred,-0.5676132980017824,Pine Peak Island,leave_site_out,200.0
2016,Pompey Reef (No 1),-20.9201,150.5582,-0.8300000000000001,1,,shallow_preferred,-0.8114848339749746,Pompey Reef (No 1),leave_site_out,200.0
2017,Pompey Reef (No 1),-20.9201,150.5582,-1.4256318177575098,1,,shallow_preferred,-0.8114848339749746,Pompey Reef (No 1),leave_site_out,200.0
2020,Pompey Reef (No 1),-20.9201,150.5582,-0.0615643802336514,1,,shallow_preferred,-0.8114848339749746,Pompey Reef (No 1),leave_site_out,200.0
2022,Pompey Reef (No 1),-20.9201,150.5582,-1.631415408490577,1,,shallow_preferred,-0.8114848339749746,Pompey Reef (No 1),leave_site_out,200.0
2017,Rat Island,-23.767,151.3185,5.937374202789373,1,,shallow_preferred,1.017714988697319,Rat Island,leave_site_out,200.0
2020,Rat Island,-23.767,151.3185,4.032971175530797,1,,shallow_preferred,1.017714988697319,Rat Island,leave_site_out,200.0
2022,Rat Island,-23.767,151.3185,6.114287463581379,1,,shallow_preferred,1.017714988697319,Rat Island,leave_site_out,200.0
2024,Rat Island,-23.767,151.3185,5.273399331924637,1,,shallow_preferred,1.017714988697319,Rat Island,leave_site_out,200.0
2016,Rebe Reef,-19.795,150.1499,-2.99,1,,shallow_preferred,-0.8945580394558577,Rebe Reef,leave_site_out,200.0
2017,Rebe Reef,-19.795,150.1499,-3.61,1,,shallow_preferred,-0.8945580394558577,Rebe Reef,leave_site_out,200.0
2020,Rebe Reef,-19.795,150.1499,-6.47,1,,shallow_preferred,-0.8945580394558577,Rebe Reef,leave_site_out,200.0
2022,Rebe Reef,-19.795,150.1499,-5.96,1,,shallow_preferred,-0.8945580394558577,Rebe Reef,leave_site_out,200.0
2024,Rebe Reef,-19.795,150.1499,-8.971298792288794,1,,shallow_preferred,-0.8945580394558577,Rebe Reef,leave_site_out,200.0
2017,Repulse,-20.5779,148.8625,-1.5644129148914745,1,,all_available,0.5029717751475241,Repulse,leave_site_out,200.0
2020,Repulse,-20.5779,148.8625,3.481321265505569,1,,all_available,0.5029717751475241,Repulse,leave_site_out,200.0
2016,Rib Reef,-18.473,146.8774,-0.1772024504667313,1,,shallow_preferred,-0.7284262839827843,Rib Reef,leave_site_out,200.0
2017,Rib Reef,-18.473,146.8774,-0.4027165745273926,1,9.4,shallow_preferred,-0.7284262839827843,Rib Reef,leave_site_out,200.0
2020,Rib Reef,-18.473,146.8774,0.4080477107976641,1,,shallow_preferred,-0.7284262839827843,Rib Reef,leave_site_out,200.0
2022,Rib Reef,-18.473,146.8774,-3.641424667151929,1,,shallow_preferred,-0.7284262839827843,Rib Reef,leave_site_out,200.0
2024,Rib Reef,-18.473,146.8774,-0.7957262887094778,1,,shallow_preferred,-0.7284262839827843,Rib Reef,leave_site_out,200.0
2020,Roxburgh Reef,-18.4321,147.0563,-3.331693297466966,1,,shallow_preferred,-1.3818601651622533,Roxburgh Reef,leave_site_out,200.0
2020,Sand Bank No7,-13.4363,143.9722,-6.03,1,,shallow_preferred,-0.4835666856143512,Sand Bank No7,leave_site_out,200.0
2022,Sand Bank No7,-13.4363,143.9722,-4.078812431810763,1,,shallow_preferred,-0.4835666856143512,Sand Bank No7,leave_site_out,200.0
2024,Sand Bank No7,-13.4363,143.9722,-6.256932822483051,1,,shallow_preferred,-0.4835666856143512,Sand Bank No7,leave_site_out,200.0
2016,Seaforth Island,-20.4685,149.0389,1.428689279780309,1,,shallow_preferred,0.41178925028798413,Seaforth Island,leave_site_out,200.0
2017,Seaforth Island,-20.4685,149.0389,1.416027765909833,1,,shallow_preferred,0.41178925028798413,Seaforth Island,leave_site_out,200.0
2020,Seaforth Island,-20.4685,149.0389,2.016782735515747,1,,shallow_preferred,0.41178925028798413,Seaforth Island,leave_site_out,200.0
2022,Seaforth Island,-20.4685,149.0389,1.3896108603220183,1,,shallow_preferred,0.41178925028798413,Seaforth Island,leave_site_out,200.0
2024,Seaforth Island,-20.4685,149.0389,1.0099774032713746,1,,all_available,0.41178925028798413,Seaforth Island,leave_site_out,200.0
2017,Seal Rocks North,-23.9583,151.4849,3.70408024696868,1,,shallow_preferred,0.8318628904420418,Seal Rocks North,leave_site_out,200.0
2020,Seal Rocks North,-23.9583,151.4849,2.838999863593152,1,,shallow_preferred,0.8318628904420418,Seal Rocks North,leave_site_out,200.0
2024,Seal Rocks North,-23.9583,151.4849,3.263794696516893,1,,shallow_preferred,0.8318628904420418,Seal Rocks North,leave_site_out,200.0
2016,Shute and Tancred Islands,-20.3009,148.7983,5.099828531280933,1,,shallow_preferred,0.14782454241583629,Shute and Tancred Islands,leave_site_out,200.0
2017,Shute and Tancred Islands,-20.3009,148.7983,1.4164816374178564,2,3.6,shallow_preferred,0.14782454241583629,Shute and Tancred Islands,leave_site_out,200.0
2020,Shute and Tancred Islands,-20.3009,148.7983,1.348653458250242,1,,shallow_preferred,0.14782454241583629,Shute and Tancred Islands,leave_site_out,200.0
2022,Shute and Tancred Islands,-20.3009,148.7983,1.2805066431930934,1,,shallow_preferred,0.14782454241583629,Shute and Tancred Islands,leave_site_out,200.0
2024,Shute and Tancred Islands,-20.3009,148.7983,1.6179930495016066,1,,shallow_preferred,0.14782454241583629,Shute and Tancred Islands,leave_site_out,200.0
2016,Small Lagoon Reef,-21.8678,152.5239,0.1231167317810061,1,,shallow_preferred,-0.427895850096175,Small Lagoon Reef,leave_site_out,200.0
2017,Small Lagoon Reef,-21.8678,152.5239,0.6451005694404068,1,,shallow_preferred,-0.427895850096175,Small Lagoon Reef,leave_site_out,200.0
2020,Small Lagoon Reef,-21.8678,152.5239,2.2234787121065374,1,,shallow_preferred,-0.427895850096175,Small Lagoon Reef,leave_site_out,200.0
2022,Small Lagoon Reef,-21.8678,152.5239,-0.49,1,,shallow_preferred,-0.427895850096175,Small Lagoon Reef,leave_site_out,200.0
2016,Snake Reef,-22.0232,152.1928,0.3360573961696979,1,,shallow_preferred,-0.2614481274933497,Snake Reef,leave_site_out,200.0
2017,Snake Reef,-22.0232,152.1928,-1.8438006949277133,1,,shallow_preferred,-0.2614481274933497,Snake Reef,leave_site_out,200.0
2020,Snake Reef,-22.0232,152.1928,-0.0755047190480606,1,,shallow_preferred,-0.2614481274933497,Snake Reef,leave_site_out,200.0
2022,Snake Reef,-22.0232,152.1928,0.2680475636644979,1,,shallow_preferred,-0.2614481274933497,Snake Reef,leave_site_out,200.0
2024,Snake Reef,-22.0232,152.1928,-1.1544690991552988,1,,shallow_preferred,-0.2614481274933497,Snake Reef,leave_site_out,200.0
2016,Snapper Island North,-16.2924,145.4969,5.2608957298267205,1,13.6,shallow_preferred,0.46984644583477636,Snapper Island North,leave_site_out,200.0
2017,Snapper Island North,-16.2924,145.4969,4.04035081925011,1,,shallow_preferred,0.46984644583477636,Snapper Island North,leave_site_out,200.0
2020,Snapper Island North,-16.2924,145.4969,5.115966535074563,1,,shallow_preferred,0.46984644583477636,Snapper Island North,leave_site_out,200.0
2022,Snapper Island North,-16.2924,145.4969,4.223499478603828,1,,shallow_preferred,0.46984644583477636,Snapper Island North,leave_site_out,200.0
2024,Snapper Island North,-16.2924,145.4969,7.4435563247489664,1,,shallow_preferred,0.46984644583477636,Snapper Island North,leave_site_out,200.0
2016,St Crispin Reef,-16.0733,145.8438,0.8079247213057474,1,,shallow_preferred,0.7781717885084891,St Crispin Reef,leave_site_out,200.0
2017,St Crispin Reef,-16.0733,145.8438,0.1684520194030891,1,,shallow_preferred,0.7781717885084891,St Crispin Reef,leave_site_out,200.0
2020,St Crispin Reef,-16.0733,145.8438,88.25537843400438,1,,shallow_preferred,0.7781717885084891,St Crispin Reef,leave_site_out,200.0
2022,St Crispin Reef,-16.0733,145.8438,-0.410183903401097,1,,shallow_preferred,0.7781717885084891,St Crispin Reef,leave_site_out,200.0
2024,St Crispin Reef,-16.0733,145.8438,-2.0280244486688037,1,,shallow_preferred,0.7781717885084891,St Crispin Reef,leave_site_out,200.0
2016,Taylor Reef,-17.8121,146.5703,2.0139693667363594,1,,shallow_preferred,0.9368830021160063,Taylor Reef,leave_site_out,200.0
2017,Taylor Reef,-17.8121,146.5703,0.914864962408548,1,,shallow_preferred,0.9368830021160063,Taylor Reef,leave_site_out,200.0
2020,Taylor Reef,-17.8121,146.5703,0.3831780430515588,1,,shallow_preferred,0.9368830021160063,Taylor Reef,leave_site_out,200.0
2022,Taylor Reef,-17.8121,146.5703,1.8551421834079156,1,,shallow_preferred,0.9368830021160063,Taylor Reef,leave_site_out,200.0
2024,Taylor Reef,-17.8121,146.5703,-0.1915376615305835,1,,shallow_preferred,0.9368830021160063,Taylor Reef,leave_site_out,200.0
2016,Tern Reef,-20.9023,150.0264,-1.95,1,,shallow_preferred,-0.42219579965317555,Tern Reef,leave_site_out,200.0
2017,Tern Reef,-20.9023,150.0264,-1.4831185058775374,1,,shallow_preferred,-0.42219579965317555,Tern Reef,leave_site_out,200.0
2020,Tern Reef,-20.9023,150.0264,-1.0741594610218153,1,,shallow_preferred,-0.42219579965317555,Tern Reef,leave_site_out,200.0
2022,Tern Reef,-20.9023,150.0264,-1.940902751155893,1,,shallow_preferred,-0.42219579965317555,Tern Reef,leave_site_out,200.0
2024,Tern Reef,-20.9023,150.0264,-3.845918940878663,1,,shallow_preferred,-0.42219579965317555,Tern Reef,leave_site_out,200.0
2016,Thetford Reef,-16.7995,146.1951,1.7851117645284935,1,,shallow_preferred,0.7330768622152666,Thetford Reef,leave_site_out,200.0
2017,Thetford Reef,-16.7995,146.1951,0.2855790394732214,1,,shallow_preferred,0.7330768622152666,Thetford Reef,leave_site_out,200.0
2020,Thetford Reef,-16.7995,146.1951,1.1996534608867409,1,,shallow_preferred,0.7330768622152666,Thetford Reef,leave_site_out,200.0
2022,Thetford Reef,-16.7995,146.1951,0.6869782559540729,1,,shallow_preferred,0.7330768622152666,Thetford Reef,leave_site_out,200.0
2024,Thetford Reef,-16.7995,146.1951,1.199482382797532,1,,shallow_preferred,0.7330768622152666,Thetford Reef,leave_site_out,200.0
2017,Tryon Island,-23.2457,151.7739,0.2693227123175901,1,,shallow_preferred,0.34197843288919055,Tryon Island,leave_site_out,200.0
2020,Tryon Island,-23.2457,151.7739,-3.263919477013788,1,,shallow_preferred,0.34197843288919055,Tryon Island,leave_site_out,200.0
2022,Tryon Island,-23.2457,151.7739,0.7394298817738182,1,,shallow_preferred,0.34197843288919055,Tryon Island,leave_site_out,200.0
2024,Tryon Island,-23.2457,151.7739,-1.813614176405533,1,,shallow_preferred,0.34197843288919055,Tryon Island,leave_site_out,200.0
2020,Tuesday,-10.5519,142.3265,2.989141947783424,1,,shallow_preferred,-0.12652422904026484,Tuesday,leave_site_out,200.0
2016,Turner Cay,-21.7031,152.5605,-0.16,1,,all_available,-0.3009773721672638,Turner Cay,leave_site_out,200.0
2017,Turner Cay,-21.7031,152.5605,-0.9409643198063032,1,,all_available,-0.3009773721672638,Turner Cay,leave_site_out,200.0
2020,Turner Cay,-21.7031,152.5605,-1.2722601282566712,1,,all_available,-0.3009773721672638,Turner Cay,leave_site_out,200.0
2022,Turner Cay,-21.7031,152.5605,-1.11,1,,all_available,-0.3009773721672638,Turner Cay,leave_site_out,200.0
2024,Turner Cay,-21.7031,152.5605,-2.5344971807506527,1,,all_available,-0.3009773721672638,Turner Cay,leave_site_out,200.0
2017,Twin Island,-10.4629,142.4358,0.144507896456286,1,,shallow_preferred,0.10950707365577705,Twin Island,leave_site_out,200.0
2020,Tydeman Cay,-13.9715,144.5017,-5.401408447634655,2,2.6,shallow_preferred,-0.5073896393667847,Tydeman Cay,leave_site_out,200.0
2022,Tydeman Cay,-13.9715,144.5017,-3.554377203886662,1,,shallow_preferred,-0.5073896393667847,Tydeman Cay,leave_site_out,200.0
2017,Warraber Island,-10.200800000000001,142.81900000000002,-0.5776570387070736,2,1.2,shallow_preferred,0.11092721928116375,Warraber Island,leave_site_out,200.0
2020,Warraber Island,-10.2007,142.8189,1.78781952851811,1,,all_available,0.1109437463658388,Warraber Island,leave_site_out,200.0
2022,Warraber Island,-10.2007,142.8189,-3.827378726930228,1,,all_available,0.1109437463658388,Warraber Island,leave_site_out,200.0
2017,Willis Island,-16.288,149.96345,-0.004634673557972757,2,,shallow_preferred,-1.6469871780953462,Willis Island,leave_site_out,200.0
2020,Willis Island,-16.28805,149.9634,-5.210242417599298,2,,shallow_preferred,-1.646985315391462,Willis Island,leave_site_out,200.0
2024,Willis Island,-16.2897,149.9649,-13.17,1,,shallow_preferred,-1.6462383788708295,Willis Island,leave_site_out,200.0
2016,Woiz Reef,-10.1741,143.226,9.436863183715728,1,,all_available,-0.09264113874994347,Woiz Reef,leave_site_out,200.0
2017,Woiz Reef,-10.1744,143.2264,-0.0823360794803385,1,,shallow_preferred,-0.09269455714340484,Woiz Reef,leave_site_out,200.0
2020,Woiz Reef,-10.1744,143.2264,1.1404435733747071,1,,shallow_preferred,-0.09269455714340484,Woiz Reef,leave_site_out,200.0
2022,Woiz Reef,-10.1744,143.2264,-0.5409761267719593,1,,shallow_preferred,-0.09269455714340484,Woiz Reef,leave_site_out,200.0
2016,Yonge Reef,-14.5731,145.6147,-1.8764307465645336,1,,shallow_preferred,-0.3584797993005232,Yonge Reef,leave_site_out,200.0
2017,Yonge Reef,-14.5731,145.6147,-1.6965574448576124,1,,shallow_preferred,-0.3584797993005232,Yonge Reef,leave_site_out,200.0
2020,Yonge Reef,-14.57695,145.61415,-4.376788490280496,2,,shallow_preferred,-0.3568385332955491,Yonge Reef,leave_site_out,200.0
2024,Yonge Reef,-14.5731,145.6147,-1.8594030718308463,1,,shallow_preferred,-0.3584797993005232,Yonge Reef,leave_site_out,200.0
