event_year,site,lat,lon,discrepancy,logger_series,median_depth_m,position_rule,persistent_prediction,event_residual,prediction,event_offset,local_event_update,event_update,nearest_current_logger_km,effective_current_loggers,scheme,fold,range_km
2016,19-131 Reef,-19.7641,149.3786,2.4881428483989625,1,,shallow_preferred,-0.7990505198481755,3.287193368247138,0.5202905444054309,0.1677746491904789,1.1515664150631275,1.3193410642536065,6.067198349540016,2.7852318459911607,within_event_leave_site_out,19-131 Reef,25.0
2016,19-138 Reef,-19.8024,149.4199,1.615120950831018,1,,shallow_preferred,-0.8026973594001423,2.4178183102311603,0.9869335587005678,0.1677746491904789,1.6218562689102312,1.78963091810071,6.067198349540016,2.946384006517593,within_event_leave_site_out,19-138 Reef,25.0
2016,19-159 Reef,-19.6661,149.9146,-3.01,1,,shallow_preferred,-1.5765769801313543,-1.4334230198686455,-1.5736192150491795,0.20510111350070148,-0.20214334841852657,0.002957765082174907,19.65108297418923,3.685760065187172,within_event_leave_site_out,19-159 Reef,25.0
2016,20-104 Reef,-20.0286,149.6933,1.2862792410082275,1,,shallow_preferred,-1.1331503590577365,2.419429600065964,-0.744482446458179,0.1677746491904789,0.22089326340907872,0.38866791259955763,38.07368864716964,5.3391284264133745,within_event_leave_site_out,20-104 Reef,25.0
2016,21-062 Reef,-21.028,150.8534,-0.47,1,,shallow_preferred,-0.9946364944651971,0.5246364944651971,-0.9023910796058242,0.1677746491904789,-0.07552923433110603,0.09224541485937288,32.91453672542603,1.8224046107772696,within_event_leave_site_out,21-062 Reef,25.0
2016,21-139 Reef,-21.4552,151.4654,-0.64,1,,shallow_preferred,-0.4765159319822216,-0.16348406801777843,-0.3037307817335992,0.20510111350070148,-0.03231596325207909,0.1727851502486224,18.982969178608094,1.0,within_event_leave_site_out,21-139 Reef,25.0
2016,21-187 Reef,-21.4072,151.6414,-0.31,1,,shallow_preferred,-0.4777746491904789,0.1677746491904789,-0.5917818520365252,0.20510111350070148,-0.31910831634674786,-0.11400720284604637,18.982969178608094,1.0,within_event_leave_site_out,21-187 Reef,25.0
2016,21-245 Reef,-21.298,152.4425,0.0,1,,shallow_preferred,-0.49890184889079553,0.49890184889079553,-0.14106239173659635,0.1677746491904789,0.19006480796372027,0.3578394571541992,23.268013681658886,2.4521687229587656,within_event_leave_site_out,21-245 Reef,25.0
2016,21-550 Reef,-21.9471,152.3069,0.0921533394028272,1,,shallow_preferred,-0.24017525933999867,0.3323285987428259,-0.029034377696630462,0.1677746491904789,0.0433662324528893,0.2111408816433682,14.491850269937311,5.949049820548048,within_event_leave_site_out,21-550 Reef,25.0
2016,21-591 Reef,-21.0266,150.3807,-1.14,1,,all_available,-0.9912377293789366,-0.1487622706210633,-1.146310409857593,0.20510111350070148,-0.3601737939793579,-0.1550726804786564,21.906281638612597,3.15623453994932,within_event_leave_site_out,21-591 Reef,25.0
2016,Agincourt Reef Number 1,-16.0398,145.8652,0.6706690019749448,1,,shallow_preferred,0.5469769642307805,0.12369203774416437,1.2865399419011183,0.20510111350070148,0.5344618641696364,0.7395629776703379,4.370937219683819,4.20460917548991,within_event_leave_site_out,Agincourt Reef Number 1,25.0
2016,Arlington Reef,-16.6891,146.0871,1.8697210938847693,1,,shallow_preferred,0.6345015418719638,1.2352195520128055,1.1737393571781327,0.1677746491904789,0.37146316611568986,0.5392378153061688,14.887593686334844,6.092401799509586,within_event_leave_site_out,Arlington Reef,25.0
2016,Barren Island,-23.1578,151.0707,0.3594048150164696,1,,all_available,0.9333613186810477,-0.5739565036645781,0.2553644793266394,0.20510111350070148,-0.8830979528551097,-0.6779968393544082,12.710620140085936,3.8685088361979383,within_event_leave_site_out,Barren Island,25.0
2016,Border Island,-20.171,149.0319,-1.1542022049138567,1,,shallow_preferred,0.11748692507145277,-1.2716891299853095,1.2913674984357306,0.20510111350070148,0.9687794598635764,1.1738805733642779,17.93469996869272,7.673168766826511,within_event_leave_site_out,Border Island,25.0
2016,Boult Reef,-23.747,152.2725,-0.15,1,,shallow_preferred,-0.645203382079785,0.495203382079785,-0.5678070505438946,0.1677746491904789,-0.09037831765458848,0.07739633153589043,21.8744723084485,3.238883747010735,within_event_leave_site_out,Boult Reef,25.0
2016,Cattle Bay,-18.5691,146.4823,-0.6118180509479609,1,,shallow_preferred,-0.022380331701137936,-0.589437719246823,-0.15946201800647716,0.20510111350070148,-0.3421827998060407,-0.13708168630533923,3.2422887630841384,3.90966082919738,within_event_leave_site_out,Cattle Bay,25.0
2016,Centipede Reef,-18.7324,147.554,-1.864780516451196,1,,all_available,-1.4174007521131196,-0.44737976433807636,-1.3173578330588707,0.20510111350070148,-0.10505819444645255,0.10004291905424893,14.627720356614352,5.063398160677825,within_event_leave_site_out,Centipede Reef,25.0
2016,Chicken Reef,-18.6534,147.7199,-1.9926378104458151,1,,shallow_preferred,-1.5839456330277688,-0.4086921774180463,-1.558626406875625,0.20510111350070148,-0.17978188734855774,0.025319226152143742,17.603372373092718,4.6033570022289965,within_event_leave_site_out,Chicken Reef,25.0
2016,Chinaman Reef,-21.9973,152.664,-0.0185903126361312,1,,shallow_preferred,-0.22369142613683268,0.20510111350070148,-0.17218784617301255,0.1677746491904789,-0.11627106922665878,0.05150357996382013,5.64402331010218,4.907603136617001,within_event_leave_site_out,Chinaman Reef,25.0
2016,Davies Reef,-18.8065,147.6688,-1.1285137776708165,1,,shallow_preferred,-1.4526495325468203,0.32413575487600377,-1.6100127926761976,0.1677746491904789,-0.3251379093198563,-0.1573632601293774,14.627720356614352,4.317815956080349,within_event_leave_site_out,Davies Reef,25.0
2016,Daydream Island,-20.2557,148.8122,2.6965346641335963,1,,shallow_preferred,0.2307178430225779,2.4658168211110185,1.6916779133571802,0.1677746491904789,1.2931854211441234,1.4609600703346022,5.230947964630829,7.24195896225129,within_event_leave_site_out,Daydream Island,25.0
2016,Dent Island,-20.345,148.9382,2.8108011389618843,1,,shallow_preferred,0.5676358452578679,2.2431652937040165,1.985391713888956,0.1677746491904789,1.2499812194406092,1.417755868631088,6.357400115253845,7.023966545256391,within_event_leave_site_out,Dent Island,25.0
2016,Dip Reef,-18.3999,147.4519,-4.222305870596005,1,,all_available,-1.5987032448389535,-2.623602625757051,-1.2105199026460183,0.20510111350070148,0.18308222869223384,0.3881833421929353,23.17322158319731,5.772997568758053,within_event_leave_site_out,Dip Reef,25.0
2016,Double Cone,-20.1046,148.7218,0.4252579264263967,1,,shallow_preferred,-0.05754791657946831,0.48280584300586504,0.9900067989482596,0.1677746491904789,0.879780066337249,1.047554715527728,17.124731350163934,6.981638909530659,within_event_leave_site_out,Double Cone,25.0
2016,Dunk Island,-17.9263,146.1461,-1.417138406452865,1,,shallow_preferred,0.853098406462349,-2.270236812915214,1.0561612543844148,0.20510111350070148,-0.002038265578635652,0.20306284792206583,43.51444028061641,3.829630728630041,within_event_leave_site_out,Dunk Island,25.0
2016,East Cay,-21.4727,152.5662,0.0,1,,shallow_preferred,-0.4941233869709143,0.4941233869709143,-0.23478995762334198,0.1677746491904789,0.0915587801570934,0.2593334293475723,23.268013681658886,5.217326310372498,within_event_leave_site_out,East Cay,25.0
2016,Erskine Island,-23.498800000000003,151.7748,0.0,2,6.25,shallow_preferred,0.09887769231448477,-0.09887769231448477,0.061605705973460906,0.20510111350070148,-0.24237309984172536,-0.03727198634102388,4.685781715535059,2.4971162822839092,within_event_leave_site_out,Erskine Island,25.0
2016,Farquharson Reef,-17.79,146.5315,2.174716284413961,1,,shallow_preferred,0.9538066915102512,1.2209095929037097,0.8615937740707642,0.1677746491904789,-0.259987566629966,-0.09221291743948712,4.786752694885461,3.2640484521028057,within_event_leave_site_out,Farquharson Reef,25.0
2016,Feather Reef,-17.51845,146.3896,-0.4887138188329878,2,1.1,shallow_preferred,0.5817764143820108,-1.0704902332149986,0.03620489063101662,0.20510111350070148,-0.7506726372516956,-0.5455715237509942,5.878119787678927,5.214529410363243,within_event_leave_site_out,Feather Reef,25.0
2016,Frankland Islands,-17.227,146.0904,-0.6161032549995185,1,,shallow_preferred,0.3638488173976113,-0.9799520723971298,-0.04316413394298557,0.20510111350070148,-0.6121140648412984,-0.4070129513405969,11.41944379063452,5.409625466958135,within_event_leave_site_out,Frankland Islands,25.0
2016,Gannet Cay Reef,-21.9784,152.4742,-0.35,1,,shallow_preferred,-0.23097018879224238,-0.1190298112077576,-0.015671888961735454,0.20510111350070148,0.01019718632980544,0.2152982998305069,13.323992323594386,6.020809442824337,within_event_leave_site_out,Gannet Cay Reef,25.0
2016,Geoffrey Bay,-19.1549,146.8685,13.548800298159325,1,,all_available,0.7136384584402254,12.835161839719099,0.8872381135006715,0.1677746491904789,0.005825005869967193,0.1735996550604461,48.4068194825638,4.290406189541279,within_event_leave_site_out,Geoffrey Bay,25.0
2016,"Green Island, Qld",-16.7755,145.9803,-0.3151215766624777,1,,all_available,0.6810358583013881,-0.9961574349638658,1.6476231839563522,0.20510111350070148,0.7614862121542627,0.9665873256549642,14.887593686334844,6.393518912511882,within_event_leave_site_out,"Green Island, Qld",25.0
2016,Hastings Reef,-16.5013,146.017,2.161549404886196,1,,shallow_preferred,0.7861648931362308,1.3753845117499652,1.5982800157405364,0.1677746491904789,0.6443404734138265,0.8121151226043054,6.477570558123498,5.486987875594632,within_event_leave_site_out,Hastings Reef,25.0
2016,Havannah Island,-18.8472,146.5428,1.2404488095497328,1,,shallow_preferred,0.4705723088571479,0.769876500692585,0.8564613946823286,0.1677746491904789,0.21811443663470179,0.38588908582518067,11.941546404388253,4.914985664522195,within_event_leave_site_out,Havannah Island,25.0
2016,Hayman Island,-20.0413,148.8819,-0.4657770304710102,1,,shallow_preferred,-0.10266776929416284,-0.3631092611768474,0.6549751939420989,0.20510111350070148,0.5525418497355603,0.7576429632362618,5.168335035815192,6.283648346415471,within_event_leave_site_out,Hayman Island,25.0
2016,Hedley Reef,-17.2235,146.4754,0.2598472693507516,1,,shallow_preferred,0.38662832535095537,-0.12678105600020378,-0.13634330126694827,0.20510111350070148,-0.7280727401186051,-0.5229716266179036,6.665061893679919,4.720758124209865,within_event_leave_site_out,Hedley Reef,25.0
2016,Helix Reef,-18.6201,147.2976,-0.3794971308614112,1,,all_available,-1.3982899204187502,1.018792789557339,-1.2207392733063596,0.1677746491904789,0.00977599792191186,0.17755064711239077,22.793024965109915,6.589250705302709,within_event_leave_site_out,Helix Reef,25.0
2016,High Island,-17.1622,146.007,-0.051167761052802,1,,shallow_preferred,0.6052207274630127,-0.6563884885158147,0.2985495377433638,0.20510111350070148,-0.5117723032203504,-0.3066711897196489,11.41944379063452,4.937965329336809,within_event_leave_site_out,High Island,25.0
2016,Horseshoe Reef,-22.0227,152.6166,-0.53,1,,shallow_preferred,-0.22157527755146897,-0.30842472244853103,-0.0064562999775257465,0.20510111350070148,0.01001786407324174,0.21511897757394322,5.64402331010218,5.0274174182365785,within_event_leave_site_out,Horseshoe Reef,25.0
2016,Humpy Island,-23.2162,150.9638,-0.0253816807258292,1,,shallow_preferred,1.163508365069106,-1.1888900457949352,0.6728332964188825,0.20510111350070148,-0.6957761821509251,-0.4906750686502236,9.521104486568222,3.9661044004192245,within_event_leave_site_out,Humpy Island,25.0
2016,Hyde Reef,-19.7457,150.0822,-3.13,1,,shallow_preferred,-1.7134066757419733,-1.4165933242580266,-2.2980576868721103,0.20510111350070148,-0.7897521246308384,-0.584651011130137,8.957513140175449,2.713544992137119,within_event_leave_site_out,Hyde Reef,25.0
2016,John Brewer,-18.6189,147.0813,-0.3312680887880521,2,4.0,shallow_preferred,-1.1656610329242059,0.8343929441361537,-0.9706126269520767,0.1677746491904789,0.027273756781650248,0.19504840597212916,22.793024965109915,5.511730928022054,within_event_leave_site_out,John Brewer,25.0
2016,Knife Reef,-18.5711,147.5772,-0.9066023963914605,1,,all_available,-1.6211679099667333,0.7145655135752729,-1.970994517314307,0.1677746491904789,-0.5176012565380527,-0.34982660734757376,17.603372373092718,5.5635522164488584,within_event_leave_site_out,Knife Reef,25.0
2016,Lady Musgrave,-23.8884,152.422,-0.611715588038071,1,,shallow_preferred,-0.44975284668209864,-0.16196274135597238,0.01844689296351537,0.20510111350070148,0.26309862614491253,0.468199739645614,21.8744723084485,1.4576399348541684,within_event_leave_site_out,Lady Musgrave,25.0
2016,Langford Island,-20.0877,148.8848,-1.231077688911029,1,,shallow_preferred,-0.10049892650931899,-1.13057876240171,0.9636912591252778,0.20510111350070148,0.8590890721338953,1.0641901856345968,5.168335035815192,6.722018211855236,within_event_leave_site_out,Langford Island,25.0
2016,Linnet Reef,-14.7811,145.3474,7.626145269299075,1,,shallow_preferred,-0.26302110048262267,7.889166369781697,1.5735468631433922,0.1677746491904789,1.668793314435536,1.836567963626015,3.916712363218431,2.4541299441829043,within_event_leave_site_out,Linnet Reef,25.0
2016,Lizard Island,-14.694067,145.45705,-0.683264140547168,1,0.6,shallow_preferred,-0.4164572515188893,-0.2668068890282787,3.351108044085554,0.20510111350070148,3.5624641821037417,3.7675652956044434,11.385354698511417,2.921213663776148,within_event_leave_site_out,Lizard Island,25.0
2016,Low Isles,-16.3831,145.5619,3.328373418627904,1,,shallow_preferred,1.0066789232632045,2.3216944953646994,2.823014648302526,0.1677746491904789,1.648561075848843,1.816335725039322,12.240133170092554,4.972267419059873,within_event_leave_site_out,Low Isles,25.0
2016,Mackay Reef,-16.0399,145.6506,3.142228224810014,1,,shallow_preferred,0.7912708235369661,2.350957401273048,1.5831321721636964,0.1677746491904789,0.6240866994362514,0.7918613486267303,20.97621703541694,5.394530678837402,within_event_leave_site_out,Mackay Reef,25.0
2016,Martin,-14.7553,145.3722,3.718709690722728,1,,all_available,-0.28187110985073427,4.000580800573462,3.2619787697183287,0.1677746491904789,3.376075230378584,3.5438498795690627,3.916712363218431,2.5602284247520375,within_event_leave_site_out,Martin,25.0
2016,Mast Head Reef,-23.5341,151.7497,0.0,1,,all_available,0.4583428959701897,-0.4583428959701897,0.6082981576372399,0.20510111350070148,-0.055145851833651144,0.14995526166705034,4.685781715535059,2.3488505788325282,within_event_leave_site_out,Mast Head Reef,25.0
2016,McCulloch Reef,-17.2834,146.4777,-0.1369223508137507,1,,shallow_preferred,0.4061405587096572,-0.5430629095234079,-0.036161331498579696,0.20510111350070148,-0.6474030037089383,-0.44230189020823685,6.665061893679919,4.790793322550682,within_event_leave_site_out,McCulloch Reef,25.0
2016,Michaelmas Reef,-16.5528,146.0454,2.5921159963802545,1,,shallow_preferred,0.7963234766903124,1.795792519689942,1.509372240926791,0.1677746491904789,0.5452741150459994,0.7130487642364783,6.477570558123498,5.492342979698492,within_event_leave_site_out,Michaelmas Reef,25.0
2016,Moore Reef,-16.8519,146.2336,1.393790788382177,1,,shallow_preferred,0.580322066828318,0.813468721553859,1.1376644549858015,0.1677746491904789,0.3895677389670047,0.5573423881574836,7.123271272813825,5.591608861448551,within_event_leave_site_out,Moore Reef,25.0
2016,North Keppel Island,-23.0864,150.9052,0.4119327808008783,1,,shallow_preferred,1.1095606536849685,-0.6976278728840901,0.5166862695547483,0.20510111350070148,-0.7979754976309217,-0.5928743841302202,15.627238445567361,3.874138878306454,within_event_leave_site_out,North Keppel Island,25.0
2016,North Reef,-23.1775,151.9041,0.0,1,5.5,shallow_preferred,-0.39030616053737865,0.39030616053737865,-0.2657152501370738,0.1677746491904789,-0.04318373879017406,0.12459091040030484,38.087896769699086,3.434889162335711,within_event_leave_site_out,North Reef,25.0
2016,One Tree Island,-23.4833,152.0739,0.0746192843859103,2,,all_available,-0.5667034449458087,0.641322729331719,-0.49061856157836226,0.1677746491904789,-0.09168976582303244,0.07608488336744647,30.550715998414766,4.596210998119448,within_event_leave_site_out,One Tree Island,25.0
2016,Opal Reef,-16.2034,145.9065,-0.870952350315747,1,,all_available,0.674845957289433,-1.54579830760518,1.841937672556074,0.20510111350070148,0.9619906017659395,1.1670917152666411,15.941498768280114,6.266712507917317,within_event_leave_site_out,Opal Reef,25.0
2016,Orpheus Island,-18.601750000000003,146.48829999999998,0.14085842937082727,2,,all_available,-0.006419316522827261,0.14727774589365453,-0.12512402044124923,0.20510111350070148,-0.32380581741912345,-0.11870470391842197,3.68518273970776,4.314184623877344,within_event_leave_site_out,Orpheus Island,25.0
2016,Pandora Reef,-18.8164,146.4341,-1.230475505080305,1,,shallow_preferred,0.46563883805941103,-1.6961143431397159,1.2629872405683096,0.20510111350070148,0.5922472890081972,0.7973484025088987,11.941546404388253,4.655857731613848,within_event_leave_site_out,Pandora Reef,25.0
2016,Peak Island,-23.3413,150.9369,0.7980236209381337,1,,shallow_preferred,1.3289122272225589,-0.5308886062844251,0.6888098950194068,0.20510111350070148,-0.8452034457038535,-0.640102332203152,12.986160728490018,3.7529726142429385,within_event_leave_site_out,Peak Island,25.0
2016,Peart Reef,-17.46705,146.40255,-0.7899533874370499,2,2.4,shallow_preferred,0.5753457685262163,-1.3652991559632661,0.09766573533568002,0.20510111350070148,-0.6827811466912378,-0.4776800331905363,5.878119787678927,5.207442473068793,within_event_leave_site_out,Peart Reef,25.0
2016,Pelican Island,-23.2397,150.8742,0.8965753957673843,1,,shallow_preferred,1.208218102327127,-0.3116427065597427,0.46121014813861083,0.20510111350070148,-0.9521090676892177,-0.7470079541885162,9.521104486568222,3.8686041783643694,within_event_leave_site_out,Pelican Island,25.0
2016,Pelorus Island,-18.5406,146.4888,-0.4118532764787783,1,,shallow_preferred,-0.03677086289167902,-0.37508241358709926,-0.2453563039036588,0.20510111350070148,-0.41368655451268127,-0.2085854410119798,3.2422887630841384,3.890876374211509,within_event_leave_site_out,Pelorus Island,25.0
2016,Penrith Reef,-21.0032,149.8875,-1.99,1,,all_available,-0.8934072883682425,-1.0965927116317575,-1.4984789100693936,0.20510111350070148,-0.8101727352018526,-0.6050716217011511,18.273540041149474,1.7832642500901847,within_event_leave_site_out,Penrith Reef,25.0
2016,Pine Island,-20.378,148.8884,2.758559077194137,1,,shallow_preferred,0.5826349751229962,2.1759241020711406,2.1919363655227326,0.1677746491904789,1.4415267412092574,1.6093013903997364,6.357400115253845,6.775534915764396,within_event_leave_site_out,Pine Island,25.0
2016,Pompey Reef (No 1),-20.9201,150.5582,-0.8300000000000001,1,,shallow_preferred,-0.9861365740495458,0.15613657404954573,-1.04219886855196,0.20510111350070148,-0.26116340800311577,-0.05606229450241429,21.906281638612597,2.7973849454641195,within_event_leave_site_out,Pompey Reef (No 1),25.0
2016,Rebe Reef,-19.795,150.1499,-2.99,1,,shallow_preferred,-1.8008477521516424,-1.1891522478483578,-2.7977218141352136,0.20510111350070148,-1.201975175484273,-0.9968740619835714,8.957513140175449,2.1245377398011387,within_event_leave_site_out,Rebe Reef,25.0
2016,Rib Reef,-18.473,146.8774,-0.1772024504667313,1,,shallow_preferred,-0.798744259252709,0.6215418087859776,-0.7590627528495028,0.1677746491904789,-0.1280931427872727,0.039681506403206196,26.930341094741777,6.6022983525743895,within_event_leave_site_out,Rib Reef,25.0
2016,Seaforth Island,-20.4685,149.0389,1.428689279780309,1,,shallow_preferred,0.593464929400355,0.835224350379954,2.0863941834677364,0.1677746491904789,1.3251546048769025,1.4929292540673815,17.28354301801151,6.454082177769857,within_event_leave_site_out,Seaforth Island,25.0
2016,Shute and Tancred Islands,-20.3009,148.7983,5.099828531280933,1,,shallow_preferred,0.2747081332156488,4.825120398065284,1.3762757090193467,0.1677746491904789,0.933792926613219,1.1015675758036978,5.230947964630829,6.9841279318016785,within_event_leave_site_out,Shute and Tancred Islands,25.0
2016,Small Lagoon Reef,-21.8678,152.5239,0.1231167317810061,1,,shallow_preferred,-0.2401677468147686,0.36328447859577473,-0.10873343729116794,0.1677746491904789,-0.036340339666878246,0.13143430952360066,13.323992323594386,6.558992350632646,within_event_leave_site_out,Small Lagoon Reef,25.0
2016,Snake Reef,-22.0232,152.1928,0.3360573961696979,1,,shallow_preferred,-0.2511915778643047,0.5872489740340026,-0.08758323728678138,0.1677746491904789,-0.004166308612955612,0.1636083405775233,14.491850269937311,4.766975451860399,within_event_leave_site_out,Snake Reef,25.0
2016,Snapper Island North,-16.2924,145.4969,5.2608957298267205,1,13.6,shallow_preferred,1.0565883430023306,4.204307386824389,2.2974296494201387,0.1677746491904789,1.0730666572273293,1.240841306417808,12.240133170092554,4.5979647771388645,within_event_leave_site_out,Snapper Island North,25.0
2016,St Crispin Reef,-16.0733,145.8438,0.8079247213057474,1,,shallow_preferred,0.5897785642346277,0.21814615707111973,1.3365792348673349,0.1677746491904789,0.5790260214422283,0.7468006706327072,4.370937219683819,4.641858717370795,within_event_leave_site_out,St Crispin Reef,25.0
2016,Taylor Reef,-17.8121,146.5703,2.0139693667363594,1,,shallow_preferred,0.9493614929657304,1.064607873770629,1.0218415602311717,0.1677746491904789,-0.09529458192503779,0.07248006726544112,4.786752694885461,2.987832755823933,within_event_leave_site_out,Taylor Reef,25.0
2016,Tern Reef,-20.9023,150.0264,-1.95,1,,shallow_preferred,-0.9665965444244922,-0.9834034555755078,-1.534429364847976,0.20510111350070148,-0.7729339339241855,-0.567832820423484,18.273540041149474,2.223243925457211,within_event_leave_site_out,Tern Reef,25.0
2016,Thetford Reef,-16.7995,146.1951,1.7851117645284935,1,,shallow_preferred,0.6331022122465831,1.1520095522819105,1.1648932086306363,0.1677746491904789,0.36401634719357423,0.5317909963840531,7.123271272813825,5.660535952347523,within_event_leave_site_out,Thetford Reef,25.0
2016,Turner Cay,-21.7031,152.5605,-0.16,1,,all_available,-0.3782010569315913,0.21820105693159128,-0.14170479593386348,0.1677746491904789,0.06872161180724888,0.2364962609977278,18.699673428175867,6.910333570249753,within_event_leave_site_out,Turner Cay,25.0
2016,Woiz Reef,-10.1741,143.226,9.436863183715728,1,,all_available,-0.1772388278124942,9.614102011528223,-0.00946417862201529,0.1677746491904789,0.0,0.1677746491904789,553.6575745209759,0.0,within_event_leave_site_out,Woiz Reef,25.0
2016,Yonge Reef,-14.5731,145.6147,-1.8764307465645336,1,,shallow_preferred,-0.6903247160360774,-1.1861060305284563,1.841111160990811,0.20510111350070148,2.326334763526187,2.5314358770268885,21.647441766171852,2.7934391361641784,within_event_leave_site_out,Yonge Reef,25.0
2017,19-131 Reef,-19.7641,149.3786,0.1648669316651334,1,,shallow_preferred,-0.5905718402439771,0.7554387719091105,-0.5078936486233733,0.31426437664039325,-0.23158618501978942,0.08267819162060383,6.067198349540016,2.7852318459911594,within_event_leave_site_out,19-131 Reef,25.0
2017,19-138 Reef,-19.8024,149.4199,-0.6955989138045973,1,,shallow_preferred,-0.5982258621450701,-0.09737305165952714,-0.01678595741832767,0.3264335610442131,0.25500634368252934,0.5814399047267425,6.067198349540016,2.9463840065175924,within_event_leave_site_out,19-138 Reef,25.0
2017,19-159 Reef,-19.6661,149.9146,-0.47,1,,shallow_preferred,-1.618489000090357,1.148489000090357,-1.4976776411167694,0.31426437664039325,-0.19345301766680562,0.12081135897358763,19.65108297418923,3.685760065187172,within_event_leave_site_out,19-159 Reef,25.0
2017,20-104 Reef,-20.0286,149.6933,-0.2948143010351345,1,,shallow_preferred,-1.0791335182129052,0.7843192171777706,-0.8194445103971064,0.31426437664039325,-0.054575368824594475,0.2596890078157988,38.07368864716964,5.339128426413375,within_event_leave_site_out,20-104 Reef,25.0
2017,21-062 Reef,-21.028,150.8534,-1.3030360356554327,1,,shallow_preferred,-0.7144160634521125,-0.5886199722033202,-1.4139062119348118,0.3264335610442131,-1.0259237095269125,-0.6994901484826994,32.91453672542603,1.8224046107772696,within_event_leave_site_out,21-062 Reef,25.0
2017,21-139 Reef,-21.4552,151.4654,-0.8370985853263284,1,,shallow_preferred,-0.3646420662074461,-0.4724565191188823,-0.5033624781516088,0.3264335610442131,-0.4651539729883759,-0.1387204119441628,18.982969178608094,1.0,within_event_leave_site_out,21-139 Reef,25.0
2017,21-187 Reef,-21.4072,151.6414,-0.6164626088503855,1,,shallow_preferred,-0.40562135508950975,-0.21084125376087576,-0.7708392255453501,0.3264335610442131,-0.6916514315000535,-0.36521787045584037,18.982969178608094,1.0,within_event_leave_site_out,21-187 Reef,25.0
2017,21-245 Reef,-21.298,152.4425,0.0679673369730013,1,,shallow_preferred,-0.5724357146558051,0.6404030516288064,-0.1326055469600077,0.31426437664039325,0.12556579105540416,0.4398301676957974,23.268013681658886,2.4521687229587656,within_event_leave_site_out,21-245 Reef,25.0
2017,21-550 Reef,-21.9471,152.3069,0.3405297474348194,1,,shallow_preferred,-0.25290903392305086,0.5934387813578703,-0.4013524664416822,0.31426437664039325,-0.4627078091590246,-0.14844343251863135,14.491850269937311,5.949049820548048,within_event_leave_site_out,21-550 Reef,25.0
2017,21-591 Reef,-21.0266,150.3807,-2.930230544831029,1,,all_available,-0.6902323697471754,-2.2399981750838536,-1.449891345998855,0.3264335610442131,-1.0860925372958927,-0.7596589762516797,21.906281638612597,3.15623453994932,within_event_leave_site_out,21-591 Reef,25.0
2017,Agincourt Reef Number 1,-16.0384,145.8688,-3.146731387263813,1,,all_available,0.558441191002701,-3.705172578266514,1.721569316993029,0.3264335610442131,0.836694564946115,1.163128125990328,4.71131555359392,4.212439758964235,within_event_leave_site_out,Agincourt Reef Number 1,25.0
2017,Arlington Reef,-16.6891,146.0871,0.8026286572687749,1,,shallow_preferred,0.47619509622456174,0.3264335610442131,1.39127367897339,0.31426437664039325,0.600814206108435,0.9150785827488281,14.653134979637395,6.648576489625656,within_event_leave_site_out,Arlington Reef,25.0
2017,Barren Island,-23.1578,151.0707,0.6004196062900613,1,,all_available,0.5117399757766037,0.08867963051345762,2.3367468427167295,0.3264335610442131,1.4985733058959128,1.8250068669401258,12.710620140085936,4.31132144568334,within_event_leave_site_out,Barren Island,25.0
2017,Bedarra Island,-18.0094,146.148,3.5504139827964547,1,,shallow_preferred,0.6455188114845664,2.9048951713118885,0.6347104870062961,0.31426437664039325,-0.32507270111866365,-0.010808324478270404,9.242496316970788,3.187411606089598,within_event_leave_site_out,Bedarra Island,25.0
2017,Border Island,-20.171,149.0319,-0.5385739067167545,1,,shallow_preferred,0.1155099558399167,-0.6540838625566713,0.46208723900514115,0.3264335610442131,0.020143722121011353,0.34657728316522446,17.93469996869272,7.296288093186494,within_event_leave_site_out,Border Island,25.0
2017,Boult Reef,-23.747,152.2725,-1.5204336353105217,1,,shallow_preferred,-0.453784928150007,-1.0666487071605146,-1.171433373463573,0.3264335610442131,-1.044082006357779,-0.7176484453135659,21.8744723084485,3.993939042527035,within_event_leave_site_out,Boult Reef,25.0
2017,Camp Island East,-19.8508,147.9052,6.633293001799257,1,,shallow_preferred,-0.17872188728909189,6.812014889088349,-1.2012865853313395,0.31426437664039325,-1.3368290746826408,-1.0225646980422476,49.78932903509467,1.0,within_event_leave_site_out,Camp Island East,25.0
2017,Carter,-14.5238,145.5817,-5.795992916884115,1,,all_available,-0.26420174689214915,-5.531791169991966,-0.910849074898838,0.3264335610442131,-0.973080889050902,-0.6466473280066889,6.5319639975212676,6.000553892814467,within_event_leave_site_out,Carter,25.0
2017,Cattle Bay,-18.5691,146.4823,-0.2121164498235934,1,5.6,shallow_preferred,-0.19944716688268657,-0.012669282940906829,1.0220620156176534,0.3264335610442131,0.8950756214561268,1.22150918250034,1.341065833156318,5.648314417653369,within_event_leave_site_out,Cattle Bay,25.0
2017,Cherepo,-10.6893,142.2799,0.9537529396181982,1,,shallow_preferred,0.20082828030418598,0.7529246593140122,0.24302063377083,0.31426437664039325,-0.2720720231737493,0.04219235346664396,30.39980141880606,1.7446267425047748,within_event_leave_site_out,Cherepo,25.0
2017,Chicken Reef,-18.6534,147.7199,-1.3663101188473838,1,,shallow_preferred,-1.4833862626674759,0.11707614382009202,-2.4316565169597233,0.3264335610442131,-1.2747038153364603,-0.9482702542922472,17.603372373092718,3.6196012479961173,within_event_leave_site_out,Chicken Reef,25.0
2017,Chinaman Reef,-21.9973,152.664,0.076558152790821,1,,shallow_preferred,-0.25920126897970563,0.33575942177052664,-0.1428487941597703,0.31426437664039325,-0.19791190182045793,0.11635247481993533,5.64402331010218,4.907603136617002,within_event_leave_site_out,Chinaman Reef,25.0
2017,Davies Reef,-18.8065,147.6688,-0.460888870782222,1,,shallow_preferred,-1.3710941520416144,0.9102052812593924,-2.249270776757611,0.31426437664039325,-1.1924410013563895,-0.8781766247159963,17.854195946414272,3.5641146043737315,within_event_leave_site_out,Davies Reef,25.0
2017,Dent Island,-20.345,148.9382,2.042098752777987,1,,shallow_preferred,0.7500958552109006,1.292002897567086,0.9896547065448267,0.31426437664039325,-0.07470552530646722,0.23955885133392602,6.357400115253845,6.922457781816006,within_event_leave_site_out,Dent Island,25.0
2017,Dip Reef,-18.3999,147.4519,-4.333377514241236,1,,all_available,-1.4819657686265442,-2.8514117456146915,-1.9464561453137157,0.3264335610442131,-0.7909239377313846,-0.46449037668717147,23.17322158319731,4.8091501879120155,within_event_leave_site_out,Dip Reef,25.0
2017,Double Cone,-20.1046,148.7218,0.2690576907372026,1,,shallow_preferred,-0.03462426081721718,0.3036819515544198,0.1456810639123708,0.3264335610442131,-0.14612823631462513,0.180305324729588,17.124731350163934,6.540146667806868,within_event_leave_site_out,Double Cone,25.0
2017,Dugong Island,-10.518,143.0997,-0.3522696767022557,1,,shallow_preferred,-0.32931226080889087,-0.022957415893364808,-0.24431951028970178,0.3264335610442131,-0.24144081052502403,0.08499275051918909,40.642679498549576,2.5092862128354843,within_event_leave_site_out,Dugong Island,25.0
2017,Dunk Island,-17.9263,146.1461,0.2751631929575673,1,,shallow_preferred,0.6708357498215068,-0.39567255686393954,2.377033438708458,0.3264335610442131,1.379764127842738,1.706197688886951,9.242496316970788,2.7798457948521844,within_event_leave_site_out,Dunk Island,25.0
2017,East Cay,-21.4727,152.5662,0.160089970195385,1,,shallow_preferred,-0.5731287261308277,0.7332186963262126,-0.36550241729578625,0.31426437664039325,-0.10663806780535187,0.20762630883504138,23.268013681658886,5.2173263103724965,within_event_leave_site_out,East Cay,25.0
2017,Erskine Island,-23.498800000000003,151.7748,-0.038515396352895456,2,6.25,shallow_preferred,0.057667925141089725,-0.09618332149398517,0.31467155308680167,0.3264335610442131,-0.06942993309850115,0.25700362794571197,4.685781715535059,5.053878813590805,within_event_leave_site_out,Erskine Island,25.0
2017,Farquharson Reef,-17.79,146.5315,1.465914024900595,1,,shallow_preferred,0.8102448790352095,0.6556691458653856,1.2739649445827745,0.31426437664039325,0.14945568890717192,0.4637200655475652,4.786752694885461,3.782422960933767,within_event_leave_site_out,Farquharson Reef,25.0
2017,Feather Reef,-17.519,146.3887,0.6378752502221996,1,,shallow_preferred,0.27571067154479834,0.36216457867740126,0.893385579001137,0.31426437664039325,0.3034105308159455,0.6176749074563388,5.886901895802568,5.2154536260461875,within_event_leave_site_out,Feather Reef,25.0
2017,Fitzroy Island,-16.9233,145.9963,2.110728215512085,1,7.6,shallow_preferred,0.2853227591553198,1.8254054563567652,0.9375420999681512,0.31426437664039325,0.3379549641724382,0.6522193408128314,18.5594659563103,7.2564674081137674,within_event_leave_site_out,Fitzroy Island,25.0
2017,Frankland Islands,-17.227,146.0904,1.5541734846759017,1,,shallow_preferred,-0.03109498239201773,1.5852684670679194,0.6545198836934119,0.31426437664039325,0.3713504894450364,0.6856148660854297,11.41944379063452,5.7217445291375535,within_event_leave_site_out,Frankland Islands,25.0
2017,Gannet Cay Reef,-21.9784,152.4742,-0.1627587981511653,1,,shallow_preferred,-0.26058624604587954,0.09782744789471423,-0.09816458596667507,0.3264335610442131,-0.16401190096500864,0.16242166007920447,13.323992323594386,6.020809442824337,within_event_leave_site_out,Gannet Cay Reef,25.0
2017,Geoffrey Bay,-19.1548,146.8685,5.926048371480657,1,,shallow_preferred,0.6717706217010451,5.254277749779612,0.9724741052843612,0.31426437664039325,-0.013560893057077085,0.30070348358331617,48.39896797890436,4.293124566467061,within_event_leave_site_out,Geoffrey Bay,25.0
2017,"Green Island, Qld",-16.7583,145.97,2.340191435615312,1,,shallow_preferred,0.46918045711282014,1.871010978502492,1.1375984094826572,0.31426437664039325,0.3541535757294438,0.668417952369837,14.653134979637395,6.853944513769684,within_event_leave_site_out,"Green Island, Qld",25.0
2017,Hastings Reef,-16.5013,146.017,0.4853243896715344,1,,shallow_preferred,0.4983871266782736,-0.013062737006739211,1.9087766670632251,0.3264335610442131,1.0839559793407383,1.4103895403849513,6.477570558123498,5.584897935379326,within_event_leave_site_out,Hastings Reef,25.0
2017,Havannah Island,-18.8472,146.5428,0.0869171131405899,1,,shallow_preferred,0.2935193380780513,-0.2066022249374614,1.674169685220346,0.3264335610442131,1.0542167860980816,1.3806503471422946,11.941546404388253,6.447015076519253,within_event_leave_site_out,Havannah Island,25.0
2017,Hayman Island,-20.0413,148.8819,0.1848600545097944,1,,shallow_preferred,-0.0989746564923332,0.2838347110021276,-0.1271618394406069,0.3264335610442131,-0.35462074399248683,-0.028187182948273715,5.168335035815192,5.6829935387225206,within_event_leave_site_out,Hayman Island,25.0
2017,Hedley Reef,-17.2235,146.4754,1.5130401055442544,1,,shallow_preferred,-0.006090286818473353,1.5191303923627277,0.8863937223782945,0.31426437664039325,0.5782196325563745,0.8924840091967678,6.665061893679919,4.74817225399901,within_event_leave_site_out,Hedley Reef,25.0
2017,Helix Reef,-18.6203,147.2958,-1.0224455431706163,1,,shallow_preferred,-1.271295929452201,0.24885038628158473,-1.6981120303802346,0.3264335610442131,-0.7532496619722466,-0.4268161009280335,22.603482015131146,5.588056452142893,within_event_leave_site_out,Helix Reef,25.0
2017,Heron Island,-23.4384,151.9182,1.4967732072370152,1,,shallow_preferred,-0.022533375586348,1.5193065828233632,-0.4836688870891922,0.31426437664039325,-0.7753998881432375,-0.4611355115028442,16.094630715973594,5.849801135214692,within_event_leave_site_out,Heron Island,25.0
2017,High Island,-17.1622,146.007,0.670128926553808,1,,shallow_preferred,0.11552123796804481,0.5546076885857631,1.2803079813839087,0.31426437664039325,0.8505223667754707,1.1647867434158639,11.41944379063452,5.338568963633488,within_event_leave_site_out,High Island,25.0
2017,Holbourne Island East,-19.7333,148.3644,-3.374739542342464,1,,all_available,-0.08555520921700419,-3.28918433312546,0.9932057939272725,0.3264335610442131,0.7523274421000635,1.0787610031442767,49.78932903509467,3.715538374584468,within_event_leave_site_out,Holbourne Island East,25.0
2017,Horseshoe Reef,-22.0227,152.6166,-0.2975069033353643,1,,shallow_preferred,-0.25478812299522163,-0.04271878034014265,-0.029677964068178908,0.3264335610442131,-0.10132340211717039,0.22511015892704273,5.64402331010218,5.027417418236579,within_event_leave_site_out,Horseshoe Reef,25.0
2017,Humpy Island,-23.2162,150.9638,1.8548445110707927,1,,shallow_preferred,0.7013333206476874,1.1535111904231052,2.564442507451108,0.31426437664039325,1.5488448101630272,1.8631091868034204,9.521104486568222,4.1518332292337785,within_event_leave_site_out,Humpy Island,25.0
2017,Hyde Reef,-19.7457,150.0822,-0.8,1,,shallow_preferred,-1.8154904843513637,1.0154904843513637,-2.1811392696238516,0.31426437664039325,-0.679913161912881,-0.36564878527248773,8.957513140175449,2.713544992137118,within_event_leave_site_out,Hyde Reef,25.0
2017,John Brewer,-18.6189,147.0813,-0.19977371658930343,2,4.0,shallow_preferred,-1.151026969602339,0.9512532530130355,-1.3302235349192535,0.31426437664039325,-0.4934609419573076,-0.17919656531691436,22.603482015131146,5.293420165669427,within_event_leave_site_out,John Brewer,25.0
2017,Knife Reef,-18.5711,147.5772,-4.635100374605694,1,,all_available,-1.4814214422426628,-3.1536789323630305,-1.7355794218900136,0.3264335610442131,-0.5805915406915638,-0.2541579796473507,17.603372373092718,4.64007586202217,within_event_leave_site_out,Knife Reef,25.0
2017,Kubin Island,-10.2388,142.2176,-0.1928151333613488,1,,all_available,0.1294278398761935,-0.3222429732375423,0.35974374741081633,0.3264335610442131,-0.09611765350959028,0.23031590753462283,34.50541887304407,2.4143598722740185,within_event_leave_site_out,Kubin Island,25.0
2017,Lady Elliot Reef,-18.6798,146.3325,5.367763141106728,1,,shallow_preferred,-0.07051364879550695,5.438276789902235,0.3578961548723356,0.31426437664039325,0.11414542702744934,0.4284098036678426,18.56841410764641,6.255318744219904,within_event_leave_site_out,Lady Elliot Reef,25.0
2017,Lady Musgrave,-23.8884,152.422,-1.75598395577755,1,,shallow_preferred,-0.2132167988760508,-1.5427671569014993,-0.9500615628896312,0.3264335610442131,-1.0632783250577935,-0.7368447640135805,21.8744723084485,1.7644178804095505,within_event_leave_site_out,Lady Musgrave,25.0
2017,Langford Island,-20.0877,148.8848,-1.0806375377260815,1,,shallow_preferred,-0.09327417864441008,-0.9873633590816714,0.2692946871002158,0.3264335610442131,0.03613530470041275,0.3625688657446259,5.168335035815192,6.13459879480815,within_event_leave_site_out,Langford Island,25.0
2017,Linnet Reef,-14.7852,145.3554,3.206928576833631,1,,all_available,0.16573128179913107,3.0411972950345,0.7328019782739803,0.31426437664039325,0.252806319834456,0.5670706964748493,3.783747258101578,5.611083696184039,within_event_leave_site_out,Linnet Reef,25.0
2017,Lizard Island,-14.6884,145.4422,3.4645279972952707,1,,shallow_preferred,-0.0322294377973091,3.49675743509258,-0.3617051283545145,0.31426437664039325,-0.6437400671975987,-0.32947569055720544,6.914375704007133,6.566481254679493,within_event_leave_site_out,Lizard Island,25.0
2017,Low Isles,-16.3831,145.5619,2.0405781380827364,1,,shallow_preferred,1.0899914397594686,0.9505866983232678,2.580046243083152,0.31426437664039325,1.1757904266832906,1.4900548033236838,12.240133170092554,5.009742919036932,within_event_leave_site_out,Low Isles,25.0
2017,Macgillivray,-14.6485,145.4915,-0.9683515096486346,1,,all_available,-0.14188674608057777,-0.8264647635680569,-0.2684758581582499,0.3264335610442131,-0.45302267312188527,-0.12658911207767215,6.914375704007133,6.76950839750507,within_event_leave_site_out,Macgillivray,25.0
2017,Mackay Reef,-16.0399,145.6506,2.2522848881274307,1,,shallow_preferred,0.8396366819102461,1.4126482062171846,1.0885530645602455,0.31426437664039325,-0.06534799399039372,0.24891638264999955,20.97621703541694,5.4088946173430426,within_event_leave_site_out,Mackay Reef,25.0
2017,Manning Island,-23.854,151.3533,3.6855037764959153,1,2.0,shallow_preferred,1.3208355204942035,2.364668256001712,4.158264483383196,0.31426437664039325,2.5231645862485985,2.8374289628889917,10.301406151333772,3.077967983023765,within_event_leave_site_out,Manning Island,25.0
2017,Martin,-14.7553,145.3722,2.925004485266232,1,,all_available,0.1338893622264542,2.791115123039778,0.6786416600768038,0.31426437664039325,0.23048792120995637,0.5447522978503496,3.783747258101578,5.837394014650641,within_event_leave_site_out,Martin,25.0
2017,Mast Head Reef,-23.5341,151.7497,0.2643198653873018,1,,all_available,0.3108721731840933,-0.04655230779679154,0.7753394700271588,0.3264335610442131,0.13803373579885242,0.46446729684306554,4.685781715535059,5.006029417470462,within_event_leave_site_out,Mast Head Reef,25.0
2017,McCulloch Reef,-17.2834,146.4777,1.6562348400435951,1,,shallow_preferred,-0.0055105035632695195,1.6617453436068645,0.7718198571628225,0.31426437664039325,0.4630659840856989,0.7773303607260922,6.665061893679919,4.789008280435889,within_event_leave_site_out,McCulloch Reef,25.0
2017,Michaelmas Reef,-16.5528,146.0454,2.5909335644133407,1,,shallow_preferred,0.5148112619371655,2.076122302476175,1.1874492674295634,0.31426437664039325,0.3583736288520046,0.6726380054923978,6.477570558123498,5.77469189348395,within_event_leave_site_out,Michaelmas Reef,25.0
2017,Moore Reef,-16.8519,146.2336,-0.1839636080845217,1,,shallow_preferred,0.31046293912807305,-0.4944265472125947,1.0846869418469467,0.3264335610442131,0.4477904416746605,0.7742240027188736,7.123271272813825,5.971538799975374,within_event_leave_site_out,Moore Reef,25.0
2017,No Name,-14.6279,145.6453,-6.923401607784927,1,,all_available,-0.2728409315244654,-6.650560676260462,-0.5852099501597849,0.3264335610442131,-0.6388025796795327,-0.3123690186353196,6.926213455201079,6.191458713930034,within_event_leave_site_out,No Name,25.0
2017,North Direction Island,-14.7435,145.5136,1.654546928877684,1,,shallow_preferred,-0.047501451969817955,1.702048380847502,-0.25903270231047526,0.31426437664039325,-0.5257956269810505,-0.21153125034065728,9.82363008694286,6.708745490932371,within_event_leave_site_out,North Direction Island,25.0
2017,North Keppel Island,-23.0864,150.9052,1.558054564812532,1,,shallow_preferred,0.6582651781245691,0.8997893866879628,2.3519445373636074,0.31426437664039325,1.3794149825986453,1.6936793592390385,15.627238445567361,3.874138878306456,within_event_leave_site_out,North Keppel Island,25.0
2017,North Reef,-23.1775,151.9041,-1.6125873014673375,1,5.5,shallow_preferred,-0.3642326103359322,-1.2483546911314054,-0.24986559508561185,0.3264335610442131,-0.21206654579389278,0.11436701525032034,15.315078707072905,4.449814716886908,within_event_leave_site_out,North Reef,25.0
2017,Northeast Reef,-18.5718,146.4947,1.081957224109642,1,2.0,shallow_preferred,-0.20036357054043966,1.2823207946500816,0.6956937416275989,0.31426437664039325,0.5817929355276453,0.8960573121680386,1.341065833156318,5.671926277790889,within_event_leave_site_out,Northeast Reef,25.0
2017,One Tree Island,-23.4833,152.0739,-2.369160070150796,3,,all_available,-0.44643340458678293,-1.9227266655640132,-0.35392158064660784,0.3264335610442131,-0.23392173710403805,0.09251182394017507,16.648108547346098,5.817686509869132,within_event_leave_site_out,One Tree Island,25.0
2017,Opal Reef,-16.2042,145.9005,4.085801976706115,1,,shallow_preferred,0.6467037266250818,3.439098250081033,0.4701361818830725,0.31426437664039325,-0.4908319213824026,-0.17656754474200936,15.765134195590111,6.28002551513203,within_event_leave_site_out,Opal Reef,25.0
2017,Orpheus Island,-18.601750000000003,146.48829999999998,0.5985243157258839,2,,all_available,-0.1864456006061146,0.7849699163319985,0.8791430212449036,0.31426437664039325,0.7513242452106249,1.0655886218510182,3.3979170591395342,5.954428175853668,within_event_leave_site_out,Orpheus Island,25.0
2017,Pandora Reef,-18.8164,146.4341,0.4563194908363481,1,,shallow_preferred,0.25960414455254816,0.19671534628379994,1.6723293525406255,0.3264335610442131,1.0862916469438644,1.4127252079880774,11.941546404388253,6.326079017449813,within_event_leave_site_out,Pandora Reef,25.0
2017,Peak Island,-23.3413,150.9369,2.5338963002932164,1,,shallow_preferred,0.8899339389019237,1.6439623613912926,2.818622325201072,0.31426437664039325,1.6144240096587545,1.9286883862991477,12.986160728490018,4.309320343627847,within_event_leave_site_out,Peak Island,25.0
2017,Peart Reef,-17.4676,146.402,0.2564586963575834,1,,shallow_preferred,0.2528965824491775,0.003562113908405884,1.0805737914124083,0.3264335610442131,0.5012436479190177,0.8276772089632307,5.886901895802568,5.2094922512284425,within_event_leave_site_out,Peart Reef,25.0
2017,Pelican Island,-23.2397,150.8742,5.076861281952688,1,,shallow_preferred,0.7350270603211184,4.3418342216315695,1.8143332452310612,0.31426437664039325,0.7650418082695495,1.0793061849099428,9.521104486568222,4.044281621371465,within_event_leave_site_out,Pelican Island,25.0
2017,Pelorus Island,-18.5406,146.4888,0.2443588332417867,1,,shallow_preferred,-0.21148906722807778,0.45584790046986445,0.8784457175976035,0.31426437664039325,0.775670408185288,1.0899347848256813,3.2422887630841384,5.633114548090301,within_event_leave_site_out,Pelorus Island,25.0
2017,Penrith Reef,-21.0032,149.8875,-3.2164805609812284,1,,all_available,-0.6552469470391543,-2.561233613942074,-1.543187835987162,0.3264335610442131,-1.2143744499922209,-0.8879408889480078,18.273540041149474,1.7832642500901847,within_event_leave_site_out,Penrith Reef,25.0
2017,Pine Island,-20.378,148.8884,2.267680691159056,1,,shallow_preferred,0.7723352100293078,1.4953454811297484,0.958790461926422,0.31426437664039325,-0.12780912474327913,0.18645525189711412,6.357400115253845,6.74357712411013,within_event_leave_site_out,Pine Island,25.0
2017,Pompey Reef (No 1),-20.9201,150.5582,-1.4256318177575098,1,,shallow_preferred,-0.6854920904803518,-0.740139727277158,-1.9143249598623562,0.3264335610442131,-1.5552664304262176,-1.2288328693820045,21.906281638612597,2.7973849454641195,within_event_leave_site_out,Pompey Reef (No 1),25.0
2017,Rat Island,-23.767,151.3185,5.937374202789373,1,,shallow_preferred,1.4374842671289139,4.499889935660459,3.1687831361698304,0.31426437664039325,1.4170344924005234,1.7312988690409166,10.301406151333772,3.7448192084733787,within_event_leave_site_out,Rat Island,25.0
2017,Rebe Reef,-19.795,150.1499,-3.61,1,,shallow_preferred,-1.8943874246867183,-1.7156125753132816,-0.886765246278877,0.3264335610442131,0.6811886173636282,1.0076221784078414,8.957513140175449,2.1245377398011387,within_event_leave_site_out,Rebe Reef,25.0
2017,Repulse,-20.5779,148.8625,-1.5644129148914745,1,,all_available,0.8364273723827719,-2.4008402872742463,1.5291462442999317,0.3264335610442131,0.3662853108729468,0.69271887191716,22.032538285010602,6.175120340145209,within_event_leave_site_out,Repulse,25.0
2017,Rib Reef,-18.473,146.8774,-0.4027165745273926,1,9.4,shallow_preferred,-0.8474551081571493,0.4447385336297567,-0.3389713695681207,0.31426437664039325,0.19421936194863543,0.5084837385890286,26.930341094741777,6.928250545344327,within_event_leave_site_out,Rib Reef,25.0
2017,Seaforth Island,-20.4685,149.0389,1.416027765909833,1,,shallow_preferred,0.7842741006499674,0.6317536652598656,0.9736057385708727,0.31426437664039325,-0.12493273871948782,0.18933163792090543,17.28354301801151,6.490730981327163,within_event_leave_site_out,Seaforth Island,25.0
2017,Seal Rocks North,-23.9583,151.4849,3.70408024696868,1,,shallow_preferred,1.2343045549453957,2.4697756920232843,3.492179943951756,0.31426437664039325,1.9436110123659673,2.2578753890063608,17.70517680874414,3.1316194756925904,within_event_leave_site_out,Seal Rocks North,25.0
2017,Shute and Tancred Islands,-20.3009,148.7983,1.4164816374178564,2,3.6,shallow_preferred,0.3431512368649395,1.073330400552917,0.585495859308143,0.31426437664039325,-0.07191975419718978,0.24234462244320348,12.717946186312119,7.365643279256517,within_event_leave_site_out,Shute and Tancred Islands,25.0
2017,Small Lagoon Reef,-21.8678,152.5239,0.6451005694404068,1,,shallow_preferred,-0.2808007370341624,0.9259013064745693,-0.25328342907787027,0.31426437664039325,-0.2867470686841011,0.027517307956292147,13.323992323594386,6.558992350632649,within_event_leave_site_out,Small Lagoon Reef,25.0
2017,Snake Reef,-22.0232,152.1928,-1.8438006949277133,1,,shallow_preferred,-0.23915071210312602,-1.6046499828245873,0.12727852889880822,0.3264335610442131,0.039995679957721124,0.36642924100193425,14.491850269937311,4.766975451860399,within_event_leave_site_out,Snake Reef,25.0
2017,Snapper Island North,-16.2924,145.4969,4.04035081925011,1,,shallow_preferred,1.143308536377577,2.8970422828725324,1.8789024213606065,0.31426437664039325,0.4213295083426362,0.7355938849830295,12.240133170092554,4.625355963328504,within_event_leave_site_out,Snapper Island North,25.0
2017,St Crispin Reef,-16.0733,145.8438,0.1684520194030891,1,,shallow_preferred,0.6007969578777956,-0.43234493847470656,0.7026956728162369,0.3264335610442131,-0.2245348461057718,0.10189871493844133,4.71131555359392,4.66828991789591,within_event_leave_site_out,St Crispin Reef,25.0
2017,Taylor Reef,-17.8121,146.5703,0.914864962408548,1,,shallow_preferred,0.8108948964448923,0.10397006596365566,1.5302615324749824,0.3264335610442131,0.3929330749858771,0.7193666360300902,4.786752694885461,3.4585600414086795,within_event_leave_site_out,Taylor Reef,25.0
2017,Tern Reef,-20.9023,150.0264,-1.4831185058775374,1,,shallow_preferred,-0.6964643417665063,-0.7866541641110311,-2.604930103746512,0.3264335610442131,-2.2348993230242185,-1.9084657619800054,18.273540041149474,2.2232439254572105,within_event_leave_site_out,Tern Reef,25.0
2017,Thetford Reef,-16.7995,146.1951,0.2855790394732214,1,,shallow_preferred,0.5007132138091159,-0.21513417433589455,1.226734963364857,0.3264335610442131,0.399588188511528,0.7260217495557411,7.123271272813825,6.190588671756053,within_event_leave_site_out,Thetford Reef,25.0
2017,Tryon Island,-23.2457,151.7739,0.2693227123175901,1,,shallow_preferred,-0.04494166432280315,0.31426437664039325,-0.1823068257665827,0.3264335610442131,-0.46379872248799264,-0.13736516144377953,15.315078707072905,5.0252817180450435,within_event_leave_site_out,Tryon Island,25.0
2017,Turner Cay,-21.7031,152.5605,-0.9409643198063032,1,,all_available,-0.46973203552670195,-0.4712322842796013,-0.082319606228557,0.3264335610442131,0.060978868253931846,0.38741242929814496,18.699673428175867,6.910333570249753,within_event_leave_site_out,Turner Cay,25.0
2017,Twin Island,-10.4629,142.4358,0.144507896456286,1,,shallow_preferred,0.11559390755770461,0.02891398889858139,0.30022386815819824,0.3264335610442131,-0.14180360044371948,0.18462996060049364,30.39980141880606,3.134784678964328,within_event_leave_site_out,Twin Island,25.0
2017,Warraber Island,-10.200800000000001,142.81900000000002,-0.5776570387070736,2,1.2,shallow_preferred,-0.17562084963617122,-0.40203618907090244,-0.0133515852501995,0.3264335610442131,-0.1641642966582414,0.16226926438597172,44.68318727249927,3.707119278217636,within_event_leave_site_out,Warraber Island,25.0
2017,Willis Island,-16.288,149.96345,-0.004634673557972757,2,,shallow_preferred,-4.848448153611433,4.843813480053461,-4.53418377697104,0.31426437664039325,0.0,0.31426437664039325,354.6767826036841,0.0,within_event_leave_site_out,Willis Island,25.0
2017,Woiz Reef,-10.1744,143.2264,-0.0823360794803385,1,,shallow_preferred,-0.09873691679793326,0.016400837317594757,-0.042753200133923724,0.3264335610442131,-0.2704498443802036,0.05598371666400953,40.642679498549576,1.987080091957422,within_event_leave_site_out,Woiz Reef,25.0
2017,Yonge Reef,-14.5731,145.6147,-1.6965574448576124,1,,shallow_preferred,-0.2803792615018424,-1.41617818335577,-2.0654545227753447,0.3264335610442131,-2.1115088223177154,-1.7850752612735024,6.5319639975212676,5.974803532316706,within_event_leave_site_out,Yonge Reef,25.0
2020,19-131 Reef,-19.7641,149.3786,2.681231950161008,1,,shallow_preferred,-0.6700688934863276,3.3513008436473357,-0.3557076896943562,0.5618849541797382,-0.24752375038776672,0.3143612037919714,6.067198349540016,1.88281575463681,within_event_leave_site_out,19-131 Reef,25.0
2020,19-138 Reef,-19.8024,149.4199,-0.2586793278278807,1,,shallow_preferred,-0.6749108223380085,0.41623149451012775,1.70544563913101,0.5918170155557894,1.788539445913229,2.3803564614690185,6.067198349540016,1.9679411537152591,within_event_leave_site_out,19-138 Reef,25.0
2020,20-104 Reef,-20.0286,149.6933,1.3679715009030966,1,,shallow_preferred,-0.9766502234556839,2.3446217243587806,-0.5919994335752734,0.5618849541797382,-0.17723416429932767,0.38465078988041046,38.07368864716964,2.8175371373921485,within_event_leave_site_out,20-104 Reef,25.0
2020,21-062 Reef,-21.0266,150.8538,-0.2332874208135233,1,,all_available,-1.0357048789479435,0.8024174581344202,-0.18955018672718632,0.5618849541797382,0.284269738041019,0.8461546922207572,32.896988404128905,1.0,within_event_leave_site_out,21-062 Reef,25.0
2020,21-187 Reef,-21.4072,151.6414,0.8718928705099143,1,,shallow_preferred,-0.5151858728450143,1.3870787433549285,0.04669908133472389,0.5618849541797382,0.0,0.5618849541797382,84.28209327700898,0.0,within_event_leave_site_out,21-187 Reef,25.0
2020,21-245 Reef,-21.2965,152.4465,-0.4331639766129953,1,,all_available,-0.538083362810607,0.10491938619761165,-0.5684158212854028,0.5918170155557894,-0.6221494740305852,-0.03033245847479582,12.67972757879005,2.9774767349900104,within_event_leave_site_out,21-245 Reef,25.0
2020,21-296 Reef,-21.3297,152.5636,-0.338299175268177,1,,shallow_preferred,-0.5771798292068849,0.23888065393870794,-0.6983126049653066,0.5918170155557894,-0.712949791314211,-0.12113277575842163,12.67972757879005,3.5448769906501982,within_event_leave_site_out,21-296 Reef,25.0
2020,21-550 Reef,-21.9471,152.3069,0.2899349813298437,1,,shallow_preferred,-0.2399239895046274,0.5298589708344711,0.2176511777136855,0.5918170155557894,-0.13424184833747646,0.45757516721831293,14.491850269937311,5.962294019945986,within_event_leave_site_out,21-550 Reef,25.0
2020,Agincourt Reef Number 1,-16.0398,145.8652,-6.3761235901028375,1,,shallow_preferred,0.8595152986601275,-7.235638888762965,33.136107553216455,0.5918170155557894,31.684775239000537,32.27659225455633,4.370937219683819,4.407765118137306,within_event_leave_site_out,Agincourt Reef Number 1,25.0
2020,Aquila Island,-21.9611,149.5816,1.900201645273785,1,,shallow_preferred,-0.372436825708058,2.272638470981843,0.4614022557215409,0.5618849541797382,0.27195412724986073,0.8338390814295988,62.769829377267506,1.0,within_event_leave_site_out,Aquila Island,25.0
2020,Arlington Reef,-16.6461,146.1107,-0.5133974087988227,1,,all_available,0.8394909208248279,-1.3528883296236507,1.4870724546638614,0.5918170155557894,0.055764518283244045,0.6475815338390334,12.492001668718494,6.494512628885515,within_event_leave_site_out,Arlington Reef,25.0
2020,Barren Island,-23.1578,151.0707,-1.7387467211694982,1,,shallow_preferred,0.8941014203172274,-2.6328481414867255,0.5976900083868542,0.5918170155557894,-0.8882284274861625,-0.2964114119303731,12.710620140085936,4.31132144568334,within_event_leave_site_out,Barren Island,25.0
2020,Bedarra Island,-18.0094,146.148,4.73335811084036,1,,shallow_preferred,0.42755237239845195,4.305805738441908,3.107563292317086,0.5618849541797382,2.118125965738896,2.680010919918634,9.242496316970788,3.730515345942868,within_event_leave_site_out,Bedarra Island,25.0
2020,Cattle Bay,-18.5691,146.4823,-2.477269859827372,1,,shallow_preferred,0.006994518665746509,-2.4842643784931187,-0.21442511434152522,0.5918170155557894,-0.8132366485630611,-0.22141963300727174,1.341065833156318,5.021963191365294,within_event_leave_site_out,Cattle Bay,25.0
2020,Centipede Reef,-18.7341,147.5522,-0.5921616319662082,1,,shallow_preferred,-1.6862548021849664,1.0940931702187582,-1.2298908433045153,0.5618849541797382,-0.10552099529928706,0.4563639588804511,14.680128092076231,6.481893095198209,within_event_leave_site_out,Centipede Reef,25.0
2020,Chicken Reef,-18.6534,147.7199,-1.3399441724789538,1,,shallow_preferred,-1.7328910492843395,0.39294687680538565,-1.1706966563067804,0.5918170155557894,-0.029622622578230375,0.562194392977559,17.669033753141125,6.004400714906212,within_event_leave_site_out,Chicken Reef,25.0
2020,Chinaman Reef,-21.9973,152.664,0.3270784856057034,1,2.5,shallow_preferred,-0.2348064685740347,0.5618849541797382,0.3736476578022595,0.5918170155557894,0.01663711082050486,0.6084541263762943,5.64402331010218,5.104067279294205,within_event_leave_site_out,Chinaman Reef,25.0
2020,Curd Reef,-12.5853,143.5112,4.110928124208211,1,,shallow_preferred,-2.2464196076510254,6.357347731859237,-1.528503676599013,0.5618849541797382,0.15603097687227435,0.7179159310520125,32.826162191112715,1.0,within_event_leave_site_out,Curd Reef,25.0
2020,Davies Reef,-18.8065,147.6688,-1.096379040767636,1,,shallow_preferred,-1.7104598262345163,0.6140807854668804,-1.1231005043470161,0.5618849541797382,0.02547436770776211,0.5873593218875003,14.680128092076231,5.539057901778134,within_event_leave_site_out,Davies Reef,25.0
2020,Daydream Island,-20.2557,148.8122,0.6551431759961712,1,,shallow_preferred,0.5702943661818792,0.08484880981429199,0.5771490404511733,0.5918170155557894,-0.5849623412864952,0.006854674269294203,5.230947964630829,7.043981690776061,within_event_leave_site_out,Daydream Island,25.0
2020,Dent Island,-20.345,148.9382,2.420851269963028,1,,shallow_preferred,0.7028689523519571,1.7179823176110707,0.9207487962291392,0.5618849541797382,-0.34400511030255615,0.217879843877182,6.357400115253845,7.11616326177612,within_event_leave_site_out,Dent Island,25.0
2020,Dip Reef,-18.3999,147.4519,-3.5408187431900267,1,,all_available,-1.685898053207859,-1.8549206899821677,-1.0735446912641933,0.5918170155557894,0.0205363463878762,0.6123533619436655,17.39507361476906,6.9483241005978735,within_event_leave_site_out,Dip Reef,25.0
2020,Double Cone,-20.1046,148.7218,-0.2069540241686525,1,,shallow_preferred,0.2734157734176486,-0.4803697975863011,0.017085403845921165,0.5918170155557894,-0.8481473851275168,-0.2563303695717274,18.64569681400093,6.6455662851642465,within_event_leave_site_out,Double Cone,25.0
2020,Dugong Island,-10.518,143.0997,-1.334900480255203,1,,shallow_preferred,-0.643437506928539,-0.691462973326664,0.680255078376619,0.5918170155557894,0.7318755697493686,1.323692585305158,40.642679498549576,1.9706202116099338,within_event_leave_site_out,Dugong Island,25.0
2020,Dunk Island,-17.9263,146.1461,4.646749671684462,1,,shallow_preferred,0.4201974473451184,4.226552224339343,3.5790572640616594,0.5618849541797382,2.5969748625368028,3.158859816716541,9.242496316970788,3.7121166039721962,within_event_leave_site_out,Dunk Island,25.0
2020,East Cay,-21.4727,152.5662,-1.3561652153503905,1,,shallow_preferred,-0.5232406281119113,-0.8329245872384792,-0.24553563955736335,0.5918170155557894,-0.3141120270012414,0.27770498855454795,15.90317460653311,5.322918217643202,within_event_leave_site_out,East Cay,25.0
2020,Erskine Island,-23.4993,151.7749,0.6358016707944536,1,,shallow_preferred,0.37136013875891205,0.26444153203554155,-0.13748058478210146,0.5918170155557894,-1.1006577390968029,-0.5088407235410135,4.6449376543534555,5.026297004467509,within_event_leave_site_out,Erskine Island,25.0
2020,Farquharson Reef,-17.79,146.5315,1.6638072792425138,1,,shallow_preferred,0.5728828214276499,1.090924457814864,2.154018124149098,0.5618849541797382,1.01925034854171,1.581135302721448,4.786752694885461,4.462354899504638,within_event_leave_site_out,Farquharson Reef,25.0
2020,Feather Reef,-17.519,146.3887,1.2824785990351666,1,,shallow_preferred,0.1250346310739791,1.1574439679611874,2.030964049639879,0.5618849541797382,1.3440444643861615,1.9059294185658997,5.886901895802568,5.727715106817279,within_event_leave_site_out,Feather Reef,25.0
2020,Fitzroy Island,-16.9233,145.9963,3.912260745858256,1,,shallow_preferred,0.5117696456979597,3.400491100160296,0.7626341569551107,0.5618849541797382,-0.31102044292258707,0.2508645112571511,18.5594659563103,7.214729731596593,within_event_leave_site_out,Fitzroy Island,25.0
2020,Flinders Reef,-17.71485,148.44805,-0.7344176355788066,2,,shallow_preferred,-1.237355485798263,0.5029378502194564,-0.6455384702424736,0.5918170155557894,0.0,0.5918170155557894,127.98526247087185,0.0,within_event_leave_site_out,Flinders Reef,25.0
2020,Frankland Islands,-17.227,146.0904,1.7410113732625885,1,,shallow_preferred,0.10971429591872368,1.6312970773438649,-0.10154353358601542,0.5618849541797382,-0.7731427836844773,-0.21125782950473915,11.41944379063452,5.7217445291375535,within_event_leave_site_out,Frankland Islands,25.0
2020,Gannet Cay Reef,-21.9758,152.4797,-0.4839372673882147,1,,all_available,-0.23800104385022475,-0.24593622353798994,0.5221689602419664,0.5918170155557894,0.16835298853640168,0.760170004092191,12.845478973003301,6.231047034062771,within_event_leave_site_out,Gannet Cay Reef,25.0
2020,Geoffrey Bay,-19.1548,146.8685,5.872039081989005,1,,shallow_preferred,0.6107904451715445,5.26124863681746,1.5435878848320423,0.5618849541797382,0.3709124854807597,0.9327974396604979,48.39896797890436,3.5176765918397304,within_event_leave_site_out,Geoffrey Bay,25.0
2020,"Green Island, Qld",-16.7583,145.97,4.1304421271126,1,,shallow_preferred,0.7427383893752021,3.387703737737398,1.0064266020940515,0.5618849541797382,-0.2981967414608888,0.26368821271884935,18.5594659563103,7.02705657303091,within_event_leave_site_out,"Green Island, Qld",25.0
2020,Grub Reef,-18.6214,147.433,-1.9438025416596412,1,,shallow_preferred,-1.6761561161122915,-0.26764642554734963,-0.988547921782388,0.5918170155557894,0.09579117877411414,0.6876081943299035,14.457867038715278,7.080039183429545,within_event_leave_site_out,Grub Reef,25.0
2020,Hastings Reef,-16.5013,146.017,-0.6945687193633798,1,,shallow_preferred,0.8710814570006795,-1.5656501763640593,1.285772081854614,0.5918170155557894,-0.17712639070185496,0.4146906248539344,6.477570558123498,5.582500215153099,within_event_leave_site_out,Hastings Reef,25.0
2020,Havannah Island,-18.8472,146.5428,1.5996019487396875,1,,shallow_preferred,0.43962631497322624,1.1599756337664613,1.5518445612822291,0.5618849541797382,0.5503332921292647,1.112218246309003,11.941546404388253,5.864364606781371,within_event_leave_site_out,Havannah Island,25.0
2020,Hayman Island,-20.0572,148.8997,-1.086136790930217,1,,all_available,0.21293478244638628,-1.2990715733766034,-0.18612176938024294,0.5918170155557894,-0.9908735673824186,-0.39905655182662925,12.401515782198352,6.427625212225705,within_event_leave_site_out,Hayman Island,25.0
2020,Hedley Reef,-17.2235,146.4754,2.2332465574489904,1,,shallow_preferred,0.06878991192562428,2.1644566455233663,1.3863682981221936,0.5618849541797382,0.755693432016831,1.317578386196569,6.665061893679919,4.770276964739151,within_event_leave_site_out,Hedley Reef,25.0
2020,Helix Reef,-18.6203,147.2958,-0.0315414839450269,1,,shallow_preferred,-1.6110559464678846,1.5795144625228577,-1.622136761154153,0.5618849541797382,-0.5729657688660066,-0.011080814686268425,14.457867038715278,7.1775552390688855,within_event_leave_site_out,Helix Reef,25.0
2020,Henderson Island,-21.4856,149.9091,1.195587940616754,1,,all_available,-0.6813786114039585,1.8769665520207126,0.16690625165530004,0.5618849541797382,0.2863999088795204,0.8482848630592585,35.56941197175311,3.1234368533002774,within_event_leave_site_out,Henderson Island,25.0
2020,Heron Island,-23.4384,151.9182,-0.1325011480103937,1,,shallow_preferred,0.3092526567896484,-0.4417538048000421,-0.5223797661701485,0.5918170155557894,-1.4234494385155863,-0.8316324229597969,16.10863002746127,5.5431308224199505,within_event_leave_site_out,Heron Island,25.0
2020,High Island,-17.1622,146.007,-4.069798420007173,1,,shallow_preferred,0.2575011439976163,-4.327299564004789,2.1648636440322506,0.5918170155557894,1.315545484478845,1.9073625000346344,11.41944379063452,5.326724224213251,within_event_leave_site_out,High Island,25.0
2020,Hook Island,-20.1681,148.8871,-3.7770271771735215,1,,shallow_preferred,0.25459410905971464,-4.031621286233237,0.6788032353620541,0.5918170155557894,-0.16760788925344983,0.42420912630233953,12.401515782198352,7.100676633014509,within_event_leave_site_out,Hook Island,25.0
2020,Horseshoe Reef,-22.0227,152.6166,0.5820267758588589,1,,shallow_preferred,-0.23407456506917207,0.8161013409280309,0.29097693660702395,0.5618849541797382,-0.03683345250354211,0.5250515016761961,5.64402331010218,5.024935471661305,within_event_leave_site_out,Horseshoe Reef,25.0
2020,Humpy Island,-23.2162,150.9638,-0.1949930341297481,1,,shallow_preferred,1.1119186158042291,-1.3069116499339772,0.7557651307607843,0.5918170155557894,-0.9479705005992342,-0.3561534850434448,9.521104486568222,4.151833229233776,within_event_leave_site_out,Humpy Island,25.0
2020,John Brewer,-18.619,147.0811,0.1904078716576975,1,,shallow_preferred,-1.32936548254626,1.5197733542039575,-1.464902706414636,0.5618849541797382,-0.6974221780481143,-0.1355372238683762,20.946202042366217,6.664482518081708,within_event_leave_site_out,John Brewer,25.0
2020,Kelso Reef,-18.4448,146.9933,-2.390825026230913,1,,shallow_preferred,-0.969143653794444,-1.421681372436469,-1.1399274218154487,0.5918170155557894,-0.7626007835767941,-0.1707837680210047,6.794050715411243,5.25078877703543,within_event_leave_site_out,Kelso Reef,25.0
2020,Knife Reef,-18.572,147.5759,-0.8337973625298156,1,,shallow_preferred,-1.7600544325738798,0.9262570700440642,-1.4163445216227821,0.5618849541797382,-0.21817504322864048,0.3437099109510977,16.030616168336522,6.977876605034942,within_event_leave_site_out,Knife Reef,25.0
2020,Lady Elliot Reef,-18.6798,146.3325,7.410464728408286,1,,shallow_preferred,0.10426205895523706,7.306202669453048,-0.6165744962951064,0.5618849541797382,-1.2827215094300817,-0.7208365552503435,18.578485503433193,5.511743903173101,within_event_leave_site_out,Lady Elliot Reef,25.0
2020,Lady Musgrave,-23.8884,152.422,-2.2420646583098907,1,,shallow_preferred,-0.1598372666111246,-2.082227391698766,-0.2726836327276472,0.5918170155557894,-0.7046633816723119,-0.11284636611652255,57.31929747311861,1.8552081153903142,within_event_leave_site_out,Lady Musgrave,25.0
2020,Lagoon Reef,-12.3923,143.74,-1.526612835689486,1,,shallow_preferred,-2.3286030297926748,0.8019901941031888,1.9994292975828045,0.5618849541797382,3.766147373195741,4.328032327375479,32.826162191112715,1.0,within_event_leave_site_out,Lagoon Reef,25.0
2020,Lizard Island,-14.68796,145.45285,0.4795624356526891,2,0.6,shallow_preferred,0.11733210998221784,0.36223032567047125,-3.531570510395976,0.5918170155557894,-4.240719635933983,-3.648902620378194,6.04468606233599,4.71922475361016,within_event_leave_site_out,Lizard Island,25.0
2020,Low Isles,-16.3831,145.5619,1.407814282110004,1,,shallow_preferred,1.3362482105291082,0.07156607158089567,10.184282941515402,0.5918170155557894,8.256217715430504,8.848034730986292,12.240133170092554,5.016857070496799,within_event_leave_site_out,Low Isles,25.0
2020,Macgillivray,-14.6485,145.4915,-4.299430568059551,1,,all_available,0.015351607425487487,-4.314782175485038,-2.612904264395511,0.5918170155557894,-3.220072887376788,-2.6282558718209987,6.04468606233599,4.845466841678354,within_event_leave_site_out,Macgillivray,25.0
2020,Mackay Reef,-16.0399,145.6506,2.2648477201922943,1,,shallow_preferred,1.0988157361021609,1.1660319840901334,18.40893056987253,0.5618849541797382,16.74822987959063,17.31011483377037,20.97621703541694,5.399349789030211,within_event_leave_site_out,Mackay Reef,25.0
2020,Manning Island,-23.854,151.3533,2.9522047055525817,1,,shallow_preferred,1.8061873475369914,1.1460173580155903,3.2778946475897723,0.5618849541797382,0.9098223458730428,1.471707300052781,10.301406151333772,3.0783573760224483,within_event_leave_site_out,Manning Island,25.0
2020,Martin,-14.7553,145.3722,1.2220278261895885,1,,all_available,0.3009302698786221,0.9210975563109665,-3.0130272084446297,0.5618849541797382,-3.87584243250299,-3.3139574783232515,11.458517364785854,4.512652497779874,within_event_leave_site_out,Martin,25.0
2020,Mast Head Reef,-23.5341,151.7497,1.3050274284054115,1,,all_available,0.7132104128496222,0.5918170155557894,0.22608021847316184,0.5618849541797382,-1.0490151485561985,-0.4871301943764603,4.6449376543534555,4.99449395799482,within_event_leave_site_out,Mast Head Reef,25.0
2020,McCulloch Reef,-17.2834,146.4777,2.116830558170516,1,,shallow_preferred,-0.05337003394723162,2.1702005921177476,1.3358320427115071,0.5618849541797382,0.8273171224790007,1.389202076658739,6.665061893679919,4.870456151133638,within_event_leave_site_out,McCulloch Reef,25.0
2020,Michaelmas Reef,-16.5528,146.0454,1.1469479944542602,1,,shallow_preferred,0.869984638474352,0.2769633559799082,0.854052011861177,0.5918170155557894,-0.6077496421689645,-0.015932626613175183,6.477570558123498,5.708007725255152,within_event_leave_site_out,Michaelmas Reef,25.0
2020,Moore Reef,-16.8519,146.2336,1.5139498544599743,1,,shallow_preferred,0.5030105049965485,1.0109393494634258,1.0482006119389797,0.5618849541797382,-0.01669484723730688,0.5451901069424313,7.123271272813825,5.94991923156561,within_event_leave_site_out,Moore Reef,25.0
2020,Moore Reef-Coral Sea,-15.8866,149.1516,-4.987052573988572,1,,shallow_preferred,-3.4818284262960293,-1.5052241476925423,-2.89001141074024,0.5918170155557894,0.0,0.5918170155557894,97.5463098301599,0.0,within_event_leave_site_out,Moore Reef-Coral Sea,25.0
2020,Myrmidon Reef,-18.2585,147.3814,-0.6244883420862655,1,,shallow_preferred,-1.636623553596475,1.0121352115102096,-2.001200936384826,0.5618849541797382,-0.9264623369680892,-0.36457738278835106,17.39507361476906,6.197932370355839,within_event_leave_site_out,Myrmidon Reef,25.0
2020,No Name,-14.6308,145.6418,-4.310231988865706,1,,shallow_preferred,-0.17077998056676008,-4.139452008298946,-3.4326179443710245,0.5918170155557894,-3.8536549793600536,-3.2618379638042643,6.686276529624356,4.528189264114565,within_event_leave_site_out,No Name,25.0
2020,North Direction Island,-14.7435,145.5136,-6.57,1,,shallow_preferred,0.11124668023381441,-6.681246680233815,-1.8777370376455482,0.5918170155557894,-2.580800733435152,-1.9889837178793628,8.990388278188759,4.835499422280073,within_event_leave_site_out,North Direction Island,25.0
2020,North Keppel Island,-23.0864,150.9052,-0.0437870365482258,1,,shallow_preferred,1.0742741757352465,-1.1180612122834723,0.521344705385518,0.5918170155557894,-1.1447464859055179,-0.5529294703497285,15.627238445567361,3.8741388783064536,within_event_leave_site_out,North Keppel Island,25.0
2020,North Reef,-23.1755,151.9086,0.0,1,,all_available,-0.06456989712641659,0.06456989712641659,-1.5952734821336472,0.5918170155557894,-2.12252060056302,-1.5307035850072306,15.824864555586355,4.186648632742243,within_event_leave_site_out,North Reef,25.0
2020,Northeast Reef,-18.5718,146.4947,-2.2315763578432497,1,,shallow_preferred,0.004928414431686699,-2.2365047722749365,-0.3138419648340046,0.5918170155557894,-0.9105873948214807,-0.3187703792656913,1.341065833156318,5.072528004145614,within_event_leave_site_out,Northeast Reef,25.0
2020,Nth Barnards (Jesse Is),-17.6722,146.1742,5.556803929865103,1,,shallow_preferred,0.2086154879684287,5.348188441896674,1.8489412551875097,0.5618849541797382,1.078440813039343,1.6403257672190812,28.409393179966862,7.175349618694514,within_event_leave_site_out,Nth Barnards (Jesse Is),25.0
2020,One Tree Island,-23.4833,152.0739,-3.1230587818809963,3,,all_available,-0.197221376447711,-2.925837405433285,-0.6506234458990449,0.5918170155557894,-1.0452190850071232,-0.4534020694513339,16.648108547346098,4.878840635120361,within_event_leave_site_out,One Tree Island,25.0
2020,Opal Reef,-16.2042,145.9005,-0.7276474892046885,1,,shallow_preferred,0.9955629950914024,-1.723210484296091,19.05310350879163,0.5918170155557894,17.46572349814444,18.05754051370023,15.765134195590111,6.33618470904787,within_event_leave_site_out,Opal Reef,25.0
2020,Pandora Reef,-18.8164,146.4341,2.415483371564374,1,,shallow_preferred,0.41823269089004744,1.9972506806743264,1.4561287726729575,0.5618849541797382,0.47601112760317194,1.0378960817829102,11.941546404388253,5.59278429419566,within_event_leave_site_out,Pandora Reef,25.0
2020,Peak Island,-23.3413,150.9369,2.0302291152499343,1,,shallow_preferred,1.1784054515577678,0.8518236636921666,0.6114231922441424,0.5618849541797382,-1.1288672134933635,-0.5669822593136253,12.986160728490018,4.309320343627847,within_event_leave_site_out,Peak Island,25.0
2020,Peart Reef,-17.4676,146.402,1.027260252243318,1,,shallow_preferred,0.11009970564471744,0.9171605465986006,1.6732784270053684,0.5618849541797382,1.0012937671809128,1.563178721360651,5.886901895802568,5.650561602783973,within_event_leave_site_out,Peart Reef,25.0
2020,Pelican Island,-23.2397,150.8742,2.036700049354229,1,,shallow_preferred,1.1395870853866332,0.8971129639675957,0.3342552850073066,0.5618849541797382,-1.3672167545590648,-0.8053318003793266,9.521104486568222,4.044281621371465,within_event_leave_site_out,Pelican Island,25.0
2020,Pelorus Island,-18.5406,146.4888,-3.0800208505562527,1,,shallow_preferred,0.0014396862758325772,-3.0814605368320853,-0.14748603409020755,0.5918170155557894,-0.7407427359218295,-0.14892572036604013,3.2422887630841384,5.014845469208939,within_event_leave_site_out,Pelorus Island,25.0
2020,Penrith Reef,-21.0036,149.8882,-1.0546015138842613,1,,shallow_preferred,-1.0187314234768325,-0.03587009040742872,-0.4882558281531175,0.5918170155557894,-0.06134142023207433,0.530475595323715,18.243632282729035,2.068825209333906,within_event_leave_site_out,Penrith Reef,25.0
2020,Pine Island,-20.378,148.8884,1.9326931379161556,1,,shallow_preferred,0.7097954325633984,1.2228977053527572,1.1507719706221577,0.5618849541797382,-0.1209084161209788,0.44097653805875936,6.357400115253845,7.053376046477645,within_event_leave_site_out,Pine Island,25.0
2020,Pine Peak Island,-21.5145,150.2515,0.6812159480858444,1,,shallow_preferred,-0.7651367222592053,1.4463526703450498,0.188070171517644,0.5618849541797382,0.3913219395971111,0.9532068937768492,35.56941197175311,2.5300512435292917,within_event_leave_site_out,Pine Peak Island,25.0
2020,Pompey Reef (No 1),-20.9201,150.5582,-0.0615643802336514,1,,shallow_preferred,-1.0617075665180586,1.0001431862844072,-0.48039861036493814,0.5618849541797382,0.019424001973382333,0.5813089561531205,32.896988404128905,2.6699949366449705,within_event_leave_site_out,Pompey Reef (No 1),25.0
2020,Rat Island,-23.767,151.3185,4.032971175530797,1,,shallow_preferred,1.8070574172414977,2.225913758289299,2.55282830954689,0.5618849541797382,0.18388593812565454,0.7457708923053927,10.301406151333772,3.7451619293878586,within_event_leave_site_out,Rat Island,25.0
2020,Rebe Reef,-19.795,150.1499,-6.47,1,,shallow_preferred,-1.7147101308123138,-4.755289869187686,-0.5850408905985841,0.5918170155557894,0.5378522246579404,1.1296692402137296,54.34585144353913,1.0,within_event_leave_site_out,Rebe Reef,25.0
2020,Repulse,-20.5779,148.8625,3.481321265505569,1,,all_available,0.6317133820719245,2.8496078834336442,1.1469289276845833,0.5618849541797382,-0.046669408567079254,0.5152155456126589,22.032538285010602,6.608044640848835,within_event_leave_site_out,Repulse,25.0
2020,Rib Reef,-18.473,146.8774,0.4080477107976641,1,,shallow_preferred,-0.49013255470584705,0.8981802655035112,-1.4401273792493252,0.5618849541797382,-1.5118797787232163,-0.9499948245434782,12.620223867733433,5.958608532281458,within_event_leave_site_out,Rib Reef,25.0
2020,Roxburgh Reef,-18.4321,147.0563,-3.331693297466966,1,,shallow_preferred,-1.3329002814763475,-1.9987930159906186,-1.198464489950851,0.5918170155557894,-0.45738122403029274,0.13443579152549662,6.794050715411243,5.727754923885529,within_event_leave_site_out,Roxburgh Reef,25.0
2020,Sand Bank No7,-13.4363,143.9722,-6.03,1,,shallow_preferred,-2.036259190879201,-3.993740809120799,-1.4444421753234118,0.5918170155557894,0.0,0.5918170155557894,82.5447688071673,0.0,within_event_leave_site_out,Sand Bank No7,25.0
2020,Seaforth Island,-20.4685,149.0389,2.016782735515747,1,,shallow_preferred,0.680638816302164,1.3361439192135829,1.3592211954995665,0.5618849541797382,0.11669742501766447,0.6785823791974026,17.28354301801151,6.692040091952343,within_event_leave_site_out,Seaforth Island,25.0
2020,Seal Rocks North,-23.9583,151.4849,2.838999863593152,1,,shallow_preferred,1.5410456536868749,1.297954209906277,2.72401901961973,0.5618849541797382,0.6210884117531171,1.1829733659328552,17.70517680874414,3.132299974688532,within_event_leave_site_out,Seal Rocks North,25.0
2020,Shute and Tancred Islands,-20.3009,148.7983,1.348653458250242,1,,shallow_preferred,0.5974292638433202,0.7512241944069219,0.6884931007301691,0.5618849541797382,-0.4708211172928893,0.09106383688684888,5.230947964630829,7.035150413945668,within_event_leave_site_out,Shute and Tancred Islands,25.0
2020,Small Lagoon Reef,-21.8678,152.5239,2.2234787121065374,1,,shallow_preferred,-0.24702402190689093,2.4705027340134285,-0.1421778436524767,0.5618849541797382,-0.45703877592532394,0.10484617825441422,12.845478973003301,6.588386894682036,within_event_leave_site_out,Small Lagoon Reef,25.0
2020,Snake Reef,-22.0232,152.1928,-0.0755047190480606,1,,shallow_preferred,-0.24515648321329758,0.16965176416523697,0.28890259654918093,0.5918170155557894,-0.05775793579331082,0.5340590797624786,14.491850269937311,4.763356078653315,within_event_leave_site_out,Snake Reef,25.0
2020,Snapper Island North,-16.2924,145.4969,5.115966535074563,1,,shallow_preferred,1.3702852113922166,3.745681323682346,9.648279844777448,0.5618849541797382,7.716109679205494,8.277994633385232,12.240133170092554,4.63321151012557,within_event_leave_site_out,Snapper Island North,25.0
2020,St Crispin Reef,-16.0733,145.8438,88.25537843400438,1,,shallow_preferred,0.8987075305155551,87.35667090348883,-1.5925378413520939,0.5618849541797382,-3.053130326047387,-2.491245371867649,4.370937219683819,4.668714856502291,within_event_leave_site_out,St Crispin Reef,25.0
2020,Taylor Reef,-17.8121,146.5703,0.3831780430515588,1,,shallow_preferred,0.5810372482254053,-0.19785920517384648,2.627070358906593,0.5918170155557894,1.4542160951253984,2.0460331106811878,4.786752694885461,4.0410178982108835,within_event_leave_site_out,Taylor Reef,25.0
2020,Tern Reef,-20.9023,150.0264,-1.0741594610218153,1,,shallow_preferred,-1.0814645496715216,0.007305088649706359,-0.6332927596892709,0.5918170155557894,-0.14364522557353865,0.4481717899822507,18.243632282729035,2.0477183566159756,within_event_leave_site_out,Tern Reef,25.0
2020,Thetford Reef,-16.7995,146.1951,1.1996534608867409,1,,shallow_preferred,0.7423438216886883,0.45730963919805256,1.4304522538855795,0.5918170155557894,0.09629141664110206,0.6881084321968914,7.123271272813825,6.20820128211494,within_event_leave_site_out,Thetford Reef,25.0
2020,Tryon Island,-23.2457,151.7739,-3.263919477013788,1,,shallow_preferred,0.38271430906724124,-3.646633786081029,0.19452478233094206,0.5918170155557894,-0.7800065422920885,-0.18818952673629918,15.824864555586355,5.0560546802433715,within_event_leave_site_out,Tryon Island,25.0
2020,Tuesday,-10.5519,142.3265,2.989141947783424,1,,shallow_preferred,-0.32267800762519305,3.311819955408617,0.5504436423188002,0.5618849541797382,0.31123669576425506,0.8731216499439932,66.52523050497574,1.0,within_event_leave_site_out,Tuesday,25.0
2020,Turner Cay,-21.7031,152.5605,-1.2722601282566712,1,,all_available,-0.46425683033867543,-0.8080032979179959,0.1394201426115329,0.5918170155557894,0.011859957394418977,0.6036769729502084,18.699673428175867,7.118464439108595,within_event_leave_site_out,Turner Cay,25.0
2020,Tydeman Cay,-13.9715,144.5017,-5.401408447634655,2,2.6,shallow_preferred,-0.9370655231163029,-4.464342924518352,-0.3452485075605135,0.5918170155557894,0.0,0.5918170155557894,82.5447688071673,0.0,within_event_leave_site_out,Tydeman Cay,25.0
2020,Warraber Island,-10.2007,142.8189,1.78781952851811,1,,all_available,-0.6017336149451491,2.3895531434632593,0.1803555704092188,0.5618849541797382,0.22020423117462973,0.7820891853543679,44.693385849190435,2.7040596281550178,within_event_leave_site_out,Warraber Island,25.0
2020,Willis Island,-16.28805,149.9634,-5.210242417599298,2,,shallow_preferred,-4.419367092249939,-0.7908753253493597,-3.8275500766941493,0.5918170155557894,0.0,0.5918170155557894,97.5463098301599,0.0,within_event_leave_site_out,Willis Island,25.0
2020,Woiz Reef,-10.1744,143.2264,1.1404435733747071,1,,shallow_preferred,-0.5706089674681777,1.7110525408428847,0.0752698628103059,0.5618849541797382,0.08399387609874542,0.6458788302784836,40.642679498549576,1.987015494794044,within_event_leave_site_out,Woiz Reef,25.0
2020,Yonge Reef,-14.57695,145.61415,-4.376788490280496,2,,shallow_preferred,-0.19682913148583076,-4.179959358794665,-3.3960891801075768,0.5918170155557894,-3.7910770641775353,-3.199260048621746,6.686276529624356,4.485949466119935,within_event_leave_site_out,Yonge Reef,25.0
2022,19-131 Reef,-19.7641,149.3786,-2.3785906080173893,1,,shallow_preferred,-0.4094388054302243,-1.969151802587165,-0.7441176738732649,-0.08777667889651711,-0.24690218954652338,-0.3346788684430405,57.288513906831795,2.9107495212827237,within_event_leave_site_out,19-131 Reef,25.0
2022,19-159 Reef,-19.6628,149.9152,-4.44,1,,all_available,-1.1531893096328503,-3.28681069036715,-4.013003872374018,-0.08777667889651711,-2.772037883844651,-2.859814562741168,28.627899247066132,1.5772518669308677,within_event_leave_site_out,19-159 Reef,25.0
2022,21-062 Reef,-21.0266,150.8538,-1.045948682836028,1,,all_available,-0.8339522333608707,-0.2119964494751574,-1.3945430887143304,-0.08777667889651711,-0.4728141764569427,-0.5605908553534598,32.896988404128905,1.0,within_event_leave_site_out,21-062 Reef,25.0
2022,21-139 Reef,-21.4552,151.4654,-0.4091454128263019,1,,shallow_preferred,-0.38492775717042005,-0.024217655655881853,-0.07847192717763185,-0.10454341103008777,0.410999241022876,0.3064558299927882,18.982969178608094,1.0,within_event_leave_site_out,21-139 Reef,25.0
2022,21-187 Reef,-21.4072,151.6414,-0.083471493881662,1,,shallow_preferred,-0.4536516237190108,0.3701801298373488,-0.48865177082529265,-0.10454341103008777,0.06954326392380596,-0.03500014710628181,18.982969178608094,1.0,within_event_leave_site_out,21-187 Reef,25.0
2022,21-245 Reef,-21.2965,152.4465,-0.4454734262389186,1,,all_available,-0.42088595274622204,-0.024587473492696577,-1.25417500475784,-0.10454341103008777,-0.72874564098153,-0.8332890520116178,12.834371126963449,2.985770879990365,within_event_leave_site_out,21-245 Reef,25.0
2022,21-296 Reef,-21.3283,152.5656,-1.4652746991282903,1,,all_available,-0.45396692304073183,-1.0113077760875586,-0.89269830032797,-0.08777667889651711,-0.3509546983907211,-0.4387313772872382,12.834371126963449,3.3259182615423497,within_event_leave_site_out,21-296 Reef,25.0
2022,21-550 Reef,-21.9471,152.3069,-0.0034301923432069,1,,shallow_preferred,-0.19572938249246444,0.19229919014925753,-0.18495379700108475,-0.10454341103008777,0.11531899652146746,0.010775585491379691,14.491850269937311,5.9374651358826895,within_event_leave_site_out,21-550 Reef,25.0
2022,Agincourt Reef Number 1,-16.0398,145.8652,-2.651844619931497,1,,shallow_preferred,0.6473933933342289,-3.2992380132657257,0.35074362553541616,-0.08777667889651711,-0.20887308890229564,-0.29664976779881275,4.370937219683819,2.7329803160082946,within_event_leave_site_out,Agincourt Reef Number 1,25.0
2022,Aquila Island,-21.9611,149.5816,1.9098567453975277,1,,shallow_preferred,-0.16114277513985234,2.07099952053738,-0.16865157763388985,-0.10454341103008777,0.09703460853605025,-0.007508802494037514,62.816418969324054,1.0,within_event_leave_site_out,Aquila Island,25.0
2022,Arlington Reef,-16.6461,146.1107,-0.5367593562922782,1,,all_available,1.0380179859419199,-1.574777342234198,0.2958810804137074,-0.08777667889651711,-0.6543602266316954,-0.7421369055282124,19.2804492131455,4.6136443787075105,within_event_leave_site_out,Arlington Reef,25.0
2022,Barren Island,-23.1578,151.0707,-0.3208671857457266,1,,shallow_preferred,0.7977913007317684,-1.118658486477495,0.5883766280987028,-0.08777667889651711,-0.12163799373654843,-0.20941467263306554,12.710620140085936,4.311321445683341,within_event_leave_site_out,Barren Island,25.0
2022,Bedarra Island,-18.0094,146.148,1.133605519395835,1,,shallow_preferred,0.8380979122172523,0.2955076071785827,1.9162157671805382,-0.10454341103008777,1.1826612659933737,1.078117854963286,9.242496316970788,3.7293442185499135,within_event_leave_site_out,Bedarra Island,25.0
2022,Cattle Bay,-18.5691,146.4823,-1.4469747705416411,1,,shallow_preferred,0.28350132602915834,-1.7304760965707995,-0.7147083297742671,-0.08777667889651711,-0.9104329769069084,-0.9982096558034255,1.341065833156318,5.013785574015657,within_event_leave_site_out,Cattle Bay,25.0
2022,Chicken Reef,-18.6543,147.7143,-1.4657225110230736,1,,shallow_preferred,-1.3534220842422637,-0.11230042678080987,-2.898873215982248,-0.08777667889651711,-1.4576744528434675,-1.5454511317399846,17.15573681986673,4.0924397016572165,within_event_leave_site_out,Chicken Reef,25.0
2022,Chinaman Reef,-21.9973,152.664,0.1627848857765562,1,,shallow_preferred,-0.18899351360198424,0.35177839937854044,-0.23943426484181793,-0.10454341103008777,0.0541026597902541,-0.050440751239833666,5.425255719767251,4.885761054713743,within_event_leave_site_out,Chinaman Reef,25.0
2022,Davies Reef,-18.8065,147.6688,-4.097198572006766,1,,shallow_preferred,-1.2581857945944872,-2.839012777412279,-1.84017175488843,-0.08777667889651711,-0.4942092813974257,-0.5819859602939428,17.589084506166472,3.906010644582396,within_event_leave_site_out,Davies Reef,25.0
2022,Daydream Island,-20.2557,148.8122,2.136293212639157,1,,shallow_preferred,0.2774657691228572,1.8588274435163,0.7458160479494845,-0.10454341103008777,0.5728936898567151,0.4683502788266273,5.230947964630829,6.355109011763274,within_event_leave_site_out,Daydream Island,25.0
2022,Dent Island,-20.345,148.9382,1.3304348506075487,1,,shallow_preferred,0.6144393831584489,0.7159954674490998,1.39212398715638,-0.10454341103008777,0.8822280150280188,0.777684603997931,6.357400115253845,6.1975274586275555,within_event_leave_site_out,Dent Island,25.0
2022,Dip Reef,-18.3999,147.4519,-3.4808544735666334,1,,all_available,-1.512260781897204,-1.9685936916694293,-2.1580106457634622,-0.08777667889651711,-0.5579731849697414,-0.6457498638662584,17.56223260742678,6.075581153432107,within_event_leave_site_out,Dip Reef,25.0
2022,Double Cone,-20.1046,148.7218,-1.340713240785889,1,,shallow_preferred,-0.059644368741917586,-1.2810688720439716,0.7208183991320823,-0.08777667889651711,0.868239446770517,0.7804627678739999,18.133391956516384,6.125095114284054,within_event_leave_site_out,Double Cone,25.0
2022,Dugong Island,-10.518,143.0997,-3.104144143713349,1,,shallow_preferred,0.2177785152898962,-3.321922659003245,-1.0192338161535996,-0.08777667889651711,-1.1492356525469787,-1.2370123314434958,40.642679498549576,1.9706202116099338,within_event_leave_site_out,Dugong Island,25.0
2022,Dunk Island,-17.9263,146.1461,2.6186019242209104,1,,shallow_preferred,0.8139913178097109,1.8046106064111995,1.3652785165902608,-0.10454341103008777,0.6558306098106378,0.55128719878055,9.242496316970788,3.7112285343700537,within_event_leave_site_out,Dunk Island,25.0
2022,East Cay,-21.46965,152.56664999999998,-1.408171322422771,2,,all_available,-0.4115684404311448,-0.9966028819916262,-0.8129651903848951,-0.08777667889651711,-0.3136200710572332,-0.4013967499537503,15.71780050662962,5.273147443132941,within_event_leave_site_out,East Cay,25.0
2022,Erskine Island,-23.4993,151.7749,-0.1361484251800034,1,,shallow_preferred,-0.04837174628348628,-0.08777667889651711,1.0949804140515287,-0.10454341103008777,1.2478955713651028,1.143352160335015,4.6449376543534555,4.036059742804733,within_event_leave_site_out,Erskine Island,25.0
2022,Farquharson Reef,-17.79,146.5315,4.046969595776141,1,,shallow_preferred,0.9083343298213535,3.138635265954788,1.2908540292046808,-0.10454341103008777,0.48706311041341516,0.3825196993833274,4.786752694885461,4.4629827973873,within_event_leave_site_out,Farquharson Reef,25.0
2022,Feather Reef,-17.519,146.3887,0.6317105884816945,1,,shallow_preferred,0.63636895911926,-0.004658370637565468,0.31875773723662143,-0.10454341103008777,-0.21306781085255072,-0.31761122188263846,5.886901895802568,5.728857616791183,within_event_leave_site_out,Feather Reef,25.0
2022,Fitzroy Island,-16.9233,145.9963,2.65282077204235,1,,shallow_preferred,1.1222728146347243,1.5305479574076255,-0.6283156840573754,-0.10454341103008777,-1.6460450876620119,-1.7505884986920996,16.52260544145923,5.715487971914312,within_event_leave_site_out,Fitzroy Island,25.0
2022,Frankland Islands,-17.227,146.0904,-2.82,1,,shallow_preferred,0.7038489470279994,-3.5238489470279992,-0.6398632063456411,-0.08777667889651711,-1.2559354744771234,-1.3437121533736405,11.41944379063452,5.606361821993535,within_event_leave_site_out,Frankland Islands,25.0
2022,Gannet Cay Reef,-21.9784,152.4742,-0.1507100538374921,1,,shallow_preferred,-0.19344218763734378,0.04273213379985169,-0.21045125991650115,-0.10454341103008777,0.0875343387509304,-0.017009072279157364,13.323992323594386,6.244437396170125,within_event_leave_site_out,Gannet Cay Reef,25.0
2022,Geoffrey Bay,-19.1548,146.8685,5.061730904646273,1,,shallow_preferred,1.0128724183062507,4.0488584863400225,-0.42124089253970065,-0.10454341103008777,-1.3295698998158636,-1.4341133108459514,48.39896797890436,3.5176765918397304,within_event_leave_site_out,Geoffrey Bay,25.0
2022,"Green Island, Qld",-16.7755,145.9803,-0.4121544361777092,1,,all_available,1.1365451044236752,-1.5486995406013844,0.5900596372713556,-0.08777667889651711,-0.4587087882558026,-0.5464854671523197,16.52260544145923,5.020732247416421,within_event_leave_site_out,"Green Island, Qld",25.0
2022,Havannah Island,-18.8472,146.5428,-7.62,1,,shallow_preferred,0.8431783881594738,-8.463178388159474,0.5097735508219575,-0.08777667889651711,-0.24562815844099914,-0.33340483733751625,11.941546404388253,5.864364606781371,within_event_leave_site_out,Havannah Island,25.0
2022,Hayman Island,-20.0415,148.8819,0.494145963859558,1,,shallow_preferred,-0.12471392883691697,0.618859892696475,0.19328157124904377,-0.10454341103008777,0.4225389111160485,0.3179955000859608,14.08776503436185,6.348687675835492,within_event_leave_site_out,Hayman Island,25.0
2022,Hedley Reef,-17.2235,146.4754,-1.657937384793584,1,,shallow_preferred,0.6611253246809424,-2.3190627094745264,0.05066324876831585,-0.08777667889651711,-0.5226853970161095,-0.6104620759126266,6.665061893679919,4.5820054149952085,within_event_leave_site_out,Hedley Reef,25.0
2022,Helix Reef,-18.6203,147.2958,-1.1398314146952075,1,,shallow_preferred,-1.3676243961697394,0.22779298147453186,-2.054406549562386,-0.10454341103008777,-0.582238742362559,-0.6867821533926468,22.624476091743695,7.141057767628722,within_event_leave_site_out,Helix Reef,25.0
2022,Henderson Island,-21.4854,149.9096,-0.0543985601681202,1,,shallow_preferred,-0.42018238584698886,0.3657838256788687,-0.5087996668653322,-0.10454341103008777,0.015926130011744512,-0.08861728101834326,35.51993817205843,3.1206813877866613,within_event_leave_site_out,Henderson Island,25.0
2022,Heron Island,-23.4384,151.9182,2.1808009517332927,1,,shallow_preferred,-0.14632303888025858,2.3271239906135515,0.2513286031428872,-0.10454341103008777,0.5021950530532335,0.39765164202314573,16.10863002746127,4.608021466809273,within_event_leave_site_out,Heron Island,25.0
2022,High Island,-17.1622,146.007,-2.77,1,,shallow_preferred,1.0064569955469085,-3.7764569955469085,-0.30278131982760903,-0.08777667889651711,-1.2214616364780004,-1.3092383153745175,11.41944379063452,5.091274895606583,within_event_leave_site_out,High Island,25.0
2022,Hook Island,-20.1681,148.8871,0.2107336087404583,1,,shallow_preferred,-0.09695801194343986,0.30769162068389816,0.4975458009905697,-0.10454341103008777,0.6990472239640974,0.5945038129340096,12.488611960182649,6.832986773935953,within_event_leave_site_out,Hook Island,25.0
2022,Horseshoe Reef,-22.0229,152.6192,0.0112034489833148,1,,all_available,-0.1890122314335424,0.2002156804168572,-0.17329893117524708,-0.10454341103008777,0.12025671128838313,0.015713300258295357,5.425255719767251,4.995910120391655,within_event_leave_site_out,Horseshoe Reef,25.0
2022,Humpy Island,-23.2162,150.9638,0.279434735430043,1,,shallow_preferred,0.9948108371082701,-0.7153761016782272,0.8209360769330906,-0.08777667889651711,-0.08609808127866252,-0.1738747601751796,9.521104486568222,4.151833229233776,within_event_leave_site_out,Humpy Island,25.0
2022,John Brewer,-18.619,147.0811,0.4930263576224289,1,,shallow_preferred,-1.1123996646239387,1.6054260222463677,-2.1852196557850174,-0.10454341103008777,-0.968276580130991,-1.0728199911610787,21.468353402243846,5.750358650828058,within_event_leave_site_out,John Brewer,25.0
2022,Kelso Reef,-18.4448,146.9933,-1.0781514652946915,1,,shallow_preferred,-1.1611599802363857,0.08300851494169414,-2.053934932822598,-0.10454341103008777,-0.7882315415561248,-0.8927749525862126,12.620223867733433,5.267631880352479,within_event_leave_site_out,Kelso Reef,25.0
2022,Knife Reef,-18.5711,147.5772,-3.2651574439186666,1,,all_available,-1.3868171393732105,-1.878340304545456,-2.1938780100790876,-0.08777667889651711,-0.7192841918093598,-0.8070608707058768,17.15573681986673,5.8301130489542,within_event_leave_site_out,Knife Reef,25.0
2022,Lady Elliot Reef,-18.6798,146.3325,3.8833344612980607,1,,shallow_preferred,0.4612371771034665,3.422097284194594,-1.638291425068772,-0.10454341103008777,-1.9949851911421508,-2.0995286021722386,18.578485503433193,5.511743903173102,within_event_leave_site_out,Lady Elliot Reef,25.0
2022,Lady Musgrave,-23.8896,152.42,-0.47,1,,shallow_preferred,-0.42639748431472085,-0.04360251568527912,-0.22057604834770517,-0.10454341103008777,0.3103648469971034,0.20582143596701566,57.29863113389703,1.8557711235479188,within_event_leave_site_out,Lady Musgrave,25.0
2022,Lagoon Reef,-12.3923,143.74,-4.43344753368639,1,,shallow_preferred,-0.7260591125270998,-3.7073884211592905,-0.8138357914236168,-0.08777667889651711,0.0,-0.08777667889651711,118.78414575979455,0.0,within_event_leave_site_out,Lagoon Reef,25.0
2022,Lizard Island,-14.68995,145.45430850000002,0.01200421625706849,2,5.0,shallow_preferred,0.053413549771067284,-0.041409333513998794,-0.5091045462728669,-0.10454341103008777,-0.45797468501384647,-0.5625180960439342,6.103187344284145,3.835291612807508,within_event_leave_site_out,Lizard Island,25.0
2022,Low Isles,-16.3831,145.5619,2.007534551996275,1,,shallow_preferred,1.1860095102321555,0.8215250417641196,1.8965844907692677,-0.10454341103008777,0.8151183915672001,0.7105749805371123,12.240133170092554,3.4043978841560336,within_event_leave_site_out,Low Isles,25.0
2022,Macgillivray,-14.6485,145.4915,-3.113379619347248,1,,all_available,-0.056389037123599016,-3.0569905822236487,0.1470490034853783,-0.08777667889651711,0.29121471950549443,0.20343804060897733,6.103187344284145,3.865563529568153,within_event_leave_site_out,Macgillivray,25.0
2022,Mackay Reef,-16.0399,145.6506,0.9261292605345348,1,,shallow_preferred,0.9254288796668648,0.0007003808676699919,0.3903492725622347,-0.10454341103008777,-0.43053619607454235,-0.5350796071046301,20.97621703541694,3.710091692307032,within_event_leave_site_out,Mackay Reef,25.0
2022,Manning Island,-23.854,151.3533,5.309158172425871,1,,shallow_preferred,1.5068629385057117,3.8022952339201592,4.4702507051434655,-0.10454341103008777,3.067931177667841,2.9633877666377533,10.301406151333772,2.0793340504942894,within_event_leave_site_out,Manning Island,25.0
2022,Martin,-14.7553,145.3722,1.9154301837787944,1,,all_available,0.24154164987322418,1.6738885339055702,-0.5226838720270327,-0.10454341103008777,-0.6596821108701691,-0.7642255219002569,11.435803865432767,3.729845601164922,within_event_leave_site_out,Martin,25.0
2022,Mast Head Reef,-23.5341,151.7497,0.3320649799632625,1,,all_available,0.24706812108714404,0.08499685887611846,1.3540031713292349,-0.10454341103008777,1.2114784612721785,1.1069350502420907,4.6449376543534555,3.9912585520607884,within_event_leave_site_out,Mast Head Reef,25.0
2022,McCulloch Reef,-17.2834,146.4777,1.0634930497346478,1,,shallow_preferred,0.6485060630834513,0.4149869866511965,-0.7602616502100198,-0.10454341103008777,-1.3042243022633833,-1.408767713293471,6.665061893679919,4.800059596738636,within_event_leave_site_out,McCulloch Reef,25.0
2022,Myrmidon Reef,-18.25695,147.38115,-2.106265781265818,2,,all_available,-1.4533128355763962,-0.6529529456894216,-2.4247299277193166,-0.08777667889651711,-0.8836404132464034,-0.9714170921429205,17.56223260742678,5.34217307124075,within_event_leave_site_out,Myrmidon Reef,25.0
2022,No Name,-14.6308,145.6418,-1.705695853816663,1,,shallow_preferred,-0.2715671817968895,-1.4341286720197737,-0.7106517813598012,-0.08777667889651711,-0.3513079206663946,-0.4390845995629117,16.289374149332726,3.8215142144149903,within_event_leave_site_out,No Name,25.0
2022,North Direction Island,-14.7435,145.5136,0.7454363748168298,1,,shallow_preferred,0.04026012966695135,0.7051762451498784,-0.6922128790644058,-0.10454341103008777,-0.6279295977012693,-0.7324730087313571,8.724533069287578,3.910376142480934,within_event_leave_site_out,North Direction Island,25.0
2022,North Keppel Island,-23.0864,150.9052,-0.7961308644747469,1,,shallow_preferred,0.9570437618132841,-1.753174626288031,0.8580472819207804,-0.08777667889651711,-0.011219800995986582,-0.0989964798925037,15.627238445567361,3.8741388783064554,within_event_leave_site_out,North Keppel Island,25.0
2022,Northeast Reef,-18.5718,146.4947,0.1769185098647074,1,,shallow_preferred,0.28146192089479516,-0.10454341103008777,-1.224364926338546,-0.08777667889651711,-1.418050168336824,-1.5058268472333411,1.341065833156318,5.065168438839631,within_event_leave_site_out,Northeast Reef,25.0
2022,Nth Barnards (Jesse Is),-17.6717,146.1747,1.273264460917427,1,,all_available,0.8305705165183349,0.44269394439909215,1.0601334343206195,-0.10454341103008777,0.33410632883237223,0.22956291780228447,28.333671520104392,7.177131590765142,within_event_leave_site_out,Nth Barnards (Jesse Is),25.0
2022,One Tree Island,-23.4833,152.0739,-0.32,4,,all_available,-0.648888646075339,0.328888646075339,0.22310054026367143,-0.10454341103008777,0.9765325973690983,0.8719891863390105,16.648108547346098,4.000349667331994,within_event_leave_site_out,One Tree Island,25.0
2022,Pandora Reef,-18.8164,146.4341,-1.3308283189703358,1,,shallow_preferred,0.8117627363744827,-2.1425910553448184,-1.0206669681312173,-0.08777667889651711,-1.7446530256091828,-1.8324297045056999,11.941546404388253,5.592784294195662,within_event_leave_site_out,Pandora Reef,25.0
2022,Peak Island,-23.3413,150.9369,0.5855679313135402,1,,shallow_preferred,1.1935695433137739,-0.6080016120002336,1.338522209562398,-0.08777667889651711,0.23272934514514124,0.14495266624862413,12.986160728490018,4.309320343627846,within_event_leave_site_out,Peak Island,25.0
2022,Peart Reef,-17.4676,146.402,-0.8201420307894405,1,,shallow_preferred,0.635305249415784,-1.4554472802052245,0.3605855193724888,-0.08777667889651711,-0.18694305114677817,-0.2747197300432953,5.886901895802568,5.652030677650421,within_event_leave_site_out,Peart Reef,25.0
2022,Pelican Island,-23.2397,150.8742,2.87801058962431,1,,shallow_preferred,1.03000171561938,1.84800887400493,0.18435221934026425,-0.10454341103008777,-0.7411060852490279,-0.8456494962791157,9.521104486568222,4.044281621371465,within_event_leave_site_out,Pelican Island,25.0
2022,Pelorus Island,-18.5406,146.4888,-1.0987203135328016,1,,shallow_preferred,0.26863203036065697,-1.3673523438934585,-0.8273336591706505,-0.08777667889651711,-1.0081890106347904,-1.0959656895313075,3.2422887630841384,4.996199733904804,within_event_leave_site_out,Pelorus Island,25.0
2022,Penrith Reef,-21.0036,149.8882,-1.4836345387472027,1,,shallow_preferred,-0.7992860691894007,-0.684348469557802,-1.4899969139771947,-0.08777667889651711,-0.6029341658912769,-0.690710844787794,18.243632282729035,2.0691829782094913,within_event_leave_site_out,Penrith Reef,25.0
2022,Pine Island,-20.378,148.8884,1.614351045119581,1,,shallow_preferred,0.6309985484913292,0.9833524966282519,1.3631324109272527,-0.10454341103008777,0.8366772734660113,0.7321338624359235,6.357400115253845,6.070256652184882,within_event_leave_site_out,Pine Island,25.0
2022,Pine Peak Island,-21.5145,150.2515,-0.6866243656929498,1,,shallow_preferred,-0.4918266030251803,-0.19479776266776955,-0.6184282844975404,-0.08777667889651711,-0.03882500257584295,-0.12660168147236006,35.51993817205843,2.527347106809221,within_event_leave_site_out,Pine Peak Island,25.0
2022,Pompey Reef (No 1),-20.9201,150.5582,-1.631415408490577,1,,shallow_preferred,-0.8147018173640832,-0.8167135911264938,-1.1519999971570158,-0.08777667889651711,-0.24952150089641556,-0.33729817979293264,32.896988404128905,2.66999493664497,within_event_leave_site_out,Pompey Reef (No 1),25.0
2022,Rat Island,-23.767,151.3185,6.114287463581379,1,,shallow_preferred,1.6358081966191962,4.478479266962182,3.683202617682639,-0.10454341103008777,2.1519378320935307,2.047394421063443,10.301406151333772,3.0113950098454874,within_event_leave_site_out,Rat Island,25.0
2022,Rebe Reef,-19.795,150.1499,-5.96,1,,shallow_preferred,-1.4000382823149595,-4.559961717685041,-3.7926895040502764,-0.08777667889651711,-2.3048745428388,-2.392651221735317,28.627899247066132,1.0,within_event_leave_site_out,Rebe Reef,25.0
2022,Rib Reef,-18.473,146.8774,-3.641424667151929,1,,shallow_preferred,-0.6999941029273369,-2.941430564224592,-1.196562920686355,-0.08777667889651711,-0.40879213886250104,-0.4965688177590182,12.620223867733433,5.514902948999278,within_event_leave_site_out,Rib Reef,25.0
2022,Sand Bank No7,-13.4363,143.9722,-4.078812431810763,1,,shallow_preferred,-1.8107640877794196,-2.2680483440313437,-1.8985407666759366,-0.08777667889651711,0.0,-0.08777667889651711,82.5447688071673,0.0,within_event_leave_site_out,Sand Bank No7,25.0
2022,Seaforth Island,-20.4685,149.0389,1.3896108603220183,1,,shallow_preferred,0.6374479718140058,0.7521628885080125,1.3241594071591356,-0.10454341103008777,0.7912548463752176,0.6867114353451298,17.28354301801151,5.672602021370692,within_event_leave_site_out,Seaforth Island,25.0
2022,Shute and Tancred Islands,-20.3009,148.7983,1.2805066431930934,1,,shallow_preferred,0.322973043576776,0.9575335996163175,1.0523945431677328,-0.10454341103008777,0.8339649106210446,0.7294214995909568,5.230947964630829,6.24002301046168,within_event_leave_site_out,Shute and Tancred Islands,25.0
2022,Small Lagoon Reef,-21.8678,152.5239,-0.49,1,,shallow_preferred,-0.19293550592226574,-0.2970644940777343,-0.25382103841849035,-0.08777667889651711,0.02689114640029252,-0.06088553249622459,13.323992323594386,6.600791306545443,within_event_leave_site_out,Small Lagoon Reef,25.0
2022,Snake Reef,-22.0232,152.1928,0.2680475636644979,1,,shallow_preferred,-0.20897824797367945,0.47702581163817737,-0.22119110117412769,-0.10454341103008777,0.09233055782963953,-0.012212853200448237,14.491850269937311,4.758174052873772,within_event_leave_site_out,Snake Reef,25.0
2022,Snapper Island North,-16.2924,145.4969,4.223499478603828,1,,shallow_preferred,1.23359709456745,2.989902384036378,1.0469937162535048,-0.10454341103008777,-0.08205996728385727,-0.18660337831394502,12.240133170092554,3.1144209494442214,within_event_leave_site_out,Snapper Island North,25.0
2022,St Crispin Reef,-16.0733,145.8438,-0.410183903401097,1,,shallow_preferred,0.6927506075694602,-1.1029345109705573,-0.636691515656472,-0.08777667889651711,-1.241665444329415,-1.3294421232259321,4.370937219683819,2.9121905827083143,within_event_leave_site_out,St Crispin Reef,25.0
2022,Taylor Reef,-17.8121,146.5703,1.8551421834079156,1,,shallow_preferred,0.9052914385052729,0.9498507449026427,2.2902835671182635,-0.10454341103008777,1.4895355396430783,1.3849921286129905,4.786752694885461,4.041577860142251,within_event_leave_site_out,Taylor Reef,25.0
2022,Tern Reef,-20.9023,150.0264,-1.940902751155893,1,,shallow_preferred,-0.8128417477534456,-1.1280610034024474,-1.3156445945229545,-0.08777667889651711,-0.41502616787299174,-0.5028028467695088,18.243632282729035,2.0481252538103827,within_event_leave_site_out,Tern Reef,25.0
2022,Thetford Reef,-16.7995,146.1951,0.6869782559540729,1,,shallow_preferred,1.1057084826940229,-0.41873022673995,0.0316995275883194,-0.08777667889651711,-0.9862322762091864,-1.0740089551057035,19.2804492131455,5.204830482779314,within_event_leave_site_out,Thetford Reef,25.0
2022,Tryon Island,-23.2457,151.7739,0.7394298817738182,1,,shallow_preferred,-0.08366597612319776,0.823095857897016,0.5289744624016042,-0.10454341103008777,0.7171838495548897,0.6126404385248019,26.003209769600254,4.50837119332916,within_event_leave_site_out,Tryon Island,25.0
2022,Turner Cay,-21.7031,152.5605,-1.11,1,,all_available,-0.3619344696962667,-0.7480655303037334,-0.5736543361627177,-0.08777667889651711,-0.12394318756993379,-0.2117198664664509,18.699673428175867,7.1176833489114,within_event_leave_site_out,Turner Cay,25.0
2022,Tydeman Cay,-13.9715,144.5017,-3.554377203886662,1,,shallow_preferred,-1.2933131225805334,-2.2610640813061282,-1.3810898014770505,-0.08777667889651711,0.0,-0.08777667889651711,82.5447688071673,0.0,within_event_leave_site_out,Tydeman Cay,25.0
2022,Warraber Island,-10.2007,142.8189,-3.827378726930228,1,,all_available,0.3265248332861312,-4.153903560216359,-0.6421232519969687,-0.08777667889651711,-0.8808714063865828,-0.9686480852830999,44.693385849190435,1.996532239745263,within_event_leave_site_out,Warraber Island,25.0
2022,Woiz Reef,-10.1744,143.2264,-0.5409761267719593,1,,shallow_preferred,0.3316417653307589,-0.8726178921027181,-1.623966539431276,-0.08777667889651711,-1.8678316258655177,-1.9556083047620347,40.642679498549576,1.987015494794044,within_event_leave_site_out,Woiz Reef,25.0
2024,19-131 Reef,-19.7641,149.3786,-0.6744511753434193,1,,shallow_preferred,-0.2199756345381037,-0.45447554080531555,-1.8060817656284218,-0.8049137769345692,-0.7811923541557488,-1.5861061310903182,6.067198349540016,1.7041161343296996,within_event_leave_site_out,19-131 Reef,25.0
2024,19-138 Reef,-19.8024,149.4199,-1.0230412376642537,1,,shallow_preferred,-0.23084415851365356,-0.7921970791506001,-1.6292098706377982,-0.7826730319987272,-0.6156926801254174,-1.3983657121241446,6.067198349540016,1.720552298602643,within_event_leave_site_out,19-138 Reef,25.0
2024,19-159 Reef,-19.6661,149.9146,-7.65684152839136,1,,shallow_preferred,-1.0687686329645774,-6.588072895426783,-4.752986631282656,-0.7699563342147581,-2.9142616641033214,-3.6842179983180796,28.49526327239457,2.2892146309804597,within_event_leave_site_out,19-159 Reef,25.0
2024,21-062 Reef,-21.0266,150.8538,-1.9333814204583104,1,,all_available,-0.7830959794973608,-1.1502854409609498,-1.5530523137121188,-0.7699563342147581,0.0,-0.7699563342147581,79.30429201646247,0.0,within_event_leave_site_out,21-062 Reef,25.0
2024,21-139 Reef,-21.4552,151.4654,0.0726746718180955,1,,shallow_preferred,-0.33172679291490914,0.40440146473300465,-0.5464943930266155,-0.8049137769345692,0.5901461768228629,-0.21476760011170637,18.982969178608094,1.0,within_event_leave_site_out,21-139 Reef,25.0
2024,21-187 Reef,-21.4072,151.6414,-0.4103944612504753,1,,shallow_preferred,-0.2871273997538465,-0.1232670614966288,-0.04505781964954414,-0.8049137769345692,1.0469833570388716,0.24206958010430235,18.982969178608094,1.0,within_event_leave_site_out,21-187 Reef,25.0
2024,21-296 Reef,-21.3283,152.5656,-4.404290636113286,1,,all_available,-0.29203383944205463,-4.112256796671232,-2.6955976330343487,-0.7699563342147581,-1.6336074593775363,-2.403563793592294,16.101130827301812,2.1219843034010726,within_event_leave_site_out,21-296 Reef,25.0
2024,21-550 Reef,-21.9471,152.3069,-6.265088692108982,1,,shallow_preferred,-0.09617654100881787,-6.168912151100164,-1.3303648555399439,-0.7699563342147581,-0.46423198031636786,-1.2341883145311259,14.491850269937311,4.947070316251808,within_event_leave_site_out,21-550 Reef,25.0
2024,Agincourt Reef Number 1,-16.0398,145.8652,-4.012516339372439,1,,shallow_preferred,0.6065063666371943,-4.619022706009633,0.48658359646412763,-0.7699563342147581,0.6500335640416914,-0.11992277017306663,4.370937219683819,2.552640675968556,within_event_leave_site_out,Agincourt Reef Number 1,25.0
2024,Aquila Island,-21.9611,149.5816,0.4390047486318469,1,,shallow_preferred,-0.012076786184090112,0.45108153481593705,-0.34188829666622234,-0.8049137769345692,0.475102266452437,-0.3298115104821322,62.816418969324054,1.0,within_event_leave_site_out,Aquila Island,25.0
2024,Barren Island,-23.1578,151.0707,0.3196292238013338,1,,all_available,0.8852425285998862,-0.5656133047985523,0.7455810824619814,-0.8049137769345692,0.6652523307966645,-0.13966144613790477,12.710620140085936,3.3505768764271986,within_event_leave_site_out,Barren Island,25.0
2024,Bedarra Island,-18.0094,146.148,1.1625144023774636,1,,shallow_preferred,1.2561375583048071,-0.0936231559273435,0.22868871544920205,-0.8049137769345692,-0.22253506592103584,-1.027448842855605,9.242496316970788,3.7274700856582856,within_event_leave_site_out,Bedarra Island,25.0
2024,Cattle Bay,-18.5691,146.4823,-0.7300712136667187,1,,shallow_preferred,0.3284878005431525,-1.0585590142098713,-1.3707550429939346,-0.7699563342147581,-0.929286509322329,-1.6992428435370872,1.341065833156318,5.013785574015658,within_event_leave_site_out,Cattle Bay,25.0
2024,Chicken Reef,-18.6543,147.7143,-2.184520626102456,1,,shallow_preferred,-1.2475123527988714,-0.9370082733035847,-3.7177748621525897,-0.7699563342147581,-1.7003061751389599,-2.470262509353718,17.15573681986673,3.3196277238520486,within_event_leave_site_out,Chicken Reef,25.0
2024,Chinaman Reef,-21.9973,152.664,-0.5064200122349298,1,,shallow_preferred,-0.10724992365037182,-0.399170088584558,-1.6887072468871924,-0.8049137769345692,-0.7765435463022515,-1.5814573232368208,5.64402331010218,3.919941827974175,within_event_leave_site_out,Chinaman Reef,25.0
2024,Davies Reef,-18.8065,147.6688,-4.23,1,,shallow_preferred,-1.134304886508141,-3.0956951134918596,-2.7170387478511335,-0.7699563342147581,-0.8127775271282345,-1.5827338613429927,17.589084506166472,3.274260229667874,within_event_leave_site_out,Davies Reef,25.0
2024,Daydream Island,-20.2557,148.8122,0.6784482753618271,1,,shallow_preferred,0.5034443644884786,0.17500391087334843,0.5736299380297556,-0.8049137769345692,0.8750993504758462,0.07018557354127697,5.230947964630829,6.373043661265524,within_event_leave_site_out,Daydream Island,25.0
2024,Dent Island,-20.345,148.9382,2.566522705175249,1,,shallow_preferred,0.8283682521757456,1.7381544529995032,0.8218549562344377,-0.8049137769345692,0.7984004809932613,-0.006513295941307895,6.357400115253845,6.2375499084502,within_event_leave_site_out,Dent Island,25.0
2024,Double Cone,-20.1046,148.7218,1.2275266028900518,1,,shallow_preferred,0.20571258172541215,1.0218140211646396,-0.298306285434179,-0.8049137769345692,0.30089490977497807,-0.5040188671595911,18.64569681400093,6.14755112172425,within_event_leave_site_out,Double Cone,25.0
2024,Dunk Island,-17.9263,146.1461,1.9648675111953395,1,,shallow_preferred,1.2402114689139059,0.7246560422814337,-0.19574021901579464,-0.8049137769345692,-0.6310379109951313,-1.4359516879297005,9.242496316970788,3.7088914096306094,within_event_leave_site_out,Dunk Island,25.0
2024,East Cay,-21.4731,152.5661,-2.711257994167201,1,,shallow_preferred,-0.28035021453615777,-2.430907779631043,-2.9795986522717555,-0.7699563342147581,-1.9292921035208397,-2.699248437735598,16.101130827301812,3.905548311241195,within_event_leave_site_out,East Cay,25.0
2024,Erskine Island,-23.4993,151.7749,-0.1237739004500273,1,,shallow_preferred,0.45429110445222054,-0.5780650049022479,-0.30774696469539414,-0.8049137769345692,0.042875707786954535,-0.7620380691476147,4.6449376543534555,4.360586914875391,within_event_leave_site_out,Erskine Island,25.0
2024,Farquharson Reef,-17.79,146.5315,-0.4620728254939896,1,,shallow_preferred,1.2567403550643663,-1.718813180558356,-0.2585184034450744,-0.7699563342147581,-0.7453024242946826,-1.5152587585094408,4.786752694885461,3.7556821363840034,within_event_leave_site_out,Farquharson Reef,25.0
2024,Feather Reef,-17.519,146.3887,-0.1261575783816608,1,,shallow_preferred,0.8780257599351909,-1.0041833383168517,-1.4875170982782284,-0.7699563342147581,-1.5955865239986613,-2.3655428582134195,6.034190045094119,4.766370050218372,within_event_leave_site_out,Feather Reef,25.0
2024,Fitzroy Island,-16.9233,145.9963,2.4398755607444453,1,,shallow_preferred,0.771884441627442,1.6679911191170034,-0.018357567108156815,-0.8049137769345692,0.014671768198970444,-0.7902420087355988,25.23976149187972,3.2152475339383075,within_event_leave_site_out,Fitzroy Island,25.0
2024,Frankland Islands,-17.227,146.0904,-4.0774689296026985,1,,shallow_preferred,0.48038258541802603,-4.557851515020724,0.32778242060666474,-0.7699563342147581,0.6173561694033968,-0.1526001648113613,11.41944379063452,4.021217990680654,within_event_leave_site_out,Frankland Islands,25.0
2024,Gannet Cay Reef,-21.9784,152.4742,-1.6855877548702187,1,,shallow_preferred,-0.10470772057760955,-1.5808800342926093,-2.094673459424735,-0.7699563342147581,-1.220009404632367,-1.989965738847125,15.485499777971011,5.368819326488538,within_event_leave_site_out,Gannet Cay Reef,25.0
2024,Geoffrey Bay,-19.1548,146.8685,3.1578664283643807,1,,shallow_preferred,1.019209651161937,2.138656777202444,-0.32536861492470215,-0.8049137769345692,-0.53966448915207,-1.3445782660866392,48.39896797890436,3.5176765918397304,within_event_leave_site_out,Geoffrey Bay,25.0
2024,Havannah Island,-18.8472,146.5428,-2.0044825113156497,1,,shallow_preferred,0.8795130320907698,-2.8839955434064195,-0.11168707445629089,-0.7699563342147581,-0.22124377233230264,-0.9912001065470607,11.941546404388253,5.864364606781371,within_event_leave_site_out,Havannah Island,25.0
2024,Hayman Island,-20.0572,148.8997,-1.6394145048062023,1,,all_available,0.1532528756886786,-1.792667380494881,-0.019853880351463626,-0.7699563342147581,0.5968495781746158,-0.17310675604014225,12.401515782198352,6.402567892859346,within_event_leave_site_out,Hayman Island,25.0
2024,Helix Reef,-18.6203,147.2958,-2.0171620859266275,1,,shallow_preferred,-1.1995316112080892,-0.8176304747185383,-2.7848200002403005,-0.7699563342147581,-0.8153320548174535,-1.5852883890322116,22.624476091743695,6.523339257606046,within_event_leave_site_out,Helix Reef,25.0
2024,Henderson Island,-21.4854,149.9096,1.126334270875045,1,,shallow_preferred,-0.3715750325939067,1.4979093034689517,-2.0483687047111947,-0.8049137769345692,-0.8718798951827189,-1.676793672117288,35.51993817205843,3.1206813877866613,within_event_leave_site_out,Henderson Island,25.0
2024,Heron Island,-23.4384,151.9182,-0.181553811969767,1,,shallow_preferred,0.3907313134816485,-0.5722851254514155,-0.654077790264999,-0.8049137769345692,-0.23989532681207829,-1.0448091037466476,16.10863002746127,4.8456014587213465,within_event_leave_site_out,Heron Island,25.0
2024,High Island,-17.1622,146.007,1.535772150210808,1,,shallow_preferred,0.6032889606301584,0.9324831895806496,-1.4310710401684283,-0.8049137769345692,-1.2294462238640174,-2.0343600007985865,11.41944379063452,3.6518061857287885,within_event_leave_site_out,High Island,25.0
2024,Hook Island,-20.1681,148.8871,-3.042549039341085,1,,all_available,0.19167382988072507,-3.23422286922181,0.5116632167359823,-0.7699563342147581,1.0899457210700152,0.31998938685525713,12.401515782198352,6.797256634315534,within_event_leave_site_out,Hook Island,25.0
2024,Horseshoe Reef,-22.0227,152.6166,-0.1809719599408747,1,,shallow_preferred,-0.10498900496413419,-0.07598295497674051,-1.880514743943209,-0.8049137769345692,-0.9706119620445055,-1.7755257389790748,5.64402331010218,4.041036951986588,within_event_leave_site_out,Horseshoe Reef,25.0
2024,Humpy Island,-23.2162,150.9638,0.6080076396220804,1,,shallow_preferred,1.1065230958295686,-0.4985154562074883,1.0738639510348587,-0.8049137769345692,0.7722546321398593,-0.03265914479470988,9.521104486568222,3.1535997546892687,within_event_leave_site_out,Humpy Island,25.0
2024,John Brewer,-18.619,147.0811,-2.873303413257616,1,,shallow_preferred,-0.9980083753826814,-1.8752950378749347,-2.3220084104676797,-0.7699563342147581,-0.55404370087024,-1.324000035084998,21.468353402243846,5.441248769245635,within_event_leave_site_out,John Brewer,25.0
2024,Kelso Reef,-18.4448,146.9933,-3.000988014471895,1,,shallow_preferred,-1.0350896474511926,-1.9658983670207022,-2.2096266608777615,-0.7699563342147581,-0.40458067921181073,-1.1745370134265687,12.620223867733433,5.02763983577218,within_event_leave_site_out,Kelso Reef,25.0
2024,Knife Reef,-18.5711,147.5772,-4.760525391713829,1,,all_available,-1.2789242769976934,-3.4816011147161356,-2.6133432653614936,-0.7699563342147581,-0.5644626541490423,-1.3344189883638005,17.15573681986673,4.869874372946143,within_event_leave_site_out,Knife Reef,25.0
2024,Lady Elliot Reef,-18.6798,146.3325,2.6642012664764696,1,,shallow_preferred,0.5014769949088376,2.1627242715676323,-1.4200047944892153,-0.8049137769345692,-1.1165680124634836,-1.9214817893980527,18.578485503433193,5.5117439031731035,within_event_leave_site_out,Lady Elliot Reef,25.0
2024,Lady Musgrave,-23.8896,152.42,-1.9318759413607989,1,,shallow_preferred,-0.1121071157872336,-1.8197688255735653,-1.0323527335478058,-0.7699563342147581,-0.15028928354581406,-0.9202456177605721,57.29863113389703,1.8557711235479188,within_event_leave_site_out,Lady Musgrave,25.0
2024,Lagoon Reef,-12.3926,143.7398,-3.979975825951212,1,,all_available,-0.7471517898757943,-3.2328240360754177,-1.5171081240905524,-0.7699563342147581,0.0,-0.7699563342147581,118.75613707833729,0.0,within_event_leave_site_out,Lagoon Reef,25.0
2024,Lizard Island,-14.68995,145.45430850000002,0.9437563272144394,2,5.0,shallow_preferred,-0.3861152363078476,1.3298715635222869,1.503691307615791,-0.8049137769345692,2.694720320858208,1.8898065439236387,6.103187344284145,4.7140109252933025,within_event_leave_site_out,Lizard Island,25.0
2024,Low Isles,-16.3831,145.5619,3.234717160448197,1,,shallow_preferred,1.057296637133733,2.177420523314464,3.7779287913552295,-0.8049137769345692,3.5255459311560657,2.7206321542214966,12.240133170092554,2.6911963387548283,within_event_leave_site_out,Low Isles,25.0
2024,Macgillivray,-14.6485,145.4915,0.3334817723541992,1,,all_available,-0.4973843823492942,0.8308661547034935,1.1047687671003614,-0.8049137769345692,2.407066926384225,1.6021531494496557,6.103187344284145,4.84460383935253,within_event_leave_site_out,Macgillivray,25.0
2024,Mackay Reef,-16.0399,145.6506,2.986583602448798,1,,shallow_preferred,0.8397603919721842,2.146823210476614,0.18398262629297324,-0.8049137769345692,0.14913601125535825,-0.655777765679211,20.97621703541694,3.7100916923070324,within_event_leave_site_out,Mackay Reef,25.0
2024,Manning Island,-23.854,151.3533,0.8688011005989598,1,,shallow_preferred,1.872040112140924,-1.0032390115419643,3.824645917867585,-0.7699563342147581,2.722562139941419,1.9526058057266606,10.301406151333772,2.8541590400641415,within_event_leave_site_out,Manning Island,25.0
2024,Martin,-14.7553,145.3722,3.8351490990065393,1,,all_available,-0.19492690768504325,4.030076006691583,1.2210905159966283,-0.8049137769345692,2.2209312006162407,1.4160174236816716,11.435803865432767,4.5058731255750875,within_event_leave_site_out,Martin,25.0
2024,Mast Head Reef,-23.5341,151.7497,0.0469545366380899,1,,all_available,0.7946701259170059,-0.747715589278916,0.19607826200634512,-0.8049137769345692,0.20632191302390843,-0.5985918639106608,4.6449376543534555,4.39102905549755,within_event_leave_site_out,Mast Head Reef,25.0
2024,Myrmidon Reef,-18.2585,147.3814,-1.772714135542496,1,,shallow_preferred,-1.3076828177350241,-0.46503131780747187,-2.6437437339867653,-0.8049137769345692,-0.5311471393171716,-1.336060916251741,40.43445215991432,6.265521985494793,within_event_leave_site_out,Myrmidon Reef,25.0
2024,No Name,-14.6308,145.6418,-3.1206719496112054,1,,shallow_preferred,-0.6698322267487357,-2.4508397228624696,0.9024572235562964,-0.7699563342147581,2.34224578451979,1.572289450305032,7.0475439096602095,4.545555291743602,within_event_leave_site_out,No Name,25.0
2024,North Direction Island,-14.7435,145.5136,5.383649436141575,1,,shallow_preferred,-0.3958737924735789,5.7795232286151546,0.2801488466390285,-0.8049137769345692,1.4809364160471767,0.6760226391126075,8.724533069287578,4.823605800320963,within_event_leave_site_out,North Direction Island,25.0
2024,North Keppel Island,-23.0864,150.9052,1.0622295146220626,1,,shallow_preferred,1.0496625028016577,0.012567011820404872,0.7092204546362672,-0.8049137769345692,0.46447172876917864,-0.3404420481653906,15.627238445567361,2.992414691347994,within_event_leave_site_out,North Keppel Island,25.0
2024,Northeast Reef,-18.5718,146.4947,0.4083809324888072,1,,shallow_preferred,0.32632163814990867,0.08205929433889853,-1.711623982473866,-0.8049137769345692,-1.2330318436892054,-2.0379456206237747,1.341065833156318,5.065168438839631,within_event_leave_site_out,Northeast Reef,25.0
2024,Nth Barnards (Jesse Is),-17.6717,146.1747,-2.745176977858989,1,,all_available,1.2306641403167455,-3.975841118175735,0.17391221518379524,-0.7699563342147581,-0.28679559091819223,-1.0567519251329502,28.333671520104392,7.069950388164718,within_event_leave_site_out,Nth Barnards (Jesse Is),25.0
2024,One Tree Island,-23.4833,152.0739,-1.8831180838731818,4,,all_available,-0.127699757693873,-1.7554183261793088,-1.0547616106352777,-0.7699563342147581,-0.1571055187266467,-0.9270618529414048,16.648108547346098,4.000349667331994,within_event_leave_site_out,One Tree Island,25.0
2024,Pandora Reef,-18.8164,146.4341,-1.2492841044856169,1,,shallow_preferred,0.8485993348048686,-2.0978834392904853,-0.2450724941062336,-0.7699563342147581,-0.32371549469634414,-1.0936718289111023,11.941546404388253,5.592784294195662,within_event_leave_site_out,Pandora Reef,25.0
2024,Peart Reef,-17.4665,146.4031,-2.1103074542540026,1,,all_available,0.857894711408009,-2.9682021656620114,-0.7650473049016157,-0.7699563342147581,-0.8529856820948666,-1.6229420163096246,6.034190045094119,4.431872008664915,within_event_leave_site_out,Peart Reef,25.0
2024,Pelican Island,-23.2397,150.8742,1.3336012499129186,1,,shallow_preferred,1.1476425279132618,0.1859587219996568,0.8896255886603278,-0.8049137769345692,0.5468968376816352,-0.258016939252934,9.521104486568222,3.0515897508159116,within_event_leave_site_out,Pelican Island,25.0
2024,Pelorus Island,-18.5406,146.4888,-4.99468701852191,1,,shallow_preferred,0.3199774234697931,-5.314664441991703,-0.24422915740048234,-0.7699563342147581,0.20574975334448264,-0.5642065808702754,3.2422887630841384,4.996199733904805,within_event_leave_site_out,Pelorus Island,25.0
2024,Penrith Reef,-21.0036,149.8882,-8.25,1,,shallow_preferred,-0.7185828608428435,-7.531417139157156,-2.57505678490542,-0.7699563342147581,-1.0865175898478185,-1.8564739240625765,18.243632282729035,1.7642863579018704,within_event_leave_site_out,Penrith Reef,25.0
2024,Pine Island,-20.378,148.8884,2.039983382562866,1,,shallow_preferred,0.843724304555686,1.1962590780071802,1.0505880353387773,-0.8049137769345692,1.0117775077176605,0.20686373078309128,6.357400115253845,6.104279542452455,within_event_leave_site_out,Pine Island,25.0
2024,Pine Peak Island,-21.5145,150.2515,-0.7875008679016648,1,,shallow_preferred,-0.44195692212631565,-0.3455439457753492,-1.2679794559020934,-0.8049137769345692,-0.0211087568412086,-0.8260225337757778,35.51993817205843,2.0055639481221856,within_event_leave_site_out,Pine Peak Island,25.0
2024,Rat Island,-23.767,151.3185,5.273399331924637,1,,shallow_preferred,1.856217213593851,3.4171821183307856,1.6087101625634754,-0.8049137769345692,0.5574067259041934,-0.24750705103037585,10.301406151333772,3.6027007230973944,within_event_leave_site_out,Rat Island,25.0
2024,Rebe Reef,-19.795,150.1499,-8.971298792288794,1,,shallow_preferred,-1.3383016807902965,-7.632997111498497,-6.312880799048282,-0.7699563342147581,-4.204622784043226,-4.974579118257984,28.49526327239457,1.0,within_event_leave_site_out,Rebe Reef,25.0
2024,Rib Reef,-18.473,146.8774,-0.7957262887094778,1,,shallow_preferred,-0.544507278194678,-0.2512190105147998,-2.3570850603331275,-0.8049137769345692,-1.0076640052038799,-1.8125777821384492,12.620223867733433,5.515671542736279,within_event_leave_site_out,Rib Reef,25.0
2024,Sand Bank No7,-13.4363,143.9722,-6.256932822483051,1,,shallow_preferred,-1.6462676789068547,-4.610665143576197,-2.416224013121613,-0.7699563342147581,0.0,-0.7699563342147581,118.75613707833729,0.0,within_event_leave_site_out,Sand Bank No7,25.0
2024,Seaforth Island,-20.4685,149.0389,1.0099774032713746,1,,all_available,0.8334908002145528,0.17648660305682184,1.147269302588689,-0.8049137769345692,1.1186922793087055,0.3137785023741363,17.28354301801151,5.715479644811872,within_event_leave_site_out,Seaforth Island,25.0
2024,Seal Rocks North,-23.9583,151.4849,3.263794696516893,1,,shallow_preferred,1.536044174196431,1.727750522320462,1.834361498633705,-0.8049137769345692,1.1032311013718432,0.298317324437274,17.70517680874414,3.132299974688532,within_event_leave_site_out,Seal Rocks North,25.0
2024,Shute and Tancred Islands,-20.3009,148.7983,1.6179930495016066,1,,shallow_preferred,0.530714669313443,1.0872783801881636,0.5460538810650222,-0.8049137769345692,0.8202529886861484,0.015339211751579152,5.230947964630829,6.260624572543418,within_event_leave_site_out,Shute and Tancred Islands,25.0
2024,Snake Reef,-22.0232,152.1928,-1.1544690991552988,1,,shallow_preferred,-0.08875102258845104,-1.0657180765668477,-3.136499395861761,-0.7699563342147581,-2.2777920390585518,-3.04774837327331,14.491850269937311,3.90035726581202,within_event_leave_site_out,Snake Reef,25.0
2024,Snapper Island North,-16.2924,145.4969,7.4435563247489664,1,,shallow_preferred,1.1034622375667793,6.340094087182187,1.6825870534059684,-0.8049137769345692,1.3840385927737584,0.5791248158391892,12.240133170092554,2.8808166790656315,within_event_leave_site_out,Snapper Island North,25.0
2024,St Crispin Reef,-16.0733,145.8438,-2.0280244486688037,1,,shallow_preferred,0.6442062269486643,-2.672230675617468,-0.3063552095529031,-0.7699563342147581,-0.18060510228680926,-0.9505614365015673,4.370937219683819,2.711986729225306,within_event_leave_site_out,St Crispin Reef,25.0
2024,Taylor Reef,-17.8121,146.5703,-0.1915376615305835,1,,shallow_preferred,1.255353801247093,-1.4468914627776766,-0.36685191561281216,-0.7699563342147581,-0.8522493826451472,-1.6222057168599053,4.786752694885461,3.4149030269128824,within_event_leave_site_out,Taylor Reef,25.0
2024,Tern Reef,-20.9023,150.0264,-3.845918940878663,1,,shallow_preferred,-0.7560593816944552,-3.089859559184208,-5.938109348921982,-0.7699563342147581,-4.412093633012768,-5.182049967227526,18.243632282729035,1.5450275907340376,within_event_leave_site_out,Tern Reef,25.0
2024,Thetford Reef,-16.7995,146.1951,1.199482382797532,1,,shallow_preferred,0.7762576090785911,0.42322477371894096,0.7281686742620218,-0.8049137769345692,0.7568248421179999,-0.048088934816569284,25.23976149187972,2.5019786618788697,within_event_leave_site_out,Thetford Reef,25.0
2024,Tryon Island,-23.2457,151.7739,-1.813614176405533,1,,shallow_preferred,0.45979573243338795,-2.273409908838921,-0.20793790856573058,-0.7699563342147581,0.10222269321563952,-0.6677336409991186,26.003209769600254,4.508371193329159,within_event_leave_site_out,Tryon Island,25.0
2024,Turner Cay,-21.7031,152.5605,-2.5344971807506527,1,,all_available,-0.23645921058149186,-2.298037970169161,-2.130354840934057,-0.7699563342147581,-1.1239392961378072,-1.8938956303525654,25.58142199166528,6.472824874491779,within_event_leave_site_out,Turner Cay,25.0
2024,Willis Island,-16.2897,149.9649,-13.17,1,,shallow_preferred,-1.8338131610881585,-11.336186838911841,-2.6037694953029167,-0.7699563342147581,0.0,-0.7699563342147581,350.9479252294557,0.0,within_event_leave_site_out,Willis Island,25.0
2024,Yonge Reef,-14.5731,145.6147,-1.8594030718308463,1,,shallow_preferred,-0.686501575818465,-1.1729014960123814,0.380517653902265,-0.7699563342147581,1.836975563935488,1.0670192297207302,7.0475439096602095,4.487238486811948,within_event_leave_site_out,Yonge Reef,25.0
2016,19-131 Reef,-19.7641,149.3786,2.4881428483989625,1,,shallow_preferred,-0.7990505198481755,3.287193368247138,-0.24746477412699658,0.1677746491904789,0.38381109653070006,0.551585745721179,6.067198349540016,6.13159727542475,within_event_leave_site_out,19-131 Reef,50.0
2016,19-138 Reef,-19.8024,149.4199,1.615120950831018,1,,shallow_preferred,-0.8026973594001423,2.4178183102311603,-0.10523993930340714,0.1677746491904789,0.5296827709062563,0.6974574200967352,6.067198349540016,6.212654827903171,within_event_leave_site_out,19-138 Reef,50.0
2016,19-159 Reef,-19.6661,149.9146,-3.01,1,,shallow_preferred,-1.5765769801313543,-1.4334230198686455,-1.2340933885663095,0.20510111350070148,0.1373824780643434,0.3424835915650449,19.65108297418923,5.741062523326528,within_event_leave_site_out,19-159 Reef,50.0
2016,20-104 Reef,-20.0286,149.6933,1.2862792410082275,1,,shallow_preferred,-1.1331503590577365,2.419429600065964,-0.8910857073573301,0.1677746491904789,0.07429000250992752,0.24206465170040642,38.07368864716964,7.299483443554609,within_event_leave_site_out,20-104 Reef,50.0
2016,21-062 Reef,-21.028,150.8534,-0.47,1,,shallow_preferred,-0.9946364944651971,0.5246364944651971,-1.150316878183757,0.1677746491904789,-0.3234550329090389,-0.15568038371855997,32.91453672542603,4.677105671889023,within_event_leave_site_out,21-062 Reef,50.0
2016,21-139 Reef,-21.4552,151.4654,-0.64,1,,shallow_preferred,-0.4765159319822216,-0.16348406801777843,-0.16656450633574799,0.20510111350070148,0.10485031214577212,0.3099514256464736,18.982969178608094,4.273772680519094,within_event_leave_site_out,21-139 Reef,50.0
2016,21-187 Reef,-21.4072,151.6414,-0.31,1,,shallow_preferred,-0.4777746491904789,0.1677746491904789,-0.2715322256717613,0.20510111350070148,0.0011413100180161515,0.20624242351871763,18.982969178608094,4.88018310597771,within_event_leave_site_out,21-187 Reef,50.0
2016,21-245 Reef,-21.298,152.4425,0.0,1,,shallow_preferred,-0.49890184889079553,0.49890184889079553,-0.2618886225233983,0.1677746491904789,0.06923857717691834,0.23701322636739725,23.268013681658886,6.4514775449874024,within_event_leave_site_out,21-245 Reef,50.0
2016,21-550 Reef,-21.9471,152.3069,0.0921533394028272,1,,shallow_preferred,-0.24017525933999867,0.3323285987428259,-0.023163205371335725,0.1677746491904789,0.04923740477818404,0.21701205396866294,14.491850269937311,7.203496169264781,within_event_leave_site_out,21-550 Reef,50.0
2016,21-591 Reef,-21.0266,150.3807,-1.14,1,,all_available,-0.9912377293789366,-0.1487622706210633,-1.1835143925978673,0.20510111350070148,-0.3973777767196322,-0.19227666321893072,21.906281638612597,4.913137468204342,within_event_leave_site_out,21-591 Reef,50.0
2016,Agincourt Reef Number 1,-16.0398,145.8652,0.6706690019749448,1,,shallow_preferred,0.5469769642307805,0.12369203774416437,1.6777247529886252,0.20510111350070148,0.9256466752571432,1.1307477887578448,4.370937219683819,6.577925779068688,within_event_leave_site_out,Agincourt Reef Number 1,50.0
2016,Arlington Reef,-16.6891,146.0871,1.8697210938847693,1,,shallow_preferred,0.6345015418719638,1.2352195520128055,1.029737907978394,0.1677746491904789,0.22746171691595127,0.3952363661064302,14.887593686334844,7.208913810457679,within_event_leave_site_out,Arlington Reef,50.0
2016,Barren Island,-23.1578,151.0707,0.3594048150164696,1,,all_available,0.9333613186810477,-0.5739565036645781,0.3901421822116762,0.20510111350070148,-0.748320249970073,-0.5432191364693715,12.710620140085936,5.8494294369474105,within_event_leave_site_out,Barren Island,50.0
2016,Border Island,-20.171,149.0319,-1.1542022049138567,1,,shallow_preferred,0.11748692507145277,-1.2716891299853095,1.4603109712543472,0.20510111350070148,1.137722932682193,1.3428240461828944,17.93469996869272,7.914714614467548,within_event_leave_site_out,Border Island,50.0
2016,Boult Reef,-23.747,152.2725,-0.15,1,,shallow_preferred,-0.645203382079785,0.495203382079785,-0.6393751699900041,0.1677746491904789,-0.16194643710069795,0.00582821208978096,21.8744723084485,5.115008101549245,within_event_leave_site_out,Boult Reef,50.0
2016,Cattle Bay,-18.5691,146.4823,-0.6118180509479609,1,,shallow_preferred,-0.022380331701137936,-0.589437719246823,0.4726369519621366,0.20510111350070148,0.2899161701625731,0.4950172836632746,3.2422887630841384,6.210250062818337,within_event_leave_site_out,Cattle Bay,50.0
2016,Centipede Reef,-18.7324,147.554,-1.864780516451196,1,,all_available,-1.4174007521131196,-0.44737976433807636,-0.7734818975373634,0.20510111350070148,0.4388177410750546,0.6439188545757561,14.627720356614352,6.786547747914573,within_event_leave_site_out,Centipede Reef,50.0
2016,Chicken Reef,-18.6534,147.7199,-1.9926378104458151,1,,shallow_preferred,-1.5839456330277688,-0.4086921774180463,-1.1499110918658504,0.20510111350070148,0.22893342766121705,0.43403454116191853,17.603372373092718,6.313151601325887,within_event_leave_site_out,Chicken Reef,50.0
2016,Chinaman Reef,-21.9973,152.664,-0.0185903126361312,1,,shallow_preferred,-0.22369142613683268,0.20510111350070148,-0.07090916529093012,0.1677746491904789,-0.014992388344576347,0.15278226084590257,5.64402331010218,6.837247324872325,within_event_leave_site_out,Chinaman Reef,50.0
2016,Davies Reef,-18.8065,147.6688,-1.1285137776708165,1,,shallow_preferred,-1.4526495325468203,0.32413575487600377,-0.9873592650586641,0.1677746491904789,0.29751561829767714,0.46529026748815605,14.627720356614352,6.357332666402189,within_event_leave_site_out,Davies Reef,50.0
2016,Daydream Island,-20.2557,148.8122,2.6965346641335963,1,,shallow_preferred,0.2307178430225779,2.4658168211110185,1.4353500638337027,0.1677746491904789,1.0368575716206458,1.2046322208111246,5.230947964630829,7.806513727555762,within_event_leave_site_out,Daydream Island,50.0
2016,Dent Island,-20.345,148.9382,2.8108011389618843,1,,shallow_preferred,0.5676358452578679,2.2431652937040165,1.7880508338726198,0.1677746491904789,1.052640339424273,1.2204149886147517,6.357400115253845,7.727350035292,within_event_leave_site_out,Dent Island,50.0
2016,Dip Reef,-18.3999,147.4519,-4.222305870596005,1,,all_available,-1.5987032448389535,-2.623602625757051,-1.2387278493968088,0.20510111350070148,0.15487428194144315,0.35997539544214463,23.17322158319731,7.108441360926857,within_event_leave_site_out,Dip Reef,50.0
2016,Double Cone,-20.1046,148.7218,0.4252579264263967,1,,shallow_preferred,-0.05754791657946831,0.48280584300586504,1.1122624613013028,0.1677746491904789,1.0020357286902921,1.1698103778807711,17.124731350163934,7.67013894473542,within_event_leave_site_out,Double Cone,50.0
2016,Dunk Island,-17.9263,146.1461,-1.417138406452865,1,,shallow_preferred,0.853098406462349,-2.270236812915214,0.7479064882227779,0.20510111350070148,-0.31029303174027256,-0.10519191823957108,43.51444028061641,7.347277998721382,within_event_leave_site_out,Dunk Island,50.0
2016,East Cay,-21.4727,152.5662,0.0,1,,shallow_preferred,-0.4941233869709143,0.4941233869709143,-0.250492577388847,0.1677746491904789,0.0758561603915884,0.24363080958206731,23.268013681658886,7.0958182988963925,within_event_leave_site_out,East Cay,50.0
2016,Erskine Island,-23.498800000000003,151.7748,0.0,2,6.25,shallow_preferred,0.09887769231448477,-0.09887769231448477,0.041696307224316165,0.20510111350070148,-0.2622824985908701,-0.057181385090168624,4.685781715535059,5.627020783761979,within_event_leave_site_out,Erskine Island,50.0
2016,Farquharson Reef,-17.79,146.5315,2.174716284413961,1,,shallow_preferred,0.9538066915102512,1.2209095929037097,0.45618860708234166,0.1677746491904789,-0.6653927336183886,-0.49761808442790967,4.786752694885461,6.273984863907977,within_event_leave_site_out,Farquharson Reef,50.0
2016,Feather Reef,-17.51845,146.3896,-0.4887138188329878,2,1.1,shallow_preferred,0.5817764143820108,-1.0704902332149986,0.11832360604038872,0.20510111350070148,-0.6685539218423235,-0.46345280834162206,5.878119787678927,7.213384653908267,within_event_leave_site_out,Feather Reef,50.0
2016,Frankland Islands,-17.227,146.0904,-0.6161032549995185,1,,shallow_preferred,0.3638488173976113,-0.9799520723971298,-0.016740482999687778,0.20510111350070148,-0.5856904138980006,-0.3805893003972991,11.41944379063452,7.387645602908901,within_event_leave_site_out,Frankland Islands,50.0
2016,Gannet Cay Reef,-21.9784,152.4742,-0.35,1,,shallow_preferred,-0.23097018879224238,-0.1190298112077576,0.019951965145953376,0.20510111350070148,0.04582104043749427,0.2509221539381957,13.323992323594386,7.2016807865828065,within_event_leave_site_out,Gannet Cay Reef,50.0
2016,Geoffrey Bay,-19.1549,146.8685,13.548800298159325,1,,all_available,0.7136384584402254,12.835161839719099,0.8261855574217006,0.1677746491904789,-0.05522755020900367,0.11254709898147525,48.4068194825638,7.632570556085613,within_event_leave_site_out,Geoffrey Bay,50.0
2016,"Green Island, Qld",-16.7755,145.9803,-0.3151215766624777,1,,all_available,0.6810358583013881,-0.9961574349638658,1.6204862051393696,0.20510111350070148,0.7343492333372799,0.9394503468379813,14.887593686334844,7.442296157480193,within_event_leave_site_out,"Green Island, Qld",50.0
2016,Hastings Reef,-16.5013,146.017,2.161549404886196,1,,shallow_preferred,0.7861648931362308,1.3753845117499652,1.4727355025547169,0.1677746491904789,0.5187959602280071,0.686570609418486,6.477570558123498,7.289366222966975,within_event_leave_site_out,Hastings Reef,50.0
2016,Havannah Island,-18.8472,146.5428,1.2404488095497328,1,,shallow_preferred,0.4705723088571479,0.769876500692585,1.5076898887315586,0.1677746491904789,0.8693429306839316,1.0371175798744106,11.941546404388253,6.921355485439954,within_event_leave_site_out,Havannah Island,50.0
2016,Hayman Island,-20.0413,148.8819,-0.4657770304710102,1,,shallow_preferred,-0.10266776929416284,-0.3631092611768474,0.9666478782560206,0.20510111350070148,0.864214534049482,1.0693156475501835,5.168335035815192,7.505346767879662,within_event_leave_site_out,Hayman Island,50.0
2016,Hedley Reef,-17.2235,146.4754,0.2598472693507516,1,,shallow_preferred,0.38662832535095537,-0.12678105600020378,0.005341575157260414,0.20510111350070148,-0.5863878636943964,-0.38128675019369496,6.665061893679919,6.9987245842204615,within_event_leave_site_out,Hedley Reef,50.0
2016,Helix Reef,-18.6201,147.2976,-0.3794971308614112,1,,all_available,-1.3982899204187502,1.018792789557339,-0.8014719566940738,0.1677746491904789,0.42904331453419764,0.5968179637246765,22.793024965109915,7.479878537661191,within_event_leave_site_out,Helix Reef,50.0
2016,High Island,-17.1622,146.007,-0.051167761052802,1,,shallow_preferred,0.6052207274630127,-0.6563884885158147,0.41977935829127244,0.20510111350070148,-0.39054248267244174,-0.18544136917174026,11.41944379063452,7.229847777074766,within_event_leave_site_out,High Island,50.0
2016,Horseshoe Reef,-22.0227,152.6166,-0.53,1,,shallow_preferred,-0.22157527755146897,-0.30842472244853103,0.04075433103610132,0.20510111350070148,0.05722849508686881,0.26232960858757026,5.64402331010218,6.8287502348332385,within_event_leave_site_out,Horseshoe Reef,50.0
2016,Humpy Island,-23.2162,150.9638,-0.0253816807258292,1,,shallow_preferred,1.163508365069106,-1.1888900457949352,0.7361409905544745,0.20510111350070148,-0.6324684880153331,-0.4273673745146316,9.521104486568222,5.445133494661447,within_event_leave_site_out,Humpy Island,50.0
2016,Hyde Reef,-19.7457,150.0822,-3.13,1,,shallow_preferred,-1.7134066757419733,-1.4165933242580266,-1.6965740729638277,0.20510111350070148,-0.18826851072255588,0.016832602778145606,8.957513140175449,4.731491015526886,within_event_leave_site_out,Hyde Reef,50.0
2016,John Brewer,-18.6189,147.0813,-0.3312680887880521,2,4.0,shallow_preferred,-1.1656610329242059,0.8343929441361537,-1.09398376658712,0.1677746491904789,-0.09609738285339293,0.07167726633708597,22.793024965109915,7.246477918571939,within_event_leave_site_out,John Brewer,50.0
2016,Knife Reef,-18.5711,147.5772,-0.9066023963914605,1,,all_available,-1.6211679099667333,0.7145655135752729,-1.439361694016161,0.1677746491904789,0.014031566760093426,0.18180621595057234,17.603372373092718,6.795256539720883,within_event_leave_site_out,Knife Reef,50.0
2016,Lady Musgrave,-23.8884,152.422,-0.611715588038071,1,,shallow_preferred,-0.44975284668209864,-0.16196274135597238,-0.14835836092169807,0.20510111350070148,0.09629337225969907,0.30139448576040057,21.8744723084485,3.721396481230485,within_event_leave_site_out,Lady Musgrave,50.0
2016,Langford Island,-20.0877,148.8848,-1.231077688911029,1,,shallow_preferred,-0.10049892650931899,-1.13057876240171,1.1617066344597127,0.20510111350070148,1.0571044474683302,1.2622055609690317,5.168335035815192,7.632807465843632,within_event_leave_site_out,Langford Island,50.0
2016,Linnet Reef,-14.7811,145.3474,7.626145269299075,1,,shallow_preferred,-0.26302110048262267,7.889166369781697,1.1321279792293506,0.1677746491904789,1.2273744305214944,1.3951490797119734,3.916712363218431,2.959265621479199,within_event_leave_site_out,Linnet Reef,50.0
2016,Lizard Island,-14.694067,145.45705,-0.683264140547168,1,0.6,shallow_preferred,-0.4164572515188893,-0.2668068890282787,3.3099816646144404,0.20510111350070148,3.5213378026326283,3.72643891613333,11.385354698511417,2.9792401758679605,within_event_leave_site_out,Lizard Island,50.0
2016,Low Isles,-16.3831,145.5619,3.328373418627904,1,,shallow_preferred,1.0066789232632045,2.3216944953646994,2.3439797798098274,0.1677746491904789,1.1695262073561439,1.337300856546623,12.240133170092554,7.196661250916185,within_event_leave_site_out,Low Isles,50.0
2016,Mackay Reef,-16.0399,145.6506,3.142228224810014,1,,shallow_preferred,0.7912708235369661,2.350957401273048,1.8170205146305878,0.1677746491904789,0.8579750419031427,1.0257496910936217,20.97621703541694,6.9407880717697275,within_event_leave_site_out,Mackay Reef,50.0
2016,Martin,-14.7553,145.3722,3.718709690722728,1,,all_available,-0.28187110985073427,4.000580800573462,2.59260680916761,0.1677746491904789,2.7067032698278655,2.8744779190183443,3.916712363218431,2.9855440453738638,within_event_leave_site_out,Martin,50.0
2016,Mast Head Reef,-23.5341,151.7497,0.0,1,,all_available,0.4583428959701897,-0.4583428959701897,0.4963561983921828,0.20510111350070148,-0.16708781107870832,0.03801330242199316,4.685781715535059,5.623334384621822,within_event_leave_site_out,Mast Head Reef,50.0
2016,McCulloch Reef,-17.2834,146.4777,-0.1369223508137507,1,,shallow_preferred,0.4061405587096572,-0.5430629095234079,0.07685836363798082,0.20510111350070148,-0.5343833085723778,-0.32928219507167633,6.665061893679919,6.926317930554765,within_event_leave_site_out,McCulloch Reef,50.0
2016,Michaelmas Reef,-16.5528,146.0454,2.5921159963802545,1,,shallow_preferred,0.7963234766903124,1.795792519689942,1.4177673044378873,0.1677746491904789,0.4536691785570959,0.6214438277475748,6.477570558123498,7.174850384971465,within_event_leave_site_out,Michaelmas Reef,50.0
2016,Moore Reef,-16.8519,146.2336,1.393790788382177,1,,shallow_preferred,0.580322066828318,0.813468721553859,1.0250216903074183,0.1677746491904789,0.27692497428862145,0.44469962347910036,7.123271272813825,7.348949220663606,within_event_leave_site_out,Moore Reef,50.0
2016,North Keppel Island,-23.0864,150.9052,0.4119327808008783,1,,shallow_preferred,1.1095606536849685,-0.6976278728840901,0.572609432103014,0.20510111350070148,-0.742052335082656,-0.5369512215819545,15.627238445567361,5.325831061294041,within_event_leave_site_out,North Keppel Island,50.0
2016,North Reef,-23.1775,151.9041,0.0,1,5.5,shallow_preferred,-0.39030616053737865,0.39030616053737865,-0.44719714024707913,0.1677746491904789,-0.22466562890017935,-0.056890979709700445,38.087896769699086,6.333288339099903,within_event_leave_site_out,North Reef,50.0
2016,One Tree Island,-23.4833,152.0739,0.0746192843859103,2,,all_available,-0.5667034449458087,0.641322729331719,-0.6019904686265509,0.1677746491904789,-0.20306167287122115,-0.03528702368074224,30.550715998414766,6.054812995372306,within_event_leave_site_out,One Tree Island,50.0
2016,Opal Reef,-16.2034,145.9065,-0.870952350315747,1,,all_available,0.674845957289433,-1.54579830760518,2.1435206708328005,0.20510111350070148,1.2635736000426658,1.4686747135433673,15.941498768280114,7.490765304459779,within_event_leave_site_out,Opal Reef,50.0
2016,Orpheus Island,-18.601750000000003,146.48829999999998,0.14085842937082727,2,,all_available,-0.006419316522827261,0.14727774589365453,0.3720983344156229,0.20510111350070148,0.1734165374377487,0.3785176509384502,3.68518273970776,6.321997388406831,within_event_leave_site_out,Orpheus Island,50.0
2016,Pandora Reef,-18.8164,146.4341,-1.230475505080305,1,,shallow_preferred,0.46563883805941103,-1.6961143431397159,1.7707379805638936,0.20510111350070148,1.0999980290037812,1.3050991425044827,11.941546404388253,6.560938452953655,within_event_leave_site_out,Pandora Reef,50.0
2016,Peak Island,-23.3413,150.9369,0.7980236209381337,1,,shallow_preferred,1.3289122272225589,-0.5308886062844251,0.7737387983809014,0.20510111350070148,-0.7602745423423589,-0.5551734288416574,12.986160728490018,5.550454746812156,within_event_leave_site_out,Peak Island,50.0
2016,Peart Reef,-17.46705,146.40255,-0.7899533874370499,2,2.4,shallow_preferred,0.5753457685262163,-1.3652991559632661,0.15900092813185196,0.20510111350070148,-0.6214459538950659,-0.41634484039436437,5.878119787678927,7.1466336303729,within_event_leave_site_out,Peart Reef,50.0
2016,Pelican Island,-23.2397,150.8742,0.8965753957673843,1,,shallow_preferred,1.208218102327127,-0.3116427065597427,0.5664461035181709,0.20510111350070148,-0.8468731123096576,-0.6417719988089561,9.521104486568222,5.261025375469179,within_event_leave_site_out,Pelican Island,50.0
2016,Pelorus Island,-18.5406,146.4888,-0.4118532764787783,1,,shallow_preferred,-0.03677086289167902,-0.37508241358709926,0.39291649697999387,0.20510111350070148,0.22458624637097144,0.42968735987167295,3.2422887630841384,6.258891187004033,within_event_leave_site_out,Pelorus Island,50.0
2016,Penrith Reef,-21.0032,149.8875,-1.99,1,,all_available,-0.8934072883682425,-1.0965927116317575,-0.8286118833076456,0.20510111350070148,-0.14030570844010462,0.06479540506059686,18.273540041149474,4.591947907045049,within_event_leave_site_out,Penrith Reef,50.0
2016,Pine Island,-20.378,148.8884,2.758559077194137,1,,shallow_preferred,0.5826349751229962,2.1759241020711406,1.9057523204540288,0.1677746491904789,1.1553426961405535,1.3231173453310325,6.357400115253845,7.647777657927016,within_event_leave_site_out,Pine Island,50.0
2016,Pompey Reef (No 1),-20.9201,150.5582,-0.8300000000000001,1,,shallow_preferred,-0.9861365740495458,0.15613657404954573,-1.1337238287728664,0.20510111350070148,-0.35268836822402205,-0.14758725472332057,21.906281638612597,4.854402493883124,within_event_leave_site_out,Pompey Reef (No 1),50.0
2016,Rebe Reef,-19.795,150.1499,-2.99,1,,shallow_preferred,-1.8008477521516424,-1.1891522478483578,-1.8732471101137553,0.20510111350070148,-0.2775004714628144,-0.07239935796211294,8.957513140175449,4.626575242801535,within_event_leave_site_out,Rebe Reef,50.0
2016,Rib Reef,-18.473,146.8774,-0.1772024504667313,1,,shallow_preferred,-0.798744259252709,0.6215418087859776,-0.9299684088759372,0.1677746491904789,-0.2989987988137071,-0.1312241496232282,26.930341094741777,7.629897490225368,within_event_leave_site_out,Rib Reef,50.0
2016,Seaforth Island,-20.4685,149.0389,1.428689279780309,1,,shallow_preferred,0.593464929400355,0.835224350379954,1.990865061491911,0.1677746491904789,1.229625482901077,1.3974001320915561,17.28354301801151,7.5341974699369345,within_event_leave_site_out,Seaforth Island,50.0
2016,Shute and Tancred Islands,-20.3009,148.7983,5.099828531280933,1,,shallow_preferred,0.2747081332156488,4.825120398065284,1.1621969101916896,0.1677746491904789,0.7197141277855619,0.8874887769760408,5.230947964630829,7.738895869826779,within_event_leave_site_out,Shute and Tancred Islands,50.0
2016,Small Lagoon Reef,-21.8678,152.5239,0.1231167317810061,1,,shallow_preferred,-0.2401677468147686,0.36328447859577473,-0.06321944150144818,0.1677746491904789,0.009173656122841515,0.17694830531332043,13.323992323594386,7.443607497445618,within_event_leave_site_out,Small Lagoon Reef,50.0
2016,Snake Reef,-22.0232,152.1928,0.3360573961696979,1,,shallow_preferred,-0.2511915778643047,0.5872489740340026,-0.07586324665405421,0.1677746491904789,0.007553682019771559,0.17532833121025046,14.491850269937311,6.890054434750667,within_event_leave_site_out,Snake Reef,50.0
2016,Snapper Island North,-16.2924,145.4969,5.2608957298267205,1,13.6,shallow_preferred,1.0565883430023306,4.204307386824389,2.02144005240703,0.1677746491904789,0.7970770602142208,0.9648517094046997,12.240133170092554,6.898202974567144,within_event_leave_site_out,Snapper Island North,50.0
2016,St Crispin Reef,-16.0733,145.8438,0.8079247213057474,1,,shallow_preferred,0.5897785642346277,0.21814615707111973,1.7186117868085036,0.1677746491904789,0.961058573383397,1.128833222573876,4.370937219683819,6.6988986353133635,within_event_leave_site_out,St Crispin Reef,50.0
2016,Taylor Reef,-17.8121,146.5703,2.0139693667363594,1,,shallow_preferred,0.9493614929657304,1.064607873770629,0.6286234900044735,0.1677746491904789,-0.4885126521517359,-0.320738002961257,4.786752694885461,6.165504880640657,within_event_leave_site_out,Taylor Reef,50.0
2016,Tern Reef,-20.9023,150.0264,-1.95,1,,shallow_preferred,-0.9665965444244922,-0.9834034555755078,-1.1957123270122996,0.20510111350070148,-0.4342168960885089,-0.2291157825878074,18.273540041149474,4.819643294372845,within_event_leave_site_out,Tern Reef,50.0
2016,Thetford Reef,-16.7995,146.1951,1.7851117645284935,1,,shallow_preferred,0.6331022122465831,1.1520095522819105,1.0657307210152738,0.1677746491904789,0.2648538595782118,0.4326285087686907,7.123271272813825,7.250873255021208,within_event_leave_site_out,Thetford Reef,50.0
2016,Turner Cay,-21.7031,152.5605,-0.16,1,,all_available,-0.3782010569315913,0.21820105693159128,-0.13330294235403234,0.1677746491904789,0.07712346538708005,0.24489811457755895,18.699673428175867,7.695914937519744,within_event_leave_site_out,Turner Cay,50.0
2016,Woiz Reef,-10.1741,143.226,9.436863183715728,1,,all_available,-0.1772388278124942,9.614102011528223,-0.00946417862201529,0.1677746491904789,0.0,0.1677746491904789,553.6575745209759,0.0,within_event_leave_site_out,Woiz Reef,50.0
2016,Yonge Reef,-14.5731,145.6147,-1.8764307465645336,1,,shallow_preferred,-0.6903247160360774,-1.1861060305284563,2.6087499334747806,0.20510111350070148,3.0939735360101563,3.2990746495108576,21.647441766171852,2.9476030717121295,within_event_leave_site_out,Yonge Reef,50.0
2017,19-131 Reef,-19.7641,149.3786,0.1648669316651334,1,,shallow_preferred,-0.5905718402439771,0.7554387719091105,-0.42083865904007167,0.31426437664039325,-0.14453119543648782,0.16973318120390543,6.067198349540016,6.131597275424747,within_event_leave_site_out,19-131 Reef,50.0
2017,19-138 Reef,-19.8024,149.4199,-0.6955989138045973,1,,shallow_preferred,-0.5982258621450701,-0.09737305165952714,-0.299191365089831,0.3264335610442131,-0.027399063988974022,0.2990344970552391,6.067198349540016,6.212654827903172,within_event_leave_site_out,19-138 Reef,50.0
2017,19-159 Reef,-19.6661,149.9146,-0.47,1,,shallow_preferred,-1.618489000090357,1.148489000090357,-1.573018937269591,0.31426437664039325,-0.2687943138196275,0.045470062820765766,19.65108297418923,5.741062523326527,within_event_leave_site_out,19-159 Reef,50.0
2017,20-104 Reef,-20.0286,149.6933,-0.2948143010351345,1,,shallow_preferred,-1.0791335182129052,0.7843192171777706,-0.9420395112937087,0.31426437664039325,-0.17717036972119668,0.13709400691919657,38.07368864716964,7.299483443554609,within_event_leave_site_out,20-104 Reef,50.0
2017,21-062 Reef,-21.028,150.8534,-1.3030360356554327,1,,shallow_preferred,-0.7144160634521125,-0.5886199722033202,-1.7324143535959855,0.3264335610442131,-1.3444318511880862,-1.017998290143873,32.91453672542603,4.677105671889023,within_event_leave_site_out,21-062 Reef,50.0
2017,21-139 Reef,-21.4552,151.4654,-0.8370985853263284,1,,shallow_preferred,-0.3646420662074461,-0.4724565191188823,-0.5846941652684923,0.3264335610442131,-0.5464856601052593,-0.22005209906104622,18.982969178608094,4.273772680519096,within_event_leave_site_out,21-139 Reef,50.0
2017,21-187 Reef,-21.4072,151.6414,-0.6164626088503855,1,,shallow_preferred,-0.40562135508950975,-0.21084125376087576,-0.565233258038959,0.3264335610442131,-0.4860454639936624,-0.15961190294944927,18.982969178608094,4.88018310597771,within_event_leave_site_out,21-187 Reef,50.0
2017,21-245 Reef,-21.298,152.4425,0.0679673369730013,1,,shallow_preferred,-0.5724357146558051,0.6404030516288064,-0.2668383339426228,0.31426437664039325,-0.008666995927210916,0.3055973807131823,23.268013681658886,6.4514775449874024,within_event_leave_site_out,21-245 Reef,50.0
2017,21-550 Reef,-21.9471,152.3069,0.3405297474348194,1,,shallow_preferred,-0.25290903392305086,0.5934387813578703,-0.311971455042953,0.31426437664039325,-0.37332679776029537,-0.05906242111990212,14.491850269937311,7.203496169264781,within_event_leave_site_out,21-550 Reef,50.0
2017,21-591 Reef,-21.0266,150.3807,-2.930230544831029,1,,all_available,-0.6902323697471754,-2.2399981750838536,-1.6108330418508416,0.3264335610442131,-1.2470342331478794,-0.9206006721036664,21.906281638612597,4.913137468204342,within_event_leave_site_out,21-591 Reef,50.0
2017,Agincourt Reef Number 1,-16.0384,145.8688,-3.146731387263813,1,,all_available,0.558441191002701,-3.705172578266514,1.859440211964055,0.3264335610442131,0.9745654599171408,1.300999020961354,4.71131555359392,6.5836077472445345,within_event_leave_site_out,Agincourt Reef Number 1,50.0
2017,Arlington Reef,-16.6891,146.0871,0.8026286572687749,1,,shallow_preferred,0.47619509622456174,0.3264335610442131,1.4788593224432227,0.31426437664039325,0.6883998495782677,1.002664226218661,14.653134979637395,7.462337466916926,within_event_leave_site_out,Arlington Reef,50.0
2017,Barren Island,-23.1578,151.0707,0.6004196062900613,1,,all_available,0.5117399757766037,0.08867963051345762,2.2792853891822933,0.3264335610442131,1.4411118523614763,1.7675454134056894,12.710620140085936,6.259700296048146,within_event_leave_site_out,Barren Island,50.0
2017,Bedarra Island,-18.0094,146.148,3.5504139827964547,1,,shallow_preferred,0.6455188114845664,2.9048951713118885,0.8154028096107911,0.31426437664039325,-0.14438037851416852,0.16988399812622473,9.242496316970788,6.312024112515855,within_event_leave_site_out,Bedarra Island,50.0
2017,Border Island,-20.171,149.0319,-0.5385739067167545,1,,shallow_preferred,0.1155099558399167,-0.6540838625566713,0.419077073913236,0.3264335610442131,-0.022866442970893783,0.3035671180733193,17.93469996869272,7.783060330037857,within_event_leave_site_out,Border Island,50.0
2017,Boult Reef,-23.747,152.2725,-1.5204336353105217,1,,shallow_preferred,-0.453784928150007,-1.0666487071605146,-0.8425214264861814,0.3264335610442131,-0.7151700593803876,-0.38873649833617446,21.8744723084485,6.8121611817046155,within_event_leave_site_out,Boult Reef,50.0
2017,Camp Island East,-19.8508,147.9052,6.633293001799257,1,,shallow_preferred,-0.17872188728909189,6.812014889088349,-0.6268875114521619,0.31426437664039325,-0.7624300008034633,-0.4481656241630701,49.78932903509467,5.918206750482971,within_event_leave_site_out,Camp Island East,50.0
2017,Carter,-14.5238,145.5817,-5.795992916884115,1,,all_available,-0.26420174689214915,-5.531791169991966,-0.45567549718881056,0.3264335610442131,-0.5179073113408745,-0.19147375029666142,6.5319639975212676,6.713859688893807,within_event_leave_site_out,Carter,50.0
2017,Cattle Bay,-18.5691,146.4823,-0.2121164498235934,1,5.6,shallow_preferred,-0.19944716688268657,-0.012669282940906829,1.0240970728035141,0.3264335610442131,0.8971106786419877,1.2235442396862009,1.341065833156318,7.059435450808488,within_event_leave_site_out,Cattle Bay,50.0
2017,Cherepo,-10.6893,142.2799,0.9537529396181982,1,,shallow_preferred,0.20082828030418598,0.7529246593140122,0.10517068802537055,0.31426437664039325,-0.40992196891920873,-0.09565759227881548,30.39980141880606,3.690642160424679,within_event_leave_site_out,Cherepo,50.0
2017,Chicken Reef,-18.6534,147.7199,-1.3663101188473838,1,,shallow_preferred,-1.4833862626674759,0.11707614382009202,-2.0862487829375924,0.3264335610442131,-0.9292960813143294,-0.6028625202701163,17.603372373092718,5.668231744443142,within_event_leave_site_out,Chicken Reef,50.0
2017,Chinaman Reef,-21.9973,152.664,0.076558152790821,1,,shallow_preferred,-0.25920126897970563,0.33575942177052664,-0.15266981139994634,0.31426437664039325,-0.20773291906063396,0.10653145757975929,5.64402331010218,6.837247324872325,within_event_leave_site_out,Chinaman Reef,50.0
2017,Davies Reef,-18.8065,147.6688,-0.460888870782222,1,,shallow_preferred,-1.3710941520416144,0.9102052812593924,-1.9014660201310125,0.31426437664039325,-0.8446362447297914,-0.5303718680893981,17.854195946414272,5.9524541185615965,within_event_leave_site_out,Davies Reef,50.0
2017,Dent Island,-20.345,148.9382,2.042098752777987,1,,shallow_preferred,0.7500958552109006,1.292002897567086,0.843797804306533,0.31426437664039325,-0.22056242754476094,0.09370194909563231,6.357400115253845,7.714909896651166,within_event_leave_site_out,Dent Island,50.0
2017,Dip Reef,-18.3999,147.4519,-4.333377514241236,1,,all_available,-1.4819657686265442,-2.8514117456146915,-1.7000099294285427,0.3264335610442131,-0.5444777218462117,-0.21804416080199857,23.17322158319731,6.594726686063887,within_event_leave_site_out,Dip Reef,50.0
2017,Double Cone,-20.1046,148.7218,0.2690576907372026,1,,shallow_preferred,-0.03462426081721718,0.3036819515544198,0.12067394021905414,0.3264335610442131,-0.17113536000794177,0.15529820103627134,17.124731350163934,7.523125351773311,within_event_leave_site_out,Double Cone,50.0
2017,Dugong Island,-10.518,143.0997,-0.3522696767022557,1,,shallow_preferred,-0.32931226080889087,-0.022957415893364808,-0.3205370006742878,0.3264335610442131,-0.31765830090961006,0.008775260134603058,40.642679498549576,4.133068349998908,within_event_leave_site_out,Dugong Island,50.0
2017,Dunk Island,-17.9263,146.1461,0.2751631929575673,1,,shallow_preferred,0.6708357498215068,-0.39567255686393954,1.8977532976537872,0.3264335610442131,0.9004839867880673,1.2269175478322805,9.242496316970788,6.273734486175338,within_event_leave_site_out,Dunk Island,50.0
2017,East Cay,-21.4727,152.5662,0.160089970195385,1,,shallow_preferred,-0.5731287261308277,0.7332186963262126,-0.42566290466871376,0.31426437664039325,-0.16679855517827935,0.1474658214621139,23.268013681658886,7.095818298896396,within_event_leave_site_out,East Cay,50.0
2017,Erskine Island,-23.498800000000003,151.7748,-0.038515396352895456,2,6.25,shallow_preferred,0.057667925141089725,-0.09618332149398517,0.41771907291716925,0.3264335610442131,0.033617586731866406,0.3600511477760795,4.685781715535059,6.9708956317540895,within_event_leave_site_out,Erskine Island,50.0
2017,Farquharson Reef,-17.79,146.5315,1.465914024900595,1,,shallow_preferred,0.8102448790352095,0.6556691458653856,1.533854298551618,0.31426437664039325,0.40934504287601525,0.7236094195164084,4.786752694885461,6.618579532332712,within_event_leave_site_out,Farquharson Reef,50.0
2017,Feather Reef,-17.519,146.3887,0.6378752502221996,1,,shallow_preferred,0.27571067154479834,0.36216457867740126,0.9663733587679393,0.31426437664039325,0.3763983105827478,0.6906626872231411,5.886901895802568,7.214962978781392,within_event_leave_site_out,Feather Reef,50.0
2017,Fitzroy Island,-16.9233,145.9963,2.110728215512085,1,7.6,shallow_preferred,0.2853227591553198,1.8254054563567652,0.9746867444953056,0.31426437664039325,0.3750996086995926,0.6893639853399858,18.5594659563103,7.780251399080851,within_event_leave_site_out,Fitzroy Island,50.0
2017,Frankland Islands,-17.227,146.0904,1.5541734846759017,1,,shallow_preferred,-0.03109498239201773,1.5852684670679194,0.6510693354740273,0.31426437664039325,0.3678999412256518,0.682164317866045,11.41944379063452,7.470131006725058,within_event_leave_site_out,Frankland Islands,50.0
2017,Gannet Cay Reef,-21.9784,152.4742,-0.1627587981511653,1,,shallow_preferred,-0.26058624604587954,0.09782744789471423,-0.13319529239948982,0.3264335610442131,-0.1990426073978234,0.12739095364638972,13.323992323594386,7.201680786582808,within_event_leave_site_out,Gannet Cay Reef,50.0
2017,Geoffrey Bay,-19.1548,146.8685,5.926048371480657,1,,shallow_preferred,0.6717706217010451,5.254277749779612,1.0656633399315194,0.31426437664039325,0.07962834159008118,0.39389271823047445,48.39896797890436,7.655637681247681,within_event_leave_site_out,Geoffrey Bay,50.0
2017,"Green Island, Qld",-16.7583,145.97,2.340191435615312,1,,shallow_preferred,0.46918045711282014,1.871010978502492,1.1548766866791915,0.31426437664039325,0.3714318529259781,0.6856962295663713,14.653134979637395,7.6166010086234905,within_event_leave_site_out,"Green Island, Qld",50.0
2017,Hastings Reef,-16.5013,146.017,0.4853243896715344,1,,shallow_preferred,0.4983871266782736,-0.013062737006739211,1.813097819481408,0.3264335610442131,0.9882771317589214,1.3147106928031345,6.477570558123498,7.327931269849714,within_event_leave_site_out,Hastings Reef,50.0
2017,Havannah Island,-18.8472,146.5428,0.0869171131405899,1,,shallow_preferred,0.2935193380780513,-0.2066022249374614,1.870530312446825,0.3264335610442131,1.2505774133245606,1.5770109743687737,11.941546404388253,7.555878044103975,within_event_leave_site_out,Havannah Island,50.0
2017,Hayman Island,-20.0413,148.8819,0.1848600545097944,1,,shallow_preferred,-0.0989746564923332,0.2838347110021276,-0.021189399771158024,0.3264335610442131,-0.24864830432303794,0.07778525672117517,5.168335035815192,7.242001849821718,within_event_leave_site_out,Hayman Island,50.0
2017,Hedley Reef,-17.2235,146.4754,1.5130401055442544,1,,shallow_preferred,-0.006090286818473353,1.5191303923627277,0.7436753759338247,0.31426437664039325,0.4355012861119048,0.7497656627522981,6.665061893679919,7.022407046451244,within_event_leave_site_out,Hedley Reef,50.0
2017,Helix Reef,-18.6203,147.2958,-1.0224455431706163,1,,shallow_preferred,-1.271295929452201,0.24885038628158473,-1.5262792973452515,0.3264335610442131,-0.5814169289372635,-0.25498336789305037,22.603482015131146,7.126483401858128,within_event_leave_site_out,Helix Reef,50.0
2017,Heron Island,-23.4384,151.9182,1.4967732072370152,1,,shallow_preferred,-0.022533375586348,1.5193065828233632,-0.41002860522655626,0.31426437664039325,-0.7017596062806015,-0.38749522964020827,16.094630715973594,7.037055354192714,within_event_leave_site_out,Heron Island,50.0
2017,High Island,-17.1622,146.007,0.670128926553808,1,,shallow_preferred,0.11552123796804481,0.5546076885857631,1.2027175534106793,0.31426437664039325,0.7729319388022413,1.0871963154426345,11.41944379063452,7.278925406717662,within_event_leave_site_out,High Island,50.0
2017,Holbourne Island East,-19.7333,148.3644,-3.374739542342464,1,,all_available,-0.08555520921700419,-3.28918433312546,1.182640408712179,0.3264335610442131,0.94176205688497,1.2681956179291831,49.78932903509467,7.355959072702301,within_event_leave_site_out,Holbourne Island East,50.0
2017,Horseshoe Reef,-22.0227,152.6166,-0.2975069033353643,1,,shallow_preferred,-0.25478812299522163,-0.04271878034014265,-0.07811582698505098,0.3264335610442131,-0.14976126503404247,0.17667229601017065,5.64402331010218,6.82875023483324,within_event_leave_site_out,Horseshoe Reef,50.0
2017,Humpy Island,-23.2162,150.9638,1.8548445110707927,1,,shallow_preferred,0.7013333206476874,1.1535111904231052,2.52783608237368,0.31426437664039325,1.5122383850855992,1.8265027617259924,9.521104486568222,5.929316235584559,within_event_leave_site_out,Humpy Island,50.0
2017,Hyde Reef,-19.7457,150.0822,-0.8,1,,shallow_preferred,-1.8154904843513637,1.0154904843513637,-1.938728018415809,0.31426437664039325,-0.4375019107048386,-0.12323753406444538,8.957513140175449,4.731491015526889,within_event_leave_site_out,Hyde Reef,50.0
2017,John Brewer,-18.6189,147.0813,-0.19977371658930343,2,4.0,shallow_preferred,-1.151026969602339,0.9512532530130355,-1.4877346917481538,0.31426437664039325,-0.650972098786208,-0.33670772214581474,22.603482015131146,7.159689739988581,within_event_leave_site_out,John Brewer,50.0
2017,Knife Reef,-18.5711,147.5772,-4.635100374605694,1,,all_available,-1.4814214422426628,-3.1536789323630305,-1.446441794388062,0.3264335610442131,-0.29145391318961245,0.03497964785460067,17.603372373092718,6.212238991366274,within_event_leave_site_out,Knife Reef,50.0
2017,Kubin Island,-10.2388,142.2176,-0.1928151333613488,1,,all_available,0.1294278398761935,-0.3222429732375423,0.28217736565082147,0.3264335610442131,-0.17368403526958515,0.15274952577462797,34.50541887304407,3.894166456691927,within_event_leave_site_out,Kubin Island,50.0
2017,Lady Elliot Reef,-18.6798,146.3325,5.367763141106728,1,,shallow_preferred,-0.07051364879550695,5.438276789902235,0.47441446296503964,0.31426437664039325,0.23066373512015337,0.5449281117605467,18.56841410764641,7.2454980565300175,within_event_leave_site_out,Lady Elliot Reef,50.0
2017,Lady Musgrave,-23.8884,152.422,-1.75598395577755,1,,shallow_preferred,-0.2132167988760508,-1.5427671569014993,-0.5427686452462399,0.3264335610442131,-0.6559854074144023,-0.32955184637018914,21.8744723084485,5.82724639378595,within_event_leave_site_out,Lady Musgrave,50.0
2017,Langford Island,-20.0877,148.8848,-1.0806375377260815,1,,shallow_preferred,-0.09327417864441008,-0.9873633590816714,0.2478141463379839,0.3264335610442131,0.014654763938180864,0.341088324982394,5.168335035815192,7.398224590270772,within_event_leave_site_out,Langford Island,50.0
2017,Linnet Reef,-14.7852,145.3554,3.206928576833631,1,,all_available,0.16573128179913107,3.0411972950345,0.039697180738440696,0.31426437664039325,-0.4402984777010836,-0.12603410106069035,3.783747258101578,6.756017582959717,within_event_leave_site_out,Linnet Reef,50.0
2017,Lizard Island,-14.6884,145.4422,3.4645279972952707,1,,shallow_preferred,-0.0322294377973091,3.49675743509258,-0.6752813715158531,0.31426437664039325,-0.9573163103589373,-0.6430519337185441,6.914375704007133,6.88294570205413,within_event_leave_site_out,Lizard Island,50.0
2017,Low Isles,-16.3831,145.5619,2.0405781380827364,1,,shallow_preferred,1.0899914397594686,0.9505866983232678,2.280568456754761,0.31426437664039325,0.8763126403548989,1.190577016995292,12.240133170092554,7.21597820475397,within_event_leave_site_out,Low Isles,50.0
2017,Macgillivray,-14.6485,145.4915,-0.9683515096486346,1,,all_available,-0.14188674608057777,-0.8264647635680569,-0.4012571496746402,0.3264335610442131,-0.5858039646382756,-0.25937040359406244,6.914375704007133,6.944045567616743,within_event_leave_site_out,Macgillivray,50.0
2017,Mackay Reef,-16.0399,145.6506,2.2522848881274307,1,,shallow_preferred,0.8396366819102461,1.4126482062171846,1.3189202593260556,0.31426437664039325,0.16501920077541624,0.4792835774158095,20.97621703541694,6.944951780269594,within_event_leave_site_out,Mackay Reef,50.0
2017,Manning Island,-23.854,151.3533,3.6855037764959153,1,2.0,shallow_preferred,1.3208355204942035,2.364668256001712,3.4045058188755206,0.31426437664039325,1.7694059217409237,2.083670298381317,10.301406151333772,5.917593719680236,within_event_leave_site_out,Manning Island,50.0
2017,Martin,-14.7553,145.3722,2.925004485266232,1,,all_available,0.1338893622264542,2.791115123039778,0.011170399241183238,0.31426437664039325,-0.4369833396256642,-0.12271896298527096,3.783747258101578,6.803746143119713,within_event_leave_site_out,Martin,50.0
2017,Mast Head Reef,-23.5341,151.7497,0.2643198653873018,1,,all_available,0.3108721731840933,-0.04655230779679154,1.0060003272295057,0.3264335610442131,0.3686945930011993,0.6951281540454124,4.685781715535059,7.071501744248956,within_event_leave_site_out,Mast Head Reef,50.0
2017,McCulloch Reef,-17.2834,146.4777,1.6562348400435951,1,,shallow_preferred,-0.0055105035632695195,1.6617453436068645,0.6440860979573346,0.31426437664039325,0.33533222488021086,0.6495966015206041,6.665061893679919,6.927025665467757,within_event_leave_site_out,McCulloch Reef,50.0
2017,Michaelmas Reef,-16.5528,146.0454,2.5909335644133407,1,,shallow_preferred,0.5148112619371655,2.076122302476175,1.3374059403028045,0.31426437664039325,0.5083303017252455,0.8225946783656388,6.477570558123498,7.321062742825455,within_event_leave_site_out,Michaelmas Reef,50.0
2017,Moore Reef,-16.8519,146.2336,-0.1839636080845217,1,,shallow_preferred,0.31046293912807305,-0.4944265472125947,1.2215864995814087,0.3264335610442131,0.5846899994091226,0.9111235604533356,7.123271272813825,7.461801033299622,within_event_leave_site_out,Moore Reef,50.0
2017,No Name,-14.6279,145.6453,-6.923401607784927,1,,all_available,-0.2728409315244654,-6.650560676260462,-0.2150687911020438,0.3264335610442131,-0.2686614206217915,0.057772140422421625,6.926213455201079,6.766778204494256,within_event_leave_site_out,No Name,50.0
2017,North Direction Island,-14.7435,145.5136,1.654546928877684,1,,shallow_preferred,-0.047501451969817955,1.702048380847502,-0.494140455212967,0.31426437664039325,-0.7609033798835423,-0.44663900324314904,9.82363008694286,7.071769002226761,within_event_leave_site_out,North Direction Island,50.0
2017,North Keppel Island,-23.0864,150.9052,1.558054564812532,1,,shallow_preferred,0.6582651781245691,0.8997893866879628,2.4584350810016966,0.31426437664039325,1.4859055262367344,1.8001699028771276,15.627238445567361,5.700208288569162,within_event_leave_site_out,North Keppel Island,50.0
2017,North Reef,-23.1775,151.9041,-1.6125873014673375,1,5.5,shallow_preferred,-0.3642326103359322,-1.2483546911314054,-0.15873112683003765,0.3264335610442131,-0.12093207753831857,0.20550148350589453,15.315078707072905,6.600138579707039,within_event_leave_site_out,North Reef,50.0
2017,Northeast Reef,-18.5718,146.4947,1.081957224109642,1,2.0,shallow_preferred,-0.20036357054043966,1.2823207946500816,0.7743986048546262,0.31426437664039325,0.6604977987546726,0.9747621753950659,1.341065833156318,7.084564184096009,within_event_leave_site_out,Northeast Reef,50.0
2017,One Tree Island,-23.4833,152.0739,-2.369160070150796,3,,all_available,-0.44643340458678293,-1.9227266655640132,-0.422405703651348,0.3264335610442131,-0.3024058601087782,0.024027700935434937,16.648108547346098,7.300858465951582,within_event_leave_site_out,One Tree Island,50.0
2017,Opal Reef,-16.2042,145.9005,4.085801976706115,1,,shallow_preferred,0.6467037266250818,3.439098250081033,0.7726540957494101,0.31426437664039325,-0.188314007516065,0.12595036912432825,15.765134195590111,7.494066925204905,within_event_leave_site_out,Opal Reef,50.0
2017,Orpheus Island,-18.601750000000003,146.48829999999998,0.5985243157258839,2,,all_available,-0.1864456006061146,0.7849699163319985,0.903002368015386,0.31426437664039325,0.7751835919811074,1.0894479686215006,3.3979170591395342,7.184453969389715,within_event_leave_site_out,Orpheus Island,50.0
2017,Pandora Reef,-18.8164,146.4341,0.4563194908363481,1,,shallow_preferred,0.25960414455254816,0.19671534628379994,1.792451016356575,0.3264335610442131,1.2064133107598138,1.532846871804027,11.941546404388253,7.373515198832395,within_event_leave_site_out,Pandora Reef,50.0
2017,Peak Island,-23.3413,150.9369,2.5338963002932164,1,,shallow_preferred,0.8899339389019237,1.6439623613912926,2.73305081529774,0.31426437664039325,1.5288524997554227,1.843116876395816,12.986160728490018,6.260677271363765,within_event_leave_site_out,Peak Island,50.0
2017,Peart Reef,-17.4676,146.402,0.2564586963575834,1,,shallow_preferred,0.2528965824491775,0.003562113908405884,1.0717935353302321,0.3264335610442131,0.4924633918368416,0.8188969528810548,5.886901895802568,7.148767047021576,within_event_leave_site_out,Peart Reef,50.0
2017,Pelican Island,-23.2397,150.8742,5.076861281952688,1,,shallow_preferred,0.7350270603211184,4.3418342216315695,1.931607875413314,0.31426437664039325,0.8823164384518024,1.1965808150921957,9.521104486568222,5.791242465904837,within_event_leave_site_out,Pelican Island,50.0
2017,Pelorus Island,-18.5406,146.4888,0.2443588332417867,1,,shallow_preferred,-0.21148906722807778,0.45584790046986445,0.9163411315801645,0.31426437664039325,0.813565822167849,1.1278301988082422,3.2422887630841384,7.081194117504082,within_event_leave_site_out,Pelorus Island,50.0
2017,Penrith Reef,-21.0032,149.8875,-3.2164805609812284,1,,all_available,-0.6552469470391543,-2.561233613942074,-1.4683437363867988,0.3264335610442131,-1.1395303503918577,-0.8130967893476446,18.273540041149474,4.650888581296116,within_event_leave_site_out,Penrith Reef,50.0
2017,Pine Island,-20.378,148.8884,2.267680691159056,1,,shallow_preferred,0.7723352100293078,1.4953454811297484,0.8249486517031133,0.31426437664039325,-0.26165093496658787,0.05261344167380538,6.357400115253845,7.6550527446822265,within_event_leave_site_out,Pine Island,50.0
2017,Pompey Reef (No 1),-20.9201,150.5582,-1.4256318177575098,1,,shallow_preferred,-0.6854920904803518,-0.740139727277158,-1.948415670578604,0.3264335610442131,-1.5893571411424654,-1.2629235800982523,21.906281638612597,4.854402493883124,within_event_leave_site_out,Pompey Reef (No 1),50.0
2017,Rat Island,-23.767,151.3185,5.937374202789373,1,,shallow_preferred,1.4374842671289139,4.499889935660459,2.864611704893672,0.31426437664039325,1.1128630611243648,1.427127437764758,10.301406151333772,6.408723324594047,within_event_leave_site_out,Rat Island,50.0
2017,Rebe Reef,-19.795,150.1499,-3.61,1,,shallow_preferred,-1.8943874246867183,-1.7156125753132816,-1.1795052957103676,0.3264335610442131,0.38844856793213767,0.7148821289763507,8.957513140175449,4.626575242801534,within_event_leave_site_out,Rebe Reef,50.0
2017,Repulse,-20.5779,148.8625,-1.5644129148914745,1,,all_available,0.8364273723827719,-2.4008402872742463,1.4347129135808485,0.3264335610442131,0.2718519801538636,0.5982855411980768,22.032538285010602,7.380538549376442,within_event_leave_site_out,Repulse,50.0
2017,Rib Reef,-18.473,146.8774,-0.4027165745273926,1,9.4,shallow_preferred,-0.8474551081571493,0.4447385336297567,-0.3437682821140203,0.31426437664039325,0.18942244940273584,0.5036868260431291,26.930341094741777,7.722583040191622,within_event_leave_site_out,Rib Reef,50.0
2017,Seaforth Island,-20.4685,149.0389,1.416027765909833,1,,shallow_preferred,0.7842741006499674,0.6317536652598656,0.8967216377930336,0.31426437664039325,-0.20181683949732704,0.11244753714306621,17.28354301801151,7.511228503787042,within_event_leave_site_out,Seaforth Island,50.0
2017,Seal Rocks North,-23.9583,151.4849,3.70408024696868,1,,shallow_preferred,1.2343045549453957,2.4697756920232843,2.6787758105693005,0.31426437664039325,1.1302068789835118,1.444471255623905,17.70517680874414,6.221753345077128,within_event_leave_site_out,Seal Rocks North,50.0
2017,Shute and Tancred Islands,-20.3009,148.7983,1.4164816374178564,2,3.6,shallow_preferred,0.3431512368649395,1.073330400552917,0.4580513111273249,0.31426437664039325,-0.19936430237800784,0.11490007426238541,12.717946186312119,7.84328295924924,within_event_leave_site_out,Shute and Tancred Islands,50.0
2017,Small Lagoon Reef,-21.8678,152.5239,0.6451005694404068,1,,shallow_preferred,-0.2808007370341624,0.9259013064745693,-0.2651276094593185,0.31426437664039325,-0.29859124906554935,0.015673127574843904,13.323992323594386,7.443607497445618,within_event_leave_site_out,Small Lagoon Reef,50.0
2017,Snake Reef,-22.0232,152.1928,-1.8438006949277133,1,,shallow_preferred,-0.23915071210312602,-1.6046499828245873,0.10867141420213978,0.3264335610442131,0.021388565261052695,0.3478221263052658,14.491850269937311,6.890054434750669,within_event_leave_site_out,Snake Reef,50.0
2017,Snapper Island North,-16.2924,145.4969,4.04035081925011,1,,shallow_preferred,1.143308536377577,2.8970422828725324,1.8393468764284835,0.31426437664039325,0.38177396341051334,0.6960383400509066,12.240133170092554,6.92002031123467,within_event_leave_site_out,Snapper Island North,50.0
2017,St Crispin Reef,-16.0733,145.8438,0.1684520194030891,1,,shallow_preferred,0.6007969578777956,-0.43234493847470656,1.1896694668336116,0.3264335610442131,0.2624389479116028,0.588872508955816,4.71131555359392,6.707903755954445,within_event_leave_site_out,St Crispin Reef,50.0
2017,Taylor Reef,-17.8121,146.5703,0.914864962408548,1,,shallow_preferred,0.8108948964448923,0.10397006596365566,1.6129535733467766,0.3264335610442131,0.4756251158576712,0.8020586769018843,4.786752694885461,6.469378787319842,within_event_leave_site_out,Taylor Reef,50.0
2017,Tern Reef,-20.9023,150.0264,-1.4831185058775374,1,,shallow_preferred,-0.6964643417665063,-0.7866541641110311,-2.250496222734776,0.3264335610442131,-1.880465442012483,-1.5540318809682698,18.273540041149474,4.834329995410273,within_event_leave_site_out,Tern Reef,50.0
2017,Thetford Reef,-16.7995,146.1951,0.2855790394732214,1,,shallow_preferred,0.5007132138091159,-0.21513417433589455,1.3655744114297197,0.3264335610442131,0.5384276365763908,0.864861197620604,7.123271272813825,7.4622795019808414,within_event_leave_site_out,Thetford Reef,50.0
2017,Tryon Island,-23.2457,151.7739,0.2693227123175901,1,,shallow_preferred,-0.04494166432280315,0.31426437664039325,-0.07796104705462253,0.3264335610442131,-0.3594529437760325,-0.03301938273181937,15.315078707072905,6.826181302735257,within_event_leave_site_out,Tryon Island,50.0
2017,Turner Cay,-21.7031,152.5605,-0.9409643198063032,1,,all_available,-0.46973203552670195,-0.4712322842796013,-0.16078777718574713,0.3264335610442131,-0.017489302703258287,0.30894425834095485,18.699673428175867,7.695914937519744,within_event_leave_site_out,Turner Cay,50.0
2017,Twin Island,-10.4629,142.4358,0.144507896456286,1,,shallow_preferred,0.11559390755770461,0.02891398889858139,0.19551728585173,0.3264335610442131,-0.2465101827501877,0.0799233782940254,30.39980141880606,4.266925851469406,within_event_leave_site_out,Twin Island,50.0
2017,Warraber Island,-10.200800000000001,142.81900000000002,-0.5776570387070736,2,1.2,shallow_preferred,-0.17562084963617122,-0.40203618907090244,-0.07963801018705594,0.3264335610442131,-0.23045072159509783,0.09598283944911529,44.68318727249927,4.720352679869693,within_event_leave_site_out,Warraber Island,50.0
2017,Willis Island,-16.288,149.96345,-0.004634673557972757,2,,shallow_preferred,-4.848448153611433,4.843813480053461,-4.53418377697104,0.31426437664039325,0.0,0.31426437664039325,354.6767826036841,0.0,within_event_leave_site_out,Willis Island,50.0
2017,Woiz Reef,-10.1744,143.2264,-0.0823360794803385,1,,shallow_preferred,-0.09873691679793326,0.016400837317594757,-0.14307599396585471,0.3264335610442131,-0.3707726382121346,-0.04433907716792146,40.642679498549576,3.595604413413521,within_event_leave_site_out,Woiz Reef,50.0
2017,Yonge Reef,-14.5731,145.6147,-1.6965574448576124,1,,shallow_preferred,-0.2803792615018424,-1.41617818335577,-1.3281434637054306,0.3264335610442131,-1.3741977632478013,-1.0477642022035882,6.5319639975212676,6.695887290904831,within_event_leave_site_out,Yonge Reef,50.0
2020,19-131 Reef,-19.7641,149.3786,2.681231950161008,1,,shallow_preferred,-0.6700688934863276,3.3513008436473357,-0.9521387618875169,0.5618849541797382,-0.8439548225809275,-0.2820698684011893,6.067198349540016,5.5779437704715145,within_event_leave_site_out,19-131 Reef,50.0
2020,19-138 Reef,-19.8024,149.4199,-0.2586793278278807,1,,shallow_preferred,-0.6749108223380085,0.41623149451012775,0.027363682629436337,0.5918170155557894,0.11045748941165545,0.7022745049674448,6.067198349540016,5.601921808343221,within_event_leave_site_out,19-138 Reef,50.0
2020,20-104 Reef,-20.0286,149.6933,1.3679715009030966,1,,shallow_preferred,-0.9766502234556839,2.3446217243587806,-1.003670491065,0.5618849541797382,-0.5889052217890544,-0.027020267609316195,38.07368864716964,6.718006666435234,within_event_leave_site_out,20-104 Reef,50.0
2020,21-062 Reef,-21.0266,150.8538,-0.2332874208135233,1,,all_available,-1.0357048789479435,0.8024174581344202,-0.12959120798518142,0.5618849541797382,0.3442287167830239,0.9061136709627621,32.896988404128905,4.242965353825524,within_event_leave_site_out,21-062 Reef,50.0
2020,21-187 Reef,-21.4072,151.6414,0.8718928705099143,1,,shallow_preferred,-0.5151858728450143,1.3870787433549285,-0.08065986191798255,0.5618849541797382,-0.12735894325270644,0.4345260109270317,84.28209327700898,7.886213051511974,within_event_leave_site_out,21-187 Reef,50.0
2020,21-245 Reef,-21.2965,152.4465,-0.4331639766129953,1,,all_available,-0.538083362810607,0.10491938619761165,-0.4054241849542649,0.5918170155557894,-0.4591578376994473,0.13265917785634207,12.67972757879005,6.039008510151255,within_event_leave_site_out,21-245 Reef,50.0
2020,21-296 Reef,-21.3297,152.5636,-0.338299175268177,1,,shallow_preferred,-0.5771798292068849,0.23888065393870794,-0.49538992615756594,0.5918170155557894,-0.5100271125064704,0.08178990304931899,12.67972757879005,6.110583844680515,within_event_leave_site_out,21-296 Reef,50.0
2020,21-550 Reef,-21.9471,152.3069,0.2899349813298437,1,,shallow_preferred,-0.2399239895046274,0.5298589708344711,0.1559690247054082,0.5918170155557894,-0.19592400134575377,0.3958930142100356,14.491850269937311,7.208784053225471,within_event_leave_site_out,21-550 Reef,50.0
2020,Agincourt Reef Number 1,-16.0398,145.8652,-6.3761235901028375,1,,shallow_preferred,0.8595152986601275,-7.235638888762965,21.61320626340267,0.5918170155557894,20.161873949186752,20.753690964742542,4.370937219683819,6.612188734597939,within_event_leave_site_out,Agincourt Reef Number 1,50.0
2020,Aquila Island,-21.9611,149.5816,1.900201645273785,1,,shallow_preferred,-0.372436825708058,2.272638470981843,0.6286334885399909,0.5618849541797382,0.4391853600683107,1.0010703142480488,62.769829377267506,3.2408970977885305,within_event_leave_site_out,Aquila Island,50.0
2020,Arlington Reef,-16.6461,146.1107,-0.5133974087988227,1,,all_available,0.8394909208248279,-1.3528883296236507,1.3150593974324407,0.5918170155557894,-0.11624853894817663,0.4755684766076127,12.492001668718494,7.421592889441928,within_event_leave_site_out,Arlington Reef,50.0
2020,Barren Island,-23.1578,151.0707,-1.7387467211694982,1,,shallow_preferred,0.8941014203172274,-2.6328481414867255,0.6713093563219132,0.5918170155557894,-0.8146090795511034,-0.22279206399531404,12.710620140085936,6.259385783280973,within_event_leave_site_out,Barren Island,50.0
2020,Bedarra Island,-18.0094,146.148,4.73335811084036,1,,shallow_preferred,0.42755237239845195,4.305805738441908,2.2168395988091882,0.5618849541797382,1.2274022722309983,1.7892872264107365,9.242496316970788,6.558063317616562,within_event_leave_site_out,Bedarra Island,50.0
2020,Cattle Bay,-18.5691,146.4823,-2.477269859827372,1,,shallow_preferred,0.006994518665746509,-2.4842643784931187,0.20358143089582192,0.5918170155557894,-0.39523010332571396,0.1965869122300754,1.341065833156318,6.855080887543875,within_event_leave_site_out,Cattle Bay,50.0
2020,Centipede Reef,-18.7341,147.5522,-0.5921616319662082,1,,shallow_preferred,-1.6862548021849664,1.0940931702187582,-1.2258252942000718,0.5618849541797382,-0.1014554461948437,0.46042950798489446,14.680128092076231,7.445395044636725,within_event_leave_site_out,Centipede Reef,50.0
2020,Chicken Reef,-18.6534,147.7199,-1.3399441724789538,1,,shallow_preferred,-1.7328910492843395,0.39294687680538565,-1.1890992022771156,0.5918170155557894,-0.048025168548565554,0.5437918470072238,17.669033753141125,7.251908580152752,within_event_leave_site_out,Chicken Reef,50.0
2020,Chinaman Reef,-21.9973,152.664,0.3270784856057034,1,2.5,shallow_preferred,-0.2348064685740347,0.5618849541797382,0.22923929602374682,0.5918170155557894,-0.12777125095800784,0.4640457645977815,5.64402331010218,6.889645144432679,within_event_leave_site_out,Chinaman Reef,50.0
2020,Curd Reef,-12.5853,143.5112,4.110928124208211,1,,shallow_preferred,-2.2464196076510254,6.357347731859237,-2.265134848777708,0.5618849541797382,-0.5806001953064206,-0.018715241126682436,32.826162191112715,1.4315011593814881,within_event_leave_site_out,Curd Reef,50.0
2020,Davies Reef,-18.8065,147.6688,-1.096379040767636,1,,shallow_preferred,-1.7104598262345163,0.6140807854668804,-1.1566415800154308,0.5618849541797382,-0.008066707960652706,0.5538182462190855,14.680128092076231,7.074988681921952,within_event_leave_site_out,Davies Reef,50.0
2020,Daydream Island,-20.2557,148.8122,0.6551431759961712,1,,shallow_preferred,0.5702943661818792,0.08484880981429199,0.681767125279627,0.5918170155557894,-0.48034425645804146,0.1114727590977479,5.230947964630829,7.722344111988327,within_event_leave_site_out,Daydream Island,50.0
2020,Dent Island,-20.345,148.9382,2.420851269963028,1,,shallow_preferred,0.7028689523519571,1.7179823176110707,0.8348739691347408,0.5618849541797382,-0.4298799373969545,0.13200501678278365,6.357400115253845,7.755626682313157,within_event_leave_site_out,Dent Island,50.0
2020,Dip Reef,-18.3999,147.4519,-3.5408187431900267,1,,all_available,-1.685898053207859,-1.8549206899821677,-1.1121519611885218,0.5918170155557894,-0.018070923536452264,0.5737460920193371,17.39507361476906,7.706123220693342,within_event_leave_site_out,Dip Reef,50.0
2020,Double Cone,-20.1046,148.7218,-0.2069540241686525,1,,shallow_preferred,0.2734157734176486,-0.4803697975863011,0.2394962898855364,0.5918170155557894,-0.6257364990879015,-0.03391948353211216,18.64569681400093,7.524192353640245,within_event_leave_site_out,Double Cone,50.0
2020,Dugong Island,-10.518,143.0997,-1.334900480255203,1,,shallow_preferred,-0.643437506928539,-0.691462973326664,1.3633738829018975,0.5918170155557894,1.4149943742746471,2.0068113898304363,40.642679498549576,2.705363461605598,within_event_leave_site_out,Dugong Island,50.0
2020,Dunk Island,-17.9263,146.1461,4.646749671684462,1,,shallow_preferred,0.4201974473451184,4.226552224339343,2.639091348688342,0.5618849541797382,1.6570089471634855,2.2188939013432236,9.242496316970788,6.583022301247092,within_event_leave_site_out,Dunk Island,50.0
2020,East Cay,-21.4727,152.5662,-1.3561652153503905,1,,shallow_preferred,-0.5232406281119113,-0.8329245872384792,-0.16371197148389308,0.5918170155557894,-0.23228835892777114,0.35952865662801825,15.90317460653311,7.061077418544567,within_event_leave_site_out,East Cay,50.0
2020,Erskine Island,-23.4993,151.7749,0.6358016707944536,1,,shallow_preferred,0.37136013875891205,0.26444153203554155,-0.08771792131856082,0.5918170155557894,-1.0508950756332622,-0.45907806007747287,4.6449376543534555,6.954976347474438,within_event_leave_site_out,Erskine Island,50.0
2020,Farquharson Reef,-17.79,146.5315,1.6638072792425138,1,,shallow_preferred,0.5728828214276499,1.090924457814864,2.703520936596721,0.5618849541797382,1.5687531609893333,2.1306381151690714,4.786752694885461,6.962208479844293,within_event_leave_site_out,Farquharson Reef,50.0
2020,Feather Reef,-17.519,146.3887,1.2824785990351666,1,,shallow_preferred,0.1250346310739791,1.1574439679611874,2.1802425611015286,0.5618849541797382,1.4933229758478115,2.0552079300275494,5.886901895802568,7.402371515878217,within_event_leave_site_out,Feather Reef,50.0
2020,Fitzroy Island,-16.9233,145.9963,3.912260745858256,1,,shallow_preferred,0.5117696456979597,3.400491100160296,0.5945610325184576,0.5618849541797382,-0.47909356735924025,0.08279138682049791,18.5594659563103,7.7754162071400375,within_event_leave_site_out,Fitzroy Island,50.0
2020,Flinders Reef,-17.71485,148.44805,-0.7344176355788066,2,,shallow_preferred,-1.237355485798263,0.5029378502194564,-0.7132234692221918,0.5918170155557894,-0.06768499897971822,0.5241320165760711,127.98526247087185,6.811323626333948,within_event_leave_site_out,Flinders Reef,50.0
2020,Frankland Islands,-17.227,146.0904,1.7410113732625885,1,,shallow_preferred,0.10971429591872368,1.6312970773438649,0.5301089955229602,0.5618849541797382,-0.1414902545755017,0.4203946996042365,11.41944379063452,7.470131006725058,within_event_leave_site_out,Frankland Islands,50.0
2020,Gannet Cay Reef,-21.9758,152.4797,-0.4839372673882147,1,,all_available,-0.23800104385022475,-0.24593622353798994,0.3616026682385147,0.5918170155557894,0.0077866965329501225,0.5996037120887395,12.845478973003301,7.227919280335107,within_event_leave_site_out,Gannet Cay Reef,50.0
2020,Geoffrey Bay,-19.1548,146.8685,5.872039081989005,1,,shallow_preferred,0.6107904451715445,5.26124863681746,1.7129877071689334,0.5618849541797382,0.5403123078176508,1.102197261997389,48.39896797890436,7.632678020674116,within_event_leave_site_out,Geoffrey Bay,50.0
2020,"Green Island, Qld",-16.7583,145.97,4.1304421271126,1,,shallow_preferred,0.7427383893752021,3.387703737737398,0.8402674000981435,0.5618849541797382,-0.46435594345679687,0.09752901072294129,18.5594659563103,7.666174306109275,within_event_leave_site_out,"Green Island, Qld",50.0
2020,Grub Reef,-18.6214,147.433,-1.9438025416596412,1,,shallow_preferred,-1.6761561161122915,-0.26764642554734963,-1.0076860825491276,0.5918170155557894,0.07665301800737467,0.668470033563164,14.457867038715278,7.736476164984362,within_event_leave_site_out,Grub Reef,50.0
2020,Hastings Reef,-16.5013,146.017,-0.6945687193633798,1,,shallow_preferred,0.8710814570006795,-1.5656501763640593,1.4226218043333487,0.5918170155557894,-0.04027666822312018,0.5515403473326692,6.477570558123498,7.3057396891448825,within_event_leave_site_out,Hastings Reef,50.0
2020,Havannah Island,-18.8472,146.5428,1.5996019487396875,1,,shallow_preferred,0.43962631497322624,1.1599756337664613,1.5386394241066168,0.5618849541797382,0.5371281549536525,1.0990131091333906,11.941546404388253,7.336460710956701,within_event_leave_site_out,Havannah Island,50.0
2020,Hayman Island,-20.0572,148.8997,-1.086136790930217,1,,all_available,0.21293478244638628,-1.2990715733766034,0.200409648650954,0.5918170155557894,-0.6043421493512217,-0.012525133795432297,12.401515782198352,7.485004212857693,within_event_leave_site_out,Hayman Island,50.0
2020,Hedley Reef,-17.2235,146.4754,2.2332465574489904,1,,shallow_preferred,0.06878991192562428,2.1644566455233663,1.2095029600667075,0.5618849541797382,0.5788280939613452,1.1407130481410834,6.665061893679919,7.038592655470411,within_event_leave_site_out,Hedley Reef,50.0
2020,Helix Reef,-18.6203,147.2958,-0.0315414839450269,1,,shallow_preferred,-1.6110559464678846,1.5795144625228577,-1.690890157281848,0.5618849541797382,-0.6417191649937015,-0.07983421081396336,14.457867038715278,7.795000298033704,within_event_leave_site_out,Helix Reef,50.0
2020,Henderson Island,-21.4856,149.9091,1.195587940616754,1,,all_available,-0.6813786114039585,1.8769665520207126,0.2938097088231736,0.5618849541797382,0.4133033660473939,0.9751883202271321,35.56941197175311,5.598448204260085,within_event_leave_site_out,Henderson Island,50.0
2020,Heron Island,-23.4384,151.9182,-0.1325011480103937,1,,shallow_preferred,0.3092526567896484,-0.4417538048000421,-0.4848819947383024,0.5918170155557894,-1.3859516670837402,-0.7941346515279508,16.10863002746127,6.81192801141145,within_event_leave_site_out,Heron Island,50.0
2020,High Island,-17.1622,146.007,-4.069798420007173,1,,shallow_preferred,0.2575011439976163,-4.327299564004789,2.183609467720652,0.5918170155557894,1.3342913081672467,1.926108323723036,11.41944379063452,7.273077826663397,within_event_leave_site_out,High Island,50.0
2020,Hook Island,-20.1681,148.8871,-3.7770271771735215,1,,shallow_preferred,0.25459410905971464,-4.031621286233237,0.8291417124318916,0.5918170155557894,-0.01726941218361231,0.574547603372177,12.401515782198352,7.695626713025544,within_event_leave_site_out,Hook Island,50.0
2020,Horseshoe Reef,-22.0227,152.6166,0.5820267758588589,1,,shallow_preferred,-0.23407456506917207,0.8161013409280309,0.1782549405251848,0.5618849541797382,-0.14955544858538128,0.4123295055943569,5.64402331010218,6.871504677172111,within_event_leave_site_out,Horseshoe Reef,50.0
2020,Humpy Island,-23.2162,150.9638,-0.1949930341297481,1,,shallow_preferred,1.1119186158042291,-1.3069116499339772,0.7840215185312738,0.5918170155557894,-0.9197141128287447,-0.32789709727295535,9.521104486568222,5.929316235584557,within_event_leave_site_out,Humpy Island,50.0
2020,John Brewer,-18.619,147.0811,0.1904078716576975,1,,shallow_preferred,-1.32936548254626,1.5197733542039575,-1.4956822229932671,0.5618849541797382,-0.7282016946267453,-0.16631674044700717,20.946202042366217,7.565806907786168,within_event_leave_site_out,John Brewer,50.0
2020,Kelso Reef,-18.4448,146.9933,-2.390825026230913,1,,shallow_preferred,-0.969143653794444,-1.421681372436469,-1.1409289350258942,0.5918170155557894,-0.7636022967872397,-0.17178528123145032,6.794050715411243,7.061949072520816,within_event_leave_site_out,Kelso Reef,50.0
2020,Knife Reef,-18.572,147.5759,-0.8337973625298156,1,,shallow_preferred,-1.7600544325738798,0.9262570700440642,-1.3539598069478411,0.5618849541797382,-0.15579032855369948,0.4060946256260387,16.030616168336522,7.653223856544076,within_event_leave_site_out,Knife Reef,50.0
2020,Lady Elliot Reef,-18.6798,146.3325,7.410464728408286,1,,shallow_preferred,0.10426205895523706,7.306202669453048,-0.4174772023341152,0.5618849541797382,-1.0836242154690905,-0.5217392612893523,18.578485503433193,6.8920561893660715,within_event_leave_site_out,Lady Elliot Reef,50.0
2020,Lady Musgrave,-23.8884,152.422,-2.2420646583098907,1,,shallow_preferred,-0.1598372666111246,-2.082227391698766,-0.4892528683744698,0.5918170155557894,-0.9212326173191345,-0.32941560176334517,57.31929747311861,7.234427098225238,within_event_leave_site_out,Lady Musgrave,50.0
2020,Lagoon Reef,-12.3923,143.74,-1.526612835689486,1,,shallow_preferred,-2.3286030297926748,0.8019901941031888,2.0242701256812943,0.5618849541797382,3.790988201294231,4.3528731554739695,32.826162191112715,1.3472792410170031,within_event_leave_site_out,Lagoon Reef,50.0
2020,Lizard Island,-14.68796,145.45285,0.4795624356526891,2,0.6,shallow_preferred,0.11733210998221784,0.36223032567047125,-3.571683109621803,0.5918170155557894,-4.28083223515981,-3.6890152196040207,6.04468606233599,5.107646753166651,within_event_leave_site_out,Lizard Island,50.0
2020,Low Isles,-16.3831,145.5619,1.407814282110004,1,,shallow_preferred,1.3362482105291082,0.07156607158089567,11.522914382568924,0.5918170155557894,9.594849156484026,10.186666172039814,12.240133170092554,7.218602699916448,within_event_leave_site_out,Low Isles,50.0
2020,Macgillivray,-14.6485,145.4915,-4.299430568059551,1,,all_available,0.015351607425487487,-4.314782175485038,-2.722438443836716,0.5918170155557894,-3.329607066817993,-2.7377900512622038,6.04468606233599,5.144162451174064,within_event_leave_site_out,Macgillivray,50.0
2020,Mackay Reef,-16.0399,145.6506,2.2648477201922943,1,,shallow_preferred,1.0988157361021609,1.1660319840901334,15.715475645336038,0.5618849541797382,14.054774955054139,14.616659909233878,20.97621703541694,6.963394449763787,within_event_leave_site_out,Mackay Reef,50.0
2020,Manning Island,-23.854,151.3533,2.9522047055525817,1,,shallow_preferred,1.8061873475369914,1.1460173580155903,2.502602631224809,0.5618849541797382,0.13453032950807942,0.6964152836878176,10.301406151333772,5.917881790214848,within_event_leave_site_out,Manning Island,50.0
2020,Martin,-14.7553,145.3722,1.2220278261895885,1,,all_available,0.3009302698786221,0.9210975563109665,-3.2500874488021654,0.5618849541797382,-4.112902672860526,-3.5510177186807876,11.458517364785854,5.231466943270705,within_event_leave_site_out,Martin,50.0
2020,Mast Head Reef,-23.5341,151.7497,1.3050274284054115,1,,all_available,0.7132104128496222,0.5918170155557894,0.2720377564313585,0.5618849541797382,-1.0030576105980018,-0.44117265641826364,4.6449376543534555,7.06706915168796,within_event_leave_site_out,Mast Head Reef,50.0
2020,McCulloch Reef,-17.2834,146.4777,2.116830558170516,1,,shallow_preferred,-0.05337003394723162,2.1702005921177476,1.1888827557648987,0.5618849541797382,0.680367835532392,1.24225278971213,6.665061893679919,6.9825445299518005,within_event_leave_site_out,McCulloch Reef,50.0
2020,Michaelmas Reef,-16.5528,146.0454,1.1469479944542602,1,,shallow_preferred,0.869984638474352,0.2769633559799082,1.1228348789199185,0.5918170155557894,-0.338966775110223,0.25285024044556637,6.477570558123498,7.281887925565073,within_event_leave_site_out,Michaelmas Reef,50.0
2020,Moore Reef,-16.8519,146.2336,1.5139498544599743,1,,shallow_preferred,0.5030105049965485,1.0109393494634258,0.9136977551250077,0.5618849541797382,-0.151197704051279,0.4106872501284592,7.123271272813825,7.4665693902852,within_event_leave_site_out,Moore Reef,50.0
2020,Moore Reef-Coral Sea,-15.8866,149.1516,-4.987052573988572,1,,shallow_preferred,-3.4818284262960293,-1.5052241476925423,-3.4239386603535653,0.5918170155557894,-0.5339272496133253,0.05788976594246409,97.5463098301599,1.0,within_event_leave_site_out,Moore Reef-Coral Sea,50.0
2020,Myrmidon Reef,-18.2585,147.3814,-0.6244883420862655,1,,shallow_preferred,-1.636623553596475,1.0121352115102096,-1.863027649236519,0.5618849541797382,-0.7882890498197821,-0.22640409564004393,17.39507361476906,7.566245411704031,within_event_leave_site_out,Myrmidon Reef,50.0
2020,No Name,-14.6308,145.6418,-4.310231988865706,1,,shallow_preferred,-0.17077998056676008,-4.139452008298946,-3.251746183553286,0.5918170155557894,-3.6727832185423153,-3.080966202986526,6.686276529624356,5.026809744762853,within_event_leave_site_out,No Name,50.0
2020,North Direction Island,-14.7435,145.5136,-6.57,1,,shallow_preferred,0.11124668023381441,-6.681246680233815,-2.09160253978392,0.5918170155557894,-2.794666235573524,-2.2028492200177348,8.990388278188759,5.397847767816985,within_event_leave_site_out,North Direction Island,50.0
2020,North Keppel Island,-23.0864,150.9052,-0.0437870365482258,1,,shallow_preferred,1.0742741757352465,-1.1180612122834723,0.6147322794647219,0.5918170155557894,-1.051358911826314,-0.45954189627052466,15.627238445567361,5.700208288569161,within_event_leave_site_out,North Keppel Island,50.0
2020,North Reef,-23.1755,151.9086,0.0,1,,all_available,-0.06456989712641659,0.06456989712641659,-1.2376867774922242,0.5918170155557894,-1.764933895921597,-1.1731168803658076,15.824864555586355,6.411536247036074,within_event_leave_site_out,North Reef,50.0
2020,Northeast Reef,-18.5718,146.4947,-2.2315763578432497,1,,shallow_preferred,0.004928414431686699,-2.2365047722749365,0.13375395663830913,0.5918170155557894,-0.4629914733491669,0.12882554220662246,1.341065833156318,6.897941275419252,within_event_leave_site_out,Northeast Reef,50.0
2020,Nth Barnards (Jesse Is),-17.6722,146.1742,5.556803929865103,1,,shallow_preferred,0.2086154879684287,5.348188441896674,2.079624543674298,0.5618849541797382,1.309124101526131,1.8710090557058692,28.409393179966862,7.762676128294074,within_event_leave_site_out,Nth Barnards (Jesse Is),50.0
2020,One Tree Island,-23.4833,152.0739,-3.1230587818809963,3,,all_available,-0.197221376447711,-2.925837405433285,-0.5944639562571759,0.5918170155557894,-0.9890595953652542,-0.39724257980946487,16.648108547346098,6.917120287778722,within_event_leave_site_out,One Tree Island,50.0
2020,Opal Reef,-16.2042,145.9005,-0.7276474892046885,1,,shallow_preferred,0.9955629950914024,-1.723210484296091,15.38344709376951,0.5918170155557894,13.796067083122319,14.387884098678107,15.765134195590111,7.525934196678791,within_event_leave_site_out,Opal Reef,50.0
2020,Pandora Reef,-18.8164,146.4341,2.415483371564374,1,,shallow_preferred,0.41823269089004744,1.9972506806743264,1.3736114168214248,0.5618849541797382,0.3934937717516393,0.9553787259313775,11.941546404388253,7.0293406354641945,within_event_leave_site_out,Pandora Reef,50.0
2020,Peak Island,-23.3413,150.9369,2.0302291152499343,1,,shallow_preferred,1.1784054515577678,0.8518236636921666,0.5999890736270022,0.5618849541797382,-1.1403013321105038,-0.5784163779307656,12.986160728490018,6.260677271363766,within_event_leave_site_out,Peak Island,50.0
2020,Peart Reef,-17.4676,146.402,1.027260252243318,1,,shallow_preferred,0.11009970564471744,0.9171605465986006,1.5237063330698235,0.5618849541797382,0.851721673245368,1.4136066274251062,5.886901895802568,7.3431264435097425,within_event_leave_site_out,Peart Reef,50.0
2020,Pelican Island,-23.2397,150.8742,2.036700049354229,1,,shallow_preferred,1.1395870853866332,0.8971129639675957,0.4210069278607913,0.5618849541797382,-1.28046511170558,-0.7185801575258419,9.521104486568222,5.791242465904836,within_event_leave_site_out,Pelican Island,50.0
2020,Pelorus Island,-18.5406,146.4888,-3.0800208505562527,1,,shallow_preferred,0.0014396862758325772,-3.0814605368320853,0.263896699836592,0.5918170155557894,-0.32936000199502996,0.2624570135607594,3.2422887630841384,6.899284349800336,within_event_leave_site_out,Pelorus Island,50.0
2020,Penrith Reef,-21.0036,149.8882,-1.0546015138842613,1,,shallow_preferred,-1.0187314234768325,-0.03587009040742872,-0.02034496747575304,0.5918170155557894,0.40656944044529014,0.9983864560010796,18.243632282729035,5.1726179389498395,within_event_leave_site_out,Penrith Reef,50.0
2020,Pine Island,-20.378,148.8884,1.9326931379161556,1,,shallow_preferred,0.7097954325633984,1.2228977053527572,0.9917985587802289,0.5618849541797382,-0.27988182796290767,0.2820031262168305,6.357400115253845,7.728323642990067,within_event_leave_site_out,Pine Island,50.0
2020,Pine Peak Island,-21.5145,150.2515,0.6812159480858444,1,,shallow_preferred,-0.7651367222592053,1.4463526703450498,0.26087535104364706,0.5618849541797382,0.46412711912311416,1.0260120733028524,35.56941197175311,5.527654005639961,within_event_leave_site_out,Pine Peak Island,50.0
2020,Pompey Reef (No 1),-20.9201,150.5582,-0.0615643802336514,1,,shallow_preferred,-1.0617075665180586,1.0001431862844072,-0.4899630983902456,0.5618849541797382,0.00985951394807488,0.571744468127813,32.896988404128905,5.4604057731612565,within_event_leave_site_out,Pompey Reef (No 1),50.0
2020,Rat Island,-23.767,151.3185,4.032971175530797,1,,shallow_preferred,1.8070574172414977,2.225913758289299,2.19503762277239,0.5618849541797382,-0.17390474864884595,0.3879802055308922,10.301406151333772,6.408908645190496,within_event_leave_site_out,Rat Island,50.0
2020,Rebe Reef,-19.795,150.1499,-6.47,1,,shallow_preferred,-1.7147101308123138,-4.755289869187686,-0.47728524392265637,0.5918170155557894,0.6456078713338681,1.2374248868896576,54.34585144353913,5.414424598154662,within_event_leave_site_out,Rebe Reef,50.0
2020,Repulse,-20.5779,148.8625,3.481321265505569,1,,all_available,0.6317133820719245,2.8496078834336442,0.8753933313583466,0.5618849541797382,-0.31820500489331605,0.24367994928642212,22.032538285010602,7.535671661026369,within_event_leave_site_out,Repulse,50.0
2020,Rib Reef,-18.473,146.8774,0.4080477107976641,1,,shallow_preferred,-0.49013255470584705,0.8981802655035112,-1.4340234661925793,0.5618849541797382,-1.5057758656664704,-0.9438909114867322,12.620223867733433,7.393635503148551,within_event_leave_site_out,Rib Reef,50.0
2020,Roxburgh Reef,-18.4321,147.0563,-3.331693297466966,1,,shallow_preferred,-1.3329002814763475,-1.9987930159906186,-1.0933846809842527,0.5918170155557894,-0.35230141506369456,0.2395156004920948,6.794050715411243,7.291660694372834,within_event_leave_site_out,Roxburgh Reef,50.0
2020,Sand Bank No7,-13.4363,143.9722,-6.03,1,,shallow_preferred,-2.036259190879201,-3.993740809120799,-1.7866851992802417,0.5918170155557894,-0.3422430239568299,0.2495739915989595,82.5447688071673,2.731779324706991,within_event_leave_site_out,Sand Bank No7,50.0
2020,Seaforth Island,-20.4685,149.0389,2.016782735515747,1,,shallow_preferred,0.680638816302164,1.3361439192135829,1.0914103628721867,0.5618849541797382,-0.15111340760971548,0.4107715465700227,17.28354301801151,7.586956505534518,within_event_leave_site_out,Seaforth Island,50.0
2020,Seal Rocks North,-23.9583,151.4849,2.838999863593152,1,,shallow_preferred,1.5410456536868749,1.297954209906277,1.9704004725474102,0.5618849541797382,-0.13253013531920266,0.4293548188605355,17.70517680874414,6.174116120867271,within_event_leave_site_out,Seal Rocks North,50.0
2020,Shute and Tancred Islands,-20.3009,148.7983,1.348653458250242,1,,shallow_preferred,0.5974292638433202,0.7512241944069219,0.7191170963201381,0.5618849541797382,-0.44019712170292036,0.1216878324768178,5.230947964630829,7.7403804758072665,within_event_leave_site_out,Shute and Tancred Islands,50.0
2020,Small Lagoon Reef,-21.8678,152.5239,2.2234787121065374,1,,shallow_preferred,-0.24702402190689093,2.4705027340134285,-0.1711397086322648,0.5618849541797382,-0.486000640905112,0.07588431327462614,12.845478973003301,7.476808582415588,within_event_leave_site_out,Small Lagoon Reef,50.0
2020,Snake Reef,-22.0232,152.1928,-0.0755047190480606,1,,shallow_preferred,-0.24515648321329758,0.16965176416523697,0.20887670071994052,0.5918170155557894,-0.13778383162255126,0.4540331839332381,14.491850269937311,6.891274381553621,within_event_leave_site_out,Snake Reef,50.0
2020,Snapper Island North,-16.2924,145.4969,5.115966535074563,1,,shallow_preferred,1.3702852113922166,3.745681323682346,11.355231812364506,0.5618849541797382,9.42306164679255,9.98494660097229,12.240133170092554,6.922690766240569,within_event_leave_site_out,Snapper Island North,50.0
2020,St Crispin Reef,-16.0733,145.8438,88.25537843400438,1,,shallow_preferred,0.8987075305155551,87.35667090348883,-0.6713837613284546,0.5618849541797382,-2.131976246023748,-1.5700912918440098,4.370937219683819,6.730243355052378,within_event_leave_site_out,St Crispin Reef,50.0
2020,Taylor Reef,-17.8121,146.5703,0.3831780430515588,1,,shallow_preferred,0.5810372482254053,-0.19785920517384648,3.0010194651401623,0.5918170155557894,1.8281652013589673,2.4199822169147565,4.786752694885461,6.800702494209837,within_event_leave_site_out,Taylor Reef,50.0
2020,Tern Reef,-20.9023,150.0264,-1.0741594610218153,1,,shallow_preferred,-1.0814645496715216,0.007305088649706359,-0.42627141180366057,0.5918170155557894,0.0633761223120717,0.655193137867861,18.243632282729035,5.202888091339795,within_event_leave_site_out,Tern Reef,50.0
2020,Thetford Reef,-16.7995,146.1951,1.1996534608867409,1,,shallow_preferred,0.7423438216886883,0.45730963919805256,1.2626065550272496,0.5918170155557894,-0.07155428221722795,0.5202627333385614,7.123271272813825,7.478217482436951,within_event_leave_site_out,Thetford Reef,50.0
2020,Tryon Island,-23.2457,151.7739,-3.263919477013788,1,,shallow_preferred,0.38271430906724124,-3.646633786081029,0.1374876686996498,0.5918170155557894,-0.8370436559233808,-0.24522664036759145,15.824864555586355,6.793470067787375,within_event_leave_site_out,Tryon Island,50.0
2020,Tuesday,-10.5519,142.3265,2.989141947783424,1,,shallow_preferred,-0.32267800762519305,3.311819955408617,0.6790030594181161,0.5618849541797382,0.439796112863571,1.0016810670433092,66.52523050497574,2.7246891495921326,within_event_leave_site_out,Tuesday,50.0
2020,Turner Cay,-21.7031,152.5605,-1.2722601282566712,1,,all_available,-0.46425683033867543,-0.8080032979179959,0.05995251202734678,0.5918170155557894,-0.06760767318976715,0.5242093423660222,18.699673428175867,7.773660452795185,within_event_leave_site_out,Turner Cay,50.0
2020,Tydeman Cay,-13.9715,144.5017,-5.401408447634655,2,2.6,shallow_preferred,-0.9370655231163029,-4.464342924518352,-2.2497829714748026,0.5918170155557894,-1.904534463914289,-1.3127174483584996,82.5447688071673,5.551694087376546,within_event_leave_site_out,Tydeman Cay,50.0
2020,Warraber Island,-10.2007,142.8189,1.78781952851811,1,,all_available,-0.6017336149451491,2.3895531434632593,0.5020615680159772,0.5618849541797382,0.5419102287813882,1.1037951829611263,44.693385849190435,2.9038414753388517,within_event_leave_site_out,Warraber Island,50.0
2020,Willis Island,-16.28805,149.9634,-5.210242417599298,2,,shallow_preferred,-4.419367092249939,-0.7908753253493597,-4.637323435159521,0.5918170155557894,-0.8097733584653724,-0.217956342909583,97.5463098301599,1.0,within_event_leave_site_out,Willis Island,50.0
2020,Woiz Reef,-10.1744,143.2264,1.1404435733747071,1,,shallow_preferred,-0.5706089674681777,1.7110525408428847,0.4413664635262613,0.5618849541797382,0.4500904768147008,1.0119754309944389,40.642679498549576,2.4910063617953804,within_event_leave_site_out,Woiz Reef,50.0
2020,Yonge Reef,-14.57695,145.61415,-4.376788490280496,2,,shallow_preferred,-0.19682913148583076,-4.179959358794665,-3.243345836167441,0.5918170155557894,-3.6383337202373998,-3.0465167046816104,6.686276529624356,5.034125241755455,within_event_leave_site_out,Yonge Reef,50.0
2022,19-131 Reef,-19.7641,149.3786,-2.3785906080173893,1,,shallow_preferred,-0.4094388054302243,-1.969151802587165,-0.921320993104587,-0.08777667889651711,-0.4241055087778456,-0.5118821876743627,57.288513906831795,7.677336986358325,within_event_leave_site_out,19-131 Reef,50.0
2022,19-159 Reef,-19.6628,149.9152,-4.44,1,,all_available,-1.1531893096328503,-3.28681069036715,-3.0496060341034017,-0.08777667889651711,-1.8086400455740341,-1.8964167244705512,28.627899247066132,4.05651258119743,within_event_leave_site_out,19-159 Reef,50.0
2022,21-062 Reef,-21.0266,150.8538,-1.045948682836028,1,,all_available,-0.8339522333608707,-0.2119964494751574,-1.2373787643206147,-0.08777667889651711,-0.3156498520632269,-0.403426530959744,32.896988404128905,5.1476933386562145,within_event_leave_site_out,21-062 Reef,50.0
2022,21-139 Reef,-21.4552,151.4654,-0.4091454128263019,1,,shallow_preferred,-0.38492775717042005,-0.024217655655881853,-0.38479454085554876,-0.10454341103008777,0.10467662734495907,0.00013321631487130114,18.982969178608094,4.282641425695156,within_event_leave_site_out,21-139 Reef,50.0
2022,21-187 Reef,-21.4072,151.6414,-0.083471493881662,1,,shallow_preferred,-0.4536516237190108,0.3701801298373488,-0.6398541509635507,-0.10454341103008777,-0.08165911621445208,-0.18620252724453984,18.982969178608094,4.9547370800723805,within_event_leave_site_out,21-187 Reef,50.0
2022,21-245 Reef,-21.2965,152.4465,-0.4454734262389186,1,,all_available,-0.42088595274622204,-0.024587473492696577,-0.972218485915741,-0.10454341103008777,-0.44678912213943117,-0.5513325331695189,12.834371126963449,6.0374541481534605,within_event_leave_site_out,21-245 Reef,50.0
2022,21-296 Reef,-21.3283,152.5656,-1.4652746991282903,1,,all_available,-0.45396692304073183,-1.0113077760875586,-0.7648424481569235,-0.08777667889651711,-0.22309884621967455,-0.31087552511619165,12.834371126963449,6.097938774016102,within_event_leave_site_out,21-296 Reef,50.0
2022,21-550 Reef,-21.9471,152.3069,-0.0034301923432069,1,,shallow_preferred,-0.19572938249246444,0.19229919014925753,-0.24309522335384703,-0.10454341103008777,0.057177570168705186,-0.04736584086138258,14.491850269937311,7.197087746147593,within_event_leave_site_out,21-550 Reef,50.0
2022,Agincourt Reef Number 1,-16.0398,145.8652,-2.651844619931497,1,,shallow_preferred,0.6473933933342289,-3.2992380132657257,0.6159426196784229,-0.08777667889651711,0.05632590524071116,-0.031450773655805946,4.370937219683819,5.51160122766105,within_event_leave_site_out,Agincourt Reef Number 1,50.0
2022,Aquila Island,-21.9611,149.5816,1.9098567453975277,1,,shallow_preferred,-0.16114277513985234,2.07099952053738,-0.29352641175918004,-0.10454341103008777,-0.027840225589239907,-0.13238363661932767,62.816418969324054,3.241972213596767,within_event_leave_site_out,Aquila Island,50.0
2022,Arlington Reef,-16.6461,146.1107,-0.5367593562922782,1,,all_available,1.0380179859419199,-1.574777342234198,-0.01840386820719997,-0.08777667889651711,-0.9686451752526027,-1.05642185414912,19.2804492131455,6.6714258810987594,within_event_leave_site_out,Arlington Reef,50.0
2022,Barren Island,-23.1578,151.0707,-0.3208671857457266,1,,shallow_preferred,0.7977913007317684,-1.118658486477495,0.8796023018212668,-0.08777667889651711,0.16958767998601545,0.08181100108949835,12.710620140085936,6.259385783280975,within_event_leave_site_out,Barren Island,50.0
2022,Bedarra Island,-18.0094,146.148,1.133605519395835,1,,shallow_preferred,0.8380979122172523,0.2955076071785827,1.5148368980669118,-0.10454341103008777,0.7812823968797473,0.6767389858496595,9.242496316970788,6.558042910380798,within_event_leave_site_out,Bedarra Island,50.0
2022,Cattle Bay,-18.5691,146.4823,-1.4469747705416411,1,,shallow_preferred,0.28350132602915834,-1.7304760965707995,-0.8992341642082942,-0.08777667889651711,-1.0949588113409354,-1.1827354902374525,1.341065833156318,6.846002594655683,within_event_leave_site_out,Cattle Bay,50.0
2022,Chicken Reef,-18.6543,147.7143,-1.4657225110230736,1,,shallow_preferred,-1.3534220842422637,-0.11230042678080987,-2.6722134033140055,-0.08777667889651711,-1.2310146401752247,-1.3187913190717417,17.15573681986673,6.466463441919875,within_event_leave_site_out,Chicken Reef,50.0
2022,Chinaman Reef,-21.9973,152.664,0.1627848857765562,1,,shallow_preferred,-0.18899351360198424,0.35177839937854044,-0.3398054869042121,-0.10454341103008777,-0.04626856227214006,-0.15081197330222784,5.425255719767251,6.881912159297953,within_event_leave_site_out,Chinaman Reef,50.0
2022,Davies Reef,-18.8065,147.6688,-4.097198572006766,1,,shallow_preferred,-1.2581857945944872,-2.839012777412279,-1.9104898400604868,-0.08777667889651711,-0.5645273665694825,-0.6523040454659996,17.589084506166472,6.485879725363928,within_event_leave_site_out,Davies Reef,50.0
2022,Daydream Island,-20.2557,148.8122,2.136293212639157,1,,shallow_preferred,0.2774657691228572,1.8588274435163,0.6333603357866581,-0.10454341103008777,0.46043797769388867,0.3558945666638009,5.230947964630829,7.301569406542512,within_event_leave_site_out,Daydream Island,50.0
2022,Dent Island,-20.345,148.9382,1.3304348506075487,1,,shallow_preferred,0.6144393831584489,0.7159954674490998,1.205186137194952,-0.10454341103008777,0.6952901650665908,0.590746754036503,6.357400115253845,7.273131274177676,within_event_leave_site_out,Dent Island,50.0
2022,Dip Reef,-18.3999,147.4519,-3.4808544735666334,1,,all_available,-1.512260781897204,-1.9685936916694293,-2.2323581182917462,-0.08777667889651711,-0.632320657498025,-0.7200973363945421,17.56223260742678,7.404204695679456,within_event_leave_site_out,Dip Reef,50.0
2022,Double Cone,-20.1046,148.7218,-1.340713240785889,1,,shallow_preferred,-0.059644368741917586,-1.2810688720439716,0.668185938274953,-0.08777667889651711,0.8156069859133876,0.7278303070168706,18.133391956516384,7.281591618473687,within_event_leave_site_out,Double Cone,50.0
2022,Dugong Island,-10.518,143.0997,-3.104144143713349,1,,shallow_preferred,0.2177785152898962,-3.321922659003245,-1.8409441905376966,-0.08777667889651711,-1.9709460269310757,-2.0587227058275928,40.642679498549576,1.9925175542913183,within_event_leave_site_out,Dugong Island,50.0
2022,Dunk Island,-17.9263,146.1461,2.6186019242209104,1,,shallow_preferred,0.8139913178097109,1.8046106064111995,1.02101538274054,-0.10454341103008777,0.3115674759609169,0.20702406493082912,9.242496316970788,6.583377602178659,within_event_leave_site_out,Dunk Island,50.0
2022,East Cay,-21.46965,152.56664999999998,-1.408171322422771,2,,all_available,-0.4115684404311448,-0.9966028819916262,-0.70868151461021,-0.08777667889651711,-0.2093363952825481,-0.2971130741790652,15.71780050662962,7.037378986363474,within_event_leave_site_out,East Cay,50.0
2022,Erskine Island,-23.4993,151.7749,-0.1361484251800034,1,,shallow_preferred,-0.04837174628348628,-0.08777667889651711,1.2270353122612851,-0.10454341103008777,1.3799504695748592,1.2754070585447714,4.6449376543534555,6.364268584839048,within_event_leave_site_out,Erskine Island,50.0
2022,Farquharson Reef,-17.79,146.5315,4.046969595776141,1,,shallow_preferred,0.9083343298213535,3.138635265954788,1.1038081103557635,-0.10454341103008777,0.30001719156449785,0.19547378053441009,4.786752694885461,6.9623830774484325,within_event_leave_site_out,Farquharson Reef,50.0
2022,Feather Reef,-17.519,146.3887,0.6317105884816945,1,,shallow_preferred,0.63636895911926,-0.004658370637565468,0.4684197653281722,-0.10454341103008777,-0.06340578276099998,-0.16794919379108775,5.886901895802568,7.402422078917829,within_event_leave_site_out,Feather Reef,50.0
2022,Fitzroy Island,-16.9233,145.9963,2.65282077204235,1,,shallow_preferred,1.1222728146347243,1.5305479574076255,-0.724988908647735,-0.10454341103008777,-1.7427183122523715,-1.8472617232824593,16.52260544145923,7.078502350137057,within_event_leave_site_out,Fitzroy Island,50.0
2022,Frankland Islands,-17.227,146.0904,-2.82,1,,shallow_preferred,0.7038489470279994,-3.5238489470279992,-0.276555711088986,-0.08777667889651711,-0.8926279792204683,-0.9804046581169854,11.41944379063452,7.428689047232604,within_event_leave_site_out,Frankland Islands,50.0
2022,Gannet Cay Reef,-21.9784,152.4742,-0.1507100538374921,1,,shallow_preferred,-0.19344218763734378,0.04273213379985169,-0.28054737248700445,-0.10454341103008777,0.01743822618042713,-0.08710518484966064,13.323992323594386,7.226478430718132,within_event_leave_site_out,Gannet Cay Reef,50.0
2022,Geoffrey Bay,-19.1548,146.8685,5.061730904646273,1,,shallow_preferred,1.0128724183062507,4.0488584863400225,-0.42347285164277926,-0.10454341103008777,-1.3318018589189422,-1.43634526994903,48.39896797890436,7.632678020674117,within_event_leave_site_out,Geoffrey Bay,50.0
2022,"Green Island, Qld",-16.7755,145.9803,-0.4121544361777092,1,,all_available,1.1365451044236752,-1.5486995406013844,0.39185850058528104,-0.08777667889651711,-0.656909924941877,-0.7446866038383941,16.52260544145923,6.769397192646577,within_event_leave_site_out,"Green Island, Qld",50.0
2022,Havannah Island,-18.8472,146.5428,-7.62,1,,shallow_preferred,0.8431783881594738,-8.463178388159474,0.737218698263409,-0.08777667889651711,-0.018183010999547656,-0.10595968989606476,11.941546404388253,7.336460710956701,within_event_leave_site_out,Havannah Island,50.0
2022,Hayman Island,-20.0415,148.8819,0.494145963859558,1,,shallow_preferred,-0.12471392883691697,0.618859892696475,0.22120952054853427,-0.10454341103008777,0.450466860415539,0.3459234493854513,14.08776503436185,7.444100350557639,within_event_leave_site_out,Hayman Island,50.0
2022,Hedley Reef,-17.2235,146.4754,-1.657937384793584,1,,shallow_preferred,0.6611253246809424,-2.3190627094745264,-0.13697757312344783,-0.08777667889651711,-0.7103262189078732,-0.7981028978043903,6.665061893679919,6.926024585462189,within_event_leave_site_out,Hedley Reef,50.0
2022,Helix Reef,-18.6203,147.2958,-1.1398314146952075,1,,shallow_preferred,-1.3676243961697394,0.22779298147453186,-2.2844677515312313,-0.10454341103008777,-0.8122999443314038,-0.9168433553614916,22.624476091743695,7.776960243374424,within_event_leave_site_out,Helix Reef,50.0
2022,Henderson Island,-21.4854,149.9096,-0.0543985601681202,1,,shallow_preferred,-0.42018238584698886,0.3657838256788687,-0.5115778932608885,-0.10454341103008777,0.013147903616188087,-0.09139550741389968,35.51993817205843,5.300212812890503,within_event_leave_site_out,Henderson Island,50.0
2022,Heron Island,-23.4384,151.9182,2.1808009517332927,1,,shallow_preferred,-0.14632303888025858,2.3271239906135515,0.5271422172837864,-0.10454341103008777,0.7780086671941328,0.673465256164045,16.10863002746127,6.278466038418523,within_event_leave_site_out,Heron Island,50.0
2022,High Island,-17.1622,146.007,-2.77,1,,shallow_preferred,1.0064569955469085,-3.7764569955469085,-0.073020266282535,-0.08777667889651711,-0.9917005829329264,-1.0794772618294435,11.41944379063452,7.174895968429497,within_event_leave_site_out,High Island,50.0
2022,Hook Island,-20.1681,148.8871,0.2107336087404583,1,,shallow_preferred,-0.09695801194343986,0.30769162068389816,0.42962657658668074,-0.10454341103008777,0.6311279995602084,0.5265845885301206,12.488611960182649,7.485589259228686,within_event_leave_site_out,Hook Island,50.0
2022,Horseshoe Reef,-22.0229,152.6192,0.0112034489833148,1,,all_available,-0.1890122314335424,0.2002156804168572,-0.2896431988078722,-0.10454341103008777,0.003912443655758007,-0.10063096737432976,5.425255719767251,6.863179242616753,within_event_leave_site_out,Horseshoe Reef,50.0
2022,Humpy Island,-23.2162,150.9638,0.279434735430043,1,,shallow_preferred,0.9948108371082701,-0.7153761016782272,1.2282824749813512,-0.08777667889651711,0.3212483167695981,0.23347163787308098,9.521104486568222,5.929316235584557,within_event_leave_site_out,Humpy Island,50.0
2022,John Brewer,-18.619,147.0811,0.4930263576224289,1,,shallow_preferred,-1.1123996646239387,1.6054260222463677,-2.6391768614756392,-0.10454341103008777,-1.422233785821613,-1.5267771968517008,21.468353402243846,7.241490743790799,within_event_leave_site_out,John Brewer,50.0
2022,Kelso Reef,-18.4448,146.9933,-1.0781514652946915,1,,shallow_preferred,-1.1611599802363857,0.08300851494169414,-2.0191423272138573,-0.10454341103008777,-0.7534389359473838,-0.8579823469774716,12.620223867733433,7.174580192565824,within_event_leave_site_out,Kelso Reef,50.0
2022,Knife Reef,-18.5711,147.5772,-3.2651574439186666,1,,all_available,-1.3868171393732105,-1.878340304545456,-2.2121262252292166,-0.08777667889651711,-0.737532406959489,-0.825309085856006,17.15573681986673,7.152337610535012,within_event_leave_site_out,Knife Reef,50.0
2022,Lady Elliot Reef,-18.6798,146.3325,3.8833344612980607,1,,shallow_preferred,0.4612371771034665,3.422097284194594,-1.768798903914833,-0.10454341103008777,-2.125492669988212,-2.2300360810182998,18.578485503433193,6.8920561893660715,within_event_leave_site_out,Lady Elliot Reef,50.0
2022,Lady Musgrave,-23.8896,152.42,-0.47,1,,shallow_preferred,-0.42639748431472085,-0.04360251568527912,0.4524314313308955,-0.10454341103008777,0.9833723266757041,0.8788289156456163,57.29863113389703,6.159746582472675,within_event_leave_site_out,Lady Musgrave,50.0
2022,Lagoon Reef,-12.3923,143.74,-4.43344753368639,1,,shallow_preferred,-0.7260591125270998,-3.7073884211592905,-1.3456198152514554,-0.08777667889651711,-0.5317840238278385,-0.6195607027243556,118.78414575979455,1.0,within_event_leave_site_out,Lagoon Reef,50.0
2022,Lizard Island,-14.68995,145.45430850000002,0.01200421625706849,2,5.0,shallow_preferred,0.053413549771067284,-0.041409333513998794,-0.5258579898773208,-0.10454341103008777,-0.47472812861830027,-0.5792715396483881,6.103187344284145,4.131023760160246,within_event_leave_site_out,Lizard Island,50.0
2022,Low Isles,-16.3831,145.5619,2.007534551996275,1,,shallow_preferred,1.1860095102321555,0.8215250417641196,1.2079183053857134,-0.10454341103008777,0.12645220618364583,0.021908795153558064,12.240133170092554,6.533183356359298,within_event_leave_site_out,Low Isles,50.0
2022,Macgillivray,-14.6485,145.4915,-3.113379619347248,1,,all_available,-0.056389037123599016,-3.0569905822236487,0.1024208842618956,-0.08777667889651711,0.24658660028201174,0.15880992138549463,6.103187344284145,4.146271685573532,within_event_leave_site_out,Macgillivray,50.0
2022,Mackay Reef,-16.0399,145.6506,0.9261292605345348,1,,shallow_preferred,0.9254288796668648,0.0007003808676699919,0.48811217376409183,-0.10454341103008777,-0.3327732948726852,-0.43731670590277294,20.97621703541694,5.8758004791818195,within_event_leave_site_out,Mackay Reef,50.0
2022,Manning Island,-23.854,151.3533,5.309158172425871,1,,shallow_preferred,1.5068629385057117,3.8022952339201592,3.010517794852422,-0.10454341103008777,1.6081982673767983,1.5036548563467105,10.301406151333772,5.7903944974056,within_event_leave_site_out,Manning Island,50.0
2022,Martin,-14.7553,145.3722,1.9154301837787944,1,,all_available,0.24154164987322418,1.6738885339055702,-0.6453725662516011,-0.10454341103008777,-0.7823708050947376,-0.8869142161248253,11.435803865432767,4.278439830557858,within_event_leave_site_out,Martin,50.0
2022,Mast Head Reef,-23.5341,151.7497,0.3320649799632625,1,,all_available,0.24706812108714404,0.08499685887611846,1.5217603783195208,-0.10454341103008777,1.3792356682624645,1.2746922572323767,4.6449376543534555,6.467388646177716,within_event_leave_site_out,Mast Head Reef,50.0
2022,McCulloch Reef,-17.2834,146.4777,1.0634930497346478,1,,shallow_preferred,0.6485060630834513,0.4149869866511965,-0.4882641523791226,-0.10454341103008777,-1.032226804432486,-1.1367702154625738,6.665061893679919,6.933910951169472,within_event_leave_site_out,McCulloch Reef,50.0
2022,Myrmidon Reef,-18.25695,147.38115,-2.106265781265818,2,,all_available,-1.4533128355763962,-0.6529529456894216,-2.4121298852308524,-0.08777667889651711,-0.8710403707579388,-0.9588170496544559,17.56223260742678,7.267209953799742,within_event_leave_site_out,Myrmidon Reef,50.0
2022,No Name,-14.6308,145.6418,-1.705695853816663,1,,shallow_preferred,-0.2715671817968895,-1.4341286720197737,-0.6406291439953202,-0.08777667889651711,-0.2812852833019136,-0.3690619621984307,16.289374149332726,4.1163656092450225,within_event_leave_site_out,No Name,50.0
2022,North Direction Island,-14.7435,145.5136,0.7454363748168298,1,,shallow_preferred,0.04026012966695135,0.7051762451498784,-0.7446735092342849,-0.10454341103008777,-0.6803902278711484,-0.7849336389012362,8.724533069287578,4.406884827987124,within_event_leave_site_out,North Direction Island,50.0
2022,North Keppel Island,-23.0864,150.9052,-0.7961308644747469,1,,shallow_preferred,0.9570437618132841,-1.753174626288031,1.2955003924157604,-0.08777667889651711,0.4262333094989934,0.3384566306024763,15.627238445567361,5.7002082885691605,within_event_leave_site_out,North Keppel Island,50.0
2022,Northeast Reef,-18.5718,146.4947,0.1769185098647074,1,,shallow_preferred,0.28146192089479516,-0.10454341103008777,-1.2527743670874731,-0.08777667889651711,-1.446459609085751,-1.5342362879822682,1.341065833156318,6.89012103827175,within_event_leave_site_out,Northeast Reef,50.0
2022,Nth Barnards (Jesse Is),-17.6717,146.1747,1.273264460917427,1,,all_available,0.8305705165183349,0.44269394439909215,1.0871640190793168,-0.10454341103008777,0.36113691359106964,0.2565935025609819,28.333671520104392,7.76337546792073,within_event_leave_site_out,Nth Barnards (Jesse Is),50.0
2022,One Tree Island,-23.4833,152.0739,-0.32,4,,all_available,-0.648888646075339,0.328888646075339,0.4562755373010413,-0.10454341103008777,1.2097075944064681,1.1051641833763803,16.648108547346098,6.291966000297123,within_event_leave_site_out,One Tree Island,50.0
2022,Pandora Reef,-18.8164,146.4341,-1.3308283189703358,1,,shallow_preferred,0.8117627363744827,-2.1425910553448184,-0.5061948405033886,-0.08777667889651711,-1.2301808979813542,-1.3179575768778713,11.941546404388253,7.02934063546419,within_event_leave_site_out,Pandora Reef,50.0
2022,Peak Island,-23.3413,150.9369,0.5855679313135402,1,,shallow_preferred,1.1935695433137739,-0.6080016120002336,1.6314432769376086,-0.08777667889651711,0.5256504125203518,0.43787373362383475,12.986160728490018,6.260677271363765,within_event_leave_site_out,Peak Island,50.0
2022,Peart Reef,-17.4676,146.402,-0.8201420307894405,1,,shallow_preferred,0.635305249415784,-1.4554472802052245,0.2271162934423221,-0.08777667889651711,-0.32041227707694486,-0.40818895597346194,5.886901895802568,7.343438968038389,within_event_leave_site_out,Peart Reef,50.0
2022,Pelican Island,-23.2397,150.8742,2.87801058962431,1,,shallow_preferred,1.03000171561938,1.84800887400493,0.7187355421811792,-0.10454341103008777,-0.20672276240811296,-0.31126617343820073,9.521104486568222,5.791242465904837,within_event_leave_site_out,Pelican Island,50.0
2022,Pelorus Island,-18.5406,146.4888,-1.0987203135328016,1,,shallow_preferred,0.26863203036065697,-1.3673523438934585,-0.9751187737374879,-0.08777667889651711,-1.1559741252016278,-1.2437508040981449,3.2422887630841384,6.879815520640953,within_event_leave_site_out,Pelorus Island,50.0
2022,Penrith Reef,-21.0036,149.8882,-1.4836345387472027,1,,shallow_preferred,-0.7992860691894007,-0.684348469557802,-1.075967549822854,-0.08777667889651711,-0.1889048017369363,-0.27668148063345344,18.243632282729035,5.077680953611448,within_event_leave_site_out,Penrith Reef,50.0
2022,Pine Island,-20.378,148.8884,1.614351045119581,1,,shallow_preferred,0.6309985484913292,0.9833524966282519,1.1929556059913469,-0.10454341103008777,0.6665004685301056,0.5619570575000178,6.357400115253845,7.179004399937317,within_event_leave_site_out,Pine Island,50.0
2022,Pine Peak Island,-21.5145,150.2515,-0.6866243656929498,1,,shallow_preferred,-0.4918266030251803,-0.19479776266776955,-0.551284564956578,-0.08777667889651711,0.028318716965119478,-0.05945796193139763,35.51993817205843,6.001976017807163,within_event_leave_site_out,Pine Peak Island,50.0
2022,Pompey Reef (No 1),-20.9201,150.5582,-1.631415408490577,1,,shallow_preferred,-0.8147018173640832,-0.8167135911264938,-1.304248845171534,-0.08777667889651711,-0.40177034891093366,-0.48954702780745074,32.896988404128905,5.6421420992583435,within_event_leave_site_out,Pompey Reef (No 1),50.0
2022,Rat Island,-23.767,151.3185,6.114287463581379,1,,shallow_preferred,1.6358081966191962,4.478479266962182,2.8828084184107237,-0.10454341103008777,1.3515436328216155,1.2470002217915277,10.301406151333772,6.2150708479328465,within_event_leave_site_out,Rat Island,50.0
2022,Rebe Reef,-19.795,150.1499,-5.96,1,,shallow_preferred,-1.4000382823149595,-4.559961717685041,-3.236806062054858,-0.08777667889651711,-1.7489911008433816,-1.8367677797398987,28.627899247066132,3.5750343870751173,within_event_leave_site_out,Rebe Reef,50.0
2022,Rib Reef,-18.473,146.8774,-3.641424667151929,1,,shallow_preferred,-0.6999941029273369,-2.941430564224592,-1.589272357377084,-0.08777667889651711,-0.80150157555323,-0.8892782544497471,12.620223867733433,7.309244573003402,within_event_leave_site_out,Rib Reef,50.0
2022,Sand Bank No7,-13.4363,143.9722,-4.078812431810763,1,,shallow_preferred,-1.8107640877794196,-2.2680483440313437,-3.236858168302488,-0.08777667889651711,-1.3383174016265516,-1.4260940805230686,82.5447688071673,1.7847076327870204,within_event_leave_site_out,Sand Bank No7,50.0
2022,Seaforth Island,-20.4685,149.0389,1.3896108603220183,1,,shallow_preferred,0.6374479718140058,0.7521628885080125,1.1984582857538684,-0.10454341103008777,0.6655537249699504,0.5610103139398626,17.28354301801151,7.140165601559826,within_event_leave_site_out,Seaforth Island,50.0
2022,Shute and Tancred Islands,-20.3009,148.7983,1.2805066431930934,1,,shallow_preferred,0.322973043576776,0.9575335996163175,0.8715686135198961,-0.10454341103008777,0.6531389809732079,0.5485955699431201,5.230947964630829,7.2445306891425085,within_event_leave_site_out,Shute and Tancred Islands,50.0
2022,Small Lagoon Reef,-21.8678,152.5239,-0.49,1,,shallow_preferred,-0.19293550592226574,-0.2970644940777343,-0.2985372146659988,-0.08777667889651711,-0.017825029847215974,-0.10560170874373308,13.323992323594386,7.478810115331421,within_event_leave_site_out,Small Lagoon Reef,50.0
2022,Snake Reef,-22.0232,152.1928,0.2680475636644979,1,,shallow_preferred,-0.20897824797367945,0.47702581163817737,-0.2864794410934606,-0.10454341103008777,0.027042217910306622,-0.07750119311978115,14.491850269937311,6.882957292378257,within_event_leave_site_out,Snake Reef,50.0
2022,Snapper Island North,-16.2924,145.4969,4.223499478603828,1,,shallow_preferred,1.23359709456745,2.989902384036378,0.6962564758710603,-0.10454341103008777,-0.43279720766630186,-0.5373406186963896,12.240133170092554,6.080565927048742,within_event_leave_site_out,Snapper Island North,50.0
2022,St Crispin Reef,-16.0733,145.8438,-0.410183903401097,1,,shallow_preferred,0.6927506075694602,-1.1029345109705573,0.055196981921927124,-0.08777667889651711,-0.549776946751016,-0.637553625647533,4.370937219683819,5.6669737197935115,within_event_leave_site_out,St Crispin Reef,50.0
2022,Taylor Reef,-17.8121,146.5703,1.8551421834079156,1,,shallow_preferred,0.9052914385052729,0.9498507449026427,1.6737169482456937,-0.10454341103008777,0.8729689207705086,0.7684255097404208,4.786752694885461,6.800907474789012,within_event_leave_site_out,Taylor Reef,50.0
2022,Tern Reef,-20.9023,150.0264,-1.940902751155893,1,,shallow_preferred,-0.8128417477534456,-1.1280610034024474,-1.2430967885142437,-0.08777667889651711,-0.34247836186428093,-0.430255040760798,18.243632282729035,5.025214471167893,within_event_leave_site_out,Tern Reef,50.0
2022,Thetford Reef,-16.7995,146.1951,0.6869782559540729,1,,shallow_preferred,1.1057084826940229,-0.41873022673995,-0.24458292259874415,-0.08777667889651711,-1.26251472639625,-1.350291405292767,19.2804492131455,7.0394466084791585,within_event_leave_site_out,Thetford Reef,50.0
2022,Tryon Island,-23.2457,151.7739,0.7394298817738182,1,,shallow_preferred,-0.08366597612319776,0.823095857897016,0.8187123293636129,-0.10454341103008777,1.0069217165168984,0.9023783054868106,26.003209769600254,6.685992007028535,within_event_leave_site_out,Tryon Island,50.0
2022,Turner Cay,-21.7031,152.5605,-1.11,1,,all_available,-0.3619344696962667,-0.7480655303037334,-0.5674287513513785,-0.08777667889651711,-0.11771760275859468,-0.2054942816551118,18.699673428175867,7.774674721994243,within_event_leave_site_out,Turner Cay,50.0
2022,Tydeman Cay,-13.9715,144.5017,-3.554377203886662,1,,shallow_preferred,-1.2933131225805334,-2.2610640813061282,-1.875825181576522,-0.08777667889651711,-0.4947353800994714,-0.5825120589959885,82.5447688071673,4.727914699383373,within_event_leave_site_out,Tydeman Cay,50.0
2022,Warraber Island,-10.2007,142.8189,-3.827378726930228,1,,all_available,0.3265248332861312,-4.153903560216359,-1.3859898523772591,-0.08777667889651711,-1.6247380067668733,-1.7125146856633904,44.693385849190435,1.9991311767283853,within_event_leave_site_out,Warraber Island,50.0
2022,Woiz Reef,-10.1744,143.2264,-0.5409761267719593,1,,shallow_preferred,0.3316417653307589,-0.8726178921027181,-2.836220039686238,-0.08777667889651711,-3.08008512612048,-3.167861805016997,40.642679498549576,1.9967273060475454,within_event_leave_site_out,Woiz Reef,50.0
2024,19-131 Reef,-19.7641,149.3786,-0.6744511753434193,1,,shallow_preferred,-0.2199756345381037,-0.45447554080531555,-2.1907256292204194,-0.8049137769345692,-1.1658362177477462,-1.9707499946823153,6.067198349540016,5.487026799917237,within_event_leave_site_out,19-131 Reef,50.0
2024,19-138 Reef,-19.8024,149.4199,-1.0230412376642537,1,,shallow_preferred,-0.23084415851365356,-0.7921970791506001,-2.1690191618478165,-0.7826730319987272,-1.1555019713354355,-1.9381750033341627,6.067198349540016,5.519108717005917,within_event_leave_site_out,19-138 Reef,50.0
2024,19-159 Reef,-19.6661,149.9146,-7.65684152839136,1,,shallow_preferred,-1.0687686329645774,-6.588072895426783,-3.9578909782393774,-0.7699563342147581,-2.119166011060042,-2.8891223452748003,28.49526327239457,4.705956003808715,within_event_leave_site_out,19-159 Reef,50.0
2024,21-062 Reef,-21.0266,150.8538,-1.9333814204583104,1,,all_available,-0.7830959794973608,-1.1502854409609498,-1.904854309402544,-0.7699563342147581,-0.35180199569042525,-1.1217583299051834,79.30429201646247,5.769797801126359,within_event_leave_site_out,21-062 Reef,50.0
2024,21-139 Reef,-21.4552,151.4654,0.0726746718180955,1,,shallow_preferred,-0.33172679291490914,0.40440146473300465,-1.7869187196060863,-0.8049137769345692,-0.6502781497566078,-1.455191926691177,18.982969178608094,4.108206221410589,within_event_leave_site_out,21-139 Reef,50.0
2024,21-187 Reef,-21.4072,151.6414,-0.4103944612504753,1,,shallow_preferred,-0.2871273997538465,-0.1232670614966288,-1.737617434963659,-0.8049137769345692,-0.6455762582752435,-1.4504900352098127,18.982969178608094,4.737945277389069,within_event_leave_site_out,21-187 Reef,50.0
2024,21-296 Reef,-21.3283,152.5656,-4.404290636113286,1,,all_available,-0.29203383944205463,-4.112256796671232,-2.29743051039397,-0.7699563342147581,-1.2354403367371574,-2.0053966709519155,16.101130827301812,5.850255754113241,within_event_leave_site_out,21-296 Reef,50.0
2024,21-550 Reef,-21.9471,152.3069,-6.265088692108982,1,,shallow_preferred,-0.09617654100881787,-6.168912151100164,-1.4478952939852217,-0.7699563342147581,-0.5817624187616457,-1.3517187529764039,14.491850269937311,6.714692697649449,within_event_leave_site_out,21-550 Reef,50.0
2024,Agincourt Reef Number 1,-16.0398,145.8652,-4.012516339372439,1,,shallow_preferred,0.6065063666371943,-4.619022706009633,1.3986306464615768,-0.7699563342147581,1.5620806140391406,0.7921242798243825,4.370937219683819,4.779077675139255,within_event_leave_site_out,Agincourt Reef Number 1,50.0
2024,Aquila Island,-21.9611,149.5816,0.4390047486318469,1,,shallow_preferred,-0.012076786184090112,0.45108153481593705,-0.9942407529969055,-0.8049137769345692,-0.1772501898782461,-0.9821639668128153,62.816418969324054,3.241972213596767,within_event_leave_site_out,Aquila Island,50.0
2024,Barren Island,-23.1578,151.0707,0.3196292238013338,1,,all_available,0.8852425285998862,-0.5656133047985523,0.7353021795187822,-0.8049137769345692,0.6549734278534652,-0.14994034908110399,12.710620140085936,5.83837464095721,within_event_leave_site_out,Barren Island,50.0
2024,Bedarra Island,-18.0094,146.148,1.1625144023774636,1,,shallow_preferred,1.2561375583048071,-0.0936231559273435,-0.3891850266839,-0.8049137769345692,-0.8404088080541379,-1.645322584988707,9.242496316970788,6.55647454139399,within_event_leave_site_out,Bedarra Island,50.0
2024,Cattle Bay,-18.5691,146.4823,-0.7300712136667187,1,,shallow_preferred,0.3284878005431525,-1.0585590142098713,-1.2537946252056673,-0.7699563342147581,-0.8123260915340618,-1.58228242574882,1.341065833156318,6.846002594655683,within_event_leave_site_out,Cattle Bay,50.0
2024,Chicken Reef,-18.6543,147.7143,-2.184520626102456,1,,shallow_preferred,-1.2475123527988714,-0.9370082733035847,-3.2128378910701043,-0.7699563342147581,-1.1953692040564745,-1.9653255382712325,17.15573681986673,5.908617761032615,within_event_leave_site_out,Chicken Reef,50.0
2024,Chinaman Reef,-21.9973,152.664,-0.5064200122349298,1,,shallow_preferred,-0.10724992365037182,-0.399170088584558,-2.165823760770146,-0.8049137769345692,-1.2536600601852048,-2.058573837119774,5.64402331010218,6.174550164271673,within_event_leave_site_out,Chinaman Reef,50.0
2024,Davies Reef,-18.8065,147.6688,-4.23,1,,shallow_preferred,-1.134304886508141,-3.0956951134918596,-2.474386044334172,-0.7699563342147581,-0.570124823611273,-1.340081157826031,17.589084506166472,6.100465261916602,within_event_leave_site_out,Davies Reef,50.0
2024,Daydream Island,-20.2557,148.8122,0.6784482753618271,1,,shallow_preferred,0.5034443644884786,0.17500391087334843,0.5334792750322845,-0.8049137769345692,0.8349486874783751,0.030034910543805915,5.230947964630829,7.306072215162164,within_event_leave_site_out,Daydream Island,50.0
2024,Dent Island,-20.345,148.9382,2.566522705175249,1,,shallow_preferred,0.8283682521757456,1.7381544529995032,0.6948621050421179,-0.8049137769345692,0.6714076298009415,-0.13350614713362774,6.357400115253845,7.294005749130409,within_event_leave_site_out,Dent Island,50.0
2024,Double Cone,-20.1046,148.7218,1.2275266028900518,1,,shallow_preferred,0.20571258172541215,1.0218140211646396,-0.10018563107992162,-0.8049137769345692,0.4990155641292354,-0.3058982128053338,18.64569681400093,7.291762200811468,within_event_leave_site_out,Double Cone,50.0
2024,Dunk Island,-17.9263,146.1461,1.9648675111953395,1,,shallow_preferred,1.2402114689139059,0.7246560422814337,-0.8681872666817886,-0.8049137769345692,-1.3034849586611252,-2.1083987355956944,9.242496316970788,6.581855583108746,within_event_leave_site_out,Dunk Island,50.0
2024,East Cay,-21.4731,152.5661,-2.711257994167201,1,,shallow_preferred,-0.28035021453615777,-2.430907779631043,-2.6820137105987376,-0.7699563342147581,-1.6317071618478216,-2.4016634960625796,16.101130827301812,6.428083521674091,within_event_leave_site_out,East Cay,50.0
2024,Erskine Island,-23.4993,151.7749,-0.1237739004500273,1,,shallow_preferred,0.45429110445222054,-0.5780650049022479,-0.15242883048982978,-0.8049137769345692,0.1981938419925189,-0.6067199349420503,4.6449376543534555,6.579029099762507,within_event_leave_site_out,Erskine Island,50.0
2024,Farquharson Reef,-17.79,146.5315,-0.4620728254939896,1,,shallow_preferred,1.2567403550643663,-1.718813180558356,-0.6287916766438725,-0.7699563342147581,-1.1155756974934807,-1.8855320317082387,4.786752694885461,6.5529099007689915,within_event_leave_site_out,Farquharson Reef,50.0
2024,Feather Reef,-17.519,146.3887,-0.1261575783816608,1,,shallow_preferred,0.8780257599351909,-1.0041833383168517,-1.1520721927555333,-0.7699563342147581,-1.2601416184759662,-2.030097952690724,6.034190045094119,7.021351767135718,within_event_leave_site_out,Feather Reef,50.0
2024,Fitzroy Island,-16.9233,145.9963,2.4398755607444453,1,,shallow_preferred,0.771884441627442,1.6679911191170034,0.2046777822239315,-0.8049137769345692,0.23770711753105875,-0.5672066594035104,25.23976149187972,6.257829790097785,within_event_leave_site_out,Fitzroy Island,50.0
2024,Frankland Islands,-17.227,146.0904,-4.0774689296026985,1,,shallow_preferred,0.48038258541802603,-4.557851515020724,-0.013506639386244246,-0.7699563342147581,0.2760671094104878,-0.4938892248042703,11.41944379063452,6.792913507838181,within_event_leave_site_out,Frankland Islands,50.0
2024,Gannet Cay Reef,-21.9784,152.4742,-1.6855877548702187,1,,shallow_preferred,-0.10470772057760955,-1.5808800342926093,-2.1987381020664785,-0.7699563342147581,-1.3240740472741106,-2.0940303814888686,15.485499777971011,6.65359171611657,within_event_leave_site_out,Gannet Cay Reef,50.0
2024,Geoffrey Bay,-19.1548,146.8685,3.1578664283643807,1,,shallow_preferred,1.019209651161937,2.138656777202444,-0.013838689109938296,-0.8049137769345692,-0.22813456333730614,-1.0330483402718753,48.39896797890436,7.632678020674117,within_event_leave_site_out,Geoffrey Bay,50.0
2024,Havannah Island,-18.8472,146.5428,-2.0044825113156497,1,,shallow_preferred,0.8795130320907698,-2.8839955434064195,0.005631508623844275,-0.7699563342147581,-0.10392518925216747,-0.8738815234669255,11.941546404388253,7.336460710956701,within_event_leave_site_out,Havannah Island,50.0
2024,Hayman Island,-20.0572,148.8997,-1.6394145048062023,1,,all_available,0.1532528756886786,-1.792667380494881,0.21290100082022279,-0.7699563342147581,0.8296044593463022,0.05964812513154416,12.401515782198352,7.467946891797221,within_event_leave_site_out,Hayman Island,50.0
2024,Helix Reef,-18.6203,147.2958,-2.0171620859266275,1,,shallow_preferred,-1.1995316112080892,-0.8176304747185383,-2.7186979336243224,-0.7699563342147581,-0.7492099882014754,-1.5191663224162335,22.624476091743695,7.5133949246774545,within_event_leave_site_out,Helix Reef,50.0
2024,Henderson Island,-21.4854,149.9096,1.126334270875045,1,,shallow_preferred,-0.3715750325939067,1.4979093034689517,-2.491039698148869,-0.8049137769345692,-1.3145508886203932,-2.1194646655549625,35.51993817205843,4.570713843963386,within_event_leave_site_out,Henderson Island,50.0
2024,Heron Island,-23.4384,151.9182,-0.181553811969767,1,,shallow_preferred,0.3907313134816485,-0.5722851254514155,-0.42257280822930926,-0.8049137769345692,-0.008390344776388552,-0.8133041217109578,16.10863002746127,6.450900384845434,within_event_leave_site_out,Heron Island,50.0
2024,High Island,-17.1622,146.007,1.535772150210808,1,,shallow_preferred,0.6032889606301584,0.9324831895806496,-1.0547549602729636,-0.8049137769345692,-0.8531301439685527,-1.658043920903122,11.41944379063452,6.349895121895005,within_event_leave_site_out,High Island,50.0
2024,Hook Island,-20.1681,148.8871,-3.042549039341085,1,,all_available,0.19167382988072507,-3.23422286922181,0.5919000795442577,-0.7699563342147581,1.1701825838782907,0.4002262496635326,12.401515782198352,7.4734411436463715,within_event_leave_site_out,Hook Island,50.0
2024,Horseshoe Reef,-22.0227,152.6166,-0.1809719599408747,1,,shallow_preferred,-0.10498900496413419,-0.07598295497674051,-2.2607481439333736,-0.8049137769345692,-1.35084536203467,-2.1557591389692394,5.64402331010218,6.157628413990551,within_event_leave_site_out,Horseshoe Reef,50.0
2024,Humpy Island,-23.2162,150.9638,0.6080076396220804,1,,shallow_preferred,1.1065230958295686,-0.4985154562074883,1.0060839893949252,-0.8049137769345692,0.7044746704999257,-0.10043910643464349,9.521104486568222,5.4307280958186315,within_event_leave_site_out,Humpy Island,50.0
2024,John Brewer,-18.619,147.0811,-2.873303413257616,1,,shallow_preferred,-0.9980083753826814,-1.8752950378749347,-2.5993880570349415,-0.7699563342147581,-0.8314233474375021,-1.60137968165226,21.468353402243846,7.100830009556611,within_event_leave_site_out,John Brewer,50.0
2024,Kelso Reef,-18.4448,146.9933,-3.000988014471895,1,,shallow_preferred,-1.0350896474511926,-1.9658983670207022,-2.443772649069796,-0.7699563342147581,-0.6387266674038454,-1.4086830016186034,12.620223867733433,7.0431937297376495,within_event_leave_site_out,Kelso Reef,50.0
2024,Knife Reef,-18.5711,147.5772,-4.760525391713829,1,,all_available,-1.2789242769976934,-3.4816011147161356,-2.50767156787065,-0.7699563342147581,-0.45879095665819863,-1.2287472908729566,17.15573681986673,6.680935217135555,within_event_leave_site_out,Knife Reef,50.0
2024,Lady Elliot Reef,-18.6798,146.3325,2.6642012664764696,1,,shallow_preferred,0.5014769949088376,2.1627242715676323,-1.396032526834949,-0.8049137769345692,-1.0925957448092174,-1.8975095217437867,18.578485503433193,6.8920561893660715,within_event_leave_site_out,Lady Elliot Reef,50.0
2024,Lady Musgrave,-23.8896,152.42,-1.9318759413607989,1,,shallow_preferred,-0.1121071157872336,-1.8197688255735653,-0.7138514073310522,-0.7699563342147581,0.1682120426709395,-0.6017442915438186,57.29863113389703,7.068664057603656,within_event_leave_site_out,Lady Musgrave,50.0
2024,Lagoon Reef,-12.3926,143.7398,-3.979975825951212,1,,all_available,-0.7471517898757943,-3.2328240360754177,-2.4545082360663955,-0.7699563342147581,-0.9374001119758428,-1.7073564461906008,118.75613707833729,1.0,within_event_leave_site_out,Lagoon Reef,50.0
2024,Lizard Island,-14.68995,145.45430850000002,0.9437563272144394,2,5.0,shallow_preferred,-0.3861152363078476,1.3298715635222869,1.286355089741246,-0.8049137769345692,2.4773841029836627,1.6724703260490936,6.103187344284145,4.921506957827572,within_event_leave_site_out,Lizard Island,50.0
2024,Low Isles,-16.3831,145.5619,3.234717160448197,1,,shallow_preferred,1.057296637133733,2.177420523314464,2.2403256980860107,-0.8049137769345692,1.9879428378868471,1.1830290609522778,12.240133170092554,5.784385020247795,within_event_leave_site_out,Low Isles,50.0
2024,Macgillivray,-14.6485,145.4915,0.3334817723541992,1,,all_available,-0.4973843823492942,0.8308661547034935,1.0648959780842784,-0.8049137769345692,2.3671941373681418,1.5622803604335727,6.103187344284145,4.9621723807910945,within_event_leave_site_out,Macgillivray,50.0
2024,Mackay Reef,-16.0399,145.6506,2.986583602448798,1,,shallow_preferred,0.8397603919721842,2.146823210476614,0.6877147445952755,-0.8049137769345692,0.6528681295576605,-0.15204564737690873,20.97621703541694,5.203296733423544,within_event_leave_site_out,Mackay Reef,50.0
2024,Manning Island,-23.854,151.3533,0.8688011005989598,1,,shallow_preferred,1.872040112140924,-1.0032390115419643,2.7791921261291863,-0.7699563342147581,1.6771083482030205,0.9071520139882624,10.301406151333772,5.805854663364697,within_event_leave_site_out,Manning Island,50.0
2024,Martin,-14.7553,145.3722,3.8351490990065393,1,,all_available,-0.19492690768504325,4.030076006691583,1.0155858419365966,-0.8049137769345692,2.015426526556209,1.21051274962164,11.435803865432767,5.0084061805661015,within_event_leave_site_out,Martin,50.0
2024,Mast Head Reef,-23.5341,151.7497,0.0469545366380899,1,,all_available,0.7946701259170059,-0.747715589278916,0.3009822102776916,-0.8049137769345692,0.3112258612952549,-0.4936879156393143,4.6449376543534555,6.726474343141108,within_event_leave_site_out,Mast Head Reef,50.0
2024,Myrmidon Reef,-18.2585,147.3814,-1.772714135542496,1,,shallow_preferred,-1.3076828177350241,-0.46503131780747187,-2.936210802825115,-0.8049137769345692,-0.8236142081555212,-1.6285279850900904,40.43445215991432,7.392914588741109,within_event_leave_site_out,Myrmidon Reef,50.0
2024,No Name,-14.6308,145.6418,-3.1206719496112054,1,,shallow_preferred,-0.6698322267487357,-2.4508397228624696,1.2109019574370865,-0.7699563342147581,2.6506905184005802,1.880734184185822,7.0475439096602095,4.875569355021501,within_event_leave_site_out,No Name,50.0
2024,North Direction Island,-14.7435,145.5136,5.383649436141575,1,,shallow_preferred,-0.3958737924735789,5.7795232286151546,0.16747276762054875,-0.8049137769345692,1.368260337028697,0.5633465600941278,8.724533069287578,5.22990806248048,within_event_leave_site_out,North Direction Island,50.0
2024,North Keppel Island,-23.0864,150.9052,1.0622295146220626,1,,shallow_preferred,1.0496625028016577,0.012567011820404872,0.7882660422681615,-0.8049137769345692,0.543517316401073,-0.2613964605334962,15.627238445567361,5.117353477447036,within_event_leave_site_out,North Keppel Island,50.0
2024,Northeast Reef,-18.5718,146.4947,0.4083809324888072,1,,shallow_preferred,0.32632163814990867,0.08205929433889853,-1.4954121854708606,-0.8049137769345692,-1.0168200466862,-1.8217338236207694,1.341065833156318,6.89012103827175,within_event_leave_site_out,Northeast Reef,50.0
2024,Nth Barnards (Jesse Is),-17.6717,146.1747,-2.745176977858989,1,,all_available,1.2306641403167455,-3.975841118175735,0.03836244796764282,-0.7699563342147581,-0.42234535813434465,-1.1923016923491028,28.333671520104392,7.71581591056154,within_event_leave_site_out,Nth Barnards (Jesse Is),50.0
2024,One Tree Island,-23.4833,152.0739,-1.8831180838731818,4,,all_available,-0.127699757693873,-1.7554183261793088,-0.7384808059584952,-0.7699563342147581,0.1591752859501359,-0.6107810482646222,16.648108547346098,6.539565051146258,within_event_leave_site_out,One Tree Island,50.0
2024,Pandora Reef,-18.8164,146.4341,-1.2492841044856169,1,,shallow_preferred,0.8485993348048686,-2.0978834392904853,-0.161158588099998,-0.7699563342147581,-0.23980158869010854,-1.0097579229048665,11.941546404388253,7.02934063546419,within_event_leave_site_out,Pandora Reef,50.0
2024,Peart Reef,-17.4665,146.4031,-2.1103074542540026,1,,all_available,0.857894711408009,-2.9682021656620114,-0.7264673512185025,-0.7699563342147581,-0.8144057284117534,-1.5843620626265116,6.034190045094119,6.915207484704646,within_event_leave_site_out,Peart Reef,50.0
2024,Pelican Island,-23.2397,150.8742,1.3336012499129186,1,,shallow_preferred,1.1476425279132618,0.1859587219996568,0.9011170152798353,-0.8049137769345692,0.5583882643011427,-0.24652551263342648,9.521104486568222,5.289532853373723,within_event_leave_site_out,Pelican Island,50.0
2024,Pelorus Island,-18.5406,146.4888,-4.99468701852191,1,,shallow_preferred,0.3199774234697931,-5.314664441991703,-0.42231660134351795,-0.7699563342147581,0.027662309401447045,-0.742294024813311,3.2422887630841384,6.879815520640955,within_event_leave_site_out,Pelorus Island,50.0
2024,Penrith Reef,-21.0036,149.8882,-8.25,1,,shallow_preferred,-0.7185828608428435,-7.531417139157156,-1.5719791917348798,-0.7699563342147581,-0.08343999667727835,-0.8533963308920364,18.243632282729035,4.591788861821869,within_event_leave_site_out,Penrith Reef,50.0
2024,Pine Island,-20.378,148.8884,2.039983382562866,1,,shallow_preferred,0.843724304555686,1.1962590780071802,0.8565953058415721,-0.8049137769345692,0.8177847782204553,0.01287100128588603,6.357400115253845,7.198029758845184,within_event_leave_site_out,Pine Island,50.0
2024,Pine Peak Island,-21.5145,150.2515,-0.7875008679016648,1,,shallow_preferred,-0.44195692212631565,-0.3455439457753492,-1.7381442886317762,-0.8049137769345692,-0.49127358957089123,-1.2961873665054604,35.51993817205843,5.045671848150585,within_event_leave_site_out,Pine Peak Island,50.0
2024,Rat Island,-23.767,151.3185,5.273399331924637,1,,shallow_preferred,1.856217213593851,3.4171821183307856,1.644200214006158,-0.8049137769345692,0.5928967773468761,-0.21201699958769316,10.301406151333772,6.282091088321094,within_event_leave_site_out,Rat Island,50.0
2024,Rebe Reef,-19.795,150.1499,-8.971298792288794,1,,shallow_preferred,-1.3383016807902965,-7.632997111498497,-4.912265479301363,-0.7699563342147581,-2.8040074642963084,-3.5739637985110666,28.49526327239457,4.0771570624798406,within_event_leave_site_out,Rebe Reef,50.0
2024,Rib Reef,-18.473,146.8774,-0.7957262887094778,1,,shallow_preferred,-0.544507278194678,-0.2512190105147998,-2.365103994670827,-0.8049137769345692,-1.0156829395415798,-1.8205967164761492,12.620223867733433,7.309687892782426,within_event_leave_site_out,Rib Reef,50.0
2024,Sand Bank No7,-13.4363,143.9722,-6.256932822483051,1,,shallow_preferred,-1.6462676789068547,-4.610665143576197,-3.017335051240047,-0.7699563342147581,-0.6011110381184339,-1.3710673723331919,118.75613707833729,1.0,within_event_leave_site_out,Sand Bank No7,50.0
2024,Seaforth Island,-20.4685,149.0389,1.0099774032713746,1,,all_available,0.8334908002145528,0.17648660305682184,0.9883801401583737,-0.8049137769345692,0.9598031168783902,0.15488933994382093,17.28354301801151,7.176166648640256,within_event_leave_site_out,Seaforth Island,50.0
2024,Seal Rocks North,-23.9583,151.4849,3.263794696516893,1,,shallow_preferred,1.536044174196431,1.727750522320462,1.3932384361789096,-0.8049137769345692,0.6621080389170477,-0.1428057380175215,17.70517680874414,6.110416154093554,within_event_leave_site_out,Seal Rocks North,50.0
2024,Shute and Tancred Islands,-20.3009,148.7983,1.6179930495016066,1,,shallow_preferred,0.530714669313443,1.0872783801881636,0.4753546590323814,-0.8049137769345692,0.7495537666535076,-0.05536001028106163,5.230947964630829,7.251227635510467,within_event_leave_site_out,Shute and Tancred Islands,50.0
2024,Snake Reef,-22.0232,152.1928,-1.1544690991552988,1,,shallow_preferred,-0.08875102258845104,-1.0657180765668477,-2.626726705708527,-0.7699563342147581,-1.768019348905318,-2.537975683120076,14.491850269937311,6.456530736726848,within_event_leave_site_out,Snake Reef,50.0
2024,Snapper Island North,-16.2924,145.4969,7.4435563247489664,1,,shallow_preferred,1.1034622375667793,6.340094087182187,1.0991288277994624,-0.8049137769345692,0.8005803671672523,-0.004333409767316887,12.240133170092554,5.394284195124376,within_event_leave_site_out,Snapper Island North,50.0
2024,St Crispin Reef,-16.0733,145.8438,-2.0280244486688037,1,,shallow_preferred,0.6442062269486643,-2.672230675617468,0.8967006878685309,-0.7699563342147581,1.0224507951346247,0.2524944609198666,4.370937219683819,4.9174879555809685,within_event_leave_site_out,St Crispin Reef,50.0
2024,Taylor Reef,-17.8121,146.5703,-0.1915376615305835,1,,shallow_preferred,1.255353801247093,-1.4468914627776766,-0.4532478430482063,-0.7699563342147581,-0.9386453100805413,-1.7086016442952994,4.786752694885461,6.447173672402033,within_event_leave_site_out,Taylor Reef,50.0
2024,Tern Reef,-20.9023,150.0264,-3.845918940878663,1,,shallow_preferred,-0.7560593816944552,-3.089859559184208,-3.9180644653167342,-0.7699563342147581,-2.392048749407521,-3.162005083622279,18.243632282729035,4.398108466293283,within_event_leave_site_out,Tern Reef,50.0
2024,Thetford Reef,-16.7995,146.1951,1.199482382797532,1,,shallow_preferred,0.7762576090785911,0.42322477371894096,-0.05262912946297779,-0.8049137769345692,-0.023972961606999656,-0.8288867385415689,25.23976149187972,6.337253278994361,within_event_leave_site_out,Thetford Reef,50.0
2024,Tryon Island,-23.2457,151.7739,-1.813614176405533,1,,shallow_preferred,0.45979573243338795,-2.273409908838921,-0.05984100172309009,-0.7699563342147581,0.25031960005828,-0.519636734156478,26.003209769600254,6.685992007028534,within_event_leave_site_out,Tryon Island,50.0
2024,Turner Cay,-21.7031,152.5605,-2.5344971807506527,1,,all_available,-0.23645921058149186,-2.298037970169161,-2.317113156295969,-0.7699563342147581,-1.3106976114997189,-2.080653945714477,25.58142199166528,7.326007241691669,within_event_leave_site_out,Turner Cay,50.0
2024,Willis Island,-16.2897,149.9649,-13.17,1,,shallow_preferred,-1.8338131610881585,-11.336186838911841,-2.6037694953029167,-0.7699563342147581,0.0,-0.7699563342147581,350.9479252294557,0.0,within_event_leave_site_out,Willis Island,50.0
2024,Yonge Reef,-14.5731,145.6147,-1.8594030718308463,1,,shallow_preferred,-0.686501575818465,-1.1729014960123814,0.8141145442913384,-0.7699563342147581,2.2705724543245616,1.5006161201098034,7.0475439096602095,4.8602372617309255,within_event_leave_site_out,Yonge Reef,50.0
2016,19-131 Reef,-19.7641,149.3786,2.4881428483989625,1,,shallow_preferred,-0.7990505198481755,3.287193368247138,-0.5765914705917753,0.1677746491904789,0.0546844000659213,0.2224590492564002,6.067198349540016,7.558418920814977,within_event_leave_site_out,19-131 Reef,100.0
2016,19-138 Reef,-19.8024,149.4199,1.615120950831018,1,,shallow_preferred,-0.8026973594001423,2.4178183102311603,-0.5636076214255727,0.1677746491904789,0.07131508878409065,0.23908973797456956,6.067198349540016,7.57131535440067,within_event_leave_site_out,19-138 Reef,100.0
2016,19-159 Reef,-19.6661,149.9146,-3.01,1,,shallow_preferred,-1.5765769801313543,-1.4334230198686455,-1.1537497689942953,0.20510111350070148,0.21772609763635745,0.4228272111370589,19.65108297418923,7.142524087044808,within_event_leave_site_out,19-159 Reef,100.0
2016,20-104 Reef,-20.0286,149.6933,1.2862792410082275,1,,shallow_preferred,-1.1331503590577365,2.419429600065964,-1.0029178714127238,0.1677746491904789,-0.037542161545466246,0.13023248764501266,38.07368864716964,7.792704682689202,within_event_leave_site_out,20-104 Reef,100.0
2016,21-062 Reef,-21.028,150.8534,-0.47,1,,shallow_preferred,-0.9946364944651971,0.5246364944651971,-1.3728171182658482,0.1677746491904789,-0.54595527299113,-0.3781806238006511,32.91453672542603,6.90664168541121,within_event_leave_site_out,21-062 Reef,100.0
2016,21-139 Reef,-21.4552,151.4654,-0.64,1,,shallow_preferred,-0.4765159319822216,-0.16348406801777843,-0.12615199317024936,0.20510111350070148,0.14526282531127074,0.35036393881197225,18.982969178608094,6.963512033114821,within_event_leave_site_out,21-139 Reef,100.0
2016,21-187 Reef,-21.4072,151.6414,-0.31,1,,shallow_preferred,-0.4777746491904789,0.1677746491904789,-0.18147784319359758,0.20510111350070148,0.09119569249617984,0.29629680599688135,18.982969178608094,7.227369378945611,within_event_leave_site_out,21-187 Reef,100.0
2016,21-245 Reef,-21.298,152.4425,0.0,1,,shallow_preferred,-0.49890184889079553,0.49890184889079553,-0.2969555412149089,0.1677746491904789,0.034171658485407715,0.20194630767588662,23.268013681658886,7.622431974201279,within_event_leave_site_out,21-245 Reef,100.0
2016,21-550 Reef,-21.9471,152.3069,0.0921533394028272,1,,shallow_preferred,-0.24017525933999867,0.3323285987428259,-0.013342332023711954,0.1677746491904789,0.05905827812580781,0.2268329273162867,14.491850269937311,7.754780757160019,within_event_leave_site_out,21-550 Reef,100.0
2016,21-591 Reef,-21.0266,150.3807,-1.14,1,,all_available,-0.9912377293789366,-0.1487622706210633,-1.1282642748918845,0.20510111350070148,-0.3421276590136495,-0.13702654551294802,21.906281638612597,6.649475315210833,within_event_leave_site_out,21-591 Reef,100.0
2016,Agincourt Reef Number 1,-16.0398,145.8652,0.6706690019749448,1,,shallow_preferred,0.5469769642307805,0.12369203774416437,1.8715652504294609,0.20510111350070148,1.119487172697979,1.3245882861986804,4.370937219683819,7.597320049122455,within_event_leave_site_out,Agincourt Reef Number 1,100.0
2016,Arlington Reef,-16.6891,146.0871,1.8697210938847693,1,,shallow_preferred,0.6345015418719638,1.2352195520128055,0.9067277666529039,0.1677746491904789,0.10445157559046116,0.27222622478094005,14.887593686334844,7.755364527135014,within_event_leave_site_out,Arlington Reef,100.0
2016,Barren Island,-23.1578,151.0707,0.3594048150164696,1,,all_available,0.9333613186810477,-0.5739565036645781,0.5001429801367488,0.20510111350070148,-0.6383194520450003,-0.4332183385442988,12.710620140085936,7.177960703462838,within_event_leave_site_out,Barren Island,100.0
2016,Border Island,-20.171,149.0319,-1.1542022049138567,1,,shallow_preferred,0.11748692507145277,-1.2716891299853095,1.5202199187872838,0.20510111350070148,1.1976318802151296,1.402732993715831,17.93469996869272,7.9784154370688505,within_event_leave_site_out,Border Island,100.0
2016,Boult Reef,-23.747,152.2725,-0.15,1,,shallow_preferred,-0.645203382079785,0.495203382079785,-0.7340234341803639,0.1677746491904789,-0.25659470129105777,-0.08882005210057886,21.8744723084485,6.747440626361007,within_event_leave_site_out,Boult Reef,100.0
2016,Cattle Bay,-18.5691,146.4823,-0.6118180509479609,1,,shallow_preferred,-0.022380331701137936,-0.589437719246823,0.8552826327887093,0.20510111350070148,0.6725618509891458,0.8776629644898473,3.2422887630841384,7.425774199085186,within_event_leave_site_out,Cattle Bay,100.0
2016,Centipede Reef,-18.7324,147.554,-1.864780516451196,1,,all_available,-1.4174007521131196,-0.44737976433807636,-0.36683960391029635,0.20510111350070148,0.8454600347021217,1.0505611482028232,14.627720356614352,7.585029054263272,within_event_leave_site_out,Centipede Reef,100.0
2016,Chicken Reef,-18.6534,147.7199,-1.9926378104458151,1,,shallow_preferred,-1.5839456330277688,-0.4086921774180463,-0.6938568045467179,0.20510111350070148,0.6849877149803494,0.8900888284810509,17.603372373092718,7.378346698502849,within_event_leave_site_out,Chicken Reef,100.0
2016,Chinaman Reef,-21.9973,152.664,-0.0185903126361312,1,,shallow_preferred,-0.22369142613683268,0.20510111350070148,-0.018655866856861297,0.1677746491904789,0.03726091008949248,0.20503555927997139,5.64402331010218,7.643406377110308,within_event_leave_site_out,Chinaman Reef,100.0
2016,Davies Reef,-18.8065,147.6688,-1.1285137776708165,1,,shallow_preferred,-1.4526495325468203,0.32413575487600377,-0.5299416423078364,0.1677746491904789,0.7549332410485049,0.9227078902389838,14.627720356614352,7.448544422090235,within_event_leave_site_out,Davies Reef,100.0
2016,Daydream Island,-20.2557,148.8122,2.6965346641335963,1,,shallow_preferred,0.2307178430225779,2.4658168211110185,1.3164994370780243,0.1677746491904789,0.9180069448649674,1.0857815940554463,5.230947964630829,7.95177441601957,within_event_leave_site_out,Daydream Island,100.0
2016,Dent Island,-20.345,148.9382,2.8108011389618843,1,,shallow_preferred,0.5676358452578679,2.2431652937040165,1.6805545476052013,0.1677746491904789,0.9451440531568545,1.1129187023473333,6.357400115253845,7.929662418693711,within_event_leave_site_out,Dent Island,100.0
2016,Dip Reef,-18.3999,147.4519,-4.222305870596005,1,,all_available,-1.5987032448389535,-2.623602625757051,-1.2675258496092017,0.20510111350070148,0.12607628172905028,0.33117739522975176,23.17322158319731,7.691389726623565,within_event_leave_site_out,Dip Reef,100.0
2016,Double Cone,-20.1046,148.7218,0.4252579264263967,1,,shallow_preferred,-0.05754791657946831,0.48280584300586504,1.1485952869096203,0.1677746491904789,1.0383685542986096,1.2061432034890887,17.124731350163934,7.907549165395034,within_event_leave_site_out,Double Cone,100.0
2016,Dunk Island,-17.9263,146.1461,-1.417138406452865,1,,shallow_preferred,0.853098406462349,-2.270236812915214,0.6211438497061097,0.20510111350070148,-0.43705567025694075,-0.23195455675623927,43.51444028061641,7.824754316588168,within_event_leave_site_out,Dunk Island,100.0
2016,East Cay,-21.4727,152.5662,0.0,1,,shallow_preferred,-0.4941233869709143,0.4941233869709143,-0.2615372852761131,0.1677746491904789,0.06481145250432231,0.2325861016948012,23.268013681658886,7.768067944575829,within_event_leave_site_out,East Cay,100.0
2016,Erskine Island,-23.498800000000003,151.7748,0.0,2,6.25,shallow_preferred,0.09887769231448477,-0.09887769231448477,0.0002828349446920564,0.20510111350070148,-0.3036959708704942,-0.09859485736979273,4.685781715535059,7.291384952202806,within_event_leave_site_out,Erskine Island,100.0
2016,Farquharson Reef,-17.79,146.5315,2.174716284413961,1,,shallow_preferred,0.9538066915102512,1.2209095929037097,0.32541708472878883,0.1677746491904789,-0.7961642559719414,-0.6283896067814625,4.786752694885461,7.525292856778536,within_event_leave_site_out,Farquharson Reef,100.0
2016,Feather Reef,-17.51845,146.3896,-0.4887138188329878,2,1.1,shallow_preferred,0.5817764143820108,-1.0704902332149986,0.1309579948295928,0.20510111350070148,-0.6559195330531195,-0.45081841955241797,5.878119787678927,7.809043950538385,within_event_leave_site_out,Feather Reef,100.0
2016,Frankland Islands,-17.227,146.0904,-0.6161032549995185,1,,shallow_preferred,0.3638488173976113,-0.9799520723971298,-0.0013332625069791826,0.20510111350070148,-0.570283193405292,-0.3651820799045905,11.41944379063452,7.867924525247172,within_event_leave_site_out,Frankland Islands,100.0
2016,Gannet Cay Reef,-21.9784,152.4742,-0.35,1,,shallow_preferred,-0.23097018879224238,-0.1190298112077576,0.041766646409566496,0.20510111350070148,0.06763572170110739,0.27273683520180886,13.323992323594386,7.729250048304311,within_event_leave_site_out,Gannet Cay Reef,100.0
2016,Geoffrey Bay,-19.1549,146.8685,13.548800298159325,1,,all_available,0.7136384584402254,12.835161839719099,0.8116124254408681,0.1677746491904789,-0.0698006821898362,0.0979739670006427,48.4068194825638,7.912419527984786,within_event_leave_site_out,Geoffrey Bay,100.0
2016,"Green Island, Qld",-16.7755,145.9803,-0.3151215766624777,1,,all_available,0.6810358583013881,-0.9961574349638658,1.5935404968372362,0.20510111350070148,0.7074035250351465,0.912504638535848,14.887593686334844,7.839321411917937,within_event_leave_site_out,"Green Island, Qld",100.0
2016,Hastings Reef,-16.5013,146.017,2.161549404886196,1,,shallow_preferred,0.7861648931362308,1.3753845117499652,1.4331637483801944,0.1677746491904789,0.4792242060534847,0.6469988552439636,6.477570558123498,7.8266048782963695,within_event_leave_site_out,Hastings Reef,100.0
2016,Havannah Island,-18.8472,146.5428,1.2404488095497328,1,,shallow_preferred,0.4705723088571479,0.769876500692585,1.813767412738833,0.1677746491904789,1.1754204546912062,1.3431951038816852,11.941546404388253,7.68233013902832,within_event_leave_site_out,Havannah Island,100.0
2016,Hayman Island,-20.0413,148.8819,-0.4657770304710102,1,,shallow_preferred,-0.10266776929416284,-0.3631092611768474,1.1047895797065745,0.20510111350070148,1.002356235500036,1.2074573490007374,5.168335035815192,7.871627855015521,within_event_leave_site_out,Hayman Island,100.0
2016,Hedley Reef,-17.2235,146.4754,0.2598472693507516,1,,shallow_preferred,0.38662832535095537,-0.12678105600020378,0.10139911423047276,0.20510111350070148,-0.4903303246211841,-0.2852292111204826,6.665061893679919,7.753672312517957,within_event_leave_site_out,Hedley Reef,100.0
2016,Helix Reef,-18.6201,147.2976,-0.3794971308614112,1,,all_available,-1.3982899204187502,1.018792789557339,-0.4238220198125233,0.1677746491904789,0.8066932514157481,0.974467900606227,22.793024965109915,7.841301807876449,within_event_leave_site_out,Helix Reef,100.0
2016,High Island,-17.1622,146.007,-0.051167761052802,1,,shallow_preferred,0.6052207274630127,-0.6563884885158147,0.4672110276791394,0.20510111350070148,-0.34311081328457477,-0.13800969978387329,11.41944379063452,7.833081718117356,within_event_leave_site_out,High Island,100.0
2016,Horseshoe Reef,-22.0227,152.6166,-0.53,1,,shallow_preferred,-0.22157527755146897,-0.30842472244853103,0.06905313686423864,0.20510111350070148,0.08552730091500613,0.29062841441570764,5.64402331010218,7.627487966526947,within_event_leave_site_out,Horseshoe Reef,100.0
2016,Humpy Island,-23.2162,150.9638,-0.0253816807258292,1,,shallow_preferred,1.163508365069106,-1.1888900457949352,0.8210922534537844,0.20510111350070148,-0.5475172251160231,-0.3424161116153216,9.521104486568222,6.8998296437972915,within_event_leave_site_out,Humpy Island,100.0
2016,Hyde Reef,-19.7457,150.0822,-3.13,1,,shallow_preferred,-1.7134066757419733,-1.4165933242580266,-1.423949877503142,0.20510111350070148,0.08435568473812964,0.28945679823883114,8.957513140175449,6.694812073463187,within_event_leave_site_out,Hyde Reef,100.0
2016,John Brewer,-18.6189,147.0813,-0.3312680887880521,2,4.0,shallow_preferred,-1.1656610329242059,0.8343929441361537,-1.1480302050965534,0.1677746491904789,-0.15014382136282642,0.01763082782765249,22.793024965109915,7.811877463515976,within_event_leave_site_out,John Brewer,100.0
2016,Knife Reef,-18.5711,147.5772,-0.9066023963914605,1,,all_available,-1.6211679099667333,0.7145655135752729,-0.9278558305366925,0.1677746491904789,0.525537430239562,0.6933120794300409,17.603372373092718,7.552322825290203,within_event_leave_site_out,Knife Reef,100.0
2016,Lady Musgrave,-23.8884,152.422,-0.611715588038071,1,,shallow_preferred,-0.44975284668209864,-0.16196274135597238,-0.3827918313444101,0.20510111350070148,-0.1381400981630129,0.06696101533768858,21.8744723084485,6.436387598957188,within_event_leave_site_out,Lady Musgrave,100.0
2016,Langford Island,-20.0877,148.8848,-1.231077688911029,1,,shallow_preferred,-0.10049892650931899,-1.13057876240171,1.24841058525494,0.20510111350070148,1.1438083982635576,1.348909511764259,5.168335035815192,7.903299455599407,within_event_leave_site_out,Langford Island,100.0
2016,Linnet Reef,-14.7811,145.3474,7.626145269299075,1,,shallow_preferred,-0.26302110048262267,7.889166369781697,0.8398496070323205,0.1677746491904789,0.9350960583244643,1.1028707075149433,3.916712363218431,5.358256084718832,within_event_leave_site_out,Linnet Reef,100.0
2016,Lizard Island,-14.694067,145.45705,-0.683264140547168,1,0.6,shallow_preferred,-0.4164572515188893,-0.2668068890282787,2.521850288490117,0.20510111350070148,2.7332064265083047,2.9383075400090064,11.385354698511417,5.260057624924343,within_event_leave_site_out,Lizard Island,100.0
2016,Low Isles,-16.3831,145.5619,3.328373418627904,1,,shallow_preferred,1.0066789232632045,2.3216944953646994,2.131148701944107,0.1677746491904789,0.9566951294904235,1.1244697786809024,12.240133170092554,7.817225809601041,within_event_leave_site_out,Low Isles,100.0
2016,Mackay Reef,-16.0399,145.6506,3.142228224810014,1,,shallow_preferred,0.7912708235369661,2.350957401273048,1.922158107737872,0.1677746491904789,0.9631126350104269,1.130887284200906,20.97621703541694,7.656675412423839,within_event_leave_site_out,Mackay Reef,100.0
2016,Martin,-14.7553,145.3722,3.718709690722728,1,,all_available,-0.28187110985073427,4.000580800573462,1.828460317762302,0.1677746491904789,1.9425567784225575,2.1103314276130365,3.916712363218431,5.280841410614458,within_event_leave_site_out,Martin,100.0
2016,Mast Head Reef,-23.5341,151.7497,0.0,1,,all_available,0.4583428959701897,-0.4583428959701897,0.42520216086486834,0.20510111350070148,-0.23824184860602277,-0.033140735105321284,4.685781715535059,7.316987557352027,within_event_leave_site_out,Mast Head Reef,100.0
2016,McCulloch Reef,-17.2834,146.4777,-0.1369223508137507,1,,shallow_preferred,0.4061405587096572,-0.5430629095234079,0.16580172016178363,0.20510111350070148,-0.445439952048575,-0.24033883854787352,6.665061893679919,7.722723652687032,within_event_leave_site_out,McCulloch Reef,100.0
2016,Michaelmas Reef,-16.5528,146.0454,2.5921159963802545,1,,shallow_preferred,0.7963234766903124,1.795792519689942,1.38639568212327,0.1677746491904789,0.4222975562424786,0.5900722054329575,6.477570558123498,7.778692897609181,within_event_leave_site_out,Michaelmas Reef,100.0
2016,Moore Reef,-16.8519,146.2336,1.393790788382177,1,,shallow_preferred,0.580322066828318,0.813468721553859,0.9747396323071571,0.1677746491904789,0.2266429162883602,0.3944175654788391,7.123271272813825,7.845418430760595,within_event_leave_site_out,Moore Reef,100.0
2016,North Keppel Island,-23.0864,150.9052,0.4119327808008783,1,,shallow_preferred,1.1095606536849685,-0.6976278728840901,0.6749937762523658,0.20510111350070148,-0.6396679909333042,-0.4345668774326027,15.627238445567361,6.829401362046268,within_event_leave_site_out,North Keppel Island,100.0
2016,North Reef,-23.1775,151.9041,0.0,1,5.5,shallow_preferred,-0.39030616053737865,0.39030616053737865,-0.538249674996329,0.1677746491904789,-0.31571816364942923,-0.14794351445895032,38.087896769699086,7.489394691871455,within_event_leave_site_out,North Reef,100.0
2016,One Tree Island,-23.4833,152.0739,0.0746192843859103,2,,all_available,-0.5667034449458087,0.641322729331719,-0.6986006033829346,0.1677746491904789,-0.29967180762760476,-0.13189715843712585,30.550715998414766,7.2023427061707155,within_event_leave_site_out,One Tree Island,100.0
2016,Opal Reef,-16.2034,145.9065,-0.870952350315747,1,,all_available,0.674845957289433,-1.54579830760518,2.2734455687276576,0.20510111350070148,1.3934984979375231,1.5985996114382246,15.941498768280114,7.868547628556776,within_event_leave_site_out,Opal Reef,100.0
2016,Orpheus Island,-18.601750000000003,146.48829999999998,0.14085842937082727,2,,all_available,-0.006419316522827261,0.14727774589365453,0.7815197438979937,0.20510111350070148,0.5828379469201195,0.787939060420821,3.68518273970776,7.449993996253873,within_event_leave_site_out,Orpheus Island,100.0
2016,Pandora Reef,-18.8164,146.4341,-1.230475505080305,1,,shallow_preferred,0.46563883805941103,-1.6961143431397159,2.080962011566635,0.20510111350070148,1.4102220600065225,1.615323173507224,11.941546404388253,7.535095081502765,within_event_leave_site_out,Pandora Reef,100.0
2016,Peak Island,-23.3413,150.9369,0.7980236209381337,1,,shallow_preferred,1.3289122272225589,-0.5308886062844251,0.8788499477232695,0.20510111350070148,-0.6551633929999908,-0.45006227949928934,12.986160728490018,7.006757444116398,within_event_leave_site_out,Peak Island,100.0
2016,Peart Reef,-17.46705,146.40255,-0.7899533874370499,2,2.4,shallow_preferred,0.5753457685262163,-1.3652991559632661,0.1661468237985847,0.20510111350070148,-0.6143000582283331,-0.40919894472763163,5.878119787678927,7.784010779438726,within_event_leave_site_out,Peart Reef,100.0
2016,Pelican Island,-23.2397,150.8742,0.8965753957673843,1,,shallow_preferred,1.208218102327127,-0.3116427065597427,0.6945097526969709,0.20510111350070148,-0.7188094631308576,-0.5137083496301561,9.521104486568222,6.775107052420894,within_event_leave_site_out,Pelican Island,100.0
2016,Pelorus Island,-18.5406,146.4888,-0.4118532764787783,1,,shallow_preferred,-0.03677086289167902,-0.37508241358709926,0.7878123001127466,0.20510111350070148,0.6194820495037241,0.8245831630044256,3.2422887630841384,7.4527699693821425,within_event_leave_site_out,Pelorus Island,100.0
2016,Penrith Reef,-21.0032,149.8875,-1.99,1,,all_available,-0.8934072883682425,-1.0965927116317575,-0.40775094020106856,0.20510111350070148,0.2805552346664724,0.4856563481671739,18.273540041149474,6.889174086733593,within_event_leave_site_out,Penrith Reef,100.0
2016,Pine Island,-20.378,148.8884,2.758559077194137,1,,shallow_preferred,0.5826349751229962,2.1759241020711406,1.750848100866325,0.1677746491904789,1.0004384765528498,1.1682131257433288,6.357400115253845,7.908992901786204,within_event_leave_site_out,Pine Island,100.0
2016,Pompey Reef (No 1),-20.9201,150.5582,-0.8300000000000001,1,,shallow_preferred,-0.9861365740495458,0.15613657404954573,-1.1263968427984345,0.20510111350070148,-0.3453613822495902,-0.1402602687488887,21.906281638612597,6.751621264939586,within_event_leave_site_out,Pompey Reef (No 1),100.0
2016,Rebe Reef,-19.795,150.1499,-2.99,1,,shallow_preferred,-1.8008477521516424,-1.1891522478483578,-1.5480715280031672,0.20510111350070148,0.047675110647773765,0.2527762241484752,8.957513140175449,6.700513057213406,within_event_leave_site_out,Rebe Reef,100.0
2016,Rib Reef,-18.473,146.8774,-0.1772024504667313,1,,shallow_preferred,-0.798744259252709,0.6215418087859776,-1.0244043154046003,0.1677746491904789,-0.39343470534237024,-0.22566005615189133,26.930341094741777,7.908044449980893,within_event_leave_site_out,Rib Reef,100.0
2016,Seaforth Island,-20.4685,149.0389,1.428689279780309,1,,shallow_preferred,0.593464929400355,0.835224350379954,1.8939235805144752,0.1677746491904789,1.1326840019236413,1.3004586511141203,17.28354301801151,7.877683852138077,within_event_leave_site_out,Seaforth Island,100.0
2016,Shute and Tancred Islands,-20.3009,148.7983,5.099828531280933,1,,shallow_preferred,0.2747081332156488,4.825120398065284,1.0565846468988487,0.1677746491904789,0.6141018644927211,0.7818765136832,5.230947964630829,7.9360194375577615,within_event_leave_site_out,Shute and Tancred Islands,100.0
2016,Small Lagoon Reef,-21.8678,152.5239,0.1231167317810061,1,,shallow_preferred,-0.2401677468147686,0.36328447859577473,-0.034062819334155385,0.1677746491904789,0.03833027829013431,0.2061049274806132,13.323992323594386,7.828271341673878,within_event_leave_site_out,Small Lagoon Reef,100.0
2016,Snake Reef,-22.0232,152.1928,0.3360573961696979,1,,shallow_preferred,-0.2511915778643047,0.5872489740340026,-0.06227137326381222,0.1677746491904789,0.021145555410013554,0.18892020460049247,14.491850269937311,7.677775741691531,within_event_leave_site_out,Snake Reef,100.0
2016,Snapper Island North,-16.2924,145.4969,5.2608957298267205,1,13.6,shallow_preferred,1.0565883430023306,4.204307386824389,1.8854877994829355,0.1677746491904789,0.6611248072901261,0.828899456480605,12.240133170092554,7.717647750576018,within_event_leave_site_out,Snapper Island North,100.0
2016,St Crispin Reef,-16.0733,145.8438,0.8079247213057474,1,,shallow_preferred,0.5897785642346277,0.21814615707111973,1.9079201423684182,0.1677746491904789,1.1503669289433116,1.3181415781337904,4.370937219683819,7.629940161843188,within_event_leave_site_out,St Crispin Reef,100.0
2016,Taylor Reef,-17.8121,146.5703,2.0139693667363594,1,,shallow_preferred,0.9493614929657304,1.064607873770629,0.5109930221493496,0.1677746491904789,-0.6061431200068598,-0.43836847081638086,4.786752694885461,7.5139403518056085,within_event_leave_site_out,Taylor Reef,100.0
2016,Tern Reef,-20.9023,150.0264,-1.95,1,,shallow_preferred,-0.9665965444244922,-0.9834034555755078,-1.0467353696573252,0.20510111350070148,-0.28523993873353454,-0.08013882523283306,18.273540041149474,6.856726274956808,within_event_leave_site_out,Tern Reef,100.0
2016,Thetford Reef,-16.7995,146.1951,1.7851117645284935,1,,shallow_preferred,0.6331022122465831,1.1520095522819105,1.0056146172515055,0.1677746491904789,0.20473775581444334,0.3725124050049222,7.123271272813825,7.801994004827201,within_event_leave_site_out,Thetford Reef,100.0
2016,Turner Cay,-21.7031,152.5605,-0.16,1,,all_available,-0.3782010569315913,0.21820105693159128,-0.1278265017223724,0.1677746491904789,0.08259990601873998,0.2503745552092189,18.699673428175867,7.921484607286947,within_event_leave_site_out,Turner Cay,100.0
2016,Woiz Reef,-10.1741,143.226,9.436863183715728,1,,all_available,-0.1772388278124942,9.614102011528223,-0.00946417862201529,0.1677746491904789,0.0,0.1677746491904789,553.6575745209759,0.0,within_event_leave_site_out,Woiz Reef,100.0
2016,Yonge Reef,-14.5731,145.6147,-1.8764307465645336,1,,shallow_preferred,-0.6903247160360774,-1.1861060305284563,2.1910762122160414,0.20510111350070148,2.676299814751417,2.881400928252119,21.647441766171852,5.319896178030937,within_event_leave_site_out,Yonge Reef,100.0
2017,19-131 Reef,-19.7641,149.3786,0.1648669316651334,1,,shallow_preferred,-0.5905718402439771,0.7554387719091105,-0.38964902541777086,0.31426437664039325,-0.11334156181418696,0.20092281482620628,6.067198349540016,7.55841892081498,within_event_leave_site_out,19-131 Reef,100.0
2017,19-138 Reef,-19.8024,149.4199,-0.6955989138045973,1,,shallow_preferred,-0.5982258621450701,-0.09737305165952714,-0.41266126652880364,0.3264335610442131,-0.1408689654279466,0.1855645956162665,6.067198349540016,7.57131535440067,within_event_leave_site_out,19-138 Reef,100.0
2017,19-159 Reef,-19.6661,149.9146,-0.47,1,,shallow_preferred,-1.618489000090357,1.148489000090357,-1.6226722974003005,0.31426437664039325,-0.31844767395033685,-0.004183297309943601,19.65108297418923,7.1425240870448095,within_event_leave_site_out,19-159 Reef,100.0
2017,20-104 Reef,-20.0286,149.6933,-0.2948143010351345,1,,shallow_preferred,-1.0791335182129052,0.7843192171777706,-1.007901327199121,0.31426437664039325,-0.24303218562660903,0.07123219101378422,38.07368864716964,7.792704682689202,within_event_leave_site_out,20-104 Reef,100.0
2017,21-062 Reef,-21.028,150.8534,-1.3030360356554327,1,,shallow_preferred,-0.7144160634521125,-0.5886199722033202,-1.75419677974621,0.3264335610442131,-1.3662142773383106,-1.0397807162940975,32.91453672542603,6.906641685411211,within_event_leave_site_out,21-062 Reef,100.0
2017,21-139 Reef,-21.4552,151.4654,-0.8370985853263284,1,,shallow_preferred,-0.3646420662074461,-0.4724565191188823,-0.5865735075845899,0.3264335610442131,-0.548365002421357,-0.22193144137714388,18.982969178608094,6.963512033114817,within_event_leave_site_out,21-139 Reef,100.0
2017,21-187 Reef,-21.4072,151.6414,-0.6164626088503855,1,,shallow_preferred,-0.40562135508950975,-0.21084125376087576,-0.4957310747913373,0.3264335610442131,-0.4165432807460407,-0.09010971970182757,18.982969178608094,7.227369378945611,within_event_leave_site_out,21-187 Reef,100.0
2017,21-245 Reef,-21.298,152.4425,0.0679673369730013,1,,shallow_preferred,-0.5724357146558051,0.6404030516288064,-0.30017811412272505,0.31426437664039325,-0.04200677610731316,0.27225760053308007,23.268013681658886,7.622431974201279,within_event_leave_site_out,21-245 Reef,100.0
2017,21-550 Reef,-21.9471,152.3069,0.3405297474348194,1,,shallow_preferred,-0.25290903392305086,0.5934387813578703,-0.24914242040244156,0.31426437664039325,-0.31049776311978394,0.0037666135206093077,14.491850269937311,7.754780757160019,within_event_leave_site_out,21-550 Reef,100.0
2017,21-591 Reef,-21.0266,150.3807,-2.930230544831029,1,,all_available,-0.6902323697471754,-2.2399981750838536,-1.58934789837136,0.3264335610442131,-1.2255490896683978,-0.8991155286241848,21.906281638612597,6.6494753152108315,within_event_leave_site_out,21-591 Reef,100.0
2017,Agincourt Reef Number 1,-16.0384,145.8688,-3.146731387263813,1,,all_available,0.558441191002701,-3.705172578266514,1.891895442786065,0.3264335610442131,1.007020690739151,1.333454251783364,4.71131555359392,7.599399477512439,within_event_leave_site_out,Agincourt Reef Number 1,100.0
2017,Arlington Reef,-16.6891,146.0871,0.8026286572687749,1,,shallow_preferred,0.47619509622456174,0.3264335610442131,1.5369658735072793,0.31426437664039325,0.7465064006423242,1.0607707772827175,14.653134979637395,7.832615354340836,within_event_leave_site_out,Arlington Reef,100.0
2017,Barren Island,-23.1578,151.0707,0.6004196062900613,1,,all_available,0.5117399757766037,0.08867963051345762,2.2146958347479138,0.3264335610442131,1.376522297927097,1.70295585897131,12.710620140085936,7.408415258257792,within_event_leave_site_out,Barren Island,100.0
2017,Bedarra Island,-18.0094,146.148,3.5504139827964547,1,,shallow_preferred,0.6455188114845664,2.9048951713118885,0.892262497461827,0.31426437664039325,-0.06752069066313267,0.2467436859772606,9.242496316970788,7.608035061344414,within_event_leave_site_out,Bedarra Island,100.0
2017,Border Island,-20.171,149.0319,-0.5385739067167545,1,,shallow_preferred,0.1155099558399167,-0.6540838625566713,0.37937787903026143,0.3264335610442131,-0.06256563785386836,0.26386792319034474,17.93469996869272,7.940106558933093,within_event_leave_site_out,Border Island,100.0
2017,Boult Reef,-23.747,152.2725,-1.5204336353105217,1,,shallow_preferred,-0.453784928150007,-1.0666487071605146,-0.6899453488115094,0.3264335610442131,-0.5625939817057155,-0.2361604206615024,21.8744723084485,7.683808340786668,within_event_leave_site_out,Boult Reef,100.0
2017,Camp Island East,-19.8508,147.9052,6.633293001799257,1,,shallow_preferred,-0.17872188728909189,6.812014889088349,-0.35754235268529333,0.31426437664039325,-0.4930848420365947,-0.17882046539620144,49.78932903509467,7.505750741153992,within_event_leave_site_out,Camp Island East,100.0
2017,Carter,-14.5238,145.5817,-5.795992916884115,1,,all_available,-0.26420174689214915,-5.531791169991966,-0.16641031853253865,0.3264335610442131,-0.22864213268460262,0.0977914283596105,6.5319639975212676,7.334500127959684,within_event_leave_site_out,Carter,100.0
2017,Cattle Bay,-18.5691,146.4823,-0.2121164498235934,1,5.6,shallow_preferred,-0.19944716688268657,-0.012669282940906829,1.0040488461607049,0.3264335610442131,0.8770624519991784,1.2034960130433916,1.341065833156318,7.710939678738091,within_event_leave_site_out,Cattle Bay,100.0
2017,Cherepo,-10.6893,142.2799,0.9537529396181982,1,,shallow_preferred,0.20082828030418598,0.7529246593140122,0.06803632727456654,0.31426437664039325,-0.44705632967001274,-0.1327919530296195,30.39980141880606,4.569766791367314,within_event_leave_site_out,Cherepo,100.0
2017,Chicken Reef,-18.6534,147.7199,-1.3663101188473838,1,,shallow_preferred,-1.4833862626674759,0.11707614382009202,-1.7443919971274764,0.3264335610442131,-0.5874392955042135,-0.26100573446000036,17.603372373092718,7.11101688628188,within_event_leave_site_out,Chicken Reef,100.0
2017,Chinaman Reef,-21.9973,152.664,0.076558152790821,1,,shallow_preferred,-0.25920126897970563,0.33575942177052664,-0.15641746692632078,0.31426437664039325,-0.2114805745870084,0.10278380205338486,5.64402331010218,7.643406377110311,within_event_leave_site_out,Chinaman Reef,100.0
2017,Davies Reef,-18.8065,147.6688,-0.460888870782222,1,,shallow_preferred,-1.3710941520416144,0.9102052812593924,-1.6255343522299786,0.31426437664039325,-0.5687045768287573,-0.25444020018836405,17.854195946414272,7.290977506056018,within_event_leave_site_out,Davies Reef,100.0
2017,Dent Island,-20.345,148.9382,2.042098752777987,1,,shallow_preferred,0.7500958552109006,1.292002897567086,0.7778192044687089,0.31426437664039325,-0.2865410273825851,0.027723349257808172,6.357400115253845,7.928925180058063,within_event_leave_site_out,Dent Island,100.0
2017,Dip Reef,-18.3999,147.4519,-4.333377514241236,1,,all_available,-1.4819657686265442,-2.8514117456146915,-1.5249486714420324,0.3264335610442131,-0.36941646385970117,-0.042982902815488055,23.17322158319731,7.501675659220561,within_event_leave_site_out,Dip Reef,100.0
2017,Double Cone,-20.1046,148.7218,0.2690576907372026,1,,shallow_preferred,-0.03462426081721718,0.3036819515544198,0.0942061830494427,0.3264335610442131,-0.19760311717755322,0.1288304438666599,17.124731350163934,7.86796649495412,within_event_leave_site_out,Double Cone,100.0
2017,Dugong Island,-10.518,143.0997,-0.3522696767022557,1,,shallow_preferred,-0.32931226080889087,-0.022957415893364808,-0.3322481894876632,0.3264335610442131,-0.32936948972298546,-0.002935928678772348,40.642679498549576,4.7342145808306615,within_event_leave_site_out,Dugong Island,100.0
2017,Dunk Island,-17.9263,146.1461,0.2751631929575673,1,,shallow_preferred,0.6708357498215068,-0.39567255686393954,1.7391221888009487,0.3264335610442131,0.7418528779352286,1.0682864389794418,9.242496316970788,7.558520719913285,within_event_leave_site_out,Dunk Island,100.0
2017,East Cay,-21.4727,152.5662,0.160089970195385,1,,shallow_preferred,-0.5731287261308277,0.7332186963262126,-0.46715266019355656,0.31426437664039325,-0.20828831070312215,0.1059760659372711,23.268013681658886,7.7680679445758285,within_event_leave_site_out,East Cay,100.0
2017,Erskine Island,-23.498800000000003,151.7748,-0.038515396352895456,2,6.25,shallow_preferred,0.057667925141089725,-0.09618332149398517,0.5029942297975494,0.3264335610442131,0.11889274361224657,0.44532630465645967,4.685781715535059,7.719566907199029,within_event_leave_site_out,Erskine Island,100.0
2017,Farquharson Reef,-17.79,146.5315,1.465914024900595,1,,shallow_preferred,0.8102448790352095,0.6556691458653856,1.6580995617643015,0.31426437664039325,0.5335903060886988,0.847854682729092,4.786752694885461,7.644757340259089,within_event_leave_site_out,Farquharson Reef,100.0
2017,Feather Reef,-17.519,146.3887,0.6378752502221996,1,,shallow_preferred,0.27571067154479834,0.36216457867740126,0.983027076579037,0.31426437664039325,0.39305202839384545,0.7073164050342386,5.886901895802568,7.809628496568157,within_event_leave_site_out,Feather Reef,100.0
2017,Fitzroy Island,-16.9233,145.9963,2.110728215512085,1,7.6,shallow_preferred,0.2853227591553198,1.8254054563567652,0.9880305674955723,0.31426437664039325,0.38844343169985934,0.7027078083402526,18.5594659563103,7.941114273749909,within_event_leave_site_out,Fitzroy Island,100.0
2017,Frankland Islands,-17.227,146.0904,1.5541734846759017,1,,shallow_preferred,-0.03109498239201773,1.5852684670679194,0.6389391410407488,0.31426437664039325,0.35576974679237333,0.6700341234327666,11.41944379063452,7.884465692437797,within_event_leave_site_out,Frankland Islands,100.0
2017,Gannet Cay Reef,-21.9784,152.4742,-0.1627587981511653,1,,shallow_preferred,-0.26058624604587954,0.09782744789471423,-0.13692739581829477,0.3264335610442131,-0.20277471081662835,0.12365885022758477,13.323992323594386,7.729250048304313,within_event_leave_site_out,Gannet Cay Reef,100.0
2017,Geoffrey Bay,-19.1548,146.8685,5.926048371480657,1,,shallow_preferred,0.6717706217010451,5.254277749779612,1.1043958342661837,0.31426437664039325,0.11836083592474546,0.4326252125651387,48.39896797890436,7.9184714202959645,within_event_leave_site_out,Geoffrey Bay,100.0
2017,"Green Island, Qld",-16.7583,145.97,2.340191435615312,1,,shallow_preferred,0.46918045711282014,1.871010978502492,1.163987679586029,0.31426437664039325,0.3805428458328154,0.6948072224732087,14.653134979637395,7.8906328557524334,within_event_leave_site_out,"Green Island, Qld",100.0
2017,Hastings Reef,-16.5013,146.017,0.4853243896715344,1,,shallow_preferred,0.4983871266782736,-0.013062737006739211,1.766027402088143,0.3264335610442131,0.9412067143656563,1.2676402754098695,6.477570558123498,7.836971296555128,within_event_leave_site_out,Hastings Reef,100.0
2017,Havannah Island,-18.8472,146.5428,0.0869171131405899,1,,shallow_preferred,0.2935193380780513,-0.2066022249374614,1.9540379341149319,0.3264335610442131,1.3340850349926674,1.6605185960368805,11.941546404388253,7.883878261387778,within_event_leave_site_out,Havannah Island,100.0
2017,Hayman Island,-20.0413,148.8819,0.1848600545097944,1,,shallow_preferred,-0.0989746564923332,0.2838347110021276,0.000923394470964567,0.3264335610442131,-0.22653551008091535,0.09989805096329776,5.168335035815192,7.792799246540965,within_event_leave_site_out,Hayman Island,100.0
2017,Hedley Reef,-17.2235,146.4754,1.5130401055442544,1,,shallow_preferred,-0.006090286818473353,1.5191303923627277,0.6913876738265365,0.31426437664039325,0.38321358400461664,0.6974779606450099,6.665061893679919,7.762207302011343,within_event_leave_site_out,Hedley Reef,100.0
2017,Helix Reef,-18.6203,147.2958,-1.0224455431706163,1,,shallow_preferred,-1.271295929452201,0.24885038628158473,-1.3361090034159067,0.3264335610442131,-0.3912466350079186,-0.0648130739637055,22.603482015131146,7.725909143370777,within_event_leave_site_out,Helix Reef,100.0
2017,Heron Island,-23.4384,151.9182,1.4967732072370152,1,,shallow_preferred,-0.022533375586348,1.5193065828233632,-0.3091205198622623,0.31426437664039325,-0.6008515209163076,-0.2865871442759143,16.094630715973594,7.683798849522318,within_event_leave_site_out,Heron Island,100.0
2017,High Island,-17.1622,146.007,0.670128926553808,1,,shallow_preferred,0.11552123796804481,0.5546076885857631,1.162804142997561,0.31426437664039325,0.733018528389123,1.0472829050295163,11.41944379063452,7.832028363954238,within_event_leave_site_out,High Island,100.0
2017,Holbourne Island East,-19.7333,148.3644,-3.374739542342464,1,,all_available,-0.08555520921700419,-3.28918433312546,1.2069649827635718,0.3264335610442131,0.9660866309363628,1.292520191980576,49.78932903509467,7.828609143494179,within_event_leave_site_out,Holbourne Island East,100.0
2017,Horseshoe Reef,-22.0227,152.6166,-0.2975069033353643,1,,shallow_preferred,-0.25478812299522163,-0.04271878034014265,-0.09578672824020701,0.3264335610442131,-0.1674321662891985,0.15900139475501462,5.64402331010218,7.627487966526947,within_event_leave_site_out,Horseshoe Reef,100.0
2017,Humpy Island,-23.2162,150.9638,1.8548445110707927,1,,shallow_preferred,0.7013333206476874,1.1535111904231052,2.5087520401253425,0.31426437664039325,1.4931543428372618,1.807418719477655,9.521104486568222,7.224991362964883,within_event_leave_site_out,Humpy Island,100.0
2017,Hyde Reef,-19.7457,150.0822,-0.8,1,,shallow_preferred,-1.8154904843513637,1.0154904843513637,-1.8580992443216668,0.31426437664039325,-0.35687313661069625,-0.042608759970303,8.957513140175449,6.694812073463184,within_event_leave_site_out,Hyde Reef,100.0
2017,John Brewer,-18.6189,147.0813,-0.19977371658930343,2,4.0,shallow_preferred,-1.151026969602339,0.9512532530130355,-1.5247603084144417,0.31426437664039325,-0.6879977154524959,-0.37373333881210263,22.603482015131146,7.790471487627145,within_event_leave_site_out,John Brewer,100.0
2017,Knife Reef,-18.5711,147.5772,-4.635100374605694,1,,all_available,-1.4814214422426628,-3.1536789323630305,-1.2005529685355245,0.3264335610442131,-0.04556508733707483,0.2808684737071383,17.603372373092718,7.309546066529039,within_event_leave_site_out,Knife Reef,100.0
2017,Kubin Island,-10.2388,142.2176,-0.1928151333613488,1,,all_available,0.1294278398761935,-0.3222429732375423,0.24053021977759567,0.3264335610442131,-0.21533118114281094,0.11110237990140218,34.50541887304407,4.630244249656691,within_event_leave_site_out,Kubin Island,100.0
2017,Lady Elliot Reef,-18.6798,146.3325,5.367763141106728,1,,shallow_preferred,-0.07051364879550695,5.438276789902235,0.5499497608494912,0.31426437664039325,0.30619903300460494,0.6204634096449981,18.56841410764641,7.732157326469059,within_event_leave_site_out,Lady Elliot Reef,100.0
2017,Lady Musgrave,-23.8884,152.422,-1.75598395577755,1,,shallow_preferred,-0.2132167988760508,-1.5427671569014993,-0.3804929971216039,0.3264335610442131,-0.4937097592897662,-0.16727619824555306,21.8744723084485,7.452210339342357,within_event_leave_site_out,Lady Musgrave,100.0
2017,Langford Island,-20.0877,148.8848,-1.0806375377260815,1,,shallow_preferred,-0.09327417864441008,-0.9873633590816714,0.21377749681951214,0.3264335610442131,-0.019381885580290907,0.3070516754639222,5.168335035815192,7.834030219054865,within_event_leave_site_out,Langford Island,100.0
2017,Linnet Reef,-14.7852,145.3554,3.206928576833631,1,,all_available,0.16573128179913107,3.0411972950345,-0.2835254318891567,0.31426437664039325,-0.763521090328681,-0.44925671368828773,3.783747258101578,7.40694446116191,within_event_leave_site_out,Linnet Reef,100.0
2017,Lizard Island,-14.6884,145.4422,3.4645279972952707,1,,shallow_preferred,-0.0322294377973091,3.49675743509258,-0.7652597002089979,0.31426437664039325,-1.047294639052082,-0.7330302624116889,6.914375704007133,7.419745984127928,within_event_leave_site_out,Lizard Island,100.0
2017,Low Isles,-16.3831,145.5619,2.0405781380827364,1,,shallow_preferred,1.0899914397594686,0.9505866983232678,2.1467491184374987,0.31426437664039325,0.7424933020376367,1.05675767867803,12.240133170092554,7.823011630494777,within_event_leave_site_out,Low Isles,100.0
2017,Macgillivray,-14.6485,145.4915,-0.9683515096486346,1,,all_available,-0.14188674608057777,-0.8264647635680569,-0.4000104235402496,0.3264335610442131,-0.584557238503885,-0.25812367745967185,6.914375704007133,7.420379411977438,within_event_leave_site_out,Macgillivray,100.0
2017,Mackay Reef,-16.0399,145.6506,2.2522848881274307,1,,shallow_preferred,0.8396366819102461,1.4126482062171846,1.4350822162019556,0.31426437664039325,0.2811811576513164,0.5954455342917097,20.97621703541694,7.657551521228034,within_event_leave_site_out,Mackay Reef,100.0
2017,Manning Island,-23.854,151.3533,3.6855037764959153,1,2.0,shallow_preferred,1.3208355204942035,2.364668256001712,3.052905752963871,0.31426437664039325,1.4178058558292743,1.7320702324696675,10.301406151333772,7.411484526751326,within_event_leave_site_out,Manning Island,100.0
2017,Martin,-14.7553,145.3722,2.925004485266232,1,,all_available,0.1338893622264542,2.791115123039778,-0.2994459020025237,0.31426437664039325,-0.7475996408693711,-0.4333352642289779,3.783747258101578,7.3995295681935,within_event_leave_site_out,Martin,100.0
2017,Mast Head Reef,-23.5341,151.7497,0.2643198653873018,1,,all_available,0.3108721731840933,-0.04655230779679154,1.1464984826646654,0.3264335610442131,0.5091927484363591,0.8356263094805723,4.685781715535059,7.7669400880851995,within_event_leave_site_out,Mast Head Reef,100.0
2017,McCulloch Reef,-17.2834,146.4777,1.6562348400435951,1,,shallow_preferred,-0.0055105035632695195,1.6617453436068645,0.5846554383174564,0.31426437664039325,0.27590156524033266,0.5901659418807259,6.665061893679919,7.723110045787068,within_event_leave_site_out,McCulloch Reef,100.0
2017,Michaelmas Reef,-16.5528,146.0454,2.5909335644133407,1,,shallow_preferred,0.5148112619371655,2.076122302476175,1.4094137941213116,0.31426437664039325,0.5803381555437528,0.894602532184146,6.477570558123498,7.824277479099173,within_event_leave_site_out,Michaelmas Reef,100.0
2017,Moore Reef,-16.8519,146.2336,-0.1839636080845217,1,,shallow_preferred,0.31046293912807305,-0.4944265472125947,1.2730139210776819,0.3264335610442131,0.6361174209053958,0.962550981949609,7.123271272813825,7.870469462254513,within_event_leave_site_out,Moore Reef,100.0
2017,No Name,-14.6279,145.6453,-6.923401607784927,1,,all_available,-0.2728409315244654,-6.650560676260462,0.02642897171419115,0.3264335610442131,-0.027163657805556542,0.2992699032386566,6.926213455201079,7.386397609534579,within_event_leave_site_out,No Name,100.0
2017,North Direction Island,-14.7435,145.5136,1.654546928877684,1,,shallow_preferred,-0.047501451969817955,1.702048380847502,-0.5686289266030583,0.31426437664039325,-0.8353918512736336,-0.5211274746332404,9.82363008694286,7.464584907164698,within_event_leave_site_out,North Direction Island,100.0
2017,North Keppel Island,-23.0864,150.9052,1.558054564812532,1,,shallow_preferred,0.6582651781245691,0.8997893866879628,2.4726231233545626,0.31426437664039325,1.5000935685896,1.8143579452299932,15.627238445567361,7.104711801534797,within_event_leave_site_out,North Keppel Island,100.0
2017,North Reef,-23.1775,151.9041,-1.6125873014673375,1,5.5,shallow_preferred,-0.3642326103359322,-1.2483546911314054,-0.08509777071702171,0.3264335610442131,-0.04729872142530265,0.27913483961891045,15.315078707072905,7.548429128798424,within_event_leave_site_out,North Reef,100.0
2017,Northeast Reef,-18.5718,146.4947,1.081957224109642,1,2.0,shallow_preferred,-0.20036357054043966,1.2823207946500816,0.7973381869796821,0.31426437664039325,0.6834373808797285,0.9977017575201217,1.341065833156318,7.721849327040607,within_event_leave_site_out,Northeast Reef,100.0
2017,One Tree Island,-23.4833,152.0739,-2.369160070150796,3,,all_available,-0.44643340458678293,-1.9227266655640132,-0.4379314007935655,0.3264335610442131,-0.3179315572509957,0.008502003793217416,16.648108547346098,7.786444385715437,within_event_leave_site_out,One Tree Island,100.0
2017,Opal Reef,-16.2042,145.9005,4.085801976706115,1,,shallow_preferred,0.6467037266250818,3.439098250081033,0.9334277059101365,0.31426437664039325,-0.02754039735533861,0.28672397928505466,15.765134195590111,7.869104753937541,within_event_leave_site_out,Opal Reef,100.0
2017,Orpheus Island,-18.601750000000003,146.48829999999998,0.5985243157258839,2,,all_available,-0.1864456006061146,0.7849699163319985,0.8986584287723949,0.31426437664039325,0.7708396527381162,1.0851040293785095,3.3979170591395342,7.745577094478388,within_event_leave_site_out,Orpheus Island,100.0
2017,Pandora Reef,-18.8164,146.4341,0.4563194908363481,1,,shallow_preferred,0.25960414455254816,0.19671534628379994,1.8618409174112314,0.3264335610442131,1.27580321181447,1.602236772858683,11.941546404388253,7.810362963689387,within_event_leave_site_out,Pandora Reef,100.0
2017,Peak Island,-23.3413,150.9369,2.5338963002932164,1,,shallow_preferred,0.8899339389019237,1.6439623613912926,2.6806698495947074,0.31426437664039325,1.4764715340523904,1.7907359106927836,12.986160728490018,7.4069043448942935,within_event_leave_site_out,Peak Island,100.0
2017,Peart Reef,-17.4676,146.402,0.2564586963575834,1,,shallow_preferred,0.2528965824491775,0.003562113908405884,1.0463773784047832,0.3264335610442131,0.4670472349113926,0.7934807959556057,5.886901895802568,7.784746731912107,within_event_leave_site_out,Peart Reef,100.0
2017,Pelican Island,-23.2397,150.8742,5.076861281952688,1,,shallow_preferred,0.7350270603211184,4.3418342216315695,2.0196937481419353,0.31426437664039325,0.9704023111804235,1.2846666878208168,9.521104486568222,7.153258432892834,within_event_leave_site_out,Pelican Island,100.0
2017,Pelorus Island,-18.5406,146.4888,0.2443588332417867,1,,shallow_preferred,-0.21148906722807778,0.45584790046986445,0.9149826873955799,0.31426437664039325,0.8122073779832644,1.1264717546236576,3.2422887630841384,7.7242974818028705,within_event_leave_site_out,Pelorus Island,100.0
2017,Penrith Reef,-21.0032,149.8875,-3.2164805609812284,1,,all_available,-0.6552469470391543,-2.561233613942074,-1.3380019718598208,0.3264335610442131,-1.0091885858648797,-0.6827550248206666,18.273540041149474,6.930368514676738,within_event_leave_site_out,Penrith Reef,100.0
2017,Pine Island,-20.378,148.8884,2.267680691159056,1,,shallow_preferred,0.7723352100293078,1.4953454811297484,0.7663138775028482,0.31426437664039325,-0.3202857091668529,-0.006021332526459644,6.357400115253845,7.9130616070789745,within_event_leave_site_out,Pine Island,100.0
2017,Pompey Reef (No 1),-20.9201,150.5582,-1.4256318177575098,1,,shallow_preferred,-0.6854920904803518,-0.740139727277158,-1.8478158865214107,0.3264335610442131,-1.4887573570852721,-1.162323796041059,21.906281638612597,6.751621264939587,within_event_leave_site_out,Pompey Reef (No 1),100.0
2017,Rat Island,-23.767,151.3185,5.937374202789373,1,,shallow_preferred,1.4374842671289139,4.499889935660459,2.708887258674258,0.31426437664039325,0.9571386149049508,1.271402991545344,10.301406151333772,7.591483527808585,within_event_leave_site_out,Rat Island,100.0
2017,Rebe Reef,-19.795,150.1499,-3.61,1,,shallow_preferred,-1.8943874246867183,-1.7156125753132816,-1.4141399372297252,0.3264335610442131,0.15381392641277997,0.4802474874569931,8.957513140175449,6.700513057213407,within_event_leave_site_out,Rebe Reef,100.0
2017,Repulse,-20.5779,148.8625,-1.5644129148914745,1,,all_available,0.8364273723827719,-2.4008402872742463,1.3560632847214003,0.3264335610442131,0.1932023512944153,0.5196359123386284,22.032538285010602,7.829897336942907,within_event_leave_site_out,Repulse,100.0
2017,Rib Reef,-18.473,146.8774,-0.4027165745273926,1,9.4,shallow_preferred,-0.8474551081571493,0.4447385336297567,-0.36050315932284743,0.31426437664039325,0.17268757219390868,0.48695194883430193,26.930341094741777,7.930748541425626,within_event_leave_site_out,Rib Reef,100.0
2017,Seaforth Island,-20.4685,149.0389,1.416027765909833,1,,shallow_preferred,0.7842741006499674,0.6317536652598656,0.8627305988300472,0.31426437664039325,-0.23580787846031337,0.07845649818007988,17.28354301801151,7.866794320633145,within_event_leave_site_out,Seaforth Island,100.0
2017,Seal Rocks North,-23.9583,151.4849,3.70408024696868,1,,shallow_preferred,1.2343045549453957,2.4697756920232843,2.303333808835597,0.31426437664039325,0.7547648772498079,1.069029253890201,17.70517680874414,7.505631990142265,within_event_leave_site_out,Seal Rocks North,100.0
2017,Shute and Tancred Islands,-20.3009,148.7983,1.4164816374178564,2,3.6,shallow_preferred,0.3431512368649395,1.073330400552917,0.3963939327234195,0.31426437664039325,-0.26102168078191323,0.053242695858480016,12.717946186312119,7.961918818936816,within_event_leave_site_out,Shute and Tancred Islands,100.0
2017,Small Lagoon Reef,-21.8678,152.5239,0.6451005694404068,1,,shallow_preferred,-0.2808007370341624,0.9259013064745693,-0.26024641204978777,0.31426437664039325,-0.2937100516560186,0.02055432498437465,13.323992323594386,7.828271341673875,within_event_leave_site_out,Small Lagoon Reef,100.0
2017,Snake Reef,-22.0232,152.1928,-1.8438006949277133,1,,shallow_preferred,-0.23915071210312602,-1.6046499828245873,0.10587733405753189,0.3264335610442131,0.018594485116444796,0.3450280461606579,14.491850269937311,7.677775741691529,within_event_leave_site_out,Snake Reef,100.0
2017,Snapper Island North,-16.2924,145.4969,4.04035081925011,1,,shallow_preferred,1.143308536377577,2.8970422828725324,1.8337076348122123,0.31426437664039325,0.3761347217942421,0.6903990984346353,12.240133170092554,7.725811510835405,within_event_leave_site_out,Snapper Island North,100.0
2017,St Crispin Reef,-16.0733,145.8438,0.1684520194030891,1,,shallow_preferred,0.6007969578777956,-0.43234493847470656,1.3819121965071983,0.3264335610442131,0.45468167758518957,0.7811152386294027,4.71131555359392,7.632049494884385,within_event_leave_site_out,St Crispin Reef,100.0
2017,Taylor Reef,-17.8121,146.5703,0.914864962408548,1,,shallow_preferred,0.8108948964448923,0.10397006596365566,1.6615178270284652,0.3264335610442131,0.5241893695393598,0.8506229305835729,4.786752694885461,7.614071754685807,within_event_leave_site_out,Taylor Reef,100.0
2017,Tern Reef,-20.9023,150.0264,-1.4831185058775374,1,,shallow_preferred,-0.6964643417665063,-0.7866541641110311,-2.018067466653467,0.3264335610442131,-1.6480366859311735,-1.3216031248869604,18.273540041149474,6.86895058542305,within_event_leave_site_out,Tern Reef,100.0
2017,Thetford Reef,-16.7995,146.1951,0.2855790394732214,1,,shallow_preferred,0.5007132138091159,-0.21513417433589455,1.4216352494481783,0.3264335610442131,0.5944884745948492,0.9209220356390624,7.123271272813825,7.860163256357057,within_event_leave_site_out,Thetford Reef,100.0
2017,Tryon Island,-23.2457,151.7739,0.2693227123175901,1,,shallow_preferred,-0.04494166432280315,0.31426437664039325,0.03207679916474676,0.3264335610442131,-0.2494150975566632,0.07701846348754993,15.315078707072905,7.628646623635247,within_event_leave_site_out,Tryon Island,100.0
2017,Turner Cay,-21.7031,152.5605,-0.9409643198063032,1,,all_available,-0.46973203552670195,-0.4712322842796013,-0.20877539666047246,0.3264335610442131,-0.06547692217798362,0.2609566388662295,18.699673428175867,7.921484607286947,within_event_leave_site_out,Turner Cay,100.0
2017,Twin Island,-10.4629,142.4358,0.144507896456286,1,,shallow_preferred,0.11559390755770461,0.02891398889858139,0.15026278929430498,0.3264335610442131,-0.29176467930761274,0.03466888173660038,30.39980141880606,4.765216016901044,within_event_leave_site_out,Twin Island,100.0
2017,Warraber Island,-10.200800000000001,142.81900000000002,-0.5776570387070736,2,1.2,shallow_preferred,-0.17562084963617122,-0.40203618907090244,-0.09772207625591048,0.3264335610442131,-0.24853478766395237,0.07789877338026074,44.68318727249927,4.918981459112708,within_event_leave_site_out,Warraber Island,100.0
2017,Willis Island,-16.288,149.96345,-0.004634673557972757,2,,shallow_preferred,-4.848448153611433,4.843813480053461,-4.53418377697104,0.31426437664039325,0.0,0.31426437664039325,354.6767826036841,0.0,within_event_leave_site_out,Willis Island,100.0
2017,Woiz Reef,-10.1744,143.2264,-0.0823360794803385,1,,shallow_preferred,-0.09873691679793326,0.016400837317594757,-0.1416399660733895,0.3264335610442131,-0.36933661031966936,-0.04290304927545624,40.642679498549576,4.511616080634905,within_event_leave_site_out,Woiz Reef,100.0
2017,Yonge Reef,-14.5731,145.6147,-1.6965574448576124,1,,shallow_preferred,-0.2803792615018424,-1.41617818335577,-0.8762685367005077,0.3264335610442131,-0.9223228362428785,-0.5958892751986653,6.5319639975212676,7.340625760324385,within_event_leave_site_out,Yonge Reef,100.0
2020,19-131 Reef,-19.7641,149.3786,2.681231950161008,1,,shallow_preferred,-0.6700688934863276,3.3513008436473357,-1.2041789222741048,0.5618849541797382,-1.0959949829675153,-0.5341100287877771,6.067198349540016,7.39105617168843,within_event_leave_site_out,19-131 Reef,100.0
2020,19-138 Reef,-19.8024,149.4199,-0.2586793278278807,1,,shallow_preferred,-0.6749108223380085,0.41623149451012775,-0.580833379830605,0.5918170155557894,-0.4977395730483859,0.09407744250740346,6.067198349540016,7.3831753501940165,within_event_leave_site_out,19-138 Reef,100.0
2020,20-104 Reef,-20.0286,149.6933,1.3679715009030966,1,,shallow_preferred,-0.9766502234556839,2.3446217243587806,-1.1521838281963737,0.5618849541797382,-0.7374185589204281,-0.1755336047406899,38.07368864716964,7.651934414048159,within_event_leave_site_out,20-104 Reef,100.0
2020,21-062 Reef,-21.0266,150.8538,-0.2332874208135233,1,,all_available,-1.0357048789479435,0.8024174581344202,-0.3990042315855337,0.5618849541797382,0.0748156931826716,0.6367006473624097,32.896988404128905,6.914775818893259,within_event_leave_site_out,21-062 Reef,100.0
2020,21-187 Reef,-21.4072,151.6414,0.8718928705099143,1,,shallow_preferred,-0.5151858728450143,1.3870787433549285,-0.1577972001677416,0.5618849541797382,-0.2044962815024655,0.3573886726772727,84.28209327700898,7.971021747770918,within_event_leave_site_out,21-187 Reef,100.0
2020,21-245 Reef,-21.2965,152.4465,-0.4331639766129953,1,,all_available,-0.538083362810607,0.10491938619761165,-0.3025039876408255,0.5918170155557894,-0.35623764038600786,0.2355793751697815,12.67972757879005,7.44505228955547,within_event_leave_site_out,21-245 Reef,100.0
2020,21-296 Reef,-21.3297,152.5636,-0.338299175268177,1,,shallow_preferred,-0.5771798292068849,0.23888065393870794,-0.3728509141450342,0.5918170155557894,-0.3874881004939386,0.20432891506185075,12.67972757879005,7.459953984803829,within_event_leave_site_out,21-296 Reef,100.0
2020,21-550 Reef,-21.9471,152.3069,0.2899349813298437,1,,shallow_preferred,-0.2399239895046274,0.5298589708344711,0.1100325663439225,0.5918170155557894,-0.24186045970723946,0.3499565558485499,14.491850269937311,7.75625367499604,within_event_leave_site_out,21-550 Reef,100.0
2020,Agincourt Reef Number 1,-16.0398,145.8652,-6.3761235901028375,1,,shallow_preferred,0.8595152986601275,-7.235638888762965,16.355554197405453,0.5918170155557894,14.904221883189535,15.496038898745326,4.370937219683819,7.613281067764637,within_event_leave_site_out,Agincourt Reef Number 1,100.0
2020,Aquila Island,-21.9611,149.5816,1.900201645273785,1,,shallow_preferred,-0.372436825708058,2.272638470981843,0.7395357288819624,0.5618849541797382,0.5500876004102823,1.1119725545900203,62.769829377267506,6.784544071504442,within_event_leave_site_out,Aquila Island,100.0
2020,Arlington Reef,-16.6461,146.1107,-0.5133974087988227,1,,all_available,0.8394909208248279,-1.3528883296236507,1.160621867009373,0.5918170155557894,-0.2706860693712443,0.3211309461845451,12.492001668718494,7.823721014112055,within_event_leave_site_out,Arlington Reef,100.0
2020,Barren Island,-23.1578,151.0707,-1.7387467211694982,1,,shallow_preferred,0.8941014203172274,-2.6328481414867255,0.7037194006040864,0.5918170155557894,-0.7821990352689302,-0.19038201971314084,12.710620140085936,7.408254183389971,within_event_leave_site_out,Barren Island,100.0
2020,Bedarra Island,-18.0094,146.148,4.73335811084036,1,,shallow_preferred,0.42755237239845195,4.305805738441908,1.7436801856876847,0.5618849541797382,0.7542428591094945,1.3161278132892327,9.242496316970788,7.650490472391002,within_event_leave_site_out,Bedarra Island,100.0
2020,Cattle Bay,-18.5691,146.4823,-2.477269859827372,1,,shallow_preferred,0.006994518665746509,-2.4842643784931187,0.31361587956732984,0.5918170155557894,-0.28519565465420604,0.3066213609015833,1.341065833156318,7.6684477339382795,within_event_leave_site_out,Cattle Bay,100.0
2020,Centipede Reef,-18.7341,147.5522,-0.5921616319662082,1,,shallow_preferred,-1.6862548021849664,1.0940931702187582,-1.2147163012971984,0.5618849541797382,-0.09034645329197033,0.47153850088776783,14.680128092076231,7.837571033308658,within_event_leave_site_out,Centipede Reef,100.0
2020,Chicken Reef,-18.6534,147.7199,-1.3399441724789538,1,,shallow_preferred,-1.7328910492843395,0.39294687680538565,-1.1803109643934557,0.5918170155557894,-0.03923693066490552,0.5525800848908838,17.669033753141125,7.77955453286635,within_event_leave_site_out,Chicken Reef,100.0
2020,Chinaman Reef,-21.9973,152.664,0.3270784856057034,1,2.5,shallow_preferred,-0.2348064685740347,0.5618849541797382,0.1443349228061357,0.5918170155557894,-0.21267562417561897,0.3791413913801704,5.64402331010218,7.670492161845168,within_event_leave_site_out,Chinaman Reef,100.0
2020,Curd Reef,-12.5853,143.5112,4.110928124208211,1,,shallow_preferred,-2.2464196076510254,6.357347731859237,-2.8922010424883506,0.5618849541797382,-1.2076663890170636,-0.6457814348373254,32.826162191112715,3.3698834040852423,within_event_leave_site_out,Curd Reef,100.0
2020,Davies Reef,-18.8065,147.6688,-1.096379040767636,1,,shallow_preferred,-1.7104598262345163,0.6140807854668804,-1.1638594654478265,0.5618849541797382,-0.015284593393048433,0.5466003607866897,14.680128092076231,7.7313202386549165,within_event_leave_site_out,Davies Reef,100.0
2020,Daydream Island,-20.2557,148.8122,0.6551431759961712,1,,shallow_preferred,0.5702943661818792,0.08484880981429199,0.750123735549393,0.5918170155557894,-0.41198764618827544,0.17982936936751392,5.230947964630829,7.926575404355609,within_event_leave_site_out,Daydream Island,100.0
2020,Dent Island,-20.345,148.9382,2.420851269963028,1,,shallow_preferred,0.7028689523519571,1.7179823176110707,0.7947814649711311,0.5618849541797382,-0.4699724415605641,0.09191251261917405,6.357400115253845,7.9370096164746435,within_event_leave_site_out,Dent Island,100.0
2020,Dip Reef,-18.3999,147.4519,-3.5408187431900267,1,,all_available,-1.685898053207859,-1.8549206899821677,-1.1331711714604829,0.5918170155557894,-0.03909013380841322,0.5527268817473762,17.39507361476906,7.924869764754,within_event_leave_site_out,Dip Reef,100.0
2020,Double Cone,-20.1046,148.7218,-0.2069540241686525,1,,shallow_preferred,0.2734157734176486,-0.4803697975863011,0.40783930046273786,0.5918170155557894,-0.45739348851070005,0.1344235270450893,18.64569681400093,7.863009616321331,within_event_leave_site_out,Double Cone,100.0
2020,Dugong Island,-10.518,143.0997,-1.334900480255203,1,,shallow_preferred,-0.643437506928539,-0.691462973326664,1.7475044261623947,0.5918170155557894,1.7991249175351443,2.3909419330909336,40.642679498549576,3.5710866299484088,within_event_leave_site_out,Dugong Island,100.0
2020,Dunk Island,-17.9263,146.1461,4.646749671684462,1,,shallow_preferred,0.4201974473451184,4.226552224339343,2.2246156269522213,0.5618849541797382,1.2425332254273647,1.8044181796071028,9.242496316970788,7.6160731868711755,within_event_leave_site_out,Dunk Island,100.0
2020,East Cay,-21.4727,152.5662,-1.3561652153503905,1,,shallow_preferred,-0.5232406281119113,-0.8329245872384792,-0.11352334382890378,0.5918170155557894,-0.18209973127278184,0.4097172842830075,15.90317460653311,7.7472544047093095,within_event_leave_site_out,East Cay,100.0
2020,Erskine Island,-23.4993,151.7749,0.6358016707944536,1,,shallow_preferred,0.37136013875891205,0.26444153203554155,0.01316682179727413,0.5918170155557894,-0.9500103325174273,-0.3581933169616379,4.6449376543534555,7.714452204260677,within_event_leave_site_out,Erskine Island,100.0
2020,Farquharson Reef,-17.79,146.5315,1.6638072792425138,1,,shallow_preferred,0.5728828214276499,1.090924457814864,2.9190254009115164,0.5618849541797382,1.7842576253041282,2.3461425794838666,4.786752694885461,7.754839067880776,within_event_leave_site_out,Farquharson Reef,100.0
2020,Feather Reef,-17.519,146.3887,1.2824785990351666,1,,shallow_preferred,0.1250346310739791,1.1574439679611874,2.24097553495061,0.5618849541797382,1.5540559496968929,2.115940903876631,5.886901895802568,7.856979840640982,within_event_leave_site_out,Feather Reef,100.0
2020,Fitzroy Island,-16.9233,145.9963,3.912260745858256,1,,shallow_preferred,0.5117696456979597,3.400491100160296,0.5179243786790764,0.5618849541797382,-0.5557302211986215,0.006154732981116684,18.5594659563103,7.940937574488741,within_event_leave_site_out,Fitzroy Island,100.0
2020,Flinders Reef,-17.71485,148.44805,-0.7344176355788066,2,,shallow_preferred,-1.237355485798263,0.5029378502194564,-0.7758772618988069,0.5918170155557894,-0.13033879165633333,0.46147822389945603,127.98526247087185,7.91553551644993,within_event_leave_site_out,Flinders Reef,100.0
2020,Frankland Islands,-17.227,146.0904,1.7410113732625885,1,,shallow_preferred,0.10971429591872368,1.6312970773438649,0.7800586874262935,0.5618849541797382,0.10845943732783157,0.6703443915075697,11.41944379063452,7.884465692437796,within_event_leave_site_out,Frankland Islands,100.0
2020,Gannet Cay Reef,-21.9758,152.4797,-0.4839372673882147,1,,all_available,-0.23800104385022475,-0.24593622353798994,0.2620700540392691,0.5918170155557894,-0.09174591766629553,0.5000710978894938,12.845478973003301,7.7438340776205346,within_event_leave_site_out,Gannet Cay Reef,100.0
2020,Geoffrey Bay,-19.1548,146.8685,5.872039081989005,1,,shallow_preferred,0.6107904451715445,5.26124863681746,1.8036143514712464,0.5618849541797382,0.6309389521199636,1.1928239062997017,48.39896797890436,7.9128295227943255,within_event_leave_site_out,Geoffrey Bay,100.0
2020,"Green Island, Qld",-16.7583,145.97,4.1304421271126,1,,shallow_preferred,0.7427383893752021,3.387703737737398,0.7579097605019794,0.5618849541797382,-0.5467135830529609,0.015171371126777244,18.5594659563103,7.903480960774649,within_event_leave_site_out,"Green Island, Qld",100.0
2020,Grub Reef,-18.6214,147.433,-1.9438025416596412,1,,shallow_preferred,-1.6761561161122915,-0.26764642554734963,-1.0133936910884782,0.5918170155557894,0.070945409468024,0.6627624250238133,14.457867038715278,7.931465593612685,within_event_leave_site_out,Grub Reef,100.0
2020,Hastings Reef,-16.5013,146.017,-0.6945687193633798,1,,shallow_preferred,0.8710814570006795,-1.5656501763640593,1.4935664950900576,0.5918170155557894,0.030668022533588617,0.6224850380893779,6.477570558123498,7.829147608177382,within_event_leave_site_out,Hastings Reef,100.0
2020,Havannah Island,-18.8472,146.5428,1.5996019487396875,1,,shallow_preferred,0.43962631497322624,1.1599756337664613,1.555205127573295,0.5618849541797382,0.5536938584203305,1.1155788126000687,11.941546404388253,7.822567362373618,within_event_leave_site_out,Havannah Island,100.0
2020,Hayman Island,-20.0572,148.8997,-1.086136790930217,1,,all_available,0.21293478244638628,-1.2990715733766034,0.41853117970266496,0.5918170155557894,-0.3862206182995107,0.20559639725627865,12.401515782198352,7.855950476307201,within_event_leave_site_out,Hayman Island,100.0
2020,Hedley Reef,-17.2235,146.4754,2.2332465574489904,1,,shallow_preferred,0.06878991192562428,2.1644566455233663,1.1495457113126992,0.5618849541797382,0.5188708452073368,1.0807557993870751,6.665061893679919,7.7677031034728605,within_event_leave_site_out,Hedley Reef,100.0
2020,Helix Reef,-18.6203,147.2958,-0.0315414839450269,1,,shallow_preferred,-1.6110559464678846,1.5795144625228577,-1.7166354344426686,0.5618849541797382,-0.6674644421545223,-0.10557948797478411,14.457867038715278,7.949887205063414,within_event_leave_site_out,Helix Reef,100.0
2020,Henderson Island,-21.4856,149.9091,1.195587940616754,1,,all_available,-0.6813786114039585,1.8769665520207126,0.3891866487239851,0.5618849541797382,0.5086803059482055,1.0705652601279436,35.56941197175311,7.070691605689606,within_event_leave_site_out,Henderson Island,100.0
2020,Heron Island,-23.4384,151.9182,-0.1325011480103937,1,,shallow_preferred,0.3092526567896484,-0.4417538048000421,-0.3793577219057723,0.5918170155557894,-1.28042739425121,-0.6886103786954207,16.10863002746127,7.598415974797904,within_event_leave_site_out,Heron Island,100.0
2020,High Island,-17.1622,146.007,-4.069798420007173,1,,shallow_preferred,0.2575011439976163,-4.327299564004789,2.17233564430042,0.5918170155557894,1.3230174847470144,1.9148345003028038,11.41944379063452,7.830349905656137,within_event_leave_site_out,High Island,100.0
2020,Hook Island,-20.1681,148.8871,-3.7770271771735215,1,,shallow_preferred,0.25459410905971464,-4.031621286233237,0.922957547844747,0.5918170155557894,0.07654642322924307,0.6683634387850325,12.401515782198352,7.912525483112679,within_event_leave_site_out,Hook Island,100.0
2020,Horseshoe Reef,-22.0227,152.6166,0.5820267758588589,1,,shallow_preferred,-0.23407456506917207,0.8161013409280309,0.10594421060458373,0.5618849541797382,-0.22186617850598236,0.3400187756737558,5.64402331010218,7.651308363785052,within_event_leave_site_out,Horseshoe Reef,100.0
2020,Humpy Island,-23.2162,150.9638,-0.1949930341297481,1,,shallow_preferred,1.1119186158042291,-1.3069116499339772,0.8374852445303774,0.5918170155557894,-0.8662503868296411,-0.2744333712738517,9.521104486568222,7.224991362964883,within_event_leave_site_out,Humpy Island,100.0
2020,John Brewer,-18.619,147.0811,0.1904078716576975,1,,shallow_preferred,-1.32936548254626,1.5197733542039575,-1.481942779757691,0.5618849541797382,-0.7144622513911691,-0.15257729721143098,20.946202042366217,7.881220369288761,within_event_leave_site_out,John Brewer,100.0
2020,Kelso Reef,-18.4448,146.9933,-2.390825026230913,1,,shallow_preferred,-0.969143653794444,-1.421681372436469,-1.1800684232683505,0.5918170155557894,-0.802741785029696,-0.2109247694739066,6.794050715411243,7.751936160651539,within_event_leave_site_out,Kelso Reef,100.0
2020,Knife Reef,-18.572,147.5759,-0.8337973625298156,1,,shallow_preferred,-1.7600544325738798,0.9262570700440642,-1.3062069219312333,0.5618849541797382,-0.10803744353709167,0.4538475106426465,16.030616168336522,7.900277182430558,within_event_leave_site_out,Knife Reef,100.0
2020,Lady Elliot Reef,-18.6798,146.3325,7.410464728408286,1,,shallow_preferred,0.10426205895523706,7.306202669453048,-0.24859259019380342,0.5618849541797382,-0.9147396033287787,-0.3528546491490405,18.578485503433193,7.621716900745477,within_event_leave_site_out,Lady Elliot Reef,100.0
2020,Lady Musgrave,-23.8884,152.422,-2.2420646583098907,1,,shallow_preferred,-0.1598372666111246,-2.082227391698766,-0.632603858198643,0.5918170155557894,-1.0645836071433077,-0.4727665915875183,57.31929747311861,7.8017487087611865,within_event_leave_site_out,Lady Musgrave,100.0
2020,Lagoon Reef,-12.3923,143.74,-1.526612835689486,1,,shallow_preferred,-2.3286030297926748,0.8019901941031888,-0.2448603817488002,0.5618849541797382,1.5218576938641364,2.0837426480438745,32.826162191112715,3.436807405848811,within_event_leave_site_out,Lagoon Reef,100.0
2020,Lizard Island,-14.68796,145.45285,0.4795624356526891,2,0.6,shallow_preferred,0.11733210998221784,0.36223032567047125,-3.5405381831474236,0.5918170155557894,-4.249687308685431,-3.6578702931296414,6.04468606233599,6.429284433792433,within_event_leave_site_out,Lizard Island,100.0
2020,Low Isles,-16.3831,145.5619,1.407814282110004,1,,shallow_preferred,1.3362482105291082,0.07156607158089567,11.881842985946001,0.5918170155557894,9.953777759861104,10.545594775416895,12.240133170092554,7.823600958249703,within_event_leave_site_out,Low Isles,100.0
2020,Macgillivray,-14.6485,145.4915,-4.299430568059551,1,,all_available,0.015351607425487487,-4.314782175485038,-2.823939451244181,0.5918170155557894,-3.431108074225458,-2.8392910586696685,6.04468606233599,6.4056030145892064,within_event_leave_site_out,Macgillivray,100.0
2020,Mackay Reef,-16.0399,145.6506,2.2648477201922943,1,,shallow_preferred,1.0988157361021609,1.1660319840901334,13.580210941952975,0.5618849541797382,11.919510251671076,12.481395205850815,20.97621703541694,7.667613435566439,within_event_leave_site_out,Mackay Reef,100.0
2020,Manning Island,-23.854,151.3533,2.9522047055525817,1,,shallow_preferred,1.8061873475369914,1.1460173580155903,2.139626880322826,0.5618849541797382,-0.22844542139390359,0.3334395327858346,10.301406151333772,7.411551928011913,within_event_leave_site_out,Manning Island,100.0
2020,Martin,-14.7553,145.3722,1.2220278261895885,1,,all_available,0.3009302698786221,0.9210975563109665,-3.378889655523295,0.5618849541797382,-4.241704879581655,-3.679819925401917,11.458517364785854,6.557544916448141,within_event_leave_site_out,Martin,100.0
2020,Mast Head Reef,-23.5341,151.7497,1.3050274284054115,1,,all_available,0.7132104128496222,0.5918170155557894,0.3507514538608415,0.5618849541797382,-0.9243439131685188,-0.36245895898878067,4.6449376543534555,7.765912473152507,within_event_leave_site_out,Mast Head Reef,100.0
2020,McCulloch Reef,-17.2834,146.4777,2.116830558170516,1,,shallow_preferred,-0.05337003394723162,2.1702005921177476,1.1244964070232166,0.5618849541797382,0.6159814867907101,1.1778664409704482,6.665061893679919,7.741184383349802,within_event_leave_site_out,McCulloch Reef,100.0
2020,Michaelmas Reef,-16.5528,146.0454,1.1469479944542602,1,,shallow_preferred,0.869984638474352,0.2769633559799082,1.2370407080906018,0.5918170155557894,-0.22476094593953969,0.3670560696162497,6.477570558123498,7.812725450279293,within_event_leave_site_out,Michaelmas Reef,100.0
2020,Moore Reef,-16.8519,146.2336,1.5139498544599743,1,,shallow_preferred,0.5030105049965485,1.0109393494634258,0.8307536762815114,0.5618849541797382,-0.23414178289477527,0.3277431712849629,7.123271272813825,7.873076359971152,within_event_leave_site_out,Moore Reef,100.0
2020,Moore Reef-Coral Sea,-15.8866,149.1516,-4.987052573988572,1,,shallow_preferred,-3.4818284262960293,-1.5052241476925423,-3.7422632729176843,0.5918170155557894,-0.8522518621774442,-0.26043484662165484,97.5463098301599,1.5564344387410236,within_event_leave_site_out,Moore Reef-Coral Sea,100.0
2020,Myrmidon Reef,-18.2585,147.3814,-0.6244883420862655,1,,shallow_preferred,-1.636623553596475,1.0121352115102096,-1.7784625537858418,0.5618849541797382,-0.7037239543691048,-0.14183900018936668,17.39507361476906,7.899668807181588,within_event_leave_site_out,Myrmidon Reef,100.0
2020,No Name,-14.6308,145.6418,-4.310231988865706,1,,shallow_preferred,-0.17077998056676008,-4.139452008298946,-3.180154234440474,0.5918170155557894,-3.601191269429503,-3.009374253873714,6.686276529624356,6.38987813701614,within_event_leave_site_out,No Name,100.0
2020,North Direction Island,-14.7435,145.5136,-6.57,1,,shallow_preferred,0.11124668023381441,-6.681246680233815,-2.2808706436267028,0.5918170155557894,-2.9839343394163067,-2.3921173238605173,8.990388278188759,6.476387789681763,within_event_leave_site_out,North Direction Island,100.0
2020,North Keppel Island,-23.0864,150.9052,-0.0437870365482258,1,,shallow_preferred,1.0742741757352465,-1.1180612122834723,0.710828315725667,0.5918170155557894,-0.9552628755653689,-0.36344586000957957,15.627238445567361,7.1047118015348,within_event_leave_site_out,North Keppel Island,100.0
2020,North Reef,-23.1755,151.9086,0.0,1,,all_available,-0.06456989712641659,0.06456989712641659,-1.0129433800677787,0.5918170155557894,-1.5401904984971515,-0.9483734829413621,15.824864555586355,7.457719427815681,within_event_leave_site_out,North Reef,100.0
2020,Northeast Reef,-18.5718,146.4947,-2.2315763578432497,1,,shallow_preferred,0.004928414431686699,-2.2365047722749365,0.26127708809280364,0.5918170155557894,-0.3354683418946724,0.25634867366111697,1.341065833156318,7.684509569749224,within_event_leave_site_out,Northeast Reef,100.0
2020,Nth Barnards (Jesse Is),-17.6722,146.1742,5.556803929865103,1,,shallow_preferred,0.2086154879684287,5.348188441896674,2.1273236450652524,0.5618849541797382,1.3568232029170855,1.9187081570968236,28.409393179966862,7.937748554104483,within_event_leave_site_out,Nth Barnards (Jesse Is),100.0
2020,One Tree Island,-23.4833,152.0739,-3.1230587818809963,3,,all_available,-0.197221376447711,-2.925837405433285,-0.5372988378338256,0.5918170155557894,-0.931894476941904,-0.3400774613861146,16.648108547346098,7.660071648491536,within_event_leave_site_out,One Tree Island,100.0
2020,Opal Reef,-16.2042,145.9005,-0.7276474892046885,1,,shallow_preferred,0.9955629950914024,-1.723210484296091,13.33390789909879,0.5918170155557894,11.746527888451599,12.33834490400739,15.765134195590111,7.8799485601970485,within_event_leave_site_out,Opal Reef,100.0
2020,Pandora Reef,-18.8164,146.4341,2.415483371564374,1,,shallow_preferred,0.41823269089004744,1.9972506806743264,1.392593663426271,0.5618849541797382,0.4124760183564855,0.9743609725362237,11.941546404388253,7.702627774464664,within_event_leave_site_out,Pandora Reef,100.0
2020,Peak Island,-23.3413,150.9369,2.0302291152499343,1,,shallow_preferred,1.1784054515577678,0.8518236636921666,0.6469015949082193,0.5618849541797382,-1.0933888108292866,-0.5315038566495485,12.986160728490018,7.406904344894292,within_event_leave_site_out,Peak Island,100.0
2020,Peart Reef,-17.4676,146.402,1.027260252243318,1,,shallow_preferred,0.11009970564471744,0.9171605465986006,1.3978385549839483,0.5618849541797382,0.7258538951594926,1.2877388493392308,5.886901895802568,7.838430951493475,within_event_leave_site_out,Peart Reef,100.0
2020,Pelican Island,-23.2397,150.8742,2.036700049354229,1,,shallow_preferred,1.1395870853866332,0.8971129639675957,0.5251317623497251,0.5618849541797382,-1.1763402772166462,-0.6144553230369081,9.521104486568222,7.1532584328928355,within_event_leave_site_out,Pelican Island,100.0
2020,Pelorus Island,-18.5406,146.4888,-3.0800208505562527,1,,shallow_preferred,0.0014396862758325772,-3.0814605368320853,0.37554719252833413,0.5918170155557894,-0.21770950930328783,0.37410750625250155,3.2422887630841384,7.691776633157468,within_event_leave_site_out,Pelorus Island,100.0
2020,Penrith Reef,-21.0036,149.8882,-1.0546015138842613,1,,shallow_preferred,-1.0187314234768325,-0.03587009040742872,0.19238298612331695,0.5918170155557894,0.6192973940443601,1.2111144096001496,18.243632282729035,7.155606459153595,within_event_leave_site_out,Penrith Reef,100.0
2020,Pine Island,-20.378,148.8884,1.9326931379161556,1,,shallow_preferred,0.7097954325633984,1.2228977053527572,0.9091385106762689,0.5618849541797382,-0.3625418760668676,0.19934307811287055,6.357400115253845,7.928692293286675,within_event_leave_site_out,Pine Island,100.0
2020,Pine Peak Island,-21.5145,150.2515,0.6812159480858444,1,,shallow_preferred,-0.7651367222592053,1.4463526703450498,0.2817407594790105,0.5618849541797382,0.4849925275584776,1.0468774817382158,35.56941197175311,7.1178641289394635,within_event_leave_site_out,Pine Peak Island,100.0
2020,Pompey Reef (No 1),-20.9201,150.5582,-0.0615643802336514,1,,shallow_preferred,-1.0617075665180586,1.0001431862844072,-0.5579337284983438,0.5618849541797382,-0.058111116160023256,0.5037738380197149,32.896988404128905,7.119093184339467,within_event_leave_site_out,Pompey Reef (No 1),100.0
2020,Rat Island,-23.767,151.3185,4.032971175530797,1,,shallow_preferred,1.8070574172414977,2.225913758289299,1.9846041613471226,0.5618849541797382,-0.384338210074113,0.17754674410562515,10.301406151333772,7.591521790793125,within_event_leave_site_out,Rat Island,100.0
2020,Rebe Reef,-19.795,150.1499,-6.47,1,,shallow_preferred,-1.7147101308123138,-4.755289869187686,-0.5826770034332478,0.5918170155557894,0.5402161118232767,1.132033127379066,54.34585144353913,7.181151635638409,within_event_leave_site_out,Rebe Reef,100.0
2020,Repulse,-20.5779,148.8625,3.481321265505569,1,,all_available,0.6317133820719245,2.8496078834336442,0.7108915529277882,0.5618849541797382,-0.4827067833238745,0.07917817085586365,22.032538285010602,7.870352572470461,within_event_leave_site_out,Repulse,100.0
2020,Rib Reef,-18.473,146.8774,0.4080477107976641,1,,shallow_preferred,-0.49013255470584705,0.8981802655035112,-1.40578699587006,0.5618849541797382,-1.477539395343951,-0.9156544411642129,12.620223867733433,7.8459970142219975,within_event_leave_site_out,Rib Reef,100.0
2020,Roxburgh Reef,-18.4321,147.0563,-3.331693297466966,1,,shallow_preferred,-1.3329002814763475,-1.9987930159906186,-1.058252305747296,0.5918170155557894,-0.3171690398267376,0.27464797572905175,6.794050715411243,7.814191358573658,within_event_leave_site_out,Roxburgh Reef,100.0
2020,Sand Bank No7,-13.4363,143.9722,-6.03,1,,shallow_preferred,-2.036259190879201,-3.993740809120799,-2.498217870147474,0.5918170155557894,-1.0537756948240622,-0.46195867926827283,82.5447688071673,5.927195540772776,within_event_leave_site_out,Sand Bank No7,100.0
2020,Seaforth Island,-20.4685,149.0389,2.016782735515747,1,,shallow_preferred,0.680638816302164,1.3361439192135829,0.9374301642761137,0.5618849541797382,-0.3050936062057884,0.25679134797394976,17.28354301801151,7.8875889225538005,within_event_leave_site_out,Seaforth Island,100.0
2020,Seal Rocks North,-23.9583,151.4849,2.838999863593152,1,,shallow_preferred,1.5410456536868749,1.297954209906277,1.6340924486062636,0.5618849541797382,-0.46883815926034933,0.09304679491938883,17.70517680874414,7.4848971391980985,within_event_leave_site_out,Seal Rocks North,100.0
2020,Shute and Tancred Islands,-20.3009,148.7983,1.348653458250242,1,,shallow_preferred,0.5974292638433202,0.7512241944069219,0.7430081662704585,0.5618849541797382,-0.41630605175259994,0.14557890242713822,5.230947964630829,7.934537981367464,within_event_leave_site_out,Shute and Tancred Islands,100.0
2020,Small Lagoon Reef,-21.8678,152.5239,2.2234787121065374,1,,shallow_preferred,-0.24702402190689093,2.4705027340134285,-0.18341622667347562,0.5618849541797382,-0.49827715894632285,0.06360779523341531,12.845478973003301,7.843082675578151,within_event_leave_site_out,Small Lagoon Reef,100.0
2020,Snake Reef,-22.0232,152.1928,-0.0755047190480606,1,,shallow_preferred,-0.24515648321329758,0.16965176416523697,0.150387105753088,0.5918170155557894,-0.19627342658940378,0.3955435889663856,14.491850269937311,7.678225160660601,within_event_leave_site_out,Snake Reef,100.0
2020,Snapper Island North,-16.2924,145.4969,5.115966535074563,1,,shallow_preferred,1.3702852113922166,3.745681323682346,11.671868090325942,0.5618849541797382,9.739697924753987,10.301582878933726,12.240133170092554,7.72626995703425,within_event_leave_site_out,Snapper Island North,100.0
2020,St Crispin Reef,-16.0733,145.8438,88.25537843400438,1,,shallow_preferred,0.8987075305155551,87.35667090348883,-0.26291240628387547,0.5618849541797382,-1.7235048909791688,-1.1616199367994307,4.370937219683819,7.644431055122678,within_event_leave_site_out,St Crispin Reef,100.0
2020,Taylor Reef,-17.8121,146.5703,0.3831780430515588,1,,shallow_preferred,0.5810372482254053,-0.19785920517384648,3.1460972246609504,0.5918170155557894,1.973242960879756,2.5650599764355455,4.786752694885461,7.722001381531175,within_event_leave_site_out,Taylor Reef,100.0
2020,Tern Reef,-20.9023,150.0264,-1.0741594610218153,1,,shallow_preferred,-1.0814645496715216,0.007305088649706359,-0.43899074812051475,0.5918170155557894,0.05065678599521751,0.6424738015510069,18.243632282729035,7.147038767835758,within_event_leave_site_out,Tern Reef,100.0
2020,Thetford Reef,-16.7995,146.1951,1.1996534608867409,1,,shallow_preferred,0.7423438216886883,0.45730963919805256,1.1603577464387436,0.5918170155557894,-0.17380309080573403,0.41801392475005533,7.123271272813825,7.8653521693536534,within_event_leave_site_out,Thetford Reef,100.0
2020,Tryon Island,-23.2457,151.7739,-3.263919477013788,1,,shallow_preferred,0.38271430906724124,-3.646633786081029,0.13497588737002975,0.5918170155557894,-0.8395554372530009,-0.2477384216972115,15.824864555586355,7.611700428991856,within_event_leave_site_out,Tryon Island,100.0
2020,Tuesday,-10.5519,142.3265,2.989141947783424,1,,shallow_preferred,-0.32267800762519305,3.311819955408617,1.013723751564881,0.5618849541797382,0.7745168050103358,1.3364017591900739,66.52523050497574,3.577662550089159,within_event_leave_site_out,Tuesday,100.0
2020,Turner Cay,-21.7031,152.5605,-1.2722601282566712,1,,all_available,-0.46425683033867543,-0.8080032979179959,0.02318826130615141,0.5918170155557894,-0.10437192391096252,0.48744509164482686,18.699673428175867,7.943963007037464,within_event_leave_site_out,Turner Cay,100.0
2020,Tydeman Cay,-13.9715,144.5017,-5.401408447634655,2,2.6,shallow_preferred,-0.9370655231163029,-4.464342924518352,-2.9213576047822567,0.5918170155557894,-2.5761090972217433,-1.984292081665954,82.5447688071673,7.440380703624595,within_event_leave_site_out,Tydeman Cay,100.0
2020,Warraber Island,-10.2007,142.8189,1.78781952851811,1,,all_available,-0.6017336149451491,2.3895531434632593,0.8288270591796,0.5618849541797382,0.8686757199450109,1.4305606741247492,44.693385849190435,3.41252532083408,within_event_leave_site_out,Warraber Island,100.0
2020,Willis Island,-16.28805,149.9634,-5.210242417599298,2,,shallow_preferred,-4.419367092249939,-0.7908753253493597,-5.13781455236765,0.5918170155557894,-1.3102644756735007,-0.7184474601177113,97.5463098301599,1.5136066876421683,within_event_leave_site_out,Willis Island,100.0
2020,Woiz Reef,-10.1744,143.2264,1.1404435733747071,1,,shallow_preferred,-0.5706089674681777,1.7110525408428847,0.8925042652563833,0.5618849541797382,0.9012282785448228,1.4631132327245608,40.642679498549576,3.2860996508574045,within_event_leave_site_out,Woiz Reef,100.0
2020,Yonge Reef,-14.57695,145.61415,-4.376788490280496,2,,shallow_preferred,-0.19682913148583076,-4.179959358794665,-3.189781207242446,0.5918170155557894,-3.5847690913124044,-2.992952075756615,6.686276529624356,6.368225749737069,within_event_leave_site_out,Yonge Reef,100.0
2022,19-131 Reef,-19.7641,149.3786,-2.3785906080173893,1,,shallow_preferred,-0.4094388054302243,-1.969151802587165,-0.9947889908665049,-0.08777667889651711,-0.49757350653976334,-0.5853501854362805,57.288513906831795,7.920728725567537,within_event_leave_site_out,19-131 Reef,100.0
2022,19-159 Reef,-19.6628,149.9152,-4.44,1,,all_available,-1.1531893096328503,-3.28681069036715,-2.1596106241878124,-0.08777667889651711,-0.9186446356584452,-1.0064213145549623,28.627899247066132,6.651473326697242,within_event_leave_site_out,19-159 Reef,100.0
2022,21-062 Reef,-21.0266,150.8538,-1.045948682836028,1,,all_available,-0.8339522333608707,-0.2119964494751574,-1.4496484268529484,-0.08777667889651711,-0.5279195145955606,-0.6156961934920777,32.896988404128905,7.24236181332773,within_event_leave_site_out,21-062 Reef,100.0
2022,21-139 Reef,-21.4552,151.4654,-0.4091454128263019,1,,shallow_preferred,-0.38492775717042005,-0.024217655655881853,-0.5222715349337221,-0.10454341103008777,-0.032800366733214244,-0.137343777763302,18.982969178608094,6.969546761340289,within_event_leave_site_out,21-139 Reef,100.0
2022,21-187 Reef,-21.4072,151.6414,-0.083471493881662,1,,shallow_preferred,-0.4536516237190108,0.3701801298373488,-0.6980553884161305,-0.10454341103008777,-0.13986035366703184,-0.2444037646971196,18.982969178608094,7.25880845385571,within_event_leave_site_out,21-187 Reef,100.0
2022,21-245 Reef,-21.2965,152.4465,-0.4454734262389186,1,,all_available,-0.42088595274622204,-0.024587473492696577,-0.838671863524315,-0.10454341103008777,-0.3132424997480052,-0.417785910778093,12.834371126963449,7.443712110764435,within_event_leave_site_out,21-245 Reef,100.0
2022,21-296 Reef,-21.3283,152.5656,-1.4652746991282903,1,,all_available,-0.45396692304073183,-1.0113077760875586,-0.6929284950713889,-0.08777667889651711,-0.15118489313413994,-0.23896157203065704,12.834371126963449,7.455382116880183,within_event_leave_site_out,21-296 Reef,100.0
2022,21-550 Reef,-21.9471,152.3069,-0.0034301923432069,1,,shallow_preferred,-0.19572938249246444,0.19229919014925753,-0.2802557833233327,-0.10454341103008777,0.020017010199219552,-0.08452640083086821,14.491850269937311,7.75247451594889,within_event_leave_site_out,21-550 Reef,100.0
2022,Agincourt Reef Number 1,-16.0398,145.8652,-2.651844619931497,1,,shallow_preferred,0.6473933933342289,-3.2992380132657257,0.6998538779793162,-0.08777667889651711,0.1402371635416044,0.05246048464508729,4.370937219683819,7.216365139654995,within_event_leave_site_out,Agincourt Reef Number 1,100.0
2022,Aquila Island,-21.9611,149.5816,1.9098567453975277,1,,shallow_preferred,-0.16114277513985234,2.07099952053738,-0.4827368753094967,-0.10454341103008777,-0.21705068913955658,-0.32159410016964435,62.816418969324054,6.716154413071809,within_event_leave_site_out,Aquila Island,100.0
2022,Arlington Reef,-16.6461,146.1107,-0.5367593562922782,1,,all_available,1.0380179859419199,-1.574777342234198,-0.20257439217321793,-0.08777667889651711,-1.1528156992186207,-1.2405923781151378,19.2804492131455,7.632472988839196,within_event_leave_site_out,Arlington Reef,100.0
2022,Barren Island,-23.1578,151.0707,-0.3208671857457266,1,,shallow_preferred,0.7977913007317684,-1.118658486477495,1.0860809159963374,-0.08777667889651711,0.376066294161086,0.28828961526456887,12.710620140085936,7.40825418338997,within_event_leave_site_out,Barren Island,100.0
2022,Bedarra Island,-18.0094,146.148,1.133605519395835,1,,shallow_preferred,0.8380979122172523,0.2955076071785827,1.286532171471284,-0.10454341103008777,0.5529776702841197,0.4484342592540319,9.242496316970788,7.650586766019869,within_event_leave_site_out,Bedarra Island,100.0
2022,Cattle Bay,-18.5691,146.4823,-1.4469747705416411,1,,shallow_preferred,0.28350132602915834,-1.7304760965707995,-0.9522253764127029,-0.08777667889651711,-1.1479500235453441,-1.2357267024418612,1.341065833156318,7.66436920142508,within_event_leave_site_out,Cattle Bay,100.0
2022,Chicken Reef,-18.6543,147.7143,-1.4657225110230736,1,,shallow_preferred,-1.3534220842422637,-0.11230042678080987,-2.52965621486928,-0.08777667889651711,-1.088457451730499,-1.176234130627016,17.15573681986673,7.531094180923455,within_event_leave_site_out,Chicken Reef,100.0
2022,Chinaman Reef,-21.9973,152.664,0.1627848857765562,1,,shallow_preferred,-0.18899351360198424,0.35177839937854044,-0.39334873784115887,-0.10454341103008777,-0.09981181320908684,-0.20435522423917463,5.425255719767251,7.668529104156345,within_event_leave_site_out,Chinaman Reef,100.0
2022,Davies Reef,-18.8065,147.6688,-4.097198572006766,1,,shallow_preferred,-1.2581857945944872,-2.839012777412279,-1.9320677183794368,-0.08777667889651711,-0.5861052448884326,-0.6738819237849497,17.589084506166472,7.558236428807812,within_event_leave_site_out,Davies Reef,100.0
2022,Daydream Island,-20.2557,148.8122,2.136293212639157,1,,shallow_preferred,0.2774657691228572,1.8588274435163,0.5489207731178773,-0.10454341103008777,0.3759984150251079,0.2714550039950201,5.230947964630829,7.741152679974225,within_event_leave_site_out,Daydream Island,100.0
2022,Dent Island,-20.345,148.9382,1.3304348506075487,1,,shallow_preferred,0.6144393831584489,0.7159954674490998,1.075853679393791,-0.10454341103008777,0.5659577072654297,0.4614142962353419,6.357400115253845,7.742864440572096,within_event_leave_site_out,Dent Island,100.0
2022,Dip Reef,-18.3999,147.4519,-3.4808544735666334,1,,all_available,-1.512260781897204,-1.9685936916694293,-2.276498382486814,-0.08777667889651711,-0.6764609216930929,-0.76423760058961,17.56223260742678,7.843536825685969,within_event_leave_site_out,Dip Reef,100.0
2022,Double Cone,-20.1046,148.7218,-1.340713240785889,1,,shallow_preferred,-0.059644368741917586,-1.2810688720439716,0.5975908067351793,-0.08777667889651711,0.745011854373614,0.6572351754770969,18.133391956516384,7.760134630516206,within_event_leave_site_out,Double Cone,100.0
2022,Dugong Island,-10.518,143.0997,-3.104144143713349,1,,shallow_preferred,0.2177785152898962,-3.321922659003245,-2.2435577598237515,-0.08777667889651711,-2.3735595962171305,-2.4613362751136476,40.642679498549576,2.321975588572651,within_event_leave_site_out,Dugong Island,100.0
2022,Dunk Island,-17.9263,146.1461,2.6186019242209104,1,,shallow_preferred,0.8139913178097109,1.8046106064111995,0.8461968310601351,-0.10454341103008777,0.13674892428051205,0.032205513250424284,9.242496316970788,7.616272152706269,within_event_leave_site_out,Dunk Island,100.0
2022,East Cay,-21.46965,152.56664999999998,-1.408171322422771,2,,all_available,-0.4115684404311448,-0.9966028819916262,-0.6421059476415535,-0.08777667889651711,-0.14276082831389156,-0.23053750721040867,15.71780050662962,7.740474672389072,within_event_leave_site_out,East Cay,100.0
2022,Erskine Island,-23.4993,151.7749,-0.1361484251800034,1,,shallow_preferred,-0.04837174628348628,-0.08777667889651711,1.2850130825772934,-0.10454341103008777,1.4379282398908675,1.3333848288607797,4.6449376543534555,7.4852099024094585,within_event_leave_site_out,Erskine Island,100.0
2022,Farquharson Reef,-17.79,146.5315,4.046969595776141,1,,shallow_preferred,0.9083343298213535,3.138635265954788,1.0127411727849616,-0.10454341103008777,0.20895025399369577,0.104406842963608,4.786752694885461,7.754860727842482,within_event_leave_site_out,Farquharson Reef,100.0
2022,Feather Reef,-17.519,146.3887,0.6317105884816945,1,,shallow_preferred,0.63636895911926,-0.004658370637565468,0.5242471716290588,-0.10454341103008777,-0.007578376460113349,-0.11212178749020112,5.886901895802568,7.856946641622462,within_event_leave_site_out,Feather Reef,100.0
2022,Fitzroy Island,-16.9233,145.9963,2.65282077204235,1,,shallow_preferred,1.1222728146347243,1.5305479574076255,-0.7108981710476494,-0.10454341103008777,-1.728627574652286,-1.8331709856823737,16.52260544145923,7.717414388523568,within_event_leave_site_out,Fitzroy Island,100.0
2022,Frankland Islands,-17.227,146.0904,-2.82,1,,shallow_preferred,0.7038489470279994,-3.5238489470279992,-0.12348105705275236,-0.08777667889651711,-0.7395533251842347,-0.8273300040807517,11.41944379063452,7.874112171444452,within_event_leave_site_out,Frankland Islands,100.0
2022,Gannet Cay Reef,-21.9784,152.4742,-0.1507100538374921,1,,shallow_preferred,-0.19344218763734378,0.04273213379985169,-0.3416370534865265,-0.10454341103008777,-0.04365145481909493,-0.1481948658491827,13.323992323594386,7.741908495237651,within_event_leave_site_out,Gannet Cay Reef,100.0
2022,Geoffrey Bay,-19.1548,146.8685,5.061730904646273,1,,shallow_preferred,1.0128724183062507,4.0488584863400225,-0.4168740414792609,-0.10454341103008777,-1.3252030487554238,-1.4297464597855116,48.39896797890436,7.9128295227943255,within_event_leave_site_out,Geoffrey Bay,100.0
2022,"Green Island, Qld",-16.7755,145.9803,-0.4121544361777092,1,,all_available,1.1365451044236752,-1.5486995406013844,0.34452552589591423,-0.08777667889651711,-0.7042428996312439,-0.792019578527761,16.52260544145923,7.634011462699848,within_event_leave_site_out,"Green Island, Qld",100.0
2022,Havannah Island,-18.8472,146.5428,-7.62,1,,shallow_preferred,0.8431783881594738,-8.463178388159474,0.844275293964673,-0.08777667889651711,0.08887358470171636,0.0010969058051992497,11.941546404388253,7.822567362373621,within_event_leave_site_out,Havannah Island,100.0
2022,Hayman Island,-20.0415,148.8819,0.494145963859558,1,,shallow_preferred,-0.12471392883691697,0.618859892696475,0.20571247891244787,-0.10454341103008777,0.4349698187794526,0.3304264077493648,14.08776503436185,7.842877182314316,within_event_leave_site_out,Hayman Island,100.0
2022,Hedley Reef,-17.2235,146.4754,-1.657937384793584,1,,shallow_preferred,0.6611253246809424,-2.3190627094745264,-0.18100942431571843,-0.08777667889651711,-0.7543580701001438,-0.8421347489966609,6.665061893679919,7.73436594500949,within_event_leave_site_out,Hedley Reef,100.0
2022,Helix Reef,-18.6203,147.2958,-1.1398314146952075,1,,shallow_preferred,-1.3676243961697394,0.22779298147453186,-2.381250995169328,-0.10454341103008777,-0.9090831879695006,-1.0136265989995883,22.624476091743695,7.944749944781158,within_event_leave_site_out,Helix Reef,100.0
2022,Henderson Island,-21.4854,149.9096,-0.0543985601681202,1,,shallow_preferred,-0.42018238584698886,0.3657838256788687,-0.48950340070459963,-0.10454341103008777,0.035222396172476994,-0.06932101485761077,35.51993817205843,7.008118799850424,within_event_leave_site_out,Henderson Island,100.0
2022,Heron Island,-23.4384,151.9182,2.1808009517332927,1,,shallow_preferred,-0.14632303888025858,2.3271239906135515,0.7140240600380077,-0.10454341103008777,0.964890509948354,0.8603470989182662,16.10863002746127,7.405061850367126,within_event_leave_site_out,Heron Island,100.0
2022,High Island,-17.1622,146.007,-2.77,1,,shallow_preferred,1.0064569955469085,-3.7764569955469085,0.018093527162851064,-0.08777667889651711,-0.9005867894875403,-0.9883634683840574,11.41944379063452,7.805413311250161,within_event_leave_site_out,High Island,100.0
2022,Hook Island,-20.1681,148.8871,0.2107336087404583,1,,shallow_preferred,-0.09695801194343986,0.30769162068389816,0.3517249762380384,-0.10454341103008777,0.553226399211566,0.4486829881814782,12.488611960182649,7.8236595551188435,within_event_leave_site_out,Hook Island,100.0
2022,Horseshoe Reef,-22.0229,152.6192,0.0112034489833148,1,,all_available,-0.1890122314335424,0.2002156804168572,-0.3568892525349871,-0.10454341103008777,-0.0633336100713569,-0.16787702110144467,5.425255719767251,7.649384900194368,within_event_leave_site_out,Horseshoe Reef,100.0
2022,Humpy Island,-23.2162,150.9638,0.279434735430043,1,,shallow_preferred,0.9948108371082701,-0.7153761016782272,1.5496107181139762,-0.08777667889651711,0.6425765599022233,0.5547998810057062,9.521104486568222,7.224991362964883,within_event_leave_site_out,Humpy Island,100.0
2022,John Brewer,-18.619,147.0811,0.4930263576224289,1,,shallow_preferred,-1.1123996646239387,1.6054260222463677,-2.868517913593651,-0.10454341103008777,-1.6515748379396247,-1.7561182489697125,21.468353402243846,7.796399331291627,within_event_leave_site_out,John Brewer,100.0
2022,Kelso Reef,-18.4448,146.9933,-1.0781514652946915,1,,shallow_preferred,-1.1611599802363857,0.08300851494169414,-2.018829591140278,-0.10454341103008777,-0.7531261998738042,-0.857669610903892,12.620223867733433,7.796719443058335,within_event_leave_site_out,Kelso Reef,100.0
2022,Knife Reef,-18.5711,147.5772,-3.2651574439186666,1,,all_available,-1.3868171393732105,-1.878340304545456,-2.2103046379148417,-0.08777667889651711,-0.7357108196451143,-0.8234874985416314,17.15573681986673,7.74322443129542,within_event_leave_site_out,Knife Reef,100.0
2022,Lady Elliot Reef,-18.6798,146.3325,3.8833344612980607,1,,shallow_preferred,0.4612371771034665,3.422097284194594,-1.7303064209752392,-0.10454341103008777,-2.087000187048618,-2.191543598078706,18.578485503433193,7.621716900745477,within_event_leave_site_out,Lady Elliot Reef,100.0
2022,Lady Musgrave,-23.8896,152.42,-0.47,1,,shallow_preferred,-0.42639748431472085,-0.04360251568527912,0.7555903719873299,-0.10454341103008777,1.2865312673321385,1.1819878563020507,57.29863113389703,7.475442340907285,within_event_leave_site_out,Lady Musgrave,100.0
2022,Lagoon Reef,-12.3923,143.74,-4.43344753368639,1,,shallow_preferred,-0.7260591125270998,-3.7073884211592905,-2.484308322448828,-0.08777667889651711,-1.670472531025211,-1.7582492099217282,118.78414575979455,3.6787906535105326,within_event_leave_site_out,Lagoon Reef,100.0
2022,Lizard Island,-14.68995,145.45430850000002,0.01200421625706849,2,5.0,shallow_preferred,0.053413549771067284,-0.041409333513998794,-0.7138924845042096,-0.10454341103008777,-0.6627626232451891,-0.7673060342752769,6.103187344284145,5.887580472415982,within_event_leave_site_out,Lizard Island,100.0
2022,Low Isles,-16.3831,145.5619,2.007534551996275,1,,shallow_preferred,1.1860095102321555,0.8215250417641196,0.9412916716541012,-0.10454341103008777,-0.1401744275479665,-0.24471783857805426,12.240133170092554,7.62193364570904,within_event_leave_site_out,Low Isles,100.0
2022,Macgillivray,-14.6485,145.4915,-3.113379619347248,1,,all_available,-0.056389037123599016,-3.0569905822236487,-0.21871391498391973,-0.08777667889651711,-0.07454819896380359,-0.16232487786032068,6.103187344284145,5.861653524655734,within_event_leave_site_out,Macgillivray,100.0
2022,Mackay Reef,-16.0399,145.6506,0.9261292605345348,1,,shallow_preferred,0.9254288796668648,0.0007003808676699919,0.5472651992521254,-0.10454341103008777,-0.27362026938465167,-0.37816368041473947,20.97621703541694,7.222099707245106,within_event_leave_site_out,Mackay Reef,100.0
2022,Manning Island,-23.854,151.3533,5.309158172425871,1,,shallow_preferred,1.5068629385057117,3.8022952339201592,2.520694330341456,-0.10454341103008777,1.1183748028658322,1.0138313918357444,10.301406151333772,7.4694365522306185,within_event_leave_site_out,Manning Island,100.0
2022,Martin,-14.7553,145.3722,1.9154301837787944,1,,all_available,0.24154164987322418,1.6738885339055702,-0.8408459519364757,-0.10454341103008777,-0.9778441907796122,-1.0823876018096998,11.435803865432767,6.063257305146296,within_event_leave_site_out,Martin,100.0
2022,Mast Head Reef,-23.5341,151.7497,0.3320649799632625,1,,all_available,0.24706812108714404,0.08499685887611846,1.576007996098905,-0.10454341103008777,1.4334832860418487,1.328939875011761,4.6449376543534555,7.534728085109604,within_event_leave_site_out,Mast Head Reef,100.0
2022,McCulloch Reef,-17.2834,146.4777,1.0634930497346478,1,,shallow_preferred,0.6485060630834513,0.4149869866511965,-0.3320596828121475,-0.10454341103008777,-0.876022334865511,-0.9805657458955988,6.665061893679919,7.725205467113887,within_event_leave_site_out,McCulloch Reef,100.0
2022,Myrmidon Reef,-18.25695,147.38115,-2.106265781265818,2,,all_available,-1.4533128355763962,-0.6529529456894216,-2.416550508631934,-0.08777667889651711,-0.8754609941590205,-0.9632376730555375,17.56223260742678,7.82352195755304,within_event_leave_site_out,Myrmidon Reef,100.0
2022,No Name,-14.6308,145.6418,-1.705695853816663,1,,shallow_preferred,-0.2715671817968895,-1.4341286720197737,-0.8262400760874427,-0.08777667889651711,-0.4668962153940361,-0.5546728942905532,16.289374149332726,5.958112008372746,within_event_leave_site_out,No Name,100.0
2022,North Direction Island,-14.7435,145.5136,0.7454363748168298,1,,shallow_preferred,0.04026012966695135,0.7051762451498784,-0.8798638551987302,-0.10454341103008777,-0.8155805738355938,-0.9201239848656816,8.724533069287578,5.972457484429459,within_event_leave_site_out,North Direction Island,100.0
2022,North Keppel Island,-23.0864,150.9052,-0.7961308644747469,1,,shallow_preferred,0.9570437618132841,-1.753174626288031,1.6219780556335928,-0.08777667889651711,0.7527109727168257,0.6649342938203087,15.627238445567361,7.1047118015348,within_event_leave_site_out,North Keppel Island,100.0
2022,Northeast Reef,-18.5718,146.4947,0.1769185098647074,1,,shallow_preferred,0.28146192089479516,-0.10454341103008777,-1.2278257799022887,-0.08777667889651711,-1.4215110219005667,-1.5092877007970837,1.341065833156318,7.681072926391749,within_event_leave_site_out,Northeast Reef,100.0
2022,Nth Barnards (Jesse Is),-17.6717,146.1747,1.273264460917427,1,,all_available,0.8305705165183349,0.44269394439909215,1.0700167831267207,-0.10454341103008777,0.3439896776384736,0.23944626660838583,28.333671520104392,7.937957515100351,within_event_leave_site_out,Nth Barnards (Jesse Is),100.0
2022,One Tree Island,-23.4833,152.0739,-0.32,4,,all_available,-0.648888646075339,0.328888646075339,0.5466560928785918,-0.10454341103008777,1.3000881499840187,1.1955447389539309,16.648108547346098,7.41066449518525,within_event_leave_site_out,One Tree Island,100.0
2022,Pandora Reef,-18.8164,146.4341,-1.3308283189703358,1,,shallow_preferred,0.8117627363744827,-2.1425910553448184,-0.20106761298850373,-0.08777667889651711,-0.9250536704664694,-1.0128303493629864,11.941546404388253,7.702627774464665,within_event_leave_site_out,Pandora Reef,100.0
2022,Peak Island,-23.3413,150.9369,0.5855679313135402,1,,shallow_preferred,1.1935695433137739,-0.6080016120002336,1.8662616756499746,-0.08777667889651711,0.7604688112327178,0.6726921323362007,12.986160728490018,7.406904344894294,within_event_leave_site_out,Peak Island,100.0
2022,Peart Reef,-17.4676,146.402,-0.8201420307894405,1,,shallow_preferred,0.635305249415784,-1.4554472802052245,0.14419393102375383,-0.08777667889651711,-0.4033346394955131,-0.49111131839203026,5.886901895802568,7.838472891485332,within_event_leave_site_out,Peart Reef,100.0
2022,Pelican Island,-23.2397,150.8742,2.87801058962431,1,,shallow_preferred,1.03000171561938,1.84800887400493,1.143095832903084,-0.10454341103008777,0.21763752831379188,0.11309411728370411,9.521104486568222,7.153258432892835,within_event_leave_site_out,Pelican Island,100.0
2022,Pelorus Island,-18.5406,146.4888,-1.0987203135328016,1,,shallow_preferred,0.26863203036065697,-1.3673523438934585,-1.0165703116320772,-0.08777667889651711,-1.197425663096217,-1.285202341992734,3.2422887630841384,7.683368126306186,within_event_leave_site_out,Pelorus Island,100.0
2022,Penrith Reef,-21.0036,149.8882,-1.4836345387472027,1,,shallow_preferred,-0.7992860691894007,-0.684348469557802,-0.841411578225969,-0.08777667889651711,0.045651169859948715,-0.04212550903656839,18.243632282729035,7.094130212132965,within_event_leave_site_out,Penrith Reef,100.0
2022,Pine Island,-20.378,148.8884,1.614351045119581,1,,shallow_preferred,0.6309985484913292,0.9833524966282519,1.0647647058072507,-0.10454341103008777,0.5383095683460093,0.4337661573159215,6.357400115253845,7.70184192799287,within_event_leave_site_out,Pine Island,100.0
2022,Pine Peak Island,-21.5145,150.2515,-0.6866243656929498,1,,shallow_preferred,-0.4918266030251803,-0.19479776266776955,-0.5380581596751621,-0.08777667889651711,0.0415451222465353,-0.046231556649981805,35.51993817205843,7.341037687422249,within_event_leave_site_out,Pine Peak Island,100.0
2022,Pompey Reef (No 1),-20.9201,150.5582,-1.631415408490577,1,,shallow_preferred,-0.8147018173640832,-0.8167135911264938,-1.4216851938846307,-0.08777667889651711,-0.5192066976240305,-0.6069833765205476,32.896988404128905,7.227375925302144,within_event_leave_site_out,Pompey Reef (No 1),100.0
2022,Rat Island,-23.767,151.3185,6.114287463581379,1,,shallow_preferred,1.6358081966191962,4.478479266962182,2.5598427741818055,-0.10454341103008777,1.0285779885926971,0.9240345775626093,10.301406151333772,7.590474812696191,within_event_leave_site_out,Rat Island,100.0
2022,Rebe Reef,-19.795,150.1499,-5.96,1,,shallow_preferred,-1.4000382823149595,-4.559961717685041,-2.6899062626865717,-0.08777667889651711,-1.202091301475095,-1.289867980371612,28.627899247066132,6.5183279649130945,within_event_leave_site_out,Rebe Reef,100.0
2022,Rib Reef,-18.473,146.8774,-3.641424667151929,1,,shallow_preferred,-0.6999941029273369,-2.941430564224592,-1.7979358210979441,-0.08777667889651711,-1.0101650392740902,-1.0979417181706073,12.620223867733433,7.8332425195538,within_event_leave_site_out,Rib Reef,100.0
2022,Sand Bank No7,-13.4363,143.9722,-4.078812431810763,1,,shallow_preferred,-1.8107640877794196,-2.2680483440313437,-3.3333572104841416,-0.08777667889651711,-1.4348164438082047,-1.5225931227047218,82.5447688071673,4.959854835000019,within_event_leave_site_out,Sand Bank No7,100.0
2022,Seaforth Island,-20.4685,149.0389,1.3896108603220183,1,,shallow_preferred,0.6374479718140058,0.7521628885080125,1.0832595539483205,-0.10454341103008777,0.5503549931644024,0.4458115821343146,17.28354301801151,7.7241657578158005,within_event_leave_site_out,Seaforth Island,100.0
2022,Shute and Tancred Islands,-20.3009,148.7983,1.2805066431930934,1,,shallow_preferred,0.322973043576776,0.9575335996163175,0.7494402585749196,-0.10454341103008777,0.5310106260282313,0.42646721499814355,5.230947964630829,7.717575159835955,within_event_leave_site_out,Shute and Tancred Islands,100.0
2022,Small Lagoon Reef,-21.8678,152.5239,-0.49,1,,shallow_preferred,-0.19293550592226574,-0.2970644940777343,-0.33417369967383453,-0.08777667889651711,-0.05346151485505166,-0.14123819375156876,13.323992323594386,7.8433120563315795,within_event_leave_site_out,Small Lagoon Reef,100.0
2022,Snake Reef,-22.0232,152.1928,0.2680475636644979,1,,shallow_preferred,-0.20897824797367945,0.47702581163817737,-0.32681292027647557,-0.10454341103008777,-0.013291261272708346,-0.11783467230279611,14.491850269937311,7.67515002790888,within_event_leave_site_out,Snake Reef,100.0
2022,Snapper Island North,-16.2924,145.4969,4.223499478603828,1,,shallow_preferred,1.23359709456745,2.989902384036378,0.5822906724711425,-0.10454341103008777,-0.5467630110662196,-0.6513064220963074,12.240133170092554,7.428993699898553,within_event_leave_site_out,Snapper Island North,100.0
2022,St Crispin Reef,-16.0733,145.8438,-0.410183903401097,1,,shallow_preferred,0.6927506075694602,-1.1029345109705573,0.31941269208259554,-0.08777667889651711,-0.28556123659034754,-0.3733379154868647,4.370937219683819,7.264095278818106,within_event_leave_site_out,St Crispin Reef,100.0
2022,Taylor Reef,-17.8121,146.5703,1.8551421834079156,1,,shallow_preferred,0.9052914385052729,0.9498507449026427,1.4134720711261306,-0.10454341103008777,0.6127240436509455,0.5081806326208577,4.786752694885461,7.72203375517437,within_event_leave_site_out,Taylor Reef,100.0
2022,Tern Reef,-20.9023,150.0264,-1.940902751155893,1,,shallow_preferred,-0.8128417477534456,-1.1280610034024474,-1.2208878179083282,-0.08777667889651711,-0.32026939125836557,-0.4080460701548827,18.243632282729035,7.036144172257424,within_event_leave_site_out,Tern Reef,100.0
2022,Thetford Reef,-16.7995,146.1951,0.6869782559540729,1,,shallow_preferred,1.1057084826940229,-0.41873022673995,-0.35342441601121877,-0.08777667889651711,-1.3713562198087246,-1.4591328987052417,19.2804492131455,7.721697315610374,within_event_leave_site_out,Thetford Reef,100.0
2022,Tryon Island,-23.2457,151.7739,0.7394298817738182,1,,shallow_preferred,-0.08366597612319776,0.823095857897016,0.94525340163732,-0.10454341103008777,1.1334627887906055,1.0289193777605177,26.003209769600254,7.5947440026899455,within_event_leave_site_out,Tryon Island,100.0
2022,Turner Cay,-21.7031,152.5605,-1.11,1,,all_available,-0.3619344696962667,-0.7480655303037334,-0.5616694301259153,-0.08777667889651711,-0.11195828153313145,-0.19973496042964856,18.699673428175867,7.944357594490115,within_event_leave_site_out,Turner Cay,100.0
2022,Tydeman Cay,-13.9715,144.5017,-3.554377203886662,1,,shallow_preferred,-1.2933131225805334,-2.2610640813061282,-2.19427124045335,-0.08777667889651711,-0.8131814389762998,-0.9009581178728169,82.5447688071673,6.869285048065768,within_event_leave_site_out,Tydeman Cay,100.0
2022,Warraber Island,-10.2007,142.8189,-3.827378726930228,1,,all_available,0.3265248332861312,-4.153903560216359,-1.7434254543628436,-0.08777667889651711,-1.9821736087524577,-2.069950287648975,44.693385849190435,2.2183776184940296,within_event_leave_site_out,Warraber Island,100.0
2022,Woiz Reef,-10.1744,143.2264,-0.5409761267719593,1,,shallow_preferred,0.3316417653307589,-0.8726178921027181,-3.249302441635851,-0.08777667889651711,-3.493167528070093,-3.58094420696661,40.642679498549576,2.2341764212836757,within_event_leave_site_out,Woiz Reef,100.0
2024,19-131 Reef,-19.7641,149.3786,-0.6744511753434193,1,,shallow_preferred,-0.2199756345381037,-0.45447554080531555,-2.317840013212586,-0.8049137769345692,-1.2929506017399128,-2.097864378674482,6.067198349540016,7.394788953308517,within_event_leave_site_out,19-131 Reef,100.0
2024,19-138 Reef,-19.8024,149.4199,-1.0230412376642537,1,,shallow_preferred,-0.23084415851365356,-0.7921970791506001,-2.304431193612136,-0.7826730319987272,-1.2909140030997555,-2.0735870350984826,6.067198349540016,7.401972723851175,within_event_leave_site_out,19-138 Reef,100.0
2024,19-159 Reef,-19.6661,149.9146,-7.65684152839136,1,,shallow_preferred,-1.0687686329645774,-6.588072895426783,-3.257123233407759,-0.7699563342147581,-1.4183982662284236,-2.1883546004431818,28.49526327239457,6.800015265414817,within_event_leave_site_out,19-159 Reef,100.0
2024,21-062 Reef,-21.0266,150.8538,-1.9333814204583104,1,,all_available,-0.7830959794973608,-1.1502854409609498,-2.451535963081227,-0.7699563342147581,-0.8984836493691081,-1.6684399835838661,79.30429201646247,7.456640372964585,within_event_leave_site_out,21-062 Reef,100.0
2024,21-139 Reef,-21.4552,151.4654,0.0726746718180955,1,,shallow_preferred,-0.33172679291490914,0.40440146473300465,-2.3148945547451145,-0.8049137769345692,-1.178253984895636,-1.983167761830205,18.982969178608094,6.877600066201537,within_event_leave_site_out,21-139 Reef,100.0
2024,21-187 Reef,-21.4072,151.6414,-0.4103944612504753,1,,shallow_preferred,-0.2871273997538465,-0.1232670614966288,-2.2483681676879925,-0.8049137769345692,-1.1563269909995768,-1.9612407679341461,18.982969178608094,7.18290092498134,within_event_leave_site_out,21-187 Reef,100.0
2024,21-296 Reef,-21.3283,152.5656,-4.404290636113286,1,,all_available,-0.29203383944205463,-4.112256796671232,-2.189403090776965,-0.7699563342147581,-1.1274129171201521,-1.89736925133491,16.101130827301812,7.440885444508789,within_event_leave_site_out,21-296 Reef,100.0
2024,21-550 Reef,-21.9471,152.3069,-6.265088692108982,1,,shallow_preferred,-0.09617654100881787,-6.168912151100164,-1.5293734173303888,-0.7699563342147581,-0.6632405421068128,-1.433196876321571,14.491850269937311,7.579010571832866,within_event_leave_site_out,21-550 Reef,100.0
2024,Agincourt Reef Number 1,-16.0398,145.8652,-4.012516339372439,1,,shallow_preferred,0.6065063666371943,-4.619022706009633,1.593641694385691,-0.7699563342147581,1.7570916619632548,0.9871353277484968,4.370937219683819,6.715825765798006,within_event_leave_site_out,Agincourt Reef Number 1,100.0
2024,Aquila Island,-21.9611,149.5816,0.4390047486318469,1,,shallow_preferred,-0.012076786184090112,0.45108153481593705,-1.182007915076179,-0.8049137769345692,-0.3650173519575197,-1.169931128892089,62.816418969324054,6.536519911083221,within_event_leave_site_out,Aquila Island,100.0
2024,Barren Island,-23.1578,151.0707,0.3196292238013338,1,,all_available,0.8852425285998862,-0.5656133047985523,0.7266048467555081,-0.8049137769345692,0.6462760950901911,-0.1586376818443781,12.710620140085936,7.307839787177082,within_event_leave_site_out,Barren Island,100.0
2024,Bedarra Island,-18.0094,146.148,1.1625144023774636,1,,shallow_preferred,1.2561375583048071,-0.0936231559273435,-0.6420086878114298,-0.8049137769345692,-1.0932324691816677,-1.8981462461162368,9.242496316970788,7.650095338639825,within_event_leave_site_out,Bedarra Island,100.0
2024,Cattle Bay,-18.5691,146.4823,-0.7300712136667187,1,,shallow_preferred,0.3284878005431525,-1.0585590142098713,-1.212892002950731,-0.7699563342147581,-0.7714234692791255,-1.5413798034938835,1.341065833156318,7.66436920142508,within_event_leave_site_out,Cattle Bay,100.0
2024,Chicken Reef,-18.6543,147.7143,-2.184520626102456,1,,shallow_preferred,-1.2475123527988714,-0.9370082733035847,-2.872026570826574,-0.7699563342147581,-0.8545578838129443,-1.6245142180277024,17.15573681986673,7.326706847526378,within_event_leave_site_out,Chicken Reef,100.0
2024,Chinaman Reef,-21.9973,152.664,-0.5064200122349298,1,,shallow_preferred,-0.10724992365037182,-0.399170088584558,-2.3105786631262433,-0.8049137769345692,-1.3984149625413023,-2.2033287394758716,5.64402331010218,7.336787554510668,within_event_leave_site_out,Chinaman Reef,100.0
2024,Davies Reef,-18.8065,147.6688,-4.23,1,,shallow_preferred,-1.134304886508141,-3.0956951134918596,-2.303389972092717,-0.7699563342147581,-0.399128751369818,-1.169085085584576,17.589084506166472,7.43274617906609,within_event_leave_site_out,Davies Reef,100.0
2024,Daydream Island,-20.2557,148.8122,0.6784482753618271,1,,shallow_preferred,0.5034443644884786,0.17500391087334843,0.5072846150843159,-0.8049137769345692,0.8087540275304065,0.003840250595837258,5.230947964630829,7.741895086892343,within_event_leave_site_out,Daydream Island,100.0
2024,Dent Island,-20.345,148.9382,2.566522705175249,1,,shallow_preferred,0.8283682521757456,1.7381544529995032,0.6296043437645354,-0.8049137769345692,0.6061498685233591,-0.19876390841121017,6.357400115253845,7.750127579347544,within_event_leave_site_out,Dent Island,100.0
2024,Double Cone,-20.1046,148.7218,1.2275266028900518,1,,shallow_preferred,0.20571258172541215,1.0218140211646396,-0.007259961310439489,-0.8049137769345692,0.5919412338987176,-0.21297254303585167,18.64569681400093,7.76336954075846,within_event_leave_site_out,Double Cone,100.0
2024,Dunk Island,-17.9263,146.1461,1.9648675111953395,1,,shallow_preferred,1.2402114689139059,0.7246560422814337,-1.130097197358051,-0.8049137769345692,-1.5653948893373877,-2.370308666271957,9.242496316970788,7.615861543034877,within_event_leave_site_out,Dunk Island,100.0
2024,East Cay,-21.4731,152.5661,-2.711257994167201,1,,shallow_preferred,-0.28035021453615777,-2.430907779631043,-2.4834508870564687,-0.7699563342147581,-1.433144338305553,-2.203100672520311,16.101130827301812,7.558986584353206,within_event_leave_site_out,East Cay,100.0
2024,Erskine Island,-23.4993,151.7749,-0.1237739004500273,1,,shallow_preferred,0.45429110445222054,-0.5780650049022479,-0.03694672640557439,-0.8049137769345692,0.3136759460767743,-0.49123783085779493,4.6449376543534555,7.57905868390454,within_event_leave_site_out,Erskine Island,100.0
2024,Farquharson Reef,-17.79,146.5315,-0.4620728254939896,1,,shallow_preferred,1.2567403550643663,-1.718813180558356,-0.8201996231363008,-0.7699563342147581,-1.306983643985909,-2.076939978200667,4.786752694885461,7.588303213084719,within_event_leave_site_out,Farquharson Reef,100.0
2024,Feather Reef,-17.519,146.3887,-0.1261575783816608,1,,shallow_preferred,0.8780257599351909,-1.0041833383168517,-0.9590613469437652,-0.7699563342147581,-1.067130772664198,-1.8370871068789563,6.034190045094119,7.759701463229823,within_event_leave_site_out,Feather Reef,100.0
2024,Fitzroy Island,-16.9233,145.9963,2.4398755607444453,1,,shallow_preferred,0.771884441627442,1.6679911191170034,0.3035951551187032,-0.8049137769345692,0.3366244904258305,-0.46828928650873874,25.23976149187972,7.479284794173176,within_event_leave_site_out,Fitzroy Island,100.0
2024,Frankland Islands,-17.227,146.0904,-4.0774689296026985,1,,shallow_preferred,0.48038258541802603,-4.557851515020724,-0.15227996996509982,-0.7699563342147581,0.1372937788316322,-0.6326625553831259,11.41944379063452,7.672178333896533,within_event_leave_site_out,Frankland Islands,100.0
2024,Gannet Cay Reef,-21.9784,152.4742,-1.6855877548702187,1,,shallow_preferred,-0.10470772057760955,-1.5808800342926093,-2.2216136020971855,-0.7699563342147581,-1.3469495473048179,-2.116905881519576,15.485499777971011,7.487031359600974,within_event_leave_site_out,Gannet Cay Reef,100.0
2024,Geoffrey Bay,-19.1548,146.8685,3.1578664283643807,1,,shallow_preferred,1.019209651161937,2.138656777202444,0.06439770945482934,-0.8049137769345692,-0.1498981647725385,-0.9548119417071077,48.39896797890436,7.9128295227943255,within_event_leave_site_out,Geoffrey Bay,100.0
2024,Havannah Island,-18.8472,146.5428,-2.0044825113156497,1,,shallow_preferred,0.8795130320907698,-2.8839955434064195,0.05820523092374635,-0.7699563342147581,-0.0513514669522654,-0.8213078011670235,11.941546404388253,7.8225673623736185,within_event_leave_site_out,Havannah Island,100.0
2024,Hayman Island,-20.0572,148.8997,-1.6394145048062023,1,,all_available,0.1532528756886786,-1.792667380494881,0.3024363413701111,-0.7699563342147581,0.9191397998961905,0.14918346568143248,12.401515782198352,7.8494647773996835,within_event_leave_site_out,Hayman Island,100.0
2024,Helix Reef,-18.6203,147.2958,-2.0171620859266275,1,,shallow_preferred,-1.1995316112080892,-0.8176304747185383,-2.606897078187885,-0.7699563342147581,-0.6374091327650381,-1.4073654669797961,22.624476091743695,7.858992907338328,within_event_leave_site_out,Helix Reef,100.0
2024,Henderson Island,-21.4854,149.9096,1.126334270875045,1,,shallow_preferred,-0.3715750325939067,1.4979093034689517,-2.134314002695718,-0.8049137769345692,-0.9578251931672422,-1.7627389701018115,35.51993817205843,6.685189439336297,within_event_leave_site_out,Henderson Island,100.0
2024,Heron Island,-23.4384,151.9182,-0.181553811969767,1,,shallow_preferred,0.3907313134816485,-0.5722851254514155,-0.2226101014681483,-0.8049137769345692,0.1915723619847724,-0.6133414149497969,16.10863002746127,7.494326823027886,within_event_leave_site_out,Heron Island,100.0
2024,High Island,-17.1622,146.007,1.535772150210808,1,,shallow_preferred,0.6032889606301584,0.9324831895806496,-0.9286384080486783,-0.8049137769345692,-0.7270135917442674,-1.5319273686788366,11.41944379063452,7.520671829215029,within_event_leave_site_out,High Island,100.0
2024,Hook Island,-20.1681,148.8871,-3.042549039341085,1,,all_available,0.19167382988072507,-3.23422286922181,0.6021112480340467,-0.7699563342147581,1.1803937523680796,0.4104374181533216,12.401515782198352,7.819974678943445,within_event_leave_site_out,Hook Island,100.0
2024,Horseshoe Reef,-22.0227,152.6166,-0.1809719599408747,1,,shallow_preferred,-0.10498900496413419,-0.07598295497674051,-2.371345207374025,-0.8049137769345692,-1.4614424254753215,-2.2663562024098907,5.64402331010218,7.320140754354966,within_event_leave_site_out,Horseshoe Reef,100.0
2024,Humpy Island,-23.2162,150.9638,0.6080076396220804,1,,shallow_preferred,1.1065230958295686,-0.4985154562074883,0.9753858947885892,-0.8049137769345692,0.6737765758935897,-0.13113720104097948,9.521104486568222,7.101505837119047,within_event_leave_site_out,Humpy Island,100.0
2024,John Brewer,-18.619,147.0811,-2.873303413257616,1,,shallow_preferred,-0.9980083753826814,-1.8752950378749347,-2.7483258439590887,-0.7699563342147581,-0.9803611343616491,-1.7503174685764071,21.468353402243846,7.75764690462791,within_event_leave_site_out,John Brewer,100.0
2024,Kelso Reef,-18.4448,146.9933,-3.000988014471895,1,,shallow_preferred,-1.0350896474511926,-1.9658983670207022,-2.565916463563382,-0.7699563342147581,-0.7608704818974312,-1.5308268161121892,12.620223867733433,7.757606371291566,within_event_leave_site_out,Kelso Reef,100.0
2024,Knife Reef,-18.5711,147.5772,-4.760525391713829,1,,all_available,-1.2789242769976934,-3.4816011147161356,-2.386700310457905,-0.7699563342147581,-0.3378196992454534,-1.1077760334602114,17.15573681986673,7.569672007478895,within_event_leave_site_out,Knife Reef,100.0
2024,Lady Elliot Reef,-18.6798,146.3325,2.6642012664764696,1,,shallow_preferred,0.5014769949088376,2.1627242715676323,-1.3231263658878083,-0.8049137769345692,-1.0196895838620768,-1.824603360796646,18.578485503433193,7.621716900745477,within_event_leave_site_out,Lady Elliot Reef,100.0
2024,Lady Musgrave,-23.8896,152.42,-1.9318759413607989,1,,shallow_preferred,-0.1121071157872336,-1.8197688255735653,-0.526229461950079,-0.7699563342147581,0.3558339880519127,-0.4141223461628454,57.29863113389703,7.747282511272319,within_event_leave_site_out,Lady Musgrave,100.0
2024,Lagoon Reef,-12.3926,143.7398,-3.979975825951212,1,,all_available,-0.7471517898757943,-3.2328240360754177,-4.216648245212253,-0.7699563342147581,-2.699540121121701,-3.469496455336459,118.75613707833729,1.0,within_event_leave_site_out,Lagoon Reef,100.0
2024,Lizard Island,-14.68995,145.45430850000002,0.9437563272144394,2,5.0,shallow_preferred,-0.3861152363078476,1.3298715635222869,0.754589590452204,-0.8049137769345692,1.9456186036946208,1.1407048267600515,6.103187344284145,6.30684266512942,within_event_leave_site_out,Lizard Island,100.0
2024,Low Isles,-16.3831,145.5619,3.234717160448197,1,,shallow_preferred,1.057296637133733,2.177420523314464,1.5859936155339032,-0.8049137769345692,1.3336107553347394,0.5286969784001702,12.240133170092554,7.299336619004046,within_event_leave_site_out,Low Isles,100.0
2024,Macgillivray,-14.6485,145.4915,0.3334817723541992,1,,all_available,-0.4973843823492942,0.8308661547034935,0.648773759419083,-0.8049137769345692,1.9510719187029464,1.1461581417683773,6.103187344284145,6.273152212779366,within_event_leave_site_out,Macgillivray,100.0
2024,Mackay Reef,-16.0399,145.6506,2.986583602448798,1,,shallow_preferred,0.8397603919721842,2.146823210476614,0.8487770114988868,-0.8049137769345692,0.8139303964612719,0.00901661952670263,20.97621703541694,6.745211726663721,within_event_leave_site_out,Mackay Reef,100.0
2024,Manning Island,-23.854,151.3533,0.8688011005989598,1,,shallow_preferred,1.872040112140924,-1.0032390115419643,2.296925740371054,-0.7699563342147581,1.1948419624448878,0.42488562823012976,10.301406151333772,7.3658748401652225,within_event_leave_site_out,Manning Island,100.0
2024,Martin,-14.7553,145.3722,3.8351490990065393,1,,all_available,-0.19492690768504325,4.030076006691583,0.47088152189117316,-0.8049137769345692,1.4707222065107857,0.6658084295762164,11.435803865432767,6.437441221095941,within_event_leave_site_out,Martin,100.0
2024,Mast Head Reef,-23.5341,151.7497,0.0469545366380899,1,,all_available,0.7946701259170059,-0.747715589278916,0.37472966830102256,-0.8049137769345692,0.38497331931858586,-0.41994045761598336,4.6449376543534555,7.640198120696095,within_event_leave_site_out,Mast Head Reef,100.0
2024,Myrmidon Reef,-18.2585,147.3814,-1.772714135542496,1,,shallow_preferred,-1.3076828177350241,-0.46503131780747187,-3.0238480253731375,-0.8049137769345692,-0.911251430703544,-1.716165207638113,40.43445215991432,7.801324265077576,within_event_leave_site_out,Myrmidon Reef,100.0
2024,No Name,-14.6308,145.6418,-3.1206719496112054,1,,shallow_preferred,-0.6698322267487357,-2.4508397228624696,0.8784832528224944,-0.7699563342147581,2.318271813785988,1.54831547957123,7.0475439096602095,6.314620250877096,within_event_leave_site_out,No Name,100.0
2024,North Direction Island,-14.7435,145.5136,5.383649436141575,1,,shallow_preferred,-0.3958737924735789,5.7795232286151546,-0.13192349518761626,-0.8049137769345692,1.068864074220532,0.26395029728596275,8.724533069287578,6.419603573407939,within_event_leave_site_out,North Direction Island,100.0
2024,North Keppel Island,-23.0864,150.9052,1.0622295146220626,1,,shallow_preferred,1.0496625028016577,0.012567011820404872,0.801950075691309,-0.8049137769345692,0.5572013498242205,-0.2477124271103487,15.627238445567361,6.923130287389496,within_event_leave_site_out,North Keppel Island,100.0
2024,Northeast Reef,-18.5718,146.4947,0.4083809324888072,1,,shallow_preferred,0.32632163814990867,0.08205929433889853,-1.4044691326253724,-0.8049137769345692,-0.9258769938407119,-1.7307907707752812,1.341065833156318,7.681072926391746,within_event_leave_site_out,Northeast Reef,100.0
2024,Nth Barnards (Jesse Is),-17.6717,146.1747,-2.745176977858989,1,,all_available,1.2306641403167455,-3.975841118175735,-0.010540014389266827,-0.7699563342147581,-0.4712478204912543,-1.2412041547060124,28.333671520104392,7.9228726157227,within_event_leave_site_out,Nth Barnards (Jesse Is),100.0
2024,One Tree Island,-23.4833,152.0739,-1.8831180838731818,4,,all_available,-0.127699757693873,-1.7554183261793088,-0.5748960757744097,-0.7699563342147581,0.3227600161342214,-0.44719631808053667,16.648108547346098,7.545882617434262,within_event_leave_site_out,One Tree Island,100.0
2024,Pandora Reef,-18.8164,146.4341,-1.2492841044856169,1,,shallow_preferred,0.8485993348048686,-2.0978834392904853,-0.09870894854128273,-0.7699563342147581,-0.17735194913139327,-0.9473082833461514,11.941546404388253,7.702627774464665,within_event_leave_site_out,Pandora Reef,100.0
2024,Peart Reef,-17.4665,146.4031,-2.1103074542540026,1,,all_available,0.857894711408009,-2.9682021656620114,-0.6471409797126587,-0.7699563342147581,-0.7350793569059096,-1.5050356911206677,6.034190045094119,7.737486938014876,within_event_leave_site_out,Peart Reef,100.0
2024,Pelican Island,-23.2397,150.8742,1.3336012499129186,1,,shallow_preferred,1.1476425279132618,0.1859587219996568,0.9050218462274906,-0.8049137769345692,0.562293095248798,-0.24262068168577122,9.521104486568222,7.03257884169924,within_event_leave_site_out,Pelican Island,100.0
2024,Pelorus Island,-18.5406,146.4888,-4.99468701852191,1,,shallow_preferred,0.3199774234697931,-5.314664441991703,-0.5386802470313371,-0.7699563342147581,-0.08870133628637211,-0.8586576705011302,3.2422887630841384,7.683368126306183,within_event_leave_site_out,Pelorus Island,100.0
2024,Penrith Reef,-21.0036,149.8882,-8.25,1,,shallow_preferred,-0.7185828608428435,-7.531417139157156,-1.070756152715128,-0.7699563342147581,0.41778304234247343,-0.35217329187228463,18.243632282729035,6.892857584924876,within_event_leave_site_out,Penrith Reef,100.0
2024,Pine Island,-20.378,148.8884,2.039983382562866,1,,shallow_preferred,0.843724304555686,1.1962590780071802,0.7531432427024384,-0.8049137769345692,0.7143327150813216,-0.09058106185324766,6.357400115253845,7.708705565091556,within_event_leave_site_out,Pine Island,100.0
2024,Pine Peak Island,-21.5145,150.2515,-0.7875008679016648,1,,shallow_preferred,-0.44195692212631565,-0.3455439457753492,-1.7923475982867023,-0.8049137769345692,-0.5454768992258174,-1.3503906761603868,35.51993817205843,6.95404859983997,within_event_leave_site_out,Pine Peak Island,100.0
2024,Rat Island,-23.767,151.3185,5.273399331924637,1,,shallow_preferred,1.856217213593851,3.4171821183307856,1.6285564309758007,-0.8049137769345692,0.5772529943165188,-0.22766078261805045,10.301406151333772,7.55059830114729,within_event_leave_site_out,Rat Island,100.0
2024,Rebe Reef,-19.795,150.1499,-8.971298792288794,1,,shallow_preferred,-1.3383016807902965,-7.632997111498497,-4.5093285832752255,-0.7699563342147581,-2.401070568270171,-3.1710269024849294,28.49526327239457,6.666942987301725,within_event_leave_site_out,Rebe Reef,100.0
2024,Rib Reef,-18.473,146.8774,-0.7957262887094778,1,,shallow_preferred,-0.544507278194678,-0.2512190105147998,-2.3533718439613383,-0.8049137769345692,-1.003950788832091,-1.8088645657666604,12.620223867733433,7.833384988018727,within_event_leave_site_out,Rib Reef,100.0
2024,Sand Bank No7,-13.4363,143.9722,-6.256932822483051,1,,shallow_preferred,-1.6462676789068547,-4.610665143576197,-1.8716192888661234,-0.7699563342147581,0.5446047242554896,-0.2253516099592685,118.75613707833729,5.743433841675216,within_event_leave_site_out,Sand Bank No7,100.0
2024,Seaforth Island,-20.4685,149.0389,1.0099774032713746,1,,all_available,0.8334908002145528,0.17648660305682184,0.8813512777485267,-0.8049137769345692,0.8527742544685432,0.04786047753397393,17.28354301801151,7.738367289130603,within_event_leave_site_out,Seaforth Island,100.0
2024,Seal Rocks North,-23.9583,151.4849,3.263794696516893,1,,shallow_preferred,1.536044174196431,1.727750522320462,1.1457478018283553,-0.8049137769345692,0.41461740456649354,-0.3902963723680757,17.70517680874414,7.454048334374865,within_event_leave_site_out,Seal Rocks North,100.0
2024,Shute and Tancred Islands,-20.3009,148.7983,1.6179930495016066,1,,shallow_preferred,0.530714669313443,1.0872783801881636,0.43348151101156185,-0.8049137769345692,0.707680618632688,-0.09723315830188117,5.230947964630829,7.719066377433769,within_event_leave_site_out,Shute and Tancred Islands,100.0
2024,Snake Reef,-22.0232,152.1928,-1.1544690991552988,1,,shallow_preferred,-0.08875102258845104,-1.0657180765668477,-2.409742558739864,-0.7699563342147581,-1.5510352019366551,-2.3209915361514133,14.491850269937311,7.539662943449353,within_event_leave_site_out,Snake Reef,100.0
2024,Snapper Island North,-16.2924,145.4969,7.4435563247489664,1,,shallow_preferred,1.1034622375667793,6.340094087182187,0.805762471682951,-0.8049137769345692,0.5072140110507409,-0.2976997658838283,12.240133170092554,7.055807541584605,within_event_leave_site_out,Snapper Island North,100.0
2024,St Crispin Reef,-16.0733,145.8438,-2.0280244486688037,1,,shallow_preferred,0.6442062269486643,-2.672230675617468,1.239730290319272,-0.7699563342147581,1.3654803975853658,0.5955240633706077,4.370937219683819,6.76914036298914,within_event_leave_site_out,St Crispin Reef,100.0
2024,Taylor Reef,-17.8121,146.5703,-0.1915376615305835,1,,shallow_preferred,1.255353801247093,-1.4468914627776766,-0.49983026223771454,-0.7699563342147581,-0.9852277292700495,-1.7551840634848075,4.786752694885461,7.580688057091484,within_event_leave_site_out,Taylor Reef,100.0
2024,Tern Reef,-20.9023,150.0264,-3.845918940878663,1,,shallow_preferred,-0.7560593816944552,-3.089859559184208,-2.9925942199746585,-0.7699563342147581,-1.4665785040654449,-2.236534838280203,18.243632282729035,6.832003265856273,within_event_leave_site_out,Tern Reef,100.0
2024,Thetford Reef,-16.7995,146.1951,1.199482382797532,1,,shallow_preferred,0.7762576090785911,0.42322477371894096,-0.3436899968424659,-0.8049137769345692,-0.31503382898648774,-1.119947605921057,25.23976149187972,7.546351444444911,within_event_leave_site_out,Thetford Reef,100.0
2024,Tryon Island,-23.2457,151.7739,-1.813614176405533,1,,shallow_preferred,0.45979573243338795,-2.273409908838921,0.053281301852790675,-0.7699563342147581,0.3634419036341608,-0.4065144305805973,26.003209769600254,7.594744002689942,within_event_leave_site_out,Tryon Island,100.0
2024,Turner Cay,-21.7031,152.5605,-2.5344971807506527,1,,all_available,-0.23645921058149186,-2.298037970169161,-2.3225723793149227,-0.7699563342147581,-1.3161568345186725,-2.0861131687334304,25.58142199166528,7.7438408938118775,within_event_leave_site_out,Turner Cay,100.0
2024,Willis Island,-16.2897,149.9649,-13.17,1,,shallow_preferred,-1.8338131610881585,-11.336186838911841,-2.6037694953029167,-0.7699563342147581,0.0,-0.7699563342147581,350.9479252294557,0.0,within_event_leave_site_out,Willis Island,100.0
2024,Yonge Reef,-14.5731,145.6147,-1.8594030718308463,1,,shallow_preferred,-0.686501575818465,-1.1729014960123814,0.608028008840759,-0.7699563342147581,2.064485918873982,1.294529584659224,7.0475439096602095,6.2413139032241665,within_event_leave_site_out,Yonge Reef,100.0
2016,19-131 Reef,-19.7641,149.3786,2.4881428483989625,1,,shallow_preferred,-0.7990505198481755,3.287193368247138,-0.7156638530992746,0.1677746491904789,-0.08438798244157794,0.08338666674890097,6.067198349540016,7.899944317252321,within_event_leave_site_out,19-131 Reef,200.0
2016,19-138 Reef,-19.8024,149.4199,1.615120950831018,1,,shallow_preferred,-0.8026973594001423,2.4178183102311603,-0.7631163679261519,0.1677746491904789,-0.12819365771648844,0.03958099147399047,6.067198349540016,7.901848243918127,within_event_leave_site_out,19-138 Reef,200.0
2016,19-159 Reef,-19.6661,149.9146,-3.01,1,,shallow_preferred,-1.5765769801313543,-1.4334230198686455,-1.1712483758915178,0.20510111350070148,0.2002274907391351,0.4053286042398366,19.65108297418923,7.748136980299181,within_event_leave_site_out,19-159 Reef,200.0
2016,20-104 Reef,-20.0286,149.6933,1.2862792410082275,1,,shallow_preferred,-1.1331503590577365,2.419429600065964,-1.0630164571777558,0.1677746491904789,-0.09764074731049824,0.07013390187998067,38.07368864716964,7.944696946698453,within_event_leave_site_out,20-104 Reef,200.0
2016,21-062 Reef,-21.028,150.8534,-0.47,1,,shallow_preferred,-0.9946364944651971,0.5246364944651971,-1.4736841450996603,0.1677746491904789,-0.6468222998249421,-0.4790476506344632,32.91453672542603,7.672844606188573,within_event_leave_site_out,21-062 Reef,200.0
2016,21-139 Reef,-21.4552,151.4654,-0.64,1,,shallow_preferred,-0.4765159319822216,-0.16348406801777843,-0.11265213810097682,0.20510111350070148,0.15876268038054328,0.3638637938812448,18.982969178608094,7.773220915725909,within_event_leave_site_out,21-139 Reef,200.0
2016,21-187 Reef,-21.4072,151.6414,-0.31,1,,shallow_preferred,-0.4777746491904789,0.1677746491904789,-0.14709117026964993,0.20510111350070148,0.1255823654201275,0.33068347892082894,18.982969178608094,7.83554339960367,within_event_leave_site_out,21-187 Reef,200.0
2016,21-245 Reef,-21.298,152.4425,0.0,1,,shallow_preferred,-0.49890184889079553,0.49890184889079553,-0.31390268610034544,0.1677746491904789,0.01722451359997116,0.18499916279045006,23.268013681658886,7.912075879950055,within_event_leave_site_out,21-245 Reef,200.0
2016,21-550 Reef,-21.9471,152.3069,0.0921533394028272,1,,shallow_preferred,-0.24017525933999867,0.3323285987428259,-0.006280303823606753,0.1677746491904789,0.06612030632591301,0.23389495551639192,14.491850269937311,7.932908229292211,within_event_leave_site_out,21-550 Reef,200.0
2016,21-591 Reef,-21.0266,150.3807,-1.14,1,,all_available,-0.9912377293789366,-0.1487622706210633,-1.075403781807557,0.20510111350070148,-0.28926716592932195,-0.08416605242862046,21.906281638612597,7.586009197521019,within_event_leave_site_out,21-591 Reef,200.0
2016,Agincourt Reef Number 1,-16.0398,145.8652,0.6706690019749448,1,,shallow_preferred,0.5469769642307805,0.12369203774416437,1.9606592360329196,0.20510111350070148,1.2085811583014376,1.4136822718021391,4.370937219683819,7.897415802648647,within_event_leave_site_out,Agincourt Reef Number 1,200.0
2016,Arlington Reef,-16.6891,146.0871,1.8697210938847693,1,,shallow_preferred,0.6345015418719638,1.2352195520128055,0.8336100877369954,0.1677746491904789,0.031333896674552615,0.19910854586503152,14.887593686334844,7.933686055705339,within_event_leave_site_out,Arlington Reef,200.0
2016,Barren Island,-23.1578,151.0707,0.3594048150164696,1,,all_available,0.9333613186810477,-0.5739565036645781,0.5717965258415229,0.20510111350070148,-0.5666659063402263,-0.3615647928395248,12.710620140085936,7.761086521169139,within_event_leave_site_out,Barren Island,200.0
2016,Border Island,-20.171,149.0319,-1.1542022049138567,1,,shallow_preferred,0.11748692507145277,-1.2716891299853095,1.5425141508129347,0.20510111350070148,1.2199261122407805,1.425027225741482,17.93469996869272,7.994583811755197,within_event_leave_site_out,Border Island,200.0
2016,Boult Reef,-23.747,152.2725,-0.15,1,,shallow_preferred,-0.645203382079785,0.495203382079785,-0.8062840993078397,0.1677746491904789,-0.3288553664185337,-0.16108071722805478,21.8744723084485,7.6037664146872235,within_event_leave_site_out,Boult Reef,200.0
2016,Cattle Bay,-18.5691,146.4823,-0.6118180509479609,1,,shallow_preferred,-0.022380331701137936,-0.589437719246823,1.0857195845892686,0.20510111350070148,0.9029988027897051,1.1080999162904066,3.2422887630841384,7.845238852683792,within_event_leave_site_out,Cattle Bay,200.0
2016,Centipede Reef,-18.7324,147.554,-1.864780516451196,1,,all_available,-1.4174007521131196,-0.44737976433807636,-0.0868476336375561,0.20510111350070148,1.125452004974862,1.3305531184755635,14.627720356614352,7.881620173007046,within_event_leave_site_out,Centipede Reef,200.0
2016,Chicken Reef,-18.6534,147.7199,-1.9926378104458151,1,,shallow_preferred,-1.5839456330277688,-0.4086921774180463,-0.3507996362889989,0.20510111350070148,1.0280448832380684,1.23314599673877,17.603372373092718,7.817134328050918,within_event_leave_site_out,Chicken Reef,200.0
2016,Chinaman Reef,-21.9973,152.664,-0.0185903126361312,1,,shallow_preferred,-0.22369142613683268,0.20510111350070148,0.008018251768973847,0.1677746491904789,0.06393502871532762,0.23170967790580654,5.64402331010218,7.903173771011348,within_event_leave_site_out,Chinaman Reef,200.0
2016,Davies Reef,-18.8065,147.6688,-1.1285137776708165,1,,shallow_preferred,-1.4526495325468203,0.32413575487600377,-0.229625554532342,0.1677746491904789,1.0552493288239992,1.2230239780144783,14.627720356614352,7.846354645701249,within_event_leave_site_out,Davies Reef,200.0
2016,Daydream Island,-20.2557,148.8122,2.6965346641335963,1,,shallow_preferred,0.2307178430225779,2.4658168211110185,1.259896893868301,0.1677746491904789,0.8614044016552443,1.0291790508457233,5.230947964630829,7.9879976343822525,within_event_leave_site_out,Daydream Island,200.0
2016,Dent Island,-20.345,148.9382,2.8108011389618843,1,,shallow_preferred,0.5676358452578679,2.2431652937040165,1.6255427034381058,0.1677746491904789,0.8901322089897589,1.0579068581802378,6.357400115253845,7.9822646446827195,within_event_leave_site_out,Dent Island,200.0
2016,Dip Reef,-18.3999,147.4519,-4.222305870596005,1,,all_available,-1.5987032448389535,-2.623602625757051,-1.2881059019995895,0.20510111350070148,0.10549622933866247,0.31059734283936397,23.17322158319731,7.908630595747813,within_event_leave_site_out,Dip Reef,200.0
2016,Double Cone,-20.1046,148.7218,0.4252579264263967,1,,shallow_preferred,-0.05754791657946831,0.48280584300586504,1.1593690667970227,0.1677746491904789,1.049142334186012,1.2169169833764908,17.124731350163934,7.97568653161134,within_event_leave_site_out,Double Cone,200.0
2016,Dunk Island,-17.9263,146.1461,-1.417138406452865,1,,shallow_preferred,0.853098406462349,-2.270236812915214,0.5665273629284086,0.20510111350070148,-0.49167215703464195,-0.2865710435339405,43.51444028061641,7.955658600510616,within_event_leave_site_out,Dunk Island,200.0
2016,East Cay,-21.4727,152.5662,0.0,1,,shallow_preferred,-0.4941233869709143,0.4941233869709143,-0.26693297676513295,0.1677746491904789,0.059415761015302444,0.22719041020578135,23.268013681658886,7.943102598846797,within_event_leave_site_out,East Cay,200.0
2016,Erskine Island,-23.498800000000003,151.7748,0.0,2,6.25,shallow_preferred,0.09887769231448477,-0.09887769231448477,-0.03382548980514971,0.20510111350070148,-0.337804295620336,-0.1327031821196345,4.685781715535059,7.821599849080886,within_event_leave_site_out,Erskine Island,200.0
2016,Farquharson Reef,-17.79,146.5315,2.174716284413961,1,,shallow_preferred,0.9538066915102512,1.2209095929037097,0.2791654947743537,0.1677746491904789,-0.8424158459263765,-0.6746411967358976,4.786752694885461,7.881073870873157,within_event_leave_site_out,Farquharson Reef,200.0
2016,Feather Reef,-17.51845,146.3896,-0.4887138188329878,2,1.1,shallow_preferred,0.5817764143820108,-1.0704902332149986,0.13008758044643698,0.20510111350070148,-0.6567899474362753,-0.4516888339355738,5.878119787678927,7.953884657030427,within_event_leave_site_out,Feather Reef,200.0
2016,Frankland Islands,-17.227,146.0904,-0.6161032549995185,1,,shallow_preferred,0.3638488173976113,-0.9799520723971298,0.006643712936762691,0.20510111350070148,-0.5623062179615501,-0.35720510446084863,11.41944379063452,7.96998610921827,within_event_leave_site_out,Frankland Islands,200.0
2016,Gannet Cay Reef,-21.9784,152.4742,-0.35,1,,shallow_preferred,-0.23097018879224238,-0.1190298112077576,0.05432187599065974,0.20510111350070148,0.08019095128220063,0.28529206478290214,13.323992323594386,7.922080022867911,within_event_leave_site_out,Gannet Cay Reef,200.0
2016,Geoffrey Bay,-19.1549,146.8685,13.548800298159325,1,,all_available,0.7136384584402254,12.835161839719099,0.8071234050114151,0.1677746491904789,-0.07428970261928926,0.09348494657118965,48.4068194825638,7.978873726122729,within_event_leave_site_out,Geoffrey Bay,200.0
2016,"Green Island, Qld",-16.7755,145.9803,-0.3151215766624777,1,,all_available,0.6810358583013881,-0.9961574349638658,1.5784791047152242,0.20510111350070148,0.6923421329131346,0.8974432464138361,14.887593686334844,7.957400936662357,within_event_leave_site_out,"Green Island, Qld",200.0
2016,Hastings Reef,-16.5013,146.017,2.161549404886196,1,,shallow_preferred,0.7861648931362308,1.3753845117499652,1.4197421851354848,0.1677746491904789,0.465802642808775,0.6335772919992539,6.477570558123498,7.958057956049913,within_event_leave_site_out,Hastings Reef,200.0
2016,Havannah Island,-18.8472,146.5428,1.2404488095497328,1,,shallow_preferred,0.4705723088571479,0.769876500692585,1.9500579056957572,0.1677746491904789,1.3117109476481303,1.4794855968386091,11.941546404388253,7.915412443114419,within_event_leave_site_out,Havannah Island,200.0
2016,Hayman Island,-20.0413,148.8819,-0.4657770304710102,1,,shallow_preferred,-0.10266776929416284,-0.3631092611768474,1.167567994832874,0.20510111350070148,1.0651346506263355,1.270235764127037,5.168335035815192,7.9675985915004075,within_event_leave_site_out,Hayman Island,200.0
2016,Hedley Reef,-17.2235,146.4754,0.2598472693507516,1,,shallow_preferred,0.38662832535095537,-0.12678105600020378,0.15373325849263114,0.20510111350070148,-0.4379961803590257,-0.23289506685832423,6.665061893679919,7.940661961462099,within_event_leave_site_out,Hedley Reef,200.0
2016,Helix Reef,-18.6201,147.2976,-0.3794971308614112,1,,all_available,-1.3982899204187502,1.018792789557339,-0.18644881873544294,0.1677746491904789,1.0440664524928285,1.2118411016833073,22.793024965109915,7.956366170523984,within_event_leave_site_out,Helix Reef,200.0
2016,High Island,-17.1622,146.007,-0.051167761052802,1,,shallow_preferred,0.6052207274630127,-0.6563884885158147,0.4868785522163245,0.20510111350070148,-0.3234432887473897,-0.11834217524668822,11.41944379063452,7.9622112477875815,within_event_leave_site_out,High Island,200.0
2016,Horseshoe Reef,-22.0227,152.6166,-0.53,1,,shallow_preferred,-0.22157527755146897,-0.30842472244853103,0.08463966163483749,0.20510111350070148,0.10111382568560498,0.3062149391863065,5.64402331010218,7.896806576304327,within_event_leave_site_out,Horseshoe Reef,200.0
2016,Humpy Island,-23.2162,150.9638,-0.0253816807258292,1,,shallow_preferred,1.163508365069106,-1.1888900457949352,0.884189464353295,0.20510111350070148,-0.48442001421651243,-0.27931890071581095,9.521104486568222,7.662640180381027,within_event_leave_site_out,Humpy Island,200.0
2016,Hyde Reef,-19.7457,150.0822,-3.13,1,,shallow_preferred,-1.7134066757419733,-1.4165933242580266,-1.3565348851726948,0.20510111350070148,0.1517706770685769,0.35687179056927837,8.957513140175449,7.619540725209299,within_event_leave_site_out,Hyde Reef,200.0
2016,John Brewer,-18.6189,147.0813,-0.3312680887880521,2,4.0,shallow_preferred,-1.1656610329242059,0.8343929441361537,-1.1698573275361803,0.1677746491904789,-0.17197094380245334,-0.004196294611974433,22.793024965109915,7.9542531320636325,within_event_leave_site_out,John Brewer,200.0
2016,Knife Reef,-18.5711,147.5772,-0.9066023963914605,1,,all_available,-1.6211679099667333,0.7145655135752729,-0.5584469099616247,0.1677746491904789,0.8949463508146298,1.0627210000051086,17.603372373092718,7.865571104084264,within_event_leave_site_out,Knife Reef,200.0
2016,Lady Musgrave,-23.8884,152.422,-0.611715588038071,1,,shallow_preferred,-0.44975284668209864,-0.16196274135597238,-0.49304969636346185,0.20510111350070148,-0.24839796318206472,-0.04329684968136324,21.8744723084485,7.522290043945457,within_event_leave_site_out,Lady Musgrave,200.0
2016,Langford Island,-20.0877,148.8848,-1.231077688911029,1,,shallow_preferred,-0.10049892650931899,-1.13057876240171,1.287605868030622,0.20510111350070148,1.1830036810392395,1.388104794539941,5.168335035815192,7.97532058861611,within_event_leave_site_out,Langford Island,200.0
2016,Linnet Reef,-14.7811,145.3474,7.626145269299075,1,,shallow_preferred,-0.26302110048262267,7.889166369781697,0.7604045365863916,0.1677746491904789,0.8556509878785353,1.0234256370690142,3.916712363218431,7.089836735504811,within_event_leave_site_out,Linnet Reef,200.0
2016,Lizard Island,-14.694067,145.45705,-0.683264140547168,1,0.6,shallow_preferred,-0.4164572515188893,-0.2668068890282787,2.066192802734162,0.20510111350070148,2.2775489407523497,2.4826500542530514,11.385354698511417,7.009360239449135,within_event_leave_site_out,Lizard Island,200.0
2016,Low Isles,-16.3831,145.5619,3.328373418627904,1,,shallow_preferred,1.0066789232632045,2.3216944953646994,2.0354848817300795,0.1677746491904789,0.8610313092763963,1.0288059584668752,12.240133170092554,7.957441218132705,within_event_leave_site_out,Low Isles,200.0
2016,Mackay Reef,-16.0399,145.6506,3.142228224810014,1,,shallow_preferred,0.7912708235369661,2.350957401273048,1.967968424153188,0.1677746491904789,1.008922951425743,1.176697600616222,20.97621703541694,7.904742099316181,within_event_leave_site_out,Mackay Reef,200.0
2016,Martin,-14.7553,145.3722,3.718709690722728,1,,all_available,-0.28187110985073427,4.000580800573462,1.4857644124328555,0.1677746491904789,1.5998608730931108,1.7676355222835896,3.916712363218431,7.042166010243929,within_event_leave_site_out,Martin,200.0
2016,Mast Head Reef,-23.5341,151.7497,0.0,1,,all_available,0.4583428959701897,-0.4583428959701897,0.379601970874297,0.20510111350070148,-0.2838420385965941,-0.07874092509589264,4.685781715535059,7.831543534268396,within_event_leave_site_out,Mast Head Reef,200.0
2016,McCulloch Reef,-17.2834,146.4777,-0.1369223508137507,1,,shallow_preferred,0.4061405587096572,-0.5430629095234079,0.21596685240578384,0.20510111350070148,-0.3952748198045748,-0.1901737063038733,6.665061893679919,7.932066882607597,within_event_leave_site_out,McCulloch Reef,200.0
2016,Michaelmas Reef,-16.5528,146.0454,2.5921159963802545,1,,shallow_preferred,0.7963234766903124,1.795792519689942,1.3755182074803873,0.1677746491904789,0.41142008159959603,0.5791947307900749,6.477570558123498,7.94398196813511,within_event_leave_site_out,Michaelmas Reef,200.0
2016,Moore Reef,-16.8519,146.2336,1.393790788382177,1,,shallow_preferred,0.580322066828318,0.813468721553859,0.951716764148749,0.1677746491904789,0.20362004812995202,0.37139469732043096,7.123271272813825,7.963118403561683,within_event_leave_site_out,Moore Reef,200.0
2016,North Keppel Island,-23.0864,150.9052,0.4119327808008783,1,,shallow_preferred,1.1095606536849685,-0.6976278728840901,0.7524987400511323,0.20510111350070148,-0.5621630271345377,-0.3570619136338362,15.627238445567361,7.638549046475733,within_event_leave_site_out,North Keppel Island,200.0
2016,North Reef,-23.1775,151.9041,0.0,1,5.5,shallow_preferred,-0.39030616053737865,0.39030616053737865,-0.5836487550886871,0.1677746491904789,-0.36111724374178733,-0.19334259455130842,38.087896769699086,7.867175518110089,within_event_leave_site_out,North Reef,200.0
2016,One Tree Island,-23.4833,152.0739,0.0746192843859103,2,,all_available,-0.5667034449458087,0.641322729331719,-0.7620935270348488,0.1677746491904789,-0.3631647312795189,-0.19539008208904002,30.550715998414766,7.75552403316317,within_event_leave_site_out,One Tree Island,200.0
2016,Opal Reef,-16.2034,145.9065,-0.870952350315747,1,,all_available,0.674845957289433,-1.54579830760518,2.3293631197077196,0.20510111350070148,1.4494160489175851,1.6545171624182866,15.941498768280114,7.967045588529803,within_event_leave_site_out,Opal Reef,200.0
2016,Orpheus Island,-18.601750000000003,146.48829999999998,0.14085842937082727,2,,all_available,-0.006419316522827261,0.14727774589365453,1.0154761591632255,0.20510111350070148,0.8167943621853513,1.0218954756860528,3.68518273970776,7.849326192687363,within_event_leave_site_out,Orpheus Island,200.0
2016,Pandora Reef,-18.8164,146.4341,-1.230475505080305,1,,shallow_preferred,0.46563883805941103,-1.6961143431397159,2.233046845969281,0.20510111350070148,1.562306894409169,1.7674080079098704,11.941546404388253,7.872138091400384,within_event_leave_site_out,Pandora Reef,200.0
2016,Peak Island,-23.3413,150.9369,0.7980236209381337,1,,shallow_preferred,1.3289122272225589,-0.5308886062844251,0.9543084368450312,0.20510111350070148,-0.5797049038782291,-0.37460379037752767,12.986160728490018,7.703820002048707,within_event_leave_site_out,Peak Island,200.0
2016,Peart Reef,-17.46705,146.40255,-0.7899533874370499,2,2.4,shallow_preferred,0.5753457685262163,-1.3652991559632661,0.16293054454937939,0.20510111350070148,-0.6175163374775384,-0.41241522397683694,5.878119787678927,7.94695621803617,within_event_leave_site_out,Peart Reef,200.0
2016,Pelican Island,-23.2397,150.8742,0.8965753957673843,1,,shallow_preferred,1.208218102327127,-0.3116427065597427,0.786941588524109,0.20510111350070148,-0.6263776273037195,-0.421276513803018,9.521104486568222,7.617276602982872,within_event_leave_site_out,Pelican Island,200.0
2016,Pelorus Island,-18.5406,146.4888,-0.4118532764787783,1,,shallow_preferred,-0.03677086289167902,-0.37508241358709926,1.0288150460582555,0.20510111350070148,0.8604847954492331,1.0655859089499344,3.2422887630841384,7.853801698805188,within_event_leave_site_out,Pelorus Island,200.0
2016,Penrith Reef,-21.0032,149.8875,-1.99,1,,all_available,-0.8934072883682425,-1.0965927116317575,-0.19205870539026232,0.20510111350070148,0.49624746947727866,0.7013485829779802,18.273540041149474,7.721659076571846,within_event_leave_site_out,Penrith Reef,200.0
2016,Pine Island,-20.378,148.8884,2.758559077194137,1,,shallow_preferred,0.5826349751229962,2.1759241020711406,1.6722066382064231,0.1677746491904789,0.921797013892948,1.089571663083427,6.357400115253845,7.97712323776336,within_event_leave_site_out,Pine Island,200.0
2016,Pompey Reef (No 1),-20.9201,150.5582,-0.8300000000000001,1,,shallow_preferred,-0.9861365740495458,0.15613657404954573,-1.0947739286871752,0.20510111350070148,-0.31373846813833095,-0.10863735463762947,21.906281638612597,7.6408673453593785,within_event_leave_site_out,Pompey Reef (No 1),200.0
2016,Rebe Reef,-19.795,150.1499,-2.99,1,,shallow_preferred,-1.8008477521516424,-1.1891522478483578,-1.446633667760234,0.20510111350070148,0.1491129708907068,0.3542140843914083,8.957513140175449,7.631909015814438,within_event_leave_site_out,Rebe Reef,200.0
2016,Rib Reef,-18.473,146.8774,-0.1772024504667313,1,,shallow_preferred,-0.798744259252709,0.6215418087859776,-1.0700421321549518,0.1677746491904789,-0.4390725220927218,-0.2712978729022429,26.930341094741777,7.977275137598433,within_event_leave_site_out,Rib Reef,200.0
2016,Seaforth Island,-20.4685,149.0389,1.428689279780309,1,,shallow_preferred,0.593464929400355,0.835224350379954,1.835549125359717,0.1677746491904789,1.074309546768883,1.2420841959593618,17.28354301801151,7.969087859019381,within_event_leave_site_out,Seaforth Island,200.0
2016,Shute and Tancred Islands,-20.3009,148.7983,5.099828531280933,1,,shallow_preferred,0.2747081332156488,4.825120398065284,1.004960342975165,0.1677746491904789,0.5624775605690373,0.7302522097595162,5.230947964630829,7.984294526779092,within_event_leave_site_out,Shute and Tancred Islands,200.0
2016,Small Lagoon Reef,-21.8678,152.5239,0.1231167317810061,1,,shallow_preferred,-0.2401677468147686,0.36328447859577473,-0.018170526847751868,0.1677746491904789,0.054222570776537825,0.22199721996701674,13.323992323594386,7.952752258701216,within_event_leave_site_out,Small Lagoon Reef,200.0
2016,Snake Reef,-22.0232,152.1928,0.3360573961696979,1,,shallow_preferred,-0.2511915778643047,0.5872489740340026,-0.05241511938812518,0.1677746491904789,0.03100180928570059,0.1987764584761795,14.491850269937311,7.914876967426835,within_event_leave_site_out,Snake Reef,200.0
2016,Snapper Island North,-16.2924,145.4969,5.2608957298267205,1,13.6,shallow_preferred,1.0565883430023306,4.204307386824389,1.8218934840980405,0.1677746491904789,0.5975304919052311,0.76530514109571,12.240133170092554,7.930554228789994,within_event_leave_site_out,Snapper Island North,200.0
2016,St Crispin Reef,-16.0733,145.8438,0.8079247213057474,1,,shallow_preferred,0.5897785642346277,0.21814615707111973,1.9943129258450298,0.1677746491904789,1.2367597124199232,1.404534361610402,4.370937219683819,7.905048440993937,within_event_leave_site_out,St Crispin Reef,200.0
2016,Taylor Reef,-17.8121,146.5703,2.0139693667363594,1,,shallow_preferred,0.9493614929657304,1.064607873770629,0.4777570962518747,0.1677746491904789,-0.6393790459043347,-0.4716043967138558,4.786752694885461,7.881457832066735,within_event_leave_site_out,Taylor Reef,200.0
2016,Tern Reef,-20.9023,150.0264,-1.95,1,,shallow_preferred,-0.9665965444244922,-0.9834034555755078,-0.9906354744636371,0.20510111350070148,-0.22914004353984638,-0.024038930039144896,18.273540041149474,7.691663126215321,within_event_leave_site_out,Tern Reef,200.0
2016,Thetford Reef,-16.7995,146.1951,1.7851117645284935,1,,shallow_preferred,0.6331022122465831,1.1520095522819105,0.973609829083897,0.1677746491904789,0.17273296764683502,0.3405076168373139,7.123271272813825,7.950214528984064,within_event_leave_site_out,Thetford Reef,200.0
2016,Turner Cay,-21.7031,152.5605,-0.16,1,,all_available,-0.3782010569315913,0.21820105693159128,-0.12476058857595358,0.1677746491904789,0.0856658191651588,0.2534404683556377,18.699673428175867,7.980180079300717,within_event_leave_site_out,Turner Cay,200.0
2016,Woiz Reef,-10.1741,143.226,9.436863183715728,1,,all_available,-0.1772388278124942,9.614102011528223,0.34277703250747105,0.1677746491904789,0.35224121112948636,0.5200158603199653,553.6575745209759,3.999086257727471,within_event_leave_site_out,Woiz Reef,200.0
2016,Yonge Reef,-14.5731,145.6147,-1.8764307465645336,1,,shallow_preferred,-0.6903247160360774,-1.1861060305284563,1.8507371730787874,0.20510111350070148,2.335960775614163,2.5410618891148644,21.647441766171852,7.046716231824595,within_event_leave_site_out,Yonge Reef,200.0
2017,19-131 Reef,-19.7641,149.3786,0.1648669316651334,1,,shallow_preferred,-0.5905718402439771,0.7554387719091105,-0.3769464289059774,0.31426437664039325,-0.10063896530239354,0.21362541133799973,6.067198349540016,7.899944317252319,within_event_leave_site_out,19-131 Reef,200.0
2017,19-138 Reef,-19.8024,149.4199,-0.6955989138045973,1,,shallow_preferred,-0.5982258621450701,-0.09737305165952714,-0.4672542219249912,0.3264335610442131,-0.19546192082413424,0.13097164022007887,6.067198349540016,7.901848243918125,within_event_leave_site_out,19-138 Reef,200.0
2017,19-159 Reef,-19.6661,149.9146,-0.47,1,,shallow_preferred,-1.618489000090357,1.148489000090357,-1.6562580160089768,0.31426437664039325,-0.35203339255901306,-0.03776901591861981,19.65108297418923,7.748136980299179,within_event_leave_site_out,19-159 Reef,200.0
2017,20-104 Reef,-20.0286,149.6933,-0.2948143010351345,1,,shallow_preferred,-1.0791335182129052,0.7843192171777706,-1.039236327036963,0.31426437664039325,-0.274367185464451,0.03989719117594226,38.07368864716964,7.944696946698453,within_event_leave_site_out,20-104 Reef,200.0
2017,21-062 Reef,-21.028,150.8534,-1.3030360356554327,1,,shallow_preferred,-0.7144160634521125,-0.5886199722033202,-1.7335190130299707,0.3264335610442131,-1.3455365106220714,-1.0191029495778583,32.91453672542603,7.672844606188573,within_event_leave_site_out,21-062 Reef,200.0
2017,21-139 Reef,-21.4552,151.4654,-0.8370985853263284,1,,shallow_preferred,-0.3646420662074461,-0.4724565191188823,-0.5804436665656176,0.3264335610442131,-0.5422351614023847,-0.21580160035817159,18.982969178608094,7.77322091572591,within_event_leave_site_out,21-139 Reef,200.0
2017,21-187 Reef,-21.4072,151.6414,-0.6164626088503855,1,,shallow_preferred,-0.40562135508950975,-0.21084125376087576,-0.46424925799921274,0.3264335610442131,-0.3850614639539161,-0.05862790290970299,18.982969178608094,7.83554339960367,within_event_leave_site_out,21-187 Reef,200.0
2017,21-245 Reef,-21.298,152.4425,0.0679673369730013,1,,shallow_preferred,-0.5724357146558051,0.6404030516288064,-0.3146105370482133,0.31426437664039325,-0.056439199032801424,0.2578251776075918,23.268013681658886,7.912075879950051,within_event_leave_site_out,21-245 Reef,200.0
2017,21-550 Reef,-21.9471,152.3069,0.3405297474348194,1,,shallow_preferred,-0.25290903392305086,0.5934387813578703,-0.21372653045269946,0.31426437664039325,-0.27508187317004185,0.039182503470351404,14.491850269937311,7.932908229292214,within_event_leave_site_out,21-550 Reef,200.0
2017,21-591 Reef,-21.0266,150.3807,-2.930230544831029,1,,all_available,-0.6902323697471754,-2.2399981750838536,-1.5423364066892433,0.3264335610442131,-1.178537597986281,-0.852104036942068,21.906281638612597,7.5860091975210215,within_event_leave_site_out,21-591 Reef,200.0
2017,Agincourt Reef Number 1,-16.0384,145.8688,-3.146731387263813,1,,all_available,0.558441191002701,-3.705172578266514,1.8953116242896122,0.3264335610442131,1.0104368722426982,1.3368704332869112,4.71131555359392,7.898009849414221,within_event_leave_site_out,Agincourt Reef Number 1,200.0
2017,Arlington Reef,-16.6891,146.0871,0.8026286572687749,1,,shallow_preferred,0.47619509622456174,0.3264335610442131,1.5703639518125103,0.31426437664039325,0.7799044789475553,1.0941688555879485,14.653134979637395,7.9539035305889,within_event_leave_site_out,Arlington Reef,200.0
2017,Barren Island,-23.1578,151.0707,0.6004196062900613,1,,all_available,0.5117399757766037,0.08867963051345762,2.1631350798135984,0.3264335610442131,1.3249615429927817,1.6513951040369947,12.710620140085936,7.837604275238045,within_event_leave_site_out,Barren Island,200.0
2017,Bedarra Island,-18.0094,146.148,3.5504139827964547,1,,shallow_preferred,0.6455188114845664,2.9048951713118885,0.9244853442933718,0.31426437664039325,-0.03529784383158788,0.27896653280880535,9.242496316970788,7.911491817171905,within_event_leave_site_out,Bedarra Island,200.0
2017,Border Island,-20.171,149.0319,-0.5385739067167545,1,,shallow_preferred,0.1155099558399167,-0.6540838625566713,0.3547248870339171,0.3264335610442131,-0.08721862985021273,0.2392149311940004,17.93469996869272,7.984311971039684,within_event_leave_site_out,Border Island,200.0
2017,Boult Reef,-23.747,152.2725,-1.5204336353105217,1,,shallow_preferred,-0.453784928150007,-1.0666487071605146,-0.607119703866535,0.3264335610442131,-0.4797683367607411,-0.15333477571652798,21.8744723084485,7.921283008429435,within_event_leave_site_out,Boult Reef,200.0
2017,Camp Island East,-19.8508,147.9052,6.633293001799257,1,,shallow_preferred,-0.17872188728909189,6.812014889088349,-0.19744035134018795,0.31426437664039325,-0.3329828406914893,-0.018718464051096062,49.78932903509467,7.889333139621073,within_event_leave_site_out,Camp Island East,200.0
2017,Carter,-14.5238,145.5817,-5.795992916884115,1,,all_available,-0.26420174689214915,-5.531791169991966,-0.005250044663425352,0.3264335610442131,-0.06748185881548932,0.25895170222872377,6.5319639975212676,7.719092004720183,within_event_leave_site_out,Carter,200.0
2017,Cattle Bay,-18.5691,146.4823,-0.2121164498235934,1,5.6,shallow_preferred,-0.19944716688268657,-0.012669282940906829,0.9883096277565112,0.3264335610442131,0.8613232335949846,1.1877567946391978,1.341065833156318,7.921393575952777,within_event_leave_site_out,Cattle Bay,200.0
2017,Cherepo,-10.6893,142.2799,0.9537529396181982,1,,shallow_preferred,0.20082828030418598,0.7529246593140122,0.018411302572598154,0.31426437664039325,-0.49668135437198113,-0.18241697773158788,30.39980141880606,5.383626534177892,within_event_leave_site_out,Cherepo,200.0
2017,Chicken Reef,-18.6534,147.7199,-1.3663101188473838,1,,shallow_preferred,-1.4833862626674759,0.11707614382009202,-1.5233301077924755,0.3264335610442131,-0.36637740616921255,-0.03994384512499943,17.603372373092718,7.738132858272505,within_event_leave_site_out,Chicken Reef,200.0
2017,Chinaman Reef,-21.9973,152.664,0.076558152790821,1,,shallow_preferred,-0.25920126897970563,0.33575942177052664,-0.15486170534853186,0.31426437664039325,-0.20992481300921947,0.10433956363117378,5.64402331010218,7.9031737710113505,within_event_leave_site_out,Chinaman Reef,200.0
2017,Davies Reef,-18.8065,147.6688,-0.460888870782222,1,,shallow_preferred,-1.3710941520416144,0.9102052812593924,-1.4533286002735295,0.31426437664039325,-0.39649882487230814,-0.08223444823191489,17.854195946414272,7.800378155294638,within_event_leave_site_out,Davies Reef,200.0
2017,Dent Island,-20.345,148.9382,2.042098752777987,1,,shallow_preferred,0.7500958552109006,1.292002897567086,0.7471820370042901,0.31426437664039325,-0.31717819484700377,-0.002913818206610519,6.357400115253845,7.9823961452927,within_event_leave_site_out,Dent Island,200.0
2017,Dip Reef,-18.3999,147.4519,-4.333377514241236,1,,all_available,-1.4819657686265442,-2.8514117456146915,-1.4264849004292388,0.3264335610442131,-0.27095269284690776,0.055480868197305355,23.17322158319731,7.854585829364107,within_event_leave_site_out,Dip Reef,200.0
2017,Double Cone,-20.1046,148.7218,0.2690576907372026,1,,shallow_preferred,-0.03462426081721718,0.3036819515544198,0.07696967110636238,0.3264335610442131,-0.21483962912063354,0.11159393192357958,17.124731350163934,7.965690274456061,within_event_leave_site_out,Double Cone,200.0
2017,Dugong Island,-10.518,143.0997,-0.3522696767022557,1,,shallow_preferred,-0.32931226080889087,-0.022957415893364808,-0.47701430437173337,0.3264335610442131,-0.4741356046070556,-0.1477020435628425,40.642679498549576,5.5197654835623435,within_event_leave_site_out,Dugong Island,200.0
2017,Dunk Island,-17.9263,146.1461,0.2751631929575673,1,,shallow_preferred,0.6708357498215068,-0.39567255686393954,1.6811397717774548,0.3264335610442131,0.6838704609117348,1.0103040219559478,9.242496316970788,7.894151502305369,within_event_leave_site_out,Dunk Island,200.0
2017,East Cay,-21.4727,152.5662,0.160089970195385,1,,shallow_preferred,-0.5731287261308277,0.7332186963262126,-0.49005989598841404,0.31426437664039325,-0.2311955464979796,0.08306883014241365,23.268013681658886,7.943102598846796,within_event_leave_site_out,East Cay,200.0
2017,Erskine Island,-23.498800000000003,151.7748,-0.038515396352895456,2,6.25,shallow_preferred,0.057667925141089725,-0.09618332149398517,0.5538274218306931,0.3264335610442131,0.16972593564539032,0.49615949668960346,4.685781715535059,7.929001023274532,within_event_leave_site_out,Erskine Island,200.0
2017,Farquharson Reef,-17.79,146.5315,1.465914024900595,1,,shallow_preferred,0.8102448790352095,0.6556691458653856,1.7191019981596725,0.31426437664039325,0.5945927424840697,0.908857119124463,4.786752694885461,7.912860481483581,within_event_leave_site_out,Farquharson Reef,200.0
2017,Feather Reef,-17.519,146.3887,0.6378752502221996,1,,shallow_preferred,0.27571067154479834,0.36216457867740126,0.9864200803872801,0.31426437664039325,0.3964450322020886,0.7107094088424819,5.886901895802568,7.954048594736578,within_event_leave_site_out,Feather Reef,200.0
2017,Fitzroy Island,-16.9233,145.9963,2.110728215512085,1,7.6,shallow_preferred,0.2853227591553198,1.8254054563567652,0.9929983840880277,0.31426437664039325,0.3934112482923147,0.707675624932708,18.5594659563103,7.984836920288328,within_event_leave_site_out,Fitzroy Island,200.0
2017,Frankland Islands,-17.227,146.0904,1.5541734846759017,1,,shallow_preferred,-0.03109498239201773,1.5852684670679194,0.630638582157038,0.31426437664039325,0.34746918790866255,0.6617335645490559,11.41944379063452,7.973512412147127,within_event_leave_site_out,Frankland Islands,200.0
2017,Gannet Cay Reef,-21.9784,152.4742,-0.1627587981511653,1,,shallow_preferred,-0.26058624604587954,0.09782744789471423,-0.13200048402471692,0.3264335610442131,-0.1978477990230505,0.12858576202116262,13.323992323594386,7.922080022867911,within_event_leave_site_out,Gannet Cay Reef,200.0
2017,Geoffrey Bay,-19.1548,146.8685,5.926048371480657,1,,shallow_preferred,0.6717706217010451,5.254277749779612,1.1206912970843677,0.31426437664039325,0.13465629874292948,0.4489206753833227,48.39896797890436,7.980388920635692,within_event_leave_site_out,Geoffrey Bay,200.0
2017,"Green Island, Qld",-16.7583,145.97,2.340191435615312,1,,shallow_preferred,0.46918045711282014,1.871010978502492,1.169139395216012,0.31426437664039325,0.3856945614627986,0.6999589381031919,14.653134979637395,7.971020590231921,within_event_leave_site_out,"Green Island, Qld",200.0
2017,Hastings Reef,-16.5013,146.017,0.4853243896715344,1,,shallow_preferred,0.4983871266782736,-0.013062737006739211,1.7431318325548482,0.3264335610442131,0.9183111448323615,1.2447447058765746,6.477570558123498,7.960648775983893,within_event_leave_site_out,Hastings Reef,200.0
2017,Havannah Island,-18.8472,146.5428,0.0869171131405899,1,,shallow_preferred,0.2935193380780513,-0.2066022249374614,1.9909016150057381,0.3264335610442131,1.3709487158834737,1.6973822769276867,11.941546404388253,7.9705087473600305,within_event_leave_site_out,Havannah Island,200.0
2017,Hayman Island,-20.0413,148.8819,0.1848600545097944,1,,shallow_preferred,-0.0989746564923332,0.2838347110021276,0.001809081192341827,0.3264335610442131,-0.2256498233595381,0.10078373768467502,5.168335035815192,7.946713897122135,within_event_leave_site_out,Hayman Island,200.0
2017,Hedley Reef,-17.2235,146.4754,1.5130401055442544,1,,shallow_preferred,-0.006090286818473353,1.5191303923627277,0.6709470505673492,0.31426437664039325,0.3627729607454293,0.6770373373858225,6.665061893679919,7.943064728206728,within_event_leave_site_out,Hedley Reef,200.0
2017,Helix Reef,-18.6203,147.2958,-1.0224455431706163,1,,shallow_preferred,-1.271295929452201,0.24885038628158473,-1.2177300966860696,0.3264335610442131,-0.27286772827808153,0.05356583276613158,22.603482015131146,7.9245047405724085,within_event_leave_site_out,Helix Reef,200.0
2017,Heron Island,-23.4384,151.9182,1.4967732072370152,1,,shallow_preferred,-0.022533375586348,1.5193065828233632,-0.24078597613447694,0.31426437664039325,-0.5325169771885222,-0.21825260054812895,16.094630715973594,7.91158486773388,within_event_leave_site_out,Heron Island,200.0
2017,High Island,-17.1622,146.007,0.670128926553808,1,,shallow_preferred,0.11552123796804481,0.5546076885857631,1.143711945024285,0.31426437664039325,0.7139263304158469,1.0281907070562402,11.41944379063452,7.960473300811422,within_event_leave_site_out,High Island,200.0
2017,Holbourne Island East,-19.7333,148.3644,-3.374739542342464,1,,all_available,-0.08555520921700419,-3.28918433312546,1.1746280423573563,0.3264335610442131,0.9337496905301473,1.2601832515743605,49.78932903509467,7.956683975098852,within_event_leave_site_out,Holbourne Island East,200.0
2017,Horseshoe Reef,-22.0227,152.6166,-0.2975069033353643,1,,shallow_preferred,-0.25478812299522163,-0.04271878034014265,-0.09940617130574533,0.3264335610442131,-0.17105160935473682,0.1553819516894763,5.64402331010218,7.896806576304328,within_event_leave_site_out,Horseshoe Reef,200.0
2017,Humpy Island,-23.2162,150.9638,1.8548445110707927,1,,shallow_preferred,0.7013333206476874,1.1535111904231052,2.49031496771107,0.31426437664039325,1.4747172704229894,1.7889816470633826,9.521104486568222,7.778579657202949,within_event_leave_site_out,Humpy Island,200.0
2017,Hyde Reef,-19.7457,150.0822,-0.8,1,,shallow_preferred,-1.8154904843513637,1.0154904843513637,-1.844384697392353,0.31426437664039325,-0.34315858968138246,-0.028894213040989214,8.957513140175449,7.619540725209299,within_event_leave_site_out,Hyde Reef,200.0
2017,John Brewer,-18.6189,147.0813,-0.19977371658930343,2,4.0,shallow_preferred,-1.151026969602339,0.9512532530130355,-1.5296980746120892,0.31426437664039325,-0.6929354816501435,-0.37867110500975026,22.603482015131146,7.949319904981432,within_event_leave_site_out,John Brewer,200.0
2017,Knife Reef,-18.5711,147.5772,-4.635100374605694,1,,all_available,-1.4814214422426628,-3.1536789323630305,-1.0443087860467655,0.3264335610442131,0.11067909515168434,0.43711265619589745,17.603372373092718,7.792289693194947,within_event_leave_site_out,Knife Reef,200.0
2017,Kubin Island,-10.2388,142.2176,-0.1928151333613488,1,,all_available,0.1294278398761935,-0.3222429732375423,0.22096642604392283,0.3264335610442131,-0.23489497487648378,0.09153858616772934,34.50541887304407,4.898230583138464,within_event_leave_site_out,Kubin Island,200.0
2017,Lady Elliot Reef,-18.6798,146.3325,5.367763141106728,1,,shallow_preferred,-0.07051364879550695,5.438276789902235,0.6005758308921944,0.31426437664039325,0.3568251030473081,0.6710894796877014,18.56841410764641,7.92126378009215,within_event_leave_site_out,Lady Elliot Reef,200.0
2017,Lady Musgrave,-23.8884,152.422,-1.75598395577755,1,,shallow_preferred,-0.2132167988760508,-1.5427671569014993,-0.29945995180013263,0.3264335610442131,-0.412676713968295,-0.08624315292408186,21.8744723084485,7.873268398905028,within_event_leave_site_out,Lady Musgrave,200.0
2017,Langford Island,-20.0877,148.8848,-1.0806375377260815,1,,shallow_preferred,-0.09327417864441008,-0.9873633590816714,0.1894554764310368,0.3264335610442131,-0.04370390596876625,0.2827296550754469,5.168335035815192,7.956932492025547,within_event_leave_site_out,Langford Island,200.0
2017,Linnet Reef,-14.7852,145.3554,3.206928576833631,1,,all_available,0.16573128179913107,3.0411972950345,-0.4028076368957465,0.31426437664039325,-0.8828032953352708,-0.5685389186948775,3.783747258101578,7.777792751968712,within_event_leave_site_out,Linnet Reef,200.0
2017,Lizard Island,-14.6884,145.4422,3.4645279972952707,1,,shallow_preferred,-0.0322294377973091,3.49675743509258,-0.7739718461989117,0.31426437664039325,-1.0560067850419959,-0.7417424084016027,6.914375704007133,7.7565558661402765,within_event_leave_site_out,Lizard Island,200.0
2017,Low Isles,-16.3831,145.5619,2.0405781380827364,1,,shallow_preferred,1.0899914397594686,0.9505866983232678,2.0872012446890285,0.31426437664039325,0.6829454282891666,0.9972098049295599,12.240133170092554,7.958971172982673,within_event_leave_site_out,Low Isles,200.0
2017,Macgillivray,-14.6485,145.4915,-0.9683515096486346,1,,all_available,-0.14188674608057777,-0.8264647635680569,-0.3685335656324271,0.3264335610442131,-0.5530803805960625,-0.22664681955184934,6.914375704007133,7.750058391979335,within_event_leave_site_out,Macgillivray,200.0
2017,Mackay Reef,-16.0399,145.6506,2.2522848881274307,1,,shallow_preferred,0.8396366819102461,1.4126482062171846,1.4869131467900671,0.31426437664039325,0.3330120882394278,0.647276464879821,20.97621703541694,7.90491666977959,within_event_leave_site_out,Mackay Reef,200.0
2017,Manning Island,-23.854,151.3533,3.6855037764959153,1,2.0,shallow_preferred,1.3208355204942035,2.364668256001712,2.8939932719929926,0.31426437664039325,1.2588933748583961,1.5731577514987893,10.301406151333772,7.856057548159126,within_event_leave_site_out,Manning Island,200.0
2017,Martin,-14.7553,145.3722,2.925004485266232,1,,all_available,0.1338893622264542,2.791115123039778,-0.4121963799454685,0.31426437664039325,-0.8603501188123159,-0.5460857421719227,3.783747258101578,7.767697729650276,within_event_leave_site_out,Martin,200.0
2017,Mast Head Reef,-23.5341,151.7497,0.2643198653873018,1,,all_available,0.3108721731840933,-0.04655230779679154,1.2213769001819372,0.3264335610442131,0.5840711659536307,0.9105047269978439,4.685781715535059,7.9432815627720545,within_event_leave_site_out,Mast Head Reef,200.0
2017,McCulloch Reef,-17.2834,146.4777,1.6562348400435951,1,,shallow_preferred,-0.0055105035632695195,1.6617453436068645,0.5569307106491342,0.31426437664039325,0.24817683757201056,0.5624412142124038,6.665061893679919,7.932182446418152,within_event_leave_site_out,McCulloch Reef,200.0
2017,Michaelmas Reef,-16.5528,146.0454,2.5909335644133407,1,,shallow_preferred,0.5148112619371655,2.076122302476175,1.4435491383536818,0.31426437664039325,0.614473499776123,0.9287378764165162,6.477570558123498,7.9561293028581925,within_event_leave_site_out,Michaelmas Reef,200.0
2017,Moore Reef,-16.8519,146.2336,-0.1839636080845217,1,,shallow_preferred,0.31046293912807305,-0.4944265472125947,1.293993721387603,0.3264335610442131,0.6570972212153167,0.9835307822595298,7.123271272813825,7.968717484820288,within_event_leave_site_out,Moore Reef,200.0
2017,No Name,-14.6279,145.6453,-6.923401607784927,1,,all_available,-0.2728409315244654,-6.650560676260462,0.15951062820651035,0.3264335610442131,0.10591799868676265,0.4323515597309758,6.926213455201079,7.748045016022018,within_event_leave_site_out,No Name,200.0
2017,North Direction Island,-14.7435,145.5136,1.654546928877684,1,,shallow_preferred,-0.047501451969817955,1.702048380847502,-0.5652054122314234,0.31426437664039325,-0.8319683369019987,-0.5177039602616054,9.82363008694286,7.780367478516222,within_event_leave_site_out,North Direction Island,200.0
2017,North Keppel Island,-23.0864,150.9052,1.558054564812532,1,,shallow_preferred,0.6582651781245691,0.8997893866879628,2.4675010487800706,0.31426437664039325,1.4949714940151082,1.8092358706555014,15.627238445567361,7.740464453260962,within_event_leave_site_out,North Keppel Island,200.0
2017,North Reef,-23.1775,151.9041,-1.6125873014673375,1,5.5,shallow_preferred,-0.3642326103359322,-1.2483546911314054,-0.026473083898451343,0.3264335610442131,0.011325965393267723,0.33775952643748086,15.315078707072905,7.875946156081928,within_event_leave_site_out,North Reef,200.0
2017,Northeast Reef,-18.5718,146.4947,1.081957224109642,1,2.0,shallow_preferred,-0.20036357054043966,1.2823207946500816,0.8035854306305878,0.31426437664039325,0.6896846245306343,1.0039490011710275,1.341065833156318,7.924780258462998,within_event_leave_site_out,Northeast Reef,200.0
2017,One Tree Island,-23.4833,152.0739,-2.369160070150796,3,,all_available,-0.44643340458678293,-1.9227266655640132,-0.4295502516205435,0.3264335610442131,-0.3095504080779737,0.016883152966239434,16.648108547346098,7.941170206626519,within_event_leave_site_out,One Tree Island,200.0
2017,Opal Reef,-16.2042,145.9005,4.085801976706115,1,,shallow_preferred,0.6467037266250818,3.439098250081033,1.0113041194163208,0.31426437664039325,0.05033601615084566,0.3646003927912389,15.765134195590111,7.967133647039528,within_event_leave_site_out,Opal Reef,200.0
2017,Orpheus Island,-18.601750000000003,146.48829999999998,0.5985243157258839,2,,all_available,-0.1864456006061146,0.7849699163319985,0.8919488666461801,0.31426437664039325,0.7641300906119014,1.0783944672522947,3.3979170591395342,7.9299293509358595,within_event_leave_site_out,Orpheus Island,200.0
2017,Pandora Reef,-18.8164,146.4341,0.4563194908363481,1,,shallow_preferred,0.25960414455254816,0.19671534628379994,1.8997272503760207,0.3264335610442131,1.3136895447792596,1.6401231058234726,11.941546404388253,7.948486288384602,within_event_leave_site_out,Pandora Reef,200.0
2017,Peak Island,-23.3413,150.9369,2.5338963002932164,1,,shallow_preferred,0.8899339389019237,1.6439623613912926,2.6412227283937506,0.31426437664039325,1.4370244128514333,1.7512887894918265,12.986160728490018,7.8358074707983425,within_event_leave_site_out,Peak Island,200.0
2017,Peart Reef,-17.4676,146.402,0.2564586963575834,1,,shallow_preferred,0.2528965824491775,0.003562113908405884,1.0289438700036946,0.3264335610442131,0.449613726510304,0.7760472875545171,5.886901895802568,7.947156540517547,within_event_leave_site_out,Peart Reef,200.0
2017,Pelican Island,-23.2397,150.8742,5.076861281952688,1,,shallow_preferred,0.7350270603211184,4.3418342216315695,2.0630746119032493,0.31426437664039325,1.0137831749417374,1.3280475515821306,9.521104486568222,7.755274787509097,within_event_leave_site_out,Pelican Island,200.0
2017,Pelorus Island,-18.5406,146.4888,0.2443588332417867,1,,shallow_preferred,-0.21148906722807778,0.45584790046986445,0.9085501045992173,0.31426437664039325,0.8057747951869018,1.120039171827295,3.2422887630841384,7.925991928258023,within_event_leave_site_out,Pelorus Island,200.0
2017,Penrith Reef,-21.0032,149.8875,-3.2164805609812284,1,,all_available,-0.6552469470391543,-2.561233613942074,-1.2518246810488123,0.3264335610442131,-0.923011295053871,-0.5965777340096579,18.273540041149474,7.734925641943226,within_event_leave_site_out,Penrith Reef,200.0
2017,Pine Island,-20.378,148.8884,2.267680691159056,1,,shallow_preferred,0.7723352100293078,1.4953454811297484,0.7397187038190607,0.31426437664039325,-0.3468808828506405,-0.032616506210247254,6.357400115253845,7.978402241277987,within_event_leave_site_out,Pine Island,200.0
2017,Pompey Reef (No 1),-20.9201,150.5582,-1.4256318177575098,1,,shallow_preferred,-0.6854920904803518,-0.740139727277158,-1.7617840956321231,0.3264335610442131,-1.4027255661959845,-1.0762920051517715,21.906281638612597,7.6408673453593785,within_event_leave_site_out,Pompey Reef (No 1),200.0
2017,Rat Island,-23.767,151.3185,5.937374202789373,1,,shallow_preferred,1.4374842671289139,4.499889935660459,2.6383328395953045,0.31426437664039325,0.8865841958259976,1.2008485724663909,10.301406151333772,7.902465899320257,within_event_leave_site_out,Rat Island,200.0
2017,Rebe Reef,-19.795,150.1499,-3.61,1,,shallow_preferred,-1.8943874246867183,-1.7156125753132816,-1.5606477534213112,0.3264335610442131,0.007306110221193965,0.3337396712654071,8.957513140175449,7.631909015814438,within_event_leave_site_out,Rebe Reef,200.0
2017,Repulse,-20.5779,148.8625,-1.5644129148914745,1,,all_available,0.8364273723827719,-2.4008402872742463,1.3119290382884758,0.3264335610442131,0.14906810486149072,0.47550166590570386,22.032538285010602,7.956394064140614,within_event_leave_site_out,Repulse,200.0
2017,Rib Reef,-18.473,146.8774,-0.4027165745273926,1,9.4,shallow_preferred,-0.8474551081571493,0.4447385336297567,-0.37188592568151224,0.31426437664039325,0.16130480583524387,0.4755691824756371,26.930341094741777,7.982771405116739,within_event_leave_site_out,Rib Reef,200.0
2017,Seaforth Island,-20.4685,149.0389,1.416027765909833,1,,shallow_preferred,0.7842741006499674,0.6317536652598656,0.8479501275261665,0.31426437664039325,-0.25058834976419403,0.06367602687619922,17.28354301801151,7.965763355789462,within_event_leave_site_out,Seaforth Island,200.0
2017,Seal Rocks North,-23.9583,151.4849,3.70408024696868,1,,shallow_preferred,1.2343045549453957,2.4697756920232843,2.1127802260529926,0.31426437664039325,0.5642112944672036,0.878475671107597,17.70517680874414,7.877969694838169,within_event_leave_site_out,Seal Rocks North,200.0
2017,Shute and Tancred Islands,-20.3009,148.7983,1.4164816374178564,2,3.6,shallow_preferred,0.3431512368649395,1.073330400552917,0.3669368143350277,0.31426437664039325,-0.29047879917030506,0.023785577470088193,12.717946186312119,7.990663175036391,within_event_leave_site_out,Shute and Tancred Islands,200.0
2017,Small Lagoon Reef,-21.8678,152.5239,0.6451005694404068,1,,shallow_preferred,-0.2808007370341624,0.9259013064745693,-0.2542296783042836,0.31426437664039325,-0.28769331791051445,0.026571058729878805,13.323992323594386,7.9527522587012145,within_event_leave_site_out,Small Lagoon Reef,200.0
2017,Snake Reef,-22.0232,152.1928,-1.8438006949277133,1,,shallow_preferred,-0.23915071210312602,-1.6046499828245873,0.10789637577162978,0.3264335610442131,0.020613526830542683,0.3470470878747558,14.491850269937311,7.914876967426835,within_event_leave_site_out,Snake Reef,200.0
2017,Snapper Island North,-16.2924,145.4969,4.04035081925011,1,,shallow_preferred,1.143308536377577,2.8970422828725324,1.8364263357972952,0.31426437664039325,0.3788534227793249,0.6931177994197182,12.240133170092554,7.932915133228715,within_event_leave_site_out,Snapper Island North,200.0
2017,St Crispin Reef,-16.0733,145.8438,0.1684520194030891,1,,shallow_preferred,0.6007969578777956,-0.43234493847470656,1.4595662079569136,0.3264335610442131,0.5323356890349049,0.858769250079118,4.71131555359392,7.905514128051705,within_event_leave_site_out,St Crispin Reef,200.0
2017,Taylor Reef,-17.8121,146.5703,0.914864962408548,1,,shallow_preferred,0.8108948964448923,0.10397006596365566,1.6843839664539808,0.3264335610442131,0.5470555089648755,0.8734890700090887,4.786752694885461,7.906943991411971,within_event_leave_site_out,Taylor Reef,200.0
2017,Tern Reef,-20.9023,150.0264,-1.4831185058775374,1,,shallow_preferred,-0.6964643417665063,-0.7866541641110311,-1.901700454672238,0.3264335610442131,-1.531669673949945,-1.2052361129057318,18.273540041149474,7.696160916035395,within_event_leave_site_out,Tern Reef,200.0
2017,Thetford Reef,-16.7995,146.1951,0.2855790394732214,1,,shallow_preferred,0.5007132138091159,-0.21513417433589455,1.4457407027181262,0.3264335610442131,0.6185939278647973,0.9450274889090104,7.123271272813825,7.964845041998562,within_event_leave_site_out,Thetford Reef,200.0
2017,Tryon Island,-23.2457,151.7739,0.2693227123175901,1,,shallow_preferred,-0.04494166432280315,0.31426437664039325,0.09849355855445638,0.3264335610442131,-0.18299833816695357,0.14343522287725954,15.315078707072905,7.898999585358307,within_event_leave_site_out,Tryon Island,200.0
2017,Turner Cay,-21.7031,152.5605,-0.9409643198063032,1,,all_available,-0.46973203552670195,-0.4712322842796013,-0.23407866509565467,0.3264335610442131,-0.09078019061316582,0.23565337043104728,18.699673428175867,7.980180079300717,within_event_leave_site_out,Turner Cay,200.0
2017,Twin Island,-10.4629,142.4358,0.144507896456286,1,,shallow_preferred,0.11559390755770461,0.02891398889858139,0.08871676413919666,0.3264335610442131,-0.35331070446272106,-0.026877143418507943,30.39980141880606,5.378538926704122,within_event_leave_site_out,Twin Island,200.0
2017,Warraber Island,-10.200800000000001,142.81900000000002,-0.5776570387070736,2,1.2,shallow_preferred,-0.17562084963617122,-0.40203618907090244,-0.2125993966306116,0.3264335610442131,-0.3634121080386535,-0.036978546994440364,44.68318727249927,5.427745266308788,within_event_leave_site_out,Warraber Island,200.0
2017,Willis Island,-16.288,149.96345,-0.004634673557972757,2,,shallow_preferred,-4.848448153611433,4.843813480053461,-4.773424965846549,0.31426437664039325,-0.2392411888755092,0.07502318776488406,354.6767826036841,7.968348234531844,within_event_leave_site_out,Willis Island,200.0
2017,Woiz Reef,-10.1744,143.2264,-0.0823360794803385,1,,shallow_preferred,-0.09873691679793326,0.016400837317594757,-0.2591425489079101,0.3264335610442131,-0.48683919315418994,-0.16040563210997683,40.642679498549576,5.40280378076564,within_event_leave_site_out,Woiz Reef,200.0
2017,Yonge Reef,-14.5731,145.6147,-1.6965574448576124,1,,shallow_preferred,-0.2803792615018424,-1.41617818335577,-0.6299090821668386,0.3264335610442131,-0.6759633817092093,-0.3495298206649962,6.5319639975212676,7.725904833220061,within_event_leave_site_out,Yonge Reef,200.0
2020,19-131 Reef,-19.7641,149.3786,2.681231950161008,1,,shallow_preferred,-0.6700688934863276,3.3513008436473357,-1.3184338767670742,0.5618849541797382,-1.2102499374604847,-0.6483649832807465,6.067198349540016,7.8619497770905635,within_event_leave_site_out,19-131 Reef,200.0
2020,19-138 Reef,-19.8024,149.4199,-0.2586793278278807,1,,shallow_preferred,-0.6749108223380085,0.41623149451012775,-0.8387716551933312,0.5918170155557894,-0.7556778484111121,-0.1638608328553227,6.067198349540016,7.858415758681656,within_event_leave_site_out,19-138 Reef,200.0
2020,20-104 Reef,-20.0286,149.6933,1.3679715009030966,1,,shallow_preferred,-0.9766502234556839,2.3446217243587806,-1.202511472102143,0.5618849541797382,-0.7877462028261972,-0.22586124864645907,38.07368864716964,7.913722420216443,within_event_leave_site_out,20-104 Reef,200.0
2020,21-062 Reef,-21.0266,150.8538,-0.2332874208135233,1,,all_available,-1.0357048789479435,0.8024174581344202,-0.5036828971917945,0.5618849541797382,-0.029862972423589162,0.532021981756149,32.896988404128905,7.70426838369576,within_event_leave_site_out,21-062 Reef,200.0
2020,21-187 Reef,-21.4072,151.6414,0.8718928705099143,1,,shallow_preferred,-0.5151858728450143,1.3870787433549285,-0.17914262775991951,0.5618849541797382,-0.2258417090946434,0.33604324508509475,84.28209327700898,7.992706227454696,within_event_leave_site_out,21-187 Reef,200.0
2020,21-245 Reef,-21.2965,152.4465,-0.4331639766129953,1,,all_available,-0.538083362810607,0.10491938619761165,-0.24879735953815318,0.5918170155557894,-0.30253101228333557,0.2892860032724538,12.67972757879005,7.863132290103796,within_event_leave_site_out,21-245 Reef,200.0
2020,21-296 Reef,-21.3297,152.5636,-0.338299175268177,1,,shallow_preferred,-0.5771798292068849,0.23888065393870794,-0.3111878588284636,0.5918170155557894,-0.32582504517736804,0.2659919703784213,12.67972757879005,7.865977898783878,within_event_leave_site_out,21-296 Reef,200.0
2020,21-550 Reef,-21.9471,152.3069,0.2899349813298437,1,,shallow_preferred,-0.2399239895046274,0.5298589708344711,0.08391844393199133,0.5918170155557894,-0.26797458211917063,0.3238424334366187,14.491850269937311,7.933275780255892,within_event_leave_site_out,21-550 Reef,200.0
2020,Agincourt Reef Number 1,-16.0398,145.8652,-6.3761235901028375,1,,shallow_preferred,0.8595152986601275,-7.235638888762965,13.997026091518844,0.5918170155557894,12.545693777302928,13.137510792858716,4.370937219683819,7.9024179137788675,within_event_leave_site_out,Agincourt Reef Number 1,200.0
2020,Aquila Island,-21.9611,149.5816,1.900201645273785,1,,shallow_preferred,-0.372436825708058,2.272638470981843,0.7673727919645752,0.5618849541797382,0.577924663492895,1.1398096176726331,62.769829377267506,7.67331689658842,within_event_leave_site_out,Aquila Island,200.0
2020,Arlington Reef,-16.6461,146.1107,-0.5133974087988227,1,,all_available,0.8394909208248279,-1.3528883296236507,1.0638822637398546,0.5918170155557894,-0.3674256726407628,0.22439134291502655,12.492001668718494,7.95200725259067,within_event_leave_site_out,Arlington Reef,200.0
2020,Barren Island,-23.1578,151.0707,-1.7387467211694982,1,,shallow_preferred,0.8941014203172274,-2.6328481414867255,0.7211744572403834,0.5918170155557894,-0.7647439786326332,-0.17292696307684385,12.710620140085936,7.83755313293701,within_event_leave_site_out,Barren Island,200.0
2020,Bedarra Island,-18.0094,146.148,4.73335811084036,1,,shallow_preferred,0.42755237239845195,4.305805738441908,1.5163704583497317,0.5618849541797382,0.5269331317715416,1.0888180859512797,9.242496316970788,7.9180465418929415,within_event_leave_site_out,Bedarra Island,200.0
2020,Cattle Bay,-18.5691,146.4823,-2.477269859827372,1,,shallow_preferred,0.006994518665746509,-2.4842643784931187,0.3357933659013473,0.5918170155557894,-0.2630181683201886,0.32879884723560077,1.341065833156318,7.91354735558461,within_event_leave_site_out,Cattle Bay,200.0
2020,Centipede Reef,-18.7341,147.5522,-0.5921616319662082,1,,shallow_preferred,-1.6862548021849664,1.0940931702187582,-1.2063450338098922,0.5618849541797382,-0.08197518580466409,0.47990976837507404,14.680128092076231,7.956733029581396,within_event_leave_site_out,Centipede Reef,200.0
2020,Chicken Reef,-18.6534,147.7199,-1.3399441724789538,1,,shallow_preferred,-1.7328910492843395,0.39294687680538565,-1.169806529124181,0.5918170155557894,-0.028732495395630837,0.5630845201601585,17.669033753141125,7.941316710980201,within_event_leave_site_out,Chicken Reef,200.0
2020,Chinaman Reef,-21.9973,152.664,0.3270784856057034,1,2.5,shallow_preferred,-0.2348064685740347,0.5618849541797382,0.10073612102047935,0.5918170155557894,-0.2562744259612753,0.33554258959451405,5.64402331010218,7.912347281068531,within_event_leave_site_out,Chinaman Reef,200.0
2020,Curd Reef,-12.5853,143.5112,4.110928124208211,1,,shallow_preferred,-2.2464196076510254,6.357347731859237,-3.0591915769669793,0.5618849541797382,-1.3746569234956922,-0.8127719693159541,32.826162191112715,6.267045922994155,within_event_leave_site_out,Curd Reef,200.0
2020,Davies Reef,-18.8065,147.6688,-1.096379040767636,1,,shallow_preferred,-1.7104598262345163,0.6140807854668804,-1.163537417216156,0.5618849541797382,-0.014962545161377702,0.5469224090183604,14.680128092076231,7.929457442309978,within_event_leave_site_out,Davies Reef,200.0
2020,Daydream Island,-20.2557,148.8122,0.6551431759961712,1,,shallow_preferred,0.5702943661818792,0.08484880981429199,0.7881600873948171,0.5918170155557894,-0.3739512943428514,0.21786572121293796,5.230947964630829,7.981240385514155,within_event_leave_site_out,Daydream Island,200.0
2020,Dent Island,-20.345,148.9382,2.420851269963028,1,,shallow_preferred,0.7028689523519571,1.7179823176110707,0.7756110088871945,0.5618849541797382,-0.4891428976445008,0.07274205653523735,6.357400115253845,7.984103064570199,within_event_leave_site_out,Dent Island,200.0
2020,Dip Reef,-18.3999,147.4519,-3.5408187431900267,1,,all_available,-1.685898053207859,-1.8549206899821677,-1.1435492641964438,0.5918170155557894,-0.04946822654437421,0.5423487890114151,17.39507361476906,7.981183631345671,within_event_leave_site_out,Dip Reef,200.0
2020,Double Cone,-20.1046,148.7218,-0.2069540241686525,1,,shallow_preferred,0.2734157734176486,-0.4803697975863011,0.5026508264087908,0.5918170155557894,-0.3625819625646471,0.22923505299114227,18.64569681400093,7.963733976438699,within_event_leave_site_out,Double Cone,200.0
2020,Dugong Island,-10.518,143.0997,-1.334900480255203,1,,shallow_preferred,-0.643437506928539,-0.691462973326664,1.1965821317153547,0.5918170155557894,1.2482026230881043,1.8400196386438936,40.642679498549576,5.451502162188442,within_event_leave_site_out,Dugong Island,200.0
2020,Dunk Island,-17.9263,146.1461,4.646749671684462,1,,shallow_preferred,0.4201974473451184,4.226552224339343,2.018050106008025,0.5618849541797382,1.0359677044831688,1.597852658662907,9.242496316970788,7.9037367330790955,within_event_leave_site_out,Dunk Island,200.0
2020,East Cay,-21.4727,152.5662,-1.3561652153503905,1,,shallow_preferred,-0.5232406281119113,-0.8329245872384792,-0.08859951402317157,0.5918170155557894,-0.15717590146704963,0.43464111408873973,15.90317460653311,7.936671366716562,within_event_leave_site_out,East Cay,200.0
2020,Erskine Island,-23.4993,151.7749,0.6358016707944536,1,,shallow_preferred,0.37136013875891205,0.26444153203554155,0.08159448525234736,0.5918170155557894,-0.881582669062354,-0.2897656535065647,4.6449376543534555,7.927640030348087,within_event_leave_site_out,Erskine Island,200.0
2020,Farquharson Reef,-17.79,146.5315,1.6638072792425138,1,,shallow_preferred,0.5728828214276499,1.090924457814864,3.00805288591563,0.5618849541797382,1.8732851103082415,2.4351700644879797,4.786752694885461,7.942103964433276,within_event_leave_site_out,Farquharson Reef,200.0
2020,Feather Reef,-17.519,146.3887,1.2824785990351666,1,,shallow_preferred,0.1250346310739791,1.1574439679611874,2.268305836303033,0.5618849541797382,1.5813862510493153,2.1432712052290537,5.886901895802568,7.965482549597575,within_event_leave_site_out,Feather Reef,200.0
2020,Fitzroy Island,-16.9233,145.9963,3.912260745858256,1,,shallow_preferred,0.5117696456979597,3.400491100160296,0.4832356106333635,0.5618849541797382,-0.5904189892443343,-0.028534035064596175,18.5594659563103,7.984935883098278,within_event_leave_site_out,Fitzroy Island,200.0
2020,Flinders Reef,-17.71485,148.44805,-0.7344176355788066,2,,shallow_preferred,-1.237355485798263,0.5029378502194564,-0.8043724703352948,0.5918170155557894,-0.15883400009282128,0.4329830154629681,127.98526247087185,7.978316250388449,within_event_leave_site_out,Flinders Reef,200.0
2020,Frankland Islands,-17.227,146.0904,1.7410113732625885,1,,shallow_preferred,0.10971429591872368,1.6312970773438649,0.8857522440741976,0.5618849541797382,0.2141529939757357,0.7760379481554739,11.41944379063452,7.9735124121471275,within_event_leave_site_out,Frankland Islands,200.0
2020,Gannet Cay Reef,-21.9758,152.4797,-0.4839372673882147,1,,all_available,-0.23800104385022475,-0.24593622353798994,0.20912834378760453,0.5918170155557894,-0.14468762791796008,0.4471293876378293,12.845478973003301,7.927178823210425,within_event_leave_site_out,Gannet Cay Reef,200.0
2020,Geoffrey Bay,-19.1548,146.8685,5.872039081989005,1,,shallow_preferred,0.6107904451715445,5.26124863681746,1.8252576713036972,0.5618849541797382,0.6525822719524147,1.214467226132153,48.39896797890436,7.979026874855886,within_event_leave_site_out,Geoffrey Bay,200.0
2020,"Green Island, Qld",-16.7583,145.97,4.1304421271126,1,,shallow_preferred,0.7427383893752021,3.387703737737398,0.7195296467370285,0.5618849541797382,-0.5850936968179119,-0.02320874263817374,18.5594659563103,7.974242978662753,within_event_leave_site_out,"Green Island, Qld",200.0
2020,Grub Reef,-18.6214,147.433,-1.9438025416596412,1,,shallow_preferred,-1.6761561161122915,-0.26764642554734963,-1.0149822352379763,0.5918170155557894,0.06935686531852586,0.6611738808743153,14.457867038715278,7.982670113638764,within_event_leave_site_out,Grub Reef,200.0
2020,Hastings Reef,-16.5013,146.017,-0.6945687193633798,1,,shallow_preferred,0.8710814570006795,-1.5656501763640593,1.5283340547606514,0.5918170155557894,0.06543558220418254,0.6572525977599719,6.477570558123498,7.958535523624006,within_event_leave_site_out,Hastings Reef,200.0
2020,Havannah Island,-18.8472,146.5428,1.5996019487396875,1,,shallow_preferred,0.43962631497322624,1.1599756337664613,1.5694122795154806,0.5618849541797382,0.5679010103625162,1.1297859645422543,11.941546404388253,7.954767083347788,within_event_leave_site_out,Havannah Island,200.0
2020,Hayman Island,-20.0572,148.8997,-1.086136790930217,1,,all_available,0.21293478244638628,-1.2990715733766034,0.5309292031617998,0.5918170155557894,-0.27382259484037585,0.3179944207154135,12.401515782198352,7.962295818737601,within_event_leave_site_out,Hayman Island,200.0
2020,Hedley Reef,-17.2235,146.4754,2.2332465574489904,1,,shallow_preferred,0.06878991192562428,2.1644566455233663,1.1287857658746354,0.5618849541797382,0.49811089976927286,1.059995853949011,6.665061893679919,7.944573728473479,within_event_leave_site_out,Hedley Reef,200.0
2020,Helix Reef,-18.6203,147.2958,-0.0315414839450269,1,,shallow_preferred,-1.6110559464678846,1.5795144625228577,-1.7267731582917483,0.5618849541797382,-0.6776021660036018,-0.11571721182386363,14.457867038715278,7.987668361597912,within_event_leave_site_out,Helix Reef,200.0
2020,Henderson Island,-21.4856,149.9091,1.195587940616754,1,,all_available,-0.6813786114039585,1.8769665520207126,0.45357521349887153,0.5618849541797382,0.5730688707230919,1.13495382490283,35.56941197175311,7.721975791856135,within_event_leave_site_out,Henderson Island,200.0
2020,Heron Island,-23.4384,151.9182,-0.1325011480103937,1,,shallow_preferred,0.3092526567896484,-0.4417538048000421,-0.3044723168983089,0.5918170155557894,-1.2055419892437467,-0.6137249736879573,16.10863002746127,7.887338747661982,within_event_leave_site_out,Heron Island,200.0
2020,High Island,-17.1622,146.007,-4.069798420007173,1,,shallow_preferred,0.2575011439976163,-4.327299564004789,2.1623898314303505,0.5918170155557894,1.3130716718769446,1.904888687432734,11.41944379063452,7.960043632068259,within_event_leave_site_out,High Island,200.0
2020,Hook Island,-20.1681,148.8871,-3.7770271771735215,1,,shallow_preferred,0.25459410905971464,-4.031621286233237,0.9740207577212493,0.5918170155557894,0.12760963310574538,0.7194266486615347,12.401515782198352,7.976710560106133,within_event_leave_site_out,Hook Island,200.0
2020,Horseshoe Reef,-22.0227,152.6166,0.5820267758588589,1,,shallow_preferred,-0.23407456506917207,0.8161013409280309,0.06668096552304698,0.5618849541797382,-0.2611294235875191,0.30075553059221904,5.64402331010218,7.905143036456952,within_event_leave_site_out,Horseshoe Reef,200.0
2020,Humpy Island,-23.2162,150.9638,-0.1949930341297481,1,,shallow_preferred,1.1119186158042291,-1.3069116499339772,0.8692980670967152,0.5918170155557894,-0.8344375642633033,-0.24262054870751393,9.521104486568222,7.778579657202949,within_event_leave_site_out,Humpy Island,200.0
2020,John Brewer,-18.619,147.0811,0.1904078716576975,1,,shallow_preferred,-1.32936548254626,1.5197733542039575,-1.4678549369280525,0.5618849541797382,-0.7003744085615308,-0.1384894543817926,20.946202042366217,7.969391442994381,within_event_leave_site_out,John Brewer,200.0
2020,Kelso Reef,-18.4448,146.9933,-2.390825026230913,1,,shallow_preferred,-0.969143653794444,-1.421681372436469,-1.2089481484189033,0.5918170155557894,-0.8316215101802487,-0.2398044946244593,6.794050715411243,7.9383509022206535,within_event_leave_site_out,Kelso Reef,200.0
2020,Knife Reef,-18.572,147.5759,-0.8337973625298156,1,,shallow_preferred,-1.7600544325738798,0.9262570700440642,-1.2785905778894402,0.5618849541797382,-0.08042109949529863,0.48146385468443953,16.030616168336522,7.973448496921842,within_event_leave_site_out,Knife Reef,200.0
2020,Lady Elliot Reef,-18.6798,146.3325,7.410464728408286,1,,shallow_preferred,0.10426205895523706,7.306202669453048,-0.1345238771646714,0.5618849541797382,-0.8006708902996467,-0.2387859361199085,18.578485503433193,7.892919082725865,within_event_leave_site_out,Lady Elliot Reef,200.0
2020,Lady Musgrave,-23.8884,152.422,-2.2420646583098907,1,,shallow_preferred,-0.1598372666111246,-2.082227391698766,-0.6455287730476266,0.5918170155557894,-1.0775085219922913,-0.48569150643650194,57.31929747311861,7.95059117070624,within_event_leave_site_out,Lady Musgrave,200.0
2020,Lagoon Reef,-12.3923,143.74,-1.526612835689486,1,,shallow_preferred,-2.3286030297926748,0.8019901941031888,-1.5633717638120914,0.5618849541797382,0.20334631180084506,0.7652312659805832,32.826162191112715,6.390176197469716,within_event_leave_site_out,Lagoon Reef,200.0
2020,Lizard Island,-14.68796,145.45285,0.4795624356526891,2,0.6,shallow_preferred,0.11733210998221784,0.36223032567047125,-3.5238730906274864,0.5918170155557894,-4.233022216165494,-3.641205200609704,6.04468606233599,7.386203092340969,within_event_leave_site_out,Lizard Island,200.0
2020,Low Isles,-16.3831,145.5619,1.407814282110004,1,,shallow_preferred,1.3362482105291082,0.07156607158089567,11.975318354602312,0.5918170155557894,10.047253128517415,10.639070144073205,12.240133170092554,7.959101113445123,within_event_leave_site_out,Low Isles,200.0
2020,Macgillivray,-14.6485,145.4915,-4.299430568059551,1,,all_available,0.015351607425487487,-4.314782175485038,-2.90683475034382,0.5918170155557894,-3.514003373325097,-2.9221863577693075,6.04468606233599,7.3667276385114535,within_event_leave_site_out,Macgillivray,200.0
2020,Mackay Reef,-16.0399,145.6506,2.2648477201922943,1,,shallow_preferred,1.0988157361021609,1.1660319840901334,12.344854774804409,0.5618849541797382,10.68415408452251,11.246039038702248,20.97621703541694,7.90836084567757,within_event_leave_site_out,Mackay Reef,200.0
2020,Manning Island,-23.854,151.3533,2.9522047055525817,1,,shallow_preferred,1.8061873475369914,1.1460173580155903,1.9587556418418095,0.5618849541797382,-0.40931665987492,0.15256829430481816,10.301406151333772,7.856068751183264,within_event_leave_site_out,Manning Island,200.0
2020,Martin,-14.7553,145.3722,1.2220278261895885,1,,all_available,0.3009302698786221,0.9210975563109665,-3.3921332078424142,0.5618849541797382,-4.254948431900774,-3.6930634777210365,11.458517364785854,7.465957843497623,within_event_leave_site_out,Martin,200.0
2020,Mast Head Reef,-23.5341,151.7497,1.3050274284054115,1,,all_available,0.7132104128496222,0.5918170155557894,0.40251459039186177,0.5618849541797382,-0.8725807766374986,-0.3106958224577604,4.6449376543534555,7.943056331172971,within_event_leave_site_out,Mast Head Reef,200.0
2020,McCulloch Reef,-17.2834,146.4777,2.116830558170516,1,,shallow_preferred,-0.05337003394723162,2.1702005921177476,1.0961717660758992,0.5618849541797382,0.5876568458433925,1.1495418000231306,6.665061893679919,7.936975528551071,within_event_leave_site_out,McCulloch Reef,200.0
2020,Michaelmas Reef,-16.5528,146.0454,1.1469479944542602,1,,shallow_preferred,0.869984638474352,0.2769633559799082,1.2866829588864217,0.5918170155557894,-0.1751186951437199,0.41669832041206945,6.477570558123498,7.953179619092793,within_event_leave_site_out,Michaelmas Reef,200.0
2020,Moore Reef,-16.8519,146.2336,1.5139498544599743,1,,shallow_preferred,0.5030105049965485,1.0109393494634258,0.786698741853828,0.5618849541797382,-0.27819671732245865,0.2836882368572795,7.123271272813825,7.969509642965098,within_event_leave_site_out,Moore Reef,200.0
2020,Moore Reef-Coral Sea,-15.8866,149.1516,-4.987052573988572,1,,shallow_preferred,-3.4818284262960293,-1.5052241476925423,-3.146724505838102,0.5918170155557894,-0.2567130950978621,0.33510392045792725,97.5463098301599,6.254482837060951,within_event_leave_site_out,Moore Reef-Coral Sea,200.0
2020,Myrmidon Reef,-18.2585,147.3814,-0.6244883420862655,1,,shallow_preferred,-1.636623553596475,1.0121352115102096,-1.7342989196501635,0.5618849541797382,-0.6595603202334265,-0.09767536605368832,17.39507361476906,7.976118927912137,within_event_leave_site_out,Myrmidon Reef,200.0
2020,No Name,-14.6308,145.6418,-4.310231988865706,1,,shallow_preferred,-0.17077998056676008,-4.139452008298946,-3.1824961958017526,0.5918170155557894,-3.6035332307907817,-3.0117162152349923,6.686276529624356,7.37150534921235,within_event_leave_site_out,No Name,200.0
2020,North Direction Island,-14.7435,145.5136,-6.57,1,,shallow_preferred,0.11124668023381441,-6.681246680233815,-2.4313074687931007,0.5918170155557894,-3.1343711645827046,-2.5425541490269152,8.990388278188759,7.4129612626796035,within_event_leave_site_out,North Direction Island,200.0
2020,North Keppel Island,-23.0864,150.9052,-0.0437870365482258,1,,shallow_preferred,1.0742741757352465,-1.1180612122834723,0.7729651518142624,0.5918170155557894,-0.8931260394767735,-0.30130902392098413,15.627238445567361,7.740464453260962,within_event_leave_site_out,North Keppel Island,200.0
2020,North Reef,-23.1755,151.9086,0.0,1,,all_available,-0.06456989712641659,0.06456989712641659,-0.881701692144317,0.5918170155557894,-1.4089488105736898,-0.8171317950179005,15.824864555586355,7.8475426355339355,within_event_leave_site_out,North Reef,200.0
2020,Northeast Reef,-18.5718,146.4947,-2.2315763578432497,1,,shallow_preferred,0.004928414431686699,-2.2365047722749365,0.29291571886370144,0.5918170155557894,-0.3038297111237746,0.28798730443201476,1.341065833156318,7.918103269160744,within_event_leave_site_out,Northeast Reef,200.0
2020,Nth Barnards (Jesse Is),-17.6722,146.1742,5.556803929865103,1,,shallow_preferred,0.2086154879684287,5.348188441896674,2.1310995489133,0.5618849541797382,1.3605991067651333,1.9224840609448715,28.409393179966862,7.984166626669513,within_event_leave_site_out,Nth Barnards (Jesse Is),200.0
2020,One Tree Island,-23.4833,152.0739,-3.1230587818809963,3,,all_available,-0.197221376447711,-2.925837405433285,-0.4837896345189525,0.5918170155557894,-0.8783852736270309,-0.28656825807124153,16.648108547346098,7.906801511739859,within_event_leave_site_out,One Tree Island,200.0
2020,Opal Reef,-16.2042,145.9005,-0.7276474892046885,1,,shallow_preferred,0.9955629950914024,-1.723210484296091,12.309399187611413,0.5918170155557894,10.722019176964222,11.31383619252001,15.765134195590111,7.970206481303405,within_event_leave_site_out,Opal Reef,200.0
2020,Pandora Reef,-18.8164,146.4341,2.415483371564374,1,,shallow_preferred,0.41823269089004744,1.9972506806743264,1.4207529545521336,0.5618849541797382,0.44063530948234786,1.002520263662086,11.941546404388253,7.919795539129635,within_event_leave_site_out,Pandora Reef,200.0
2020,Peak Island,-23.3413,150.9369,2.0302291152499343,1,,shallow_preferred,1.1784054515577678,0.8518236636921666,0.6735179497243642,0.5618849541797382,-1.0667724560131417,-0.5048875018334036,12.986160728490018,7.8358074707983425,within_event_leave_site_out,Peak Island,200.0
2020,Peart Reef,-17.4676,146.402,1.027260252243318,1,,shallow_preferred,0.11009970564471744,0.9171605465986006,1.3226345563923343,0.5618849541797382,0.6506498965678785,1.2125348507476166,5.886901895802568,7.960597983666754,within_event_leave_site_out,Peart Reef,200.0
2020,Pelican Island,-23.2397,150.8742,2.036700049354229,1,,shallow_preferred,1.1395870853866332,0.8971129639675957,0.5887290634010074,0.5618849541797382,-1.112742976165364,-0.5508580219856258,9.521104486568222,7.755274787509095,within_event_leave_site_out,Pelican Island,200.0
2020,Pelorus Island,-18.5406,146.4888,-3.0800208505562527,1,,shallow_preferred,0.0014396862758325772,-3.0814605368320853,0.4005271497452776,0.5918170155557894,-0.19272955208634437,0.399087463469445,3.2422887630841384,7.921004244282643,within_event_leave_site_out,Pelorus Island,200.0
2020,Penrith Reef,-21.0036,149.8882,-1.0546015138842613,1,,shallow_preferred,-1.0187314234768325,-0.03587009040742872,0.2860271468186224,0.5918170155557894,0.7129415547396656,1.304758570295455,18.243632282729035,7.7908469119308865,within_event_leave_site_out,Penrith Reef,200.0
2020,Pine Island,-20.378,148.8884,1.9326931379161556,1,,shallow_preferred,0.7097954325633984,1.2228977053527572,0.8675080804863428,0.5618849541797382,-0.4041723062567938,0.15771264792294437,6.357400115253845,7.981851930401028,within_event_leave_site_out,Pine Island,200.0
2020,Pine Peak Island,-21.5145,150.2515,0.6812159480858444,1,,shallow_preferred,-0.7651367222592053,1.4463526703450498,0.2959935982220113,0.5618849541797382,0.4992453663014784,1.0611303204812166,35.56941197175311,7.7205885552893365,within_event_leave_site_out,Pine Peak Island,200.0
2020,Pompey Reef (No 1),-20.9201,150.5582,-0.0615643802336514,1,,shallow_preferred,-1.0617075665180586,1.0001431862844072,-0.6117864650877843,0.5618849541797382,-0.11196385274946387,0.4499211014302743,32.896988404128905,7.75633934255628,within_event_leave_site_out,Pompey Reef (No 1),200.0
2020,Rat Island,-23.767,151.3185,4.032971175530797,1,,shallow_preferred,1.8070574172414977,2.225913758289299,1.8798380920634068,0.5618849541797382,-0.4891042793578289,0.07278067482190925,10.301406151333772,7.902472438717455,within_event_leave_site_out,Rat Island,200.0
2020,Rebe Reef,-19.795,150.1499,-6.47,1,,shallow_preferred,-1.7147101308123138,-4.755289869187686,-0.6946276638890043,0.5918170155557894,0.4282654513675202,1.0200824669233095,54.34585144353913,7.791250752165266,within_event_leave_site_out,Rebe Reef,200.0
2020,Repulse,-20.5779,148.8625,3.481321265505569,1,,all_available,0.6317133820719245,2.8496078834336442,0.6269221431174395,0.5618849541797382,-0.5666761931342231,-0.0047912389544849665,22.032538285010602,7.966205849050313,within_event_leave_site_out,Repulse,200.0
2020,Rib Reef,-18.473,146.8774,0.4080477107976641,1,,shallow_preferred,-0.49013255470584705,0.8981802655035112,-1.385272196570123,0.5618849541797382,-1.457024596044014,-0.8951396418642759,12.620223867733433,7.961955914389153,within_event_leave_site_out,Rib Reef,200.0
2020,Roxburgh Reef,-18.4321,147.0563,-3.331693297466966,1,,shallow_preferred,-1.3329002814763475,-1.9987930159906186,-1.044858235900903,0.5918170155557894,-0.30377496998034487,0.2880420455754445,6.794050715411243,7.9533133322120895,within_event_leave_site_out,Roxburgh Reef,200.0
2020,Sand Bank No7,-13.4363,143.9722,-6.03,1,,shallow_preferred,-2.036259190879201,-3.993740809120799,-2.9552721453194937,0.5918170155557894,-1.5108299699960819,-0.9190129544402925,82.5447688071673,7.371464923237376,within_event_leave_site_out,Sand Bank No7,200.0
2020,Seaforth Island,-20.4685,149.0389,2.016782735515747,1,,shallow_preferred,0.680638816302164,1.3361439192135829,0.8594468906205224,0.5618849541797382,-0.3830768798613797,0.17880807431835843,17.28354301801151,7.971008799031562,within_event_leave_site_out,Seaforth Island,200.0
2020,Seal Rocks North,-23.9583,151.4849,2.838999863593152,1,,shallow_preferred,1.5410456536868749,1.297954209906277,1.4631621316187196,0.5618849541797382,-0.6397684762478931,-0.07788352206815496,17.70517680874414,7.871946859645871,within_event_leave_site_out,Seal Rocks North,200.0
2020,Shute and Tancred Islands,-20.3009,148.7983,1.348653458250242,1,,shallow_preferred,0.5974292638433202,0.7512241944069219,0.7570652169173837,0.5618849541797382,-0.40224900110567474,0.15963595307406342,5.230947964630829,7.983688814533395,within_event_leave_site_out,Shute and Tancred Islands,200.0
2020,Small Lagoon Reef,-21.8678,152.5239,2.2234787121065374,1,,shallow_preferred,-0.24702402190689093,2.4705027340134285,-0.18873184157789574,0.5618849541797382,-0.503592773850743,0.05829218032899519,12.845478973003301,7.957496717605212,within_event_leave_site_out,Small Lagoon Reef,200.0
2020,Snake Reef,-22.0232,152.1928,-0.0755047190480606,1,,shallow_preferred,-0.24515648321329758,0.16965176416523697,0.11613979369976812,0.5918170155557894,-0.23052073864272365,0.3612962769130657,14.491850269937311,7.914965052312268,within_event_leave_site_out,Snake Reef,200.0
2020,Snapper Island North,-16.2924,145.4969,5.115966535074563,1,,shallow_preferred,1.3702852113922166,3.745681323682346,11.678290912480305,0.5618849541797382,9.74612074690835,10.308005701088089,12.240133170092554,7.932985709705588,within_event_leave_site_out,Snapper Island North,200.0
2020,St Crispin Reef,-16.0733,145.8438,88.25537843400438,1,,shallow_preferred,0.8987075305155551,87.35667090348883,-0.08505595877253391,0.5618849541797382,-1.5456484434678273,-0.9837634892880891,4.370937219683819,7.909614620440741,within_event_leave_site_out,St Crispin Reef,200.0
2020,Taylor Reef,-17.8121,146.5703,0.3831780430515588,1,,shallow_preferred,0.5810372482254053,-0.19785920517384648,3.2046416732493217,0.5918170155557894,2.031787409468127,2.6236044250239163,4.786752694885461,7.935493300223567,within_event_leave_site_out,Taylor Reef,200.0
2020,Tern Reef,-20.9023,150.0264,-1.0741594610218153,1,,shallow_preferred,-1.0814645496715216,0.007305088649706359,-0.49286850099254426,0.5918170155557894,-0.003220966876812005,0.5885960486789773,18.243632282729035,7.783180429444803,within_event_leave_site_out,Tern Reef,200.0
2020,Thetford Reef,-16.7995,146.1951,1.1996534608867409,1,,shallow_preferred,0.7423438216886883,0.45730963919805256,1.1059550087941359,0.5918170155557894,-0.2282058284503416,0.36361118710544776,7.123271272813825,7.966239768392391,within_event_leave_site_out,Thetford Reef,200.0
2020,Tryon Island,-23.2457,151.7739,-3.263919477013788,1,,shallow_preferred,0.38271430906724124,-3.646633786081029,0.1473181620570514,0.5918170155557894,-0.8272131625659792,-0.23539614701018985,15.824864555586355,7.893502560763117,within_event_leave_site_out,Tryon Island,200.0
2020,Tuesday,-10.5519,142.3265,2.989141947783424,1,,shallow_preferred,-0.32267800762519305,3.311819955408617,0.6729506844308166,0.5618849541797382,0.4337437378762715,0.9956286920560097,66.52523050497574,5.42571549725356,within_event_leave_site_out,Tuesday,200.0
2020,Turner Cay,-21.7031,152.5605,-1.2722601282566712,1,,all_available,-0.46425683033867543,-0.8080032979179959,0.006473525845881678,0.5918170155557894,-0.12108665937123225,0.4707303561845571,18.699673428175867,7.986134004877141,within_event_leave_site_out,Turner Cay,200.0
2020,Tydeman Cay,-13.9715,144.5017,-5.401408447634655,2,2.6,shallow_preferred,-0.9370655231163029,-4.464342924518352,-3.053308042622117,0.5918170155557894,-2.7080595350616035,-2.116242519505814,82.5447688071673,7.858186330322385,within_event_leave_site_out,Tydeman Cay,200.0
2020,Warraber Island,-10.2007,142.8189,1.78781952851811,1,,all_available,-0.6017336149451491,2.3895531434632593,0.5769311189686769,0.5618849541797382,0.6167797797340878,1.178664733913826,44.693385849190435,5.037970983125599,within_event_leave_site_out,Warraber Island,200.0
2020,Willis Island,-16.28805,149.9634,-5.210242417599298,2,,shallow_preferred,-4.419367092249939,-0.7908753253493597,-4.588008706180427,0.5918170155557894,-0.7604586294862781,-0.1686416139304887,97.5463098301599,5.756106049784107,within_event_leave_site_out,Willis Island,200.0
2020,Woiz Reef,-10.1744,143.2264,1.1404435733747071,1,,shallow_preferred,-0.5706089674681777,1.7110525408428847,0.6579561182069523,0.5618849541797382,0.6666801314953918,1.22856508567513,40.642679498549576,5.13537991832672,within_event_leave_site_out,Woiz Reef,200.0
2020,Yonge Reef,-14.57695,145.61415,-4.376788490280496,2,,shallow_preferred,-0.19682913148583076,-4.179959358794665,-3.199429459378044,0.5918170155557894,-3.5944173434480025,-3.002600327892213,6.686276529624356,7.356764479028955,within_event_leave_site_out,Yonge Reef,200.0
2022,19-131 Reef,-19.7641,149.3786,-2.3785906080173893,1,,shallow_preferred,-0.4094388054302243,-1.969151802587165,-1.004133449152737,-0.08777667889651711,-0.5069179648259955,-0.5946946437225126,57.288513906831795,7.980576795529006,within_event_leave_site_out,19-131 Reef,200.0
2022,19-159 Reef,-19.6628,149.9152,-4.44,1,,all_available,-1.1531893096328503,-3.28681069036715,-1.7081795054406723,-0.08777667889651711,-0.467213516911305,-0.5549901958078222,28.627899247066132,7.671709727877326,within_event_leave_site_out,19-159 Reef,200.0
2022,21-062 Reef,-21.0266,150.8538,-1.045948682836028,1,,all_available,-0.8339522333608707,-0.2119964494751574,-1.5421789839623323,-0.08777667889651711,-0.6204500717049446,-0.7082267506014617,32.896988404128905,7.801679080656161,within_event_leave_site_out,21-062 Reef,200.0
2022,21-139 Reef,-21.4552,151.4654,-0.4091454128263019,1,,shallow_preferred,-0.38492775717042005,-0.024217655655881853,-0.5840633853440562,-0.10454341103008777,-0.09459221714354835,-0.19913562817363611,18.982969178608094,7.775006080656216,within_event_leave_site_out,21-139 Reef,200.0
2022,21-187 Reef,-21.4072,151.6414,-0.083471493881662,1,,shallow_preferred,-0.4536516237190108,0.3701801298373488,-0.7241421313680306,-0.10454341103008777,-0.16594709661893203,-0.27049050764901983,18.982969178608094,7.843336757291817,within_event_leave_site_out,21-187 Reef,200.0
2022,21-245 Reef,-21.2965,152.4465,-0.4454734262389186,1,,all_available,-0.42088595274622204,-0.024587473492696577,-0.7703132250708602,-0.10454341103008777,-0.24488386129455036,-0.3494272723246381,12.834371126963449,7.862712822900851,within_event_leave_site_out,21-245 Reef,200.0
2022,21-296 Reef,-21.3283,152.5656,-1.4652746991282903,1,,all_available,-0.45396692304073183,-1.0113077760875586,-0.6535420248135944,-0.08777667889651711,-0.11179842287634546,-0.19957510177286258,12.834371126963449,7.864804251737316,within_event_leave_site_out,21-296 Reef,200.0
2022,21-550 Reef,-21.9471,152.3069,-0.0034301923432069,1,,shallow_preferred,-0.19572938249246444,0.19229919014925753,-0.3000198209136475,-0.10454341103008777,0.00025297260890471074,-0.10429043842118306,14.491850269937311,7.932238809980751,within_event_leave_site_out,21-550 Reef,200.0
2022,Agincourt Reef Number 1,-16.0398,145.8652,-2.651844619931497,1,,shallow_preferred,0.6473933933342289,-3.2992380132657257,0.7228067984987236,-0.08777667889651711,0.16319008406101193,0.07541340516449482,4.370937219683819,7.796897108865326,within_event_leave_site_out,Agincourt Reef Number 1,200.0
2022,Aquila Island,-21.9611,149.5816,1.9098567453975277,1,,shallow_preferred,-0.16114277513985234,2.07099952053738,-0.5600262696976361,-0.10454341103008777,-0.2943400835276961,-0.3988834945577838,62.816418969324054,7.647383973415144,within_event_leave_site_out,Aquila Island,200.0
2022,Arlington Reef,-16.6461,146.1107,-0.5367593562922782,1,,all_available,1.0380179859419199,-1.574777342234198,-0.29250803665297265,-0.08777667889651711,-1.2427493436983754,-1.3305260225948925,19.2804492131455,7.908189739731704,within_event_leave_site_out,Arlington Reef,200.0
2022,Barren Island,-23.1578,151.0707,-0.3208671857457266,1,,shallow_preferred,0.7977913007317684,-1.118658486477495,1.1970164724124581,-0.08777667889651711,0.4870018505772067,0.3992251716806896,12.710620140085936,7.83755313293701,within_event_leave_site_out,Barren Island,200.0
2022,Bedarra Island,-18.0094,146.148,1.133605519395835,1,,shallow_preferred,0.8380979122172523,0.2955076071785827,1.1723465972822777,-0.10454341103008777,0.4387920960951133,0.3342486850650256,9.242496316970788,7.918080990372498,within_event_leave_site_out,Bedarra Island,200.0
2022,Cattle Bay,-18.5691,146.4823,-1.4469747705416411,1,,shallow_preferred,0.28350132602915834,-1.7304760965707995,-0.9608426015320166,-0.08777667889651711,-1.1565672486646579,-1.244343927561175,1.341065833156318,7.91227280774532,within_event_leave_site_out,Cattle Bay,200.0
2022,Chicken Reef,-18.6543,147.7143,-1.4657225110230736,1,,shallow_preferred,-1.3534220842422637,-0.11230042678080987,-2.4607983851180055,-0.08777667889651711,-1.0195996219792245,-1.1073763008757416,17.15573681986673,7.875662951503078,within_event_leave_site_out,Chicken Reef,200.0
2022,Chinaman Reef,-21.9973,152.664,0.1627848857765562,1,,shallow_preferred,-0.18899351360198424,0.35177839937854044,-0.4237694665734967,-0.10454341103008777,-0.13023254194142467,-0.23477595297151244,5.425255719767251,7.911864846555388,within_event_leave_site_out,Chinaman Reef,200.0
2022,Davies Reef,-18.8065,147.6688,-4.097198572006766,1,,shallow_preferred,-1.2581857945944872,-2.839012777412279,-1.9458207732992454,-0.08777667889651711,-0.5998582998082411,-0.6876349787047582,17.589084506166472,7.885753130341504,within_event_leave_site_out,Davies Reef,200.0
2022,Daydream Island,-20.2557,148.8122,2.136293212639157,1,,shallow_preferred,0.2774657691228572,1.8588274435163,0.4887879242669487,-0.10454341103008777,0.3158655661741793,0.21132215514409156,5.230947964630829,7.9204144205736435,within_event_leave_site_out,Daydream Island,200.0
2022,Dent Island,-20.345,148.9382,1.3304348506075487,1,,shallow_preferred,0.6144393831584489,0.7159954674490998,0.9919999870424889,-0.10454341103008777,0.48210401491412785,0.3775606038840401,6.357400115253845,7.923091028403496,within_event_leave_site_out,Dent Island,200.0
2022,Dip Reef,-18.3999,147.4519,-3.4808544735666334,1,,all_available,-1.512260781897204,-1.9685936916694293,-2.3005501001338287,-0.08777667889651711,-0.7005126393401077,-0.7882893182366247,17.56223260742678,7.960615063595688,within_event_leave_site_out,Dip Reef,200.0
2022,Double Cone,-20.1046,148.7218,-1.340713240785889,1,,shallow_preferred,-0.059644368741917586,-1.2810688720439716,0.5408412140014303,-0.08777667889651711,0.6882622616398649,0.6004855827433478,18.133391956516384,7.931170964388101,within_event_leave_site_out,Double Cone,200.0
2022,Dugong Island,-10.518,143.0997,-3.104144143713349,1,,shallow_preferred,0.2177785152898962,-3.321922659003245,-2.2106971455609266,-0.08777667889651711,-2.3406989819543056,-2.4284756608508227,40.642679498549576,4.1352351109974705,within_event_leave_site_out,Dugong Island,200.0
2022,Dunk Island,-17.9263,146.1461,2.6186019242209104,1,,shallow_preferred,0.8139913178097109,1.8046106064111995,0.7399902251950158,-0.10454341103008777,0.030542318415392632,-0.07400109261469513,9.242496316970788,7.90379580513143,within_event_leave_site_out,Dunk Island,200.0
2022,East Cay,-21.46965,152.56664999999998,-1.408171322422771,2,,all_available,-0.4115684404311448,-0.9966028819916262,-0.6075984546293637,-0.08777667889651711,-0.10825333530170177,-0.19603001419821886,15.71780050662962,7.934981901849896,within_event_leave_site_out,East Cay,200.0
2022,Erskine Island,-23.4993,151.7749,-0.1361484251800034,1,,shallow_preferred,-0.04837174628348628,-0.08777667889651711,1.2942391966501252,-0.10454341103008777,1.4471543539636993,1.3426109429336115,4.6449376543534555,7.861895239228112,within_event_leave_site_out,Erskine Island,200.0
2022,Farquharson Reef,-17.79,146.5315,4.046969595776141,1,,shallow_preferred,0.9083343298213535,3.138635265954788,0.9682567383559275,-0.10454341103008777,0.16446581956466183,0.05992240853457406,4.786752694885461,7.942105874747626,within_event_leave_site_out,Farquharson Reef,200.0
2022,Feather Reef,-17.519,146.3887,0.6317105884816945,1,,shallow_preferred,0.63636895911926,-0.004658370637565468,0.5475105978301548,-0.10454341103008777,0.015685049740982605,-0.08885836128910517,5.886901895802568,7.965468965395035,within_event_leave_site_out,Feather Reef,200.0
2022,Fitzroy Island,-16.9233,145.9963,2.65282077204235,1,,shallow_preferred,1.1222728146347243,1.5305479574076255,-0.6872133459530352,-0.10454341103008777,-1.7049427495576717,-1.8094861605877595,16.52260544145923,7.923687572413238,within_event_leave_site_out,Fitzroy Island,200.0
2022,Frankland Islands,-17.227,146.0904,-2.82,1,,shallow_preferred,0.7038489470279994,-3.5238489470279992,-0.0559165812249518,-0.08777667889651711,-0.6719888493564341,-0.7597655282529512,11.41944379063452,7.971006113930693,within_event_leave_site_out,Frankland Islands,200.0
2022,Gannet Cay Reef,-21.9784,152.4742,-0.1507100538374921,1,,shallow_preferred,-0.19344218763734378,0.04273213379985169,-0.37960717261805754,-0.10454341103008777,-0.08162157395062594,-0.1861649849807137,13.323992323594386,7.926431165141421,within_event_leave_site_out,Gannet Cay Reef,200.0
2022,Geoffrey Bay,-19.1548,146.8685,5.061730904646273,1,,shallow_preferred,1.0128724183062507,4.0488584863400225,-0.35200484780770847,-0.10454341103008777,-1.2603338550838714,-1.3648772661139592,48.39896797890436,7.979026874855886,within_event_leave_site_out,Geoffrey Bay,200.0
2022,"Green Island, Qld",-16.7755,145.9803,-0.4121544361777092,1,,all_available,1.1365451044236752,-1.5486995406013844,0.3411645905840084,-0.08777667889651711,-0.7076038349431497,-0.7953805138396668,16.52260544145923,7.904126400546868,within_event_leave_site_out,"Green Island, Qld",200.0
2022,Havannah Island,-18.8472,146.5428,-7.62,1,,shallow_preferred,0.8431783881594738,-8.463178388159474,0.8944642994724563,-0.08777667889651711,0.1390625902094996,0.05128591131298249,11.941546404388253,7.954767083347788,within_event_leave_site_out,Havannah Island,200.0
2022,Hayman Island,-20.0415,148.8819,0.494145963859558,1,,shallow_preferred,-0.12471392883691697,0.618859892696475,0.1889849499648435,-0.10454341103008777,0.41824228983184825,0.3136988788017605,14.08776503436185,7.958724928737729,within_event_leave_site_out,Hayman Island,200.0
2022,Hedley Reef,-17.2235,146.4754,-1.657937384793584,1,,shallow_preferred,0.6611253246809424,-2.3190627094745264,-0.18894359722746623,-0.08777667889651711,-0.7622922430118916,-0.8500689219084087,6.665061893679919,7.936126053092133,within_event_leave_site_out,Hedley Reef,200.0
2022,Helix Reef,-18.6203,147.2958,-1.1398314146952075,1,,shallow_preferred,-1.3676243961697394,0.22779298147453186,-2.4216598019024285,-0.10454341103008777,-0.9494919947026013,-1.054035405732689,22.624476091743695,7.986347784223404,within_event_leave_site_out,Helix Reef,200.0
2022,Henderson Island,-21.4854,149.9096,-0.0543985601681202,1,,shallow_preferred,-0.42018238584698886,0.3657838256788687,-0.4723366464010631,-0.10454341103008777,0.05238915047601358,-0.05215426055407419,35.51993817205843,7.694331090978153,within_event_leave_site_out,Henderson Island,200.0
2022,Heron Island,-23.4384,151.9182,2.1808009517332927,1,,shallow_preferred,-0.14632303888025858,2.3271239906135515,0.805290310474104,-0.10454341103008777,1.0561567603844504,0.9516133493543626,16.10863002746127,7.834513766952203,within_event_leave_site_out,Heron Island,200.0
2022,High Island,-17.1622,146.007,-2.77,1,,shallow_preferred,1.0064569955469085,-3.7764569955469085,0.05668438055823177,-0.08777667889651711,-0.8619959360921596,-0.9497726149886767,11.41944379063452,7.9541079392393,within_event_leave_site_out,High Island,200.0
2022,Hook Island,-20.1681,148.8871,0.2107336087404583,1,,shallow_preferred,-0.09695801194343986,0.30769162068389816,0.29786410043686784,-0.10454341103008777,0.4993655234103955,0.39482211238030773,12.488611960182649,7.948433056435175,within_event_leave_site_out,Hook Island,200.0
2022,Horseshoe Reef,-22.0229,152.6192,0.0112034489833148,1,,all_available,-0.1890122314335424,0.2002156804168572,-0.39561543289208173,-0.10454341103008777,-0.10205979042845152,-0.20660320145853928,5.425255719767251,7.904709673058565,within_event_leave_site_out,Horseshoe Reef,200.0
2022,Humpy Island,-23.2162,150.9638,0.279434735430043,1,,shallow_preferred,0.9948108371082701,-0.7153761016782272,1.7409345333269566,-0.08777667889651711,0.8339003751152037,0.7461236962186866,9.521104486568222,7.77857965720295,within_event_leave_site_out,Humpy Island,200.0
2022,John Brewer,-18.619,147.0811,0.4930263576224289,1,,shallow_preferred,-1.1123996646239387,1.6054260222463677,-2.9757701464220254,-0.10454341103008777,-1.758827070767999,-1.8633704817980867,21.468353402243846,7.948663087884614,within_event_leave_site_out,John Brewer,200.0
2022,Kelso Reef,-18.4448,146.9933,-1.0781514652946915,1,,shallow_preferred,-1.1611599802363857,0.08300851494169414,-2.022331193315954,-0.10454341103008777,-0.7566278020494805,-0.8611712130795683,12.620223867733433,7.9510500839626,within_event_leave_site_out,Kelso Reef,200.0
2022,Knife Reef,-18.5711,147.5772,-3.2651574439186666,1,,all_available,-1.3868171393732105,-1.878340304545456,-2.209997613399503,-0.08777667889651711,-0.7354037951297756,-0.8231804740262927,17.15573681986673,7.930779606902246,within_event_leave_site_out,Knife Reef,200.0
2022,Lady Elliot Reef,-18.6798,146.3325,3.8833344612980607,1,,shallow_preferred,0.4612371771034665,3.422097284194594,-1.671151787677577,-0.10454341103008777,-2.027845553750956,-2.1323889647810437,18.578485503433193,7.892919082725869,within_event_leave_site_out,Lady Elliot Reef,200.0
2022,Lady Musgrave,-23.8896,152.42,-0.47,1,,shallow_preferred,-0.42639748431472085,-0.04360251568527912,0.8674713587080097,-0.10454341103008777,1.3984122540528183,1.2938688430227305,57.29863113389703,7.8449349762824285,within_event_leave_site_out,Lady Musgrave,200.0
2022,Lagoon Reef,-12.3923,143.74,-4.43344753368639,1,,shallow_preferred,-0.7260591125270998,-3.7073884211592905,-2.5669703554546777,-0.08777667889651711,-1.7531345640310607,-1.8409112429275778,118.78414575979455,7.0620517028302965,within_event_leave_site_out,Lagoon Reef,200.0
2022,Lizard Island,-14.68995,145.45430850000002,0.01200421625706849,2,5.0,shallow_preferred,0.053413549771067284,-0.041409333513998794,-0.8608928142605489,-0.10454341103008777,-0.8097629530015283,-0.9143063640316161,6.103187344284145,7.203677547638524,within_event_leave_site_out,Lizard Island,200.0
2022,Low Isles,-16.3831,145.5619,2.007534551996275,1,,shallow_preferred,1.1860095102321555,0.8215250417641196,0.8387512864063493,-0.10454341103008777,-0.24271481279571838,-0.3472582238258062,12.240133170092554,7.908003816675525,within_event_leave_site_out,Low Isles,200.0
2022,Macgillivray,-14.6485,145.4915,-3.113379619347248,1,,all_available,-0.056389037123599016,-3.0569905822236487,-0.46669806355963117,-0.08777667889651711,-0.32253234753951504,-0.4103090264360322,6.103187344284145,7.185511661071857,within_event_leave_site_out,Macgillivray,200.0
2022,Mackay Reef,-16.0399,145.6506,0.9261292605345348,1,,shallow_preferred,0.9254288796668648,0.0007003808676699919,0.5744114850999756,-0.10454341103008777,-0.24647398353680136,-0.35101739456688913,20.97621703541694,7.779536653173858,within_event_leave_site_out,Mackay Reef,200.0
2022,Manning Island,-23.854,151.3533,5.309158172425871,1,,shallow_preferred,1.5068629385057117,3.8022952339201592,2.3215992863609247,-0.10454341103008777,0.9192797588853009,0.8147363478552131,10.301406151333772,7.881319007850735,within_event_leave_site_out,Manning Island,200.0
2022,Martin,-14.7553,145.3722,1.9154301837787944,1,,all_available,0.24154164987322418,1.6738885339055702,-0.9499843508058808,-0.10454341103008777,-1.0869825896490173,-1.191526000679105,11.435803865432767,7.305106350015552,within_event_leave_site_out,Martin,200.0
2022,Mast Head Reef,-23.5341,151.7497,0.3320649799632625,1,,all_available,0.24706812108714404,0.08499685887611846,1.578051183924811,-0.10454341103008777,1.4355264738677547,1.3309830628376669,4.6449376543534555,7.876336018310018,within_event_leave_site_out,Mast Head Reef,200.0
2022,McCulloch Reef,-17.2834,146.4777,1.0634930497346478,1,,shallow_preferred,0.6485060630834513,0.4149869866511965,-0.2513805475984685,-0.10454341103008777,-0.795343199651832,-0.8998866106819198,6.665061893679919,7.932714498755922,within_event_leave_site_out,McCulloch Reef,200.0
2022,Myrmidon Reef,-18.25695,147.38115,-2.106265781265818,2,,all_available,-1.4533128355763962,-0.6529529456894216,-2.422643486750884,-0.08777667889651711,-0.8815539722779706,-0.9693306511744877,17.56223260742678,7.9574746941445476,within_event_leave_site_out,Myrmidon Reef,200.0
2022,No Name,-14.6308,145.6418,-1.705695853816663,1,,shallow_preferred,-0.2715671817968895,-1.4341286720197737,-0.9849098129629672,-0.08777667889651711,-0.6255659522695606,-0.7133426311660777,16.289374149332726,7.247308860352426,within_event_leave_site_out,No Name,200.0
2022,North Direction Island,-14.7435,145.5136,0.7454363748168298,1,,shallow_preferred,0.04026012966695135,0.7051762451498784,-1.0005649401703136,-0.10454341103008777,-0.9362816588071773,-1.040825069837265,8.724533069287578,7.252649526921393,within_event_leave_site_out,North Direction Island,200.0
2022,North Keppel Island,-23.0864,150.9052,-0.7961308644747469,1,,shallow_preferred,0.9570437618132841,-1.753174626288031,1.8219724503164334,-0.08777667889651711,0.9527053673996664,0.8649286885031493,15.627238445567361,7.740464453260962,within_event_leave_site_out,North Keppel Island,200.0
2022,Northeast Reef,-18.5718,146.4947,0.1769185098647074,1,,shallow_preferred,0.28146192089479516,-0.10454341103008777,-1.199985430212794,-0.08777667889651711,-1.3936706722110719,-1.481447351107589,1.341065833156318,7.917038246576547,within_event_leave_site_out,Northeast Reef,200.0
2022,Nth Barnards (Jesse Is),-17.6717,146.1747,1.273264460917427,1,,all_available,0.8305705165183349,0.44269394439909215,1.053791342617288,-0.10454341103008777,0.3277642371290409,0.22322082609895313,28.333671520104392,7.984222893038772,within_event_leave_site_out,Nth Barnards (Jesse Is),200.0
2022,One Tree Island,-23.4833,152.0739,-0.32,4,,all_available,-0.648888646075339,0.328888646075339,0.5933980560632802,-0.10454341103008777,1.346830113168707,1.2422867021386192,16.648108547346098,7.833004941640467,within_event_leave_site_out,One Tree Island,200.0
2022,Pandora Reef,-18.8164,146.4341,-1.3308283189703358,1,,shallow_preferred,0.8117627363744827,-2.1425910553448184,-0.041298358524402,-0.08777667889651711,-0.7652844160023676,-0.8530610948988847,11.941546404388253,7.919795539129634,within_event_leave_site_out,Pandora Reef,200.0
2022,Peak Island,-23.3413,150.9369,0.5855679313135402,1,,shallow_preferred,1.1935695433137739,-0.6080016120002336,1.9959562827034998,-0.08777667889651711,0.8901634182862429,0.8023867393897258,12.986160728490018,7.8358074707983425,within_event_leave_site_out,Peak Island,200.0
2022,Peart Reef,-17.4676,146.402,-0.8201420307894405,1,,shallow_preferred,0.635305249415784,-1.4554472802052245,0.09869064088331297,-0.08777667889651711,-0.448837929635954,-0.5366146085324711,5.886901895802568,7.960602949516566,within_event_leave_site_out,Peart Reef,200.0
2022,Pelican Island,-23.2397,150.8742,2.87801058962431,1,,shallow_preferred,1.03000171561938,1.84800887400493,1.394897537691003,-0.10454341103008777,0.4694392331017109,0.3648958220716231,9.521104486568222,7.755274787509097,within_event_leave_site_out,Pelican Island,200.0
2022,Pelorus Island,-18.5406,146.4888,-1.0987203135328016,1,,shallow_preferred,0.26863203036065697,-1.3673523438934585,-1.0221158936625951,-0.08777667889651711,-1.202971245126735,-1.290747924023252,3.2422887630841384,7.918421773565359,within_event_leave_site_out,Pelorus Island,200.0
2022,Penrith Reef,-21.0036,149.8882,-1.4836345387472027,1,,shallow_preferred,-0.7992860691894007,-0.684348469557802,-0.7209028540030816,-0.08777667889651711,0.16615989408283616,0.07838321518631905,18.243632282729035,7.770640702853067,within_event_leave_site_out,Penrith Reef,200.0
2022,Pine Island,-20.378,148.8884,1.614351045119581,1,,shallow_preferred,0.6309985484913292,0.9833524966282519,0.979178344093681,-0.10454341103008777,0.45272320663243965,0.3481797956023519,6.357400115253845,7.9093795495194685,within_event_leave_site_out,Pine Island,200.0
2022,Pine Peak Island,-21.5145,150.2515,-0.6866243656929498,1,,shallow_preferred,-0.4918266030251803,-0.19479776266776955,-0.5214983629729182,-0.08777667889651711,0.0581049189487792,-0.029671759947737908,35.51993817205843,7.813446631007496,within_event_leave_site_out,Pine Peak Island,200.0
2022,Pompey Reef (No 1),-20.9201,150.5582,-1.631415408490577,1,,shallow_preferred,-0.8147018173640832,-0.8167135911264938,-1.4934706976058574,-0.08777667889651711,-0.5909922013452571,-0.6787688802417742,32.896988404128905,7.791704549483291,within_event_leave_site_out,Pompey Reef (No 1),200.0
2022,Rat Island,-23.767,151.3185,6.114287463581379,1,,shallow_preferred,1.6358081966191962,4.478479266962182,2.4322446405628733,-0.10454341103008777,0.9009798549737648,0.796436443943677,10.301406151333772,7.908701543165384,within_event_leave_site_out,Rat Island,200.0
2022,Rebe Reef,-19.795,150.1499,-5.96,1,,shallow_preferred,-1.4000382823149595,-4.559961717685041,-2.4144177147884975,-0.08777667889651711,-0.926602753577021,-1.0143794324735382,28.627899247066132,7.656437790512846,within_event_leave_site_out,Rebe Reef,200.0
2022,Rib Reef,-18.473,146.8774,-3.641424667151929,1,,shallow_preferred,-0.6999941029273369,-2.941430564224592,-1.9005594267290549,-0.08777667889651711,-1.112788644905201,-1.200565323801718,12.620223867733433,7.959858948872016,within_event_leave_site_out,Rib Reef,200.0
2022,Sand Bank No7,-13.4363,143.9722,-4.078812431810763,1,,shallow_preferred,-1.8107640877794196,-2.2680483440313437,-3.3236178051379595,-0.08777667889651711,-1.425077038462023,-1.5128537173585401,82.5447688071673,7.082914470737651,within_event_leave_site_out,Sand Bank No7,200.0
2022,Seaforth Island,-20.4685,149.0389,1.3896108603220183,1,,shallow_preferred,0.6374479718140058,0.7521628885080125,1.004568526545359,-0.10454341103008777,0.47166396576144093,0.3671205547313532,17.28354301801151,7.922275048612202,within_event_leave_site_out,Seaforth Island,200.0
2022,Shute and Tancred Islands,-20.3009,148.7983,1.2805066431930934,1,,shallow_preferred,0.322973043576776,0.9575335996163175,0.6688798935594031,-0.10454341103008777,0.45045026101271496,0.3459068499826272,5.230947964630829,7.91246043937541,within_event_leave_site_out,Shute and Tancred Islands,200.0
2022,Small Lagoon Reef,-21.8678,152.5239,-0.49,1,,shallow_preferred,-0.19293550592226574,-0.2970644940777343,-0.35561456682706455,-0.08777667889651711,-0.0749023820082817,-0.1626790609047988,13.323992323594386,7.957512620893348,within_event_leave_site_out,Small Lagoon Reef,200.0
2022,Snake Reef,-22.0232,152.1928,0.2680475636644979,1,,shallow_preferred,-0.20897824797367945,0.47702581163817737,-0.3478630935897182,-0.10454341103008777,-0.034341434585950965,-0.13888484561603873,14.491850269937311,7.914113423683595,within_event_leave_site_out,Snake Reef,200.0
2022,Snapper Island North,-16.2924,145.4969,4.223499478603828,1,,shallow_preferred,1.23359709456745,2.989902384036378,0.5496086716705373,-0.10454341103008777,-0.5794450118668248,-0.6839884228969126,12.240133170092554,7.853030819530057,within_event_leave_site_out,Snapper Island North,200.0
2022,St Crispin Reef,-16.0733,145.8438,-0.410183903401097,1,,shallow_preferred,0.6927506075694602,-1.1029345109705573,0.42266238884101587,-0.08777667889651711,-0.18231153983192722,-0.27008821872844435,4.370937219683819,7.807818037621067,within_event_leave_site_out,St Crispin Reef,200.0
2022,Taylor Reef,-17.8121,146.5703,1.8551421834079156,1,,shallow_preferred,0.9052914385052729,0.9498507449026427,1.2990740875887534,-0.10454341103008777,0.49832606011356834,0.3937826490834806,4.786752694885461,7.935497906573365,within_event_leave_site_out,Taylor Reef,200.0
2022,Tern Reef,-20.9023,150.0264,-1.940902751155893,1,,shallow_preferred,-0.8128417477534456,-1.1280610034024474,-1.2184456694310464,-0.08777667889651711,-0.3178272427810837,-0.40560392167760084,18.243632282729035,7.74751796043026,within_event_leave_site_out,Tern Reef,200.0
2022,Thetford Reef,-16.7995,146.1951,0.6869782559540729,1,,shallow_preferred,1.1057084826940229,-0.41873022673995,-0.39496614436916255,-0.08777667889651711,-1.4128979481666684,-1.5006746270631854,19.2804492131455,7.92705549488198,within_event_leave_site_out,Thetford Reef,200.0
2022,Tryon Island,-23.2457,151.7739,0.7394298817738182,1,,shallow_preferred,-0.08366597612319776,0.823095857897016,1.003031515123165,-0.10454341103008777,1.1912409022764505,1.0866974912463627,26.003209769600254,7.892594994485382,within_event_leave_site_out,Tryon Island,200.0
2022,Turner Cay,-21.7031,152.5605,-1.11,1,,all_available,-0.3619344696962667,-0.7480655303037334,-0.5583260882948755,-0.08777667889651711,-0.10861493970209173,-0.19639161859860882,18.699673428175867,7.986247988467294,within_event_leave_site_out,Turner Cay,200.0
2022,Tydeman Cay,-13.9715,144.5017,-3.554377203886662,1,,shallow_preferred,-1.2933131225805334,-2.2610640813061282,-2.283834793322072,-0.08777667889651711,-0.9027449918450215,-0.9905216707415386,82.5447688071673,7.622082479250806,within_event_leave_site_out,Tydeman Cay,200.0
2022,Warraber Island,-10.2007,142.8189,-3.827378726930228,1,,all_available,0.3265248332861312,-4.153903560216359,-1.828785066535823,-0.08777667889651711,-2.067533220925437,-2.155309899821954,44.693385849190435,3.762008004907146,within_event_leave_site_out,Warraber Island,200.0
2022,Woiz Reef,-10.1744,143.2264,-0.5409761267719593,1,,shallow_preferred,0.3316417653307589,-0.8726178921027181,-2.9454897155902824,-0.08777667889651711,-3.1893548020245244,-3.2771314809210415,40.642679498549576,3.845569982501265,within_event_leave_site_out,Woiz Reef,200.0
2024,19-131 Reef,-19.7641,149.3786,-0.6744511753434193,1,,shallow_preferred,-0.2199756345381037,-0.45447554080531555,-2.3477830915256543,-0.8049137769345692,-1.3228936800529811,-2.1278074569875502,6.067198349540016,7.867103658560331,within_event_leave_site_out,19-131 Reef,200.0
2024,19-138 Reef,-19.8024,149.4199,-1.0230412376642537,1,,shallow_preferred,-0.23084415851365356,-0.7921970791506001,-2.3283433126335282,-0.7826730319987272,-1.3148261221211477,-2.097499154119875,6.067198349540016,7.86834962289492,within_event_leave_site_out,19-138 Reef,200.0
2024,19-159 Reef,-19.6661,149.9146,-7.65684152839136,1,,shallow_preferred,-1.0687686329645774,-6.588072895426783,-2.8870397585523957,-0.7699563342147581,-1.0483147913730604,-1.8182711255878186,28.49526327239457,7.679622932382841,within_event_leave_site_out,19-159 Reef,200.0
2024,21-062 Reef,-21.0266,150.8538,-1.9333814204583104,1,,all_available,-0.7830959794973608,-1.1502854409609498,-2.6691357172980297,-0.7699563342147581,-1.116083403585911,-1.8860397378006692,79.30429201646247,7.831711837475869,within_event_leave_site_out,21-062 Reef,200.0
2024,21-139 Reef,-21.4552,151.4654,0.0726746718180955,1,,shallow_preferred,-0.33172679291490914,0.40440146473300465,-2.530055560995317,-0.8049137769345692,-1.3934149911458382,-2.1983287680804073,18.982969178608094,7.751945576189909,within_event_leave_site_out,21-139 Reef,200.0
2024,21-187 Reef,-21.4072,151.6414,-0.4103944612504753,1,,shallow_preferred,-0.2871273997538465,-0.1232670614966288,-2.441870914165765,-0.8049137769345692,-1.3498297374773496,-2.1547435144119187,18.982969178608094,7.827047080009658,within_event_leave_site_out,21-187 Reef,200.0
2024,21-296 Reef,-21.3283,152.5656,-4.404290636113286,1,,all_available,-0.29203383944205463,-4.112256796671232,-2.126403257342504,-0.7699563342147581,-1.0644130836856913,-1.8343694179004495,16.101130827301812,7.868773575146203,within_event_leave_site_out,21-296 Reef,200.0
2024,21-550 Reef,-21.9471,152.3069,-6.265088692108982,1,,shallow_preferred,-0.09617654100881787,-6.168912151100164,-1.5697807469519294,-0.7699563342147581,-0.7036478717283533,-1.4736042059431114,14.491850269937311,7.882388969059912,within_event_leave_site_out,21-550 Reef,200.0
2024,Agincourt Reef Number 1,-16.0398,145.8652,-4.012516339372439,1,,shallow_preferred,0.6065063666371943,-4.619022706009633,1.5546057227092,-0.7699563342147581,1.7180556902867639,0.9480993560720058,4.370937219683819,7.623344255505986,within_event_leave_site_out,Agincourt Reef Number 1,200.0
2024,Aquila Island,-21.9611,149.5816,0.4390047486318469,1,,shallow_preferred,-0.012076786184090112,0.45108153481593705,-1.2276612526561137,-0.8049137769345692,-0.41067068953745434,-1.2155844664720235,62.816418969324054,7.584640676016274,within_event_leave_site_out,Aquila Island,200.0
2024,Barren Island,-23.1578,151.0707,0.3196292238013338,1,,all_available,0.8852425285998862,-0.5656133047985523,0.7151958366731698,-0.8049137769345692,0.6348670850078528,-0.1700466919267164,12.710620140085936,7.820453214828255,within_event_leave_site_out,Barren Island,200.0
2024,Bedarra Island,-18.0094,146.148,1.1625144023774636,1,,shallow_preferred,1.2561375583048071,-0.0936231559273435,-0.7476991569811838,-0.8049137769345692,-1.1989229383514217,-2.003836715285991,9.242496316970788,7.91795746103795,within_event_leave_site_out,Bedarra Island,200.0
2024,Cattle Bay,-18.5691,146.4823,-0.7300712136667187,1,,shallow_preferred,0.3284878005431525,-1.0585590142098713,-1.1988635246362676,-0.7699563342147581,-0.7573949909646621,-1.5273513251794202,1.341065833156318,7.91227280774532,within_event_leave_site_out,Cattle Bay,200.0
2024,Chicken Reef,-18.6543,147.7143,-2.184520626102456,1,,shallow_preferred,-1.2475123527988714,-0.9370082733035847,-2.6774520840291944,-0.7699563342147581,-0.6599833970155647,-1.4299397312303228,17.15573681986673,7.820291723598263,within_event_leave_site_out,Chicken Reef,200.0
2024,Chinaman Reef,-21.9973,152.664,-0.5064200122349298,1,,shallow_preferred,-0.10724992365037182,-0.399170088584558,-2.3438031962322077,-0.8049137769345692,-1.4316394956472664,-2.2365532725818356,5.64402331010218,7.799301396276601,within_event_leave_site_out,Chinaman Reef,200.0
2024,Davies Reef,-18.8065,147.6688,-4.23,1,,shallow_preferred,-1.134304886508141,-3.0956951134918596,-2.2006209376516552,-0.7699563342147581,-0.29635971692875607,-1.0663160511435141,17.589084506166472,7.854640844784812,within_event_leave_site_out,Davies Reef,200.0
2024,Daydream Island,-20.2557,148.8122,0.6784482753618271,1,,shallow_preferred,0.5034443644884786,0.17500391087334843,0.49055067473278513,-0.8049137769345692,0.7920200871788757,-0.012893689755693494,5.230947964630829,7.9204939679019,within_event_leave_site_out,Daydream Island,200.0
2024,Dent Island,-20.345,148.9382,2.566522705175249,1,,shallow_preferred,0.8283682521757456,1.7381544529995032,0.5947070892945465,-0.8049137769345692,0.5712526140533701,-0.2336611628811991,6.357400115253845,7.9252163747422735,within_event_leave_site_out,Dent Island,200.0
2024,Double Cone,-20.1046,148.7218,1.2275266028900518,1,,shallow_preferred,0.20571258172541215,1.0218140211646396,0.03302851844174748,-0.8049137769345692,0.6322297136509045,-0.1726840632836647,18.64569681400093,7.932065920665503,within_event_leave_site_out,Double Cone,200.0
2024,Dunk Island,-17.9263,146.1461,1.9648675111953395,1,,shallow_preferred,1.2402114689139059,0.7246560422814337,-1.262559151866602,-0.8049137769345692,-1.6978568438459385,-2.502770620780508,9.242496316970788,7.90370440084126,within_event_leave_site_out,Dunk Island,200.0
2024,East Cay,-21.4731,152.5661,-2.711257994167201,1,,shallow_preferred,-0.28035021453615777,-2.430907779631043,-2.373212672554249,-0.7699563342147581,-1.322906123803333,-2.0928624580180912,16.101130827301812,7.887990506596966,within_event_leave_site_out,East Cay,200.0
2024,Erskine Island,-23.4993,151.7749,-0.1237739004500273,1,,shallow_preferred,0.45429110445222054,-0.5780650049022479,0.021161326417044324,-0.8049137769345692,0.371783998899393,-0.4331297780351762,4.6449376543534555,7.889896733070594,within_event_leave_site_out,Erskine Island,200.0
2024,Farquharson Reef,-17.79,146.5315,-0.4620728254939896,1,,shallow_preferred,1.2567403550643663,-1.718813180558356,-0.9388136625180185,-0.7699563342147581,-1.4255976833676267,-2.195554017582385,4.786752694885461,7.892640732895233,within_event_leave_site_out,Farquharson Reef,200.0
2024,Feather Reef,-17.519,146.3887,-0.1261575783816608,1,,shallow_preferred,0.8780257599351909,-1.0041833383168517,-0.8597802599084695,-0.7699563342147581,-0.9678496856289024,-1.7378060198436605,6.034190045094119,7.942126187629175,within_event_leave_site_out,Feather Reef,200.0
2024,Fitzroy Island,-16.9233,145.9963,2.4398755607444453,1,,shallow_preferred,0.771884441627442,1.6679911191170034,0.3695632165849276,-0.8049137769345692,0.40259255189205484,-0.4023212250425144,25.23976149187972,7.867103580575762,within_event_leave_site_out,Fitzroy Island,200.0
2024,Frankland Islands,-17.227,146.0904,-4.0774689296026985,1,,shallow_preferred,0.48038258541802603,-4.557851515020724,-0.2103488563637952,-0.7699563342147581,0.07922489243293684,-0.6907314417818212,11.41944379063452,7.916503941528761,within_event_leave_site_out,Frankland Islands,200.0
2024,Gannet Cay Reef,-21.9784,152.4742,-1.6855877548702187,1,,shallow_preferred,-0.10470772057760955,-1.5808800342926093,-2.214408988525144,-0.7699563342147581,-1.3397449337327763,-2.109701267947534,15.485499777971011,7.843341779851241,within_event_leave_site_out,Gannet Cay Reef,200.0
2024,Geoffrey Bay,-19.1548,146.8685,3.1578664283643807,1,,shallow_preferred,1.019209651161937,2.138656777202444,0.1185492504233859,-0.8049137769345692,-0.09574662380398194,-0.9006604007385511,48.39896797890436,7.979026874855886,within_event_leave_site_out,Geoffrey Bay,200.0
2024,Havannah Island,-18.8472,146.5428,-2.0044825113156497,1,,shallow_preferred,0.8795130320907698,-2.8839955434064195,0.08164742988338712,-0.7699563342147581,-0.027909267992624626,-0.7978656022073827,11.941546404388253,7.954767083347788,within_event_leave_site_out,Havannah Island,200.0
2024,Hayman Island,-20.0572,148.8997,-1.6394145048062023,1,,all_available,0.1532528756886786,-1.792667380494881,0.3379479666279548,-0.7699563342147581,0.9546514251540342,0.18469509093927616,12.401515782198352,7.960356189186148,within_event_leave_site_out,Hayman Island,200.0
2024,Helix Reef,-18.6203,147.2958,-2.0171620859266275,1,,shallow_preferred,-1.1995316112080892,-0.8176304747185383,-2.5304950232156536,-0.7699563342147581,-0.5610070777928065,-1.3309634120075646,22.624476091743695,7.9620699498143965,within_event_leave_site_out,Helix Reef,200.0
2024,Henderson Island,-21.4854,149.9096,1.126334270875045,1,,shallow_preferred,-0.3715750325939067,1.4979093034689517,-1.8777438044233494,-0.8049137769345692,-0.7012549948948736,-1.5061687718294428,35.51993817205843,7.5861109580131645,within_event_leave_site_out,Henderson Island,200.0
2024,Heron Island,-23.4384,151.9182,-0.181553811969767,1,,shallow_preferred,0.3907313134816485,-0.5722851254514155,-0.10761070798559458,-0.8049137769345692,0.3065717554673261,-0.4983420214672431,16.10863002746127,7.863436875062772,within_event_leave_site_out,Heron Island,200.0
2024,High Island,-17.1622,146.007,1.535772150210808,1,,shallow_preferred,0.6032889606301584,0.9324831895806496,-0.8736082500631903,-0.8049137769345692,-0.6719834337587794,-1.4768972106933487,11.41944379063452,7.876111106461694,within_event_leave_site_out,High Island,200.0
2024,Hook Island,-20.1681,148.8871,-3.042549039341085,1,,all_available,0.19167382988072507,-3.23422286922181,0.597355255321288,-0.7699563342147581,1.175637759655321,0.40568142544056285,12.401515782198352,7.947418499785994,within_event_leave_site_out,Hook Island,200.0
2024,Horseshoe Reef,-22.0227,152.6166,-0.1809719599408747,1,,shallow_preferred,-0.10498900496413419,-0.07598295497674051,-2.3914467638525667,-0.8049137769345692,-1.4815439819538632,-2.2864577588884325,5.64402331010218,7.794162285594814,within_event_leave_site_out,Horseshoe Reef,200.0
2024,Humpy Island,-23.2162,150.9638,0.6080076396220804,1,,shallow_preferred,1.1065230958295686,-0.4985154562074883,0.9477038983833196,-0.8049137769345692,0.6460945794883202,-0.15881919744624906,9.521104486568222,7.7599777279508295,within_event_leave_site_out,Humpy Island,200.0
2024,John Brewer,-18.619,147.0811,-2.873303413257616,1,,shallow_preferred,-0.9980083753826814,-1.8752950378749347,-2.81931728530484,-0.7699563342147581,-1.0513525757074003,-1.8213089099221582,21.468353402243846,7.939202870814834,within_event_leave_site_out,John Brewer,200.0
2024,Kelso Reef,-18.4448,146.9933,-3.000988014471895,1,,shallow_preferred,-1.0350896474511926,-1.9658983670207022,-2.6254290378132614,-0.7699563342147581,-0.8203830561473109,-1.590339390362069,12.620223867733433,7.941015150646208,within_event_leave_site_out,Kelso Reef,200.0
2024,Knife Reef,-18.5711,147.5772,-4.760525391713829,1,,all_available,-1.2789242769976934,-3.4816011147161356,-2.297357981645155,-0.7699563342147581,-0.24847737043270335,-1.0184337046474614,17.15573681986673,7.87988905565343,within_event_leave_site_out,Knife Reef,200.0
2024,Lady Elliot Reef,-18.6798,146.3325,2.6642012664764696,1,,shallow_preferred,0.5014769949088376,2.1627242715676323,-1.2659156764737975,-0.8049137769345692,-0.9624788944480658,-1.767392671382635,18.578485503433193,7.892919082725867,within_event_leave_site_out,Lady Elliot Reef,200.0
2024,Lady Musgrave,-23.8896,152.42,-1.9318759413607989,1,,shallow_preferred,-0.1121071157872336,-1.8197688255735653,-0.4257611825284363,-0.7699563342147581,0.4563022674735554,-0.31365406674120266,57.29863113389703,7.935828824470698,within_event_leave_site_out,Lady Musgrave,200.0
2024,Lagoon Reef,-12.3926,143.7398,-3.979975825951212,1,,all_available,-0.7471517898757943,-3.2328240360754177,-1.1226403806318304,-0.7699563342147581,0.394467743458722,-0.3754885907560361,118.75613707833729,6.2424194711855705,within_event_leave_site_out,Lagoon Reef,200.0
2024,Lizard Island,-14.68995,145.45430850000002,0.9437563272144394,2,5.0,shallow_preferred,-0.3861152363078476,1.3298715635222869,0.37056942802179904,-0.8049137769345692,1.5615984412642159,0.7566846643296467,6.103187344284145,7.315694147573244,within_event_leave_site_out,Lizard Island,200.0
2024,Low Isles,-16.3831,145.5619,3.234717160448197,1,,shallow_preferred,1.057296637133733,2.177420523314464,1.287808967758549,-0.8049137769345692,1.0354261075593851,0.2305123306248159,12.240133170092554,7.813612948525058,within_event_leave_site_out,Low Isles,200.0
2024,Macgillivray,-14.6485,145.4915,0.3334817723541992,1,,all_available,-0.4973843823492942,0.8308661547034935,0.30446347312420774,-0.8049137769345692,1.6067616324080711,0.8018478554735019,6.103187344284145,7.288686611305301,within_event_leave_site_out,Macgillivray,200.0
2024,Mackay Reef,-16.0399,145.6506,2.986583602448798,1,,shallow_preferred,0.8397603919721842,2.146823210476614,0.858006799167415,-0.8049137769345692,0.8231601841298,0.01824640719523074,20.97621703541694,7.604809535633058,within_event_leave_site_out,Mackay Reef,200.0
2024,Manning Island,-23.854,151.3533,0.8688011005989598,1,,shallow_preferred,1.872040112140924,-1.0032390115419643,2.0689903956614755,-0.7699563342147581,0.9669066177353095,0.19695028352055144,10.301406151333772,7.8437908907331515,within_event_leave_site_out,Manning Island,200.0
2024,Martin,-14.7553,145.3722,3.8351490990065393,1,,all_available,-0.19492690768504325,4.030076006691583,0.13279503931127457,-0.8049137769345692,1.132635723930887,0.32772194699631785,11.435803865432767,7.402524937416222,within_event_leave_site_out,Martin,200.0
2024,Mast Head Reef,-23.5341,151.7497,0.0469545366380899,1,,all_available,0.7946701259170059,-0.747715589278916,0.40846380094409346,-0.8049137769345692,0.41870745196165676,-0.38620632497291246,4.6449376543534555,7.907045984758705,within_event_leave_site_out,Mast Head Reef,200.0
2024,Myrmidon Reef,-18.2585,147.3814,-1.772714135542496,1,,shallow_preferred,-1.3076828177350241,-0.46503131780747187,-3.042183276606733,-0.8049137769345692,-0.9295866819371397,-1.7345004588717088,40.43445215991432,7.9432438402115855,within_event_leave_site_out,Myrmidon Reef,200.0
2024,No Name,-14.6308,145.6418,-3.1206719496112054,1,,shallow_preferred,-0.6698322267487357,-2.4508397228624696,0.5536440779329115,-0.7699563342147581,1.9934326388964052,1.2234763046816473,7.0475439096602095,7.32647600497624,within_event_leave_site_out,No Name,200.0
2024,North Direction Island,-14.7435,145.5136,5.383649436141575,1,,shallow_preferred,-0.3958737924735789,5.7795232286151546,-0.378500868872911,-0.8049137769345692,0.8222867005352372,0.017372923600668,8.724533069287578,7.380655702027647,within_event_leave_site_out,North Direction Island,200.0
2024,North Keppel Island,-23.0864,150.9052,1.0622295146220626,1,,shallow_preferred,1.0496625028016577,0.012567011820404872,0.8002026709215937,-0.8049137769345692,0.5554539450545052,-0.24945983188006404,15.627238445567361,7.706125188094011,within_event_leave_site_out,North Keppel Island,200.0
2024,Northeast Reef,-18.5718,146.4947,0.4083809324888072,1,,shallow_preferred,0.32632163814990867,0.08205929433889853,-1.3664595573502956,-0.8049137769345692,-0.8878674185656349,-1.6927811955002041,1.341065833156318,7.917038246576545,within_event_leave_site_out,Northeast Reef,200.0
2024,Nth Barnards (Jesse Is),-17.6717,146.1747,-2.745176977858989,1,,all_available,1.2306641403167455,-3.975841118175735,-0.02655663355648674,-0.7699563342147581,-0.4872644396584742,-1.2572207738732324,28.333671520104392,7.980040849329203,within_event_leave_site_out,Nth Barnards (Jesse Is),200.0
2024,One Tree Island,-23.4833,152.0739,-1.8831180838731818,4,,all_available,-0.127699757693873,-1.7554183261793088,-0.4721972698267723,-0.7699563342147581,0.42545882208185876,-0.3444975121328993,16.648108547346098,7.878661031354023,within_event_leave_site_out,One Tree Island,200.0
2024,Pandora Reef,-18.8164,146.4341,-1.2492841044856169,1,,shallow_preferred,0.8485993348048686,-2.0978834392904853,-0.06339814226901169,-0.7699563342147581,-0.14204114285912223,-0.9119974770738803,11.941546404388253,7.919795539129635,within_event_leave_site_out,Pandora Reef,200.0
2024,Peart Reef,-17.4665,146.4031,-2.1103074542540026,1,,all_available,0.857894711408009,-2.9682021656620114,-0.5944772210086265,-0.7699563342147581,-0.6824155982018775,-1.4523719324166355,6.034190045094119,7.937315630179826,within_event_leave_site_out,Peart Reef,200.0
2024,Pelican Island,-23.2397,150.8742,1.3336012499129186,1,,shallow_preferred,1.1476425279132618,0.1859587219996568,0.8920235120925387,-0.8049137769345692,0.5492947611138461,-0.2556190158207231,9.521104486568222,7.739396598303966,within_event_leave_site_out,Pelican Island,200.0
2024,Pelorus Island,-18.5406,146.4888,-4.99468701852191,1,,shallow_preferred,0.3199774234697931,-5.314664441991703,-0.6014560162626844,-0.7699563342147581,-0.15147710551771945,-0.9214334397324775,3.2422887630841384,7.918421773565361,within_event_leave_site_out,Pelorus Island,200.0
2024,Penrith Reef,-21.0036,149.8882,-8.25,1,,shallow_preferred,-0.7185828608428435,-7.531417139157156,-0.8490080478931338,-0.7699563342147581,0.6395311471644677,-0.13042518705029038,18.243632282729035,7.722738650494957,within_event_leave_site_out,Penrith Reef,200.0
2024,Pine Island,-20.378,148.8884,2.039983382562866,1,,shallow_preferred,0.843724304555686,1.1962590780071802,0.6982144782227896,-0.8049137769345692,0.6594039506016728,-0.14550982633289644,6.357400115253845,7.911414987733292,within_event_leave_site_out,Pine Island,200.0
2024,Pine Peak Island,-21.5145,150.2515,-0.7875008679016648,1,,shallow_preferred,-0.44195692212631565,-0.3455439457753492,-1.7357188143508842,-0.8049137769345692,-0.4888481152899993,-1.2937618922245684,35.51993817205843,7.686005172648973,within_event_leave_site_out,Pine Peak Island,200.0
2024,Rat Island,-23.767,151.3185,5.273399331924637,1,,shallow_preferred,1.856217213593851,3.4171821183307856,1.6152145010823307,-0.8049137769345692,0.5639110644230486,-0.2410027125115206,10.301406151333772,7.892318649986707,within_event_leave_site_out,Rat Island,200.0
2024,Rebe Reef,-19.795,150.1499,-8.971298792288794,1,,shallow_preferred,-1.3383016807902965,-7.632997111498497,-4.356721090513934,-0.7699563342147581,-2.2484630755088792,-3.0184194097236374,28.49526327239457,7.668653520127436,within_event_leave_site_out,Rebe Reef,200.0
2024,Rib Reef,-18.473,146.8774,-0.7957262887094778,1,,shallow_preferred,-0.544507278194678,-0.2512190105147998,-2.343795321566859,-0.8049137769345692,-0.9943742664376117,-1.799288043372181,12.620223867733433,7.959897722357677,within_event_leave_site_out,Rib Reef,200.0
2024,Sand Bank No7,-13.4363,143.9722,-6.256932822483051,1,,shallow_preferred,-1.6462676789068547,-4.610665143576197,-1.222058471943499,-0.7699563342147581,1.1941655411781138,0.42420920696335573,118.75613707833729,7.454281179325712,within_event_leave_site_out,Sand Bank No7,200.0
2024,Seaforth Island,-20.4685,149.0389,1.0099774032713746,1,,all_available,0.8334908002145528,0.17648660305682184,0.8213559582558462,-0.8049137769345692,0.7927789349758626,-0.012134841958706621,17.28354301801151,7.926642143450711,within_event_leave_site_out,Seaforth Island,200.0
2024,Seal Rocks North,-23.9583,151.4849,3.263794696516893,1,,shallow_preferred,1.536044174196431,1.727750522320462,1.0082609183339182,-0.8049137769345692,0.2771305210720563,-0.5277832558625128,17.70517680874414,7.862457697324803,within_event_leave_site_out,Seal Rocks North,200.0
2024,Shute and Tancred Islands,-20.3009,148.7983,1.6179930495016066,1,,shallow_preferred,0.530714669313443,1.0872783801881636,0.40976320809713185,-0.8049137769345692,0.683962315718258,-0.12095146121631117,5.230947964630829,7.912739485765997,within_event_leave_site_out,Shute and Tancred Islands,200.0
2024,Snake Reef,-22.0232,152.1928,-1.1544690991552988,1,,shallow_preferred,-0.08875102258845104,-1.0657180765668477,-2.3171334183489174,-0.7699563342147581,-1.4584260615457085,-2.2283823957604665,14.491850269937311,7.879100852584183,within_event_leave_site_out,Snake Reef,200.0
2024,Snapper Island North,-16.2924,145.4969,7.4435563247489664,1,,shallow_preferred,1.1034622375667793,6.340094087182187,0.6692595210525363,-0.8049137769345692,0.3707110604203262,-0.434202716514243,12.240133170092554,7.734040249328363,within_event_leave_site_out,Snapper Island North,200.0
2024,St Crispin Reef,-16.0733,145.8438,-2.0280244486688037,1,,shallow_preferred,0.6442062269486643,-2.672230675617468,1.2765768504450767,-0.7699563342147581,1.4023269577111706,0.6323706234964125,4.370937219683819,7.637189404944748,within_event_leave_site_out,St Crispin Reef,200.0
2024,Taylor Reef,-17.8121,146.5703,-0.1915376615305835,1,,shallow_preferred,1.255353801247093,-1.4468914627776766,-0.5318534471275768,-0.7699563342147581,-1.0172509141599118,-1.7872072483746697,4.786752694885461,7.894313231087148,within_event_leave_site_out,Taylor Reef,200.0
2024,Tern Reef,-20.9023,150.0264,-3.845918940878663,1,,shallow_preferred,-0.7560593816944552,-3.089859559184208,-2.630315347642472,-0.7699563342147581,-1.1042996317332587,-1.874255965948017,18.243632282729035,7.708488189963413,within_event_leave_site_out,Tern Reef,200.0
2024,Thetford Reef,-16.7995,146.1951,1.199482382797532,1,,shallow_preferred,0.7762576090785911,0.42322477371894096,-0.4802733003110716,-0.8049137769345692,-0.4516171324550935,-1.2565309093896628,25.23976149187972,7.888477883544282,within_event_leave_site_out,Thetford Reef,200.0
2024,Tryon Island,-23.2457,151.7739,-1.813614176405533,1,,shallow_preferred,0.45979573243338795,-2.273409908838921,0.11333769766029728,-0.7699563342147581,0.4234982994416674,-0.3464580347730907,26.003209769600254,7.89259499448538,within_event_leave_site_out,Tryon Island,200.0
2024,Turner Cay,-21.7031,152.5605,-2.5344971807506527,1,,all_available,-0.23645921058149186,-2.298037970169161,-2.290233555044632,-0.7699563342147581,-1.283818010248382,-2.05377434446314,25.58142199166528,7.9202302687740636,within_event_leave_site_out,Turner Cay,200.0
2024,Willis Island,-16.2897,149.9649,-13.17,1,,shallow_preferred,-1.8338131610881585,-11.336186838911841,-3.5751255537447704,-0.7699563342147581,-0.9713560584418538,-1.7413123926566119,350.9479252294557,7.9558867308170615,within_event_leave_site_out,Willis Island,200.0
2024,Yonge Reef,-14.5731,145.6147,-1.8594030718308463,1,,shallow_preferred,-0.686501575818465,-1.1729014960123814,0.33518873880617517,-0.7699563342147581,1.7916466488393983,1.02169031462464,7.0475439096602095,7.2815028527061365,within_event_leave_site_out,Yonge Reef,200.0
