Method,ReefName,Reef_Name,ReefID,SECTOR,Region,reef_zone,depth,report_year,DHWYear,Date,Prev.HC,mean,Change,Abs.Change,Rel.Change,Mort.prop,MaxDHW.mean,DISTURBANCE_TYPE,storm_name,description,Pre_Cover_Pct,Post_Cover_Pct,Net_Change_Pct,Growth_Adj_Loss_Pct,Mortality_Pct,MaxDHW
Benthic Photo (MMP),Snapper Reef (16-006),SNAPPER ISLAND,16-006,CA,Central,South,2,2024,2024,2024-06-05,0.5029984341764817,0,-0.5029984341764817,-0.5153192135110398,-0.9980632136596276,0.9980632136596276,6.9,m,Jasper,NA,50.3,0,-50.3,-51.5,99.8,6.9
Benthic Photo (MMP),Snapper Reef (16-006),SNAPPER ISLAND,16-006,CA,Central,South,5,2024,2024,2024-06-05,0.5789794313776275,0,-0.5789794313776275,-0.5802382442301444,-0.9982795350961041,0.9982795350961041,6.9,m,Jasper,NA,57.9,0,-57.9,-58,99.8,6.9
Benthic Photo (LTMP),Taylor Reef (17-064),TAYLOR REEF,17-064,IN,Central,_,9,2018,2017,2018-02-22,0.6297488038167678,0.0347810905147587,-0.594967713302009,-0.3295157639102113,-0.9020492783298576,0.9020492783298576,7.61,m,NA,COTS.  AO in 2018,63,3.5,-59.5,-33,90.2,7.61
Benthic Photo (LTMP),U/N Reef (21-060),REEF 21-060,21-060,PO,Southern,_,9,2018,2017,2018-03-21,0.032859866262247746,0.019740502983624602,-0.013119363278623144,-0.09653009841524372,-0.8231397917617846,0.8231397917617846,4.38,NA,NA,NA,3.3,2,-1.3,-9.7,82.3,4.38
Benthic Photo (MMP),Daydream Reef (No 1) (20-035a),DAYDREAM ISLAND,20-035a,WH,Southern,_,2,2021,2021,2021-06-16,0.006350466526021405,0.0025906872198502118,-0.0037597793061711934,-0.015319936993743725,-0.8101232841764662,0.8101232841764662,0,NA,NA,NA,0.6,0.3,-0.4,-1.5,81,0
Benthic Photo (MMP),Double Cone Reef (20-024),DOUBLE CONE ISLAND,20-024,WH,Southern,_,2,2018,2018,2018-06-15,0.01905276923084201,0.008698111323992693,-0.010354657906849316,-0.032315421798755836,-0.7691669658998144,0.7691669658998144,0,NA,NA,NA,1.9,0.9,-1,-3.2,76.9,0
Benthic Photo (LTMP),Hedley Reef (17-014),HEDLEY REEF,17-014,IN,Central,_,9,2018,2017,2018-02-18,0.13113998869877158,0.038835686592122616,-0.09230430210664897,-0.12930428070342964,-0.764480937125201,0.764480937125201,7.98,b,NA,"0+ bleaching, disease, Drupella and low numbers of COTS, 2016/17 summer bleaching.  Decline in coral cover, low number of COTS, COTS removal-80",13.1,3.9,-9.2,-12.9,76.4,7.98
Benthic Photo (LTMP),Farquharson Reef (No 1) (17-063a),FARQUHARSON REEF,17-063a,IN,Central,_,9,2018,2017,2018-02-21,0.2854911510065585,0.0724496420630625,-0.213041508943496,-0.23376009857963623,-0.7609136939818314,0.7609136939818314,8.16,m,NA,"COTS.  AO in 2018, COTS removal-308",28.5,7.2,-21.3,-23.4,76.1,8.16
Benthic Photo (MMP),Snapper Reef (16-006),SNAPPER ISLAND,16-006,CA,Central,North,2,2024,2024,2024-06-04,0.16863589480805166,0.05155365819270063,-0.11708223661535103,-0.15345640004711714,-0.7448976101374499,0.7448976101374499,6.9,m,Jasper,NA,16.9,5.2,-11.7,-15.3,74.5,6.9
Benthic Photo (LTMP),Yonge Reef (14-138),YONGE REEF,14-138,CL,Northern,_,9,2017,2016,2016-09-03,0.1814227608355879,0.07324354359215884,-0.10817921724342905,-0.21394692883015026,-0.7423802981128269,0.7423802981128269,11.36,m,NA,"bleaching mortality, storm dmage.  intact dead colonies observed,Cyclone Nathan March 2015, 2015/16 summer bleaching",18.1,7.3,-10.8,-21.4,74.2,11.36
Benthic Photo (LTMP),Carter Reef (14-137),CARTER REEF,14-137,CL,Northern,_,9,2017,2016,2016-09-04,0.2529042297452632,0.08607883976924205,-0.16682538997602117,-0.2252487145073815,-0.7211938601737402,0.7211938601737402,11.32,m,NA,"0+ survey severe bleaching in sector 2016 summer, also severe storm damage.  Cyclone Nathan March 2015, 2015/16 summer bleaching",25.3,8.6,-16.7,-22.5,72.1,11.32
Benthic Photo (LTMP),Penrith Reef (21-025),PENRITH ISLAND,21-025,PO,Southern,_,9,2018,2017,2018-03-15,0.3001225609922936,0.0800055742314458,-0.22011698676084782,-0.20756085232903268,-0.719282748180449,0.719282748180449,4.845,m,NA,Aerial bl 4 2017,30,8,-22,-20.8,71.9,4.84
Benthic Photo (MMP),North Keppel (Ko-no-mie) Island Reef (No 2) (23-004b),NORTH KEPPEL ISLAND,23-004b,CB,Southern,_,2,2025,2024,2025-04-21,0.17797019321167112,0.06233144983205673,-0.11563874337961438,-0.1568729347464955,-0.7123969626977846,0.7123969626977846,12.135,b,NA,further decline as a result of bleaching in 2024,17.8,6.2,-11.6,-15.7,71.2,12.13
Benthic Photo (LTMP),Pompey Reef (No 1) (20-351a),POMPEY REEF NO.1,20-351a,PO,Southern,_,9,2018,2017,2018-03-22,0.25440328219146235,0.09147379895155361,-0.16292948323990875,-0.22269184687326096,-0.7065866785399721,0.7065866785399721,4.283333333,b,NA,Aerial bl 2 2017 events.,25.4,9.1,-16.3,-22.3,70.7,4.28
Manta Tow (LTMP),Linnet Reef (14-126),LINNET REEF,14-126,CL,Northern,_,9,2025,2024,2024-09-30,0.4278475351183221,0.12205758932979481,-0.30578994578852725,-0.289122100402445,-0.701446741808808,0.701446741808808,6.565,b,NA,DHW 6.73,42.8,12.2,-30.6,-28.9,70.1,6.57
Benthic Photo (LTMP),One Tree Island Reef (23-055a),ONE TREE ISLAND,23-055a,CB,Southern,_,9,2025,2024,2024-11-06,0.6465710923203194,0.19033698696083282,-0.4562341053594866,-0.4409809846860884,-0.6974038449951363,0.6974038449951363,11.53,m,NA,DHW 11,64.7,19,-45.6,-44.1,69.7,11.53
Benthic Photo (LTMP),Peart Reef (17-024),PEART REEF,17-024,IN,Central,_,9,2018,2017,2018-02-19,0.414237715359819,0.11209218454186433,-0.3021455308179547,-0.25763818389845183,-0.6949476110693343,0.6949476110693343,9.52,m,NA,"0+ bleaching, COTS, disease and Drupella on transects, COTS removal.  AO in 2018, Large decline HCC, COTS removal-6178",41.4,11.2,-30.2,-25.8,69.5,9.52
Benthic Photo (LTMP),Broomfield Reef (23-048),BROOMFIELD REEF,23-048,CB,Southern,_,9,2025,2024,2024-11-04,0.5750808079045714,0.17919578831157115,-0.39588501959300026,-0.3909737388061617,-0.6845143521208404,0.6845143521208404,11.6,m,NA,Aerial bl 5 2024   DHW 11.6,57.5,17.9,-39.6,-39.1,68.5,11.6
Benthic Photo (LTMP),Gannett Cay Reef (21-556),GANNET CAY,21-556,SW,Southern,_,9,2021,2020,2020-09-04,0.23330519507553893,0.10128261590744957,-0.13202257916808935,-0.2213360809307277,-0.6839409561104712,0.6839409561104712,6.8,m,NA,DHW2020 6.8.,23.3,10.1,-13.2,-22.1,68.4,6.8
Benthic Photo (MMP),Humpy (Bur-ye-Bur-ye) Reef (23-016),HUMPY ISLAND AND HALFWAY ISLAND,23-016,CB,Southern,_,2,2025,2024,2025-04-21,0.22997353185720512,0.07922743179567049,-0.15074610006153463,-0.16589451814734757,-0.674033820168235,0.674033820168235,12.47,b,NA,further decline as a result of bleaching in 2024,23,7.9,-15.1,-16.6,67.4,12.47
Benthic Photo (MMP),Daydream Reef (No 1) (20-035a),DAYDREAM ISLAND,20-035a,WH,Southern,_,2,2018,2018,2018-06-14,0.00601426890492239,0.005022243281103812,-9.92025623818578e-4,-0.012168592261612488,-0.6689408099500328,0.6689408099500328,0,NA,NA,NA,0.6,0.5,-0.1,-1.2,66.9,0
Benthic Photo (LTMP),North Direction Reef (14-143),NORTH DIRECTION ISLAND,14-143,CL,Northern,_,9,2017,2016,2016-12-16,0.08850900291861305,0.047185697838981064,-0.041323305079631986,-0.09317147497713603,-0.6591209566587548,0.6591209566587548,8.83,m,Nathan,Cyclone Nathan,8.9,4.7,-4.1,-9.3,65.9,8.83
Manta Tow (LTMP),North Direction Reef (14-143),NORTH DIRECTION ISLAND,14-143,CL,Northern,_,9,2025,2024,2024-09-27,0.5837507562816058,0.18210999156528573,-0.40164076471632004,-0.34724644031625385,-0.6547416406063589,0.6547416406063589,6.505,b,NA,DHW 6.23 aerial bl 5,58.4,18.2,-40.2,-34.7,65.5,6.5
Benthic Photo (LTMP),Opal Reef (16-025),OPAL REEF,16-025,CA,Central,_,9,2017,2016,2016-09-14,0.20039619151906032,0.08375629332167503,-0.1166398981973853,-0.16021931591926947,-0.6540215020413994,0.6540215020413994,5.82,b,NA,"bleaching mortality- HC and particularly SC, COTS removal-2188.  2015/16 summer bleaching, COTS removal-2188",20,8.4,-11.7,-16,65.4,5.82
Benthic Photo (LTMP),Hastings Reef (16-057),HASTINGS REEF,16-057,CA,Central,_,9,2018,2017,2017-12-14,0.2580853512318209,0.0935136518817516,-0.16457169935006932,-0.17680603673401668,-0.6516520700582186,0.6516520700582186,10.37333333,b,NA,"bleaching mortality- HC, COTS removal.  2016/17 summer bleaching, COTS removal 886",25.8,9.4,-16.5,-17.7,65.2,10.37
Manta Tow (LTMP),Forrester Reef (15-009),FORRESTER REEF,15-009,CL,Northern,_,9,2025,2024,2024-12-22,0.4022669377156626,0.12895462233059005,-0.2733123153850725,-0.23736424149814678,-0.6462076001869,0.6462076001869,4.16,m,Jasper,Jasper,40.2,12.9,-27.3,-23.7,64.6,4.16
Benthic Photo (MMP),North Keppel (Ko-no-mie) Island Reef (No 2) (23-004b),NORTH KEPPEL ISLAND,23-004b,CB,Southern,_,2,2024,2024,2024-05-12,0.4840089198869416,0.17797019321167112,-0.3060387266752705,-0.3201026268522291,-0.6413946301688876,0.6413946301688876,12.135,b,NA,bleaching still evident at time of surveys,48.4,17.8,-30.6,-32,64.1,12.13
Benthic Photo (LTMP),No Name Reef (14-139),NO NAME REEF,14-139,CL,Northern,_,9,2017,2016,2016-12-10,0.20592415980783954,0.10049984548469722,-0.10542431432314232,-0.1799202178910892,-0.6393297469016549,0.6393297469016549,11.455,m,NA,"Bleaching, storm damage.  Cyclone Nathan March 2015, 2015/16 summer bleaching",20.6,10,-10.5,-18,63.9,11.46
Benthic Photo (LTMP),Martin Reef (14-123),MARTIN REEF,14-123,CL,Northern,_,9,2017,2016,2016-09-02,0.09327377675792871,0.04797598176600217,-0.045297794991926536,-0.08638611616810196,-0.638185411474309,0.638185411474309,7.89,m,Nathan,Nathan and bleaching 2016 COTS removal-317,9.3,4.8,-4.5,-8.6,63.8,7.89
Benthic Photo (LTMP),Horseshoe Reef (No 1) (22-104a),HORSESHOE REEF,22-104a,SW,Southern,_,9,2021,2020,2020-08-31,0.05868770430175735,0.05614047590509801,-0.002547228396659336,-0.09785729208563146,-0.6313464597211772,0.6313464597211772,6.608,NA,NA,NA,5.9,5.6,-0.3,-9.8,63.1,6.61
Manta Tow (LTMP),Fitzroy Island Reef (No 1) (16-054a),FITZROY ISLAND,16-054a,CA,Central,_,9,1999,1998,1999-02-08,0.2390150718037775,0.09838463239892227,-0.14063043940485526,-0.1584999160648436,-0.6146157922567962,0.6146157922567962,1.015,b,NA,1-5% bleaching on 9 transects,23.9,9.8,-14.1,-15.8,61.5,1.01
Benthic Photo (LTMP),Moore Reef (16-071),MOORE REEF,16-071,IN,Central,_,9,2018,2017,2017-12-19,0.28758565433655,0.11858300978471017,-0.1690026445518398,-0.17309142417538817,-0.5914128604720784,0.5914128604720784,10.63,b,NA,"2016/17 summer bleaching, COTS removal.  0+ bleaching, low numbers disease and Drupella Decline in coral cover in the absence of COTS, COTS removal-7173",28.8,11.9,-16.9,-17.3,59.1,10.63
Benthic Photo (MMP),Pelican Island Reef (23-017),PELICAN ISLAND,23-017,CB,Southern,_,2,2024,2024,2024-05-14,0.06792091059527568,0.04020428702893302,-0.027716623566342656,-0.05925933309303383,-0.589858627641435,0.589858627641435,13.26,b,NA,bleaching still evident at time of surveys,6.8,4,-2.8,-5.9,59,13.26
Benthic Photo (LTMP),Turner Reef (21-562),TURNER CAY,21-562,SW,Southern,_,9,2021,2020,2020-09-06,0.054479115033619116,0.05697281508785689,0.0024937000542377755,-0.08258451258423924,-0.5875503892397504,0.5875503892397504,5.98,NA,NA,NA,5.4,5.7,0.2,-8.3,58.8,5.98
Benthic Photo (MMP),Humpy (Bur-ye-Bur-ye) Reef (23-016),HUMPY ISLAND AND HALFWAY ISLAND,23-016,CB,Southern,_,5,2025,2024,2025-04-21,0.13594107109759657,0.061526046434921836,-0.07441502466267473,-0.08875640436178034,-0.5866933269150553,0.5866933269150553,12.47,b,NA,further decline as a result of bleaching in 2024,13.6,6.2,-7.4,-8.9,58.7,12.47
Manta Tow (LTMP),No Name Reef (14-139),NO NAME REEF,14-139,CL,Northern,_,9,2017,2016,2016-12-10,0.15133600547635084,0.09758722627468341,-0.05374877920166743,-0.13923820137470602,-0.5854638957276505,0.5854638957276505,11.455,m,NA,"Bleaching, storm damage",15.1,9.8,-5.4,-13.9,58.5,11.46
Benthic Photo (LTMP),Thetford Reef (16-068),THETFORD REEF,16-068,CA,Central,_,9,2018,2017,2017-12-12,0.2917339849428202,0.12307718551392634,-0.1686567994288939,-0.17460858683605018,-0.5845895687038537,0.5845895687038537,10.95,b,NA,"declines in HC and SC .  2016/17 bleaching, COTS removal- 36",29.2,12.3,-16.9,-17.5,58.5,10.95
Benthic Photo (MMP),Double Cone Reef (20-024),DOUBLE CONE ISLAND,20-024,WH,Southern,_,2,2021,2021,2021-06-15,0.0162639071630757,0.014538004574972728,-0.0017259025881029722,-0.021861550038944133,-0.5845403846282481,0.5845403846282481,0,NA,NA,NA,1.6,1.5,-0.2,-2.2,58.5,0
Benthic Photo (MMP),Snapper Reef (16-006),SNAPPER ISLAND,16-006,CA,Central,North,2,2017,2017,2017-09-04,0.047228930232887045,0.028561682560003923,-0.018667247672883122,-0.04151629463560008,-0.584095049882311,0.584095049882311,11.6775,b,NA,NA,4.7,2.9,-1.9,-4.2,58.4,11.68
Manta Tow (LTMP),Mackay Reefs (15-024),MACKAY REEF,15-024,CL,Northern,_,9,2025,2024,2024-10-05,0.4251201626271228,0.1647169175994882,-0.2604032450276346,-0.22847097216141998,-0.5795991660220647,0.5795991660220647,4.431428571,m,NA,DHW 4.03,42.5,16.5,-26,-22.8,58,4.43
Benthic Photo (LTMP),Tern Reef (20-309),TERN ISLAND,20-309,PO,Southern,_,9,2024,2023,2024-03-24,0.2487852430046701,0.11674261464512391,-0.13204262835954617,-0.15962632924331133,-0.5755018099918102,0.5755018099918102,0.81,b,NA,DHW 7.76 11% bl,24.9,11.7,-13.2,-16,57.6,0.81
Manta Tow (LTMP),Broomfield Reef (23-048),BROOMFIELD REEF,23-048,CB,Southern,_,9,2025,2024,2024-11-04,0.581105916624201,0.24912491355726227,-0.3319810030669387,-0.3255395279068361,-0.5655022343900297,0.5655022343900297,11.6,m,NA,Aerial bl 5 2024   DHW 11.6,58.1,24.9,-33.2,-32.6,56.6,11.6
Benthic Photo (LTMP),Agincourt Reefs (No 1) (15-099c),AGINCOURT REEF NO.1,15-099c,CA,Central,_,9,2017,2016,2016-09-12,0.2600309172827717,0.12157677337258557,-0.13845414391018615,-0.15858682534050783,-0.5640375427913552,0.5640375427913552,NA,b,NA,"bleaching mortality-decline in HC and SC.  2015/16 bleaching event, COTS removal dives- 0 COTS",26,12.2,-13.8,-15.9,56.4,NA
Benthic Photo (MMP),Daydream Reef (No 1) (20-035a),DAYDREAM ISLAND,20-035a,WH,Southern,_,5,2018,2018,2018-06-14,0.041395876644934014,0.03163623733023158,-0.009759639314702431,-0.041993818653716444,-0.5626931147251019,0.5626931147251019,0,NA,NA,NA,4.1,3.2,-1,-4.2,56.3,0
Benthic Photo (LTMP),Linnet Reef (14-126),LINNET REEF,14-126,CL,Northern,_,9,2017,2016,2016-08-31,0.04596775366864915,0.034392016845806075,-0.011575736822843075,-0.04547212544212101,-0.5623274316100666,0.5623274316100666,7.815,m,Nathan,"0+ bleaching in sector.  Cyclone Ita April 2014, Cyclone Nathan March 2015, COTS removal in 2014 - 261",4.6,3.4,-1.2,-4.5,56.2,7.82
Benthic Photo (LTMP),Havannah Reef (18-065),HAVANNAH ISLAND,18-065,TO,Central,North,9,2021,2020,2021-04-06,0.18388524505970671,0.11146997516988934,-0.07241526988981738,-0.14004963027960127,-0.5546089383052447,0.5546089383052447,8.18,b,NA,bleaching at time of previous survey,18.4,11.1,-7.2,-14,55.5,8.18
Benthic Photo (MMP),Barren Island Reef (22-009),BARREN ISLAND,22-009,CB,Southern,_,2,2024,2024,2024-05-12,0.5916565683895456,0.2598804032895316,-0.331776165100014,-0.32282240383590355,-0.5530595362830427,0.5530595362830427,11.06,b,NA,bleaching still evident at time of surveys,59.2,26,-33.2,-32.3,55.3,11.06
Manta Tow (LTMP),Feather Reef (17-034),FEATHER REEF,17-034,IN,Central,_,9,2018,2017,2018-02-20,0.21829571306814705,0.10729321712116137,-0.11100249594698568,-0.1312952800362136,-0.548003270582609,0.548003270582609,8.91,b,NA,2015/16 and 2016/17 summer Bleaching,21.8,10.7,-11.1,-13.1,54.8,8.91
Benthic Photo (MMP),Middle (Ba-la-ba) Island Reef (23-010),MIDDLE ISLAND,23-010,CB,Southern,_,2,2024,2024,2024-05-11,0.19386016389011806,0.094141417582425,-0.09971874630769306,-0.1149929825956224,-0.547235400287571,0.547235400287571,12.23,b,NA,bleaching still evident at time of surveys,19.4,9.4,-10,-11.5,54.7,12.23
Manta Tow (LTMP),Hoskyn Islands Reef (23-080),HOSKYN ISLAND,23-080,CB,Southern,_,9,2025,2024,2024-11-09,0.6184300829752357,0.2796426122542491,-0.33878747072098664,-0.33679134328879173,-0.5454694227054286,0.5454694227054286,11.385,b,NA,DHW 11.48,61.8,28,-33.9,-33.7,54.5,11.38
Manta Tow (LTMP),Havannah Reef (18-065),HAVANNAH ISLAND,18-065,TO,Central,_,9,1999,1999,1999-05-01,0.15675834333087105,0.0879874646464947,-0.06877087868437634,-0.10642278114283693,-0.5446120837367425,0.5446120837367425,0.49,b,NA,up to 10% bleaching on 6 transects,15.7,8.8,-6.9,-10.6,54.5,0.49
Benthic Photo (MMP),Middle (Ba-la-ba) Island Reef (23-010),MIDDLE ISLAND,23-010,CB,Southern,_,2,2025,2024,2025-04-21,0.094141417582425,0.04823208468649456,-0.045909332895930445,-0.058681033402472244,-0.5437803525804328,0.5437803525804328,12.23,b,NA,further decline as a result of bleaching in 2024,9.4,4.8,-4.6,-5.9,54.4,12.23
Benthic Photo (LTMP),Lizard Island Reef (North West) (14-116a),LIZARD ISLES,14-116a,CL,Northern,_,9,2017,2016,2016-12-13,0.08595567292420517,0.06661130690834785,-0.019344366015857317,-0.08080068946957658,-0.5444350284448791,0.5444350284448791,8.9325,m,Nathan,Nathan and bleaching 2016,8.6,6.7,-1.9,-8.1,54.4,8.93
Benthic Photo (MMP),Tobias Spit (17-009a),HIGH ISLAND,17-009a,IN,Central,East,2,2024,2024,2024-06-15,0.3552809499113012,0.1601073468744418,-0.1951736030368594,-0.19162219986044923,-0.5432553117090332,0.5432553117090332,6.32,m,NA,clear depth limit to level of mortality,35.5,16,-19.5,-19.2,54.3,6.32
Benthic Photo (MMP),Humpy (Bur-ye-Bur-ye) Reef (23-016),HUMPY ISLAND AND HALFWAY ISLAND,23-016,CB,Southern,_,2,2024,2024,2024-05-12,0.49687349743235776,0.22997353185720512,-0.2668999655751526,-0.2720457807351352,-0.5408257176710192,0.5408257176710192,12.47,b,NA,bleaching still evident at time of surveys,49.7,23,-26.7,-27.2,54.1,12.47
Manta Tow (LTMP),Hedley Reef (17-014),HEDLEY REEF,17-014,IN,Central,_,9,2018,2017,2018-02-18,0.1263368767422845,0.07551689777057445,-0.05081997897171005,-0.08963544226685627,-0.5394774593404055,0.5394774593404055,7.98,b,NA,"0+ bleaching, disease, Drupella and low numbers of COTS, 2016/17 summer bleaching",12.6,7.6,-5.1,-9,53.9,7.98
Manta Tow (LTMP),Credlin Reefs (East) (20-287),CREDLIN REEF EAST,20-287,PO,Southern,_,9,2003,2002,2002-09-21,0.30418105900180065,0.15348385325943903,-0.15069720574236162,-0.17955489912308398,-0.5375271516924703,0.5375271516924703,6.5175,m,NA,"COTS, bleaching",30.4,15.3,-15.1,-18,53.8,6.52
Manta Tow (LTMP),Horseshoe Reef (No 1) (22-104a),HORSESHOE REEF,22-104a,SW,Southern,_,9,2021,2020,2020-09-07,0.08991300952928293,0.09042595100089959,5.129414716166653e-4,-0.105607159838481,-0.5359868673269382,0.5359868673269382,6.608,NA,NA,NA,9,9,0.1,-10.6,53.6,6.61
Benthic Photo (LTMP),Lady Musgrave Reef (23-082a),LADY MUSGRAVE ISLAND,23-082a,CB,Southern,_,9,2025,2024,2024-11-07,0.6333792303847722,0.28975171899340113,-0.34362751139137104,-0.33193059586506046,-0.5330657189782397,0.5330657189782397,11.195,m,NA,b s 34% decline hc abs 55% decline rel,63.3,29,-34.4,-33.2,53.3,11.2
Manta Tow (LTMP),Yonge Reef (14-138),YONGE REEF,14-138,CL,Northern,_,9,2017,2016,2016-12-15,0.14657645832514998,0.11807099992527438,-0.028505458399875602,-0.13408526120363617,-0.5296541377475873,0.5296541377475873,11.36,m,NA,"bleaching mortality, storm dmage",14.7,11.8,-2.9,-13.4,53,11.36
Benthic Photo (MMP),Humpy (Bur-ye-Bur-ye) Reef (23-016),HUMPY ISLAND AND HALFWAY ISLAND,23-016,CB,Southern,_,5,2024,2024,2024-05-12,0.27456883183503955,0.13594107109759657,-0.13862776073744298,-0.15313434578497936,-0.5279121803243636,0.5279121803243636,12.47,b,NA,bleaching still evident at time of surveys,27.5,13.6,-13.9,-15.3,52.8,12.47
Benthic Photo (LTMP),Grub Reef (18-077),GRUB REEF (18-077),18-077,TO,Central,_,9,2018,2017,2018-04-22,0.11562180656137903,0.07544154737666901,-0.04018025918471002,-0.08430941888665394,-0.5244722370660488,0.5244722370660488,5.55,b,NA,DHW 2017>4,11.6,7.5,-4,-8.4,52.4,5.55
Benthic Photo (LTMP),Wreck Island Reef (23-051),WRECK ISLAND,23-051,CB,Southern,_,9,2025,2024,2024-11-05,0.6697295842357892,0.30498058314261584,-0.3647490010931734,-0.3345318470964379,-0.5222878297171891,0.5222878297171891,11.64,b,NA,big hc decline,67,30.5,-36.5,-33.5,52.2,11.64
Manta Tow (LTMP),Eyrie Reef (14-118),EYRIE REEF,14-118,CL,Northern,_,9,2025,2024,2024-10-02,0.32029059765378537,0.15192250536021698,-0.1683680922935684,-0.1665686590367488,-0.5213560736527545,0.5213560736527545,6.27,b,NA,DHW 6.27 to 6.32,32,15.2,-16.8,-16.7,52.1,6.27
Manta Tow (LTMP),St Crispin Reef (16-019),ST. CRISPIN REEF,16-019,CA,Central,_,9,2017,2016,2016-09-14,0.19884073261590862,0.10533824585422165,-0.09350248676168697,-0.11565702558882703,-0.5209886897005283,0.5209886897005283,5.895,b,NA,bleaching mortality- HC and particularly SC,19.9,10.5,-9.4,-11.6,52.1,5.89
Manta Tow (LTMP),U/N Reef (19-131a),REEF 19-131,19-131a,WH,Southern,_,9,2003,2002,2002-12-05,0.18131386696688748,0.1061327410374464,-0.07518112592944108,-0.11629032075133518,-0.5204938103537095,0.5204938103537095,2.62,b,NA,Bleaching summer of 2001/2002 Feb? surveyed dec 02,18.1,10.6,-7.5,-11.6,52,2.62
Manta Tow (LTMP),North Direction Reef (14-143),NORTH DIRECTION ISLAND,14-143,CL,Northern,_,9,2017,2016,2016-12-16,0.06814622269011046,0.05637554371010845,-0.01177067898000201,-0.06168892403814332,-0.518113633771727,0.518113633771727,8.83,m,Nathan,Cyclone Nathan,6.8,5.6,-1.2,-6.2,51.8,8.83
Manta Tow (LTMP),Lizard Island Reef (North West) (14-116a),LIZARD ISLES,14-116a,CL,Northern,_,9,2017,2016,2016-12-14,0.07899375578330274,0.06737739677254607,-0.011616359010756666,-0.07323467369983243,-0.5171499396593943,0.5171499396593943,8.9325,m,NA,"bleaching in sector, COTS, storm damage",7.9,6.7,-1.2,-7.3,51.7,8.93
Benthic Photo (MMP),Pelorus (North Palm or Yanooa) Reef (18-048),PELORUS IS AND ORPHEUS IS WEST,18-048,TO,Central,West,2,2018,2018,2018-05-11,0.07306422176420217,0.052395836052346496,-0.020668385711855676,-0.056118406707080126,-0.5124302126651891,0.5124302126651891,0,NA,NA,NA,7.3,5.2,-2.1,-5.6,51.2,0
Manta Tow (LTMP),Hastings Reef (16-057),HASTINGS REEF,16-057,CA,Central,_,9,2018,2017,2017-12-14,0.1766648481995503,0.0989378581488984,-0.07772699005065191,-0.10375210212098106,-0.5093628668959161,0.5093628668959161,10.37333333,b,NA,"bleaching mortality- HC, COTS removal",17.7,9.9,-7.8,-10.4,50.9,10.37
Manta Tow (LTMP),One Tree Island Reef (23-055a),ONE TREE ISLAND,23-055a,CB,Southern,_,9,2025,2024,2024-11-06,0.6064749895445039,0.2967154689292574,-0.3097595206152465,-0.3046056063580744,-0.505719654941121,0.505719654941121,11.53,m,NA,Aerial bl 4 2024  DHW 11.81,60.6,29.7,-31,-30.5,50.6,11.53
Manta Tow (LTMP),Ribbon No 6 Reef (15-032),RIBBON REEF NO.6,15-032,CL,Northern,_,9,2017,2016,2016-12-17,0.23938170283476656,0.14008332246739882,-0.09929838036736774,-0.14358649404301677,-0.5043966227370058,0.5043966227370058,8.0675,m,NA,"Storm damage, bleaching",23.9,14,-9.9,-14.4,50.4,8.07
Manta Tow (LTMP),Carter Reef (14-137),CARTER REEF,14-137,CL,Northern,_,9,2017,2016,2016-12-11,0.1403987441665128,0.10687497474694985,-0.03352376941956295,-0.10929914540783109,-0.5032788682644742,0.5032788682644742,11.32,m,NA,"0+ survey severe bleaching in sector 2016 summer, also severe storm damage",14,10.7,-3.4,-10.9,50.3,11.32
Manta Tow (LTMP),Lizard Island Reef (North West) (14-116a),LIZARD ISLES,14-116a,CL,Northern,_,9,2025,2024,2024-09-29,0.2133297856632696,0.11486097306724684,-0.09846881259602276,-0.11608222482805283,-0.5004769524668403,0.5004769524668403,6.165,b,NA,DHW 6.27  aerial bl 4,21.3,11.5,-9.8,-11.6,50,6.16
Benthic Photo (LTMP),Opal Reef (16-025),OPAL REEF,16-025,CA,Central,_,9,2021,2020,2021-01-11,0.034707616245961484,0.04993361137324465,0.01522599512728317,-0.049185570622758114,-0.49127020059674315,0.49127020059674315,7.4,NA,NA,NA,3.5,5,1.5,-4.9,49.1,7.4
Manta Tow (LTMP),Moore Reef (16-071),MOORE REEF,16-071,IN,Central,_,9,2018,2017,2017-12-20,0.1749717018058813,0.11165332939034536,-0.06331837241553595,-0.10668509842688251,-0.48639492627248126,0.48639492627248126,10.63,b,NA,"2016/17 summer bleaching, COTS removal",17.5,11.2,-6.3,-10.7,48.6,10.63
Benthic Photo (MMP),Fitzroy Island Reef (No 1) (16-054a),FITZROY ISLAND,16-054a,CA,Central,West,2,2024,2024,2024-06-16,0.4612107630161933,0.21942723263160793,-0.24178353038458536,-0.20706023425863027,-0.48436562541796135,0.48436562541796135,7.74,b,NA,partial bleaching during bleaching surveys Feb24,46.1,21.9,-24.2,-20.7,48.4,7.74
Manta Tow (LTMP),U/N Reef (13-121),REEF 13-121,13-121,PB,Unknown,_,9,2017,2016,2016-08-21,0.22067662178568376,0.1338216570138862,-0.08685496477179755,-0.12219689898206813,-0.4754399872357527,0.4754399872357527,9.98,b,NA,Bleaching,22.1,13.4,-8.7,-12.2,47.5,9.98
Benthic Photo (LTMP),Roxburgh Reef (18-042),ROXBURGH REEF,18-042,TO,Central,_,9,2018,2017,2018-02-25,0.18614242288823804,0.10375560148709703,-0.08238682140114101,-0.09417163539500432,-0.47339739329319314,0.47339739329319314,7.54,b,NA,"mortality on sites, but not manta tow for 2016/17 bleaching event.  low disease and Drupella on transects, 8% decline HCC",18.6,10.4,-8.2,-9.4,47.3,7.54
Manta Tow (LTMP),U/N Reef (20-104),REEF 20-104,20-104,WH,Southern,_,9,2023,2022,2023-01-28,0.26785735123735,0.16222060434747407,-0.10563674688987593,-0.14677163564564605,-0.47346874118172594,0.47346874118172594,4.07,b,NA,DHW 4 in 2022,26.8,16.2,-10.6,-14.7,47.3,4.07
Benthic Photo (LTMP),Arlington Reef (16-064),ARLINGTON REEF,16-064,CA,Central,_,9,2018,2017,2017-12-13,0.2045257246567271,0.10850396112450388,-0.09602176353222323,-0.09665562925331725,-0.4688388693253611,0.4688388693253611,11.03,b,NA,"2016/17 summer bleaching.  Decline in HC and SC coral cover, COTS removal-1411",20.5,10.9,-9.6,-9.7,46.9,11.03
Manta Tow (LTMP),MacGillivray Reef (14-114),MACGILLIVRAY REEF,14-114,CL,Northern,_,9,2017,2016,2016-09-05,0.08482093786202573,0.07285628972132517,-0.011964648140700557,-0.06412214702328009,-0.46472585525786636,0.46472585525786636,9.06,m,NA,bleaching in sector. COTS and cyclone,8.5,7.3,-1.2,-6.4,46.5,9.06
Benthic Photo (MMP),Pelorus (North Palm or Yanooa) Reef (18-048),PELORUS IS AND ORPHEUS IS WEST,18-048,TO,Central,West,2,2017,2017,2017-05-10,0.09690920495415663,0.07306422176420217,-0.023844983189954455,-0.06157743199935169,-0.4539714039957923,0.4539714039957923,9.295,b,NA,NA,9.7,7.3,-2.4,-6.2,45.4,9.3
Benthic Photo (MMP),Double Cone Reef (20-024),DOUBLE CONE ISLAND,20-024,WH,Southern,_,2,2023,2023,2023-06-27,0.013016977165989527,0.016352467345396856,0.0033354901794073293,-0.01442014295495377,-0.45385452497098216,0.45385452497098216,1.07,NA,NA,NA,1.3,1.6,0.3,-1.4,45.4,1.07
Manta Tow (LTMP),U/N Reef (22-084),REEF 22-084,22-084,SW,Southern,_,9,2025,2024,2024-11-18,0.15022670123802098,0.10558523495026016,-0.04464146628776082,-0.08769647626186439,-0.4513882223639355,0.4513882223639355,8.45,NA,NA,NA,15,10.6,-4.5,-8.8,45.1,8.45
Benthic Photo (LTMP),U/N Reef (20-348),REEF 20-348,20-348,PO,Southern,_,9,2018,2017,2018-03-11,0.09592358991116845,0.08833883581824346,-0.007584754092924986,-0.07332168854404734,-0.4507651062327777,0.4507651062327777,2.6175,NA,NA,NA,9.6,8.8,-0.8,-7.3,45.1,2.62
Benthic Photo (MMP),Middle (Ba-la-ba) Island Reef (23-010),MIDDLE ISLAND,23-010,CB,Southern,_,5,2024,2024,2024-05-11,0.2096906034389076,0.12330852251969322,-0.08638208091921439,-0.101644116680238,-0.449846999088599,0.449846999088599,12.23,b,NA,bleaching still evident at time of surveys,21,12.3,-8.6,-10.2,45,12.23
Manta Tow (LTMP),Hastings Reef (16-057),HASTINGS REEF,16-057,CA,Central,_,9,2025,2024,2024-10-09,0.2675786329407455,0.15281970484703908,-0.11475892809370644,-0.12502034022053335,-0.44835862865477827,0.44835862865477827,7.39,m,Jasper,Jasper,26.8,15.3,-11.5,-12.5,44.8,7.39
Manta Tow (LTMP),Farquharson Reef (No 1) (17-063a),FARQUHARSON REEF,17-063a,IN,Central,_,9,2024,2023,2024-02-05,0.10915025396054236,0.07791532665248674,-0.03123492730805562,-0.0635114855413654,-0.4459236611637572,0.4459236611637572,0.64,NA,NA,NA,10.9,7.8,-3.1,-6.4,44.6,0.64
Manta Tow (LTMP),Marx Reef (15-027),MARX REEF,15-027,CL,Northern,_,9,2025,2024,2024-12-22,0.4565804759200455,0.2151845201178832,-0.24139595580216233,-0.17030731268083815,-0.44064918900765343,0.44064918900765343,4.29,m,NA,DHW 4.53,45.7,21.5,-24.1,-17,44.1,4.29
Manta Tow (LTMP),Wardle Reef (17-032),WARDLE REEF,17-032,IN,Central,_,9,2017,2016,2017-04-28,0.17153797099516707,0.11585429765207717,-0.05568367334308991,-0.09128832630783698,-0.43858544958776946,0.43858544958776946,3.89,b,NA,Bleaching,17.2,11.6,-5.6,-9.1,43.9,3.89
Manta Tow (LTMP),Arlington Reef (16-064),ARLINGTON REEF,16-064,CA,Central,_,9,2018,2017,2017-12-14,0.1565020120603447,0.09500882563750339,-0.06149318642284131,-0.07415879193671301,-0.43579849676375476,0.43579849676375476,11.03,b,NA,2016/17 summer bleaching,15.7,9.5,-6.1,-7.4,43.6,11.03
Benthic Photo (MMP),Daydream Reef (No 1) (20-035a),DAYDREAM ISLAND,20-035a,WH,Southern,_,2,2023,2023,2023-06-28,0.011501397540950004,0.01538463975342603,0.0038832422124760266,-0.012645467042299555,-0.4355983645282863,0.4355983645282863,0.3,NA,NA,NA,1.2,1.5,0.4,-1.3,43.6,0.3
Benthic Photo (MMP),Daydream Reef (No 1) (20-035a),DAYDREAM ISLAND,20-035a,WH,Southern,_,5,2021,2021,2021-06-16,0.028207645943130202,0.030741167954061253,0.002533522010931051,-0.024394279583507587,-0.4345610599645016,0.4345610599645016,0,NA,NA,NA,2.8,3.1,0.3,-2.4,43.5,0
Benthic Photo (MMP),Snapper Reef (16-006),SNAPPER ISLAND,16-006,CA,Central,North,5,2017,2017,2017-09-04,0.21863086996518635,0.14598638332526984,-0.07264448663991652,-0.10921348530605234,-0.4262823626315484,0.4262823626315484,11.6775,b,NA,NA,21.9,14.6,-7.3,-10.9,42.6,11.68
Manta Tow (LTMP),Credlin Reefs (East) (20-287),CREDLIN REEF EAST,20-287,PO,Southern,_,9,2023,2022,2023-02-04,0.14328757398651668,0.129736035321844,-0.01355153866467268,-0.09684213790404728,-0.42553350583372057,0.42553350583372057,6.71,NA,NA,NA,14.3,13,-1.4,-9.7,42.6,6.71
Benthic Photo (MMP),Pandora Reef (18-051),PANDORA REEF,18-051,TO,Central,South,2,2017,2017,2017-05-09,0.05211422467090453,0.04779268350499239,-0.004321541165912136,-0.03603636451256629,-0.42481161058305356,0.42481161058305356,8.52,b,NA,NA,5.2,4.8,-0.4,-3.6,42.5,8.52
Manta Tow (LTMP),Corbett Reef (14-016),CORBETT REEF,14-016,PB,Unknown,_,9,2025,2024,2024-12-20,0.32459695544892575,0.1882912015536389,-0.13630575389528685,-0.13944053842890758,-0.42417728947107747,0.42417728947107747,7.11375,b,NA,Aerial bl 3 2024 DHW 6.82,32.5,18.8,-13.6,-13.9,42.4,7.11
Manta Tow (LTMP),Wheeler Reef (18-095),WHEELER REEF,18-095,TO,Central,_,9,1999,1998,1999-04-23,0.44912914405328164,0.26743776272065445,-0.1816913813326272,-0.19773467581013432,-0.4241663802204273,0.4241663802204273,2.435,NA,NA,NA,44.9,26.7,-18.2,-19.8,42.4,2.44
Benthic Photo (MMP),Richards (Bedarra) Reef (18-001),BEDARRA ISLAND,18-001,IN,Central,_,2,2017,2017,2017-05-03,0.09857322982645339,0.07665833540929687,-0.021914894417156522,-0.056881224776209174,-0.4227843817668209,0.4227843817668209,7.455,b,NA,NA,9.9,7.7,-2.2,-5.7,42.3,7.46
Manta Tow (LTMP),Wardle Reef (17-032),WARDLE REEF,17-032,IN,Central,_,9,1999,1998,1999-02-10,0.20047725800805327,0.1328443239788652,-0.06763293402918807,-0.09816422118375576,-0.42310605893825953,0.42310605893825953,1.444,NA,NA,NA,20,13.3,-6.8,-9.8,42.3,1.44
Benthic Photo (MMP),Seaforth Reef (20-095),SEAFORTH ISLAND,20-095,WH,Southern,_,2,2025,2025,2025-06-03,0.08618708296979419,0.07345522930069344,-0.012731853669100748,-0.05454829458801182,-0.42284344600595614,0.42284344600595614,NA,NA,NA,NA,8.6,7.3,-1.3,-5.5,42.3,NA
Manta Tow (LTMP),Low Islands Reef (16-028),LOW ISLES,16-028,CA,Central,_,9,2025,2024,2024-12-24,0.5110399637147486,0.29757599907640114,-0.21346396463834744,-0.21732933166706253,-0.42125816252736215,0.42125816252736215,6.42,m,Jasper,Jasper,51.1,29.8,-21.3,-21.7,42.1,6.42
Benthic Photo (MMP),Tobias Spit (17-009a),HIGH ISLAND,17-009a,IN,Central,West,5,2023,2023,2023-08-17,0.26325236915089423,0.16238442810370077,-0.10086794104719346,-0.11806861730186044,-0.41949667708064364,0.41949667708064364,0.3,m,NA,"possible storm from gale-force winds, jumbled corals",26.3,16.2,-10.1,-11.8,41.9,0.3
Benthic Photo (LTMP),Linnet Reef (14-126),LINNET REEF,14-126,CL,Northern,_,9,2025,2024,2024-09-28,0.31732653959228374,0.18589676981759506,-0.13142976977468868,-0.13321915318628214,-0.416159096168011,0.416159096168011,6.565,b,NA,DHW 6.73,31.7,18.6,-13.1,-13.3,41.6,6.57
Manta Tow (LTMP),U/N Reef (19-138),REEF 19-138,19-138,WH,Southern,_,9,2003,2002,2002-12-04,0.2228184343848005,0.15125600175909523,-0.07156243262570527,-0.10799798028620583,-0.41497148069537393,0.41497148069537393,2.745,b,NA,Coral bleaching event in 2002,22.3,15.1,-7.2,-10.8,41.5,2.74
Benthic Photo (MMP),Pine Island Reef (20-061),PINE ISLAND,20-061,WH,Southern,_,2,2018,2018,2018-06-16,0.11512450523437846,0.0935836249818334,-0.021540880252545067,-0.06564842434142085,-0.40970844858247335,0.40970844858247335,0,NA,NA,NA,11.5,9.4,-2.2,-6.6,41,0
Benthic Photo (LTMP),Martin Reef (14-123),MARTIN REEF,14-123,CL,Northern,_,9,2025,2024,2024-09-30,0.20952153168187226,0.1324936603891952,-0.07702787129267707,-0.09231410268164494,-0.4088172232266624,0.4088172232266624,6.47,b,NA,no decline,21,13.2,-7.7,-9.2,40.9,6.47
Benthic Photo (LTMP),Gannett Cay Reef (21-556),GANNET CAY,21-556,SW,Southern,_,9,2003,2002,2002-09-10,0.03718545058605967,0.04036260724180141,0.003177156655741739,-0.028464518278047066,-0.4076427042662093,0.4076427042662093,4.2,NA,NA,NA,3.7,4,0.3,-2.8,40.8,4.2
Manta Tow (LTMP),Turner Reef (21-562),TURNER CAY,21-562,SW,Southern,_,9,2025,2024,2025-01-08,0.21160583760646007,0.14488478644850913,-0.06672105115795093,-0.09987587559033079,-0.40639488338677426,0.40639488338677426,8.96,NA,NA,NA,21.2,14.5,-6.7,-10,40.6,8.96
Benthic Photo (MMP),Middle (Ba-la-ba) Island Reef (23-010),MIDDLE ISLAND,23-010,CB,Southern,_,2,2021,2021,2021-05-06,0.34099658036103425,0.21195237308726161,-0.12904420727377264,-0.14142765840055907,-0.3990847277900861,0.3990847277900861,0,b,NA,bleaching at time of previous survey,34.1,21.2,-12.9,-14.1,39.9,0
Benthic Photo (MMP),Double Cone Reef (20-024),DOUBLE CONE ISLAND,20-024,WH,Southern,_,5,2021,2021,2021-06-15,0.18530101979222574,0.13676908496612902,-0.04853193482609672,-0.09121718414943927,-0.3983522003382761,0.3983522003382761,0,NA,NA,NA,18.5,13.7,-4.9,-9.1,39.8,0
Benthic Photo (LTMP),Fairfax Islands Reef (23-081),FAIRFAX ISLAND,23-081,CB,Southern,_,9,2018,2017,2017-10-13,0.20753842666724026,0.20665528244203374,-8.831442252065225e-4,-0.1344143318710975,-0.39294437812314525,0.39294437812314525,3.543333333,NA,NA,NA,20.8,20.7,-0.1,-13.4,39.3,3.54
Manta Tow (LTMP),East Cay Reef (21-305),EAST CAY,21-305,SW,Southern,_,9,2025,2024,2025-01-09,0.31352435423231356,0.22639056375339997,-0.08713379047891359,-0.1465859425441276,-0.3919656451026018,0.3919656451026018,7.67,b,NA,Aerial bl 5 2024 DHW 7.67,31.4,22.6,-8.7,-14.7,39.2,7.67
Manta Tow (LTMP),U/N Reef (19-131a),REEF 19-131,19-131a,WH,Southern,_,9,1999,1998,1999-03-09,0.17686335135821454,0.13218928626838453,-0.04467406508983002,-0.08592726686913127,-0.39215324282325675,0.39215324282325675,0.646666667,b,NA,Bleaching,17.7,13.2,-4.5,-8.6,39.2,0.65
Benthic Photo (MMP),Pine Island Reef (20-061),PINE ISLAND,20-061,WH,Southern,_,2,2023,2023,2023-06-26,0.06544150381709832,0.06317441071504845,-0.0022670931020498664,-0.04082742033633407,-0.3888257940602504,0.3888257940602504,0.29,NA,NA,NA,6.5,6.3,-0.2,-4.1,38.9,0.29
Manta Tow (LTMP),Penrith Reef (21-025),PENRITH ISLAND,21-025,PO,Southern,_,9,2025,2024,2025-01-13,0.363835749390651,0.21068224376707284,-0.15315350562357816,-0.1326362950149926,-0.38521392279416017,0.38521392279416017,8.15,NA,NA,NA,36.4,21.1,-15.3,-13.3,38.5,8.15
Benthic Photo (LTMP),St Crispin Reef (16-019),ST. CRISPIN REEF,16-019,CA,Central,_,9,2017,2016,2016-09-13,0.2076522350927435,0.14007185911529177,-0.06758037597745173,-0.08807325671892913,-0.3843558105015308,0.3843558105015308,5.895,b,NA,"bleaching mortality- HC and particularly SC.  2015/16 summer bleaching, COTS removal-69",20.8,14,-6.8,-8.8,38.4,5.89
Benthic Photo (LTMP),Fitzroy Island Reef (No 1) (16-054a),FITZROY ISLAND,16-054a,CA,Central,West(LTMP),9,2003,2002,2002-11-08,0.08217436790445695,0.06910764617673713,-0.013066721727719818,-0.04364424261467187,-0.38367927845755523,0.38367927845755523,1.375,NA,NA,NA,8.2,6.9,-1.3,-4.4,38.4,1.38
Manta Tow (LTMP),Agincourt Reefs (No 1) (15-099c),AGINCOURT REEF NO.1,15-099c,CA,Central,_,9,2017,2016,2016-09-13,0.1830756463147309,0.13325982220983068,-0.04981582410490021,-0.08342276727087491,-0.3832312334665108,0.3832312334665108,NA,b,NA,bleaching mortality-decline in HC and SC,18.3,13.3,-5,-8.3,38.3,NA
Manta Tow (LTMP),Grub Reef (18-077),GRUB REEF (18-077),18-077,TO,Central,_,9,2018,2017,2018-04-22,0.11433977334345008,0.09771161919383989,-0.01662815414961019,-0.061134255762548946,-0.38245751277115136,0.38245751277115136,5.55,b,NA,DHW 2017>4,11.4,9.8,-1.7,-6.1,38.2,5.55
Manta Tow (LTMP),Gannett Cay Reef (21-556),GANNET CAY,21-556,SW,Southern,_,9,2003,2002,2002-09-10,0.0952286536713717,0.08694363644327527,-0.008285017228096436,-0.05433630484933841,-0.3818971553944493,0.3818971553944493,4.2,NA,NA,NA,9.5,8.7,-0.8,-5.4,38.2,4.2
Benthic Photo (LTMP),Gannett Cay Reef (21-556),GANNET CAY,21-556,SW,Southern,_,9,2025,2024,2024-11-17,0.07002682803684913,0.06869703117329128,-0.0013297968635578583,-0.04298507097511721,-0.3814720364242364,0.3814720364242364,8.47,b,NA,DHW 8.47,7,6.9,-0.1,-4.3,38.1,8.47
Manta Tow (LTMP),MacGillivray Reef (14-114),MACGILLIVRAY REEF,14-114,CL,Northern,_,9,2025,2024,2024-09-26,0.4652605846420815,0.28430049777813515,-0.18096008686394632,-0.17508458875634111,-0.38030030484758065,0.38030030484758065,5.98,b,NA,DHW 6.03,46.5,28.4,-18.1,-17.5,38,5.98
Manta Tow (LTMP),John Brewer Reef (18-075),JOHN BREWER REEF,18-075,TO,Central,_,9,2024,2024,2024-06-01,0.23435897874287936,0.17301712703418218,-0.06134185170869719,-0.104947022410111,-0.3762025429402643,0.3762025429402643,5.705,m,Kirrily,Cyclone Kirrily,23.4,17.3,-6.1,-10.5,37.6,5.7
Benthic Photo (LTMP),Rebe Reef (19-209),REBE REEF,19-209,WH,Southern,_,9,2025,2024,2025-01-20,0.34370121589495445,0.21691428138080318,-0.12678693451415127,-0.13054151134562608,-0.3746286159407128,0.3746286159407128,10.2025,b,NA,Aerial bl 4,34.4,21.7,-12.7,-13.1,37.5,10.2
Benthic Photo (MMP),Seaforth Reef (20-095),SEAFORTH ISLAND,20-095,WH,Southern,_,5,2025,2025,2025-06-03,0.12128837945119916,0.1032114592991782,-0.01807692015202096,-0.06240813538276771,-0.37455459846662287,0.37455459846662287,NA,NA,NA,NA,12.1,10.3,-1.8,-6.2,37.5,NA
Manta Tow (LTMP),Thetford Reef (16-068),THETFORD REEF,16-068,CA,Central,_,9,2018,2017,2017-12-11,0.19040058159135265,0.13454278865531297,-0.05585779293603968,-0.07984949591087191,-0.3707166023689956,0.3707166023689956,10.95,b,NA,declines in HC and SC,19,13.5,-5.6,-8,37.1,10.95
Benthic Photo (LTMP),East Cay Reef (21-305),EAST CAY,21-305,SW,Southern,_,9,2025,2024,2025-01-06,0.1774025284140376,0.14647038718211997,-0.030932141231917648,-0.08659922616084313,-0.3699720990009769,0.3699720990009769,7.67,b,NA,Aerial bl 5 2024 DHW 7.67,17.7,14.6,-3.1,-8.7,37,7.67
Benthic Photo (MMP),Pine Island Reef (20-061),PINE ISLAND,20-061,WH,Southern,_,2,2025,2025,2025-06-22,0.08009933556068624,0.07593785468123027,-0.0041614808794559754,-0.045186596248911824,-0.37000449872859253,0.37000449872859253,NA,NA,NA,NA,8,7.6,-0.4,-4.5,37,NA
Benthic Photo (MMP),North Keppel (Ko-no-mie) Island Reef (No 2) (23-004b),NORTH KEPPEL ISLAND,23-004b,CB,Southern,_,5,2025,2024,2025-04-21,0.19953314021729673,0.15200085058909504,-0.04753228962820169,-0.0887643922437019,-0.36715117195357444,0.36715117195357444,12.135,b,NA,further decline as a result of bleaching in 2024,20,15.2,-4.8,-8.9,36.7,12.13
Manta Tow (LTMP),Lady Musgrave Reef (23-082a),LADY MUSGRAVE ISLAND,23-082a,CB,Southern,_,9,2025,2024,2024-11-07,0.6318089437365313,0.39267387347992694,-0.23913507025660435,-0.22786062440256544,-0.36660977818425916,0.36660977818425916,11.195,m,NA,Aerial bl 4 2024 DHW 11.42,63.2,39.3,-23.9,-22.8,36.7,11.2
Manta Tow (LTMP),U/N Reef (13-124),REEF 13-124,13-124,PB,Unknown,_,9,2025,2024,2024-12-08,0.3940946693282352,0.24292243716243056,-0.15117223216580467,-0.1400324752354815,-0.36471072699900425,0.36471072699900425,8.035,b,NA,DHW 7.65,39.4,24.3,-15.1,-14,36.5,8.04
Manta Tow (LTMP),Wreck Island Reef (23-051),WRECK ISLAND,23-051,CB,Southern,_,9,2025,2024,2024-11-05,0.5789666427911073,0.3644854086567966,-0.21448123413431075,-0.2089734238859475,-0.36377441175542946,0.36377441175542946,11.64,m,NA,Aerial bl 5 2024  DHW 11.64,57.9,36.4,-21.4,-20.9,36.4,11.64
Benthic Photo (MMP),Magnetic Island Reef (No 2) (19-009c),GEOFFREY BAY,19-009c,TO,Central,_,2,2024,2024,2024-06-05,0.2701302451098475,0.1754775904854695,-0.09465265462437802,-0.10034527197815798,-0.36248910615662255,0.36248910615662255,9.07,b,NA,partial bleaching at time of surveys,27,17.5,-9.5,-10,36.2,9.07
Benthic Photo (LTMP),North Direction Reef (14-143),NORTH DIRECTION ISLAND,14-143,CL,Northern,_,9,2025,2024,2024-09-27,0.17564623667562165,0.12700527340516296,-0.04864096327045869,-0.07229706549319287,-0.3609396969142746,0.3609396969142746,6.505,b,NA,decline in hc and sc,17.6,12.7,-4.9,-7.2,36.1,6.5
Benthic Photo (MMP),Middle (Ba-la-ba) Island Reef (23-010),MIDDLE ISLAND,23-010,CB,Southern,_,5,2025,2024,2025-04-21,0.12330852251969322,0.087725896875833,-0.03558262564386022,-0.049648656564200526,-0.35879903732239643,0.35879903732239643,12.23,b,NA,further decline as a result of bleaching in 2024,12.3,8.8,-3.6,-5,35.9,12.23
Manta Tow (LTMP),Fairfax Islands Reef (23-081),FAIRFAX ISLAND,23-081,CB,Southern,_,9,2025,2024,2024-11-08,0.6500704629813622,0.40722478553053854,-0.24284567745082364,-0.22839782454697571,-0.3587648646647444,0.3587648646647444,11.28,b,NA,Aerial bl 4 2024 DHW 11.46 2024,65,40.7,-24.3,-22.8,35.9,11.28
Manta Tow (LTMP),Opal Reef (16-025),OPAL REEF,16-025,CA,Central,_,9,2017,2016,2016-09-15,0.20866431477244923,0.15983020897091535,-0.048834105801533884,-0.08926586685034434,-0.3569262994519812,0.3569262994519812,5.82,b,NA,"bleaching mortality- HC and particularly SC, COTS removal-2188",20.9,16,-4.9,-8.9,35.7,5.82
Manta Tow (LTMP),U/N Reef (21-187),REEF 21-187,21-187,SW,Southern,_,9,2025,2024,2025-01-10,0.6246600212356924,0.3486641253272356,-0.2759958959084568,-0.19314870048028843,-0.3558292864450056,0.3558292864450056,7.17,b,NA,decline following bleaching,62.5,34.9,-27.6,-19.3,35.6,7.17
Manta Tow (LTMP),Michaelmas Reef (16-060),MICHAELMAS CAY,16-060,CA,Central,_,9,2021,2020,2021-01-22,0.10120382631987114,0.1084927935854833,0.007288967265612165,-0.059881330222512005,-0.353544737981312,0.353544737981312,7.51,NA,NA,NA,10.1,10.8,0.7,-6,35.4,7.51
Manta Tow (LTMP),Boulder Reef (15-012),BOULDER REEF,15-012,CL,Northern,_,9,2025,2024,2024-12-23,0.32036762774258476,0.20824557103281469,-0.11212205670977007,-0.1145990002536027,-0.35387037614488237,0.35387037614488237,2.99,m,NA,Aerial bl 4 2024 DHW 3.31,32,20.8,-11.2,-11.5,35.4,2.99
Benthic Photo (LTMP),Myrmidon Reef (18-034),MYRMIDON REEF,18-034,TO,Central,_,9,2003,2002,2003-03-12,0.3449317576204799,0.23445452802873,-0.11047722959174988,-0.12848261494450708,-0.35303518045684973,0.35303518045684973,3.82,b,NA,bleaching scattered colonies on 6 transects.,34.5,23.4,-11,-12.8,35.3,3.82
Benthic Photo (LTMP),Havannah Reef (18-065),HAVANNAH ISLAND,18-065,TO,Central,North,9,2017,2016,2017-04-24,0.03393456231043068,0.060537829703790146,0.026603267393359463,-0.033299405137912894,-0.35112163691291065,0.35112163691291065,3.33,b,NA,NA,3.4,6.1,2.7,-3.3,35.1,3.33
Benthic Photo (MMP),Seaforth Reef (20-095),SEAFORTH ISLAND,20-095,WH,Southern,_,5,2021,2021,2021-06-04,0.123569283021143,0.10881778312193728,-0.014751499899205725,-0.059145099841323164,-0.3500478850978399,0.3500478850978399,0,NA,NA,NA,12.4,10.9,-1.5,-5.9,35,0
Benthic Photo (MMP),North Keppel (Ko-no-mie) Island Reef (No 2) (23-004b),NORTH KEPPEL ISLAND,23-004b,CB,Southern,_,5,2024,2024,2024-05-12,0.26841942818408787,0.19953314021729673,-0.06888628796679114,-0.107547861917038,-0.3490895614204187,0.3490895614204187,12.135,b,NA,bleaching still evident at time of surveys,26.8,20,-6.9,-10.8,34.9,12.13
Manta Tow (LTMP),Snake Reef (14-087),SNAKE REEF,14-087,CL,Northern,_,9,2025,2024,2024-11-13,0.29321535546036537,0.1935847225225385,-0.09963063293782687,-0.1040913109023718,-0.3485090842702022,0.3485090842702022,6.91,b,NA,DHW 7.58,29.3,19.4,-10,-10.4,34.9,6.91
Benthic Photo (MMP),Orpheus (Goolboddi) Island Reef (No 5) (18-049e),ORPHEUS ISLAND EAST,18-049e,TO,Central,East,2,2024,2024,2024-05-31,0.43251261921953915,0.2869674987340918,-0.14554512048544738,-0.1535081678690039,-0.3477160339326559,0.3477160339326559,5.53,m,NA,bleaching observed during targetted bleaching surveys,43.3,28.7,-14.6,-15.4,34.8,5.53
Benthic Photo (MMP),Seaforth Reef (20-095),SEAFORTH ISLAND,20-095,WH,Southern,_,5,2023,2023,2023-06-26,0.10742404271729464,0.09847645164875594,-0.008947591068538693,-0.05265601318509772,-0.34611950343803477,0.34611950343803477,0.14,NA,NA,NA,10.7,9.8,-0.9,-5.3,34.6,0.14
Manta Tow (LTMP),Myrmidon Reef (18-034),MYRMIDON REEF,18-034,TO,Central,_,9,2025,2024,2025-04-05,0.46454341268106875,0.2953049350308271,-0.16923847765024164,-0.15576428970891074,-0.34455849056875365,0.34455849056875365,8.73,b,NA,DHW 7.18,46.5,29.5,-16.9,-15.6,34.5,8.73
Benthic Photo (LTMP),Feather Reef (17-034),FEATHER REEF,17-034,IN,Central,_,9,2018,2017,2018-02-20,0.4988082670890327,0.27840489714813027,-0.22040336994090243,-0.1456736288345588,-0.34269816029354355,0.34269816029354355,8.91,b,NA,2015/16 and 2016/17 summer Bleaching.  Mass coral mortality in absence of large numbers of COTS,49.9,27.8,-22,-14.6,34.3,8.91
Benthic Photo (LTMP),East Cay Reef (21-305),EAST CAY,21-305,SW,Southern,_,9,2024,2024,2024-05-04,0.21909190697703518,0.1774025284140376,-0.041689378562997564,-0.09278240164342862,-0.3421370119046338,0.3421370119046338,7.67,b,NA,DHW 7.67 mass loss of SC,21.9,17.7,-4.2,-9.3,34.2,7.67
Manta Tow (LTMP),Middle Banks (11-222a),MIDDLE BANKS 2,11-222a,CG,Northern,_,9,2021,2020,2020-12-10,0.4909859652862743,0.3109631458186313,-0.18002281946764298,-0.1611353949782925,-0.3405958401538579,0.3405958401538579,10.23142857,b,NA,DHW 9.9,49.1,31.1,-18,-16.1,34.1,10.23
Benthic Photo (MMP),Stingaree Reefs (17-053),DUNK ISLAND,17-053,IN,Central,South,2,2017,2017,2017-05-02,0.1615011383178154,0.11152974639826232,-0.049971391919553076,-0.05816256624926938,-0.3407450830511109,0.3407450830511109,7.55,b,NA,NA,16.2,11.2,-5,-5.8,34.1,7.55
Manta Tow (LTMP),U/N Reef (21-529),REEF 21-529,21-529,SW,Southern,_,9,2025,2024,2024-11-19,0.6491509096157588,0.41061970048050556,-0.23853120913525327,-0.21232573466703716,-0.34029535710414976,0.34029535710414976,7.19,b,NA,Aerial bl 5 2024 DHW 7.19 2024,64.9,41.1,-23.9,-21.2,34,7.19
Benthic Photo (LTMP),Turner Reef (21-562),TURNER CAY,21-562,SW,Southern,_,9,2025,2024,2025-01-08,0.12528128336068736,0.11213948041156621,-0.01314180294912115,-0.05750791431116348,-0.33699848980761266,0.33699848980761266,8.96,NA,NA,NA,12.5,11.2,-1.3,-5.8,33.7,8.96
Manta Tow (LTMP),Feather Reef (17-034),FEATHER REEF,17-034,IN,Central,_,9,2003,2002,2002-11-10,0.08702662515513186,0.07670637101576246,-0.010320254139369406,-0.03950038492376348,-0.33701457400752666,0.33701457400752666,1.07,NA,NA,NA,8.7,7.7,-1,-4,33.7,1.07
Manta Tow (LTMP),U/N Reef (20-348),REEF 20-348,20-348,PO,Southern,_,9,2025,2024,2025-01-15,0.2718157702712433,0.18495687372280628,-0.08685889654843704,-0.09373019875939254,-0.33512524525193477,0.33512524525193477,8.2625,b,NA,Aerial bl 3 2024 DHW 8.39 2024,27.2,18.5,-8.7,-9.4,33.5,8.26
Benthic Photo (LTMP),Havannah Reef (18-065),HAVANNAH ISLAND,18-065,TO,Central,North,9,2003,2002,2003-03-07,0.059715089121342005,0.06147821687819743,0.0017631277568554218,-0.031537996409328195,-0.33545274061269553,0.33545274061269553,2.28,b,NA,"Bleaching, upto 3- on scuba search",6,6.1,0.2,-3.2,33.5,2.28
Benthic Photo (MMP),Seaforth Reef (20-095),SEAFORTH ISLAND,20-095,WH,Southern,_,2,2024,2024,2024-07-17,0.08750189043508103,0.08618708296979419,-0.001314807465286838,-0.04328623165413075,-0.3317631025079617,0.3317631025079617,9.47,NA,NA,NA,8.8,8.6,-0.1,-4.3,33.2,9.47
Manta Tow (LTMP),U/N Reef (21-060),REEF 21-060,21-060,PO,Southern,_,9,2025,2024,2025-01-11,0.4183772154643925,0.28597806281198546,-0.13239915265240704,-0.14235793296156365,-0.33157698018092463,0.33157698018092463,8.99,NA,NA,NA,41.8,28.6,-13.2,-14.2,33.2,8.99
Benthic Photo (MMP),Pine Island Reef (20-061),PINE ISLAND,20-061,WH,Southern,_,5,2018,2018,2018-06-16,0.18321868138667083,0.15058579255206694,-0.032632888834603885,-0.07546579938887674,-0.3323729146479865,0.3323729146479865,0,NA,NA,NA,18.3,15.1,-3.3,-7.5,33.2,0
Manta Tow (LTMP),Credlin Reefs (East) (20-287),CREDLIN REEF EAST,20-287,PO,Southern,_,9,2021,2020,2021-02-14,0.13093079347843373,0.14328757398651668,0.012356780508082948,-0.07125258018982555,-0.33057682668042865,0.33057682668042865,9.43,NA,NA,NA,13.1,14.3,1.2,-7.1,33.1,9.43
Manta Tow (LTMP),Pearson Reef (11-211),PEARSON REEF,11-211,CG,Northern,_,9,2023,2022,2022-12-05,0.321926067497782,0.22590760344905939,-0.09601846404872263,-0.1109927122475805,-0.3284776814095301,0.3284776814095301,6.16,b,NA,DHW 6 in 2022,32.2,22.6,-9.6,-11.1,32.8,6.16
Manta Tow (LTMP),Creech Reef (North) (13-118a),CREECH REEF NORTH,13-118a,PB,Unknown,_,9,2017,2016,2016-08-21,0.5454980628513275,0.3368795435231318,-0.2086185193281957,-0.16245643759008296,-0.32469469261160877,0.32469469261160877,9.31,b,NA,Bleaching,54.5,33.7,-20.9,-16.2,32.5,9.31
Manta Tow (LTMP),Monsoon Reef (11-029),MONSOON REEF,11-029,CG,Northern,_,9,2025,2024,2024-12-17,0.26942545357913866,0.1969455658470966,-0.07247988773204206,-0.09526615860689117,-0.3249056932641205,0.3249056932641205,5.345,NA,NA,NA,26.9,19.7,-7.2,-9.5,32.5,5.34
Benthic Photo (LTMP),Green Island Reef (16-049),GREEN ISLAND,16-049,CA,Central,_,9,1999,1998,1999-02-04,0.060369731297418766,0.05456194818740058,-0.005807783110018186,-0.02658558946120513,-0.3236322137241367,0.3236322137241367,0.94,NA,NA,NA,6,5.5,-0.6,-2.7,32.4,0.94
Benthic Photo (MMP),Richards (Bedarra) Reef (18-001),BEDARRA ISLAND,18-001,IN,Central,_,5,2018,2018,2018-06-21,0.15792266544085126,0.1286148468228846,-0.029307818617966663,-0.062029042619280356,-0.3236682515671846,0.3236682515671846,0.23,b,NA,highlevels of bleaching at time of previous survey,15.8,12.9,-2.9,-6.2,32.4,0.23
Benthic Photo (LTMP),U/N Reef (21-591),REEF 21-591,21-591,PO,Southern,_,9,2018,2017,2018-03-24,0.12386851227247762,0.12143466558411513,-0.0024338466883624954,-0.05836052458123263,-0.3227990995106591,0.3227990995106591,4.29,NA,NA,NA,12.4,12.1,-0.2,-5.8,32.3,4.29
Benthic Photo (MMP),Seaforth Reef (20-095),SEAFORTH ISLAND,20-095,WH,Southern,_,2,2021,2021,2021-06-04,0.09766114170040995,0.09519430204044665,-0.002466839659963291,-0.045460221283818214,-0.3209231884516254,0.3209231884516254,0,NA,NA,NA,9.8,9.5,-0.2,-4.5,32.1,0
Manta Tow (LTMP),Michaelmas Reef (16-060),MICHAELMAS CAY,16-060,CA,Central,_,9,2017,2016,2016-12-19,0.12697280778440492,0.1293734030220347,0.0024005952376297823,-0.06127846965999291,-0.31973843408074026,0.31973843408074026,4.62,NA,NA,NA,12.7,12.9,0.2,-6.1,32,4.62
Manta Tow (LTMP),Rebe Reef (19-209),REBE REEF,19-209,WH,Southern,_,9,2003,2002,2002-11-28,0.2913745503128958,0.21037281284049467,-0.08100173747240111,-0.09745371755711457,-0.31556135229588095,0.31556135229588095,1.7525,b,NA,Coral bleaching 2002,29.1,21,-8.1,-9.7,31.6,1.75
Manta Tow (LTMP),Green Island Reef (16-049),GREEN ISLAND,16-049,CA,Central,_,9,2003,2002,2002-10-24,0.06483198775804169,0.058539604677814966,-0.006292383080226727,-0.027434177354453665,-0.315430428727075,0.315430428727075,2.05,NA,NA,NA,6.5,5.9,-0.6,-2.7,31.5,2.05
Manta Tow (LTMP),U/N Reef (21-550),REEF 21-550,21-550,SW,Southern,_,9,2025,2024,2024-11-18,0.5231246127836484,0.36064581279741115,-0.16247879998623727,-0.16588749961529697,-0.3144588137128244,0.3144588137128244,7.695,NA,NA,NA,52.3,36.1,-16.2,-16.6,31.4,7.7
Benthic Photo (LTMP),Hyde Reef (19-207),HYDE REEF,19-207,WH,Southern,_,9,2003,2002,2002-11-27,0.17781907801465965,0.1634521750889318,-0.014366902925727842,-0.07466695158246497,-0.31225838192807587,0.31225838192807587,1.923333333,b,NA,DHW,17.8,16.3,-1.4,-7.5,31.2,1.92
Manta Tow (LTMP),Michaelmas Reef (16-060),MICHAELMAS CAY,16-060,CA,Central,_,9,1999,1998,1999-02-05,0.10601885870640111,0.09646785376018241,-0.009551004946218702,-0.04387302243070865,-0.3104057623886169,0.3104057623886169,0.14,NA,NA,NA,10.6,9.6,-1,-4.4,31,0.14
Benthic Photo (LTMP),Chinaman Reef (22-102),CHINAMAN REEF (22-102),22-102,SW,Southern,_,9,2025,2024,2024-11-15,0.22135253766117685,0.1870466223290761,-0.034305915332100756,-0.084279647406526,-0.3094804165912895,0.3094804165912895,9.3,b,NA,decline hc,22.1,18.7,-3.4,-8.4,30.9,9.3
Manta Tow (LTMP),South Direction Reef (North) (14-147a),SOUTH DIRECTION ISLAND,14-147a,CL,Northern,_,9,2025,2024,2024-09-28,0.22989179569720097,0.17870433678922754,-0.05118745890797344,-0.07953862788445756,-0.3068111336582446,0.3068111336582446,6.4,b,NA,DHW 6.4 aerial bl 5,23,17.9,-5.1,-8,30.7,6.4
Benthic Photo (LTMP),U/N Reef (21-558),REEF 21-558,21-558,SW,Southern,_,9,2024,2024,2024-05-03,0.13576658866345692,0.1101872950078745,-0.025579293655582425,-0.04886148123746599,-0.3052911892469937,0.3052911892469937,7.9225,b,NA,NA,13.6,11,-2.6,-4.9,30.5,7.92
Benthic Photo (LTMP),U/N Reef (21-139),REEF 21-139,21-139,SW,Southern,_,9,2025,2024,2025-01-05,0.24029573725924935,0.19829692005266009,-0.04199881720658927,-0.08673844378445612,-0.30324377594740215,0.30324377594740215,8.6,NA,NA,NA,24,19.8,-4.2,-8.7,30.3,8.6
Manta Tow (LTMP),Swinger Reef (15-030),SWINGER REEF,15-030,CL,Northern,_,9,2025,2024,2024-12-22,0.41001831853403453,0.2680747706374903,-0.14194354789654423,-0.11706791811690874,-0.3031726911482927,0.3031726911482927,3.876666667,b,NA,DHW 3.87,41,26.8,-14.2,-11.7,30.3,3.88
Benthic Photo (MMP),Pandora Reef (18-051),PANDORA REEF,18-051,TO,Central,South,5,2018,2018,2018-05-10,0.08546867497361639,0.0849987880056696,-4.6988696794679485e-4,-0.0373235758354191,-0.30265050614431693,0.30265050614431693,0,NA,NA,NA,8.5,8.5,-0,-3.7,30.3,0
Manta Tow (LTMP),St Crispin Reef (16-019),ST. CRISPIN REEF,16-019,CA,Central,_,9,2018,2017,2017-12-18,0.10533824585422165,0.09661159275667272,-0.008726653097548928,-0.0419904230677635,-0.30078665282721095,0.30078665282721095,8.49,b,NA,NA,10.5,9.7,-0.9,-4.2,30.1,8.49
Benthic Photo (MMP),Pelorus (North Palm or Yanooa) Reef (18-048),PELORUS IS AND ORPHEUS IS WEST,18-048,TO,Central,West,5,2021,2021,2021-05-13,0.11117501611775553,0.10436880822336693,-0.0068062078943885995,-0.04516398698578468,-0.30002755826750865,0.30002755826750865,0.66,NA,NA,NA,11.1,10.4,-0.7,-4.5,30,0.66
Benthic Photo (MMP),Pelorus (North Palm or Yanooa) Reef (18-048),PELORUS IS AND ORPHEUS IS WEST,18-048,TO,Central,West,5,2017,2017,2017-05-10,0.1253635241654848,0.1146688766073743,-0.01069464755811049,-0.049232024476370595,-0.2985552180298161,0.2985552180298161,9.295,b,NA,NA,12.5,11.5,-1.1,-4.9,29.9,9.3
Benthic Photo (LTMP),Fairfax Islands Reef (23-081),FAIRFAX ISLAND,23-081,CB,Southern,_,9,2025,2024,2024-11-08,0.33232469751541616,0.27376207289375226,-0.058562624621663895,-0.11607403551767345,-0.2969890269081395,0.2969890269081395,11.28,m,NA,"Aerial bl 4 2024 DHW 11.46 2024, moderate disease",33.2,27.4,-5.9,-11.6,29.7,11.28
Manta Tow (LTMP),Turner Reef (21-562),TURNER CAY,21-562,SW,Southern,_,9,2023,2023,2023-05-20,0.13025698274869757,0.1222713025202314,-0.007985680228466172,-0.052060283815379554,-0.2969247293281677,0.2969247293281677,0,NA,NA,NA,13,12.2,-0.8,-5.2,29.7,0
Benthic Photo (LTMP),Mackay Reefs (15-024),MACKAY REEF,15-024,CL,Northern,_,9,2025,2024,2024-10-05,0.24202255587051924,0.18021899471936584,-0.0618035611511534,-0.07570317413415523,-0.29465411440347855,0.29465411440347855,4.431428571,m,Jasper,NA,24.2,18,-6.2,-7.6,29.5,4.43
Benthic Photo (LTMP),Langford-Bird Reef (20-019),LANGFORD AND BIRD ISLES,20-019,WH,Southern,_,9,2017,2016,2017-03-02,0.24606395760078692,0.22143763772184455,-0.02462631987894237,-0.09177648949644286,-0.29208263265860385,0.29208263265860385,3.3,NA,NA,NA,24.6,22.1,-2.5,-9.2,29.2,3.3
Benthic Photo (LTMP),Hoskyn Islands Reef (23-080),HOSKYN ISLAND,23-080,CB,Southern,_,9,2018,2017,2017-10-14,0.20191913614829993,0.230163933179409,0.028244797031109076,-0.09504990717101082,-0.29137300572197655,0.29137300572197655,3.8225,NA,NA,NA,20.2,23,2.8,-9.5,29.1,3.82
Benthic Photo (LTMP),Hyde Reef (19-207),HYDE REEF,19-207,WH,Southern,_,9,1999,1998,1999-03-05,0.17920073227612904,0.169502526967431,-0.009698205308698027,-0.06986458968663668,-0.29065785145305306,0.29065785145305306,1.103333333,NA,NA,NA,17.9,17,-1,-7,29.1,1.1
Manta Tow (LTMP),U/N Reef (21-062),REEF 21-062,21-062,PO,Southern,_,9,2025,2024,2025-01-15,0.34548973298955477,0.27073849833780894,-0.07475123465174582,-0.11108284784521032,-0.2901688971965106,0.2901688971965106,8.21,b,NA,Aerial bl 4 2024 DHW 8.21 2024,34.5,27.1,-7.5,-11.1,29,8.21
Manta Tow (LTMP),Horseshoe Reef (No 1) (22-104a),HORSESHOE REEF,22-104a,SW,Southern,_,9,2025,2024,2024-11-15,0.13717349711137905,0.13681438428629045,-3.591128250886033e-4,-0.05593706714243434,-0.28870528055379174,0.28870528055379174,8.914,b,NA,DHW 9.19,13.7,13.7,-0,-5.6,28.9,8.91
Manta Tow (LTMP),Turner Reef (21-562),TURNER CAY,21-562,SW,Southern,_,9,2021,2020,2020-09-02,0.09364289505840233,0.12963573400722117,0.03599283894881884,-0.05225017002707778,-0.28569818052942253,0.28569818052942253,5.98,NA,NA,NA,9.4,13,3.6,-5.2,28.6,5.98
Benthic Photo (LTMP),John Brewer Reef (18-075),JOHN BREWER REEF,18-075,TO,Central,_,9,2023,2022,2023-03-18,0.09516622020338282,0.09894508667391134,0.0037788664705285246,-0.040030216729632306,-0.28598056768790614,0.28598056768790614,5.11,NA,NA,NA,9.5,9.9,0.4,-4,28.6,5.11
Manta Tow (LTMP),Dip Reef (18-039),DIP REEF,18-039,TO,Central,_,9,2017,2017,2017-05-04,0.14114263420786854,0.15152940438200965,0.010386770174141108,-0.060721277757349465,-0.2847413060918988,0.2847413060918988,6.9325,NA,NA,NA,14.1,15.2,1,-6.1,28.5,6.93
Manta Tow (LTMP),Linnet Reef (14-126),LINNET REEF,14-126,CL,Northern,_,9,2021,2020,2020-10-30,0.19898162736542865,0.1532795926726808,-0.04570203469274786,-0.061514090004272035,-0.2850597350264409,0.2850597350264409,5.105,NA,NA,NA,19.9,15.3,-4.6,-6.2,28.5,5.11
Manta Tow (LTMP),U/N Reef (19-131a),REEF 19-131,19-131a,WH,Southern,_,9,2023,2022,2023-01-30,0.3325481924748038,0.256479474775485,-0.07606871769931883,-0.10196349130052403,-0.2836708488516158,0.2836708488516158,4.84,b,NA,DHW 5  bl avg 20% surveyed Feb 2022,33.3,25.6,-7.6,-10.2,28.4,4.84
Manta Tow (LTMP),McSweeney Reef (11-016),MCSWEENEY REEF,11-016,CG,Northern,_,9,2025,2024,2024-12-16,0.20078260575299658,0.16565838113409684,-0.035124224618899746,-0.06534087888845916,-0.28164261766225646,0.28164261766225646,5.355,NA,NA,NA,20.1,16.6,-3.5,-6.5,28.2,5.36
Manta Tow (LTMP),U/N Reef (20-104),REEF 20-104,20-104,WH,Southern,_,9,1999,1998,1999-03-03,0.14521407090470048,0.13759145455279492,-0.007622616351905559,-0.054552820078910845,-0.2824459600624148,0.2824459600624148,1.55,NA,NA,NA,14.5,13.8,-0.8,-5.5,28.2,1.55
Benthic Photo (MMP),Pine Island Reef (20-061),PINE ISLAND,20-061,WH,Southern,_,5,2023,2023,2023-06-26,0.16946535737113683,0.1528425783149248,-0.01662277905621204,-0.06029121249006832,-0.28155860998591387,0.28155860998591387,0.29,NA,NA,NA,16.9,15.3,-1.7,-6,28.2,0.29
Manta Tow (LTMP),Tern Reef (20-309),TERN ISLAND,20-309,PO,Southern,_,9,2024,2023,2024-03-24,0.30027282227908775,0.23058207569061542,-0.06969074658847232,-0.0905796499657396,-0.2811620461158056,0.2811620461158056,0.81,m,NA,DHW 7.54,30,23.1,-7,-9.1,28.1,0.81
Benthic Photo (LTMP),East Cay Reef (21-305),EAST CAY,21-305,SW,Southern,_,9,2021,2020,2020-08-31,0.20427112916375162,0.21725497448796785,0.012983845324216231,-0.08507742718737954,-0.2804758961373232,0.2804758961373232,4.61,NA,NA,NA,20.4,21.7,1.3,-8.5,28,4.61
Benthic Photo (LTMP),Hyde Reef (19-207),HYDE REEF,19-207,WH,Southern,_,9,2024,2024,2024-05-13,0.3972470019737009,0.29518550152676976,-0.10206150044693113,-0.11459765054989023,-0.27897358976520076,0.27897358976520076,9.893333333,b,NA,NA,39.7,29.5,-10.2,-11.5,27.9,9.89
Manta Tow (LTMP),U/N Reef (19-131a),REEF 19-131,19-131a,WH,Southern,_,9,2021,2020,2021-02-11,0.1587169933071737,0.17320810117329793,0.014491107866124231,-0.06735084399049554,-0.27881742878462673,0.27881742878462673,2.586666667,NA,NA,NA,15.9,17.3,1.4,-6.7,27.9,2.59
Manta Tow (LTMP),Saville-Kent Reef (18-099),SAVILLE-KENT REEF,18-099,TO,Central,_,9,2003,2002,2003-03-20,0.14807687683962764,0.1335838772708403,-0.01449299956878733,-0.05208703616443163,-0.27903134562253473,0.27903134562253473,1.71,NA,NA,NA,14.8,13.4,-1.4,-5.2,27.9,1.71
Manta Tow (LTMP),Chicken Reef (18-086),CHICKEN REEF,18-086,TO,Central,_,9,1999,1998,1999-04-24,0.2582419729001684,0.1973779924904148,-0.06086398040975363,-0.07681595897515296,-0.2791338929001286,0.2791338929001286,0.196666667,NA,NA,NA,25.8,19.7,-6.1,-7.7,27.9,0.2
Benthic Photo (MMP),Fitzroy Island Reef (No 1) (16-054a),FITZROY ISLAND,16-054a,CA,Central,West,5,2017,2017,2017-06-26,0.2119936492502237,0.16869980278680485,-0.043293846463418856,-0.06548280787793136,-0.2784338846007631,0.2784338846007631,10.63,b,NA,NA,21.2,16.9,-4.3,-6.5,27.8,10.63
Benthic Photo (LTMP),Farquharson Reef (No 1) (17-063a),FARQUHARSON REEF,17-063a,IN,Central,_,9,2023,2022,2023-03-09,0.07060503826758416,0.072693726355296015,0.002088688087711857,-0.028356143641781666,-0.2778655537982917,0.2778655537982917,5.1,b,NA,DHW 5,7.1,7.3,0.2,-2.8,27.8,5.1
Benthic Photo (MMP),Double Cone Reef (20-024),DOUBLE CONE ISLAND,20-024,WH,Southern,_,5,2023,2023,2023-06-27,0.17507206826934021,0.15745203003494646,-0.01762003823439376,-0.060977871323476984,-0.27789226056240113,0.27789226056240113,1.07,NA,NA,NA,17.5,15.7,-1.8,-6.1,27.8,1.07
Manta Tow (LTMP),Briggs Reef (No 1) (20-299d),BRIGGS REEF,20-299d,PO,Southern,_,9,2025,2024,2025-03-23,0.5501866906862115,0.38163401308421346,-0.16855267760199805,-0.14633344443928917,-0.27663978635734393,0.27663978635734393,8.31,NA,NA,NA,55,38.2,-16.9,-14.6,27.7,8.31
Benthic Photo (LTMP),Mantis Reef (12-056),MANTIS REEF,12-056,CG,Northern,_,9,2025,2024,2024-12-18,0.193189922320597,0.17024008933414767,-0.022949832986449342,-0.06517556355094503,-0.2756820995377278,0.2756820995377278,9.46,b,NA,similar hc to prior but slightly lower,19.3,17,-2.3,-6.5,27.6,9.46
Benthic Photo (LTMP),U/N Reef (21-139),REEF 21-139,21-139,SW,Southern,_,9,2024,2023,2024-03-14,0.29527715388848075,0.24029573725924935,-0.054981416629231394,-0.09204945690726912,-0.2761385450221519,0.2761385450221519,0.29,b,NA,DHW 8.6,29.5,24,-5.5,-9.2,27.6,0.29
Benthic Photo (MMP),Daydream Reef (No 1) (20-035a),DAYDREAM ISLAND,20-035a,WH,Southern,_,5,2023,2023,2023-06-28,0.05078274223316034,0.0619788555082298,0.01119611327506946,-0.02392003534983348,-0.2752628383819465,0.2752628383819465,0.3,NA,NA,NA,5.1,6.2,1.1,-2.4,27.5,0.3
Manta Tow (LTMP),St Crispin Reef (16-019),ST. CRISPIN REEF,16-019,CA,Central,_,9,2025,2024,2024-10-07,0.2113603665534798,0.1675124775289611,-0.04384788902451872,-0.06361727964526774,-0.274059131494799,0.274059131494799,5.81,m,NA,DHW 6.98,21.1,16.8,-4.4,-6.4,27.4,5.81
Benthic Photo (MMP),Havannah Reef (18-065),HAVANNAH ISLAND,18-065,TO,Central,South,2,2017,2017,2017-05-09,0.5185990433552993,0.3524230380493657,-0.16617600530593357,-0.1324306234280462,-0.27257306865887043,0.27257306865887043,8.71,b,NA,NA,51.9,35.2,-16.6,-13.2,27.3,8.71
Manta Tow (LTMP),U/N Reef (22-084),REEF 22-084,22-084,SW,Southern,_,9,2024,2024,2024-05-01,0.12136848920372466,0.15022670123802098,0.028858212034296324,-0.05675634060169442,-0.2728892706811855,0.2728892706811855,8.45,b,NA,DHW 8.47,12.1,15,2.9,-5.7,27.3,8.45
Manta Tow (LTMP),Opal Reef (16-025),OPAL REEF,16-025,CA,Central,_,9,2021,2020,2021-01-12,0.08916146256265847,0.1166578147857285,0.027496352223070022,-0.04428092277454866,-0.27344243534111984,0.27344243534111984,7.4,NA,NA,NA,8.9,11.7,2.7,-4.4,27.3,7.4
Manta Tow (LTMP),Mantis Reef (12-056),MANTIS REEF,12-056,CG,Northern,_,9,2025,2024,2024-12-18,0.42120549680955033,0.3100811424175816,-0.11112435439196872,-0.11485114772784974,-0.2696464916727367,0.2696464916727367,9.46,b,NA,DHW 8.91,42.1,31,-11.1,-11.5,27,9.46
Benthic Photo (LTMP),Rib Reef (18-032),RIB REEF,18-032,TO,Central,_,9,2017,2016,2017-04-29,0.37563843830178556,0.2897016699972077,-0.08593676830457786,-0.10678459089754368,-0.2686497657986189,0.2686497657986189,2.5,m,NA,"tons of cots on sites, COTS removal.  AO in 2017, 2- bleaching but little mortality as yet, COTS removal-2563",37.6,29,-8.6,-10.7,26.9,2.5
Benthic Photo (LTMP),Lizard Island Reef (North West) (14-116a),LIZARD ISLES,14-116a,CL,Northern,_,9,2024,2023,2023-11-18,0.20806419610452695,0.16532056503156148,-0.04274363107296547,-0.06134676138939447,-0.2694579075258457,0.2694579075258457,1.3925,b,NA,need to investigate drop. Not bleaching- erroneous photo transect data bleaching,20.8,16.5,-4.3,-6.1,26.9,1.39
Benthic Photo (LTMP),Hyde Reef (19-207),HYDE REEF,19-207,WH,Southern,_,9,2017,2016,2017-02-20,0.0682123964275683,0.13705152367658177,0.06883912724901348,-0.050293204497546234,-0.26702740758981736,0.26702740758981736,2.756666667,NA,NA,NA,6.8,13.7,6.9,-5,26.7,2.76
Manta Tow (LTMP),Feather Reef (17-034),FEATHER REEF,17-034,IN,Central,_,9,1999,1998,1999-02-10,0.1732258003453692,0.14583400082965398,-0.027391799515715215,-0.05327361041203275,-0.26622480814929994,0.26622480814929994,2.56,NA,NA,NA,17.3,14.6,-2.7,-5.3,26.6,2.56
Benthic Photo (LTMP),Green Island Reef (16-049),GREEN ISLAND,16-049,CA,Central,_,9,2003,2002,2002-10-24,0.04326030566578974,0.045269769239371045,0.0020094635735813035,-0.016677387754778884,-0.26494266859945426,0.26494266859945426,2.05,NA,NA,NA,4.3,4.5,0.2,-1.7,26.5,2.05
Benthic Photo (LTMP),Havannah Reef (18-065),HAVANNAH ISLAND,18-065,TO,Central,North,9,1999,1999,1999-05-01,0.2723939394905943,0.21782297096763203,-0.05457096852296228,-0.07867049376156207,-0.2644444436222328,0.2644444436222328,0.49,b,NA,"up to 10% bleaching on 6 transects.  SCUBA search, delayed mortality from 1998 on manta tow",27.2,21.8,-5.5,-7.9,26.4,0.49
Manta Tow (LTMP),Tydeman Reef (13-133),TYDEMAN REEF,13-133,PB,Unknown,_,9,2025,2024,2024-12-20,0.38356413829938735,0.28151111490984554,-0.10205302338954181,-0.10069749963961319,-0.2627746240986884,0.2627746240986884,7.18,b,NA,Aerial bl 3 2024 DHW 7.18,38.4,28.2,-10.2,-10.1,26.3,7.18
Benthic Photo (MMP),Seaforth Reef (20-095),SEAFORTH ISLAND,20-095,WH,Southern,_,2,2023,2023,2023-06-26,0.07811034745667142,0.08750189043508103,0.009391542978409606,-0.031347480303583766,-0.2615573207467055,0.2615573207467055,0.14,NA,NA,NA,7.8,8.8,0.9,-3.1,26.2,0.14
Benthic Photo (LTMP),U/N Reef (21-558),REEF 21-558,21-558,SW,Southern,_,9,2025,2024,2025-01-07,0.1101872950078745,0.1027282744168105,-0.007459020591064,-0.0365248528260476,-0.26042095134750376,0.26042095134750376,7.9225,NA,NA,NA,11,10.3,-0.7,-3.7,26,7.92
Manta Tow (LTMP),U/N Reef (19-138),REEF 19-138,19-138,WH,Southern,_,9,2023,2022,2023-01-29,0.23653896322951035,0.20120109576445824,-0.0353378674650521,-0.07094559293725386,-0.2597344059869951,0.2597344059869951,5.11,b,NA,DHW 5.2 surveyed Jan 2022,23.7,20.1,-3.5,-7.1,26,5.11
Benthic Photo (MMP),Fitzroy Island Reef (No 1) (16-054a),FITZROY ISLAND,16-054a,CA,Central,East,2,2024,2024,2024-06-16,0.3457760050245789,0.25273308092101576,-0.09304292410356313,-0.08879070953031311,-0.2592249414655765,0.2592249414655765,7.74,b,NA,partial bleaching during bleaching surveys Feb24,34.6,25.3,-9.3,-8.9,25.9,7.74
Manta Tow (LTMP),Davie Reef (13-130),DAVIE REEF,13-130,PB,Unknown,_,9,2017,2016,2016-12-09,0.3609892916214853,0.2639674768182431,-0.09702181480324218,-0.0923978352431325,-0.2585528928651689,0.2585528928651689,7.73,b,NA,Bleaching,36.1,26.4,-9.7,-9.2,25.9,7.73
Benthic Photo (MMP),Tobias Spit (17-009a),HIGH ISLAND,17-009a,IN,Central,West,5,2017,2017,2017-06-25,0.3006263322517232,0.23023509048399124,-0.07039124176773195,-0.07979990862883209,-0.25656247321506687,0.25656247321506687,11.03,m,NA,NA,30.1,23,-7,-8,25.7,11.03
Benthic Photo (LTMP),Horseshoe Reef (No 1) (22-104a),HORSESHOE REEF,22-104a,SW,Southern,_,9,2025,2024,2024-11-14,0.25910214651422714,0.23086926199954919,-0.028232884514677953,-0.08011707710800856,-0.2567967473742114,0.2567967473742114,8.914,b,NA,hc decline,25.9,23.1,-2.8,-8,25.7,8.91
Manta Tow (LTMP),Michaelmas Reef (16-060),MICHAELMAS CAY,16-060,CA,Central,_,9,2003,2002,2002-11-04,0.12213703896882291,0.11556280868880374,-0.006574230280019175,-0.04027613257493761,-0.2567993143183045,0.2567993143183045,3.31,NA,NA,NA,12.2,11.6,-0.7,-4,25.7,3.31
Manta Tow (LTMP),Border Island Reef (No 1) (20-067a),BORDER ISLAND,20-067a,WH,Southern,_,9,2003,2002,2002-11-26,0.20372532963093104,0.17414463568781044,-0.0295806939431206,-0.06056847920313222,-0.2569584608440452,0.2569584608440452,1.24,b,NA,bleaching 0+ 1 transect,20.4,17.4,-3,-6.1,25.7,1.24
Benthic Photo (LTMP),McSweeney Reef (11-016),MCSWEENEY REEF,11-016,CG,Northern,_,9,2024,2023,2023-11-26,0.11801774420288894,0.11197523789881832,-0.006042506304070619,-0.03908060013030223,-0.25701479559645596,0.25701479559645596,0.775,NA,NA,NA,11.8,11.2,-0.6,-3.9,25.7,0.78
Benthic Photo (LTMP),East Cay Reef (21-305),EAST CAY,21-305,SW,Southern,_,9,2018,2017,2018-01-29,0.2287774336347579,0.20731278665739425,-0.02146464697736364,-0.07117986409799117,-0.25467526214236114,0.25467526214236114,1.79,NA,NA,NA,22.9,20.7,-2.1,-7.1,25.5,1.79
Benthic Photo (MMP),Richards (Bedarra) Reef (18-001),BEDARRA ISLAND,18-001,IN,Central,_,2,2018,2018,2018-06-21,0.07665833540929687,0.08199792652917542,0.005339591119878556,-0.02844146615121816,-0.25521914169783605,0.25521914169783605,0.23,b,NA,highlevels of bleaching at time of previous survey,7.7,8.2,0.5,-2.8,25.5,0.23
Benthic Photo (LTMP),Kelso Reef (18-030),KELSO REEF,18-030,TO,Central,_,9,2018,2017,2018-02-24,0.15543433398559273,0.13156622505269358,-0.023868108932899146,-0.04515730481524373,-0.2540873729483045,0.2540873729483045,7.4475,b,NA,"DHW 2107, plus COTS removal -246",15.5,13.2,-2.4,-4.5,25.4,7.45
Manta Tow (LTMP),Hastings Reef (16-057),HASTINGS REEF,16-057,CA,Central,_,9,2017,2016,2016-09-18,0.21721298885573315,0.1766648481995503,-0.04054814065618284,-0.06047159135164974,-0.2539367409104484,0.2539367409104484,5.286666667,b,NA,bleaching mortality- HC,21.7,17.7,-4.1,-6,25.4,5.29
Benthic Photo (MMP),Pine Island Reef (20-061),PINE ISLAND,20-061,WH,Southern,_,2,2021,2021,2021-06-04,0.05612575565261093,0.06882505965290363,0.012699304000292698,-0.02380455129707118,-0.2542416982784396,0.2542416982784396,0,NA,NA,NA,5.6,6.9,1.3,-2.4,25.4,0
Manta Tow (LTMP),Peart Reef (17-024),PEART REEF,17-024,IN,Central,_,9,2025,2024,2024-08-27,0.1935746109136898,0.16202621285435595,-0.03154839805933385,-0.054608891966931986,-0.25091950129908647,0.25091950129908647,5.4,b,NA,DHW 5.4,19.4,16.2,-3.2,-5.5,25.1,5.4
Benthic Photo (LTMP),Hastings Reef (16-057),HASTINGS REEF,16-057,CA,Central,_,9,2025,2024,2024-10-09,0.16959245778756643,0.14707238951888696,-0.022520068268679472,-0.04942357046759606,-0.2502510454946962,0.2502510454946962,7.39,m,Jasper,small decline,17,14.7,-2.3,-4.9,25,7.39
Manta Tow (LTMP),Fairfax Islands Reef (23-081),FAIRFAX ISLAND,23-081,CB,Southern,_,9,2018,2017,2017-10-14,0.20093817131682457,0.2514950079370435,0.050556836620218926,-0.08377254875262691,-0.24912468385981604,0.24912468385981604,3.543333333,NA,NA,NA,20.1,25.1,5.1,-8.4,24.9,3.54
Manta Tow (LTMP),Wade Reef (21-588),WADE REEF,21-588,SW,Southern,_,9,2025,2024,2024-11-18,0.14304588581004424,0.1421460121773275,-8.998736327167356e-4,-0.04692997137844655,-0.24690111028506598,0.24690111028506598,9.45,b,NA,Aerial bl 4 2024  DHW 9.57 2024,14.3,14.2,-0.1,-4.7,24.7,9.45
Benthic Photo (LTMP),MacGillivray Reef (14-114),MACGILLIVRAY REEF,14-114,CL,Northern,_,9,2017,2016,2016-09-04,0.1183821535444432,0.13012805758075172,0.011745904036308513,-0.04312359236364323,-0.2474788180049044,0.2474788180049044,9.06,m,NA,bleaching in sector. COTS and cyclone,11.8,13,1.2,-4.3,24.7,9.06
Manta Tow (LTMP),Hardy Reef (19-135),HARDY REEF,19-135,WH,Southern,_,9,2003,2002,2002-12-06,0.32593127803814603,0.26104052990551013,-0.0648907481326359,-0.08618216397821468,-0.24749152048944806,0.24749152048944806,3.03,m,NA,"Ongoing COTS, coral bleaching event in 2002",32.6,26.1,-6.5,-8.6,24.7,3.03
Manta Tow (LTMP),Rodda Reef (13-127),RODDA REEF,13-127,PB,Unknown,_,9,2017,2016,2016-08-20,0.35991753534805637,0.26388802409682105,-0.09602951125123532,-0.08651249708138387,-0.24619342279663547,0.24619342279663547,8.085,b,NA,Bleaching,36,26.4,-9.6,-8.7,24.6,8.09
Manta Tow (LTMP),Yonge Reef (14-138),YONGE REEF,14-138,CL,Northern,_,9,2025,2024,2024-09-23,0.2873801234301697,0.2531885178742778,-0.0341916055558919,-0.08310053986549785,-0.24637781143084503,0.24637781143084503,7.61,b,NA,Aerial bl 2 2024 DHW 8.08,28.7,25.3,-3.4,-8.3,24.6,7.61
Benthic Photo (LTMP),Lagoon Reef (12-061),LAGOON REEF,12-061,CG,Northern,_,9,2025,2024,2024-12-19,0.32829276929333295,0.26119229500156566,-0.0671004742917673,-0.0839453848799784,-0.2425202159692824,0.2425202159692824,5.256666667,b,NA,decline hc abs 7% rel 25% DHW 5.54,32.8,26.1,-6.7,-8.4,24.3,5.26
Benthic Photo (MMP),Pelorus (North Palm or Yanooa) Reef (18-048),PELORUS IS AND ORPHEUS IS WEST,18-048,TO,Central,West,5,2023,2023,2023-05-01,0.14492761511136562,0.1384178441777542,-0.0065097709336114085,-0.04468196182396968,-0.24270509999098686,0.24270509999098686,0.5,NA,NA,NA,14.5,13.8,-0.7,-4.5,24.3,0.5
Benthic Photo (MMP),Tobias Spit (17-009a),HIGH ISLAND,17-009a,IN,Central,West,5,2021,2021,2021-07-08,0.32428566272942005,0.2482737879198324,-0.07601187480958765,-0.08002017435913872,-0.24300528866468332,0.24300528866468332,0.15,m,NA,NA,32.4,24.8,-7.6,-8,24.3,0.15
Benthic Photo (LTMP),St Crispin Reef (16-019),ST. CRISPIN REEF,16-019,CA,Central,_,9,2018,2017,2017-12-17,0.14007185911529177,0.12930740323889314,-0.010764455876398626,-0.041557434913511555,-0.24180300845865657,0.24180300845865657,8.49,b,NA,"2016/17 summer bleaching DHW>8, COTS removal-166",14,12.9,-1.1,-4.2,24.2,8.49
Manta Tow (LTMP),Gannett Cay Reef (21-556),GANNET CAY,21-556,SW,Southern,_,9,2024,2023,2023-10-07,0.08593489396254193,0.09896793855981655,0.013033044597274612,-0.03164132743075752,-0.2404186908315687,0.2404186908315687,0.29,NA,NA,NA,8.6,9.9,1.3,-3.2,24,0.29
Benthic Photo (MMP),Double Cone Reef (20-024),DOUBLE CONE ISLAND,20-024,WH,Southern,_,5,2018,2018,2018-06-15,0.19056469737123397,0.1767704534347366,-0.013794243936497363,-0.05608260097923496,-0.23981983523703038,0.23981983523703038,0,NA,NA,NA,19.1,17.7,-1.4,-5.6,24,0
Benthic Photo (MMP),Orpheus (Goolboddi) Island Reef (No 5) (18-049e),ORPHEUS ISLAND EAST,18-049e,TO,Central,East,5,2024,2024,2024-05-31,0.5071642460105452,0.3884450177734608,-0.11871922823708442,-0.12070036810899058,-0.2365999408192287,0.2365999408192287,5.53,m,NA,bleaching observed during targetted bleaching surveys,50.7,38.8,-11.9,-12.1,23.7,5.53
Benthic Photo (LTMP),Farquharson Reef (No 1) (17-063a),FARQUHARSON REEF,17-063a,IN,Central,_,9,2025,2024,2024-08-25,0.08978364493751873,0.09262310060460097,0.0028394556670822413,-0.029015354562189268,-0.2365926293080578,0.2365926293080578,4.91,NA,NA,NA,9,9.3,0.3,-2.9,23.7,4.91
Benthic Photo (MMP),Pelorus (North Palm or Yanooa) Reef (18-048),PELORUS IS AND ORPHEUS IS WEST,18-048,TO,Central,West,2,2023,2023,2023-05-01,0.12299282251103742,0.12295487087895199,-3.795163208543395e-5,-0.0385732081295426,-0.23733257886796627,0.23733257886796627,0.5,NA,NA,NA,12.3,12.3,-0,-3.9,23.7,0.5
Manta Tow (LTMP),Monsoon Reef (11-029),MONSOON REEF,11-029,CG,Northern,_,9,2021,2020,2020-12-12,0.08687452404127445,0.09025272559614346,0.003378201554869009,-0.02799153492055937,-0.23474115063708687,0.23474115063708687,9.88,NA,NA,NA,8.7,9,0.3,-2.8,23.5,9.88
Benthic Photo (LTMP),U/N Reef (21-529),REEF 21-529,21-529,SW,Southern,_,9,2021,2020,2020-09-05,0.29469552267284255,0.2830572364607541,-0.011638286212088456,-0.0871438802521705,-0.23476190218351328,0.23476190218351328,3.98,NA,NA,NA,29.5,28.3,-1.2,-8.7,23.5,3.98
Manta Tow (LTMP),Langford-Bird Reef (20-019),LANGFORD AND BIRD ISLES,20-019,WH,Southern,_,9,1999,1998,1999-03-14,0.11350492229282905,0.15414137424977226,0.04063645195694321,-0.04758135504476271,-0.23471149589561796,0.23471149589561796,0.61,NA,NA,NA,11.4,15.4,4.1,-4.8,23.5,0.61
Manta Tow (LTMP),Thetford Reef (16-068),THETFORD REEF,16-068,CA,Central,_,9,2025,2024,2024-10-10,0.2945187715384348,0.2294008524938167,-0.06511791904461811,-0.0704683071099547,-0.23421578736337648,0.23421578736337648,7.513333333,b,NA,Aerial bl 3 2024 DHW 7.63 2024,29.5,22.9,-6.5,-7,23.4,7.51
Benthic Photo (LTMP),U/N Reef (21-558),REEF 21-558,21-558,SW,Southern,_,9,2018,2017,2018-01-23,0.17175482366313183,0.14789682238916996,-0.02385800127396187,-0.04560931397223214,-0.23448778956509506,0.23448778956509506,1.655,NA,NA,NA,17.2,14.8,-2.4,-4.6,23.4,1.66
Benthic Photo (LTMP),U/N Reef (21-187),REEF 21-187,21-187,SW,Southern,_,9,2025,2024,2025-01-10,0.26241106733981745,0.21944737071871148,-0.04296369662110597,-0.06584107428123105,-0.22998159873774948,0.22998159873774948,7.17,b,NA,decline following bleaching,26.2,21.9,-4.3,-6.6,23,7.17
Manta Tow (LTMP),Centipede Reef (18-088),CENTIPEDE REEF,18-088,TO,Central,_,9,2018,2017,2018-04-30,0.14681892757933923,0.12192127611063565,-0.024897651468703583,-0.03626771745065982,-0.2278280466462965,0.2278280466462965,4.68,b,NA,NA,14.7,12.2,-2.5,-3.6,22.8,4.68
Manta Tow (LTMP),Yonge Reef (14-138),YONGE REEF,14-138,CL,Northern,_,9,2021,2020,2020-10-24,0.14516059611583534,0.19350848912797594,0.0483478930121406,-0.05715924095164965,-0.2271218520291216,0.2271218520291216,7.87,NA,NA,NA,14.5,19.4,4.8,-5.7,22.7,7.87
Benthic Photo (LTMP),U/N Reef (19-131a),REEF 19-131,19-131a,WH,Southern,_,9,2003,2002,2002-12-05,0.4142346075067328,0.329131647939655,-0.08510295956707781,-0.09692423371736078,-0.2269591355147385,0.2269591355147385,2.62,b,NA,Bleaching summer of 2001/2002 Feb? surveyed dec 02.  scattered colonies on 2 transects (SCUBA search),41.4,32.9,-8.5,-9.7,22.7,2.62
Manta Tow (LTMP),Myrmidon Reef (18-034),MYRMIDON REEF,18-034,TO,Central,_,9,1999,1998,1999-04-27,0.3046624411822356,0.2563432182549964,-0.048319222927239225,-0.0751406598906588,-0.22599790495026958,0.22599790495026958,0.65,b,NA,1998 bleaching event,30.5,25.6,-4.8,-7.5,22.6,0.65
Manta Tow (LTMP),Gannett Cay Reef (21-556),GANNET CAY,21-556,SW,Southern,_,9,2025,2024,2024-11-18,0.09896793855981655,0.11258589605028108,0.01361795749046453,-0.032917266347603134,-0.22468638771225952,0.22468638771225952,8.47,b,NA,DHW 8.47,9.9,11.3,1.4,-3.3,22.5,8.47
Manta Tow (LTMP),Farquharson Reef (No 1) (17-063a),FARQUHARSON REEF,17-063a,IN,Central,_,9,2025,2024,2024-08-25,0.07791532665248674,0.08424977849980603,0.006334451847319289,-0.0247823202037583,-0.2252280970348838,0.2252280970348838,4.91,NA,NA,NA,7.8,8.4,0.6,-2.5,22.5,4.91
Benthic Photo (MMP),Stingaree Reefs (17-053),DUNK ISLAND,17-053,IN,Central,South,5,2018,2018,2018-06-02,0.3228502984498555,0.25120285857689106,-0.07164743987296446,-0.07305890305239145,-0.22461571469830635,0.22461571469830635,0.156666667,b,NA,highlevels of bleaching at time of previous survey,32.3,25.1,-7.2,-7.3,22.5,0.16
Manta Tow (LTMP),Ashmore Banks (No 1) (11-237a),ASHMORE BANKS A,11-237a,CG,Northern,_,9,2023,2022,2022-12-04,0.8308323089261449,0.5575101671512852,-0.2733221417748597,-0.16134213241857642,-0.22413227340523093,0.22413227340523093,5.25,b,NA,NA,83.1,55.8,-27.3,-16.1,22.4,5.25
Manta Tow (LTMP),Martin Reef (14-123),MARTIN REEF,14-123,CL,Northern,_,9,2025,2024,2024-10-01,0.2716942520166412,0.2174431330854078,-0.05425111893123341,-0.06236082691557692,-0.2220795850434525,0.2220795850434525,6.47,b,NA,DHW 6.73 aerial bl 5,27.2,21.7,-5.4,-6.2,22.2,6.47
Benthic Photo (MMP),Tobias Spit (17-009a),HIGH ISLAND,17-009a,IN,Central,East,2,2021,2021,2021-07-09,0.5389893378252972,0.3748077022260112,-0.16418163559928606,-0.10706993441407701,-0.22173305676170993,0.22173305676170993,0.15,m,NA,NA,53.9,37.5,-16.4,-10.7,22.2,0.15
Benthic Photo (MMP),Barren Island Reef (22-009),BARREN ISLAND,22-009,CB,Southern,_,5,2025,2024,2025-04-20,0.6208482450147622,0.4746668183123068,-0.14618142670245543,-0.13470398625438418,-0.22069205349691004,0.22069205349691004,11.06,b,NA,further decline as a result of bleaching in 2024,62.1,47.5,-14.6,-13.5,22.1,11.06
Benthic Photo (MMP),Pelorus (North Palm or Yanooa) Reef (18-048),PELORUS IS AND ORPHEUS IS WEST,18-048,TO,Central,West,5,2018,2018,2018-05-11,0.1146688766073743,0.11908028571485844,0.004411409107484138,-0.03402888077955226,-0.22081023182217027,0.22081023182217027,0,NA,NA,NA,11.5,11.9,0.4,-3.4,22.1,0
Benthic Photo (LTMP),Fitzroy Island Reef (No 1) (16-054a),FITZROY ISLAND,16-054a,CA,Central,West(LTMP),9,2017,2016,2016-12-20,0.16078631959119336,0.16741912636113615,0.006632806769942795,-0.047104888225106625,-0.2185598125366091,0.2185598125366091,3.13,b,NA,NA,16.1,16.7,0.7,-4.7,21.9,3.13
Benthic Photo (LTMP),Helix Reef (18-076),HELIX REEF,18-076,TO,Central,_,9,2025,2025,2025-05-16,0.28779769722685716,0.2485891793980904,-0.039208517828766776,-0.06991470832967976,-0.21882271551340193,0.21882271551340193,NA,NA,NA,NA,28.8,24.9,-3.9,-7,21.9,NA
Manta Tow (LTMP),Wansfell Reef (19-098),WANSFELL REEF,19-098,CU,Southern,_,9,2025,2024,2025-04-02,0.3150152243884395,0.2522890618362222,-0.0627261625522173,-0.07049276240881222,-0.21771686095469056,0.21771686095469056,3.37,b,NA,Aerial bl 3 2024 DHW 3.37 2024 DHW 2.61 2025,31.5,25.2,-6.3,-7,21.8,3.37
Manta Tow (LTMP),Wade Reef (21-588),WADE REEF,21-588,SW,Southern,_,9,2024,2023,2023-10-05,0.13613924726145119,0.14304588581004424,0.006906638548593053,-0.03965478513774317,-0.2158663054040456,0.2158663054040456,0,NA,NA,NA,13.6,14.3,0.7,-4,21.6,0
Benthic Photo (MMP),Magnetic Island Reef (No 2) (19-009c),GEOFFREY BAY,19-009c,TO,Central,_,5,2024,2024,2024-06-05,0.2800670648981542,0.22389189234197865,-0.056175172556175546,-0.06168904776013727,-0.21525872494575501,0.21525872494575501,9.07,b,NA,partial bleaching at time of surveys,28,22.4,-5.6,-6.2,21.5,9.07
Manta Tow (LTMP),Green Island Reef (16-049),GREEN ISLAND,16-049,CA,Central,_,9,1999,1998,1999-02-02,0.061499444394335044,0.06448821733172491,0.0029887729373898678,-0.017887403645974926,-0.21453997506968137,0.21453997506968137,0.94,NA,NA,NA,6.1,6.4,0.3,-1.8,21.5,0.94
Benthic Photo (LTMP),U/N Reef (21-529),REEF 21-529,21-529,SW,Southern,_,9,2025,2024,2024-11-19,0.24402387862104383,0.22664880891297667,-0.017375069708067153,-0.06203521492454505,-0.21414786394757973,0.21414786394757973,7.19,b,NA,Aerial bl 5 2024 DHW 7.19 2024,24.4,22.7,-1.7,-6.2,21.4,7.19
Manta Tow (LTMP),Pearson Reef (11-211),PEARSON REEF,11-211,CG,Northern,_,9,2025,2024,2024-12-12,0.4071816291112013,0.3191275803107306,-0.08805404880047074,-0.08737260508697321,-0.21441120327761587,0.21441120327761587,3.64,NA,NA,NA,40.7,31.9,-8.8,-8.7,21.4,3.64
Benthic Photo (LTMP),Rebe Reef (19-209),REBE REEF,19-209,WH,Southern,_,9,2003,2002,2002-11-28,0.1889859577226206,0.17808212490473238,-0.010903832817888232,-0.048675996114790995,-0.21371793856087573,0.21371793856087573,1.7525,b,NA,Coral bleaching 2002,18.9,17.8,-1.1,-4.9,21.4,1.75
Manta Tow (LTMP),John Brewer Reef (18-075),JOHN BREWER REEF,18-075,TO,Central,_,9,2025,2025,2025-05-17,0.17301712703418218,0.17281255156220093,-2.0457547198124426e-4,-0.04728656491627956,-0.21387043815203102,0.21387043815203102,NA,NA,NA,NA,17.3,17.3,-0,-4.7,21.4,NA
Benthic Photo (LTMP),Mantis Reef (12-056),MANTIS REEF,12-056,CG,Northern,_,9,2023,2022,2022-12-03,0.1723114487572831,0.16985406444767764,-0.0024573843096054593,-0.04602014214485411,-0.212197397135925,0.212197397135925,11.08,NA,NA,NA,17.2,17,-0.2,-4.6,21.2,11.08
Benthic Photo (MMP),Richards (Bedarra) Reef (18-001),BEDARRA ISLAND,18-001,IN,Central,_,2,2023,2023,2023-06-07,0.1307434085954353,0.12999759964029725,-7.458089551380387e-4,-0.035299049444056076,-0.21226554857488902,0.21226554857488902,0.145,NA,NA,NA,13.1,13,-0.1,-3.5,21.2,0.14
Benthic Photo (MMP),Pine Island Reef (20-061),PINE ISLAND,20-061,WH,Southern,_,5,2025,2025,2025-06-22,0.19674296762583346,0.18779118257329036,-0.008951785052543099,-0.0507323350952912,-0.2118052356156833,0.2118052356156833,NA,NA,NA,NA,19.7,18.8,-0.9,-5.1,21.2,NA
Benthic Photo (LTMP),Taylor Reef (17-064),TAYLOR REEF,17-064,IN,Central,_,9,2023,2022,2023-03-10,0.08642161922812694,0.08343089338621762,-0.0029907258419093197,-0.02252765666329192,-0.2106204380375781,0.2106204380375781,5.38,b,NA,Aerial bl 5 2022,8.6,8.3,-0.3,-2.3,21.1,5.38
Benthic Photo (MMP),Fitzroy Island Reef (No 1) (16-054a),FITZROY ISLAND,16-054a,CA,Central,West,2,2017,2017,2017-06-26,0.27147524473670975,0.22423355926730312,-0.04724168546940663,-0.05916080916476939,-0.20802384200128748,0.20802384200128748,10.63,b,NA,NA,27.1,22.4,-4.7,-5.9,20.8,10.63
Benthic Photo (MMP),Humpy (Bur-ye-Bur-ye) Reef (23-016),HUMPY ISLAND AND HALFWAY ISLAND,23-016,CB,Southern,_,5,2021,2021,2021-05-06,0.2983615603962022,0.2471740150980393,-0.05118754529816291,-0.06514388549589045,-0.20791625812761674,0.20791625812761674,0,b,NA,ongoing decline post 2020 bleaching,29.8,24.7,-5.1,-6.5,20.8,0
Benthic Photo (MMP),Pine Island Reef (20-061),PINE ISLAND,20-061,WH,Southern,_,2,2024,2024,2024-07-18,0.06317441071504845,0.08009933556068624,0.01692492484563779,-0.021173807365870732,-0.20703194171979034,0.20703194171979034,9.17,NA,NA,NA,6.3,8,1.7,-2.1,20.7,9.17
Benthic Photo (MMP),Normanby-Mabel Reef (17-012),FRANKLAND ISLANDS,17-012,IN,Central,East,5,2017,2017,2017-08-06,0.4412817572288615,0.33692055173814073,-0.10436120549072075,-0.08759913081433109,-0.20586387517698207,0.20586387517698207,10.66,m,NA,NA,44.1,33.7,-10.4,-8.8,20.6,10.66
Benthic Photo (LTMP),Lizard Island Reef (North West) (14-116a),LIZARD ISLES,14-116a,CL,Northern,_,9,2021,2020,2020-10-21,0.069738641348031,0.10398187364522242,0.03424323229719142,-0.027166342542831956,-0.20557479568375492,0.20557479568375492,5.965,NA,NA,NA,7,10.4,3.4,-2.7,20.6,5.96
Manta Tow (LTMP),Chinaman Reef (22-102),CHINAMAN REEF (22-102),22-102,SW,Southern,_,9,2024,2023,2023-10-04,0.17624192082141965,0.18136489645736498,0.005122975635945326,-0.047394339825447,-0.2062782789158867,0.2062782789158867,0,NA,NA,NA,17.6,18.1,0.5,-4.7,20.6,0
Benthic Photo (MMP),Barren Island Reef (22-009),BARREN ISLAND,22-009,CB,Southern,_,2,2025,2024,2025-04-20,0.2598804032895316,0.21540024886996686,-0.04448015441956474,-0.055902582990507266,-0.20529563577638926,0.20529563577638926,11.06,b,NA,further decline as a result of bleaching in 2024,26,21.5,-4.4,-5.6,20.5,11.06
Manta Tow (LTMP),U/N Reef (19-138),REEF 19-138,19-138,WH,Southern,_,9,2021,2020,2021-02-15,0.1829281422628002,0.20448311514294532,0.02155497288014513,-0.05293186248580496,-0.20483279634762147,0.20483279634762147,3.195,NA,NA,NA,18.3,20.4,2.2,-5.3,20.5,3.19
Benthic Photo (LTMP),Agincourt Reefs (No 1) (15-099c),AGINCOURT REEF NO.1,15-099c,CA,Central,_,9,2018,2017,2017-12-16,0.12157677337258557,0.12747132544169926,0.005894552069113684,-0.03309271063928885,-0.20482720933450982,0.20482720933450982,NA,NA,NA,NA,12.2,12.7,0.6,-3.3,20.5,NA
Benthic Photo (LTMP),Low Islands Reef (16-028),LOW ISLES,16-028,CA,Central,_,9,2025,2024,2024-10-08,0.37695421002497653,0.3096307580176064,-0.06732345200737011,-0.07961378073677752,-0.20400998048786442,0.20400998048786442,6.42,m,Jasper,NA,37.7,31,-6.7,-8,20.4,6.42
Manta Tow (LTMP),Horseshoe Reef (No 1) (22-104a),HORSESHOE REEF,22-104a,SW,Southern,_,9,2024,2023,2023-10-03,0.11852313017051057,0.13717349711137905,0.018650366940868482,-0.03551406468131349,-0.20447097255992255,0.20447097255992255,0.176,NA,NA,NA,11.9,13.7,1.9,-3.6,20.4,0.18
Manta Tow (LTMP),Myrmidon Reef (18-034),MYRMIDON REEF,18-034,TO,Central,_,9,2017,2017,2017-05-04,0.10149175545662996,0.15654917162864848,0.05505741617201852,-0.03963772966488395,-0.2010160381083286,0.2010160381083286,7.46,NA,NA,NA,10.1,15.7,5.5,-4,20.1,7.46
Benthic Photo (LTMP),Chinaman Reef (22-102),CHINAMAN REEF (22-102),22-102,SW,Southern,_,9,2021,2020,2020-09-01,0.1544590375987282,0.1653447905806571,0.010885752981928898,-0.04189597013248352,-0.20119005515061855,0.20119005515061855,6.56,NA,NA,NA,15.4,16.5,1.1,-4.2,20.1,6.56
Benthic Photo (MMP),Pelican Island Reef (23-017),PELICAN ISLAND,23-017,CB,Southern,_,5,2025,2024,2025-04-22,0.18529755917949564,0.1810321126643815,-0.004265446515114152,-0.045548955408069906,-0.2001438687051473,0.2001438687051473,13.26,NA,NA,NA,18.5,18.1,-0.4,-4.6,20,13.26
Benthic Photo (LTMP),Monsoon Reef (11-029),MONSOON REEF,11-029,CG,Northern,_,9,2025,2024,2024-12-16,0.16594303089337115,0.1585879279290547,-0.0073551029643164345,-0.039770524683662656,-0.1994925430170882,0.1994925430170882,5.345,NA,NA,NA,16.6,15.9,-0.7,-4,19.9,5.34
Benthic Photo (LTMP),North Direction Reef (14-143),NORTH DIRECTION ISLAND,14-143,CL,Northern,_,9,2023,2022,2022-10-20,0.12012836820424704,0.11703656144075306,-0.003091806763493979,-0.029287106283159815,-0.19879430600414025,0.19879430600414025,4.3,NA,NA,NA,12,11.7,-0.3,-2.9,19.9,4.3
Benthic Photo (LTMP),U/N Reef (20-353),REEF 20-353,20-353,PO,Southern,_,9,2018,2017,2018-03-18,0.2612895387250324,0.26568580155040955,0.00439626282537714,-0.06548305082007931,-0.1971378422533186,0.1971378422533186,2.92,NA,NA,NA,26.1,26.6,0.4,-6.5,19.7,2.92
Manta Tow (LTMP),Chicken Reef (18-086),CHICKEN REEF,18-086,TO,Central,_,9,2024,2023,2024-02-09,0.3286041433038313,0.2640352540479171,-0.0645688892559142,-0.06511346818617617,-0.19722465604457862,0.19722465604457862,0.846666667,m,Kirrily,NA,32.9,26.4,-6.5,-6.5,19.7,0.85
Benthic Photo (LTMP),Langford-Bird Reef (20-019),LANGFORD AND BIRD ISLES,20-019,WH,Southern,_,9,1999,1998,1999-03-11,0.17632026194464365,0.17612490113105198,-1.953608135916718e-4,-0.0434783332628443,-0.19708837625296066,0.19708837625296066,0.61,NA,NA,NA,17.6,17.6,-0,-4.3,19.7,0.61
Benthic Photo (LTMP),John Brewer Reef (18-075),JOHN BREWER REEF,18-075,TO,Central,_,9,2017,2017,2017-05-01,0.24005560735109369,0.25829060038766244,0.018234993036568753,-0.06319412881566502,-0.19596006599066262,0.19596006599066262,5.8,b,NA,"2- bl no mortality, 2016/17 summer bleaching",24,25.8,1.8,-6.3,19.6,5.8
Manta Tow (LTMP),Border Island Reef (No 1) (20-067a),BORDER ISLAND,20-067a,WH,Southern,_,9,2023,2022,2023-02-18,0.12331520904575231,0.11376023591015187,-0.009554973135600442,-0.027914481746624517,-0.1956512142100511,0.1956512142100511,4.51,NA,NA,NA,12.3,11.4,-1,-2.8,19.6,4.51
Manta Tow (LTMP),U/N Reef (11-162),REEF 11-162,11-162,CG,Northern,_,9,2024,2023,2023-11-24,0.21503788462554926,0.19608490113541244,-0.018952983490136827,-0.047933371130289545,-0.19563182242306312,0.19563182242306312,0.566666667,NA,NA,NA,21.5,19.6,-1.9,-4.8,19.6,0.57
Benthic Photo (MMP),Pelican Island Reef (23-017),PELICAN ISLAND,23-017,CB,Southern,_,5,2024,2024,2024-05-14,0.1888051471674132,0.18529755917949564,-0.0035075879879175598,-0.044796069224093925,-0.1938438092540595,0.1938438092540595,13.26,b,NA,bleaching still evident at time of surveys,18.9,18.5,-0.4,-4.5,19.4,13.26
Benthic Photo (LTMP),Erskine Reef (23-068),ERSKINE ISLAND,23-068,CB,Southern,_,9,2018,2017,2017-10-21,0.31049535588661525,0.2754339795678944,-0.03506137631872086,-0.06664947926687126,-0.19426608176691693,0.19426608176691693,1.73,m,NA,high disease and unknown scaring 113,31,27.5,-3.5,-6.7,19.4,1.73
Manta Tow (LTMP),Feather Reef (17-034),FEATHER REEF,17-034,IN,Central,_,9,2024,2023,2023-09-10,0.22169293982070737,0.1944095826335418,-0.02728335718716557,-0.0470784779250777,-0.19414761212004855,0.19414761212004855,0.93,NA,NA,NA,22.2,19.4,-2.7,-4.7,19.4,0.93
Manta Tow (LTMP),U/N Reef (11-049),REEF 11-049,11-049,CG,Northern,_,9,2023,2022,2022-12-06,0.1841210033757512,0.17383394968628782,-0.010287053689463393,-0.04171049361245084,-0.192618628199608,0.192618628199608,5.77,NA,NA,NA,18.4,17.4,-1,-4.2,19.3,5.77
Benthic Photo (MMP),Havannah Reef (18-065),HAVANNAH ISLAND,18-065,TO,Central,South,2,2021,2021,2021-05-13,0.22145035630746404,0.20419517592338127,-0.017255180384082774,-0.048926837834320225,-0.19253285896345307,0.19253285896345307,1.78,b,NA,bleaching at time of previous survey,22.1,20.4,-1.7,-4.9,19.3,1.78
Benthic Photo (LTMP),Hastings Reef (16-057),HASTINGS REEF,16-057,CA,Central,_,9,2017,2016,2016-09-17,0.32196728137842545,0.2580853512318209,-0.06388193014660454,-0.061685662192810985,-0.19230435298451493,0.19230435298451493,5.286666667,b,NA,"bleaching mortality- HC.  2015/16 summer bleaching, COTS removal-646",32.2,25.8,-6.4,-6.2,19.2,5.29
Manta Tow (LTMP),Hyde Reef (19-207),HYDE REEF,19-207,WH,Southern,_,9,1999,1998,1999-03-06,0.324622351996007,0.2889528032719973,-0.03566954872400968,-0.06859666381279253,-0.1913171545631409,0.1913171545631409,1.103333333,NA,NA,NA,32.5,28.9,-3.6,-6.9,19.1,1.1
Manta Tow (LTMP),Rib Reef (18-032),RIB REEF,18-032,TO,Central,_,9,2023,2022,2023-03-13,0.24122436832919858,0.22653613954286794,-0.014688228786330637,-0.053544162097622645,-0.19049418185877393,0.19049418185877393,5.2,NA,NA,NA,24.1,22.7,-1.5,-5.4,19,5.2
Manta Tow (LTMP),East Cay Reef (21-305),EAST CAY,21-305,SW,Southern,_,9,2018,2017,2018-01-20,0.3237029370129119,0.2873689987332649,-0.03633393827964704,-0.06772373464923476,-0.19018566878894663,0.19018566878894663,1.79,NA,NA,NA,32.4,28.7,-3.6,-6.8,19,1.79
Benthic Photo (LTMP),U/N Reef (21-060),REEF 21-060,21-060,PO,Southern,_,9,2024,2023,2024-03-20,0.12694702116995202,0.14667581543441732,0.019728794264465305,-0.03469715531896192,-0.1902538253099055,0.1902538253099055,0.65,b,NA,DHW 8.99,12.7,14.7,2,-3.5,19,0.65
Benthic Photo (LTMP),McSweeney Reef (11-016),MCSWEENEY REEF,11-016,CG,Northern,_,9,2025,2024,2024-12-16,0.11197523789881832,0.11735438358721013,0.005379145688391818,-0.027486809288382055,-0.18847082053030997,0.18847082053030997,5.355,NA,NA,NA,11.2,11.7,0.5,-2.7,18.8,5.36
Benthic Photo (MMP),Richards (Bedarra) Reef (18-001),BEDARRA ISLAND,18-001,IN,Central,_,2,2024,2024,2024-06-03,0.12999759964029725,0.13340618825777464,0.0034085886174773927,-0.03117771562167801,-0.18828953111514882,0.18828953111514882,4.065,NA,NA,NA,13,13.3,0.3,-3.1,18.8,4.07
Benthic Photo (LTMP),East Cay Reef (21-305),EAST CAY,21-305,SW,Southern,_,9,2017,2016,2017-01-25,0.23294246989646447,0.2287774336347579,-0.004165036261706584,-0.05325518755901953,-0.18815918580126678,0.18815918580126678,0,NA,NA,NA,23.3,22.9,-0.4,-5.3,18.8,0
Benthic Photo (LTMP),U/N Reef (21-060),REEF 21-060,21-060,PO,Southern,_,9,2025,2024,2025-01-11,0.14667581543441732,0.16346375414086944,0.01678793870645212,-0.037805649744738205,-0.18690740674807635,0.18690740674807635,8.99,NA,NA,NA,14.7,16.3,1.7,-3.8,18.7,8.99
Benthic Photo (MMP),Richards (Bedarra) Reef (18-001),BEDARRA ISLAND,18-001,IN,Central,_,5,2017,2017,2017-05-03,0.1621640060354707,0.15792266544085126,-0.004241340594619447,-0.03657624803054329,-0.18709182256348003,0.18709182256348003,7.455,b,NA,NA,16.2,15.8,-0.4,-3.7,18.7,7.46
Benthic Photo (LTMP),Dip Reef (18-039),DIP REEF,18-039,TO,Central,_,9,2023,2022,2023-03-16,0.31689543213190297,0.25000968515127425,-0.06688574698062871,-0.057644819079961766,-0.18676163247167696,0.18676163247167696,5.7625,b,NA,"21% bleached on scuba in 2022, DHW 5",31.7,25,-6.7,-5.8,18.7,5.76
Manta Tow (LTMP),Myrmidon Reef (18-034),MYRMIDON REEF,18-034,TO,Central,_,9,2003,2002,2003-03-12,0.2098048305994146,0.20517618372191695,-0.004628646877497644,-0.04726782653370343,-0.18650204629428688,0.18650204629428688,3.82,b,NA,bleaching scattered colonies on 6 transects.,21,20.5,-0.5,-4.7,18.7,3.82
Manta Tow (LTMP),Chinaman Reef (22-102),CHINAMAN REEF (22-102),22-102,SW,Southern,_,9,2025,2024,2024-11-16,0.18136489645736498,0.19036409067758586,0.008999194220220885,-0.04335639519688881,-0.18471500276322375,0.18471500276322375,9.3,b,NA,Aerial bl 3 2024 DHW 9.57,18.1,19,0.9,-4.3,18.5,9.3
Benthic Photo (LTMP),Myrmidon Reef (18-034),MYRMIDON REEF,18-034,TO,Central,_,9,2017,2017,2017-05-11,0.23101352127648417,0.24834121060501707,0.017327689328532903,-0.05584363663708855,-0.18298299257560235,0.18298299257560235,7.46,NA,NA,NA,23.1,24.8,1.7,-5.6,18.3,7.46
Manta Tow (LTMP),Michaelmas Reef (16-060),MICHAELMAS CAY,16-060,CA,Central,_,9,2023,2022,2023-03-03,0.1084927935854833,0.14280309728012264,0.03431030369463933,-0.03210947978832121,-0.18253089303460146,0.18253089303460146,4.76,NA,NA,NA,10.8,14.3,3.4,-3.2,18.3,4.76
Benthic Photo (LTMP),Rebe Reef (19-209),REBE REEF,19-209,WH,Southern,_,9,1999,1998,1999-03-04,0.18605486008427247,0.18320905623070705,-0.0028458038535654206,-0.04106042109314491,-0.1822724568855621,0.1822724568855621,1.1475,NA,NA,NA,18.6,18.3,-0.3,-4.1,18.2,1.15
Benthic Photo (LTMP),Gannett Cay Reef (21-556),GANNET CAY,21-556,SW,Southern,_,9,2024,2023,2023-10-09,0.04963625471594167,0.07002682803684913,0.020390573320907462,-0.01581114860016803,-0.18207642799254348,0.18207642799254348,0.29,NA,NA,NA,5,7,2,-1.6,18.2,0.29
Manta Tow (LTMP),No Name Reef (14-139),NO NAME REEF,14-139,CL,Northern,_,9,2023,2022,2022-10-21,0.2310673985478165,0.21905786708653077,-0.012009531461285722,-0.04873827360520245,-0.18132058548079213,0.18132058548079213,4.405,NA,NA,NA,23.1,21.9,-1.2,-4.9,18.1,4.4
Manta Tow (LTMP),U/N Reef (19-138),REEF 19-138,19-138,WH,Southern,_,9,1999,1998,1999-03-08,0.16139122681705487,0.16322483383397288,0.0018336070169180096,-0.03628345468895353,-0.18095738064616132,0.18095738064616132,1.22,NA,NA,NA,16.1,16.3,0.2,-3.6,18.1,1.22
Benthic Photo (LTMP),Green Island Reef (16-049),GREEN ISLAND,16-049,CA,Central,_,9,2017,2016,2016-12-04,0.055087663392395805,0.07942342539114457,0.02433576199874876,-0.017682380026353903,-0.18023785596688058,0.18023785596688058,3.95,NA,NA,NA,5.5,7.9,2.4,-1.8,18,3.95
Benthic Photo (LTMP),U/N Reef (21-187),REEF 21-187,21-187,SW,Southern,_,9,2018,2017,2018-03-19,0.2452342828949035,0.23972022561623105,-0.005514057278672463,-0.05272925999152095,-0.17968768928769938,0.17968768928769938,2.35,NA,NA,NA,24.5,24,-0.6,-5.3,18,2.35
Benthic Photo (LTMP),Lizard Island Reef (North West) (14-116a),LIZARD ISLES,14-116a,CL,Northern,_,9,1999,1998,1998-10-16,0.12100628100112559,0.12368931125440184,0.00268303025327625,-0.02744915803879702,-0.180422204629241,0.180422204629241,1.1675,NA,NA,NA,12.1,12.4,0.3,-2.7,18,1.17
Benthic Photo (MMP),Dent Reef (No 1) (20-058a),DENT ISLAND,20-058a,WH,Southern,_,2,2023,2023,2023-06-27,0.20587708292535242,0.20211926077969242,-0.003757822145660006,-0.0447081732472851,-0.18040042024733366,0.18040042024733366,0.145,NA,NA,NA,20.6,20.2,-0.4,-4.5,18,0.14
Manta Tow (LTMP),Agincourt Reefs (No 1) (15-099c),AGINCOURT REEF NO.1,15-099c,CA,Central,_,9,2025,2024,2024-10-06,0.44560178073362894,0.3406554623648544,-0.10494631836877455,-0.07496436196484085,-0.17993469726375103,0.17993469726375103,NA,m,NA,Aerial bl 3 2024 DHW 6.97,44.6,34.1,-10.5,-7.5,18,NA
Manta Tow (LTMP),Beaver Reef (17-051),BEAVER REEF,17-051,IN,Central,_,9,2025,2025,2025-05-24,0.19224730397259066,0.17988138673583712,-0.012365917236753537,-0.039573985099107145,-0.17951018734411395,0.17951018734411395,NA,NA,NA,NA,19.2,18,-1.2,-4,18,NA
Manta Tow (LTMP),St Crispin Reef (16-019),ST. CRISPIN REEF,16-019,CA,Central,_,9,2003,2002,2002-10-27,0.13971770294125585,0.13999164884529644,2.7394590404059005e-4,-0.030555846379719417,-0.17811887220877137,0.17811887220877137,2.745,NA,NA,NA,14,14,0,-3.1,17.8,2.74
Manta Tow (LTMP),U/N Reef (21-139),REEF 21-139,21-139,SW,Southern,_,9,2025,2024,2025-01-05,0.5779862545901678,0.45086177844244085,-0.12712447614772698,-0.09738866699624985,-0.17731194904806083,0.17731194904806083,8.6,NA,NA,NA,57.8,45.1,-12.7,-9.7,17.7,8.6
Benthic Photo (LTMP),Hastings Reef (16-057),HASTINGS REEF,16-057,CA,Central,_,9,2024,2023,2023-09-04,0.18091674722748655,0.16959245778756643,-0.011324289439920115,-0.036792571440919145,-0.177411896981161,0.177411896981161,0.8,NA,NA,NA,18.1,17,-1.1,-3.7,17.7,0.8
Benthic Photo (MMP),Daydream Reef (No 1) (20-035a),DAYDREAM ISLAND,20-035a,WH,Southern,_,2,2024,2024,2024-07-19,0.01538463975342603,0.028584680449361424,0.013200040695935394,-0.006320842801041194,-0.17604096052186946,0.17604096052186946,8.5,NA,NA,NA,1.5,2.9,1.3,-0.6,17.6,8.5
Benthic Photo (MMP),Magnetic Island Reef (No 2) (19-009c),GEOFFREY BAY,19-009c,TO,Central,_,2,2017,2017,2017-05-01,0.1751490785134867,0.14956038795904808,-0.02558869055443863,-0.032216875049012494,-0.17626303468386936,0.17626303468386936,7.8,b,NA,NA,17.5,15,-2.6,-3.2,17.6,7.8
Manta Tow (LTMP),U/N Reef (13-124),REEF 13-124,13-124,PB,Unknown,_,9,2017,2016,2016-08-18,0.24797977140418176,0.21760283272138795,-0.030376938682793814,-0.0468471728456578,-0.17648209404096407,0.17648209404096407,7.49,m,NA,COTS/bleaching,24.8,21.8,-3,-4.7,17.6,7.49
Manta Tow (LTMP),No Name Reef (14-139),NO NAME REEF,14-139,CL,Northern,_,9,2024,2023,2024-01-21,0.21905786708653077,0.2124716767376835,-0.006586190348847276,-0.04494454602939287,-0.17392308249123997,0.17392308249123997,2.345,NA,NA,NA,21.9,21.2,-0.7,-4.5,17.4,2.35
Manta Tow (LTMP),Langford-Bird Reef (20-019),LANGFORD AND BIRD ISLES,20-019,WH,Southern,_,9,2023,2022,2023-02-18,0.08646744969612813,0.14275971171053556,0.05629226201440743,-0.0300473868015632,-0.17287778841479018,0.17287778841479018,4.77,NA,NA,NA,8.6,14.3,5.6,-3,17.3,4.77
Benthic Photo (LTMP),MacGillivray Reef (14-114),MACGILLIVRAY REEF,14-114,CL,Northern,_,9,2024,2023,2023-11-19,0.174723897446998,0.16676184000596264,-0.00796205744103537,-0.03513153686946547,-0.17315270419613268,0.17315270419613268,1.5,NA,NA,NA,17.5,16.7,-0.8,-3.5,17.3,1.5
Benthic Photo (MMP),Shute Reef (20-048),SHUTE ISLAND AND TANCRED ISLAND,20-048,WH,Southern,_,5,2018,2018,2018-06-15,0.1340023293482837,0.14748340855825853,0.013481079209974822,-0.03106611766863325,-0.173022554397475,0.173022554397475,0,NA,NA,NA,13.4,14.7,1.3,-3.1,17.3,0
Manta Tow (LTMP),Faith Reef (19-044),FAITH REEF,19-044,CU,Southern,_,9,1999,1999,1999-06-01,0.21260369169042068,0.20638934133630396,-0.0062143503541167155,-0.043432490972527056,-0.1731607275679641,0.1731607275679641,0,NA,NA,NA,21.3,20.6,-0.6,-4.3,17.3,0
Benthic Photo (LTMP),North Direction Reef (14-143),NORTH DIRECTION ISLAND,14-143,CL,Northern,_,9,1999,1998,1998-10-18,0.16851664738848596,0.15946292420685595,-0.009053723181630002,-0.03323421107269496,-0.17157822713655577,0.17157822713655577,1.255,NA,NA,NA,16.9,15.9,-0.9,-3.3,17.2,1.25
Benthic Photo (LTMP),Pompey Reef (No 1) (20-351a),POMPEY REEF NO.1,20-351a,PO,Southern,_,9,2025,2024,2025-01-17,0.2705389010800665,0.24919934644249417,-0.02133955463757234,-0.051276043056292395,-0.17008367794645068,0.17008367794645068,8.636666667,NA,NA,NA,27.1,24.9,-2.1,-5.1,17,8.64
Benthic Photo (LTMP),Helix Reef (18-076),HELIX REEF,18-076,TO,Central,_,9,2024,2024,2024-06-07,0.3220764384215993,0.28779769722685716,-0.03427874119474211,-0.059203468146259014,-0.1701243387584144,0.1701243387584144,6.095,m,Kirrily,70 phys,32.2,28.8,-3.4,-5.9,17,6.1
Benthic Photo (LTMP),Wade Reef (21-588),WADE REEF,21-588,SW,Southern,_,9,2023,2022,2022-09-07,0.05637651204605025,0.08233860476623814,0.025962092720187888,-0.016826899638437635,-0.167990963939599,0.167990963939599,0.345,NA,NA,NA,5.6,8.2,2.6,-1.7,16.8,0.34
Manta Tow (LTMP),Wade Reef (21-588),WADE REEF,21-588,SW,Southern,_,9,2023,2022,2022-09-07,0.11624284478773304,0.13613924726145119,0.01989640247371814,-0.027610746702721435,-0.16759179189242224,0.16759179189242224,0.345,NA,NA,NA,11.6,13.6,2,-2.8,16.8,0.34
Benthic Photo (MMP),Tobias Spit (17-009a),HIGH ISLAND,17-009a,IN,Central,East,5,2021,2021,2021-07-09,0.5355245482734146,0.39951936989099224,-0.13600517838242232,-0.08001654901528182,-0.16651522990706677,0.16651522990706677,0.15,m,NA,NA,53.6,40,-13.6,-8,16.7,0.15
Benthic Photo (LTMP),U/N Reef (19-138),REEF 19-138,19-138,WH,Southern,_,9,2003,2002,2002-12-04,0.24320640822337422,0.23202549232985337,-0.011180915893520854,-0.046335311549300526,-0.16586189224077508,0.16586189224077508,2.745,b,NA,Coral bleaching event in 2002.  ditto,24.3,23.2,-1.1,-4.6,16.6,2.74
Benthic Photo (LTMP),MacGillivray Reef (14-114),MACGILLIVRAY REEF,14-114,CL,Northern,_,9,2023,2022,2022-10-28,0.18257971587487679,0.174723897446998,-0.007855818427878775,-0.03476245892701037,-0.16515302714082689,0.16515302714082689,4.035,NA,NA,NA,18.3,17.5,-0.8,-3.5,16.5,4.04
Benthic Photo (MMP),Pine Island Reef (20-061),PINE ISLAND,20-061,WH,Southern,_,5,2021,2021,2021-06-04,0.1568094248111542,0.16768823463770566,0.010878809826551455,-0.033328782429746504,-0.16498007402326031,0.16498007402326031,0,NA,NA,NA,15.7,16.8,1.1,-3.3,16.5,0
Manta Tow (LTMP),Rib Reef (18-032),RIB REEF,18-032,TO,Central,_,9,2021,2020,2021-04-04,0.11536865615161702,0.13109317971749995,0.015724523565882928,-0.025907407346168608,-0.16397032332372824,0.16397032332372824,5.11,NA,NA,NA,11.5,13.1,1.6,-2.6,16.4,5.11
Benthic Photo (LTMP),John Brewer Reef (18-075),JOHN BREWER REEF,18-075,TO,Central,_,9,2025,2025,2025-05-17,0.12195968781779132,0.14041104896365653,0.018451361145865208,-0.02777993361810588,-0.16419275539511147,0.16419275539511147,NA,NA,NA,NA,12.2,14,1.8,-2.8,16.4,NA
Benthic Photo (MMP),Richards (Bedarra) Reef (18-001),BEDARRA ISLAND,18-001,IN,Central,_,5,2024,2024,2024-06-03,0.20138630567665236,0.19150927774325885,-0.009877027933393512,-0.03756631547154234,-0.16327814239935481,0.16327814239935481,4.065,NA,NA,NA,20.1,19.2,-1,-3.8,16.3,4.07
Benthic Photo (MMP),Snapper Reef (16-006),SNAPPER ISLAND,16-006,CA,Central,North,5,2018,2018,2018-07-28,0.14598638332526984,0.15184142601365067,0.005855042688380829,-0.029687275290850863,-0.16264442292461934,0.16264442292461934,0.2275,NA,NA,NA,14.6,15.2,0.6,-3,16.3,0.23
Benthic Photo (LTMP),Havannah Reef (18-065),HAVANNAH ISLAND,18-065,TO,Central,North,9,2024,2024,2024-06-10,0.1842318417004947,0.1843024680923537,7.062639185900776e-5,-0.03563045873220047,-0.16127274120844423,0.16127274120844423,6.92,NA,NA,NA,18.4,18.4,0,-3.6,16.1,6.92
Benthic Photo (LTMP),Border Island Reef (No 1) (20-067a),BORDER ISLAND,20-067a,WH,Southern,_,9,2025,2024,2025-03-25,0.17801938104061266,0.17754833690151126,-4.7104413910140086e-4,-0.03418400159952188,-0.16069019802250642,0.16069019802250642,6.89,NA,NA,NA,17.8,17.8,-0,-3.4,16.1,6.89
Manta Tow (LTMP),Centipede Reef (18-088),CENTIPEDE REEF,18-088,TO,Central,_,9,2003,2002,2003-03-16,0.16555868189403355,0.13951166913749471,-0.02604701275653884,-0.027013340424604307,-0.1612495978673015,0.1612495978673015,2.92,NA,NA,NA,16.6,14,-2.6,-2.7,16.1,2.92
Benthic Photo (LTMP),Snake Reef (14-087),SNAKE REEF,14-087,CL,Northern,_,9,2025,2024,2024-11-13,0.26604015820313404,0.22897094382327668,-0.03706921437985736,-0.043751183727682504,-0.15983794996455772,0.15983794996455772,6.91,b,NA,hc declines,26.6,22.9,-3.7,-4.4,16,6.91
Manta Tow (LTMP),Knife Reef (18-081),KNIFE REEF,18-081,TO,Central,_,9,2018,2017,2018-04-24,0.224028171622315,0.16572132238818998,-0.05830684923412502,-0.03125430023443286,-0.15786943776410886,0.15786943776410886,6.15,b,NA,no decline HCC. Decline in manta coral cover.,22.4,16.6,-5.8,-3.1,15.8,6.15
Benthic Photo (LTMP),Turner Reef (21-562),TURNER CAY,21-562,SW,Southern,_,9,2023,2023,2023-05-20,0.06374031735393952,0.08887790813431366,0.02513759078037414,-0.016880793493607972,-0.15812100780732025,0.15812100780732025,0,NA,NA,NA,6.4,8.9,2.5,-1.7,15.8,0
Manta Tow (LTMP),Carter Reef (14-137),CARTER REEF,14-137,CL,Northern,_,9,2024,2023,2024-01-22,0.2894906925732877,0.26646593358861137,-0.02302475898467632,-0.04951019047040128,-0.15619533053910326,0.15619533053910326,2.34,NA,NA,NA,28.9,26.6,-2.3,-5,15.6,2.34
Benthic Photo (MMP),Hook Island Reef (No 4) (20-028d),HOOK ISLAND,20-028d,WH,Southern,_,2,2023,2023,2023-06-25,0.07323689076536888,0.07448612680364963,0.0012492360382807544,-0.0138717019524419,-0.15523767917756465,0.15523767917756465,0.24,NA,NA,NA,7.3,7.4,0.1,-1.4,15.5,0.24
Benthic Photo (MMP),North Keppel (Ko-no-mie) Island Reef (No 2) (23-004b),NORTH KEPPEL ISLAND,23-004b,CB,Southern,_,5,2021,2021,2021-05-07,0.22460581581684436,0.22415834630606363,-4.4746951078072916e-4,-0.04115815448814386,-0.1545460171089747,0.1545460171089747,0,NA,NA,NA,22.5,22.4,-0,-4.1,15.5,0
Manta Tow (LTMP),Bowden Reef (19-019),BOWDEN REEF,19-019,CU,Southern,_,9,2025,2025,2025-05-28,0.28031113387851603,0.27295631448858415,-0.007354819389931877,-0.05011787287937894,-0.15464938224923686,0.15464938224923686,NA,m,Kirrily,Kirrily,28,27.3,-0.7,-5,15.5,NA
Benthic Photo (MMP),Havannah Reef (18-065),HAVANNAH ISLAND,18-065,TO,Central,South,2,2018,2018,2018-05-10,0.3524230380493657,0.3053697567591044,-0.04705328129026132,-0.05559382310573138,-0.15358954933115426,0.15358954933115426,0,b,NA,disease associated with bleaching ongoing in 2017,35.2,30.5,-4.7,-5.6,15.4,0
Benthic Photo (MMP),Havannah Reef (18-065),HAVANNAH ISLAND,18-065,TO,Central,South,5,2018,2018,2018-05-10,0.2628382446687969,0.24401839875032752,-0.018819845918469386,-0.04449689288375081,-0.15369444782208927,0.15369444782208927,0,b,NA,disease associated with bleaching ongoing in 2017,26.3,24.4,-1.9,-4.4,15.4,0
Manta Tow (LTMP),St Crispin Reef (16-019),ST. CRISPIN REEF,16-019,CA,Central,_,9,1999,1998,1999-01-29,0.16485790040035334,0.16287318705907514,-0.001984713341278199,-0.02970737737175657,-0.15346260333056996,0.15346260333056996,0,NA,NA,NA,16.5,16.3,-0.2,-3,15.3,0
Manta Tow (LTMP),Havannah Reef (18-065),HAVANNAH ISLAND,18-065,TO,Central,_,9,2025,2025,2025-05-18,0.23098993914517804,0.2431706737156632,0.012180734570485158,-0.04414567299335057,-0.15311540083401876,0.15311540083401876,NA,b,NA,bleaching in 2024,23.1,24.3,1.2,-4.4,15.3,NA
Benthic Photo (LTMP),U/N Reef (11-049),REEF 11-049,11-049,CG,Northern,_,9,2024,2023,2023-11-28,0.21591165879027513,0.20781319800470538,-0.00809846078556975,-0.03699733273804162,-0.15051158559500927,0.15051158559500927,1.025,NA,NA,NA,21.6,20.8,-0.8,-3.7,15.1,1.02
Manta Tow (LTMP),Chinaman Reef (22-102),CHINAMAN REEF (22-102),22-102,SW,Southern,_,9,1999,1998,1998-12-04,0.37613681615428957,0.3432516840814057,-0.03288513207288385,-0.06031259888109769,-0.14908038455457942,0.14908038455457942,2.81,NA,NA,NA,37.6,34.3,-3.3,-6,14.9,2.81
Benthic Photo (LTMP),Boult Reef (23-079),BOULT REEF,23-079,CB,Southern,_,9,2018,2017,2017-10-16,0.4088599992773664,0.41179601295820095,0.0029360136808345705,-0.07165609895622738,-0.14791162468682648,0.14791162468682648,4.023333333,NA,NA,NA,40.9,41.2,0.3,-7.2,14.8,4.02
Manta Tow (LTMP),Middle Banks (11-222a),MIDDLE BANKS 2,11-222a,CG,Northern,_,9,2025,2024,2024-12-12,0.7508250170616376,0.564457671142748,-0.1863673459188896,-0.09850415936486889,-0.1483581658445031,0.1483581658445031,3.235714286,NA,NA,NA,75.1,56.4,-18.6,-9.9,14.8,3.24
Benthic Photo (LTMP),East Cay Reef (21-305),EAST CAY,21-305,SW,Southern,_,9,1999,1998,1998-12-07,0.188468497875317,0.20711660864304018,0.018648110767723186,-0.03603854592433831,-0.14760509966785446,0.14760509966785446,1.06,NA,NA,NA,18.8,20.7,1.9,-3.6,14.8,1.06
Benthic Photo (LTMP),John Brewer Reef (18-075),JOHN BREWER REEF,18-075,TO,Central,_,9,2024,2024,2024-06-08,0.09894508667391134,0.12195968781779132,0.023014601143879973,-0.021241076925987548,-0.1473021101082887,0.1473021101082887,5.705,m,Kirrily,Cyclone Kirrily,9.9,12.2,2.3,-2.1,14.7,5.7
Benthic Photo (MMP),Pelorus (North Palm or Yanooa) Reef (18-048),PELORUS IS AND ORPHEUS IS WEST,18-048,TO,Central,West,2,2021,2021,2021-05-13,0.08177738587030507,0.1007115105179143,0.018934124647609227,-0.0175545714845005,-0.14718829687173818,0.14718829687173818,0.66,NA,NA,NA,8.2,10.1,1.9,-1.8,14.7,0.66
Manta Tow (LTMP),Mast Head Reef (23-069),MASTHEAD ISLAND,23-069,CB,Southern,_,9,2025,2024,2024-11-10,0.38230377464643,0.2778403788580296,-0.10446339578840041,-0.04783777379558816,-0.14643701578143592,0.14643701578143592,11.05,b,NA,DHW 11.17,38.2,27.8,-10.4,-4.8,14.6,11.05
Manta Tow (LTMP),U/N Reef (19-138),REEF 19-138,19-138,WH,Southern,_,9,2025,2024,2025-03-29,0.38075191515937695,0.3423242122432991,-0.03842770291607783,-0.05827937589434766,-0.14511667130417374,0.14511667130417374,5.82,NA,NA,NA,38.1,34.2,-3.8,-5.8,14.5,5.82
Benthic Photo (LTMP),U/N Reef (21-558),REEF 21-558,21-558,SW,Southern,_,9,2023,2023,2023-05-19,0.13560502932942228,0.13576658866345692,1.6155933403463885e-4,-0.023161654069834073,-0.14482528960479035,0.14482528960479035,0.4075,NA,NA,NA,13.6,13.6,0,-2.3,14.5,0.41
Manta Tow (LTMP),Dip Reef (18-039),DIP REEF,18-039,TO,Central,_,9,2021,2020,2021-03-28,0.16078226510991372,0.19222619851336267,0.03144393340344895,-0.0323956394045543,-0.14358379358801293,0.14358379358801293,7.3175,NA,NA,NA,16.1,19.2,3.1,-3.2,14.4,7.32
Manta Tow (LTMP),Irene Reef (15-084),IRENE REEF,15-084,CL,Northern,_,9,2025,2024,2024-12-23,0.1896228316864095,0.1925118005614999,0.0028889688750904086,-0.032489163278695894,-0.14375674654940332,0.14375674654940332,4.4825,NA,NA,NA,19,19.3,0.3,-3.2,14.4,4.48
Manta Tow (LTMP),Havannah Reef (18-065),HAVANNAH ISLAND,18-065,TO,Central,_,9,2003,2002,2003-03-21,0.0888780857558174,0.10780278603719723,0.018924700281379825,-0.018229481079940386,-0.1435027610987279,0.1435027610987279,2.28,b,NA,"Bleaching, upto 3- on scuba search",8.9,10.8,1.9,-1.8,14.4,2.28
Benthic Photo (MMP),Tobias Spit (17-009a),HIGH ISLAND,17-009a,IN,Central,East,2,2017,2017,2017-06-25,0.5399270081243648,0.41343939165027566,-0.12648761647408913,-0.06907134632422207,-0.14285380013187043,0.14285380013187043,11.03,m,NA,NA,54,41.3,-12.6,-6.9,14.3,11.03
Benthic Photo (LTMP),Hastings Reef (16-057),HASTINGS REEF,16-057,CA,Central,_,9,2021,2020,2021-01-16,0.12145711434946894,0.13051026151061992,0.009053147161150979,-0.021972054922383362,-0.14315691496599484,0.14315691496599484,7.686666667,NA,NA,NA,12.1,13.1,0.9,-2.2,14.3,7.69
Benthic Photo (MMP),Seaforth Reef (20-095),SEAFORTH ISLAND,20-095,WH,Southern,_,5,2024,2024,2024-07-17,0.09847645164875594,0.12128837945119916,0.02281192780244322,-0.02025071755907218,-0.1420713192648675,0.1420713192648675,9.47,NA,NA,NA,9.8,12.1,2.3,-2,14.2,9.47
Benthic Photo (LTMP),Corbett Reef (14-016),CORBETT REEF,14-016,PB,Unknown,_,9,2025,2024,2024-12-06,0.21731972604234384,0.19683413246437378,-0.020485593577970057,-0.03272030545220554,-0.14192008511258677,0.14192008511258677,7.11375,b,NA,Aerial bl 3 2024 DHW 6.82,21.7,19.7,-2,-3.3,14.2,7.11
Manta Tow (LTMP),Lagoon Reef (12-061),LAGOON REEF,12-061,CG,Northern,_,9,2025,2024,2024-12-19,0.5429476932960781,0.4352561774540518,-0.10769151584202624,-0.07150705476028563,-0.14082755548968345,0.14082755548968345,5.256666667,b,NA,DHW 5.54- cots prior,54.3,43.5,-10.8,-7.2,14.1,5.26
Manta Tow (LTMP),Helix Reef (18-076),HELIX REEF,18-076,TO,Central,_,9,2024,2024,2024-06-07,0.5352957990953865,0.4391003226172138,-0.09619547647817267,-0.07181201132759388,-0.14028185407100652,0.14028185407100652,6.095,m,Kirrily,Cyclone Kirrily and DHW 6.11,53.5,43.9,-9.6,-7.2,14,6.1
Manta Tow (LTMP),Rib Reef (18-032),RIB REEF,18-032,TO,Central,_,9,2024,2024,2024-06-10,0.22653613954286794,0.22933144596221472,0.002795306419346777,-0.037275660480421136,-0.13929249105502184,0.13929249105502184,6.7,b,NA,DHW 6.7,22.7,22.9,0.3,-3.7,13.9,6.7
Manta Tow (LTMP),John Brewer Reef (18-075),JOHN BREWER REEF,18-075,TO,Central,_,9,2017,2017,2017-05-02,0.4249001973451589,0.3778922995945074,-0.047007897750651506,-0.0613920499438395,-0.13943727504330133,0.13943727504330133,5.8,b,NA,"2- bl no mortality, 2016/17 summer bleaching",42.5,37.8,-4.7,-6.1,13.9,5.8
Manta Tow (LTMP),Middle Banks (11-222a),MIDDLE BANKS 3,11-222a,CG,Northern,_,9,2023,2022,2022-12-04,0.6330260854073935,0.49768895292630216,-0.1353371324810913,-0.08073061909780627,-0.1393301555482272,0.1393301555482272,5.274285714,b,NA,DHW 5.5 in 2022,63.3,49.8,-13.5,-8.1,13.9,5.27
Manta Tow (LTMP),U/N Reef (21-064),REEF 21-064,21-064,PO,Southern,_,9,2025,2024,2025-01-15,0.2233901440513016,0.25557635024886255,0.03218620619756096,-0.04115970771338057,-0.13824226731248038,0.13824226731248038,8.735,b,NA,Aerial bl 3 2024 DHW 8.82 2024,22.3,25.6,3.2,-4.1,13.8,8.73
Manta Tow (LTMP),Thetford Reef (16-068),THETFORD REEF,16-068,CA,Central,_,9,2023,2022,2023-03-04,0.3082641255354968,0.2676533314474005,-0.040610794088096314,-0.042924065195144495,-0.1377637327279836,0.1377637327279836,4.72,NA,NA,NA,30.8,26.8,-4.1,-4.3,13.8,4.72
Benthic Photo (MMP),Pelican Island Reef (23-017),PELICAN ISLAND,23-017,CB,Southern,_,5,2023,2023,2023-05-20,0.1774907451571789,0.1888051471674132,0.011314402010234315,-0.029914681741154137,-0.13614921279409253,0.13614921279409253,0.97,NA,NA,NA,17.7,18.9,1.1,-3,13.6,0.97
Benthic Photo (LTMP),Rib Reef (18-032),RIB REEF,18-032,TO,Central,_,9,2021,2020,2021-04-04,0.054556980921910476,0.07528481900308037,0.020727838081169896,-0.011946301636533506,-0.1353978227855566,0.1353978227855566,5.11,NA,NA,NA,5.5,7.5,2.1,-1.2,13.5,5.11
Benthic Photo (LTMP),Monsoon Reef (11-029),MONSOON REEF,11-029,CG,Northern,_,9,2024,2023,2023-11-25,0.15926442514892333,0.16594303089337115,0.006678605744447813,-0.026007850922517083,-0.13479000809819314,0.13479000809819314,0.69,NA,NA,NA,15.9,16.6,0.7,-2.6,13.5,0.69
Manta Tow (LTMP),Broomfield Reef (23-048),BROOMFIELD REEF,23-048,CB,Southern,_,9,2017,2016,2017-01-14,0.5049160684023974,0.44693923395229906,-0.05797683445009838,-0.06998651778009651,-0.13512847651618118,0.13512847651618118,0,NA,NA,NA,50.5,44.7,-5.8,-7,13.5,0
Manta Tow (LTMP),Sand Bank No 8 Reef (13-056),SAND BANK NO.8,13-056,PB,Unknown,_,9,2021,2020,2020-12-16,0.22178162534441867,0.23172291934248443,0.009941293998065759,-0.03608265079437585,-0.134233270448989,0.134233270448989,6.05,NA,NA,NA,22.2,23.2,1,-3.6,13.4,6.05
Benthic Photo (LTMP),Agincourt Reefs (No 1) (15-099c),AGINCOURT REEF NO.1,15-099c,CA,Central,_,9,2025,2024,2024-10-06,0.3627972623729205,0.3094443162251771,-0.053352946147743385,-0.048092415212250876,-0.13413525308673704,0.13413525308673704,NA,m,NA,declines hc and sc B Jasper,36.3,30.9,-5.3,-4.8,13.4,NA
Benthic Photo (LTMP),Hyde Reef (19-207),HYDE REEF,19-207,WH,Southern,_,9,2025,2024,2025-01-21,0.29518550152676976,0.2904672305751619,-0.0047182709516078725,-0.044848982323901866,-0.1333536136640611,0.1333536136640611,9.893333333,NA,NA,NA,29.5,29,-0.5,-4.5,13.3,9.89
Benthic Photo (MMP),Lady Elliot Reef (18-050),LADY ELLIOT REEF,18-050,TO,Central,_,2,2021,2021,2021-05-12,0.2059721006428826,0.2074885380899424,0.0015164374470597874,-0.032004803392155806,-0.13307979004706946,0.13307979004706946,3.31,NA,NA,NA,20.6,20.7,0.2,-3.2,13.3,3.31
Benthic Photo (LTMP),Low Islands Reef (16-028),LOW ISLES,16-028,CA,Central,_,9,2003,2002,2002-11-06,0.1104536216646228,0.1090245582369382,-0.0014290634276846043,-0.016902181736093345,-0.1331648613970909,0.1331648613970909,1.16,NA,NA,NA,11,10.9,-0.1,-1.7,13.3,1.16
Benthic Photo (MMP),Dent Reef (No 1) (20-058a),DENT ISLAND,20-058a,WH,Southern,_,2,2025,2025,2025-06-03,0.2562860336589392,0.2523428755631874,-0.0039431580957517975,-0.03880945228351621,-0.13283978453829082,0.13283978453829082,NA,NA,NA,NA,25.6,25.2,-0.4,-3.9,13.3,NA
Manta Tow (LTMP),Hyde Reef (19-207),HYDE REEF,19-207,WH,Southern,_,9,2024,2024,2024-05-13,0.548497743028163,0.44223878365323005,-0.10625895937493296,-0.06730685214145957,-0.13183317498482405,0.13183317498482405,9.893333333,b,NA,DHW 9.2 to 10.15,54.8,44.2,-10.6,-6.7,13.2,9.89
Benthic Photo (LTMP),Thetford Reef (16-068),THETFORD REEF,16-068,CA,Central,_,9,2025,2024,2024-10-10,0.22060182847007123,0.20837530497609488,-0.012226523493976349,-0.03172518413496388,-0.13158490159823036,0.13158490159823036,7.513333333,b,NA,Aerial bl 3 2024 DHW 7.63 2024,22.1,20.8,-1.2,-3.2,13.2,7.51
Benthic Photo (LTMP),Kelso Reef (18-030),KELSO REEF,18-030,TO,Central,_,9,2024,2023,2024-02-08,0.19454979820977894,0.17043083147705607,-0.024118966732722874,-0.02607653802490556,-0.13202817743287584,0.13202817743287584,1.6275,m,Kirrily,NA,19.5,17,-2.4,-2.6,13.2,1.63
Benthic Photo (MMP),Humpy (Bur-ye-Bur-ye) Reef (23-016),HUMPY ISLAND AND HALFWAY ISLAND,23-016,CB,Southern,_,5,2018,2018,2018-05-03,0.24243168032790458,0.2232933701832005,-0.019138310144704074,-0.03416257486683776,-0.13217948946859678,0.13217948946859678,0.97,NA,NA,NA,24.2,22.3,-1.9,-3.4,13.2,0.97
Benthic Photo (LTMP),Farquharson Reef (No 1) (17-063a),FARQUHARSON REEF,17-063a,IN,Central,_,9,2024,2023,2024-02-05,0.072693726355296015,0.08978364493751873,0.01708991858222271,-0.013565373635834856,-0.13000001170398062,0.13000001170398062,0.64,NA,NA,NA,7.3,9,1.7,-1.4,13,0.64
Manta Tow (LTMP),U/N Reef (21-245),REEF 21-245,21-245,SW,Southern,_,9,2025,2024,2025-01-09,0.39864326854235227,0.3417249963427955,-0.05691827219955675,-0.050736358999500464,-0.12894877301320182,0.12894877301320182,6.355,NA,NA,NA,39.9,34.2,-5.7,-5.1,12.9,6.36
Manta Tow (LTMP),Boulder Reef (15-012),BOULDER REEF,15-012,CL,Northern,_,9,2003,2002,2002-07-17,0.2904084129428773,0.25805277816937666,-0.03235563477350062,-0.03848182876770788,-0.12933563985666074,0.12933563985666074,1.53,NA,NA,NA,29,25.8,-3.2,-3.8,12.9,1.53
Benthic Photo (MMP),Shute Reef (20-048),SHUTE ISLAND AND TANCRED ISLAND,20-048,WH,Southern,_,5,2021,2021,2021-06-16,0.1908354023712948,0.20313891544016432,0.012303513068869537,-0.029963531708098776,-0.12799324429582787,0.12799324429582787,0,NA,NA,NA,19.1,20.3,1.2,-3,12.8,0
Benthic Photo (LTMP),Hayman Island Reef (20-014),HAYMAN ISLAND,20-014,WH,Southern,_,9,2025,2024,2025-03-26,0.165316693866412,0.1636450982914358,-0.0016715955749762035,-0.02383200378054714,-0.1264450881224036,0.1264450881224036,5.733333333,NA,NA,NA,16.5,16.4,-0.2,-2.4,12.6,5.73
Benthic Photo (MMP),Hook Island Reef (No 4) (20-028d),HOOK ISLAND,20-028d,WH,Southern,_,5,2023,2023,2023-06-25,0.19138648505710548,0.18146905175768832,-0.009917433299417161,-0.02619580795277617,-0.12554010286698242,0.12554010286698242,0.24,NA,NA,NA,19.1,18.1,-1,-2.6,12.6,0.24
Benthic Photo (MMP),Humpy (Bur-ye-Bur-ye) Reef (23-016),HUMPY ISLAND AND HALFWAY ISLAND,23-016,CB,Southern,_,5,2017,2017,2017-05-14,0.26253320523150997,0.24243168032790458,-0.020101524903605394,-0.0348337978507034,-0.1251818877379569,0.1251818877379569,4.4,NA,NA,NA,26.3,24.2,-2,-3.5,12.5,4.4
Manta Tow (LTMP),McSweeney Reef (11-016),MCSWEENEY REEF,11-016,CG,Northern,_,9,2021,2020,2020-12-13,0.04883892985900261,0.06525196329701856,0.01641303343801595,-0.009365683539269466,-0.12385579201566722,0.12385579201566722,9.99,NA,NA,NA,4.9,6.5,1.6,-0.9,12.4,9.99
Benthic Photo (LTMP),Linnet Reef (14-126),LINNET REEF,14-126,CL,Northern,_,9,2024,2023,2024-02-01,0.36855100726226625,0.31732653959228374,-0.05122446766998251,-0.04497884648177794,-0.12380451324387678,0.12380451324387678,1.23,m,NA,NA,36.9,31.7,-5.1,-4.5,12.4,1.23
Benthic Photo (MMP),Pandora Reef (18-051),PANDORA REEF,18-051,TO,Central,South,5,2021,2021,2021-05-12,0.12423631905766735,0.14267492353032896,0.0184386044726616,-0.020099098046821307,-0.12272458020671534,0.12272458020671534,2.92,NA,NA,NA,12.4,14.3,1.8,-2,12.3,2.92
Manta Tow (LTMP),Erskine Reef (23-068),ERSKINE ISLAND,23-068,CB,Southern,_,9,2021,2020,2020-08-24,0.41891770670918616,0.3652041664907682,-0.053713540218417954,-0.05104253702006694,-0.12233179217613988,0.12233179217613988,8.795,b,NA,DHW2020 8.7.  COTS culling in the region also,41.9,36.5,-5.4,-5.1,12.2,8.8
Benthic Photo (LTMP),Myrmidon Reef (18-034),MYRMIDON REEF,18-034,TO,Central,_,9,2024,2024,2024-06-05,0.3906512169424299,0.34901513726316913,-0.04163607967926075,-0.048454464066599305,-0.12160140674444823,0.12160140674444823,8.73,b,NA,DHW 8.73 bleaching Kirrily,39.1,34.9,-4.2,-4.8,12.2,8.73
Benthic Photo (LTMP),McSweeney Reef (11-016),MCSWEENEY REEF,11-016,CG,Northern,_,9,2023,2022,2022-11-24,0.10206708835116286,0.11801774420288894,0.015950655851726073,-0.016484404367018507,-0.12165419176740193,0.12165419176740193,6.765,NA,NA,NA,10.2,11.8,1.6,-1.6,12.2,6.76
Manta Tow (LTMP),One Tree Island Reef (23-055a),ONE TREE ISLAND,23-055a,CB,Southern,_,9,2003,2002,2002-09-17,0.504900077252315,0.4593827574095509,-0.04551731984276408,-0.06370291626614402,-0.1215505774454035,0.1215505774454035,5.38,NA,NA,NA,50.5,45.9,-4.6,-6.4,12.2,5.38
Benthic Photo (LTMP),Mast Head Reef (23-069),MASTHEAD ISLAND,23-069,CB,Southern,_,9,2018,2017,2017-10-20,0.12896936825854768,0.14786294942560016,0.018893581167052476,-0.020646199848246824,-0.1217999142623994,0.1217999142623994,2.6,NA,NA,NA,12.9,14.8,1.9,-2.1,12.2,2.6
Manta Tow (LTMP),Rebe Reef (19-209),REBE REEF,19-209,WH,Southern,_,9,1999,1998,1999-03-04,0.247461261818967,0.24101876225267804,-0.006442499566288951,-0.03327722439586553,-0.12087798591248215,0.12087798591248215,1.1475,NA,NA,NA,24.7,24.1,-0.6,-3.3,12.1,1.15
Benthic Photo (LTMP),Dip Reef (18-039),DIP REEF,18-039,TO,Central,_,9,2017,2017,2017-05-10,0.12837952933499153,0.17904488363556337,0.05066535430057184,-0.024635995740536737,-0.12036295630364288,0.12036295630364288,6.9325,NA,NA,NA,12.8,17.9,5.1,-2.5,12,6.93
Benthic Photo (MMP),Round-Russell Reef (17-013),FRANKLAND ISLANDS,17-013,IN,Central,West,2,2025,2025,2025-07-28,0.451458325642057,0.38056605678469896,-0.07089226885735805,-0.052253485393358765,-0.12044981913680537,0.12044981913680537,NA,m,NA,scaring observed during scuba search,45.1,38.1,-7.1,-5.2,12,NA
Benthic Photo (LTMP),Erskine Reef (23-068),ERSKINE ISLAND,23-068,CB,Southern,_,9,2025,2024,2024-11-09,0.4638738443085885,0.39774200344315724,-0.06613184086543128,-0.0538175915262407,-0.11891824220383582,0.11891824220383582,11.155,b,NA,Aerial bl 4 2024 DHW 11.17,46.4,39.8,-6.6,-5.4,11.9,11.15
Benthic Photo (LTMP),Penrith Reef (21-025),PENRITH ISLAND,21-025,PO,Southern,_,9,2025,2024,2025-01-13,0.11074893260389602,0.11390720920008685,0.0031582765961908205,-0.01547857554798705,-0.11871367402431272,0.11871367402431272,8.15,NA,NA,NA,11.1,11.4,0.3,-1.5,11.9,8.15
Benthic Photo (MMP),Richards (Bedarra) Reef (18-001),BEDARRA ISLAND,18-001,IN,Central,_,5,2023,2023,2023-06-07,0.20108621131762353,0.20138630567665236,3.000943590288352e-4,-0.02743139145575625,-0.11936152784592458,0.11936152784592458,0.145,NA,NA,NA,20.1,20.1,0,-2.7,11.9,0.14
Benthic Photo (MMP),Jessie-Kent Reef (17-043a),NORTH BARNARD ISLANDS,17-043a,IN,Central,_,2,2017,2017,2017-05-02,0.24435411713750113,0.24876646242570866,0.004412345288207525,-0.03317816382030658,-0.1172602719496739,0.1172602719496739,8.87,NA,NA,NA,24.4,24.9,0.4,-3.3,11.7,8.87
Benthic Photo (LTMP),Green Island Reef (16-049),GREEN ISLAND,16-049,CA,Central,_,9,2021,2020,2020-11-08,0.10414285891277554,0.1301019331138369,0.025959074201061347,-0.017393026357458402,-0.11712873231108258,0.11712873231108258,6.04,NA,NA,NA,10.4,13,2.6,-1.7,11.7,6.04
Manta Tow (LTMP),U/N Reef (19-131a),REEF 19-131,19-131a,WH,Southern,_,9,2025,2024,2025-03-30,0.29052989579115857,0.2843473439354417,-0.006182551855716867,-0.03795850234998059,-0.11740741092714388,0.11740741092714388,5.61,NA,NA,NA,29.1,28.4,-0.6,-3.8,11.7,5.61
Manta Tow (LTMP),Boult Reef (23-079),BOULT REEF,23-079,CB,Southern,_,9,2018,2017,2017-10-15,0.36220433445424544,0.39925239629993703,0.03704806184569159,-0.05294756974306877,-0.11683048038455586,0.11683048038455586,4.023333333,NA,NA,NA,36.2,39.9,3.7,-5.3,11.7,4.02
Benthic Photo (LTMP),Arlington Reef (16-064),ARLINGTON REEF,16-064,CA,Central,_,9,2017,2016,2016-09-18,0.24185495998819326,0.2045257246567271,-0.03732923533146615,-0.026984163693700016,-0.11605598318911431,0.11605598318911431,4.026666667,m,NA,Aerial bl 2 2016,24.2,20.5,-3.7,-2.7,11.6,4.03
Manta Tow (LTMP),Egret Reef (15-013),EGRET REEF,15-013,CL,Northern,_,9,2025,2024,2024-12-23,0.162051779215528,0.1692583684660483,0.007206589250520312,-0.02241813211576297,-0.1163511484175214,0.1163511484175214,3.27,m,NA,Aerial bl 4 2024 DHW 3.27,16.2,16.9,0.7,-2.2,11.6,3.27
Benthic Photo (MMP),Stingaree Reefs (17-053),DUNK ISLAND,17-053,IN,Central,North,5,2024,2024,2024-06-04,0.3419938741107149,0.3027531491412958,-0.039240724969419105,-0.039449657958164436,-0.1149456156596409,0.1149456156596409,3.976666667,b,NA,partial bleaching at time of surveys,34.2,30.3,-3.9,-3.9,11.5,3.98
Manta Tow (LTMP),Davies Reef (18-096),DAVIES REEF,18-096,TO,Central,_,9,1999,1998,1999-04-16,0.32827337585247623,0.29991522177226726,-0.028358154080208975,-0.039259905929719126,-0.11541086555896919,0.11541086555896919,1.19,NA,NA,NA,32.8,30,-2.8,-3.9,11.5,1.19
Manta Tow (LTMP),Rodda Reef (13-127),RODDA REEF,13-127,PB,Unknown,_,9,2025,2024,2024-12-20,0.4008909239757581,0.3430974629048475,-0.0577934610709106,-0.04407754636780114,-0.11355070603435394,0.11355070603435394,7.365,b,NA,DHW 7.23,40.1,34.3,-5.8,-4.4,11.4,7.36
Manta Tow (LTMP),John Brewer Reef (18-075),JOHN BREWER REEF,18-075,TO,Central,_,9,2023,2022,2023-03-17,0.21970358441731644,0.23435897874287936,0.014655394325562926,-0.030136289982002698,-0.11350970631883936,0.11350970631883936,5.11,NA,NA,NA,22,23.4,1.5,-3,11.4,5.11
Benthic Photo (MMP),Richards (Bedarra) Reef (18-001),BEDARRA ISLAND,18-001,IN,Central,_,5,2021,2021,2021-06-08,0.16341721921843202,0.1733716609294501,0.009954441711018086,-0.022261576469229646,-0.11321370061203657,0.11321370061203657,1.58,NA,NA,NA,16.3,17.3,1,-2.2,11.3,1.58
Manta Tow (LTMP),Lizard Island Reef (North West) (14-116a),LIZARD ISLES,14-116a,CL,Northern,_,9,2023,2022,2022-10-17,0.19225103812166214,0.18970884700098545,-0.00254219112067669,-0.02394929911795681,-0.11156948641812309,0.11156948641812309,4.0325,NA,NA,NA,19.2,19,-0.3,-2.4,11.2,4.03
Benthic Photo (LTMP),U/N Reef (21-187),REEF 21-187,21-187,SW,Southern,_,9,2024,2023,2024-03-15,0.27517793574457144,0.26241106733981745,-0.012766868404753995,-0.03307870586379885,-0.11156778025217697,0.11156778025217697,0,b,NA,DHW 7.25 1 COTS,27.5,26.2,-1.3,-3.3,11.2,0
Benthic Photo (MMP),Round-Russell Reef (17-013),FRANKLAND ISLANDS,17-013,IN,Central,West,2,2017,2017,2017-08-06,0.44030650663978976,0.3771124389054917,-0.06319406773429809,-0.04661033788794794,-0.10974296749481012,0.10974296749481012,10.66,m,NA,cots and bleaching,44,37.7,-6.3,-4.7,11,10.66
Benthic Photo (MMP),Havannah Reef (18-065),HAVANNAH ISLAND,18-065,TO,Central,South,5,2017,2017,2017-05-09,0.2709958441276174,0.2628382446687969,-0.008157599458820497,-0.032492112223687995,-0.10964827419108074,0.10964827419108074,8.71,b,NA,NA,27.1,26.3,-0.8,-3.2,11,8.71
Manta Tow (LTMP),U/N Reef (20-104),REEF 20-104,20-104,WH,Southern,_,9,2025,2024,2025-03-30,0.3954607791259235,0.3720618708353132,-0.023398908290610254,-0.045997111108631035,-0.10976285699749988,0.10976285699749988,5.56,b,NA,Aerial bl 3 2024 DHW 2024 DHW 2.52 2025,39.5,37.2,-2.3,-4.6,11,5.56
Manta Tow (LTMP),Fairfax Islands Reef (23-081),FAIRFAX ISLAND,23-081,CB,Southern,_,9,2023,2022,2022-09-02,0.5928227645153532,0.5290676689748856,-0.06375509554046765,-0.06526385226575379,-0.10962606537236157,0.10962606537236157,0.366666667,m,NA,NA,59.3,52.9,-6.4,-6.5,11,0.37
Benthic Photo (LTMP),Mackay Reefs (15-024),MACKAY REEF,15-024,CL,Northern,_,9,2017,2016,2016-12-05,0.14672829678633104,0.17806672821822833,0.031338431431897296,-0.021601413934596123,-0.10764745067577772,0.10764745067577772,6.207142857,NA,NA,NA,14.7,17.8,3.1,-2.2,10.8,6.21
Benthic Photo (LTMP),Peart Reef (17-024),PEART REEF,17-024,IN,Central,_,9,2025,2024,2024-08-28,0.29076822596685753,0.26408518276588133,-0.026683043200976198,-0.03195450727360769,-0.10757655742692028,0.10757655742692028,5.4,b,NA,NA,29.1,26.4,-2.7,-3.2,10.8,5.4
Manta Tow (LTMP),Rebe Reef (19-209),REBE REEF,19-209,WH,Southern,_,9,2024,2024,2024-05-13,0.6158185078470628,0.46618035867601393,-0.1496381491710489,-0.05592260989943404,-0.10690554873302777,0.10690554873302777,10.2025,b,NA,DHW 9.3 to 11.1,61.6,46.6,-15,-5.6,10.7,10.2
Benthic Photo (MMP),Round-Russell Reef (17-013),FRANKLAND ISLANDS,17-013,IN,Central,West,5,2025,2025,2025-07-28,0.62046217396100245,0.5061361224648321,-0.11432605149617037,-0.060868418114494435,-0.10716185129860535,0.10716185129860535,NA,m,NA,scaring observed during scuba search,62,50.6,-11.4,-6.1,10.7,NA
Benthic Photo (LTMP),Border Island Reef (No 1) (20-067a),BORDER ISLAND,20-067a,WH,Southern,_,9,2003,2002,2002-12-01,0.29133219584705045,0.26827130854907344,-0.023060887297977006,-0.03208312173237239,-0.10646308302953703,0.10646308302953703,1.24,b,NA,bleaching 0+ 1 transect,29.1,26.8,-2.3,-3.2,10.6,1.24
Manta Tow (LTMP),Fitzroy Island Reef (No 1) (16-054a),FITZROY ISLAND,16-054a,CA,Central,_,9,2025,2025,2025-05-22,0.29259387294028877,0.27373223618004783,-0.01886163676024094,-0.03255951323442166,-0.10595635351896802,0.10595635351896802,NA,b,NA,Aerial bl 4  2024 DHW 7.82 in 2024 6.86 in 2025,29.3,27.4,-1.9,-3.3,10.6,NA
Benthic Photo (LTMP),Yonge Reef (14-138),YONGE REEF,14-138,CL,Northern,_,9,2023,2022,2022-10-22,0.3026710530032551,0.3133526123655253,0.010681559362270221,-0.036831520485668144,-0.10487808827420654,0.10487808827420654,4.32,NA,NA,NA,30.3,31.3,1.1,-3.7,10.5,4.32
Benthic Photo (MMP),Round-Russell Reef (17-013),FRANKLAND ISLANDS,17-013,IN,Central,West,5,2018,2018,2018-06-05,0.5341292184293733,0.4465566491257994,-0.08757256930357393,-0.05270314316146213,-0.10535154728405334,0.10535154728405334,0.3,NA,NA,NA,53.4,44.7,-8.8,-5.3,10.5,0.3
Manta Tow (LTMP),Thetford Reef (16-068),THETFORD REEF,16-068,CA,Central,_,9,2021,2020,2021-01-23,0.1452405045111585,0.1558678077200533,0.010627303208894795,-0.018218698809345544,-0.10405541335240724,0.10405541335240724,6.54,NA,NA,NA,14.5,15.6,1.1,-1.8,10.4,6.54
Manta Tow (LTMP),Mackay Reefs (15-024),MACKAY REEF,15-024,CL,Northern,_,9,2017,2016,2016-12-05,0.16947795941432048,0.17473668540482465,0.0052587259905041706,-0.020316597088088056,-0.10362793639439573,0.10362793639439573,6.207142857,NA,NA,NA,16.9,17.5,0.5,-2,10.4,6.21
Benthic Photo (LTMP),Penrith Reef (21-025),PENRITH ISLAND,21-025,PO,Southern,_,9,2024,2023,2024-03-18,0.10482682739625968,0.11074893260389602,0.0059221052076363495,-0.012932657804120899,-0.1037254799349218,0.1037254799349218,0.695,b,NA,DHW 8.25,10.5,11.1,0.6,-1.3,10.4,0.7
Manta Tow (LTMP),Pompey Reef (No 2) (20-351b),POMPEY REEF NO.2,20-351b,PO,Southern,_,9,2025,2024,2025-01-18,0.24979788892199734,0.23944337603158308,-0.010354512890414252,-0.027629774096392265,-0.10306803976154306,0.10306803976154306,8.63,NA,NA,NA,25,23.9,-1,-2.8,10.3,8.63
Manta Tow (LTMP),Carter Reef (14-137),CARTER REEF,14-137,CL,Northern,_,9,2021,2020,2020-10-23,0.12198563296449294,0.17761852007355694,0.055632887109064,-0.020517172794013355,-0.10303111661482874,0.10303111661482874,7.72,NA,NA,NA,12.2,17.8,5.6,-2.1,10.3,7.72
Benthic Photo (MMP),Stingaree Reefs (17-053),DUNK ISLAND,17-053,IN,Central,North,5,2017,2017,2017-08-07,0.16410078242741521,0.15435958522563925,-0.009741197201775964,-0.017884996303651653,-0.10323553063405791,0.10323553063405791,7.55,b,NA,NA,16.4,15.4,-1,-1.8,10.3,7.55
Benthic Photo (LTMP),Lagoon Reef (12-061),LAGOON REEF,12-061,CG,Northern,_,9,2021,2020,2020-12-08,0.27277374710468016,0.26866212492856895,-0.004111622176111218,-0.03095429864631655,-0.10296941956202081,0.10296941956202081,4.646666667,NA,NA,NA,27.3,26.9,-0.4,-3.1,10.3,4.65
Benthic Photo (LTMP),Michaelmas Reef (16-060),MICHAELMAS CAY,16-060,CA,Central,_,9,2003,2002,2002-11-02,0.23079716750278062,0.2238059396450549,-0.0069912278577257125,-0.025789460466913085,-0.10291274482847712,0.10291274482847712,3.31,NA,NA,NA,23.1,22.4,-0.7,-2.6,10.3,3.31
Benthic Photo (MMP),Round-Russell Reef (17-013),FRANKLAND ISLANDS,17-013,IN,Central,West,5,2017,2017,2017-08-06,0.6560203361195885,0.5341292184293733,-0.12189111769021521,-0.06035471618011143,-0.1013540629264696,0.1013540629264696,10.66,m,NA,cots and bleaching,65.6,53.4,-12.2,-6,10.1,10.66
Manta Tow (LTMP),U/N Reef (20-354),REEF 20-354,20-354,PO,Southern,_,9,2025,2024,2025-01-15,0.4883089395562144,0.41745112038803095,-0.07085781916818346,-0.046786581822844626,-0.10056489747178303,0.10056489747178303,8.375,b,NA,DHW 8.25,48.8,41.7,-7.1,-4.7,10.1,8.38
Benthic Photo (LTMP),MacGillivray Reef (14-114),MACGILLIVRAY REEF,14-114,CL,Northern,_,9,2021,2020,2020-10-26,0.09852720760391533,0.13676625087364688,0.03823904326973156,-0.015461399833195194,-0.10090476334963998,0.10090476334963998,6.33,NA,NA,NA,9.9,13.7,3.8,-1.5,10.1,6.33
Benthic Photo (LTMP),Chinaman Reef (22-102),CHINAMAN REEF (22-102),22-102,SW,Southern,_,9,2024,2023,2023-10-04,0.1946509873824127,0.22135253766117685,0.02670155027876414,-0.025074087232026705,-0.10133948698063275,0.10133948698063275,0,NA,NA,NA,19.5,22.1,2.7,-2.5,10.1,0
Benthic Photo (MMP),Pandora Reef (18-051),PANDORA REEF,18-051,TO,Central,South,5,2017,2017,2017-05-09,0.06144581122357401,0.08546867497361639,0.02402286375004238,-0.009599798431252408,-0.09992662619707962,0.09992662619707962,8.52,b,NA,NA,6.1,8.5,2.4,-1,10,8.52
Manta Tow (LTMP),Bowden Reef (19-019),BOWDEN REEF,19-019,CU,Southern,_,9,1999,1999,1999-05-27,0.1998935798323527,0.21365421659309447,0.013760636760741768,-0.023481841895838663,-0.09860683025006871,0.09860683025006871,0.3,NA,NA,NA,20,21.4,1.4,-2.3,9.9,0.3
Benthic Photo (MMP),Fitzroy Island Reef (No 1) (16-054a),FITZROY ISLAND,16-054a,CA,Central,East,5,2018,2018,2018-06-03,0.2656186252388255,0.260545707811367,-0.005072917427458523,-0.028621753909605974,-0.0986387437786834,0.0986387437786834,0.16,b,NA,NA,26.6,26.1,-0.5,-2.9,9.9,0.16
Manta Tow (LTMP),Pompey Reef (No 1) (20-351a),POMPEY REEF NO.1,20-351a,PO,Southern,_,9,2025,2024,2025-01-18,0.39403716523982174,0.36517075939931487,-0.02886640584050687,-0.03970365772064709,-0.09782251860656717,0.09782251860656717,8.636666667,NA,NA,NA,39.4,36.5,-2.9,-4,9.8,8.64
Manta Tow (LTMP),Carter Reef (14-137),CARTER REEF,14-137,CL,Northern,_,9,2025,2024,2024-09-22,0.26646593358861137,0.2670155521856824,5.496185970710332e-4,-0.02900251949006523,-0.0976456392920329,0.0976456392920329,8.21,b,NA,DHW 8.21,26.6,26.7,0.1,-2.9,9.8,8.21
Benthic Photo (LTMP),MacGillivray Reef (14-114),MACGILLIVRAY REEF,14-114,CL,Northern,_,9,2003,2002,2002-07-24,0.19182592951565758,0.19701049802068843,0.005184568505030851,-0.021345916120338055,-0.09731156576353653,0.09731156576353653,1.455,NA,NA,NA,19.2,19.7,0.5,-2.1,9.7,1.46
Manta Tow (LTMP),Yonge Reef (14-138),YONGE REEF,14-138,CL,Northern,_,9,1999,1998,1998-10-10,0.261140266543982,0.2817967433374098,0.020656476793427803,-0.030261883857761636,-0.09666522890262132,0.09666522890262132,0.76,NA,NA,NA,26.1,28.2,2.1,-3,9.7,0.76
Benthic Photo (LTMP),Low Islands Reef (16-028),LOW ISLES,16-028,CA,Central,_,9,2021,2020,2021-01-13,0.23974258865497777,0.2470351433728849,0.007292554717907129,-0.026440783095605394,-0.09633188394990547,0.09633188394990547,5.54,NA,NA,NA,24,24.7,0.7,-2.6,9.6,5.54
Benthic Photo (LTMP),Dip Reef (18-039),DIP REEF,18-039,TO,Central,_,9,2003,2002,2003-03-18,0.26464774921458933,0.2467944469217847,-0.01785330229280463,-0.026395784918949387,-0.09626814471742969,0.09626814471742969,2.955,NA,NA,NA,26.5,24.7,-1.8,-2.6,9.6,2.96
Benthic Photo (MMP),North Keppel (Ko-no-mie) Island Reef (No 2) (23-004b),NORTH KEPPEL ISLAND,23-004b,CB,Southern,_,5,2017,2017,2017-05-15,0.08924933126850663,0.14784425460574696,0.058594923337240326,-0.015602730461646092,-0.09488000315269896,0.09488000315269896,4.445,NA,NA,NA,8.9,14.8,5.9,-1.6,9.5,4.44
Benthic Photo (LTMP),Mantis Reef (12-056),MANTIS REEF,12-056,CG,Northern,_,9,2024,2023,2023-12-01,0.16985406444767764,0.193189922320597,0.023335857872919363,-0.020347579107097905,-0.0948439269204205,0.0948439269204205,3.52,NA,NA,NA,17,19.3,2.3,-2,9.5,3.52
Benthic Photo (LTMP),Thetford Reef (16-068),THETFORD REEF,16-068,CA,Central,_,9,2024,2023,2023-09-07,0.22498665852979421,0.22060182847007123,-0.004384830059722983,-0.023161282315501065,-0.09462734086506927,0.09462734086506927,0.746666667,NA,NA,NA,22.5,22.1,-0.4,-2.3,9.5,0.75
Benthic Photo (MMP),North Keppel (Ko-no-mie) Island Reef (No 2) (23-004b),NORTH KEPPEL ISLAND,23-004b,CB,Southern,_,2,2021,2021,2021-05-07,0.3719672473946615,0.36369519567798764,-0.00827205171667389,-0.037622055146722407,-0.0935134028421624,0.0935134028421624,0,NA,NA,NA,37.2,36.4,-0.8,-3.8,9.4,0
Benthic Photo (MMP),Barren Island Reef (22-009),BARREN ISLAND,22-009,CB,Southern,_,5,2024,2024,2024-05-12,0.7041189584586074,0.6208482450147622,-0.08327071344384518,-0.0641212215327155,-0.09347532894640509,0.09347532894640509,11.06,b,NA,bleaching still evident at time of surveys,70.4,62.1,-8.3,-6.4,9.3,11.06
Benthic Photo (LTMP),Slate Reef (19-159),SLATE REEF,19-159,WH,Southern,_,9,2024,2024,2024-05-12,0.4609423548222777,0.40042831189585437,-0.06051404292642332,-0.04136296592062991,-0.09341413887961196,0.09341413887961196,8.61,b,NA,NA,46.1,40,-6.1,-4.1,9.3,8.61
Manta Tow (LTMP),Sand Bank No 1 Reef (14-045),SAND BANK NO.1,14-045,CL,Northern,_,9,2025,2024,2024-12-04,0.449334665923309,0.3760180028248211,-0.07331666309848789,-0.0387405497608567,-0.09318040367401272,0.09318040367401272,7.5725,b,NA,DHW 8.19,44.9,37.6,-7.3,-3.9,9.3,7.57
Manta Tow (LTMP),Horseshoe Reef (No 1) (22-104a),HORSESHOE REEF,22-104a,SW,Southern,_,9,2017,2016,2017-01-21,0.22088426215079246,0.2958119837255137,0.07492772157472125,-0.030141740719252796,-0.0921896233800045,0.0921896233800045,0.43,NA,NA,NA,22.1,29.6,7.5,-3,9.2,0.43
Manta Tow (LTMP),East Cay Reef (21-305),EAST CAY,21-305,SW,Southern,_,9,1999,1998,1998-12-07,0.23114685501844362,0.2553075074334128,0.024160652414969175,-0.025201322456215737,-0.08952231610673259,0.08952231610673259,1.06,NA,NA,NA,23.1,25.5,2.4,-2.5,9,1.06
Manta Tow (LTMP),Kelso Reef (18-030),KELSO REEF,18-030,TO,Central,_,9,2018,2017,2018-04-18,0.21635310194371357,0.19010156142842052,-0.026251540515293048,-0.018701518203496664,-0.08913843512834506,0.08913843512834506,7.4475,b,NA,"DHW 2107, plus COTS removal -246",21.6,19,-2.6,-1.9,8.9,7.45
Benthic Photo (LTMP),U/N Reef (20-104),REEF 20-104,20-104,WH,Southern,_,9,1999,1998,1999-03-03,0.2239259517528185,0.24526694278531896,0.021340991032500478,-0.02362613463617929,-0.08753886858417569,0.08753886858417569,1.55,NA,NA,NA,22.4,24.5,2.1,-2.4,8.8,1.55
Manta Tow (LTMP),Norman Reef (16-030),NORMAN REEF,16-030,CA,Central,_,9,2021,2020,2021-01-14,0.17847494416577003,0.1932699192670421,0.014794975101272062,-0.018435170981303137,-0.0866700978325391,0.0866700978325391,8.31,NA,NA,NA,17.8,19.3,1.5,-1.8,8.7,8.31
Benthic Photo (LTMP),Dip Reef (18-039),DIP REEF,18-039,TO,Central,_,9,2024,2024,2024-06-05,0.25000968515127425,0.24049936740079766,-0.009510317750476588,-0.02263041436430621,-0.08567914686891276,0.08567914686891276,7.715,b,NA,DHW 8.02 flat lining,25,24,-1,-2.3,8.6,7.72
Manta Tow (LTMP),Hyde Reef (19-207),HYDE REEF,19-207,WH,Southern,_,9,2003,2002,2002-11-27,0.3440393987941957,0.33986609046845573,-0.004173308325739977,-0.03199057191290289,-0.08579857929475017,0.08579857929475017,1.923333333,b,NA,DHW,34.4,34,-0.4,-3.2,8.6,1.92
Benthic Photo (LTMP),Michaelmas Reef (16-060),MICHAELMAS CAY,16-060,CA,Central,_,9,2017,2016,2016-12-18,0.16759601919543551,0.2031074567061742,0.03551143751073868,-0.01885516155827259,-0.08456646995376264,0.08456646995376264,4.62,NA,NA,NA,16.8,20.3,3.6,-1.9,8.5,4.62
Manta Tow (LTMP),Pompey Reef (No 2) (20-351b),POMPEY REEF NO.2,20-351b,PO,Southern,_,9,2023,2022,2023-02-13,0.16119543476160914,0.17516602399700573,0.013970589235396597,-0.01628208029861828,-0.08460504382837152,0.08460504382837152,3.54,NA,NA,NA,16.1,17.5,1.4,-1.6,8.5,3.54
Benthic Photo (LTMP),St Crispin Reef (16-019),ST. CRISPIN REEF,16-019,CA,Central,_,9,2025,2024,2024-10-07,0.3897013622185705,0.33153740699779244,-0.05816395522077805,-0.030681581444861054,-0.08447130359679747,0.08447130359679747,5.81,m,NA,DHW 6.98,39,33.2,-5.8,-3.1,8.4,5.81
Manta Tow (LTMP),Slate Reef (19-159),SLATE REEF,19-159,WH,Southern,_,9,2017,2016,2017-02-19,0.13030498942872798,0.22620390656339912,0.09589891713467114,-0.020897554997106757,-0.08422987460720925,0.08422987460720925,3.01,NA,NA,NA,13,22.6,9.6,-2.1,8.4,3.01
Benthic Photo (LTMP),MacGillivray Reef (14-114),MACGILLIVRAY REEF,14-114,CL,Northern,_,9,1999,1998,1998-10-17,0.16544571874918074,0.17660014119371567,0.011154422444534934,-0.01625437928996867,-0.08384833765760294,0.08384833765760294,1.125,NA,NA,NA,16.5,17.7,1.1,-1.6,8.4,1.12
Benthic Photo (MMP),Hook Island Reef (No 4) (20-028d),HOOK ISLAND,20-028d,WH,Southern,_,2,2024,2024,2024-07-16,0.07448612680364963,0.08216260552811766,0.007676478724468028,-0.007534715219007648,-0.08307538918393534,0.08307538918393534,6.826666667,NA,NA,NA,7.4,8.2,0.8,-0.8,8.3,6.83
Benthic Photo (LTMP),U/N Reef (11-162),REEF 11-162,11-162,CG,Northern,_,9,2024,2023,2023-11-29,0.18328645779710376,0.19681859165372878,0.013532133856625023,-0.01794455046876558,-0.08316782140008876,0.08316782140008876,0.566666667,NA,NA,NA,18.3,19.7,1.4,-1.8,8.3,0.57
Benthic Photo (LTMP),Chinaman Reef (22-102),CHINAMAN REEF (22-102),22-102,SW,Southern,_,9,1999,1998,1998-12-09,0.33111042247935807,0.3364916467085014,0.005381224229143333,-0.030325087408088584,-0.08244618744963404,0.08244618744963404,2.81,NA,NA,NA,33.1,33.6,0.5,-3,8.2,2.81
Benthic Photo (LTMP),Rebe Reef (19-209),REBE REEF,19-209,WH,Southern,_,9,2017,2016,2017-02-21,0.05607396778868978,0.12917576081938695,0.07310179303069717,-0.01156616960840931,-0.08160019814532687,0.08160019814532687,2.5925,NA,NA,NA,5.6,12.9,7.3,-1.2,8.2,2.59
Benthic Photo (MMP),Snapper Reef (16-006),SNAPPER ISLAND,16-006,CA,Central,North,2,2023,2023,2023-08-15,0.1481087544695699,0.16863589480805166,0.02052714033848177,-0.01511614897171859,-0.08181857511539886,0.08181857511539886,0.4425,NA,NA,NA,14.8,16.9,2.1,-1.5,8.2,0.44
Benthic Photo (MMP),Snapper Reef (16-006),SNAPPER ISLAND,16-006,CA,Central,North,2,2025,2025,2025-07-16,0.05155365819270063,0.06915119300049459,0.01759753480779396,-0.006301518870801916,-0.08242374556196436,0.08242374556196436,NA,NA,NA,NA,5.2,6.9,1.8,-0.6,8.2,NA
Benthic Photo (LTMP),Opal Reef (16-025),OPAL REEF,16-025,CA,Central,_,9,1999,1998,1999-02-01,0.19503367512469003,0.2023953429419391,0.007361667817249062,-0.018011229568870506,-0.08134911879362189,0.08134911879362189,0,NA,NA,NA,19.5,20.2,0.7,-1.8,8.1,0
Benthic Photo (LTMP),Agincourt Reefs (No 1) (15-099c),AGINCOURT REEF NO.1,15-099c,CA,Central,_,9,2021,2020,2020-11-07,0.23093330936960185,0.23587484012350973,0.00494153075390788,-0.020971724856096115,-0.08133412542360165,0.08133412542360165,NA,NA,NA,NA,23.1,23.6,0.5,-2.1,8.1,NA
Benthic Photo (MMP),Pelican Island Reef (23-017),PELICAN ISLAND,23-017,CB,Southern,_,2,2025,2024,2025-04-22,0.04020428702893302,0.059444147908964406,0.019239860880031386,-0.005247295743434497,-0.07987791790967708,0.07987791790967708,13.26,NA,NA,NA,4,5.9,1.9,-0.5,8,13.26
Benthic Photo (LTMP),Lizard Island Reef (North West) (14-116a),LIZARD ISLES,14-116a,CL,Northern,_,9,2025,2024,2024-09-29,0.16532056503156148,0.17542458210932707,0.010104017077765592,-0.01543332701954462,-0.08044144278241872,0.08044144278241872,6.165,b,NA,DHW 6.27  aerial bl 4,16.5,17.5,1,-1.5,8,6.16
Benthic Photo (LTMP),Yonge Reef (14-138),YONGE REEF,14-138,CL,Northern,_,9,2021,2020,2020-10-23,0.12508156810080587,0.21080020728266124,0.08571863918185538,-0.018107484556261627,-0.07875980316895195,0.07875980316895195,7.87,NA,NA,NA,12.5,21.1,8.6,-1.8,7.9,7.87
Benthic Photo (MMP),Tobias Spit (17-009a),HIGH ISLAND,17-009a,IN,Central,East,5,2023,2023,2023-08-18,0.40986107388097875,0.36068740498006996,-0.049173668900908796,-0.031136209637341608,-0.07926257098282279,0.07926257098282279,0.3,m,NA,"possible storm from gale-force winds, jumbled corals",41,36.1,-4.9,-3.1,7.9,0.3
Benthic Photo (MMP),Magnetic Island Reef (No 2) (19-009c),GEOFFREY BAY,19-009c,TO,Central,_,5,2021,2021,2021-07-10,0.28086626416311417,0.26394969846874916,-0.016916565694365004,-0.022415493323781923,-0.07800350899828268,0.07800350899828268,1.73,b,NA,bleaching at time of previous survey,28.1,26.4,-1.7,-2.2,7.8,1.73
Manta Tow (LTMP),Hastings Reef (16-057),HASTINGS REEF,16-057,CA,Central,_,9,1999,1998,1999-02-04,0.1137733276335159,0.13365831511078907,0.019884987477273172,-0.011438951361824483,-0.07829681990640636,0.07829681990640636,0.046666667,NA,NA,NA,11.4,13.4,2,-1.1,7.8,0.05
Manta Tow (LTMP),Creal Reef (20-297),CREAL REEF,20-297,PO,Southern,_,9,2025,2024,2025-01-19,0.6903771670175208,0.5912869380093373,-0.09909022900818354,-0.04875051086718937,-0.07604939610412596,0.07604939610412596,8.37,NA,NA,NA,69,59.1,-9.9,-4.9,7.6,8.37
Manta Tow (LTMP),Feather Reef (17-034),FEATHER REEF,17-034,IN,Central,_,9,2025,2024,2024-08-27,0.1944095826335418,0.20129388466240872,0.006884302028866918,-0.01661838238859944,-0.07591343606490189,0.07591343606490189,5.54,b,NA,DHW 5.54,19.4,20.1,0.7,-1.7,7.6,5.54
Manta Tow (LTMP),Little Kelso Reef (18-031),LITTLE KELSO REEF,18-031,TO,Central,_,9,2018,2017,2018-04-19,0.3726895586718373,0.24348678964530093,-0.12920276902653635,-0.019709582964934386,-0.07460201958946507,0.07460201958946507,7.175,m,NA,COTS and Bleaching,37.3,24.3,-12.9,-2,7.5,7.18
Benthic Photo (MMP),Pandora Reef (18-051),PANDORA REEF,18-051,TO,Central,South,2,2018,2018,2018-05-10,0.04779268350499239,0.07251414417337461,0.02472146066838222,-0.005951241082423467,-0.07489098634916948,0.07489098634916948,0,NA,NA,NA,4.8,7.3,2.5,-0.6,7.5,0
Benthic Photo (LTMP),Pompey Reef (No 2) (20-351b),POMPEY REEF NO.2,20-351b,PO,Southern,_,9,2025,2024,2025-01-16,0.23601995395034991,0.2369139662041041,8.940122537541839e-4,-0.018887968765563628,-0.07355072604026362,0.07355072604026362,8.63,NA,NA,NA,23.6,23.7,0.1,-1.9,7.4,8.63
Manta Tow (LTMP),U/N Reef (20-104),REEF 20-104,20-104,WH,Southern,_,9,2017,2016,2017-02-18,0.256636264322917,0.3114589763649241,0.054822712042007116,-0.02497524507759069,-0.07401515166666481,0.07401515166666481,0.85,NA,NA,NA,25.7,31.1,5.5,-2.5,7.4,0.85
Benthic Photo (LTMP),Pandora Reef (18-051),PANDORA REEF,18-051,TO,Central,North,9,1999,1999,1999-05-02,0.5052506588996215,0.44030848201791756,-0.06494217688170395,-0.03498333654682541,-0.07344937532675691,0.07344937532675691,0.49,b,NA,up to 10% bleaching on 4 transects.  SCUBA search,50.5,44,-6.5,-3.5,7.3,0.49
Manta Tow (LTMP),U/N Reef (21-558),REEF 21-558,21-558,SW,Southern,_,9,2025,2024,2025-01-07,0.39090706771087363,0.2894259103817405,-0.10148115732913315,-0.022434856400249364,-0.07170875604189324,0.07170875604189324,7.9225,NA,NA,NA,39.1,28.9,-10.1,-2.2,7.2,7.92
Benthic Photo (LTMP),Lizard Island Reef (North West) (14-116a),LIZARD ISLES,14-116a,CL,Northern,_,9,2003,2002,2002-07-28,0.13382236732267722,0.1511202279317587,0.017297860609081478,-0.011834705396857863,-0.07218267335169136,0.07218267335169136,1.655,NA,NA,NA,13.4,15.1,1.7,-1.2,7.2,1.66
Benthic Photo (LTMP),Fitzroy Island Reef (No 1) (16-054a),FITZROY ISLAND,16-054a,CA,Central,West(LTMP),9,1999,1998,1999-02-08,0.3294203012047809,0.3056587527527294,-0.023761548452051473,-0.023337283674320773,-0.07071989084171858,0.07071989084171858,1.015,b,NA,1-5% bleaching on 9 transects.  SCUBA search,32.9,30.6,-2.4,-2.3,7.1,1.01
Manta Tow (LTMP),Chicken Reef (18-086),CHICKEN REEF,18-086,TO,Central,_,9,2017,2017,2017-05-13,0.14989959559018423,0.16880667711976172,0.018907081529577485,-0.012732393970995425,-0.06975160931253434,0.06975160931253434,5.43,NA,NA,NA,15,16.9,1.9,-1.3,7,5.43
Manta Tow (LTMP),Arlington Reef (16-064),ARLINGTON REEF,16-064,CA,Central,_,9,2017,2016,2016-09-19,0.15541956021217848,0.1565020120603447,0.001082451848166216,-0.01182143964263589,-0.06981572560529015,0.06981572560529015,4.026666667,m,NA,Aerial bl 2 2016,15.5,15.7,0.1,-1.2,7,4.03
Benthic Photo (LTMP),Davies Reef (18-096),DAVIES REEF,18-096,TO,Central,_,9,2023,2023,2023-05-05,0.3952343711522683,0.3628169523067178,-0.032417418845550494,-0.027092545118048598,-0.06930643869368452,0.06930643869368452,1.26,b,NA,"79% bleached on scuba in 2022, DHW 5",39.5,36.3,-3.2,-2.7,6.9,1.26
Benthic Photo (LTMP),Slate Reef (19-159),SLATE REEF,19-159,WH,Southern,_,9,2025,2024,2025-03-24,0.40042831189585437,0.37493680558818493,-0.025491506307669443,-0.0275767124688027,-0.0683414835805032,0.0683414835805032,8.61,NA,NA,NA,40,37.5,-2.5,-2.8,6.8,8.61
Manta Tow (LTMP),Hayman Island Reef (20-014),HAYMAN ISLAND,20-014,WH,Southern,_,9,2003,2002,2002-11-24,0.21755624347207667,0.2406136934476252,0.02305744997554854,-0.01771876419208695,-0.0683245142291577,0.0683245142291577,2.103333333,b,NA,DHW,21.8,24.1,2.3,-1.8,6.8,2.1
Benthic Photo (MMP),North Keppel (Ko-no-mie) Island Reef (No 2) (23-004b),NORTH KEPPEL ISLAND,23-004b,CB,Southern,_,5,2023,2023,2023-05-20,0.2483243824361398,0.26841942818408787,0.02009504574794807,-0.019671665937703725,-0.0680465996279229,0.0680465996279229,0.145,NA,NA,NA,24.8,26.8,2,-2,6.8,0.14
Manta Tow (LTMP),Taylor Reef (17-064),TAYLOR REEF,17-064,IN,Central,_,9,2024,2023,2024-02-06,0.1807494445042074,0.17051530949802596,-0.01023413500618145,-0.012260031819831003,-0.0667120612151448,0.0667120612151448,0.49,NA,NA,NA,18.1,17.1,-1,-1.2,6.7,0.49
Benthic Photo (LTMP),U/N Reef (11-162),REEF 11-162,11-162,CG,Northern,_,9,2021,2020,2020-12-06,0.14626404721710973,0.1674577798358942,0.02119373261878446,-0.011862408533075838,-0.06578524923012533,0.06578524923012533,10.14666667,NA,NA,NA,14.6,16.7,2.1,-1.2,6.6,10.15
Manta Tow (LTMP),Mast Head Reef (23-069),MASTHEAD ISLAND,23-069,CB,Southern,_,9,2021,2020,2020-08-24,0.3687693833880568,0.2965709665356687,-0.07219841685238809,-0.020896385137450874,-0.06561547055818547,0.06561547055818547,8.865,b,NA,DHW2020 8.9,36.9,29.7,-7.2,-2.1,6.6,8.87
Manta Tow (LTMP),Kelso Reef (18-030),KELSO REEF,18-030,TO,Central,_,9,2021,2020,2021-04-05,0.26561502022147016,0.22888451942847396,-0.036730500792996196,-0.016256840364269023,-0.06604676425757003,0.06604676425757003,5.5,NA,NA,NA,26.6,22.9,-3.7,-1.6,6.6,5.5
Manta Tow (LTMP),Feather Reef (17-034),FEATHER REEF,17-034,IN,Central,_,9,2017,2016,2016-12-21,0.2126643633997911,0.21829571306814705,0.005631349668355934,-0.015464602692251514,-0.06587400703632985,0.06587400703632985,2.3,NA,NA,NA,21.3,21.8,0.6,-1.5,6.6,2.3
Manta Tow (LTMP),Erskine Reef (23-068),ERSKINE ISLAND,23-068,CB,Southern,_,9,2025,2024,2024-11-10,0.4084517150032933,0.3812714850801322,-0.027180229923161103,-0.02664709201204199,-0.06516478708678348,0.06516478708678348,11.155,b,NA,Aerial bl 4 2024 DHW 11.17,40.8,38.1,-2.7,-2.7,6.5,11.15
Benthic Photo (MMP),Normanby-Mabel Reef (17-012),FRANKLAND ISLANDS,17-012,IN,Central,East,2,2017,2017,2017-08-06,0.33144199224306853,0.3112663863273508,-0.02017560591571771,-0.0216450074745338,-0.064822608261688,0.064822608261688,10.66,m,NA,NA,33.1,31.1,-2,-2.2,6.5,10.66
Benthic Photo (MMP),Snapper Reef (16-006),SNAPPER ISLAND,16-006,CA,Central,South,2,2021,2021,2021-06-16,0.35678887772334933,0.36047380073693036,0.003684923013581032,-0.025249383376431137,-0.06529058617036443,0.06529058617036443,1.095,NA,NA,NA,35.7,36,0.4,-2.5,6.5,1.09
Benthic Photo (MMP),Daydream Reef (No 1) (20-035a),DAYDREAM ISLAND,20-035a,WH,Southern,_,2,2025,2025,2025-06-04,0.028584680449361424,0.051996940129378055,0.02341225968001663,-0.0036933357181895624,-0.06514936932253489,0.06514936932253489,NA,NA,NA,NA,2.9,5.2,2.3,-0.4,6.5,NA
Benthic Photo (MMP),Shute Reef (20-048),SHUTE ISLAND AND TANCRED ISLAND,20-048,WH,Southern,_,5,2025,2025,2025-07-10,0.2452137203125372,0.2633637023183481,0.018149982005810916,-0.01825187099940282,-0.06458197184654732,0.06458197184654732,NA,NA,NA,NA,24.5,26.3,1.8,-1.8,6.5,NA
Benthic Photo (MMP),Tobias Spit (17-009a),HIGH ISLAND,17-009a,IN,Central,East,5,2024,2024,2024-06-15,0.36068740498006996,0.33300513019556033,-0.02768227478450963,-0.022759981189179216,-0.06379542299088375,0.06379542299088375,6.32,m,NA,clear depth limit to level of mortality,36.1,33.3,-2.8,-2.3,6.4,6.32
Benthic Photo (MMP),Stingaree Reefs (17-053),DUNK ISLAND,17-053,IN,Central,North,2,2024,2024,2024-06-04,0.4806596238854858,0.44005306631645896,-0.04060655756902681,-0.030356097006950244,-0.06439437195692463,0.06439437195692463,3.976666667,b,NA,partial bleaching at time of surveys,48.1,44,-4.1,-3,6.4,3.98
Manta Tow (LTMP),U/N Reef (21-550),REEF 21-550,21-550,SW,Southern,_,9,2018,2017,2017-10-24,0.3385367352993209,0.3858256686423445,0.04728893334302364,-0.02624441930896984,-0.06353502728588539,0.06353502728588539,3.0475,NA,NA,NA,33.9,38.6,4.7,-2.6,6.4,3.05
Benthic Photo (LTMP),U/N Reef (21-591),REEF 21-591,21-591,PO,Southern,_,9,2024,2023,2024-03-19,0.19259009149403097,0.19995291484269695,0.0073628233486659755,-0.013778935220193241,-0.06416810182633688,0.06416810182633688,1.14,b,NA,DHW 8.13 13% bl,19.3,20,0.7,-1.4,6.4,1.14
Benthic Photo (LTMP),U/N Reef (19-131a),REEF 19-131,19-131a,WH,Southern,_,9,1999,1998,1999-03-09,0.34752326903100333,0.34721891955894596,-3.043494720573747e-4,-0.02386269550562776,-0.06413296045677092,0.06413296045677092,0.646666667,b,NA,Bleaching,34.8,34.7,-0,-2.4,6.4,0.65
Benthic Photo (MMP),Dent Reef (No 1) (20-058a),DENT ISLAND,20-058a,WH,Southern,_,5,2023,2023,2023-06-27,0.2607160168252435,0.27591806105767913,0.015202044232435652,-0.019021341167831107,-0.06427444613589021,0.06427444613589021,0.145,NA,NA,NA,26.1,27.6,1.5,-1.9,6.4,0.14
Benthic Photo (LTMP),U/N Reef (19-138),REEF 19-138,19-138,WH,Southern,_,9,1999,1998,1999-03-08,0.1680068168525753,0.19297306312482146,0.024966246272246168,-0.01315219607242809,-0.063498754924444,0.063498754924444,1.22,NA,NA,NA,16.8,19.3,2.5,-1.3,6.3,1.22
Benthic Photo (MMP),Lady Elliot Reef (18-050),LADY ELLIOT REEF,18-050,TO,Central,_,2,2018,2018,2018-06-13,0.17588330967373952,0.22947891837055498,0.053595608696815455,-0.015595665942683065,-0.06337780062174453,0.06337780062174453,0,NA,NA,NA,17.6,22.9,5.4,-1.6,6.3,0
Benthic Photo (LTMP),Turner Reef (21-562),TURNER CAY,21-562,SW,Southern,_,9,2024,2024,2024-05-02,0.08887790813431366,0.12528128336068736,0.0364033752263737,-0.008158025683893379,-0.06068184775621048,0.06068184775621048,8.96,b,NA,NA,8.9,12.5,3.6,-0.8,6.1,8.96
Benthic Photo (LTMP),MacGillivray Reef (14-114),MACGILLIVRAY REEF,14-114,CL,Northern,_,9,2025,2024,2024-09-26,0.16676184000596264,0.1824243300338397,0.015662490027877063,-0.011717219222305217,-0.06004471762661404,0.06004471762661404,5.98,b,NA,DHW 6.03,16.7,18.2,1.6,-1.2,6,5.98
Benthic Photo (LTMP),Snake Reef (14-087),SNAKE REEF,14-087,CL,Northern,_,9,2023,2022,2022-09-09,0.21698047006081578,0.2135346842720574,-0.003445785788758371,-0.013467405393025024,-0.059067026152293645,0.059067026152293645,3.63,NA,NA,NA,21.7,21.4,-0.3,-1.3,5.9,3.63
Manta Tow (LTMP),Dip Reef (18-039),DIP REEF,18-039,TO,Central,_,9,2003,2002,2003-03-18,0.17833363063653218,0.19813597776707526,0.019802347130543074,-0.012444258812991549,-0.058815790237016566,0.058815790237016566,2.955,NA,NA,NA,17.8,19.8,2,-1.2,5.9,2.96
Benthic Photo (MMP),Snapper Reef (16-006),SNAPPER ISLAND,16-006,CA,Central,North,5,2021,2021,2021-06-15,0.21294456749403312,0.23490374859640983,0.021959181102376713,-0.014686476862269225,-0.058607540798477575,0.058607540798477575,1.095,NA,NA,NA,21.3,23.5,2.2,-1.5,5.9,1.09
Benthic Photo (MMP),Havannah Reef (18-065),HAVANNAH ISLAND,18-065,TO,Central,South,2,2024,2024,2024-06-01,0.2898412964040436,0.29295548563088103,0.003114189226837427,-0.017937110926075018,-0.05751053767895207,0.05751053767895207,6.92,NA,NA,NA,29,29.3,0.3,-1.8,5.8,6.92
Benthic Photo (LTMP),U/N Reef (19-131a),REEF 19-131,19-131a,WH,Southern,_,9,2023,2022,2023-01-30,0.4569332932822629,0.43353725981687835,-0.023396033465384547,-0.026704302077519143,-0.05789656501864236,0.05789656501864236,4.84,b,NA,Bleaching Feb Mar 2022,45.7,43.4,-2.3,-2.7,5.8,4.84
Benthic Photo (LTMP),U/N Reef (19-131a),REEF 19-131,19-131a,WH,Southern,_,9,2021,2020,2021-02-10,0.4139151847972261,0.4098636816806612,-0.004051503116564936,-0.02552091535345179,-0.05848262181320019,0.05848262181320019,2.586666667,NA,NA,NA,41.4,41,-0.4,-2.6,5.8,2.59
Manta Tow (LTMP),U/N Reef (20-353),REEF 20-353,20-353,PO,Southern,_,9,2025,2024,2025-01-15,0.5957874377747552,0.483725731601618,-0.11206170617313715,-0.029297523354771246,-0.05699649397624414,0.05699649397624414,8.51,b,NA,DHW 8.51,59.6,48.4,-11.2,-2.9,5.7,8.51
Manta Tow (LTMP),Bowden Reef (19-019),BOWDEN REEF,19-019,CU,Southern,_,9,2023,2022,2023-03-19,0.2715744325933211,0.28031113387851603,0.008736701285194937,-0.01686985736305863,-0.056575898057134456,0.056575898057134456,5.46,NA,NA,NA,27.2,28,0.9,-1.7,5.7,5.46
Manta Tow (LTMP),Kelso Reef (18-030),KELSO REEF,18-030,TO,Central,_,9,2024,2023,2024-02-08,0.34672740544512537,0.2793191849642483,-0.06740822048087708,-0.01690103811789275,-0.05686368828685628,0.05686368828685628,1.6275,m,Kirrily,DHW max 7.03 bleaching at time of survey DHW 5,34.7,27.9,-6.7,-1.7,5.7,1.63
Benthic Photo (MMP),Snapper Reef (16-006),SNAPPER ISLAND,16-006,CA,Central,North,5,2024,2024,2024-06-04,0.3378998441589269,0.3477803556880326,0.00988051152910574,-0.020646572206978228,-0.05588810844034053,0.05588810844034053,6.9,m,Jasper,NA,33.8,34.8,1,-2.1,5.6,6.9
Manta Tow (LTMP),Lady Musgrave Reef (23-082a),LADY MUSGRAVE ISLAND,23-082a,CB,Southern,_,9,2003,2002,2002-09-18,0.5686414068338037,0.54172359264662,-0.026917814187183753,-0.03200715177393346,-0.055690690092111285,0.055690690092111285,6.033333333,NA,NA,NA,56.9,54.2,-2.7,-3.2,5.6,6.03
Benthic Photo (MMP),Jessie-Kent Reef (17-043a),NORTH BARNARD ISLANDS,17-043a,IN,Central,_,2,2021,2021,2021-06-08,0.4778558488742677,0.4151214768776169,-0.06273437199665077,-0.0248693697240387,-0.05639429914631097,0.05639429914631097,0.79,NA,NA,NA,47.8,41.5,-6.3,-2.5,5.6,0.79
Manta Tow (LTMP),Hyde Reef (19-207),HYDE REEF,19-207,WH,Southern,_,9,2025,2024,2025-01-21,0.44223878365323005,0.4164272899503213,-0.02581149370290875,-0.024151706846899202,-0.05469396647501787,0.05469396647501787,9.893333333,NA,NA,NA,44.2,41.6,-2.6,-2.4,5.5,9.89
Benthic Photo (LTMP),Rebe Reef (19-209),REBE REEF,19-209,WH,Southern,_,9,2023,2022,2023-02-01,0.368710670183207,0.34370121589495445,-0.025009454288252575,-0.019780945553235757,-0.05427136810932116,0.05427136810932116,5.8075,b,NA,Aerial bl 4,36.9,34.4,-2.5,-2,5.4,5.81
Benthic Photo (LTMP),John Brewer Reef (18-075),JOHN BREWER REEF,18-075,TO,Central,_,9,2021,2020,2021-03-25,0.0903045785350731,0.12624871747766514,0.03594413894259205,-0.007232864243826555,-0.05378330735881478,0.05378330735881478,4.22,NA,NA,NA,9,12.6,3.6,-0.7,5.4,4.22
Benthic Photo (LTMP),Hayman Island Reef (20-014),HAYMAN ISLAND,20-014,WH,Southern,_,9,2003,2002,2002-11-24,0.4524667997695788,0.4284867913309508,-0.02398000843862802,-0.024165596564245308,-0.05326897247552481,0.05326897247552481,2.103333333,b,NA,DHW,45.2,42.8,-2.4,-2.4,5.3,2.1
Benthic Photo (LTMP),Pompey Reef (No 2) (20-351b),POMPEY REEF NO.2,20-351b,PO,Southern,_,9,2024,2023,2024-03-21,0.22800664244556326,0.23601995395034991,0.008013311504786652,-0.013154155091942225,-0.052580001752773324,0.052580001752773324,0.81,b,NA,DHW 8.63 peak bleaching,22.8,23.6,0.8,-1.3,5.3,0.81
Benthic Photo (LTMP),McSweeney Reef (11-016),MCSWEENEY REEF,11-016,CG,Northern,_,9,2021,2020,2020-12-13,0.08378462598709333,0.10885354666969514,0.025068920682601817,-0.006016766885187173,-0.051926733436665075,0.051926733436665075,9.99,NA,NA,NA,8.4,10.9,2.5,-0.6,5.2,9.99
Benthic Photo (LTMP),Pompey Reef (No 1) (20-351a),POMPEY REEF NO.1,20-351a,PO,Southern,_,9,2024,2023,2024-03-23,0.2534652087699229,0.2705389010800665,0.017073692310143607,-0.014797054319354082,-0.051677248491944106,0.051677248491944106,0.813333333,b,NA,DHW 8.65 peak bleaching,25.3,27.1,1.7,-1.5,5.2,0.81
Benthic Photo (MMP),Tobias Spit (17-009a),HIGH ISLAND,17-009a,IN,Central,East,2,2023,2023,2023-08-18,0.38656248513151364,0.3552809499113012,-0.03128153522021243,-0.019598324617770186,-0.052139944779675276,0.052139944779675276,0.3,m,NA,"possible storm from gale-force winds, jumbled corals",38.7,35.5,-3.1,-2,5.2,0.3
Benthic Photo (MMP),Fitzroy Island Reef (No 1) (16-054a),FITZROY ISLAND,16-054a,CA,Central,East,2,2018,2018,2018-06-03,0.26571021110021353,0.27426827628471007,0.008558065184496533,-0.014958486840206266,-0.051540687285851684,0.051540687285851684,0.16,b,NA,NA,26.6,27.4,0.9,-1.5,5.2,0.16
Manta Tow (LTMP),East Cay Reef (21-305),EAST CAY,21-305,SW,Southern,_,9,2017,2016,2017-01-24,0.3060918340269151,0.3237029370129119,0.01761110298599683,-0.017751688339548717,-0.051836614328915405,0.051836614328915405,0,NA,NA,NA,30.6,32.4,1.8,-1.8,5.2,0
Benthic Photo (LTMP),Mast Head Reef (23-069),MASTHEAD ISLAND,23-069,CB,Southern,_,9,2025,2024,2024-11-12,0.4000561441690104,0.3192660575734749,-0.08079008659553549,-0.017054515391108804,-0.05055877630357105,0.05055877630357105,11.05,b,NA,decline in hc,40,31.9,-8.1,-1.7,5.1,11.05
Benthic Photo (MMP),Daydream Reef (No 1) (20-035a),DAYDREAM ISLAND,20-035a,WH,Southern,_,5,2024,2024,2024-07-19,0.0619788555082298,0.09473073391177349,0.03275187840354369,-0.005093757405525673,-0.05052103252864814,0.05052103252864814,8.5,NA,NA,NA,6.2,9.5,3.3,-0.5,5.1,8.5
Manta Tow (LTMP),Hardy Reef (19-135),HARDY REEF,19-135,WH,Southern,_,9,2023,2022,2023-01-28,0.35239193833274607,0.3512567517465581,-0.0011351865861879418,-0.018479928211541364,-0.04984650618770702,0.04984650618770702,5.53,NA,NA,NA,35.2,35.1,-0.1,-1.8,5,5.53
Benthic Photo (MMP),Snapper Reef (16-006),SNAPPER ISLAND,16-006,CA,Central,South,5,2017,2017,2017-09-05,0.4145597650008706,0.41615159787341005,0.0015918328725394448,-0.0216187635786885,-0.04927124864847705,0.04927124864847705,11.6775,b,NA,NA,41.5,41.6,0.2,-2.2,4.9,11.68
Manta Tow (LTMP),McSweeney Reef (11-016),MCSWEENEY REEF,11-016,CG,Northern,_,9,2023,2022,2022-11-24,0.10779837527143737,0.13351880144784073,0.025720426176403355,-0.006987239633752182,-0.04937767730865506,0.04937767730865506,6.765,NA,NA,NA,10.8,13.4,2.6,-0.7,4.9,6.76
Benthic Photo (LTMP),Corbett Reef (14-016),CORBETT REEF,14-016,PB,Unknown,_,9,2024,2023,2023-11-22,0.21619809240431415,0.21731972604234384,0.0011216336380296954,-0.011182981214508215,-0.048727012191592936,0.048727012191592936,2.25125,NA,NA,NA,21.6,21.7,0.1,-1.1,4.9,2.25
Benthic Photo (MMP),Double Cone Reef (20-024),DOUBLE CONE ISLAND,20-024,WH,Southern,_,2,2025,2025,2025-07-09,0.02259407516482427,0.044450252712620826,0.021856177547796556,-0.002189627286851202,-0.045962065539952426,0.045962065539952426,NA,NA,NA,NA,2.3,4.4,2.2,-0.2,4.6,NA
Benthic Photo (MMP),Fitzroy Island Reef (No 1) (16-054a),FITZROY ISLAND,16-054a,CA,Central,West,5,2024,2024,2024-06-16,0.3867415894390473,0.3558196985098748,-0.03092189092917247,-0.016506128882422165,-0.04421373414670625,0.04421373414670625,7.74,b,NA,partial bleaching during bleaching surveys Feb24,38.7,35.6,-3.1,-1.7,4.4,7.74
Benthic Photo (LTMP),U/N Reef (11-049),REEF 11-049,11-049,CG,Northern,_,9,2023,2022,2022-12-05,0.19528219082275924,0.21591165879027513,0.020629467967515885,-0.010015098433367457,-0.04413361630817868,0.04413361630817868,5.77,NA,NA,NA,19.5,21.6,2.1,-1,4.4,5.77
Benthic Photo (MMP),Dent Reef (No 1) (20-058a),DENT ISLAND,20-058a,WH,Southern,_,5,2024,2024,2024-07-17,0.27591806105767913,0.29465893323351483,0.0187408721758357,-0.013158208851582302,-0.04260841468430029,0.04260841468430029,8.755,NA,NA,NA,27.6,29.5,1.9,-1.3,4.3,8.76
Benthic Photo (LTMP),Low Islands Reef (16-028),LOW ISLES,16-028,CA,Central,_,9,2023,2022,2023-03-01,0.351152015296988,0.3487961132973414,-0.0023559019996465813,-0.015884853201194492,-0.043439103088396845,0.043439103088396845,4.33,NA,NA,NA,35.1,34.9,-0.2,-1.6,4.3,4.33
Manta Tow (LTMP),Thetford Reef (16-068),THETFORD REEF,16-068,CA,Central,_,9,1999,1998,1999-02-07,0.2771728215703468,0.2739035066768993,-0.003269314893447506,-0.012285959730436486,-0.04277998035279842,0.04277998035279842,0.1,NA,NA,NA,27.7,27.4,-0.3,-1.2,4.3,0.1
Manta Tow (LTMP),Hyde Reef (19-207),HYDE REEF,19-207,WH,Southern,_,9,2017,2016,2017-02-20,0.135095618089769,0.24509803509563846,0.11000241700586946,-0.010766064486027724,-0.041913465149709686,0.041913465149709686,2.756666667,NA,NA,NA,13.5,24.5,11,-1.1,4.2,2.76
Manta Tow (LTMP),Chicken Reef (18-086),CHICKEN REEF,18-086,TO,Central,_,9,2023,2023,2023-05-07,0.3468469414063891,0.3286041433038313,-0.0182427981025578,-0.014306777287707803,-0.04160024131568615,0.04160024131568615,0.846666667,b,NA,"51% bleaching on scuba in 2022, DHW 5",34.7,32.9,-1.8,-1.4,4.2,0.85
Manta Tow (LTMP),Carter Reef (14-137),CARTER REEF,14-137,CL,Northern,_,9,2023,2022,2022-10-24,0.27333834081647773,0.2894906925732877,0.016152351756809957,-0.012521519157290738,-0.04132348028410213,0.04132348028410213,4.64,NA,NA,NA,27.3,28.9,1.6,-1.3,4.1,4.64
Benthic Photo (LTMP),Chicken Reef (18-086),CHICKEN REEF,18-086,TO,Central,_,9,2024,2023,2024-02-09,0.48222970643224033,0.4221760679717542,-0.060053638460486114,-0.01805468936236105,-0.04091892748240443,0.04091892748240443,0.846666667,m,Kirrily,NA,48.2,42.2,-6,-1.8,4.1,0.85
Manta Tow (LTMP),Lagoon Reef (12-061),LAGOON REEF,12-061,CG,Northern,_,9,2021,2020,2020-12-09,0.38998293966808467,0.3782787944084808,-0.011704145259603893,-0.015350066854130307,-0.03889747649226142,0.03889747649226142,4.646666667,NA,NA,NA,39,37.8,-1.2,-1.5,3.9,4.65
Manta Tow (LTMP),Lizard Island Reef (North West) (14-116a),LIZARD ISLES,14-116a,CL,Northern,_,9,1999,1998,1998-10-18,0.07907881758964938,0.10581803693628163,0.026739219346632245,-0.004140449781961375,-0.03731530506968091,0.03731530506968091,1.1675,NA,NA,NA,7.9,10.6,2.7,-0.4,3.7,1.17
Manta Tow (LTMP),Hardy Reef (19-135),HARDY REEF,19-135,WH,Southern,_,9,1999,1999,1999-05-31,0.2409880859573371,0.2624097277490244,0.02142164179168729,-0.009902682732299814,-0.03623210052869691,0.03623210052869691,0.16,NA,NA,NA,24.1,26.2,2.1,-1,3.6,0.16
Benthic Photo (MMP),North Keppel (Ko-no-mie) Island Reef (No 2) (23-004b),NORTH KEPPEL ISLAND,23-004b,CB,Southern,_,2,2017,2017,2017-05-15,0.28250146521153524,0.342586275465311,0.06008481025377577,-0.012339223054644882,-0.03466799402109442,0.03466799402109442,4.445,NA,NA,NA,28.3,34.3,6,-1.2,3.5,4.44
Manta Tow (LTMP),Green Island Reef (16-049),GREEN ISLAND,16-049,CA,Central,_,9,2023,2022,2023-03-03,0.16394949444706505,0.17582358021674122,0.011874085769676163,-0.006480213375245684,-0.03535231458258792,0.03535231458258792,4.28,NA,NA,NA,16.4,17.6,1.2,-0.6,3.5,4.28
Benthic Photo (MMP),Richards (Bedarra) Reef (18-001),BEDARRA ISLAND,18-001,IN,Central,_,2,2021,2021,2021-06-08,0.09075551192133327,0.12107490068132049,0.030319388759987215,-0.004384384373351612,-0.034670323902717876,0.034670323902717876,1.58,NA,NA,NA,9.1,12.1,3,-0.4,3.5,1.58
Benthic Photo (MMP),Tobias Spit (17-009a),HIGH ISLAND,17-009a,IN,Central,West,2,2017,2017,2017-06-25,0.5721893668549218,0.4870906338198634,-0.08509873303505844,-0.0170431946978844,-0.0337399590676703,0.0337399590676703,11.03,m,NA,NA,57.2,48.7,-8.5,-1.7,3.4,11.03
Manta Tow (LTMP),U/N Reef (21-245),REEF 21-245,21-245,SW,Southern,_,9,2024,2024,2024-05-05,0.42713993183629156,0.39864326854235227,-0.028496663293939295,-0.013591980991131965,-0.032891630146451516,0.032891630146451516,6.355,b,NA,DHW 6.56 0.03 COTS per tow,42.7,39.9,-2.8,-1.4,3.3,6.36
Benthic Photo (LTMP),Lagoon Reef (12-061),LAGOON REEF,12-061,CG,Northern,_,9,2024,2023,2023-12-02,0.3215283040256892,0.32829276929333295,0.006764465267643738,-0.011402202779786555,-0.03346748180756665,0.03346748180756665,1.793333333,NA,NA,NA,32.2,32.8,0.7,-1.1,3.3,1.79
Manta Tow (LTMP),No Name Reef (14-139),NO NAME REEF,14-139,CL,Northern,_,9,2025,2024,2024-09-24,0.2124716767376835,0.2434920168887576,0.031020340151074105,-0.008169241621558812,-0.03233278291149355,0.03233278291149355,7.905,b,NA,DHW 7.98 aerial bl 1,21.2,24.3,3.1,-0.8,3.2,7.9
Benthic Photo (LTMP),Feather Reef (17-034),FEATHER REEF,17-034,IN,Central,_,9,2024,2023,2023-09-10,0.3421818114578344,0.32859426121616114,-0.01358755024167324,-0.010523388929369033,-0.03094043759524466,0.03094043759524466,0.93,NA,NA,NA,34.2,32.9,-1.4,-1.1,3.1,0.93
Benthic Photo (LTMP),Horseshoe Reef (No 1) (22-104a),HORSESHOE REEF,22-104a,SW,Southern,_,9,2017,2016,2017-01-22,0.49334200841516773,0.49755520501754247,0.004213196602374736,-0.01599709081264932,-0.031089339105637857,0.031089339105637857,0.43,NA,NA,NA,49.3,49.8,0.4,-1.6,3.1,0.43
Manta Tow (LTMP),Linnet Reef (14-126),LINNET REEF,14-126,CL,Northern,_,9,2003,2002,2002-08-02,0.2830801564712335,0.28097921967027883,-0.002100936800954689,-0.008674916969289553,-0.02984618443620178,0.02984618443620178,2.935,NA,NA,NA,28.3,28.1,-0.2,-0.9,3,2.94
Benthic Photo (MMP),Havannah Reef (18-065),HAVANNAH ISLAND,18-065,TO,Central,South,2,2023,2022,2023-04-30,0.27437408589903456,0.2898412964040436,0.015467210505009044,-0.00829708902434325,-0.02773662434682612,0.02773662434682612,7.62,b,NA,NA,27.4,29,1.5,-0.8,2.8,7.62
Benthic Photo (MMP),Havannah Reef (18-065),HAVANNAH ISLAND,18-065,TO,Central,South,5,2024,2024,2024-06-01,0.3493907363963273,0.348397625979395,-9.931104169322857e-4,-0.01019121483774656,-0.028341298952958907,0.028341298952958907,6.92,NA,NA,NA,34.9,34.8,-0.1,-1,2.8,6.92
Benthic Photo (LTMP),Davies Reef (18-096),DAVIES REEF,18-096,TO,Central,_,9,2017,2017,2017-05-08,0.2560552114639824,0.29378132722690076,0.037726115762918344,-0.008375148179241829,-0.027626486183485066,0.027626486183485066,4.61,NA,NA,NA,25.6,29.4,3.8,-0.8,2.8,4.61
Benthic Photo (LTMP),Erskine Reef (23-068),ERSKINE ISLAND,23-068,CB,Southern,_,9,2023,2022,2022-08-28,0.3722891432714571,0.36866430156275704,-0.0036248417087000884,-0.01013842587729809,-0.026693925937902208,0.026693925937902208,0.295,NA,NA,NA,37.2,36.9,-0.4,-1,2.7,0.3
Manta Tow (LTMP),Davies Reef (18-096),DAVIES REEF,18-096,TO,Central,_,9,2017,2017,2017-05-12,0.20878491468435276,0.2622024273317084,0.05341751264735564,-0.007106255074154709,-0.02628940739493084,0.02628940739493084,4.61,NA,NA,NA,20.9,26.2,5.3,-0.7,2.6,4.61
Benthic Photo (MMP),Magnetic Island Reef (No 2) (19-009c),GEOFFREY BAY,19-009c,TO,Central,_,5,2025,2025,2025-05-20,0.22389189234197865,0.22415752884091916,2.6563649894051355e-4,-0.006071970265378855,-0.02625949668553112,0.02625949668553112,NA,NA,NA,NA,22.4,22.4,0,-0.6,2.6,NA
Benthic Photo (MMP),Tobias Spit (17-009a),HIGH ISLAND,17-009a,IN,Central,West,2,2023,2023,2023-08-17,0.5282902601409621,0.4636944779061943,-0.06459578223476786,-0.0109400714883515,-0.023001002560216775,0.023001002560216775,0.3,m,NA,"possible storm from gale-force winds, jumbled corals",52.8,46.4,-6.5,-1.1,2.3,0.3
Manta Tow (LTMP),U/N Reef (20-348),REEF 20-348,20-348,PO,Southern,_,9,2023,2022,2023-02-17,0.2746771328069593,0.2718157702712433,-0.0028613625357160055,-0.006063046483298416,-0.021740792484195286,0.021740792484195286,2.385,NA,NA,NA,27.5,27.2,-0.3,-0.6,2.2,2.38
Benthic Photo (LTMP),Myrmidon Reef (18-034),MYRMIDON REEF,18-034,TO,Central,_,9,2021,2020,2021-03-27,0.34000027391479803,0.3516218763064501,0.011621602391652053,-0.007518897376545704,-0.02087766208655955,0.02087766208655955,8.3,NA,NA,NA,34,35.2,1.2,-0.8,2.1,8.3
Manta Tow (LTMP),Lizard Island Reef (North West) (14-116a),LIZARD ISLES,14-116a,CL,Northern,_,9,2021,2020,2020-10-21,0.06911578071158603,0.12774220447063606,0.05862642375905003,-0.0027497793597909548,-0.020912144449330764,0.020912144449330764,5.965,NA,NA,NA,6.9,12.8,5.9,-0.3,2.1,5.96
Benthic Photo (LTMP),No Name Reef (14-139),NO NAME REEF,14-139,CL,Northern,_,9,2023,2022,2022-10-21,0.29850797723535266,0.3168850208218846,0.018377043586531916,-0.006841785335860842,-0.021069358014555926,0.021069358014555926,4.405,NA,NA,NA,29.9,31.7,1.8,-0.7,2.1,4.4
Manta Tow (LTMP),Chinaman Reef (22-102),CHINAMAN REEF (22-102),22-102,SW,Southern,_,9,2021,2020,2020-09-07,0.10468208108865018,0.1517055669333113,0.04702348584466112,-0.0031658611098374506,-0.0203107211474387,0.0203107211474387,6.56,NA,NA,NA,10.5,15.2,4.7,-0.3,2,6.56
Benthic Photo (MMP),Magnetic Island Reef (No 2) (19-009c),GEOFFREY BAY,19-009c,TO,Central,_,2,2023,2023,2023-05-29,0.27007254190543517,0.2701302451098475,5.770320441234045e-5,-0.005635913156322964,-0.020363447581993807,0.020363447581993807,3.02,NA,NA,NA,27,27,0,-0.6,2,3.02
Benthic Photo (LTMP),U/N Reef (21-302),REEF 21-302,21-302,SW,Southern,_,9,2018,2017,2018-01-22,0.29973448987103707,0.29118419447812055,-0.008550295392916518,-0.005865256957325209,-0.01967880473886918,0.01967880473886918,2.11,NA,NA,NA,30,29.1,-0.9,-0.6,2,2.11
Benthic Photo (MMP),Jessie-Kent Reef (17-043a),NORTH BARNARD ISLANDS,17-043a,IN,Central,_,5,2018,2018,2018-06-21,0.33377709229415464,0.32869950379527213,-0.005077588498882513,-0.006826928982255005,-0.020286456923781053,0.020286456923781053,0.14,NA,NA,NA,33.4,32.9,-0.5,-0.7,2,0.14
Manta Tow (LTMP),Moore Reef (16-071),MOORE REEF,16-071,IN,Central,_,9,2021,2020,2021-01-24,0.10524028202668174,0.1320565484042399,0.026816266377558143,-0.0025135879227269134,-0.018540867412456277,0.018540867412456277,5.63,NA,NA,NA,10.5,13.2,2.7,-0.3,1.9,5.63
Manta Tow (LTMP),Myrmidon Reef (18-034),MYRMIDON REEF,18-034,TO,Central,_,9,2024,2024,2024-06-05,0.4956128764543216,0.46454341268106875,-0.03106946377325287,-0.008361824526612983,-0.017644507530412752,0.017644507530412752,8.73,m,NA,DHW 8.73,49.6,46.5,-3.1,-0.8,1.8,8.73
Benthic Photo (MMP),Havannah Reef (18-065),HAVANNAH ISLAND,18-065,TO,Central,South,5,2023,2022,2023-04-30,0.34581651181221046,0.3493907363963273,0.003574224584116825,-0.006392699550573661,-0.01791759063479917,0.01791759063479917,7.62,b,NA,NA,34.6,34.9,0.4,-0.6,1.8,7.62
Manta Tow (LTMP),Creech Reef (North) (13-118a),CREECH REEF NORTH,13-118a,PB,Unknown,_,9,2021,2020,2020-12-17,0.3967609839208352,0.3979732078801178,0.00121222395928261,-0.007391569159542855,-0.018189492734557177,0.018189492734557177,7.425,b,NA,DHW 7.5 in 2020,39.7,39.8,0.1,-0.7,1.8,7.42
Benthic Photo (MMP),Middle (Ba-la-ba) Island Reef (23-010),MIDDLE ISLAND,23-010,CB,Southern,_,5,2021,2021,2021-05-06,0.2094740618780274,0.22066816801972466,0.011194106141697274,-0.004068684175865828,-0.018024013962684757,0.018024013962684757,0,b,NA,bleaching at time of previous survey,20.9,22.1,1.1,-0.4,1.8,0
Benthic Photo (LTMP),U/N Reef (13-124),REEF 13-124,13-124,PB,Unknown,_,9,2023,2022,2022-12-11,0.29979917638459785,0.2972918871717613,-0.00250728921283655,-0.005104054695836335,-0.01682308162863876,0.01682308162863876,5.89,NA,NA,NA,30,29.7,-0.3,-0.5,1.7,5.89
Benthic Photo (LTMP),St Crispin Reef (16-019),ST. CRISPIN REEF,16-019,CA,Central,_,9,2003,2002,2002-10-27,0.22437106289076097,0.2373272492469195,0.012956186356158528,-0.00416688039322043,-0.01718342790154986,0.01718342790154986,2.745,NA,NA,NA,22.4,23.7,1.3,-0.4,1.7,2.74
Manta Tow (LTMP),U/N Reef (19-131a),REEF 19-131,19-131a,WH,Southern,_,9,2017,2016,2017-02-26,0.17430457332613022,0.250466244384191,0.07616167105806079,-0.004453072871835023,-0.01740029990538031,0.01740029990538031,1.483333333,NA,NA,NA,17.4,25,7.6,-0.4,1.7,1.48
Manta Tow (LTMP),Slate Reef (19-159),SLATE REEF,19-159,WH,Southern,_,9,2024,2024,2024-05-12,0.6189962599768563,0.5283413420729094,-0.09065491790394686,-0.008599083725920081,-0.01598519708413926,0.01598519708413926,8.61,b,NA,DHW 8.61,61.9,52.8,-9.1,-0.9,1.6,8.61
Manta Tow (LTMP),No Name Reef (14-139),NO NAME REEF,14-139,CL,Northern,_,9,2021,2020,2020-10-26,0.14083316319410652,0.18268052192047293,0.04184735872636641,-0.0029020113330345057,-0.015553499475171012,0.015553499475171012,8.185,NA,NA,NA,14.1,18.3,4.2,-0.3,1.6,8.19
Benthic Photo (MMP),Snapper Reef (16-006),SNAPPER ISLAND,16-006,CA,Central,North,5,2025,2025,2025-07-17,0.3477803556880326,0.37200010174626674,0.024219746058234126,-0.005492548719949777,-0.01451163903231466,0.01451163903231466,NA,NA,NA,NA,34.8,37.2,2.4,-0.5,1.5,NA
Benthic Photo (LTMP),Border Island Reef (No 1) (20-067a),BORDER ISLAND,20-067a,WH,Southern,_,9,2023,2022,2023-02-10,0.16255069723460983,0.17801938104061266,0.015468683806002831,-0.002345830659701141,-0.012934292291828103,0.012934292291828103,4.51,NA,NA,NA,16.3,17.8,1.5,-0.2,1.3,4.51
Benthic Photo (LTMP),Pandora Reef (18-051),PANDORA REEF,18-051,TO,Central,North,9,2017,2016,2017-04-25,0.36825483678239607,0.3723360561484397,0.004081219366043609,-0.004837534959670424,-0.012791837064813702,0.012791837064813702,4.05,b,NA,NA,36.8,37.2,0.4,-0.5,1.3,4.05
Benthic Photo (LTMP),Slate Reef (19-159),SLATE REEF,19-159,WH,Southern,_,9,2023,2022,2023-01-31,0.500384492419732,0.4609423548222777,-0.03944213759745435,-0.005509751239499795,-0.011786771667195436,0.011786771667195436,5.63,b,NA,Bleaching 4 from aerial survey in Mar 2022,50,46.1,-3.9,-0.6,1.2,5.63
Benthic Photo (LTMP),Kelso Reef (18-030),KELSO REEF,18-030,TO,Central,_,9,2023,2022,2023-03-14,0.1952648378937214,0.19454979820977894,-7.150396839424589e-4,-0.002470246538968007,-0.012474729728004662,0.012474729728004662,5.2625,b,NA,DHW 5,19.5,19.5,-0.1,-0.2,1.2,5.26
Manta Tow (LTMP),Taylor Reef (17-064),TAYLOR REEF,17-064,IN,Central,_,9,2025,2024,2024-08-25,0.17051530949802596,0.17297184814561284,0.002456538647586881,-0.002098892835790225,-0.011920736086479661,0.011920736086479661,4.6,b,NA,Aerial bl 1 2024 DHW 4.6,17.1,17.3,0.2,-0.2,1.2,4.6
Manta Tow (LTMP),U/N Reef (11-049),REEF 11-049,11-049,CG,Northern,_,9,2021,2020,2020-12-11,0.051343880345300526,0.0768259462299626,0.02548206588466207,-8.354999346326213e-4,-0.010621466746039459,0.010621466746039459,10.32,NA,NA,NA,5.1,7.7,2.5,-0.1,1.1,10.32
Benthic Photo (LTMP),Dip Reef (18-039),DIP REEF,18-039,TO,Central,_,9,2025,2024,2025-04-04,0.24049936740079766,0.2536891669876679,0.013189799586870249,-0.002796719047936047,-0.01086164018927752,0.01086164018927752,7.715,NA,NA,NA,24,25.4,1.3,-0.3,1.1,7.72
Benthic Photo (MMP),Stingaree Reefs (17-053),DUNK ISLAND,17-053,IN,Central,North,2,2017,2017,2017-08-07,0.1581818364982012,0.16458743413196203,0.0064055976337608345,-0.001842169117227609,-0.011002648763885934,0.011002648763885934,7.55,b,NA,NA,15.8,16.5,0.6,-0.2,1.1,7.55
Benthic Photo (LTMP),Thetford Reef (16-068),THETFORD REEF,16-068,CA,Central,_,9,2023,2022,2023-03-04,0.2056648669248214,0.22498665852979421,0.019321791604972827,-0.0025080967415532576,-0.010976605299210407,0.010976605299210407,4.72,NA,NA,NA,20.6,22.5,1.9,-0.3,1.1,4.72
Benthic Photo (LTMP),Kelso Reef (18-030),KELSO REEF,18-030,TO,Central,_,9,2025,2024,2025-04-07,0.17043083147705607,0.1772180451882303,0.006787213711174245,-0.001658470321022721,-0.009220049189453013,0.009220049189453013,6.675,b,NA,Aerial bl 4 2024 DHW6.56 2025 6.48 2024,17,17.7,0.7,-0.2,0.9,6.68
Manta Tow (LTMP),Low Islands Reef (16-028),LOW ISLES,16-028,CA,Central,_,9,2023,2022,2023-03-01,0.3877109804880718,0.39579560633553584,0.008084625847464055,-0.0036487825634366807,-0.009111833414544924,0.009111833414544924,4.33,NA,NA,NA,38.8,39.6,0.8,-0.4,0.9,4.33
Benthic Photo (MMP),Jessie-Kent Reef (17-043a),NORTH BARNARD ISLANDS,17-043a,IN,Central,_,2,2024,2024,2024-06-04,0.5529089644022366,0.48735630642129707,-0.06555265798093951,-0.0038922776192903755,-0.007907138274204655,0.007907138274204655,4.97,NA,NA,NA,55.3,48.7,-6.6,-0.4,0.8,4.97
Benthic Photo (MMP),Hook Island Reef (No 4) (20-028d),HOOK ISLAND,20-028d,WH,Southern,_,2,2021,2021,2021-06-15,0.04208315714371423,0.05351633947320049,0.011433182329486258,-4.585624241307401e-4,-0.0083413050010918,0.0083413050010918,0,NA,NA,NA,4.2,5.4,1.1,-0,0.8,0
Manta Tow (LTMP),Taylor Reef (17-064),TAYLOR REEF,17-064,IN,Central,_,9,2023,2022,2023-03-10,0.17976974148809752,0.1807494445042074,9.797030161098896e-4,-0.0012933684197769658,-0.007065933915220628,0.007065933915220628,5.38,b,NA,DHW 5.2 in 2022,18,18.1,0.1,-0.1,0.7,5.38
Benthic Photo (LTMP),Martin Reef (14-123),MARTIN REEF,14-123,CL,Northern,_,9,1999,1998,1998-10-19,0.2290454704022277,0.2406084536267856,0.011562983224557899,-0.0017165168830197766,-0.007054421416032209,0.007054421416032209,1.39,NA,NA,NA,22.9,24.1,1.2,-0.2,0.7,1.39
Benthic Photo (MMP),Humpy (Bur-ye-Bur-ye) Reef (23-016),HUMPY ISLAND AND HALFWAY ISLAND,23-016,CB,Southern,_,5,2023,2023,2023-05-19,0.26172642996224016,0.27456883183503955,0.012842401872799392,-0.0019036730043719748,-0.00686076267439087,0.00686076267439087,0.46,NA,NA,NA,26.2,27.5,1.3,-0.2,0.7,0.46
Manta Tow (LTMP),U/N Reef (19-131a),REEF 19-131,19-131a,WH,Southern,_,9,2024,2024,2024-05-09,0.256479474775485,0.29052989579115857,0.03405042101567357,-0.0016677007324297916,-0.00568797545479068,0.00568797545479068,5.61,NA,NA,NA,25.6,29.1,3.4,-0.2,0.6,5.61
Benthic Photo (MMP),Havannah Reef (18-065),HAVANNAH ISLAND,18-065,TO,Central,South,5,2021,2021,2021-05-13,0.28744217986349546,0.30705649127723844,0.01961431141374298,-0.0018685406897828508,-0.006029008621612983,0.006029008621612983,1.78,b,NA,bleaching at time of previous survey,28.7,30.7,2,-0.2,0.6,1.78
Benthic Photo (MMP),Snapper Reef (16-006),SNAPPER ISLAND,16-006,CA,Central,South,5,2018,2018,2018-07-29,0.41615159787341005,0.43659540833923843,0.020443810465828383,-0.0025922806056602014,-0.005889034770312932,0.005889034770312932,0.2275,NA,NA,NA,41.6,43.7,2,-0.3,0.6,0.23
Benthic Photo (LTMP),Lagoon Reef (12-061),LAGOON REEF,12-061,CG,Northern,_,9,2023,2022,2022-12-02,0.3012948558892937,0.3215283040256892,0.020233448136395493,-0.0017217855494811203,-0.00531005419840281,0.00531005419840281,7.52,NA,NA,NA,30.1,32.2,2,-0.2,0.5,7.52
Benthic Photo (LTMP),Hyde Reef (19-207),HYDE REEF,19-207,WH,Southern,_,9,2023,2022,2023-02-02,0.3814819891518439,0.3972470019737009,0.015765012821856994,-0.00148090908644807,-0.0037047927989827824,0.0037047927989827824,5.753333333,b,NA,Bleaching 4 from aerial survey in Mar 2022,38.1,39.7,1.6,-0.1,0.4,5.75
Manta Tow (LTMP),Ashmore Banks (No 3) (11-237c),ASHMORE BANKS C,11-237c,CG,Northern,_,9,2025,2024,2024-12-11,0.6776834549192192,0.5605393950080491,-0.11714405991117016,-0.0015975723360207583,-0.0028369161121767753,0.0028369161121767753,3.885,NA,NA,NA,67.8,56.1,-11.7,-0.2,0.3,3.88
Manta Tow (LTMP),U/N Reef (21-139),REEF 21-139,21-139,SW,Southern,_,9,2024,2023,2024-03-14,0.6226561527522375,0.5779862545901678,-0.04466989816206968,-0.0015418997583242222,-0.002656029249872724,0.002656029249872724,0.29,b,NA,DHW 8.6,62.3,57.8,-4.5,-0.2,0.3,0.29
Benthic Photo (MMP),Pine Island Reef (20-061),PINE ISLAND,20-061,WH,Southern,_,5,2024,2024,2024-07-18,0.1528425783149248,0.19674296762583346,0.04390038931090867,-4.2730803535426937e-4,-0.002156267048267315,0.002156267048267315,9.17,NA,NA,NA,15.3,19.7,4.4,-0,0.2,9.17
Manta Tow (LTMP),Davie Reef (13-130),DAVIE REEF,13-130,PB,Unknown,_,9,2024,2023,2023-11-21,0.35534444218966227,0.3531554979789382,-0.0021889442107240753,-7.302790807215032e-4,-0.0020577862735782063,0.0020577862735782063,1.845,NA,NA,NA,35.5,35.3,-0.2,-0.1,0.2,1.84
Benthic Photo (MMP),Stingaree Reefs (17-053),DUNK ISLAND,17-053,IN,Central,South,5,2017,2017,2017-05-02,0.32170549848754404,0.3228502984498555,0.0011447999623114824,-3.364179894088993e-4,-0.0010377290997730512,0.0010377290997730512,7.55,b,NA,NA,32.2,32.3,0.1,-0,0.1,7.55
Manta Tow (LTMP),Green Island Reef (16-049),GREEN ISLAND,16-049,CA,Central,_,9,2017,2016,2016-09-09,0.08064207633580285,0.12456595379506087,0.04392387745925802,-1.3709564653423267e-4,-0.0010906310319697603,0.0010906310319697603,3.95,NA,NA,NA,8.1,12.5,4.4,-0,0.1,3.95
Benthic Photo (MMP),Snapper Reef (16-006),SNAPPER ISLAND,16-006,CA,Central,South,2,2017,2017,2017-09-05,0.40471774967923596,0.433355274230269,0.028637524551033022,0.004367067734880051,0.010156250029445592,0,11.6775,b,NA,NA,40.5,43.3,2.9,0.4,0,11.68
Manta Tow (LTMP),Mantis Reef (12-056),MANTIS REEF,12-056,CG,Northern,_,9,2023,2022,2022-12-04,0.33703276595027076,0.39840345739747257,0.06137069144720181,0.039515401266147464,0.10979914613150728,0,11.08,NA,NA,NA,33.7,39.8,6.1,4,0,11.08
Benthic Photo (MMP),Tobias Spit (17-009a),HIGH ISLAND,17-009a,IN,Central,East,5,2017,2017,2017-06-25,0.44233513933210683,0.4175374849762033,-0.02479765435590353,0.0024836253840558563,0.005969480457387233,0,11.03,m,NA,NA,44.2,41.8,-2.5,0.2,0,11.03
Benthic Photo (LTMP),U/N Reef (11-049),REEF 11-049,11-049,CG,Northern,_,9,2021,2020,2020-12-11,0.14599440678948103,0.23822889383096732,0.09223448704148629,0.05917300359767257,0.3286368667029072,0,10.32,NA,NA,NA,14.6,23.8,9.2,5.9,0,10.32
Manta Tow (LTMP),Middle Banks (11-222a),MIDDLE BANKS 3,11-222a,CG,Northern,_,9,2021,2020,2020-12-10,0.6038961932335057,0.7185359237714799,0.11463973053797416,0.16149279505308078,0.28939124369108327,0,10.23142857,b,NA,DHW 9.9,60.4,71.9,11.5,16.1,0,10.23
Manta Tow (LTMP),Rebe Reef (19-209),REBE REEF,19-209,WH,Southern,_,9,2025,2024,2025-01-20,0.46618035867601393,0.5092197617855989,0.043039403109584984,0.08027448936999046,0.1867086220508381,0,10.2025,b,NA,Aerial bl 4,46.6,50.9,4.3,8,0,10.2
Manta Tow (LTMP),U/N Reef (11-162),REEF 11-162,11-162,CG,Northern,_,9,2021,2020,2020-12-06,0.10814583315229857,0.19126849130526424,0.08312265815296567,0.05040055588699924,0.3552638990509362,0,10.14666667,NA,NA,NA,10.8,19.1,8.3,5,0,10.15
Benthic Photo (LTMP),Monsoon Reef (11-029),MONSOON REEF,11-029,CG,Northern,_,9,2021,2020,2020-12-12,0.11130694351519539,0.17885768030700888,0.06755073679181349,0.034707897360642476,0.239117804078751,0,9.88,NA,NA,NA,11.1,17.9,6.8,3.5,0,9.88
Manta Tow (LTMP),Pearson Reef (11-211),PEARSON REEF,11-211,CG,Northern,_,9,2021,2020,2020-12-10,0.1277504967504893,0.1921568750204967,0.06440637827000739,0.031223031290258628,0.19281350069274197,0,9.7,NA,NA,NA,12.8,19.2,6.4,3.1,0,9.7
Benthic Photo (LTMP),Wade Reef (21-588),WADE REEF,21-588,SW,Southern,_,9,2025,2024,2024-11-16,0.13297648655713687,0.2013422375432512,0.06836575098611433,0.021594021620194304,0.11947017850171594,0,9.45,b,NA,hc increase but sc decline,13.3,20.1,6.8,2.2,0,9.45
Manta Tow (LTMP),U/N Reef (13-121),REEF 13-121,13-121,PB,Unknown,_,9,2023,2022,2022-12-11,0.21666904425339273,0.2746564591990349,0.05798741494564219,0.02167450538345165,0.08533876150582552,0,9.34,NA,NA,NA,21.7,27.5,5.8,2.2,0,9.34
Benthic Photo (LTMP),Pandora Reef (18-051),PANDORA REEF,18-051,TO,Central,North,9,2021,2020,2021-04-06,0.4022405202552219,0.41712005733417573,0.014879537078953842,0.02001153506712667,0.05026653273627495,0,8.97,NA,NA,NA,40.2,41.7,1.5,2,0,8.97
Manta Tow (LTMP),Turner Reef (21-562),TURNER CAY,21-562,SW,Southern,_,9,2024,2024,2024-05-02,0.1222713025202314,0.21160583760646007,0.08933453508622867,0.044819217259618384,0.26712032918339923,0,8.96,b,NA,DHW 8.65 to 9.27,12.2,21.2,8.9,4.5,0,8.96
Benthic Photo (MMP),Jessie-Kent Reef (17-043a),NORTH BARNARD ISLANDS,17-043a,IN,Central,_,5,2017,2017,2017-05-02,0.263924909161469,0.33377709229415464,0.06985218313268565,0.03916139135054959,0.13247398979670724,0,8.87,NA,NA,NA,26.4,33.4,7,3.9,0,8.87
Manta Tow (LTMP),Second Small Reef (12-098),SECOND SMALL REEF,12-098,CG,Northern,_,9,2023,2022,2022-12-08,0.3511430866922869,0.4331925401073155,0.08204945341502862,0.09576592524927745,0.2829739773553241,0,8.855,NA,NA,NA,35.1,43.3,8.2,9.6,0,8.86
Manta Tow (LTMP),Ashmore Banks (No 1) (11-237a),ASHMORE BANKS A,11-237a,CG,Northern,_,9,2021,2020,2020-12-10,0.43956018365641947,0.6044491921535058,0.16488900849708632,0.172310360639646,0.39781785446805945,0,8.795,NA,NA,NA,44,60.4,16.5,17.2,0,8.8
Benthic Photo (MMP),Dent Reef (No 1) (20-058a),DENT ISLAND,20-058a,WH,Southern,_,2,2024,2024,2024-07-17,0.20211926077969242,0.2562860336589392,0.05416677287924679,0.012863673315238779,0.05262887281323285,0,8.755,NA,NA,NA,20.2,25.6,5.4,1.3,0,8.76
Benthic Photo (LTMP),Myrmidon Reef (18-034),MYRMIDON REEF,18-034,TO,Central,_,9,2025,2024,2025-04-05,0.34901513726316913,0.3925255037375803,0.043510366474411144,0.026455954113317633,0.07207340990392232,0,8.73,b,NA,DHW 7.18,34.9,39.3,4.4,2.6,0,8.73
Manta Tow (LTMP),Slate Reef (19-159),SLATE REEF,19-159,WH,Southern,_,9,2025,2024,2025-03-24,0.5283413420729094,0.5748118603074418,0.04647051823453241,0.09127750439749542,0.1883819037477291,0,8.61,NA,NA,NA,52.8,57.5,4.6,9.1,0,8.61
Benthic Photo (LTMP),Snake Reef (14-087),SNAKE REEF,14-087,CL,Northern,_,9,2017,2016,2017-01-18,0.490322961495565,0.6112690714306253,0.12094610993506028,0.15355801331168967,0.334759780898665,0,8.42,NA,NA,NA,49,61.1,12.1,15.4,0,8.42
Manta Tow (LTMP),Snake Reef (14-087),SNAKE REEF,14-087,CL,Northern,_,9,2017,2016,2017-01-19,0.20972908858763112,0.32175020679005667,0.11202111820242555,0.09175455002605483,0.3972133126286285,0,8.42,NA,NA,NA,21,32.2,11.2,9.2,0,8.42
Manta Tow (LTMP),Myrmidon Reef (18-034),MYRMIDON REEF,18-034,TO,Central,_,9,2021,2020,2021-03-26,0.15597335620178882,0.376073686684778,0.22010033048298916,0.17277298113258635,0.8456798064676725,0,8.3,NA,NA,NA,15.6,37.6,22,17.3,0,8.3
Benthic Photo (LTMP),Carter Reef (14-137),CARTER REEF,14-137,CL,Northern,_,9,2025,2024,2024-09-22,0.37643575381068406,0.4119112090742028,0.03547545526351875,0.023361101493895045,0.05996943920514521,0,8.21,b,NA,DHW 8.21,37.6,41.2,3.5,2.3,0,8.21
Benthic Photo (LTMP),No Name Reef (14-139),NO NAME REEF,14-139,CL,Northern,_,9,2021,2020,2020-10-25,0.12939483349726616,0.23828562054278718,0.10889078704552102,0.020959948976956883,0.09600313525492565,0,8.185,NA,NA,NA,12.9,23.8,10.9,2.1,0,8.19
Manta Tow (LTMP),Credlin Reefs (East) (20-287),CREDLIN REEF EAST,20-287,PO,Southern,_,9,2025,2024,2025-03-23,0.35058914094719495,0.38713553798747635,0.0365463970402814,0.015194872474721968,0.04074340472855275,0,8.1575,NA,NA,NA,35.1,38.7,3.7,1.5,0,8.16
Benthic Photo (LTMP),U/N Reef (21-591),REEF 21-591,21-591,PO,Southern,_,9,2025,2024,2025-01-18,0.19995291484269695,0.22601318862639908,0.026060273783702126,0.006141105483469699,0.027803900774077024,0,8.13,NA,NA,NA,20,22.6,2.6,0.6,0,8.13
Manta Tow (LTMP),U/N Reef (21-591),REEF 21-591,21-591,PO,Southern,_,9,2025,2024,2025-01-19,0.3794207532763258,0.39719007957516705,0.01776932629884126,0.04058341716308778,0.11348618867822567,0,8.13,NA,NA,NA,37.9,39.7,1.8,4.1,0,8.13
Benthic Photo (LTMP),U/N Reef (13-124),REEF 13-124,13-124,PB,Unknown,_,9,2025,2024,2024-12-08,0.315898372616265,0.3336223757585837,0.0177240031423187,0.01725283440523736,0.05436197289653815,0,8.035,b,NA,DHW 7.65,31.6,33.4,1.8,1.7,0,8.04
Manta Tow (LTMP),Cannan Reef (20-144),CANNAN REEF,20-144,PO,Southern,_,9,2025,2024,2025-03-23,0.21021069235012238,0.3358493707898894,0.12563867843976703,0.03775311432545461,0.1262239613819566,0,7.945,NA,NA,NA,21,33.6,12.6,3.8,0,7.94
Manta Tow (LTMP),U/N Reef (21-558),REEF 21-558,21-558,SW,Southern,_,9,2024,2024,2024-05-03,0.36925742040330933,0.39090706771087363,0.0216496473075643,0.09015701988297284,0.29878046592520413,0,7.9225,b,NA,DHW 7.24 to 8.27,36.9,39.1,2.2,9,0,7.92
Benthic Photo (LTMP),No Name Reef (14-139),NO NAME REEF,14-139,CL,Northern,_,9,2025,2024,2024-09-24,0.44282285881471023,0.4631233049592587,0.020300446144548456,0.02957769942392589,0.06806581184381794,0,7.905,b,NA,increase in hc,44.3,46.3,2,3,0,7.9
Manta Tow (LTMP),Ashmore Banks (No 2) (11-237b),ASHMORE BANKS B,11-237b,CG,Northern,_,9,2021,2020,2020-12-10,0.5429689544631913,0.6201474459716367,0.07717849150844547,0.1085021369847291,0.211651477313138,0,7.855,NA,NA,NA,54.3,62,7.7,10.9,0,7.86
Manta Tow (LTMP),U/N Reef (12-071),REEF 12-071,12-071,CG,Northern,_,9,2023,2022,2022-12-08,0.30080300342367583,0.37367902121977004,0.0728760177960942,0.03913591036765776,0.11663452206863091,0,7.83,NA,NA,NA,30.1,37.4,7.3,3.9,0,7.83
Benthic Photo (MMP),Magnetic Island Reef (No 2) (19-009c),GEOFFREY BAY,19-009c,TO,Central,_,5,2017,2017,2017-05-01,0.24665436623366155,0.2540200064273047,0.007365640193643164,0.001305371069414112,0.005145036539073718,0,7.8,b,NA,NA,24.7,25.4,0.7,0.1,0,7.8
Benthic Photo (MMP),Fitzroy Island Reef (No 1) (16-054a),FITZROY ISLAND,16-054a,CA,Central,East,5,2024,2024,2024-06-16,0.3731568893226376,0.4106073122527148,0.03745042293007722,0.048409100960428914,0.13328562601722563,0,7.74,b,NA,partial bleaching during bleaching surveys Feb24,37.3,41.1,3.7,4.8,0,7.74
Benthic Photo (LTMP),Mantis Reef (12-056),MANTIS REEF,12-056,CG,Northern,_,9,2021,2020,2020-12-07,0.281636821607886,0.31550860554746596,0.03387178393957996,0.002271998647570224,0.007230216332796641,0,7.73,NA,NA,NA,28.2,31.6,3.4,0.2,0,7.73
Manta Tow (LTMP),Mantis Reef (12-056),MANTIS REEF,12-056,CG,Northern,_,9,2021,2020,2020-12-07,0.2325441468954316,0.33492090102638566,0.10237675413095407,0.06399842647975931,0.23535541365774656,0,7.73,NA,NA,NA,23.3,33.5,10.2,6.4,0,7.73
Benthic Photo (LTMP),Carter Reef (14-137),CARTER REEF,14-137,CL,Northern,_,9,2021,2020,2020-10-22,0.11873722301667407,0.21927449805902238,0.10053727504234831,0.024425728434149765,0.1247172932509846,0,7.72,NA,NA,NA,11.9,21.9,10.1,2.4,0,7.72
Manta Tow (LTMP),Dip Reef (18-039),DIP REEF,18-039,TO,Central,_,9,2025,2024,2025-04-04,0.33003350239850227,0.360574455279477,0.030540952880974748,0.053488948168817885,0.17361721643597325,0,7.715,NA,NA,NA,33,36.1,3.1,5.3,0,7.72
Manta Tow (LTMP),Creech Reef (North) (13-118a),CREECH REEF NORTH,13-118a,PB,Unknown,_,9,2023,2022,2022-12-09,0.3979732078801178,0.47270641129789814,0.07473320341778034,0.059776098285795234,0.14441101897276956,0,7.705,NA,NA,NA,39.8,47.3,7.5,6,0,7.7
Manta Tow (LTMP),Hastings Reef (16-057),HASTINGS REEF,16-057,CA,Central,_,9,2021,2020,2021-01-14,0.066158798391563,0.15815972466884054,0.09200092627727754,0.062042385314677734,0.6388394258663179,0,7.686666667,NA,NA,NA,6.6,15.8,9.2,6.2,0,7.69
Benthic Photo (LTMP),Yonge Reef (14-138),YONGE REEF,14-138,CL,Northern,_,9,2025,2024,2024-09-23,0.3680986269041048,0.42653292057191633,0.058434293667811554,0.01851722179814974,0.04527264321067521,0,7.61,b,NA,Aerial bl 2 2024 DHW 8.08,36.8,42.7,5.8,1.9,0,7.61
Benthic Photo (LTMP),Sand Bank No 1 Reef (14-045),SAND BANK NO.1,14-045,CL,Northern,_,9,2025,2024,2024-12-04,0.42214123311310725,0.417675348608665,-0.004465884504442241,0.022717204703980375,0.05737274268425927,0,7.5725,b,NA,DHW 8.19,42.2,41.8,-0.4,2.3,0,7.57
Manta Tow (LTMP),Roxburgh Reef (18-042),ROXBURGH REEF,18-042,TO,Central,_,9,2018,2017,2018-02-25,0.17520269968094304,0.26761704911794226,0.09241434943699922,0.07562443884610656,0.3918514742071592,0,7.54,b,NA,"mortality on sites, but not manta tow for 2016/17 bleaching event.  low disease and Drupella on transects, 8% decline HCC",17.5,26.8,9.2,7.6,0,7.54
Manta Tow (LTMP),Lagoon Reef (12-061),LAGOON REEF,12-061,CG,Northern,_,9,2023,2022,2022-12-02,0.34639715606109467,0.47062907693513956,0.12423192087404489,0.11105295961242427,0.3079875628951653,0,7.52,NA,NA,NA,34.6,47.1,12.4,11.1,0,7.52
Benthic Photo (LTMP),Michaelmas Reef (16-060),MICHAELMAS CAY,16-060,CA,Central,_,9,2021,2020,2021-01-21,0.08391697573358502,0.15374462108372508,0.06982764535014006,0.001790141270898979,0.01170375181615874,0,7.51,NA,NA,NA,8.4,15.4,7,0.2,0,7.51
Manta Tow (LTMP),North Reef (North) (23-045a),NORTH ISLAND,23-045a,CB,Southern,_,9,2021,2020,2020-08-25,0.4340714641531534,0.46937945298390005,0.03530798883074665,0.015177782162382258,0.033342984297466224,0,7.505,NA,NA,NA,43.4,46.9,3.5,1.5,0,7.5
Manta Tow (LTMP),Sand Bank No 8 Reef (13-056),SAND BANK NO.8,13-056,PB,Unknown,_,9,2023,2022,2022-12-09,0.23172291934248443,0.44595486618277164,0.2142319468402872,0.17103407060987588,0.6198665463208634,0,7.49,NA,NA,NA,23.2,44.6,21.4,17.1,0,7.49
Manta Tow (LTMP),U/N Reef (13-121),REEF 13-121,13-121,PB,Unknown,_,9,2021,2020,2020-12-17,0.11029911651666302,0.21666904425339273,0.10636992773672971,0.05366838172204415,0.3272449080002069,0,7.39,NA,NA,NA,11,21.7,10.6,5.4,0,7.39
Benthic Photo (LTMP),Dip Reef (18-039),DIP REEF,18-039,TO,Central,_,9,2021,2020,2021-03-31,0.16570209074124886,0.23915933596520872,0.073457245223959855,0.011574203200218729,0.050634103190421616,0,7.3175,NA,NA,NA,16.6,23.9,7.3,1.2,0,7.32
Manta Tow (LTMP),Ashmore Banks (No 3) (11-237c),ASHMORE BANKS C,11-237c,CG,Northern,_,9,2021,2020,2020-12-10,0.501474436658584,0.6609682088138961,0.15949377215531202,0.18082535388634016,0.3758246683587693,0,7.235,NA,NA,NA,50.1,66.1,15.9,18.1,0,7.24
Benthic Photo (LTMP),Little Kelso Reef (18-031),LITTLE KELSO REEF,18-031,TO,Central,_,9,2018,2017,2018-04-19,0.358051089677609,0.37769821803971615,0.019647128362107136,0.11992909586044959,0.4634598396070097,0,7.175,m,NA,COTS and Bleaching,35.8,37.8,2,12,0,7.18
Manta Tow (LTMP),Roxburgh Reef (18-042),ROXBURGH REEF,18-042,TO,Central,_,9,2025,2024,2025-04-06,0.3229690160820012,0.3779982634444597,0.05502924736245851,0.116909056184166,0.4460658926258564,0,7.05,b,NA,DHW 6.46  aerial bl 3,32.3,37.8,5.5,11.7,0,7.05
Benthic Photo (LTMP),Davie Reef (13-130),DAVIE REEF,13-130,PB,Unknown,_,9,2025,2024,2024-12-05,0.5412236066213202,0.5262075547253428,-0.015016051895977434,0.02887717293075806,0.05794784742356214,0,6.93,b,NA,Aerial bl 2 2024  DHW 7.03,54.1,52.6,-1.5,2.9,0,6.93
Manta Tow (LTMP),Davie Reef (13-130),DAVIE REEF,13-130,PB,Unknown,_,9,2025,2024,2024-12-05,0.3531554979789382,0.35290196193808715,-2.535360408510434e-4,7.802825517791968e-4,0.002209670482807099,0,6.93,b,NA,Aerial bl 2 2024  DHW 7.03,35.3,35.3,-0,0.1,0,6.93
Benthic Photo (LTMP),Broomfield Reef (23-048),BROOMFIELD REEF,23-048,CB,Southern,_,9,2021,2020,2020-08-26,0.5949326890939102,0.6532266340207488,0.05829394492683859,0.06829015149811161,0.11654872760969151,0,6.9,NA,NA,NA,59.5,65.3,5.8,6.8,0,6.9
Manta Tow (LTMP),Broomfield Reef (23-048),BROOMFIELD REEF,23-048,CB,Southern,_,9,2021,2020,2020-08-25,0.5079956101326129,0.5898441093852205,0.08184849925260762,0.07054474684065104,0.13558491883527551,0,6.9,NA,NA,NA,50.8,59,8.2,7.1,0,6.9
Benthic Photo (LTMP),Fore And Aft Reef (18-043),FORE AND AFT REEF,18-043,TO,Central,_,9,2018,2017,2018-04-20,0.20445900406927717,0.23505289446443722,0.030593890395160056,0.08051755345109901,0.517680116470726,0,6.88,NA,NA,NA,20.4,23.5,3.1,8.1,0,6.88
Manta Tow (LTMP),Fore And Aft Reef (18-043),FORE AND AFT REEF,18-043,TO,Central,_,9,2018,2017,2018-04-21,0.230351186630944,0.22373263263568263,-0.0066185539952613726,0.060924018290793885,0.3719219439981477,0,6.88,NA,NA,NA,23,22.4,-0.7,6.1,0,6.88
Benthic Photo (MMP),Hook Island Reef (No 4) (20-028d),HOOK ISLAND,20-028d,WH,Southern,_,5,2024,2024,2024-07-16,0.18146905175768832,0.22691923840987158,0.045450186652183255,0.028855085722757464,0.144953701272933,0,6.826666667,NA,NA,NA,18.1,22.7,4.5,2.9,0,6.83
Manta Tow (LTMP),U/N Reef (21-296),REEF 21-296,21-296,SW,Southern,_,9,2025,2024,2025-01-09,0.2593232071269527,0.28731043799854655,0.027987230871593827,0.005017504756360279,0.01771136575465096,0,6.8275,b,NA,Aerial bl 5 2024 DHW 6.85 2024,25.9,28.7,2.8,0.5,0,6.83
Manta Tow (LTMP),Rodda Reef (13-127),RODDA REEF,13-127,PB,Unknown,_,9,2021,2020,2020-12-20,0.2615541165670949,0.3748580243348194,0.11330390776772453,0.09127872496537523,0.3207497002333825,0,6.825,NA,NA,NA,26.2,37.5,11.3,9.1,0,6.82
Benthic Photo (LTMP),Rib Reef (18-032),RIB REEF,18-032,TO,Central,_,9,2024,2024,2024-06-09,0.1740384528498136,0.2407698893036725,0.0667314364538589,0.023987493485408976,0.11014431811754985,0,6.7,b,NA,DHW 6.7,17.4,24.1,6.7,2.4,0,6.7
Manta Tow (LTMP),Kelso Reef (18-030),KELSO REEF,18-030,TO,Central,_,9,2025,2024,2025-04-07,0.2793191849642483,0.29322208138481665,0.013902896420568356,0.03916362623459581,0.15354764934779264,0,6.675,b,NA,Aerial bl 4 2024 DHW6.56 2025 6.48 2024,27.9,29.3,1.4,3.9,0,6.68
Benthic Photo (LTMP),Knife Reef (18-081),KNIFE REEF,18-081,TO,Central,_,9,2024,2024,2024-06-03,0.44284851257291497,0.40017567877922566,-0.0426728337936893,0.07343860011323951,0.22407778946514803,0,6.54,m,NA,decline 5%  disease 60 DHW 6.54 Kirrily,44.3,40,-4.3,7.3,0,6.54
Benthic Photo (LTMP),North Direction Reef (14-143),NORTH DIRECTION ISLAND,14-143,CL,Northern,_,9,2021,2020,2020-10-27,0.051758305044525096,0.10062910071909352,0.048870795674568424,0.0022075803429000562,0.02220425049372573,0,6.535,NA,NA,NA,5.2,10.1,4.9,0.2,0,6.54
Benthic Photo (LTMP),Thetford Reef (16-068),THETFORD REEF,16-068,CA,Central,_,9,2021,2020,2021-01-23,0.15793727343746522,0.20755946103545886,0.04962218759799364,0.02188082468735101,0.11721118771485385,0,6.54,NA,NA,NA,15.8,20.8,5,2.2,0,6.54
Manta Tow (LTMP),Knife Reef (18-081),KNIFE REEF,18-081,TO,Central,_,9,2024,2024,2024-06-04,0.4941295229090981,0.5013683328639978,0.0072388099548997276,0.221288446364024,0.7872795493107779,0,6.54,b,NA,DHW 6.54,49.4,50.1,0.7,22.1,0,6.54
Manta Tow (LTMP),North Direction Reef (14-143),NORTH DIRECTION ISLAND,14-143,CL,Northern,_,9,2021,2020,2020-10-26,0.08933497726442091,0.4999919941433603,0.4106570168789394,0.35876967693508743,2.5225976061808835,0,6.535,NA,NA,NA,8.9,50,41.1,35.9,0,6.54
Benthic Photo (LTMP),Monsoon Reef (11-029),MONSOON REEF,11-029,CG,Northern,_,9,2023,2022,2022-11-25,0.12125299881007712,0.15926442514892333,0.038011426338846216,0.004907532765687089,0.03158876758155749,0,6.51,NA,NA,NA,12.1,15.9,3.8,0.5,0,6.51
Manta Tow (LTMP),Monsoon Reef (11-029),MONSOON REEF,11-029,CG,Northern,_,9,2023,2022,2022-11-25,0.1789143951322135,0.21429891857936337,0.035384523447149874,0.0036406612661729273,0.017200657854731582,0,6.51,NA,NA,NA,17.9,21.4,3.5,0.4,0,6.51
Manta Tow (LTMP),Wreck Island Reef (23-051),WRECK ISLAND,23-051,CB,Southern,_,9,2021,2020,2020-08-25,0.5291629552580835,0.7080047369055198,0.17884178164743625,0.16662479916350714,0.30721047658433775,0,6.48,NA,NA,NA,52.9,70.8,17.9,16.7,0,6.48
Benthic Photo (LTMP),Chicken Reef (18-086),CHICKEN REEF,18-086,TO,Central,_,9,2021,2020,2021-03-21,0.3738055410716834,0.4449009552352078,0.07109541416352438,0.08196820862829479,0.2252290001175118,0,6.463333333,NA,NA,NA,37.4,44.5,7.1,8.2,0,6.46
Manta Tow (LTMP),Chicken Reef (18-086),CHICKEN REEF,18-086,TO,Central,_,9,2021,2020,2021-03-20,0.18834253761370987,0.29086571580363296,0.1025231781899231,0.07502365219079252,0.3459829285001784,0,6.463333333,NA,NA,NA,18.8,29.1,10.3,7.5,0,6.46
Manta Tow (LTMP),U/N Reef (13-040),REEF 13-040,13-040,PB,Unknown,_,9,2021,2020,2020-12-16,0.16103326937437834,0.31763936559570705,0.1566060962213287,0.12134455941285302,0.6150418338959727,0,6.38,NA,NA,NA,16.1,31.8,15.7,12.1,0,6.38
Benthic Photo (LTMP),Hyde Reef (19-207),HYDE REEF,19-207,WH,Southern,_,9,2021,2020,2021-02-06,0.21268437953974742,0.3498126131611173,0.13712823362136986,0.03510371105904653,0.11119012110623751,0,6.363333333,NA,NA,NA,21.3,35,13.7,3.5,0,6.36
Manta Tow (LTMP),MacGillivray Reef (14-114),MACGILLIVRAY REEF,14-114,CL,Northern,_,9,2021,2020,2020-10-26,0.10245573850803347,0.1925936674780676,0.09013792897003414,0.06361312423409585,0.48940497282500856,0,6.33,NA,NA,NA,10.2,19.3,9,6.4,0,6.33
Benthic Photo (MMP),Tobias Spit (17-009a),HIGH ISLAND,17-009a,IN,Central,West,2,2024,2024,2024-06-15,0.4636944779061943,0.49676642452091935,0.03307194661472507,0.06666115177250048,0.15462847704811555,0,6.32,m,NA,clear depth limit to level of mortality,46.4,49.7,3.3,6.7,0,6.32
Benthic Photo (MMP),Tobias Spit (17-009a),HIGH ISLAND,17-009a,IN,Central,West,5,2024,2024,2024-06-15,0.16238442810370077,0.2004925422060405,0.038108114102339746,0.005793962583502052,0.029606564312716993,0,6.32,m,NA,clear depth limit to level of mortality,16.2,20,3.8,0.6,0,6.32
Benthic Photo (LTMP),Myrmidon Reef (18-034),MYRMIDON REEF,18-034,TO,Central,_,9,2023,2022,2023-03-15,0.3697596233721244,0.3906512169424299,0.020891593570305456,0.008817821971153132,0.02303305324713043,0,6.3,NA,NA,NA,37,39.1,2.1,0.9,0,6.3
Manta Tow (LTMP),Myrmidon Reef (18-034),MYRMIDON REEF,18-034,TO,Central,_,9,2023,2022,2023-03-15,0.4558055097016767,0.4956128764543216,0.0398073667526449,0.05075497660865013,0.11383666550759418,0,6.3,NA,NA,NA,45.6,49.6,4,5.1,0,6.3
Benthic Photo (LTMP),U/N Reef (13-124),REEF 13-124,13-124,PB,Unknown,_,9,2021,2020,2020-12-04,0.24624243065418433,0.2958025713877723,0.04956014073358794,0.04067059918464043,0.15878767041385056,0,6.255,NA,NA,NA,24.6,29.6,5,4.1,0,6.26
Manta Tow (LTMP),U/N Reef (13-124),REEF 13-124,13-124,PB,Unknown,_,9,2021,2020,2020-12-18,0.19758106176164164,0.23656138751747857,0.03898032575583693,0.025607227168766275,0.12081493058044541,0,6.255,NA,NA,NA,19.8,23.7,3.9,2.6,0,6.26
Benthic Photo (LTMP),St Crispin Reef (16-019),ST. CRISPIN REEF,16-019,CA,Central,_,9,2021,2020,2021-01-08,0.2039999469986351,0.2791872635818222,0.07518731658318711,0.053995715266316795,0.23871676757347432,0,6.225,NA,NA,NA,20.4,27.9,7.5,5.4,0,6.22
Manta Tow (LTMP),St Crispin Reef (16-019),ST. CRISPIN REEF,16-019,CA,Central,_,9,2021,2020,2021-01-08,0.10510031402577229,0.2027604014097776,0.09766008738400532,0.06438834575669478,0.4619889220617271,0,6.225,NA,NA,NA,10.5,20.3,9.8,6.4,0,6.22
Benthic Photo (LTMP),Knife Reef (18-081),KNIFE REEF,18-081,TO,Central,_,9,2018,2017,2018-04-24,0.2277634256800129,0.3027351819876365,0.0749717563076236,0.10430484131884793,0.5230139053519249,0,6.15,b,NA,no decline HCC. Decline in manta coral cover.,22.8,30.3,7.5,10.4,0,6.15
Benthic Photo (LTMP),Chicken Reef (18-086),CHICKEN REEF,18-086,TO,Central,_,9,2025,2024,2025-04-03,0.4221760679717542,0.40310444810650875,-0.01907161986524547,0.005097046931067221,0.012774316757162294,0,6.13,NA,NA,NA,42.2,40.3,-1.9,0.5,0,6.13
Benthic Photo (LTMP),Rebe Reef (19-209),REBE REEF,19-209,WH,Southern,_,9,2021,2020,2021-02-07,0.19738310010550875,0.30384134759873466,0.10645824749322591,0.04030444635008862,0.1523585033310921,0,6.1275,NA,NA,NA,19.7,30.4,10.6,4,0,6.13
Manta Tow (LTMP),Chicken Reef (18-086),CHICKEN REEF,18-086,TO,Central,_,9,2025,2024,2025-04-03,0.2640352540479171,0.32195806044148995,0.057922806393572834,0.04311334694677463,0.1540616808814178,0,6.13,NA,NA,NA,26.4,32.2,5.8,4.3,0,6.13
Manta Tow (LTMP),Rebe Reef (19-209),REBE REEF,19-209,WH,Southern,_,9,2021,2020,2021-02-07,0.35447061249917833,0.5997124428802476,0.24524183038106928,0.24687217389129212,0.6976938339909464,0,6.1275,NA,NA,NA,35.4,60,24.5,24.7,0,6.13
Benthic Photo (LTMP),Sand Bank No 1 Reef (14-045),SAND BANK NO.1,14-045,CL,Northern,_,9,2021,2020,2020-12-21,0.30246855971387504,0.42466801645942975,0.12219945674555471,0.12050409936203017,0.39488318444794607,0,6.1175,NA,NA,NA,30.2,42.5,12.2,12.1,0,6.12
Manta Tow (LTMP),Sand Bank No 1 Reef (14-045),SAND BANK NO.1,14-045,CL,Northern,_,9,2021,2020,2020-12-20,0.2480818644806036,0.3384999680507445,0.0904181035701409,0.07809224032355187,0.2987373059034032,0,6.1175,NA,NA,NA,24.8,33.8,9,7.8,0,6.12
Benthic Photo (LTMP),Davie Reef (13-130),DAVIE REEF,13-130,PB,Unknown,_,9,2021,2020,2020-12-03,0.2891469243045631,0.3399675428099097,0.05082061850534658,0.04042787988507794,0.13451761904447665,0,6.05,NA,NA,NA,28.9,34,5.1,4,0,6.05
Manta Tow (LTMP),Davie Reef (13-130),DAVIE REEF,13-130,PB,Unknown,_,9,2021,2020,2020-12-20,0.2633289351091102,0.3310648350455703,0.06773589993646012,0.053347725090730436,0.19140455747181895,0,6.05,NA,NA,NA,26.3,33.1,6.8,5.3,0,6.05
Manta Tow (LTMP),Green Island Reef (16-049),GREEN ISLAND,16-049,CA,Central,_,9,2021,2020,2021-01-16,0.06339257690264248,0.11945952872246761,0.05606695181982513,0.012978436975588092,0.12075088524549615,0,6.04,NA,NA,NA,6.3,11.9,5.6,1.3,0,6.04
Benthic Photo (LTMP),Lady Musgrave Reef (23-082a),LADY MUSGRAVE ISLAND,23-082a,CB,Southern,_,9,2003,2002,2002-09-18,0.6836204426769152,0.749707406035506,0.06608696335859077,0.09167264107520123,0.1391013736289358,0,6.033333333,NA,NA,NA,68.4,75,6.6,9.2,0,6.03
Manta Tow (LTMP),Ashmore Banks (No 2) (11-237b),ASHMORE BANKS B,11-237b,CG,Northern,_,9,2023,2022,2022-12-04,0.6674232134135705,0.7281769959478216,0.06075378253425112,0.12476795957683902,0.20642967273615878,0,5.895,NA,NA,NA,66.7,72.8,6.1,12.5,0,5.89
Manta Tow (LTMP),U/N Reef (13-124),REEF 13-124,13-124,PB,Unknown,_,9,2023,2022,2022-12-12,0.30157069902119826,0.36531339315109623,0.06374269412989797,0.06137490619750686,0.20126979316601618,0,5.89,NA,NA,NA,30.2,36.5,6.4,6.1,0,5.89
Manta Tow (LTMP),Ashmore Banks (No 3) (11-237c),ASHMORE BANKS C,11-237c,CG,Northern,_,9,2023,2022,2022-12-04,0.7183903013256441,0.6776834549192192,-0.04070684640642486,0.037715295881368335,0.058841137971630736,0,5.86,b,NA,NA,71.8,67.8,-4.1,3.8,0,5.86
Benthic Photo (LTMP),Corbett Reef (14-016),CORBETT REEF,14-016,PB,Unknown,_,9,2021,2020,2020-12-18,0.21598384234286774,0.2825390498247469,0.06655520748187918,0.05423730980898356,0.23653248250647818,0,5.85125,NA,NA,NA,21.6,28.3,6.7,5.4,0,5.85
Manta Tow (LTMP),Corbett Reef (14-016),CORBETT REEF,14-016,PB,Unknown,_,9,2021,2020,2020-12-19,0.11198422675485162,0.24044375851137478,0.12845953175652317,0.11298982398908965,0.8796135704935323,0,5.85125,NA,NA,NA,11.2,24,12.8,11.3,0,5.85
Manta Tow (LTMP),Langford-Bird Reef (20-019),LANGFORD AND BIRD ISLES,20-019,WH,Southern,_,9,2024,2024,2024-05-16,0.14275971171053556,0.1885665425198578,0.04580683080932224,0.001286643102481999,0.006833672136343082,0,5.85,b,NA,DHW 5.85,14.3,18.9,4.6,0.1,0,5.85
Benthic Photo (LTMP),U/N Reef (19-138),REEF 19-138,19-138,WH,Southern,_,9,2024,2024,2024-05-10,0.434265841284731,0.5036509690708734,0.06938512778614236,0.05789010578241194,0.1295773881272896,0,5.82,NA,NA,NA,43.4,50.4,6.9,5.8,0,5.82
Benthic Photo (LTMP),U/N Reef (19-138),REEF 19-138,19-138,WH,Southern,_,9,2025,2024,2025-03-29,0.5036509690708734,0.5198127495291418,0.016161780458268438,0.017023608199250986,0.03379113760632566,0,5.82,NA,NA,NA,50.4,52,1.6,1.7,0,5.82
Manta Tow (LTMP),U/N Reef (19-138),REEF 19-138,19-138,WH,Southern,_,9,2024,2024,2024-05-10,0.20120109576445824,0.38075191515937695,0.1795508193949187,0.14212000237993314,0.5930762757410353,0,5.82,NA,NA,NA,20.1,38.1,18,14.2,0,5.82
Manta Tow (LTMP),Rebe Reef (19-209),REBE REEF,19-209,WH,Southern,_,9,2023,2022,2023-02-01,0.5741580696324947,0.6158185078470628,0.04166043821456811,0.11890727590475898,0.2388121983931014,0,5.8075,b,NA,Aerial bl 4,57.4,61.6,4.2,11.9,0,5.81
Manta Tow (LTMP),Dip Reef (18-039),DIP REEF,18-039,TO,Central,_,9,2023,2022,2023-03-16,0.23603623786272127,0.33003350239850227,0.093997264535781,0.07669632590682912,0.3015537365192859,0,5.7625,b,NA,"21% bleached on scuba in 2022, DHW 5",23.6,33,9.4,7.7,0,5.76
Manta Tow (LTMP),Hyde Reef (19-207),HYDE REEF,19-207,WH,Southern,_,9,2023,2022,2023-02-02,0.5944273144565613,0.548497743028163,-0.045929571428398264,0.010513369360628987,0.019505888990974773,0,5.753333333,b,NA,Bleaching 4 from aerial survey in Mar 2022,59.4,54.8,-4.6,1.1,0,5.75
Benthic Photo (LTMP),Hayman Island Reef (20-014),HAYMAN ISLAND,20-014,WH,Southern,_,9,2024,2024,2024-05-15,0.13633728561380234,0.165316693866412,0.028979408252609667,0.006947896649167912,0.04359634238625058,0,5.733333333,b,NA,DHW 5.85,13.6,16.5,2.9,0.7,0,5.73
Benthic Photo (LTMP),Slate Reef (19-159),SLATE REEF,19-159,WH,Southern,_,9,2021,2020,2021-02-05,0.31176205255252765,0.4323862085400728,0.12062415598754517,0.07039654481701292,0.19393539776031035,0,5.73,NA,NA,NA,31.2,43.2,12.1,7,0,5.73
Manta Tow (LTMP),Hayman Island Reef (20-014),HAYMAN ISLAND,20-014,WH,Southern,_,9,2024,2024,2024-05-15,0.15508503949186497,0.2513719816639524,0.09628694217208744,0.07409320457192033,0.41560305595809366,0,5.733333333,b,NA,DHW 5.85,15.5,25.1,9.6,7.4,0,5.73
Manta Tow (LTMP),Slate Reef (19-159),SLATE REEF,19-159,WH,Southern,_,9,2021,2020,2021-02-05,0.2853069490583801,0.4496195194667105,0.16431257040833042,0.10140997353913672,0.290398629481249,0,5.73,NA,NA,NA,28.5,45,16.4,10.1,0,5.73
Manta Tow (LTMP),Second Small Reef (12-098),SECOND SMALL REEF,12-098,CG,Northern,_,9,2021,2020,2020-12-15,0.20263508107180572,0.3511430866922869,0.14850800562048116,0.12318596986765895,0.5380307525536082,0,5.71,NA,NA,NA,20.3,35.1,14.9,12.3,0,5.71
Manta Tow (LTMP),Slate Reef (19-159),SLATE REEF,19-159,WH,Southern,_,9,2023,2022,2023-01-31,0.5953545711068241,0.6189962599768563,0.02364168887003215,0.09571241120004875,0.1825583821118137,0,5.63,b,NA,Bleaching 4 from aerial survey in Mar 2022,59.5,61.9,2.4,9.6,0,5.63
Benthic Photo (LTMP),U/N Reef (19-131a),REEF 19-131,19-131a,WH,Southern,_,9,2024,2024,2024-05-09,0.43353725981687835,0.4562967207282716,0.022759460911393248,0.014697905829767422,0.03320819065712572,0,5.61,NA,NA,NA,43.4,45.6,2.3,1.5,0,5.61
Benthic Photo (LTMP),U/N Reef (19-131a),REEF 19-131,19-131a,WH,Southern,_,9,2025,2024,2025-03-28,0.4562967207282716,0.5035090681241302,0.04721234739585861,0.04377201063637118,0.09500431954626119,0,5.61,NA,NA,NA,45.6,50.4,4.7,4.4,0,5.61
Manta Tow (LTMP),Creal Reef (20-297),CREAL REEF,20-297,PO,Southern,_,9,2021,2020,2021-02-13,0.2535244490127124,0.4711627238967399,0.21763827488402748,0.14008187017376045,0.4218306132476285,0,5.61,NA,NA,NA,25.4,47.1,21.8,14,0,5.61
Manta Tow (LTMP),U/N Reef (20-104),REEF 20-104,20-104,WH,Southern,_,9,2024,2024,2024-05-11,0.16222060434747407,0.3954607791259235,0.2332401747784494,0.18607442323102763,0.884441495455086,0,5.56,NA,NA,NA,16.2,39.5,23.3,18.6,0,5.56
Benthic Photo (LTMP),Feather Reef (17-034),FEATHER REEF,17-034,IN,Central,_,9,2025,2024,2024-08-26,0.32859426121616114,0.33745297884752384,0.0088587176313627,0.008915064711398605,0.027053229170213106,0,5.54,b,NA,DHW 5.54,32.9,33.7,0.9,0.9,0,5.54
Manta Tow (LTMP),Low Islands Reef (16-028),LOW ISLES,16-028,CA,Central,_,9,2021,2020,2021-01-13,0.19090073961148074,0.25124645293338244,0.060345713321901695,0.0430002975275463,0.20550101598830603,0,5.54,NA,NA,NA,19.1,25.1,6,4.3,0,5.54
Benthic Photo (LTMP),Helix Reef (18-076),HELIX REEF,18-076,TO,Central,_,9,2018,2017,2018-02-27,0.2756831061497576,0.37583550743543276,0.10015240128567515,0.0402438106893183,0.1195626959261373,0,5.475,NA,NA,NA,27.6,37.6,10,4,0,5.47
Manta Tow (LTMP),Helix Reef (18-076),HELIX REEF,18-076,TO,Central,_,9,2018,2017,2018-02-27,0.23344874747387875,0.4295485480321921,0.19609980055831336,0.12480681971707763,0.40820996337289217,0,5.475,NA,NA,NA,23.3,43,19.6,12.5,0,5.47
Benthic Photo (MMP),Orpheus (Goolboddi) Island Reef (No 5) (18-049e),ORPHEUS ISLAND EAST,18-049e,TO,Central,East,2,2023,2022,2023-04-29,0.3851611837499122,0.43251261921953915,0.047351435469626946,0.03614111370684574,0.09095044109973624,0,5.4575,NA,NA,NA,38.5,43.3,4.7,3.6,0,5.46
Benthic Photo (MMP),Orpheus (Goolboddi) Island Reef (No 5) (18-049e),ORPHEUS ISLAND EAST,18-049e,TO,Central,East,5,2023,2022,2023-04-29,0.5003421914661126,0.5071642460105452,0.006822054544432632,0.004254334319922179,0.008442648618775611,0,5.4575,NA,NA,NA,50,50.7,0.7,0.4,0,5.46
Manta Tow (LTMP),Feather Reef (17-034),FEATHER REEF,17-034,IN,Central,_,9,2021,2020,2021-01-25,0.10539142180833895,0.15819043638707664,0.05279901457873769,0.023208259364628257,0.1706713326173397,0,5.45,NA,NA,NA,10.5,15.8,5.3,2.3,0,5.45
Benthic Photo (LTMP),Chicken Reef (18-086),CHICKEN REEF,18-086,TO,Central,_,9,2017,2017,2017-05-12,0.21394013394552375,0.2499903806010868,0.036050246655563056,0.012255273475557635,0.051334190530736214,0,5.43,NA,NA,NA,21.4,25,3.6,1.2,0,5.43
Benthic Photo (LTMP),Chicken Reef (18-086),CHICKEN REEF,18-086,TO,Central,_,9,2018,2017,2018-04-27,0.2499903806010868,0.28111529011730985,0.031124909516223043,0.013589466291018638,0.05060767004595296,0,5.43,NA,NA,NA,25,28.1,3.1,1.4,0,5.43
Manta Tow (LTMP),Chicken Reef (18-086),CHICKEN REEF,18-086,TO,Central,_,9,2018,2017,2018-04-28,0.16880667711976172,0.20026279472384473,0.03145611760408301,0.0016163279923689863,0.008095950901765497,0,5.43,NA,NA,NA,16.9,20,3.1,0.2,0,5.43
Benthic Photo (LTMP),One Tree Island Reef (23-055a),ONE TREE ISLAND,23-055a,CB,Southern,_,9,2003,2002,2002-09-17,0.7255286012380169,0.7622896632765362,0.036761062038519365,0.07316578881984462,0.1060183418193513,0,5.38,NA,NA,NA,72.6,76.2,3.7,7.3,0,5.38
Benthic Photo (LTMP),One Tree Island Reef (23-055a),ONE TREE ISLAND,23-055a,CB,Southern,_,9,2021,2020,2020-08-23,0.5764833385699617,0.6621922008676306,0.08570886229766894,0.08202617566331472,0.14114069320290604,0,5.34,NA,NA,NA,57.6,66.2,8.6,8.2,0,5.34
Manta Tow (LTMP),One Tree Island Reef (23-055a),ONE TREE ISLAND,23-055a,CB,Southern,_,9,2021,2020,2020-08-24,0.4417325786544859,0.55685131235599294,0.11511873370150705,0.059463164413347605,0.11931095203369611,0,5.34,NA,NA,NA,44.2,55.7,11.5,5.9,0,5.34
Benthic Photo (LTMP),Fork Reef (18-083),FORK REEF,18-083,TO,Central,_,9,2018,2017,2018-04-23,0.1688140078402965,0.20631335912764884,0.03749935128735235,0.029904803253099035,0.1685646056114988,0,5.33,NA,NA,NA,16.9,20.6,3.7,3,0,5.33
Manta Tow (LTMP),Fork Reef (18-083),FORK REEF,18-083,TO,Central,_,9,2018,2017,2018-04-25,0.2070190525662133,0.2095860538515173,0.002567001285303988,0.01595336204248566,0.08196650775471301,0,5.33,NA,NA,NA,20.7,21,0.3,1.6,0,5.33
Manta Tow (LTMP),Wheeler Reef (18-095),WHEELER REEF,18-095,TO,Central,_,9,2023,2022,2023-03-19,0.7059989403317173,0.6562866266952015,-0.04971231363651574,0.03205032942091515,0.051261146482759166,0,5.33,b,NA,DHW 5.4 in 2022 aerial bl 3 in 2022,70.6,65.6,-5,3.2,0,5.33
Manta Tow (LTMP),Middle Banks (11-222a),MIDDLE BANKS 2,11-222a,CG,Northern,_,9,2023,2022,2022-12-04,0.7699661158442037,0.6810591763887656,-0.08890693945543815,0.004621600625118433,0.00682217932760623,0,5.274285714,b,NA,DHW 5.5 in 2022,77,68.1,-8.9,0.5,0,5.27
Manta Tow (LTMP),Kelso Reef (18-030),KELSO REEF,18-030,TO,Central,_,9,2023,2022,2023-03-14,0.3974596401457077,0.34672740544512537,-0.05073223470058236,0.020339226839641802,0.06212572160142477,0,5.2625,b,NA,DHW  5.2 in 2022 max bl obs 35% avg 5%,39.7,34.7,-5.1,2,0,5.26
Manta Tow (LTMP),Little Kelso Reef (18-031),LITTLE KELSO REEF,18-031,TO,Central,_,9,2021,2020,2021-04-05,0.1272730868038166,0.21921067973529001,0.09193759293147341,0.07889738864358133,0.5583154141699167,0,5.22,NA,NA,NA,12.7,21.9,9.2,7.9,0,5.22
Benthic Photo (LTMP),Rib Reef (18-032),RIB REEF,18-032,TO,Central,_,9,2023,2022,2023-03-13,0.0997242371122222,0.1740384528498136,0.0743142157375914,0.03400339485478534,0.24109888235011767,0,5.2,NA,NA,NA,10,17.4,7.4,3.4,0,5.2
Manta Tow (LTMP),Hardy Reef (19-135),HARDY REEF,19-135,WH,Southern,_,9,2025,2024,2025-04-01,0.43699201717370284,0.488574466673557,0.05158244949985413,0.048927571364445054,0.11103577918124799,0,5.2,NA,NA,NA,43.7,48.9,5.2,4.9,0,5.2
Benthic Photo (LTMP),Davies Reef (18-096),DAVIES REEF,18-096,TO,Central,_,9,2021,2020,2021-03-29,0.3825708405374669,0.39662013332519164,0.01404929278772471,0.017684985614558713,0.04654737978605757,0,5.17,NA,NA,NA,38.3,39.7,1.4,1.8,0,5.17
Manta Tow (LTMP),Davies Reef (18-096),DAVIES REEF,18-096,TO,Central,_,9,2021,2020,2021-03-24,0.3212586118283456,0.41949494926726366,0.09823633743891808,0.0761041901187615,0.22098209111919054,0,5.17,NA,NA,NA,32.1,41.9,9.8,7.6,0,5.17
Manta Tow (LTMP),Little Kelso Reef (18-031),LITTLE KELSO REEF,18-031,TO,Central,_,9,2023,2022,2023-03-17,0.21921067973529001,0.2593795555950857,0.04016887585979567,0.05965593775378831,0.29720437682104467,0,5.15,NA,NA,NA,21.9,25.9,4,6,0,5.15
Benthic Photo (LTMP),Martin Reef (14-123),MARTIN REEF,14-123,CL,Northern,_,9,2021,2020,2020-10-29,0.08469994311714026,0.17146538068664705,0.08676543756950679,0.04598537040308683,0.3635781678068379,0,5.1175,NA,NA,NA,8.5,17.1,8.7,4.6,0,5.12
Manta Tow (LTMP),Martin Reef (14-123),MARTIN REEF,14-123,CL,Northern,_,9,2021,2020,2020-10-30,0.12452925426275394,0.23369752424687384,0.10916826998411991,0.06876734769161086,0.41443545182215796,0,5.1175,NA,NA,NA,12.5,23.4,10.9,6.9,0,5.12
Benthic Photo (LTMP),Linnet Reef (14-126),LINNET REEF,14-126,CL,Northern,_,9,2021,2020,2020-10-28,0.09723637312333577,0.279251112203038,0.18201473907970223,0.14233719749556378,1.0320727810349788,0,5.105,NA,NA,NA,9.7,27.9,18.2,14.2,0,5.11
Benthic Photo (LTMP),U/N Reef (19-138),REEF 19-138,19-138,WH,Southern,_,9,2023,2022,2023-01-29,0.39030569859564873,0.434265841284731,0.04396014268908227,0.009898633009074252,0.023270794778001553,0,5.11,b,NA,DHW 5.2 surveyed Jan 2022,39,43.4,4.4,1,0,5.11
Benthic Photo (MMP),Jessie-Kent Reef (17-043a),NORTH BARNARD ISLANDS,17-043a,IN,Central,_,5,2024,2024,2024-06-04,0.4922237254394101,0.4860580983046574,-0.006165627134752716,0.03611050033145088,0.08007693242795899,0,4.97,NA,NA,NA,49.2,48.6,-0.6,3.6,0,4.97
Benthic Photo (MMP),Barren Island Reef (22-009),BARREN ISLAND,22-009,CB,Southern,_,2,2017,2017,2017-05-14,0.16716087167597726,0.22427348395417362,0.05711261227819636,0.031363147830070964,0.1617404644690964,0,4.86,NA,NA,NA,16.7,22.4,5.7,3.1,0,4.86
Benthic Photo (MMP),Barren Island Reef (22-009),BARREN ISLAND,22-009,CB,Southern,_,5,2017,2017,2017-05-14,0.3306234416642037,0.44064932723901884,0.11002588557481513,0.09304355088673294,0.2669019195846805,0,4.86,NA,NA,NA,33.1,44.1,11,9.3,0,4.86
Benthic Photo (LTMP),Linnet Reef (14-126),LINNET REEF,14-126,CL,Northern,_,9,2023,2022,2022-10-27,0.34855397477533034,0.36855100726226625,0.019997032486935906,0.022990038387883216,0.0663376446071062,0,4.805,NA,NA,NA,34.9,36.9,2,2.3,0,4.8
Manta Tow (LTMP),Linnet Reef (14-126),LINNET REEF,14-126,CL,Northern,_,9,2023,2022,2022-10-25,0.26847883981301424,0.2957950711245892,0.027316231311574957,0.018864181887830588,0.06787364275930091,0,4.805,NA,NA,NA,26.8,29.6,2.7,1.9,0,4.8
Benthic Photo (LTMP),Hastings Reef (16-057),HASTINGS REEF,16-057,CA,Central,_,9,2023,2022,2023-03-02,0.13348873682117463,0.18091674722748655,0.04742801040631192,0.017091495157343525,0.10369463988485253,0,4.74,NA,NA,NA,13.3,18.1,4.7,1.7,0,4.74
Manta Tow (LTMP),Hastings Reef (16-057),HASTINGS REEF,16-057,CA,Central,_,9,2023,2022,2023-03-02,0.17340000487170631,0.25293971663094555,0.07953971175923924,0.053101553103214544,0.2643997145287702,0,4.74,NA,NA,NA,17.3,25.3,8,5.3,0,4.74
Benthic Photo (LTMP),Feather Reef (17-034),FEATHER REEF,17-034,IN,Central,_,9,2023,2022,2023-03-08,0.292014693498269,0.3421818114578344,0.05016711795956541,0.04261618972953743,0.1417866404164522,0,4.65,NA,NA,NA,29.2,34.2,5,4.3,0,4.65
Manta Tow (LTMP),Feather Reef (17-034),FEATHER REEF,17-034,IN,Central,_,9,2023,2022,2023-03-08,0.15191129623016722,0.22169293982070737,0.06978164359054015,0.04201985690711403,0.23257397410553943,0,4.65,NA,NA,NA,15.2,22.2,7,4.2,0,4.65
Benthic Photo (LTMP),Carter Reef (14-137),CARTER REEF,14-137,CL,Northern,_,9,2023,2022,2022-10-23,0.28830740488365447,0.3274738995247398,0.03916649464108535,0.01251501052415471,0.03960961681990068,0,4.64,NA,NA,NA,28.8,32.7,3.9,1.3,0,4.64
Benthic Photo (LTMP),Lady Musgrave Reef (23-082a),LADY MUSGRAVE ISLAND,23-082a,CB,Southern,_,9,2021,2020,2020-08-21,0.6261353612748524,0.7370886258139031,0.11095326453905074,0.12070738405255754,0.1955151466996111,0,4.623333333,NA,NA,NA,62.6,73.7,11.1,12.1,0,4.62
Manta Tow (LTMP),Lady Musgrave Reef (23-082a),LADY MUSGRAVE ISLAND,23-082a,CB,Southern,_,9,2021,2020,2020-08-19,0.4630601410169584,0.5052765017212226,0.04221636070426421,0.012897001182058367,0.02614012371402652,0,4.623333333,NA,NA,NA,46.3,50.5,4.2,1.3,0,4.62
Benthic Photo (LTMP),Lady Musgrave Reef (23-082a),LADY MUSGRAVE ISLAND,23-082a,CB,Southern,_,9,1999,1998,1998-11-30,0.4963334705409456,0.5688933913503785,0.07255992080943291,0.05040904848623133,0.09703670414454442,0,4.596666667,NA,NA,NA,49.6,56.9,7.3,5,0,4.6
Benthic Photo (LTMP),One Tree Island Reef (23-055a),ONE TREE ISLAND,23-055a,CB,Southern,_,9,1999,1998,1998-11-28,0.409992264667859,0.5536625959116203,0.14367033124376127,0.1071744580925651,0.23950234438594617,0,4.6,NA,NA,NA,41,55.4,14.4,10.7,0,4.6
Benthic Photo (LTMP),Taylor Reef (17-064),TAYLOR REEF,17-064,IN,Central,_,9,2025,2024,2024-08-24,0.12589356762072712,0.14185623238436607,0.015962664763638945,0.001943523020495986,0.01379238983672756,0,4.6,b,NA,Aerial bl 1 2024 DHW 4.6,12.6,14.2,1.6,0.2,0,4.6
Manta Tow (LTMP),Lady Musgrave Reef (23-082a),LADY MUSGRAVE ISLAND,23-082a,CB,Southern,_,9,1999,1998,1998-12-01,0.3613034375894901,0.4484068302476623,0.08710339265817224,0.039079103146109934,0.09523875810721952,0,4.596666667,NA,NA,NA,36.1,44.8,8.7,3.9,0,4.6
Manta Tow (LTMP),One Tree Island Reef (23-055a),ONE TREE ISLAND,23-055a,CB,Southern,_,9,1999,1998,1998-11-29,0.369792498958335,0.44178366209069475,0.07199116313235976,0.028992302041807035,0.07006502513339503,0,4.6,NA,NA,NA,37,44.2,7.2,2.9,0,4.6
Benthic Photo (LTMP),Peart Reef (17-024),PEART REEF,17-024,IN,Central,_,9,2023,2022,2023-03-07,0.24000687783132776,0.26105288321067177,0.021046005379344007,0.0055492993463678725,0.021634393027832217,0,4.48,NA,NA,NA,24,26.1,2.1,0.6,0,4.48
Manta Tow (LTMP),Peart Reef (17-024),PEART REEF,17-024,IN,Central,_,9,2023,2022,2023-03-07,0.12719263909223225,0.23172688738643726,0.10453424829420502,0.07478382223915506,0.4734859499492365,0,4.48,NA,NA,NA,12.7,23.2,10.5,7.5,0,4.48
Benthic Photo (MMP),Humpy (Bur-ye-Bur-ye) Reef (23-016),HUMPY ISLAND AND HALFWAY ISLAND,23-016,CB,Southern,_,2,2017,2017,2017-05-14,0.10839078971275963,0.1630384146475774,0.05464762493481777,0.0413135822433854,0.3366358823560652,0,4.4,NA,NA,NA,10.8,16.3,5.5,4.1,0,4.4
Manta Tow (LTMP),U/N Reef (21-591),REEF 21-591,21-591,PO,Southern,_,9,2023,2022,2023-02-11,0.20412286640784397,0.297120279033353,0.09299741262550901,0.07379529350573458,0.32896600141159515,0,4.39,NA,NA,NA,20.4,29.7,9.3,7.4,0,4.39
Manta Tow (LTMP),Yonge Reef (14-138),YONGE REEF,14-138,CL,Northern,_,9,2023,2022,2022-10-24,0.2530980472252443,0.35389721973619226,0.10079917251094794,0.04936996375599964,0.16158939272900846,0,4.32,NA,NA,NA,25.3,35.4,10.1,4.9,0,4.32
Manta Tow (LTMP),North Direction Reef (14-143),NORTH DIRECTION ISLAND,14-143,CL,Northern,_,9,2023,2022,2022-10-20,0.4371353258522117,0.5143336954687308,0.07719836961651905,0.09594337573925085,0.22876869404410047,0,4.3,NA,NA,NA,43.7,51.4,7.7,9.6,0,4.3
Benthic Photo (LTMP),Davies Reef (18-096),DAVIES REEF,18-096,TO,Central,_,9,2024,2024,2024-06-02,0.3628169523067178,0.3843037669291698,0.021486814622452,0.018663817423912262,0.05090502944127377,0,4.27,m,Kirrily,DHW 4.27,36.3,38.4,2.1,1.9,0,4.27
Manta Tow (LTMP),Davies Reef (18-096),DAVIES REEF,18-096,TO,Central,_,9,2024,2024,2024-06-03,0.49040533998214814,0.5020451264025158,0.011639786420367615,0.043558188416194965,0.09479744648909197,0,4.27,m,Kirrily,DHW 4.27,49,50.2,1.2,4.4,0,4.27
Manta Tow (LTMP),Fairfax Islands Reef (23-081),FAIRFAX ISLAND,23-081,CB,Southern,_,9,2021,2020,2020-08-22,0.4013951176481543,0.5203128104360975,0.11891769278794317,0.07297509111154259,0.16276812761032805,0,4.25,NA,NA,NA,40.1,52,11.9,7.3,0,4.25
Manta Tow (LTMP),John Brewer Reef (18-075),JOHN BREWER REEF,18-075,TO,Central,_,9,2021,2020,2021-03-26,0.11694797177863321,0.2189638376100756,0.10201586583144238,0.05611461027324245,0.34247711255839375,0,4.22,NA,NA,NA,11.7,21.9,10.2,5.6,0,4.22
Manta Tow (LTMP),MacGillivray Reef (14-114),MACGILLIVRAY REEF,14-114,CL,Northern,_,9,2023,2022,2022-10-28,0.3045120088924622,0.3623742006231888,0.0578621917307266,0.04053342294728282,0.1255523643545847,0,4.035,NA,NA,NA,30.5,36.2,5.8,4.1,0,4.04
Benthic Photo (LTMP),Lizard Island Reef (North West) (14-116a),LIZARD ISLES,14-116a,CL,Northern,_,9,2023,2022,2022-10-18,0.16282802410731043,0.20806419610452695,0.04523617199721652,0.019362123638771003,0.10206595735671868,0,4.0325,NA,NA,NA,16.3,20.8,4.5,1.9,0,4.03
Benthic Photo (MMP),Stingaree Reefs (17-053),DUNK ISLAND,17-053,IN,Central,South,2,2024,2024,2024-06-03,0.33654597828120286,0.36033387700433595,0.023787898723133083,0.023229927766743784,0.06870646681035857,0,3.976666667,b,NA,partial bleaching at time of surveys,33.7,36,2.4,2.3,0,3.98
Benthic Photo (MMP),Stingaree Reefs (17-053),DUNK ISLAND,17-053,IN,Central,South,5,2024,2024,2024-06-03,0.34299737519484685,0.3489282706870231,0.005930895492176236,0.005786834536791832,0.01681527979172392,0,3.976666667,b,NA,partial bleaching at time of surveys,34.3,34.9,0.6,0.6,0,3.98
Manta Tow (LTMP),U/N Reef (21-529),REEF 21-529,21-529,SW,Southern,_,9,2021,2020,2020-09-05,0.4025133136712928,0.5357541541893404,0.13324084051804758,0.08689077083394108,0.19314924052241872,0,3.98,NA,NA,NA,40.3,53.6,13.3,8.7,0,3.98
Benthic Photo (LTMP),Wreck Island Reef (23-051),WRECK ISLAND,23-051,CB,Southern,_,9,1999,1998,1998-11-27,0.6464758736580415,0.7106200932368316,0.06414421957879013,0.087803889711546207,0.14075281984557686,0,3.96,NA,NA,NA,64.6,71.1,6.4,8.8,0,3.96
Manta Tow (LTMP),Wreck Island Reef (23-051),WRECK ISLAND,23-051,CB,Southern,_,9,1999,1998,1998-11-27,0.3487235951404653,0.4683144378615232,0.11959084272105791,0.07596012389957593,0.19310865853863302,0,3.96,NA,NA,NA,34.9,46.8,12,7.6,0,3.96
Manta Tow (LTMP),Pompey Reef (No 1) (20-351a),POMPEY REEF NO.1,20-351a,PO,Southern,_,9,2023,2022,2023-02-12,0.2759387739125331,0.338018215530854,0.06207944161832091,0.032796319978595626,0.10709985293327519,0,3.923333333,NA,NA,NA,27.6,33.8,6.2,3.3,0,3.92
Manta Tow (LTMP),Ashmore Banks (No 2) (11-237b),ASHMORE BANKS B,11-237b,CG,Northern,_,9,2025,2024,2024-12-11,0.7281769959478216,0.5967044612134649,-0.13147253473435672,0.008153382665776587,0.013829815536699196,0,3.84,NA,NA,NA,72.8,59.7,-13.1,0.8,0,3.84
Manta Tow (LTMP),Forrester Reef (15-009),FORRESTER REEF,15-009,CL,Northern,_,9,2023,2022,2022-10-29,0.2590405199034229,0.4022669377156626,0.14322641781223966,0.12238612716502414,0.4357226359646944,0,3.82,NA,NA,NA,25.9,40.2,14.3,12.2,0,3.82
Manta Tow (LTMP),Hoskyn Islands Reef (23-080),HOSKYN ISLAND,23-080,CB,Southern,_,9,2018,2017,2017-10-15,0.28753552549966693,0.5286337767414868,0.24109825124181988,0.13095040450318063,0.32845715076601506,0,3.8225,NA,NA,NA,28.8,52.9,24.1,13.1,0,3.82
Manta Tow (LTMP),Swinger Reef (15-030),SWINGER REEF,15-030,CL,Northern,_,9,2023,2022,2022-11-27,0.25473093814777953,0.39003555401249984,0.1353046158647203,0.11575292792836356,0.4204875896998501,0,3.823333333,NA,NA,NA,25.5,39,13.5,11.6,0,3.82
Manta Tow (LTMP),Hoskyn Islands Reef (23-080),HOSKYN ISLAND,23-080,CB,Southern,_,9,2021,2020,2020-08-22,0.46745503668090443,0.6250374582417474,0.15758242156084296,0.12593657427501756,0.2518223388771209,0,3.715,NA,NA,NA,46.7,62.5,15.8,12.6,0,3.71
Manta Tow (LTMP),Boult Reef (23-079),BOULT REEF,23-079,CB,Southern,_,9,2021,2020,2020-08-22,0.4830605824150165,0.6097543120993509,0.12669372968433446,0.10027516459117972,0.19643341962283506,0,3.703333333,NA,NA,NA,48.3,61,12.7,10,0,3.7
Benthic Photo (LTMP),Snake Reef (14-087),SNAKE REEF,14-087,CL,Northern,_,9,2003,2002,2002-09-05,0.42283170873262704,0.47281649142111654,0.04998478268848949,0.05895360766608534,0.14210383713404534,0,3.64,NA,NA,NA,42.3,47.3,5,5.9,0,3.64
Manta Tow (LTMP),Snake Reef (14-087),SNAKE REEF,14-087,CL,Northern,_,9,2003,2002,2002-09-05,0.23722915017184884,0.2773502616438328,0.04012111147198397,0.03136459710033993,0.12698954475075128,0,3.64,NA,NA,NA,23.7,27.7,4,3.1,0,3.64
Benthic Photo (LTMP),Broomfield Reef (23-048),BROOMFIELD REEF,23-048,CB,Southern,_,9,1999,1998,1998-11-26,0.4175331479875578,0.5052425334819522,0.08770938549439444,0.05727215774434855,0.12756333343877616,0,3.58,NA,NA,NA,41.8,50.5,8.8,5.7,0,3.58
Manta Tow (LTMP),Broomfield Reef (23-048),BROOMFIELD REEF,23-048,CB,Southern,_,9,1999,1998,1998-11-27,0.3097803270133311,0.3810072048445512,0.07122687783122011,0.02325906766136708,0.06483397473222426,0,3.58,NA,NA,NA,31,38.1,7.1,2.3,0,3.58
Manta Tow (LTMP),Mantis Reef (12-056),MANTIS REEF,12-056,CG,Northern,_,9,2024,2023,2023-12-01,0.39840345739747257,0.42120549680955033,0.022802039412077757,0.013819847888566297,0.03384018984281255,0,3.52,NA,NA,NA,39.8,42.1,2.3,1.4,0,3.52
Manta Tow (LTMP),U/N Reef (21-060),REEF 21-060,21-060,PO,Southern,_,9,2023,2022,2023-02-14,0.23358807516797667,0.34505928743386155,0.11147121226588488,0.06361155850738753,0.22521533010430653,0,3.47,NA,NA,NA,23.4,34.5,11.1,6.4,0,3.47
Manta Tow (LTMP),Lena Reef (15-085),LENA REEF,15-085,CL,Northern,_,9,2023,2022,2022-10-31,0.36389346994541305,0.3787038578034346,0.014810387858021523,0.003827612659949263,0.010183172545229952,0,3.38,NA,NA,NA,36.4,37.9,1.5,0.4,0,3.38
Benthic Photo (LTMP),Hayman Island Reef (20-014),HAYMAN ISLAND,20-014,WH,Southern,_,9,2017,2016,2017-02-28,0.34398026294237244,0.3704463181487038,0.026466055206331385,0.003440646390389837,0.009349438485419501,0,3.326666667,NA,NA,NA,34.4,37,2.6,0.3,0,3.33
Benthic Photo (MMP),Lady Elliot Reef (18-050),LADY ELLIOT REEF,18-050,TO,Central,_,5,2021,2021,2021-05-12,0.38507093786228247,0.42253458069183797,0.0374636428295555,0.036298182230248374,0.09373649371405574,0,3.31,NA,NA,NA,38.5,42.3,3.7,3.6,0,3.31
Benthic Photo (LTMP),U/N Reef (13-124),REEF 13-124,13-124,PB,Unknown,_,9,2024,2023,2023-11-23,0.2972918871717613,0.315898372616265,0.018606485444503718,0.01568776883971745,0.052082392329572125,0,3.26,NA,NA,NA,29.7,31.6,1.9,1.6,0,3.26
Manta Tow (LTMP),U/N Reef (13-124),REEF 13-124,13-124,PB,Unknown,_,9,2024,2023,2023-11-23,0.36531339315109623,0.3940946693282352,0.028781276177138992,0.035416860886025095,0.09846829594357796,0,3.26,NA,NA,NA,36.5,39.4,2.9,3.5,0,3.26
Manta Tow (LTMP),Middle Banks (11-222a),MIDDLE BANKS 3,11-222a,CG,Northern,_,9,2025,2024,2024-12-12,0.5926714991296673,0.6953845160742049,0.1027130169445376,0.14663327356764427,0.2667265887368947,0,3.235714286,NA,NA,NA,59.3,69.5,10.3,14.7,0,3.24
Benthic Photo (LTMP),Border Island Reef (No 1) (20-067a),BORDER ISLAND,20-067a,WH,Southern,_,9,2017,2016,2017-03-04,0.3095521032819058,0.3366500054314309,0.02709790214952512,0.01354958658427996,0.041806754315458265,0,3.22,NA,NA,NA,31,33.7,2.7,1.4,0,3.22
Benthic Photo (LTMP),U/N Reef (19-138),REEF 19-138,19-138,WH,Southern,_,9,2021,2020,2021-02-15,0.3413425659846269,0.39030569859564873,0.04896313261102181,0.0018509248585458424,0.0047526053944206845,0,3.195,NA,NA,NA,34.1,39,4.9,0.2,0,3.19
Manta Tow (LTMP),Ashmore Banks (No 1) (11-237a),ASHMORE BANKS A,11-237a,CG,Northern,_,9,2025,2024,2024-12-11,0.5575101671512852,0.679667499203861,0.12215733205257584,0.18344686103144126,0.368944583044093,0,3.175,NA,NA,NA,55.8,68,12.2,18.3,0,3.17
Benthic Photo (LTMP),U/N Reef (21-550),REEF 21-550,21-550,SW,Southern,_,9,2018,2017,2018-01-17,0.46355140570454345,0.49504179035980583,0.03149038465526238,0.0014192344265433754,0.0028693281564273576,0,3.0475,NA,NA,NA,46.4,49.5,3.1,0.1,0,3.05
Benthic Photo (MMP),Magnetic Island Reef (No 2) (19-009c),GEOFFREY BAY,19-009c,TO,Central,_,5,2023,2023,2023-05-29,0.23036904161264224,0.2800670648981542,0.049698023285511955,0.04343094431180115,0.18276238563665267,0,3.02,NA,NA,NA,23,28,5,4.3,0,3.02
Benthic Photo (LTMP),Slate Reef (19-159),SLATE REEF,19-159,WH,Southern,_,9,2017,2016,2017-02-19,0.1799084750222168,0.3228745051444306,0.14296603012221382,0.03830371321781234,0.13413036031939518,0,3.01,NA,NA,NA,18,32.3,14.3,3.8,0,3.01
Manta Tow (LTMP),Wheeler Reef (18-095),WHEELER REEF,18-095,TO,Central,_,9,2003,2002,2003-03-16,0.3554997844594926,0.40772232029795175,0.05222253583845915,0.019049890841095547,0.0488869352847164,0,2.975,NA,NA,NA,35.5,40.8,5.2,1.9,0,2.98
Manta Tow (LTMP),Helix Reef (18-076),HELIX REEF,18-076,TO,Central,_,9,2003,2002,2003-03-24,0.3244645990409164,0.39859074306174036,0.07412614402082396,0.04963196139413944,0.14182230592310452,0,2.96,NA,NA,NA,32.4,39.9,7.4,5,0,2.96
Benthic Photo (LTMP),Linnet Reef (14-126),LINNET REEF,14-126,CL,Northern,_,9,2003,2002,2002-08-01,0.4985309417433873,0.5090581167680099,0.010527175024622637,0.04093990081980279,0.08726990218670756,0,2.935,NA,NA,NA,49.9,50.9,1.1,4.1,0,2.94
Benthic Photo (MMP),Pandora Reef (18-051),PANDORA REEF,18-051,TO,Central,South,2,2021,2021,2021-05-12,0.08733807913008926,0.12448185110480109,0.03714377197471183,1.2108064660162898e-4,9.658575498465235e-4,0,2.92,NA,NA,NA,8.7,12.4,3.7,0,0,2.92
Manta Tow (LTMP),Egret Reef (15-013),EGRET REEF,15-013,CL,Northern,_,9,2023,2022,2022-10-30,0.11954703074719278,0.162051779215528,0.04250474846833521,0.010214172047720599,0.0668302274354897,0,2.8,NA,NA,NA,12,16.2,4.3,1,0,2.8
Manta Tow (LTMP),Bowden Reef (19-019),BOWDEN REEF,19-019,CU,Southern,_,9,2003,2002,2002-11-22,0.18022805619511498,0.23793545138310712,0.057707395187992144,0.01821445549684004,0.08252253222989972,0,2.7,NA,NA,NA,18,23.8,5.8,1.8,0,2.7
Manta Tow (LTMP),Knife Reef (18-081),KNIFE REEF,18-081,TO,Central,_,9,2003,2002,2003-03-23,0.2852537201729708,0.25080973904587006,-0.03444398112710073,0.00715677043432069,0.029252743079050625,0,2.67,NA,NA,NA,28.5,25.1,-3.4,0.7,0,2.67
Manta Tow (LTMP),Boulder Reef (15-012),BOULDER REEF,15-012,CL,Northern,_,9,2023,2022,2022-10-30,0.26032528409459676,0.32036762774258476,0.060042343647987995,0.0405558285428763,0.14442352015996915,0,2.64,NA,NA,NA,26,32,6,4.1,0,2.64
Benthic Photo (LTMP),Low Islands Reef (16-028),LOW ISLES,16-028,CA,Central,_,9,2017,2016,2016-09-06,0.21446970125045456,0.30127677866837826,0.0868070774179237,0.05237372213460641,0.20957615669470064,0,2.62,NA,NA,NA,21.4,30.1,8.7,5.2,0,2.62
Manta Tow (LTMP),Rebe Reef (19-209),REBE REEF,19-209,WH,Southern,_,9,2017,2016,2017-02-21,0.10856331034270567,0.2568013880799576,0.14823807773725195,0.061171678609190525,0.3111008950470169,0,2.5925,NA,NA,NA,10.9,25.7,14.8,6.1,0,2.59
Manta Tow (LTMP),Rodda Reef (13-127),RODDA REEF,13-127,PB,Unknown,_,9,1999,1998,1998-10-22,0.3160816017049101,0.3754051575031626,0.05932355579825249,0.05634820755719315,0.17605681603447634,0,2.465,NA,NA,NA,31.6,37.5,5.9,5.6,0,2.46
Manta Tow (LTMP),Pickersgill Reef (15-093),PICKERSGILL REEF,15-093,CA,Central,_,9,2021,2020,2021-01-10,0.1701733599111767,0.3384258222928397,0.16825246238166297,0.14771946361869034,0.7705506726032744,0,2.44,NA,NA,NA,17,33.8,16.8,14.8,0,2.44
Manta Tow (LTMP),Evening Reef (15-095),EVENING REEF,15-095,CA,Central,_,9,2021,2020,2021-01-10,0.11126330182411942,0.25739246293163504,0.14612916110751561,0.1169651273966322,0.8270333804576534,0,2.4075,NA,NA,NA,11.1,25.7,14.6,11.7,0,2.41
Benthic Photo (LTMP),North Direction Reef (14-143),NORTH DIRECTION ISLAND,14-143,CL,Northern,_,9,2003,2002,2002-07-27,0.19281321867281495,0.24208691552387032,0.04927369685105537,0.027080440213497654,0.12536865005822928,0,2.405,NA,NA,NA,19.3,24.2,4.9,2.7,0,2.4
Manta Tow (LTMP),North Direction Reef (14-143),NORTH DIRECTION ISLAND,14-143,CL,Northern,_,9,2003,2002,2002-07-28,0.19381285032789256,0.2981459527768014,0.10433310244890884,0.08223327715644914,0.37910775348314146,0,2.405,NA,NA,NA,19.4,29.8,10.4,8.2,0,2.4
Benthic Photo (LTMP),No Name Reef (14-139),NO NAME REEF,14-139,CL,Northern,_,9,2024,2023,2024-01-21,0.3168850208218846,0.44282285881471023,0.12593783799282565,0.1044498641266367,0.30777305726001936,0,2.345,NA,NA,NA,31.7,44.3,12.6,10.4,0,2.35
Manta Tow (LTMP),Rodda Reef (13-127),RODDA REEF,13-127,PB,Unknown,_,9,2024,2023,2023-12-03,0.39421412911463016,0.4008909239757581,0.006676794861127933,0.018973827954018578,0.049550746496158975,0,2.35,NA,NA,NA,39.4,40.1,0.7,1.9,0,2.35
Manta Tow (LTMP),U/N Reef (21-187),REEF 21-187,21-187,SW,Southern,_,9,2018,2017,2017-10-25,0.25324235154721186,0.34323147951745453,0.08998912797024267,0.04559669249260845,0.15268379463379414,0,2.35,NA,NA,NA,25.3,34.3,9,4.6,0,2.35
Benthic Photo (LTMP),Carter Reef (14-137),CARTER REEF,14-137,CL,Northern,_,9,2024,2023,2024-02-03,0.3274738995247398,0.37643575381068406,0.04896185428594424,0.02825384501761387,0.08091440107900169,0,2.34,NA,NA,NA,32.7,37.6,4.9,2.8,0,2.34
Manta Tow (LTMP),Corbett Reef (14-016),CORBETT REEF,14-016,PB,Unknown,_,9,2024,2023,2023-12-03,0.2735640025562529,0.32459695544892575,0.051032952892672845,0.043021792479483074,0.15224902297635903,0,2.25125,NA,NA,NA,27.4,32.5,5.1,4.3,0,2.25
Manta Tow (LTMP),U/N Reef (20-354),REEF 20-354,20-354,PO,Southern,_,9,2023,2022,2023-02-17,0.38973927386568513,0.4883089395562144,0.09856966569052927,0.08619552490861443,0.21382450143458062,0,2.2,NA,NA,NA,39,48.8,9.9,8.6,0,2.2
Manta Tow (LTMP),Credlin Reefs (East) (20-287),CREDLIN REEF EAST,20-287,PO,Southern,_,9,2017,2016,2017-02-24,0.22940510456842383,0.2783566895044776,0.04895158493605378,0.010956237393756278,0.04082048784789893,0,2.1375,NA,NA,NA,22.9,27.8,4.9,1.1,0,2.14
Manta Tow (LTMP),U/N Reef (21-302),REEF 21-302,21-302,SW,Southern,_,9,2018,2017,2018-01-20,0.33696586894113495,0.5143241990457507,0.1773583301046157,0.20072339675233034,0.6380256988827404,0,2.11,NA,NA,NA,33.7,51.4,17.7,20.1,0,2.11
Manta Tow (LTMP),U/N Reef (13-124),REEF 13-124,13-124,PB,Unknown,_,9,1999,1998,1998-10-22,0.14966952941967762,0.23543347375974627,0.08576394434006865,0.06946492176488084,0.4160359596759095,0,2.09,NA,NA,NA,15,23.5,8.6,6.9,0,2.09
Manta Tow (LTMP),Ben Reef (20-113),BEN REEF,20-113,PO,Southern,_,9,2021,2020,2021-02-08,0.3712366788851641,0.6037808687413737,0.23254418985620962,0.15039889152940997,0.33099660433769956,0,1.96,NA,NA,NA,37.1,60.4,23.3,15,0,1.96
Benthic Photo (LTMP),Sand Bank No 1 Reef (14-045),SAND BANK NO.1,14-045,CL,Northern,_,9,2024,2023,2023-12-04,0.378255335964992,0.42214123311310725,0.04388589714811525,0.0597345886519709,0.16437395838082722,0,1.95,NA,NA,NA,37.8,42.2,4.4,6,0,1.95
Manta Tow (LTMP),Sand Bank No 1 Reef (14-045),SAND BANK NO.1,14-045,CL,Northern,_,9,2024,2023,2023-12-04,0.3542715775482376,0.449334665923309,0.09506308837507138,0.10506040571390077,0.30428102474300234,0,1.95,NA,NA,NA,35.4,44.9,9.5,10.5,0,1.95
Manta Tow (LTMP),Tydeman Reef (13-133),TYDEMAN REEF,13-133,PB,Unknown,_,9,2024,2023,2023-12-03,0.30046294267918605,0.38356413829938735,0.0831011956202013,0.06936523775484203,0.22006814628796278,0,1.93,NA,NA,NA,30,38.4,8.3,6.9,0,1.93
Manta Tow (LTMP),U/N Reef (14-056),REEF 14-056,14-056,CL,Northern,_,9,1999,1998,1998-10-21,0.07586197474352491,0.09629541495004672,0.02043344020652181,0.004090078576134259,0.04388245067563582,0,1.916666667,NA,NA,NA,7.6,9.6,2,0.4,0,1.92
Benthic Photo (LTMP),Slate Reef (19-159),SLATE REEF,19-159,WH,Southern,_,9,2003,2002,2002-12-03,0.42090079774177586,0.42860616360659,0.007705365864814129,0.012593209852856549,0.03019860591739185,0,1.86,NA,NA,NA,42.1,42.9,0.8,1.3,0,1.86
Manta Tow (LTMP),Slate Reef (19-159),SLATE REEF,19-159,WH,Southern,_,9,2003,2002,2002-12-03,0.4006466983146247,0.40528948091827255,0.004642782603647866,0.0026307449509383285,0.0065172501336654325,0,1.86,NA,NA,NA,40.1,40.5,0.5,0.3,0,1.86
Benthic Photo (LTMP),Davie Reef (13-130),DAVIE REEF,13-130,PB,Unknown,_,9,2024,2023,2023-11-21,0.4660953001486576,0.5412236066213202,0.07512830647266261,0.10051143371318842,0.227549612344718,0,1.845,NA,NA,NA,46.6,54.1,7.5,10.1,0,1.84
Manta Tow (LTMP),Lagoon Reef (12-061),LAGOON REEF,12-061,CG,Northern,_,9,2024,2023,2023-12-02,0.47062907693513956,0.5429476932960781,0.0723186163609385,0.08857701615463673,0.19451629321122071,0,1.793333333,NA,NA,NA,47.1,54.3,7.2,8.9,0,1.79
Benthic Photo (LTMP),Snake Reef (14-087),SNAKE REEF,14-087,CL,Northern,_,9,1999,1998,1998-12-06,0.21130235098820302,0.3011479133292205,0.08984556234101745,0.0795003264052675,0.3570679902873659,0,1.76,NA,NA,NA,21.1,30.1,9,8,0,1.76
Manta Tow (LTMP),Snake Reef (14-087),SNAKE REEF,14-087,CL,Northern,_,9,1999,1998,1998-12-04,0.23533697867048584,0.24749463749396114,0.012157658823475304,0.003275859678578366,0.013358926701138092,0,1.76,NA,NA,NA,23.5,24.7,1.2,0.3,0,1.76
Benthic Photo (MMP),Magnetic Island Reef (No 2) (19-009c),GEOFFREY BAY,19-009c,TO,Central,_,2,2021,2021,2021-07-10,0.1700134002278537,0.2549857088869728,0.08497230865911912,0.07834093204296073,0.4409976664371677,0,1.73,b,NA,bleaching at time of previous survey,17,25.5,8.5,7.8,0,1.73
Manta Tow (LTMP),Erskine Reef (23-068),ERSKINE ISLAND,23-068,CB,Southern,_,9,2018,2017,2017-10-21,0.2409683294399881,0.31624814688847025,0.07527981744848214,0.02525645779866205,0.08649718037315059,0,1.73,m,NA,high disease and unknown scaring 113,24.1,31.6,7.5,2.5,0,1.73
Manta Tow (LTMP),U/N Reef (21-139),REEF 21-139,21-139,SW,Southern,_,9,2023,2022,2023-02-16,0.6170571930111527,0.6226561527522375,0.005598959741084819,0.047016239953902673,0.08153483466959632,0,1.7,NA,NA,NA,61.7,62.3,0.6,4.7,0,1.7
Manta Tow (LTMP),Lizard Island Reef (North West) (14-116a),LIZARD ISLES,14-116a,CL,Northern,_,9,2003,2002,2002-07-22,0.09260957319696586,0.12437368886972205,0.031764115672756194,6.304089614752768e-4,0.005053650681134611,0,1.655,NA,NA,NA,9.3,12.4,3.2,0.1,0,1.66
Manta Tow (LTMP),U/N Reef (21-558),REEF 21-558,21-558,SW,Southern,_,9,2018,2017,2018-01-23,0.3897085065859341,0.5567616569625632,0.1670531503766291,0.2870185867757349,1.0601142499332505,0,1.655,NA,NA,NA,39,55.7,16.7,28.7,0,1.66
Benthic Photo (LTMP),Turner Reef (21-562),TURNER CAY,21-562,SW,Southern,_,9,1999,1998,1998-12-08,0.31118463446278893,0.3347996283950836,0.02361499393229466,0.01426775146006254,0.04437429842437033,0,1.56,NA,NA,NA,31.1,33.5,2.4,1.4,0,1.56
Manta Tow (LTMP),Turner Reef (21-562),TURNER CAY,21-562,SW,Southern,_,9,1999,1998,1998-12-08,0.40791053933765054,0.4017791847888011,-0.006131354548849444,0.014455416717897861,0.03722516597350919,0,1.56,NA,NA,NA,40.8,40.2,-0.6,1.4,0,1.56
Benthic Photo (LTMP),North Direction Reef (14-143),NORTH DIRECTION ISLAND,14-143,CL,Northern,_,9,2024,2023,2023-11-17,0.11703656144075306,0.17564623667562165,0.0586096752348686,0.032393097874998736,0.2245573173958476,0,1.505,NA,NA,NA,11.7,17.6,5.9,3.2,0,1.5
Manta Tow (LTMP),MacGillivray Reef (14-114),MACGILLIVRAY REEF,14-114,CL,Northern,_,9,2024,2023,2023-11-19,0.3623742006231888,0.4652605846420815,0.10288638401889266,0.0928141023315267,0.2485338776182214,0,1.5,NA,NA,NA,36.2,46.5,10.3,9.3,0,1.5
Manta Tow (LTMP),North Direction Reef (14-143),NORTH DIRECTION ISLAND,14-143,CL,Northern,_,9,2024,2023,2023-11-17,0.5143336954687308,0.5837507562816058,0.06941706081287502,0.10619067753444181,0.2218962304846685,0,1.505,NA,NA,NA,51.4,58.4,6.9,10.6,0,1.5
Benthic Photo (LTMP),U/N Reef (19-131a),REEF 19-131,19-131a,WH,Southern,_,9,2017,2016,2017-02-27,0.45716475102050036,0.5457793727456678,0.08861462172516743,0.08277320874306289,0.17838816628866638,0,1.483333333,NA,NA,NA,45.7,54.6,8.9,8.3,0,1.48
Benthic Photo (LTMP),Snake Reef (14-087),SNAKE REEF,14-087,CL,Northern,_,9,2024,2023,2024-04-30,0.2135346842720574,0.26604015820313404,0.05250547393107663,0.04228577435051584,0.18814215600904394,0,1.46,b,NA,DHW 7.58 19% bl,21.4,26.6,5.3,4.2,0,1.46
Manta Tow (LTMP),MacGillivray Reef (14-114),MACGILLIVRAY REEF,14-114,CL,Northern,_,9,2003,2002,2002-07-24,0.18073980487948743,0.2473142566027345,0.06657445172324708,0.03960146570952387,0.18974144104941915,0,1.455,NA,NA,NA,18.1,24.7,6.7,4,0,1.46
Manta Tow (LTMP),Snake Reef (14-087),SNAKE REEF,14-087,CL,Northern,_,9,2024,2023,2023-10-10,0.24745870642865467,0.29321535546036537,0.0457566490317107,0.030226334508975154,0.11449845300400163,0,1.46,b,NA,DHW 7.58 19% bl,24.7,29.3,4.6,3,0,1.46
Benthic Photo (LTMP),U/N Reef (19-138),REEF 19-138,19-138,WH,Southern,_,9,2017,2016,2017-03-06,0.41936479509367314,0.49843554837857673,0.0790707532849036,0.05348220037497407,0.11992779203115662,0,1.435,NA,NA,NA,41.9,49.8,7.9,5.3,0,1.44
Manta Tow (LTMP),U/N Reef (19-138),REEF 19-138,19-138,WH,Southern,_,9,2017,2016,2017-03-06,0.31298391441224016,0.3677573946190468,0.05477348020680661,9.041583257155469e-4,0.0024579322308708974,0,1.435,NA,NA,NA,31.3,36.8,5.5,0.1,0,1.44
Benthic Photo (LTMP),Lady Musgrave Reef (23-082a),LADY MUSGRAVE ISLAND,23-082a,CB,Southern,_,9,2024,2023,2023-09-29,0.5791413256264978,0.6333792303847722,0.05423790475827439,0.05178003926455049,0.08887763672480875,0,1.42,NA,NA,NA,57.9,63.3,5.4,5.2,0,1.42
Benthic Photo (LTMP),Linnet Reef (14-126),LINNET REEF,14-126,CL,Northern,_,9,1999,1998,1998-10-15,0.44032457863175106,0.4557232918884359,0.015398713256684848,0.03439498129301134,0.081441334691769,0,1.415,NA,NA,NA,44,45.6,1.5,3.4,0,1.42
Manta Tow (LTMP),Lady Musgrave Reef (23-082a),LADY MUSGRAVE ISLAND,23-082a,CB,Southern,_,9,2024,2023,2023-09-29,0.5611650526990862,0.6318089437365313,0.07064389103744506,0.0637034745519229,0.11193614892366911,0,1.42,NA,NA,NA,56.1,63.2,7.1,6.4,0,1.42
Manta Tow (LTMP),Linnet Reef (14-126),LINNET REEF,14-126,CL,Northern,_,9,1999,1998,1998-10-15,0.29473783761522593,0.34961434734645097,0.05487650973122504,0.04987352648126299,0.16583557342759137,0,1.415,NA,NA,NA,29.5,35,5.5,5,0,1.42
Benthic Photo (MMP),Stingaree Reefs (17-053),DUNK ISLAND,17-053,IN,Central,North,2,2021,2021,2021-06-18,0.3211798064270134,0.40895455307173145,0.08777474664471807,0.08626158073294622,0.2664919788331477,0,1.393333333,NA,NA,NA,32.1,40.9,8.8,8.6,0,1.39
Benthic Photo (MMP),Stingaree Reefs (17-053),DUNK ISLAND,17-053,IN,Central,South,2,2021,2021,2021-06-09,0.2240744293685257,0.2954679721550598,0.07139354278653412,0.06499677718372672,0.2807985554823629,0,1.393333333,NA,NA,NA,22.4,29.5,7.1,6.5,0,1.39
Benthic Photo (MMP),Stingaree Reefs (17-053),DUNK ISLAND,17-053,IN,Central,North,5,2021,2021,2021-07-18,0.23141243605240658,0.2929492735796983,0.06153683752729172,0.05542957802199648,0.23238994118448875,0,1.393333333,NA,NA,NA,23.1,29.3,6.2,5.5,0,1.39
Benthic Photo (MMP),Stingaree Reefs (17-053),DUNK ISLAND,17-053,IN,Central,South,5,2021,2021,2021-06-09,0.3216704705634351,0.3584809849908703,0.03681051442743516,0.035327166083688216,0.10898272370440211,0,1.393333333,NA,NA,NA,32.2,35.8,3.7,3.5,0,1.39
Manta Tow (LTMP),Lizard Island Reef (North West) (14-116a),LIZARD ISLES,14-116a,CL,Northern,_,9,2024,2023,2023-11-20,0.18970884700098545,0.2133297856632696,0.023620938662284152,0.00178779061610497,0.00841147000482538,0,1.3925,b,NA,need to investigate drop. Not bleaching- erroneous photo transect data bleaching,19,21.3,2.4,0.2,0,1.39
Manta Tow (LTMP),Martin Reef (14-123),MARTIN REEF,14-123,CL,Northern,_,9,1999,1998,1998-10-19,0.19902088277439403,0.2561910938262319,0.057170211051837866,0.04091033748517177,0.18915384880871663,0,1.39,NA,NA,NA,19.9,25.6,5.7,4.1,0,1.39
Benthic Photo (LTMP),Small Lagoon Reef (21-572),SMALL LAGOON REEF,21-572,SW,Southern,_,9,2018,2017,2018-01-19,0.47855907796954356,0.529814252588161,0.051255174618617394,0.0938428742601134,0.21475748507643155,0,1.33,NA,NA,NA,47.9,53,5.1,9.4,0,1.33
Manta Tow (LTMP),Small Lagoon Reef (21-572),SMALL LAGOON REEF,21-572,SW,Southern,_,9,2018,2017,2018-01-18,0.2803916846170439,0.39996308492614335,0.11957140030909946,0.06520533466741336,0.19420351314948675,0,1.33,NA,NA,NA,28,40,12,6.5,0,1.33
Benthic Photo (LTMP),Pandora Reef (18-051),PANDORA REEF,18-051,TO,Central,North,9,2003,2002,2003-03-21,0.3783111768004974,0.3893673871996925,0.011056210399195077,0.0083207989438858,0.021779539981952277,0,1.32,NA,NA,NA,37.8,38.9,1.1,0.8,0,1.32
Manta Tow (LTMP),Davies Reef (18-096),DAVIES REEF,18-096,TO,Central,_,9,2023,2023,2023-05-05,0.5292420727778431,0.49040533998214814,-0.03883673279569494,0.004913028018260719,0.010098881107550608,0,1.26,b,NA,NA,52.9,49,-3.9,0.5,0,1.26
Manta Tow (LTMP),Pearson Reef (11-211),PEARSON REEF,11-211,CG,Northern,_,9,2024,2023,2023-11-30,0.22590760344905939,0.4071816291112013,0.18127402566214193,0.15335269366446808,0.6017868159109557,0,1.26,NA,NA,NA,22.6,40.7,18.1,15.3,0,1.26
Manta Tow (LTMP),North Direction Reef (14-143),NORTH DIRECTION ISLAND,14-143,CL,Northern,_,9,1999,1998,1998-10-20,0.15023308691058856,0.274430557877155,0.12419747096656641,0.098918297724962,0.5604046859955922,0,1.255,NA,NA,NA,15,27.4,12.4,9.9,0,1.25
Manta Tow (LTMP),Linnet Reef (14-126),LINNET REEF,14-126,CL,Northern,_,9,2024,2023,2024-01-23,0.2957950711245892,0.4278475351183221,0.13205246399373288,0.12719498224468503,0.421660552954005,0,1.23,m,NA,NA,29.6,42.8,13.2,12.7,0,1.23
Benthic Photo (LTMP),Davies Reef (18-096),DAVIES REEF,18-096,TO,Central,_,9,1999,1998,1999-04-16,0.4027800995226544,0.40443257146622535,0.0016524719435709323,0.008946235191535978,0.022563791921792593,0,1.19,NA,NA,NA,40.3,40.4,0.2,0.9,0,1.19
Manta Tow (LTMP),U/N Reef (21-591),REEF 21-591,21-591,PO,Southern,_,9,2024,2023,2024-03-19,0.297120279033353,0.3794207532763258,0.08230047424297282,0.08292173553196985,0.2787294430774403,0,1.14,b,NA,DHW 8.45,29.7,37.9,8.2,8.3,0,1.14
Benthic Photo (LTMP),Wreck Island Reef (23-051),WRECK ISLAND,23-051,CB,Southern,_,9,2024,2023,2023-09-27,0.586170210958874,0.6697295842357892,0.0835593732769152,0.0909376775865757,0.15684537252706932,0,1.12,NA,NA,NA,58.6,67,8.4,9.1,0,1.12
Manta Tow (LTMP),MacGillivray Reef (14-114),MACGILLIVRAY REEF,14-114,CL,Northern,_,9,1999,1998,1998-10-17,0.17188808027644992,0.315432115548715,0.14354403527226506,0.116293041428678,0.5810611542997804,0,1.125,NA,NA,NA,17.2,31.5,14.4,11.6,0,1.12
Manta Tow (LTMP),Wreck Island Reef (23-051),WRECK ISLAND,23-051,CB,Southern,_,9,2024,2023,2023-09-27,0.5558434706092702,0.5789666427911073,0.023123172181837126,0.02274098397688311,0.040811085450149415,0,1.12,NA,NA,NA,55.6,57.9,2.3,2.3,0,1.12
Benthic Photo (MMP),Snapper Reef (16-006),SNAPPER ISLAND,16-006,CA,Central,North,2,2021,2021,2021-06-15,0.08856604734092528,0.12052312325736647,0.03195707591644119,0.0014304283723466649,0.011911035668873932,0,1.095,NA,NA,NA,8.9,12.1,3.2,0.1,0,1.09
Benthic Photo (MMP),Snapper Reef (16-006),SNAPPER ISLAND,16-006,CA,Central,South,5,2021,2021,2021-06-23,0.4809615546452403,0.5369566466702401,0.055995092024999804,0.04074548754984306,0.08194805527278352,0,1.095,NA,NA,NA,48.1,53.7,5.6,4.1,0,1.09
Benthic Photo (MMP),Lady Elliot Reef (18-050),LADY ELLIOT REEF,18-050,TO,Central,_,2,2023,2023,2023-05-27,0.2439418265965528,0.28260863470467995,0.03866680810812714,0.010075879540701722,0.036836098604210686,0,1.05,NA,NA,NA,24.4,28.3,3.9,1,0,1.05
Benthic Photo (MMP),Lady Elliot Reef (18-050),LADY ELLIOT REEF,18-050,TO,Central,_,5,2023,2023,2023-05-27,0.42889018050051153,0.47792090971010104,0.04903072920958951,0.05854357307936499,0.1392643417663362,0,1.05,NA,NA,NA,42.9,47.8,4.9,5.9,0,1.05
Manta Tow (LTMP),U/N Reef (11-049),REEF 11-049,11-049,CG,Northern,_,9,2024,2023,2023-11-28,0.17383394968628782,0.2584622365258491,0.08462828683956128,0.052599345922132654,0.2542715407709171,0,1.025,NA,NA,NA,17.4,25.8,8.5,5.3,0,1.02
Manta Tow (LTMP),Credlin Reefs (East) (20-287),CREDLIN REEF EAST,20-287,PO,Southern,_,9,2024,2023,2024-03-25,0.129736035321844,0.35058914094719495,0.22085310562535096,0.17897068017602363,1.0367991892435713,0,0.9825,b,NA,DHW 8.1 to 8.2,13,35.1,22.1,17.9,0,0.98
Benthic Photo (LTMP),Broomfield Reef (23-048),BROOMFIELD REEF,23-048,CB,Southern,_,9,2024,2023,2023-09-28,0.5268282473039908,0.5750808079045714,0.048252560600580585,0.04134202209492513,0.07731255557295943,0,0.97,NA,NA,NA,52.7,57.5,4.8,4.1,0,0.97
Benthic Photo (MMP),Humpy (Bur-ye-Bur-ye) Reef (23-016),HUMPY ISLAND AND HALFWAY ISLAND,23-016,CB,Southern,_,2,2018,2018,2018-05-03,0.1630384146475774,0.21031957156152492,0.04728115691394752,0.032341454761204244,0.18070060932245935,0,0.97,NA,NA,NA,16.3,21,4.7,3.2,0,0.97
Benthic Photo (MMP),Pelican Island Reef (23-017),PELICAN ISLAND,23-017,CB,Southern,_,2,2023,2023,2023-05-20,0.04022424220219058,0.06792091059527568,0.0276966683930851,0.003203127561046338,0.0487406515125134,0,0.97,NA,NA,NA,4,6.8,2.8,0.3,0,0.97
Manta Tow (LTMP),Broomfield Reef (23-048),BROOMFIELD REEF,23-048,CB,Southern,_,9,2024,2023,2023-09-28,0.5755172728615985,0.581105916624201,0.005588643762602485,0.010610384561894106,0.018565997399149076,0,0.97,NA,NA,NA,57.6,58.1,0.6,1.1,0,0.97
Benthic Photo (LTMP),U/N Reef (22-084),REEF 22-084,22-084,SW,Southern,_,9,2018,2017,2018-01-26,0.466889509354925,0.461716679753272,-0.005172829601652995,0.013265410642732546,0.029514680577017147,0,0.96,NA,NA,NA,46.7,46.2,-0.5,1.3,0,0.96
Manta Tow (LTMP),U/N Reef (22-084),REEF 22-084,22-084,SW,Southern,_,9,2018,2017,2017-10-24,0.35839515068132244,0.5215636431682587,0.1631684924869362,0.13625897699903583,0.35272412924814855,0,0.96,NA,NA,NA,35.8,52.2,16.3,13.6,0,0.96
Manta Tow (LTMP),Green Island Reef (16-049),GREEN ISLAND,16-049,CA,Central,_,9,2024,2023,2023-09-05,0.17582358021674122,0.2656522811676246,0.08982870095088341,0.07272314486145057,0.3749985497106311,0,0.95,NA,NA,NA,17.6,26.6,9,7.3,0,0.95
Benthic Photo (LTMP),U/N Reef (21-529),REEF 21-529,21-529,SW,Southern,_,9,1999,1998,1998-12-12,0.4251587722860664,0.4822837956988047,0.057125023412738285,0.035633232083148586,0.07960055225964725,0,0.91,NA,NA,NA,42.5,48.2,5.7,3.6,0,0.91
Manta Tow (LTMP),U/N Reef (21-529),REEF 21-529,21-529,SW,Southern,_,9,1999,1998,1998-12-13,0.2806636717303373,0.3838484629422491,0.10318479121191182,0.06160673023992804,0.19059027349250954,0,0.91,NA,NA,NA,28.1,38.4,10.3,6.2,0,0.91
Benthic Photo (LTMP),Havannah Reef (18-065),HAVANNAH ISLAND,18-065,TO,Central,North,9,2023,2023,2023-05-09,0.10799117283240971,0.1842318417004947,0.07624066886808499,0.03798125702668583,0.257936205216586,0,0.86,b,NA,NA,10.8,18.4,7.6,3.8,0,0.86
Benthic Photo (LTMP),Chicken Reef (18-086),CHICKEN REEF,18-086,TO,Central,_,9,2023,2023,2023-05-07,0.46818137082008193,0.48222970643224033,0.014048335612158402,0.05175636810597192,0.1199526448302471,0,0.846666667,b,NA,"51% bleaching on scuba in 2022, DHW 5",46.8,48.2,1.4,5.2,0,0.85
Benthic Photo (LTMP),U/N Reef (20-104),REEF 20-104,20-104,WH,Southern,_,9,2017,2016,2017-02-18,0.48937499535900575,0.5670226223201946,0.07764762696118888,0.07079491237957983,0.14237925796218204,0,0.85,NA,NA,NA,48.9,56.7,7.8,7.1,0,0.85
Benthic Photo (LTMP),Knife Reef (18-081),KNIFE REEF,18-081,TO,Central,_,9,2023,2023,2023-05-08,0.45367542122249976,0.44284851257291497,-0.010826908649584799,0.11080419708580969,0.33270106088959733,0,0.81,b,NA,DHW,45.4,44.3,-1.1,11.1,0,0.81
Manta Tow (LTMP),Pompey Reef (No 1) (20-351a),POMPEY REEF NO.1,20-351a,PO,Southern,_,9,2024,2023,2024-03-23,0.338018215530854,0.39403716523982174,0.05601894970896776,0.03552380941054526,0.09881081977776257,0,0.813333333,b,NA,DHW 8.65,33.8,39.4,5.6,3.6,0,0.81
Manta Tow (LTMP),Pompey Reef (No 2) (20-351b),POMPEY REEF NO.2,20-351b,PO,Southern,_,9,2024,2023,2024-03-22,0.17516602399700573,0.24979788892199734,0.0746318649249916,0.04586613683831003,0.22381176353569565,0,0.81,b,NA,DHW 8.63,17.5,25,7.5,4.6,0,0.81
Manta Tow (LTMP),Hastings Reef (16-057),HASTINGS REEF,16-057,CA,Central,_,9,2024,2023,2023-09-04,0.25293971663094555,0.2675786329407455,0.014638916309799965,0.0013629174586354768,0.0051004390074008334,0,0.8,NA,NA,NA,25.3,26.8,1.5,0.1,0,0.8
Benthic Photo (MMP),Jessie-Kent Reef (17-043a),NORTH BARNARD ISLANDS,17-043a,IN,Central,_,5,2021,2021,2021-06-08,0.4849757876475668,0.46160720635675023,-0.023368581290816592,0.0166733158196212,0.037389658362897975,0,0.79,NA,NA,NA,48.5,46.2,-2.3,1.7,0,0.79
Manta Tow (LTMP),McSweeney Reef (11-016),MCSWEENEY REEF,11-016,CG,Northern,_,9,2024,2023,2023-11-26,0.13351880144784073,0.20078260575299658,0.06726380430515586,0.03406602901344981,0.20311664878750893,0,0.775,NA,NA,NA,13.4,20.1,6.7,3.4,0,0.78
Benthic Photo (LTMP),No Name Reef (14-139),NO NAME REEF,14-139,CL,Northern,_,9,1999,1998,1998-10-09,0.5097929492319645,0.5896224517656051,0.07982950253364063,0.10841044383785946,0.22481904650973272,0,0.7575,NA,NA,NA,51,59,8,10.8,0,0.76
Benthic Photo (LTMP),Yonge Reef (14-138),YONGE REEF,14-138,CL,Northern,_,9,1999,1998,1998-10-10,0.43059935190938875,0.5445895938495561,0.11399024194016733,0.08340940065499211,0.18046944002180393,0,0.76,NA,NA,NA,43.1,54.5,11.4,8.3,0,0.76
Manta Tow (LTMP),No Name Reef (14-139),NO NAME REEF,14-139,CL,Northern,_,9,1999,1998,1998-10-09,0.25485542809129613,0.3991883251210788,0.1443328970297827,0.1112341881785216,0.3849544753208861,0,0.7575,NA,NA,NA,25.5,39.9,14.4,11.1,0,0.76
Manta Tow (LTMP),Thetford Reef (16-068),THETFORD REEF,16-068,CA,Central,_,9,2024,2023,2023-09-07,0.2676533314474005,0.2945187715384348,0.02686544009103431,0.015920387666067223,0.05694019917273427,0,0.746666667,NA,NA,NA,26.8,29.5,2.7,1.6,0,0.75
Manta Tow (LTMP),Monsoon Reef (11-029),MONSOON REEF,11-029,CG,Northern,_,9,2024,2023,2023-11-25,0.21429891857936337,0.26942545357913866,0.055126534999775295,0.026077712340493536,0.10672377083700736,0,0.69,NA,NA,NA,21.4,26.9,5.5,2.6,0,0.69
Manta Tow (LTMP),Ben Reef (20-113),BEN REEF,20-113,PO,Southern,_,9,2003,2002,2002-11-29,0.4646241208289734,0.6073138651476396,0.1426897443186662,0.07585371957990288,0.14245896187971718,0,0.67,NA,NA,NA,46.5,60.7,14.3,7.6,0,0.67
Benthic Photo (LTMP),Myrmidon Reef (18-034),MYRMIDON REEF,18-034,TO,Central,_,9,1999,1998,1999-04-26,0.33989539316265066,0.38540062418650883,0.04550523102385817,0.026340750792553963,0.07315658516530547,0,0.65,b,NA,1998 bleaching event,34,38.5,4.6,2.6,0,0.65
Manta Tow (LTMP),Middle Banks (11-222a),MIDDLE BANKS 2,11-222a,CG,Northern,_,9,2024,2023,2023-11-30,0.6810591763887656,0.7508250170616376,0.06976584067287206,0.13758154255011312,0.22398535476428869,0,0.645714286,NA,NA,NA,68.1,75.1,7,13.8,0,0.65
Manta Tow (LTMP),Middle Banks (11-222a),MIDDLE BANKS 3,11-222a,CG,Northern,_,9,2024,2023,2023-11-30,0.49768895292630216,0.5926714991296673,0.09498254620336516,0.11542805630092032,0.24135836681456324,0,0.645714286,NA,NA,NA,49.8,59.3,9.5,11.5,0,0.65
Manta Tow (LTMP),U/N Reef (21-060),REEF 21-060,21-060,PO,Southern,_,9,2024,2023,2024-03-20,0.34505928743386155,0.4183772154643925,0.07331792803053094,0.04556337755710995,0.12188788358447844,0,0.65,b,NA,DHW 8.99,34.5,41.8,7.3,4.6,0,0.65
Benthic Photo (LTMP),Carter Reef (14-137),CARTER REEF,14-137,CL,Northern,_,9,1999,1998,1998-10-11,0.5561636587848272,0.6498602776963439,0.0936966189115167,0.12153901796523944,0.22961295381746305,0,0.62,NA,NA,NA,55.6,65,9.4,12.2,0,0.62
Manta Tow (LTMP),Carter Reef (14-137),CARTER REEF,14-137,CL,Northern,_,9,1999,1998,1998-10-11,0.19987773450020682,0.27758158187230897,0.07770384737210215,0.041530265104542996,0.17519525168986635,0,0.62,NA,NA,NA,20,27.8,7.8,4.2,0,0.62
Benthic Photo (LTMP),Low Islands Reef (16-028),LOW ISLES,16-028,CA,Central,_,9,2024,2023,2023-09-06,0.3487961132973414,0.37695421002497653,0.02815809672763514,0.014523157806552334,0.039961246343429756,0,0.61,NA,NA,NA,34.9,37.7,2.8,1.5,0,0.61
Manta Tow (LTMP),Low Islands Reef (16-028),LOW ISLES,16-028,CA,Central,_,9,2024,2023,2023-09-06,0.39579560633553584,0.5110399637147486,0.11524435737921274,0.10394456982680517,0.2547065499478456,0,0.61,NA,NA,NA,39.6,51.1,11.5,10.4,0,0.61
Benthic Photo (MMP),Orpheus (Goolboddi) Island Reef (No 5) (18-049e),ORPHEUS ISLAND EAST,18-049e,TO,Central,East,2,2021,2021,2021-05-14,0.3991387416864712,0.43150280869410357,0.03236406700763239,0.022063980492184703,0.053757049713947,0,0.585,NA,NA,NA,39.9,43.2,3.2,2.2,0,0.58
Benthic Photo (MMP),Orpheus (Goolboddi) Island Reef (No 5) (18-049e),ORPHEUS ISLAND EAST,18-049e,TO,Central,East,5,2021,2021,2021-05-14,0.45905513460182207,0.49570789366238077,0.036652759060558704,0.03070289443647904,0.06588533274853438,0,0.585,NA,NA,NA,45.9,49.6,3.7,3.1,0,0.58
Benthic Photo (LTMP),Mackay Reefs (15-024),MACKAY REEF,15-024,CL,Northern,_,9,2024,2023,2023-08-29,0.20380125283880038,0.24202255587051924,0.03822130303171886,0.01752805529141864,0.0777316309107504,0,0.57,NA,NA,NA,20.4,24.2,3.8,1.8,0,0.57
Manta Tow (LTMP),Mackay Reefs (15-024),MACKAY REEF,15-024,CL,Northern,_,9,2024,2023,2023-08-29,0.30142066814247426,0.4251201626271228,0.12369949448464856,0.12259276181718333,0.40389355784701475,0,0.57,NA,NA,NA,30.1,42.5,12.4,12.3,0,0.57
Benthic Photo (LTMP),Hayman Island Reef (20-014),HAYMAN ISLAND,20-014,WH,Southern,_,9,1999,1998,1999-03-12,0.3693584156486455,0.3993790078858488,0.03002059223720327,0.020411435894594415,0.05371888918737576,0,0.526666667,NA,NA,NA,36.9,39.9,3,2,0,0.53
Benthic Photo (LTMP),Mast Head Reef (23-069),MASTHEAD ISLAND,23-069,CB,Southern,_,9,2024,2023,2023-09-24,0.29329353423901156,0.4000561441690104,0.10676260992999886,0.13013051712958798,0.4803182281115573,0,0.53,NA,NA,NA,29.3,40,10.7,13,0,0.53
Manta Tow (LTMP),Hayman Island Reef (20-014),HAYMAN ISLAND,20-014,WH,Southern,_,9,1999,1998,1999-03-14,0.16796993586209732,0.19685323076985503,0.028883294907757706,0.006744541215144506,0.03529165121093922,0,0.526666667,NA,NA,NA,16.8,19.7,2.9,0.7,0,0.53
Manta Tow (LTMP),Mast Head Reef (23-069),MASTHEAD ISLAND,23-069,CB,Southern,_,9,2024,2023,2023-09-30,0.34186870500199484,0.38230377464643,0.04043506964443516,0.08142265752491898,0.26971762361719803,0,0.53,NA,NA,NA,34.2,38.2,4,8.1,0,0.53
Benthic Photo (LTMP),Taylor Reef (17-064),TAYLOR REEF,17-064,IN,Central,_,9,2024,2023,2024-02-06,0.08343089338621762,0.12589356762072712,0.0424626742345095,0.022656831144517005,0.2173593678241064,0,0.49,NA,NA,NA,8.3,12.6,4.2,2.3,0,0.49
Benthic Photo (LTMP),Lady Musgrave Reef (23-082a),LADY MUSGRAVE ISLAND,23-082a,CB,Southern,_,9,2017,2016,2017-01-12,0.46693396595062486,0.652393482418424,0.18545951646779912,0.15695067101149057,0.3161505563283066,0,0.475,NA,NA,NA,46.7,65.2,18.5,15.7,0,0.48
Manta Tow (LTMP),Lady Musgrave Reef (23-082a),LADY MUSGRAVE ISLAND,23-082a,CB,Southern,_,9,2017,2016,2017-01-12,0.31878467976892266,0.39351909581396444,0.07473441604504177,0.020620728086699174,0.05515062344893858,0,0.475,NA,NA,NA,31.9,39.4,7.5,2.1,0,0.48
Benthic Photo (LTMP),Fitzroy Island Reef (No 1) (16-054a),FITZROY ISLAND,16-054a,CA,Central,West(LTMP),9,2024,2023,2023-08-25,0.33385310408675933,0.3761047791048153,0.04225167501805599,0.04369962954968712,0.1310706496525226,0,0.465,b,NA,partial bleaching during bleaching surveys Feb24,33.4,37.6,4.2,4.4,0,0.47
Benthic Photo (MMP),Humpy (Bur-ye-Bur-ye) Reef (23-016),HUMPY ISLAND AND HALFWAY ISLAND,23-016,CB,Southern,_,2,2023,2023,2023-05-19,0.4545586412275473,0.4968734974323577,0.0423148562048104,0.03476019392690228,0.07505764499484478,0,0.46,NA,NA,NA,45.5,49.7,4.2,3.5,0,0.46
Benthic Photo (MMP),Normanby-Mabel Reef (17-012),FRANKLAND ISLANDS,17-012,IN,Central,East,2,2023,2023,2023-07-05,0.6066677491052688,0.67131420681515,0.0646464577098812,0.11503336841864559,0.20641902698402048,0,0.46,NA,NA,NA,60.7,67.1,6.5,11.5,0,0.46
Benthic Photo (MMP),Normanby-Mabel Reef (17-012),FRANKLAND ISLANDS,17-012,IN,Central,East,5,2023,2023,2023-07-05,0.26919120748515984,0.32729433957230986,0.05810313208715001,0.0482960163041692,0.17248680542246844,0,0.46,NA,NA,NA,26.9,32.7,5.8,4.8,0,0.46
Manta Tow (LTMP),Boulder Reef (15-012),BOULDER REEF,15-012,CL,Northern,_,9,1999,1998,1998-10-08,0.1840078185318162,0.2436612604460533,0.059653441914237104,0.04063834406971199,0.19918519346498498,0,0.46,NA,NA,NA,18.4,24.4,6,4.1,0,0.46
Benthic Photo (MMP),Snapper Reef (16-006),SNAPPER ISLAND,16-006,CA,Central,South,2,2023,2023,2023-08-16,0.4224248357836244,0.5029984341764817,0.08057359839285733,0.058233440391569594,0.1306370872623256,0,0.4425,NA,NA,NA,42.2,50.3,8.1,5.8,0,0.44
Benthic Photo (MMP),Snapper Reef (16-006),SNAPPER ISLAND,16-006,CA,Central,North,5,2023,2023,2023-08-16,0.29939087397458974,0.3378998441589269,0.03850897018433713,0.005217219598632285,0.015635275002728117,0,0.4425,NA,NA,NA,29.9,33.8,3.9,0.5,0,0.44
Benthic Photo (MMP),Snapper Reef (16-006),SNAPPER ISLAND,16-006,CA,Central,South,5,2023,2023,2023-08-16,0.5561576131272129,0.5789794313776275,0.022821818250414627,0.01809186954872559,0.03219838056182968,0,0.4425,NA,NA,NA,55.6,57.9,2.3,1.8,0,0.44
Manta Tow (LTMP),Hedley Reef (17-014),HEDLEY REEF,17-014,IN,Central,_,9,2024,2023,2023-09-08,0.16519206661345473,0.21364284302556696,0.048450776412112234,0.035414845006014745,0.1975966110057832,0,0.43,NA,NA,NA,16.5,21.4,4.8,3.5,0,0.43
Benthic Photo (MMP),Shute Reef (20-048),SHUTE ISLAND AND TANCRED ISLAND,20-048,WH,Southern,_,2,2023,2023,2023-06-28,0.43789326640956744,0.491384906704713,0.05349164029514558,0.0553165815951964,0.1265627784427885,0,0.415,NA,NA,NA,43.8,49.1,5.3,5.5,0,0.42
Benthic Photo (MMP),Shute Reef (20-048),SHUTE ISLAND AND TANCRED ISLAND,20-048,WH,Southern,_,5,2023,2023,2023-06-28,0.20011695258034845,0.2557173836029563,0.055600431022607866,0.014115723288750333,0.05818477610774934,0,0.415,NA,NA,NA,20,25.6,5.6,1.4,0,0.42
Benthic Photo (LTMP),St Crispin Reef (16-019),ST. CRISPIN REEF,16-019,CA,Central,_,9,2024,2023,2023-08-31,0.36251233475075173,0.3897013622185705,0.02718902746781876,0.046217124699201376,0.13416324947698877,0,0.405,NA,NA,NA,36.3,39,2.7,4.6,0,0.41
Manta Tow (LTMP),St Crispin Reef (16-019),ST. CRISPIN REEF,16-019,CA,Central,_,9,2024,2023,2023-08-30,0.1413934865877316,0.2113603665534798,0.06996687996574821,0.03931315528988499,0.22718167488987198,0,0.405,NA,NA,NA,14.1,21.1,7,3.9,0,0.41
Manta Tow (LTMP),U/N Reef (21-558),REEF 21-558,21-558,SW,Southern,_,9,2023,2023,2023-05-19,0.4885073127293561,0.36925742040330933,-0.11924989232604677,0.00984498611143042,0.027315889172285016,0,0.4075,NA,NA,NA,48.9,36.9,-11.9,1,0,0.41
Benthic Photo (LTMP),Gannett Cay Reef (21-556),GANNET CAY,21-556,SW,Southern,_,9,2017,2016,2017-01-20,0.1884881690322567,0.3210281709546329,0.13254000192237617,0.03624839086946821,0.1268402924051026,0,0.35,NA,NA,NA,18.8,32.1,13.3,3.6,0,0.35
Benthic Photo (LTMP),U/N Reef (21-529),REEF 21-529,21-529,SW,Southern,_,9,2017,2016,2017-01-19,0.09805756606206475,0.2440936431302748,0.14603607706821004,0.05654346721117093,0.2998855181945336,0,0.35,NA,NA,NA,9.8,24.4,14.6,5.7,0,0.35
Manta Tow (LTMP),Gannett Cay Reef (21-556),GANNET CAY,21-556,SW,Southern,_,9,2017,2016,2017-01-20,0.16849132467251138,0.4708612875399313,0.3023699628674199,0.20416112252418828,0.762648474692505,0,0.35,NA,NA,NA,16.8,47.1,30.2,20.4,0,0.35
Manta Tow (LTMP),Swinger Reef (15-030),SWINGER REEF,15-030,CL,Northern,_,9,2024,2023,2024-01-31,0.39003555401249984,0.41001831853403453,0.01998276452153469,0.039620567021266095,0.10667960928649824,0,0.346666667,NA,NA,NA,39,41,2,4,0,0.35
Manta Tow (LTMP),U/N Reef (21-529),REEF 21-529,21-529,SW,Southern,_,9,2017,2016,2017-01-19,0.21587972628832947,0.3991889195755598,0.18330919328723033,0.09375821642533984,0.30596874093056275,0,0.35,NA,NA,NA,21.6,39.9,18.3,9.4,0,0.35
Manta Tow (LTMP),U/N Reef (21-529),REEF 21-529,21-529,SW,Southern,_,9,2024,2023,2023-10-06,0.5296649829473543,0.6491509096157588,0.11948592666840452,0.1173017770628611,0.22014069254624558,0,0.31,b,NA,Aerial bl 2 2022,53,64.9,11.9,11.7,0,0.31
Benthic Photo (MMP),Normanby-Mabel Reef (17-012),FRANKLAND ISLANDS,17-012,IN,Central,East,2,2018,2018,2018-06-04,0.3112663863273508,0.39634349900217236,0.08507711267482154,0.0807231070432416,0.2549523312248072,0,0.3,NA,NA,NA,31.1,39.6,8.5,8.1,0,0.3
Benthic Photo (MMP),Normanby-Mabel Reef (17-012),FRANKLAND ISLANDS,17-012,IN,Central,East,5,2018,2018,2018-06-04,0.33692055173814073,0.3636225634891629,0.02670201175102216,0.026043651913844404,0.07692047857520172,0,0.3,NA,NA,NA,33.7,36.4,2.7,2.6,0,0.3
Benthic Photo (MMP),Round-Russell Reef (17-013),FRANKLAND ISLANDS,17-013,IN,Central,West,2,2018,2018,2018-06-05,0.3771124389054917,0.4066018315639444,0.02948939265845274,0.035117465205124654,0.09427903122058946,0,0.3,NA,NA,NA,37.7,40.7,2.9,3.5,0,0.3
Manta Tow (LTMP),Erskine Reef (23-068),ERSKINE ISLAND,23-068,CB,Southern,_,9,2023,2022,2022-08-29,0.38618781451875744,0.469154149964917,0.08296633544615956,0.07909657508468695,0.20226324757655448,0,0.295,NA,NA,NA,38.6,46.9,8.3,7.9,0,0.3
Benthic Photo (LTMP),Border Island Reef (No 1) (20-067a),BORDER ISLAND,20-067a,WH,Southern,_,9,1999,1998,1999-03-13,0.26872054275678064,0.2831351044626526,0.014414561705871964,0.003258828828221762,0.011602364140085752,0,0.29,NA,NA,NA,26.9,28.3,1.4,0.3,0,0.29
Benthic Photo (MMP),Snapper Reef (16-006),SNAPPER ISLAND,16-006,CA,Central,North,2,2018,2018,2018-07-28,0.028561682560003923,0.05214833376312747,0.023586651203123546,0.00629635252396037,0.13438818076484615,0,0.2275,NA,NA,NA,2.9,5.2,2.4,0.6,0,0.23
Benthic Photo (MMP),Snapper Reef (16-006),SNAPPER ISLAND,16-006,CA,Central,South,2,2018,2018,2018-07-29,0.433355274230269,0.46807504609830825,0.03471977186803926,0.013623022202717154,0.029910992789528426,0,0.2275,NA,NA,NA,43.3,46.8,3.5,1.4,0,0.23
Benthic Photo (LTMP),Mast Head Reef (23-069),MASTHEAD ISLAND,23-069,CB,Southern,_,9,2023,2022,2022-08-29,0.26627492154498017,0.29329353423901156,0.027018612694031385,0.04123014293611696,0.16292416980521732,0,0.225,NA,NA,NA,26.6,29.3,2.7,4.1,0,0.22
Manta Tow (LTMP),Mast Head Reef (23-069),MASTHEAD ISLAND,23-069,CB,Southern,_,9,2023,2022,2022-08-30,0.3550158388635014,0.34186870500199484,-0.013147133861506566,0.03283564682910794,0.10591014720371356,0,0.225,NA,NA,NA,35.5,34.2,-1.3,3.3,0,0.22
Benthic Photo (LTMP),Chicken Reef (18-086),CHICKEN REEF,18-086,TO,Central,_,9,1999,1998,1999-04-24,0.41600893837886704,0.42728002669504683,0.01127108831617979,0.03368822223044615,0.08537486549208947,0,0.196666667,NA,NA,NA,41.6,42.7,1.1,3.4,0,0.2
Benthic Photo (LTMP),Horseshoe Reef (No 1) (22-104a),HORSESHOE REEF,22-104a,SW,Southern,_,9,2024,2023,2023-10-03,0.14264015167525487,0.25910214651422714,0.11646199483897227,0.060601107606943386,0.3037633685462018,0,0.176,NA,NA,NA,14.3,25.9,11.6,6.1,0,0.18
Benthic Photo (MMP),Fitzroy Island Reef (No 1) (16-054a),FITZROY ISLAND,16-054a,CA,Central,West,2,2018,2018,2018-06-03,0.22423355926730312,0.2510453189266136,0.026811759659310458,0.006502069238500059,0.026480342044665938,0,0.16,b,NA,NA,22.4,25.1,2.7,0.7,0,0.16
Benthic Photo (MMP),Fitzroy Island Reef (No 1) (16-054a),FITZROY ISLAND,16-054a,CA,Central,West,5,2018,2018,2018-06-03,0.16869980278680485,0.2197137922789477,0.051013989492142836,0.023358990216103288,0.1183603843025061,0,0.16,b,NA,NA,16.9,22,5.1,2.3,0,0.16
Benthic Photo (MMP),Stingaree Reefs (17-053),DUNK ISLAND,17-053,IN,Central,North,2,2018,2018,2018-06-02,0.16458743413196203,0.22085367316557783,0.0562662390336158,0.048131602352912216,0.2770609521735166,0,0.156666667,b,NA,highlevels of bleaching at time of previous survey,16.5,22.1,5.6,4.8,0,0.16
Benthic Photo (MMP),Stingaree Reefs (17-053),DUNK ISLAND,17-053,IN,Central,South,2,2018,2018,2018-06-02,0.11152974639826232,0.15488788642208934,0.04335814002382701,0.03484157493157527,0.28783673374719615,0,0.156666667,b,NA,highlevels of bleaching at time of previous survey,11.2,15.5,4.3,3.5,0,0.16
Benthic Photo (MMP),Stingaree Reefs (17-053),DUNK ISLAND,17-053,IN,Central,North,5,2018,2018,2018-06-02,0.15435958522563925,0.18064039969381743,0.026280814468178176,0.017973414369788485,0.10981698192952355,0,0.156666667,b,NA,highlevels of bleaching at time of previous survey,15.4,18.1,2.6,1.8,0,0.16
Benthic Photo (LTMP),Turner Reef (21-562),TURNER CAY,21-562,SW,Southern,_,9,2017,2016,2017-01-26,0.3417693984054001,0.3876820099933766,0.04591261158797649,0.045094654524831475,0.1312465485330115,0,0.16,NA,NA,NA,34.2,38.8,4.6,4.5,0,0.16
Manta Tow (LTMP),Turner Reef (21-562),TURNER CAY,21-562,SW,Southern,_,9,2017,2016,2017-01-24,0.3499783396138075,0.5323200422750469,0.18234170266123945,0.18573289739308618,0.5343491556805426,0,0.16,NA,NA,NA,35,53.2,18.2,18.6,0,0.16
Benthic Photo (MMP),Tobias Spit (17-009a),HIGH ISLAND,17-009a,IN,Central,West,2,2021,2021,2021-07-08,0.48277158879782484,0.4946346857524459,0.011863096954621066,0.05122915940213559,0.11527570285377892,0,0.15,m,NA,NA,48.3,49.5,1.2,5.1,0,0.15
Manta Tow (LTMP),Hardy Reef (19-135),HARDY REEF,19-135,WH,Southern,_,9,2024,2023,2024-03-26,0.3512567517465581,0.43699201717370284,0.08573526542714471,0.06821426679252172,0.18447369189250526,0,0.15,b,NA,DHW 4.67 to 5.39,35.1,43.7,8.6,6.8,0,0.15
Benthic Photo (MMP),Jessie-Kent Reef (17-043a),NORTH BARNARD ISLANDS,17-043a,IN,Central,_,2,2018,2018,2018-06-21,0.24876646242570866,0.2690043175582476,0.02023785513253895,2.887307061184459e-4,0.0010705006317515559,0,0.14,NA,NA,NA,24.9,26.9,2,0,0,0.14
Benthic Photo (MMP),Jessie-Kent Reef (17-043a),NORTH BARNARD ISLANDS,17-043a,IN,Central,_,2,2023,2023,2023-05-16,0.5067920551915311,0.5529089644022366,0.04611690921070544,0.09293803778301271,0.20161366458536414,0,0.14,NA,NA,NA,50.7,55.3,4.6,9.3,0,0.14
Benthic Photo (MMP),Jessie-Kent Reef (17-043a),NORTH BARNARD ISLANDS,17-043a,IN,Central,_,5,2023,2023,2023-05-16,0.45593861488755216,0.4922237254394101,0.03628511055185796,0.06756380045183959,0.15872718216029494,0,0.14,NA,NA,NA,45.6,49.2,3.6,6.8,0,0.14
Benthic Photo (LTMP),Michaelmas Reef (16-060),MICHAELMAS CAY,16-060,CA,Central,_,9,1999,1998,1999-02-05,0.22815959504452815,0.2502444894900977,0.022084894445569547,0.002763398635979984,0.011121162686791185,0,0.14,NA,NA,NA,22.8,25,2.2,0.3,0,0.14
Benthic Photo (MMP),North Keppel (Ko-no-mie) Island Reef (No 2) (23-004b),NORTH KEPPEL ISLAND,23-004b,CB,Southern,_,2,2023,2023,2023-05-20,0.455837059347988,0.4840089198869416,0.028171860538953597,0.009845471660567828,0.020720178913840447,0,0.145,NA,NA,NA,45.6,48.4,2.8,1,0,0.14
Benthic Photo (LTMP),Thetford Reef (16-068),THETFORD REEF,16-068,CA,Central,_,9,1999,1998,1999-02-07,0.3021553583904982,0.35975048751375377,0.057595129123255595,0.05391818841376514,0.17572526937978783,0,0.1,NA,NA,NA,30.2,36,5.8,5.4,0,0.1
Benthic Photo (LTMP),Hastings Reef (16-057),HASTINGS REEF,16-057,CA,Central,_,9,1999,1998,1999-02-04,0.2688026242650061,0.3087407209577033,0.039938096692697156,0.029935766452844487,0.10698797848600876,0,0.046666667,NA,NA,NA,26.9,30.9,4,3,0,0.05
Benthic Photo (MMP),Barren Island Reef (22-009),BARREN ISLAND,22-009,CB,Southern,_,2,2021,2021,2021-05-06,0.418347054051422,0.4799064323581921,0.06155937830677011,0.057651493887461665,0.13620985521341641,0,0,NA,NA,NA,41.8,48,6.2,5.8,0,0
Benthic Photo (MMP),Barren Island Reef (22-009),BARREN ISLAND,22-009,CB,Southern,_,5,2021,2021,2021-05-06,0.7154340264159961,0.7585110510690025,0.043077024653006446,0.0633195616082427,0.09095135830701885,0,0,NA,NA,NA,71.5,75.9,4.3,6.3,0,0
Benthic Photo (LTMP),Broomfield Reef (23-048),BROOMFIELD REEF,23-048,CB,Southern,_,9,2017,2016,2017-01-14,0.5356541944938201,0.6247916587404936,0.08913746424667346,0.08432977239321852,0.15574461383073654,0,0,NA,NA,NA,53.6,62.5,8.9,8.4,0,0
Benthic Photo (LTMP),Centipede Reef (18-088),CENTIPEDE REEF,18-088,TO,Central,_,9,2018,2018,2018-05-02,0.14654873345507066,0.18889470539468828,0.042345971939617616,0.03083980464021064,0.193894086217538,0,0,b,NA,NA,14.7,18.9,4.2,3.1,0,0
Benthic Photo (MMP),Hook Island Reef (No 4) (20-028d),HOOK ISLAND,20-028d,WH,Southern,_,5,2021,2021,2021-06-15,0.1545632039289681,0.19004565182344255,0.03548244789447444,0.01833192730438639,0.10614053605429463,0,0,NA,NA,NA,15.5,19,3.5,1.8,0,0
Benthic Photo (MMP),Humpy (Bur-ye-Bur-ye) Reef (23-016),HUMPY ISLAND AND HALFWAY ISLAND,23-016,CB,Southern,_,2,2021,2021,2021-05-06,0.325274290923864,0.4022686931107677,0.07699440218690368,0.06381476011730411,0.18799240166274023,0,0,b,NA,ongoing decline post 2020 bleaching,32.5,40.2,7.7,6.4,0,0
Benthic Photo (MMP),Lady Elliot Reef (18-050),LADY ELLIOT REEF,18-050,TO,Central,_,5,2018,2018,2018-06-13,0.33565159604423916,0.3969190041695569,0.061267408125317724,0.03960360733617997,0.11052722737057363,0,0,NA,NA,NA,33.6,39.7,6.1,4,0,0
Benthic Photo (LTMP),One Tree Island Reef (23-055a),ONE TREE ISLAND,23-055a,CB,Southern,_,9,2017,2016,2017-01-13,0.1701506531568341,0.4091252946078025,0.23897464145096842,0.12262295701518328,0.4265111652376744,0,0,NA,NA,NA,17,40.9,23.9,12.3,0,0
Benthic Photo (MMP),Orpheus (Goolboddi) Island Reef (No 5) (18-049e),ORPHEUS ISLAND EAST,18-049e,TO,Central,East,2,2018,2018,2018-05-11,0.1307498027746842,0.24012894341494195,0.10937914064025775,0.07379766460417761,0.441027314968624,0,0,NA,NA,NA,13.1,24,10.9,7.4,0,0
Benthic Photo (MMP),Orpheus (Goolboddi) Island Reef (No 5) (18-049e),ORPHEUS ISLAND EAST,18-049e,TO,Central,East,5,2018,2018,2018-05-11,0.1078276132171363,0.28494864902382033,0.17712103580668404,0.14315164408080394,1.0024835194402646,0,0,NA,NA,NA,10.8,28.5,17.7,14.3,0,0
Benthic Photo (MMP),Shute Reef (20-048),SHUTE ISLAND AND TANCRED ISLAND,20-048,WH,Southern,_,2,2018,2018,2018-06-15,0.31045404310839464,0.3634653461257192,0.05301130301732454,0.02701945247166351,0.08007047345896416,0,0,NA,NA,NA,31,36.3,5.3,2.7,0,0
Benthic Photo (MMP),Shute Reef (20-048),SHUTE ISLAND AND TANCRED ISLAND,20-048,WH,Southern,_,2,2021,2021,2021-06-16,0.3952692037124956,0.43019696905535965,0.03492776534286407,0.026536593061677684,0.0655774437922531,0,0,NA,NA,NA,39.5,43,3.5,2.7,0,0
Benthic Photo (LTMP),St Crispin Reef (16-019),ST. CRISPIN REEF,16-019,CA,Central,_,9,1999,1998,1999-01-30,0.22932241464489747,0.2520249118679628,0.022702497223065304,0.006628789355580866,0.0269029775630814,0,0,NA,NA,NA,22.9,25.2,2.3,0.7,0,0
Benthic Photo (LTMP),Wade Reef (21-588),WADE REEF,21-588,SW,Southern,_,9,2024,2023,2023-10-05,0.08233860476623814,0.13297648655713687,0.05063788179089873,0.004038752638967406,0.031082215436440356,0,0,NA,NA,NA,8.2,13.3,5.1,0.4,0,0
Benthic Photo (LTMP),Wreck Island Reef (23-051),WRECK ISLAND,23-051,CB,Southern,_,9,2017,2016,2017-01-15,0.3941054119981684,0.7147928949581825,0.32068748296001415,0.2558263241404777,0.556184602036802,0,0,NA,NA,NA,39.4,71.5,32.1,25.6,0,0
Manta Tow (LTMP),Opal Reef (16-025),OPAL REEF,16-025,CA,Central,_,9,1999,1998,1999-01-31,0.1833613181671121,0.23082565802249164,0.04746433985537954,0.0199559159358954,0.0941895512750421,0,0,NA,NA,NA,18.3,23.1,4.7,2,0,0
Manta Tow (LTMP),Pickersgill Reef (15-093),PICKERSGILL REEF,15-093,CA,Central,_,9,1999,1998,1999-01-27,0.1744809658332597,0.22902343613259504,0.054542470299335344,0.03435611783074323,0.17558434453393373,0,0,NA,NA,NA,17.4,22.9,5.5,3.4,0,0
Manta Tow (LTMP),U/N Reef (21-187),REEF 21-187,21-187,SW,Southern,_,9,2024,2023,2024-03-15,0.5261768674598777,0.6246600212356924,0.09848315377581474,0.1474132883389166,0.30823689572539975,0,0,m,NA,DHW 7.25,52.6,62.5,9.8,14.7,0,0
Manta Tow (LTMP),Wreck Island Reef (23-051),WRECK ISLAND,23-051,CB,Southern,_,9,2017,2016,2017-01-14,0.22935541410436278,0.5532746529337558,0.323919238829393,0.21441176070527473,0.6308772319901617,0,0,NA,NA,NA,22.9,55.3,32.4,21.4,0,0
Benthic Photo (LTMP),Agincourt Reefs (No 1) (15-099c),AGINCOURT REEF NO.1,15-099c,CA,Central,_,9,2023,2022,2022-11-01,0.23587484012350973,0.3364037473834407,0.10052890725993097,0.055586747758308255,0.19724412591237817,0,NA,NA,NA,NA,23.6,33.6,10.1,5.6,0,NA
Benthic Photo (LTMP),Agincourt Reefs (No 1) (15-099c),AGINCOURT REEF NO.1,15-099c,CA,Central,_,9,2024,2023,2023-09-01,0.3364037473834407,0.3627972623729205,0.026393514989479783,0.02449787536091631,0.07220135461090471,0,NA,NA,NA,NA,33.6,36.3,2.6,2.4,0,NA
Benthic Photo (LTMP),Davies Reef (18-096),DAVIES REEF,18-096,TO,Central,_,9,2025,2025,2025-05-14,0.3843037669291698,0.3902642657095144,0.005960498780344603,0.00848059075221759,0.02215504815654346,0,NA,NA,NA,NA,38.4,39,0.6,0.8,0,NA
Benthic Photo (MMP),Daydream Reef (No 1) (20-035a),DAYDREAM ISLAND,20-035a,WH,Southern,_,5,2025,2025,2025-06-04,0.09473073391177349,0.15297186485602896,0.05824113094425547,0.015511845007933414,0.11203122045592263,0,NA,NA,NA,NA,9.5,15.3,5.8,1.6,0,NA
Benthic Photo (MMP),Dent Reef (No 1) (20-058a),DENT ISLAND,20-058a,WH,Southern,_,5,2025,2025,2025-06-03,0.29465893323351483,0.33925143273119873,0.0445924994976839,0.015796206126906277,0.04868531874868339,0,NA,NA,NA,NA,29.5,33.9,4.5,1.6,0,NA
Benthic Photo (MMP),Double Cone Reef (20-024),DOUBLE CONE ISLAND,20-024,WH,Southern,_,5,2025,2025,2025-07-09,0.14733463316681278,0.2073320440546869,0.05999741088787411,0.015543968745207366,0.08062723132774104,0,NA,NA,NA,NA,14.7,20.7,6,1.6,0,NA
Benthic Photo (MMP),Hook Island Reef (No 4) (20-028d),HOOK ISLAND,20-028d,WH,Southern,_,2,2025,2025,2025-06-02,0.08216260552811766,0.12340274436716923,0.041240138839051574,0.025527084596746873,0.258173595564548,0,NA,NA,NA,NA,8.2,12.3,4.1,2.6,0,NA
Benthic Photo (MMP),Hook Island Reef (No 4) (20-028d),HOOK ISLAND,20-028d,WH,Southern,_,5,2025,2025,2025-06-02,0.22691923840987158,0.2707766914608196,0.04385745305094804,0.02914343324271012,0.12011310179296324,0,NA,NA,NA,NA,22.7,27.1,4.4,2.9,0,NA
Benthic Photo (MMP),Jessie-Kent Reef (17-043a),NORTH BARNARD ISLANDS,17-043a,IN,Central,_,2,2025,2025,2025-05-22,0.48735630642129707,0.4796249355816598,-0.007731370839637264,0.033042330099999816,0.07382398175291409,0,NA,NA,NA,NA,48.7,48,-0.8,3.3,0,NA
Benthic Photo (MMP),Jessie-Kent Reef (17-043a),NORTH BARNARD ISLANDS,17-043a,IN,Central,_,5,2025,2025,2025-05-22,0.4860580983046574,0.5062842889867535,0.02022619068209608,0.06060055994548329,0.1356677129824092,0,NA,NA,NA,NA,48.6,50.6,2,6.1,0,NA
Benthic Photo (LTMP),Knife Reef (18-081),KNIFE REEF,18-081,TO,Central,_,9,2025,2025,2025-05-15,0.40017567877922566,0.39129087223989367,-0.00888480653933199,0.08590830393613744,0.28039553428824826,0,NA,NA,NA,NA,40,39.1,-0.9,8.6,0,NA
Benthic Photo (MMP),Magnetic Island Reef (No 2) (19-009c),GEOFFREY BAY,19-009c,TO,Central,_,2,2025,2025,2025-05-20,0.1754775904854695,0.1867565658521073,0.0112789753666378,0.0046511893548800655,0.025401708261420162,0,NA,NA,NA,NA,17.5,18.7,1.1,0.5,0,NA
Benthic Photo (LTMP),Rib Reef (18-032),RIB REEF,18-032,TO,Central,_,9,2025,2025,2025-05-26,0.2407698893036725,0.2955538358468614,0.05478394654318891,0.015887719005057303,0.05660718573311907,0,NA,NA,NA,NA,24.1,29.6,5.5,1.6,0,NA
Benthic Photo (MMP),Shute Reef (20-048),SHUTE ISLAND AND TANCRED ISLAND,20-048,WH,Southern,_,2,2025,2025,2025-07-10,0.48970788109330127,0.4901259434667353,4.180623734340583e-4,0.01568750906161843,0.03299587901690599,0,NA,NA,NA,NA,49,49,0,1.6,0,NA
Benthic Photo (MMP),Snapper Reef (16-006),SNAPPER ISLAND,16-006,CA,Central,South,2,2025,2025,2025-07-16,0,0,0,0,0,0,NA,NA,NA,NA,0,0,0,0,0,NA
Benthic Photo (MMP),Snapper Reef (16-006),SNAPPER ISLAND,16-006,CA,Central,South,5,2025,2025,2025-08-01,0,0,0,0,0,0,NA,NA,NA,NA,0,0,0,0,0,NA
Manta Tow (LTMP),Agincourt Reefs (No 1) (15-099c),AGINCOURT REEF NO.1,15-099c,CA,Central,_,9,2018,2017,2017-12-15,0.13325982220983068,0.17907237350682814,0.04581255129699746,0.007350107566638571,0.04255448784572901,0,NA,NA,NA,NA,13.3,17.9,4.6,0.7,0,NA
Manta Tow (LTMP),Agincourt Reefs (No 1) (15-099c),AGINCOURT REEF NO.1,15-099c,CA,Central,_,9,2021,2020,2020-11-07,0.2643970987103804,0.31842898872164854,0.054031890011268124,0.03482850344395033,0.12237682381309542,0,NA,NA,NA,NA,26.4,31.8,5.4,3.5,0,NA
Manta Tow (LTMP),Agincourt Reefs (No 1) (15-099c),AGINCOURT REEF NO.1,15-099c,CA,Central,_,9,2023,2022,2022-11-01,0.31842898872164854,0.4465891192931264,0.12816013057147785,0.11675037722650702,0.352892096304119,0,NA,NA,NA,NA,31.8,44.7,12.8,11.7,0,NA
Manta Tow (LTMP),Agincourt Reefs (No 1) (15-099c),AGINCOURT REEF NO.1,15-099c,CA,Central,_,9,2024,2023,2023-09-01,0.4465891192931264,0.44560178073362894,-9.873385594974526e-4,0.029307841472737132,0.0702330868371752,0,NA,NA,NA,NA,44.7,44.6,-0.1,2.9,0,NA
Manta Tow (LTMP),Davies Reef (18-096),DAVIES REEF,18-096,TO,Central,_,9,2025,2025,2025-05-14,0.5020451264025158,0.5042311595844147,0.0021860331818989165,0.03759629272130041,0.08039668421966827,0,NA,NA,NA,NA,50.2,50.4,0.2,3.8,0,NA
Manta Tow (LTMP),Helix Reef (18-076),HELIX REEF,18-076,TO,Central,_,9,2025,2025,2025-05-16,0.4391003226172138,0.4510726848972828,0.011972362280068982,0.01169934136751505,0.026566869996581012,0,NA,NA,NA,NA,43.9,45.1,1.2,1.2,0,NA
Manta Tow (LTMP),Knife Reef (18-081),KNIFE REEF,18-081,TO,Central,_,9,2025,2025,2025-05-15,0.5013683328639978,0.4753362734248443,-0.026032059439153543,0.1203964299381361,0.3382493759584744,0,NA,NA,NA,NA,50.1,47.5,-2.6,12,0,NA
Manta Tow (LTMP),Little Kelso Reef (18-031),LITTLE KELSO REEF,18-031,TO,Central,_,9,2025,2025,2025-05-25,0.2593795555950857,0.25152592413660374,-0.007853631458481947,0.03354058304273408,0.15316359933132082,0,NA,b,NA,aerial bl 4,25.9,25.2,-0.8,3.4,0,NA
Manta Tow (LTMP),Rib Reef (18-032),RIB REEF,18-032,TO,Central,_,9,2025,2025,2025-05-26,0.22933144596221472,0.30018660366923877,0.07085515770702405,0.03100127600651839,0.11474078283487739,0,NA,NA,NA,NA,22.9,30,7.1,3.1,0,NA
